<?xml version="1.0" encoding="UTF-8"?>
<osm version="0.6" generator="Overpass API 0.7.62.8 e802775f">
<note>The data included in this document is from www.openstreetmap.org. The data is made available under ODbL.</note>
<meta osm_base="2025-10-23T16:40:36Z" areas="2025-10-23T08:56:18Z"/>

  <node id="135581301" lat="53.0030790" lon="-0.9973307" version="7" timestamp="2025-04-22T16:07:07Z" changeset="165293740" uid="5229644" user="Nathan_A_RF"/>
  <node id="137549416" lat="53.0246856" lon="-1.0318098" version="2" timestamp="2017-02-05T23:55:43Z" changeset="45842470" uid="2762871" user="Sam888"/>
  <node id="150543352" lat="53.0051109" lon="-1.0343532" version="9" timestamp="2020-09-18T15:26:40Z" changeset="91120522" uid="705850" user="Cebderby"/>
  <node id="175806155" lat="53.0045109" lon="-0.9984361" version="4" timestamp="2025-04-22T16:07:07Z" changeset="165293740" uid="5229644" user="Nathan_A_RF"/>
  <node id="279556950" lat="53.0059674" lon="-0.9986391" version="6" timestamp="2024-11-19T20:46:37Z" changeset="159341850" uid="6714692" user="Fingrmouse"/>
  <node id="422509242" lat="53.0241445" lon="-1.0291339" version="2" timestamp="2025-04-22T16:08:23Z" changeset="165293786" uid="5229644" user="Nathan_A_RF"/>
  <node id="475023795" lat="53.0148113" lon="-0.9910789" version="6" timestamp="2024-11-06T11:23:31Z" changeset="158813821" uid="6714692" user="Fingrmouse"/>
  <node id="659252366" lat="53.0055038" lon="-0.9996154" version="4" timestamp="2021-01-08T22:22:14Z" changeset="97192953" uid="115894" user="DaveF"/>
  <node id="1253234570" lat="53.0240187" lon="-1.0286337" version="2" timestamp="2024-05-20T19:44:02Z" changeset="151597724" uid="6714692" user="Fingrmouse"/>
  <node id="2193376777" lat="53.0117783" lon="-0.9978216" version="2" timestamp="2024-11-21T19:40:02Z" changeset="159432251" uid="6714692" user="Fingrmouse"/>
  <node id="3413440059" lat="53.0040366" lon="-1.0088962" version="2" timestamp="2015-12-13T22:16:26Z" changeset="35934807" uid="207845" user="will_p"/>
  <node id="3934892165" lat="53.0071191" lon="-0.9948978" version="2" timestamp="2016-05-10T19:03:03Z" changeset="39225094" uid="2762871" user="Sam888"/>
  <node id="4177019377" lat="53.0044541" lon="-0.9985423" version="1" timestamp="2016-05-10T18:53:46Z" changeset="39225094" uid="2762871" user="Sam888"/>
  <way id="14310422" version="19" timestamp="2025-04-22T16:07:07Z" changeset="165293740" uid="5229644" user="Nathan_A_RF">
    <nd ref="135581301"/>
    <nd ref="12776625324"/>
    <nd ref="12776625323"/>
    <nd ref="12776625320"/>
    <nd ref="4177019377"/>
    <tag k="dual_carriageway" v="yes"/>
    <tag k="highway" v="trunk"/>
    <tag k="lanes" v="2"/>
    <tag k="lit" v="yes"/>
    <tag k="maxspeed" v="50 mph"/>
    <tag k="name" v="Lowdham Road"/>
    <tag k="oneway" v="yes"/>
    <tag k="ref" v="A6097"/>
  </way>
  <way id="14311215" version="31" timestamp="2025-08-18T10:56:25Z" changeset="170609750" uid="21990187" user="MarkoŠatrak">
    <nd ref="421689304"/>
    <nd ref="12362309472"/>
    <nd ref="12357865445"/>
    <nd ref="12362309317"/>
    <nd ref="12362309327"/>
    <nd ref="421689305"/>
    <nd ref="12362309325"/>
    <nd ref="12362309329"/>
    <nd ref="12357865444"/>
    <nd ref="12362309462"/>
    <nd ref="12362309460"/>
    <nd ref="12362309466"/>
    <nd ref="421689306"/>
    <nd ref="12362309459"/>
    <nd ref="12357865443"/>
    <nd ref="12357865442"/>
    <nd ref="12362309468"/>
    <nd ref="7920686929"/>
    <nd ref="12357865441"/>
    <nd ref="421689308"/>
    <nd ref="12357865974"/>
    <nd ref="7920686913"/>
    <nd ref="12357865965"/>
    <nd ref="7920686938"/>
    <nd ref="12357865926"/>
    <nd ref="135581295"/>
    <tag k="cycleway:both" v="no"/>
    <tag k="highway" v="tertiary"/>
    <tag k="lit" v="yes"/>
    <tag k="maxspeed" v="30 mph"/>
    <tag k="maxweightrating:hgv" v="7.5"/>
    <tag k="maxweightrating:hgv:conditional" v="none @ destination"/>
    <tag k="name" v="Ton Lane East"/>
    <tag k="source" v="NPE"/>
    <tag k="surface" v="asphalt"/>
  </way>
  <way id="15462134" version="12" timestamp="2024-11-20T10:44:33Z" changeset="159360043" uid="6714692" user="Fingrmouse">
    <nd ref="137549487"/>
    <nd ref="2194587235"/>
    <nd ref="2193379205"/>
    <nd ref="2194587216"/>
    <nd ref="135581300"/>
    <nd ref="12357865590"/>
    <nd ref="2193379203"/>
    <tag k="highway" v="trunk"/>
    <tag k="junction" v="roundabout"/>
    <tag k="lane_markings" v="no"/>
    <tag k="lit" v="yes"/>
    <tag k="maxspeed" v="50 mph"/>
  </way>
  <way id="15727176" version="45" timestamp="2025-04-22T15:53:47Z" changeset="165293108" uid="5229644" user="Nathan_A_RF">
    <nd ref="321002573"/>
    <nd ref="12347072362"/>
    <nd ref="9003081725"/>
    <nd ref="9003069092"/>
    <nd ref="9003069112"/>
    <nd ref="503671148"/>
    <nd ref="12347072021"/>
    <nd ref="12347072022"/>
    <nd ref="7907888847"/>
    <nd ref="475025591"/>
    <nd ref="8403627678"/>
    <nd ref="2193376790"/>
    <nd ref="12362653447"/>
    <nd ref="157252194"/>
    <nd ref="12362653444"/>
    <nd ref="658772931"/>
    <nd ref="12362653439"/>
    <nd ref="658772933"/>
    <nd ref="12362653430"/>
    <nd ref="12362653428"/>
    <nd ref="2193376784"/>
    <nd ref="486566369"/>
    <nd ref="2193376777"/>
    <tag k="highway" v="primary"/>
    <tag k="lit" v="yes"/>
    <tag k="maxspeed" v="30 mph"/>
    <tag k="name" v="Southwell Road"/>
    <tag k="ref" v="A612"/>
    <tag k="source" v="GPS"/>
    <tag k="source:name" v="NaPTAN"/>
  </way>
  <way id="15727592" version="16" timestamp="2025-04-22T16:07:07Z" changeset="165293740" uid="5229644" user="Nathan_A_RF">
    <nd ref="137549468"/>
    <nd ref="4177020794"/>
    <nd ref="157252190"/>
    <tag k="highway" v="primary"/>
    <tag k="lit" v="yes"/>
    <tag k="maxspeed" v="50 mph"/>
    <tag k="name" v="Southwell Road"/>
    <tag k="oneway" v="yes"/>
    <tag k="ref" v="A612"/>
    <tag k="source:maxspeed" v="survey"/>
    <tag k="source:name" v="NaPTAN"/>
  </way>
  <way id="16316199" version="12" timestamp="2025-04-22T16:07:07Z" changeset="165293740" uid="5229644" user="Nathan_A_RF">
    <nd ref="137549482"/>
    <nd ref="12357865593"/>
    <nd ref="167197254"/>
    <tag k="highway" v="primary"/>
    <tag k="lit" v="yes"/>
    <tag k="maxspeed" v="50 mph"/>
    <tag k="name" v="Nottingham Road"/>
    <tag k="oneway" v="yes"/>
    <tag k="ref" v="A612"/>
    <tag k="source:maxspeed" v="survey"/>
    <tag k="source:name" v="NapTAN"/>
    <tag k="surface" v="asphalt"/>
  </way>
  <way id="25645510" version="27" timestamp="2025-08-18T10:56:25Z" changeset="170609750" uid="21990187" user="MarkoŠatrak">
    <nd ref="321002573"/>
    <nd ref="12347072363"/>
    <nd ref="12347072361"/>
    <nd ref="482685618"/>
    <nd ref="12347072360"/>
    <nd ref="12347072563"/>
    <nd ref="482687393"/>
    <nd ref="12347072566"/>
    <nd ref="482688655"/>
    <nd ref="12347072359"/>
    <nd ref="482689131"/>
    <nd ref="12347072392"/>
    <nd ref="12347072399"/>
    <nd ref="321002570"/>
    <nd ref="12347072406"/>
    <nd ref="12347072400"/>
    <nd ref="482690790"/>
    <nd ref="12347072408"/>
    <nd ref="12347072411"/>
    <nd ref="9003069082"/>
    <nd ref="482692555"/>
    <nd ref="321002569"/>
    <nd ref="12347072437"/>
    <nd ref="482689888"/>
    <nd ref="279557163"/>
    <nd ref="482689539"/>
    <nd ref="12356626215"/>
    <nd ref="3166585765"/>
    <nd ref="279557164"/>
    <nd ref="12356626221"/>
    <nd ref="279556950"/>
    <tag k="highway" v="tertiary"/>
    <tag k="lit" v="yes"/>
    <tag k="maxspeed" v="30 mph"/>
    <tag k="maxweightrating:hgv" v="7.5"/>
    <tag k="maxweightrating:hgv:conditional" v="none @ destination"/>
    <tag k="name" v="Station Road"/>
    <tag k="oneway" v="no"/>
    <tag k="source:name" v="survey"/>
    <tag k="surface" v="asphalt"/>
  </way>
  <way id="29429772" version="30" timestamp="2025-08-18T10:56:30Z" changeset="170609750" uid="21990187" user="MarkoŠatrak">
    <nd ref="422509242"/>
    <nd ref="10129584334"/>
    <nd ref="10129584335"/>
    <nd ref="10129584336"/>
    <nd ref="10129584337"/>
    <nd ref="11990956715"/>
    <nd ref="324348462"/>
    <tag k="cycleway:both" v="no"/>
    <tag k="highway" v="tertiary_link"/>
    <tag k="lane_markings" v="no"/>
    <tag k="lit" v="yes"/>
    <tag k="maxspeed" v="50 mph"/>
    <tag k="maxspeed:type" v="sign"/>
    <tag k="maxweightrating:hgv" v="7.5"/>
    <tag k="maxweightrating:hgv:conditional" v="none @ destination"/>
    <tag k="oneway" v="yes"/>
    <tag k="sidewalk" v="left"/>
    <tag k="sidewalk:left:surface" v="asphalt"/>
    <tag k="smoothness" v="intermediate"/>
    <tag k="source" v="View from W"/>
    <tag k="surface" v="asphalt"/>
  </way>
  <way id="36103890" version="20" timestamp="2025-08-18T10:56:30Z" changeset="170609750" uid="21990187" user="MarkoŠatrak">
    <nd ref="150543340"/>
    <nd ref="7920686918"/>
    <nd ref="7920686919"/>
    <nd ref="7777586683"/>
    <nd ref="498406592"/>
    <nd ref="7920686923"/>
    <nd ref="150543341"/>
    <nd ref="498407383"/>
    <nd ref="7920686914"/>
    <nd ref="150543342"/>
    <nd ref="421689311"/>
    <nd ref="7920686920"/>
    <nd ref="6521656243"/>
    <nd ref="150543343"/>
    <nd ref="7920686936"/>
    <nd ref="8018024342"/>
    <nd ref="150543344"/>
    <nd ref="8018024343"/>
    <nd ref="8018024344"/>
    <nd ref="427668604"/>
    <nd ref="8018024345"/>
    <nd ref="7920686943"/>
    <nd ref="8018024346"/>
    <nd ref="6566028382"/>
    <nd ref="8018024347"/>
    <nd ref="498404461"/>
    <nd ref="8018024348"/>
    <nd ref="8018024349"/>
    <nd ref="4666423950"/>
    <nd ref="8018024350"/>
    <nd ref="4666423953"/>
    <nd ref="8018024351"/>
    <nd ref="150543346"/>
    <nd ref="8018024352"/>
    <nd ref="1033459738"/>
    <tag k="highway" v="tertiary"/>
    <tag k="lit" v="yes"/>
    <tag k="maxspeed" v="30 mph"/>
    <tag k="maxweightrating:hgv" v="7.5"/>
    <tag k="maxweightrating:hgv:conditional" v="none @ destination"/>
    <tag k="name" v="Lambley Lane"/>
    <tag k="sidewalk" v="left"/>
    <tag k="source" v="GPS"/>
  </way>
  <way id="36103893" version="15" timestamp="2025-08-18T10:56:30Z" changeset="170609750" uid="21990187" user="MarkoŠatrak">
    <nd ref="7308937846"/>
    <nd ref="137561580"/>
    <nd ref="7920686944"/>
    <nd ref="421689312"/>
    <nd ref="2179116721"/>
    <nd ref="7920686939"/>
    <nd ref="137561584"/>
    <nd ref="7920686924"/>
    <nd ref="7920686941"/>
    <nd ref="150543340"/>
    <tag k="cycleway:both" v="no"/>
    <tag k="highway" v="tertiary"/>
    <tag k="lit" v="yes"/>
    <tag k="maxspeed" v="30 mph"/>
    <tag k="maxweightrating:hgv" v="7.5"/>
    <tag k="maxweightrating:hgv:conditional" v="none @ destination"/>
    <tag k="name" v="Ton Lane West"/>
    <tag k="not:name" v="Ton Lane"/>
    <tag k="source" v="GPS"/>
    <tag k="source:name" v="survey"/>
    <tag k="surface" v="asphalt"/>
  </way>
  <way id="36103900" version="28" timestamp="2025-08-18T10:56:30Z" changeset="170609750" uid="21990187" user="MarkoŠatrak">
    <nd ref="12347072362"/>
    <nd ref="12357866043"/>
    <nd ref="6797118605"/>
    <nd ref="429378836"/>
    <nd ref="12357865473"/>
    <nd ref="429378837"/>
    <nd ref="12362308711"/>
    <nd ref="421689313"/>
    <nd ref="12362308713"/>
    <nd ref="12357865472"/>
    <nd ref="12357865471"/>
    <nd ref="12362654348"/>
    <nd ref="12357865470"/>
    <nd ref="429378838"/>
    <nd ref="12362654383"/>
    <nd ref="429378839"/>
    <nd ref="429378840"/>
    <nd ref="12357865460"/>
    <nd ref="421689314"/>
    <nd ref="12362309072"/>
    <nd ref="12357865457"/>
    <nd ref="12362308992"/>
    <nd ref="5763546007"/>
    <nd ref="12362309032"/>
    <nd ref="5763546010"/>
    <nd ref="12362309076"/>
    <nd ref="429378843"/>
    <nd ref="12357865456"/>
    <nd ref="12362309068"/>
    <nd ref="429378845"/>
    <nd ref="7644066623"/>
    <nd ref="7644066609"/>
    <nd ref="421689315"/>
    <nd ref="2364380150"/>
    <nd ref="12364826293"/>
    <nd ref="7986490235"/>
    <nd ref="12364826297"/>
    <nd ref="12362309277"/>
    <nd ref="429486684"/>
    <nd ref="12357865447"/>
    <nd ref="12357865446"/>
    <nd ref="12364858552"/>
    <nd ref="12362309315"/>
    <nd ref="429378846"/>
    <nd ref="8367568846"/>
    <nd ref="421689304"/>
    <tag k="highway" v="tertiary"/>
    <tag k="lit" v="yes"/>
    <tag k="maxspeed" v="30 mph"/>
    <tag k="maxweightrating:hgv" v="7.5"/>
    <tag k="maxweightrating:hgv:conditional" v="none @ destination"/>
    <tag k="name" v="Main Street"/>
    <tag k="oneway" v="no"/>
    <tag k="source" v="GPS"/>
    <tag k="source:name" v="survey"/>
    <tag k="surface" v="asphalt"/>
  </way>
  <way id="36103910" version="4" timestamp="2013-02-28T23:24:17Z" changeset="15203528" uid="508" user="Welshie">
    <nd ref="421689322"/>
    <nd ref="498412684"/>
    <nd ref="429378947"/>
    <nd ref="421689323"/>
    <tag k="highway" v="unclassified"/>
    <tag k="name" v="Church Lane"/>
    <tag k="source" v="NPE"/>
  </way>
  <way id="36103911" version="3" timestamp="2020-01-10T11:28:09Z" changeset="79415258" uid="9196089" user="hemasvn">
    <nd ref="421689324"/>
    <nd ref="7122040324"/>
    <nd ref="421689311"/>
    <tag k="highway" v="unclassified"/>
    <tag k="name" v="Church Lane"/>
    <tag k="source" v="NPE"/>
  </way>
  <way id="36103912" version="6" timestamp="2020-01-10T11:28:09Z" changeset="79415258" uid="9196089" user="hemasvn">
    <nd ref="421689324"/>
    <nd ref="429378967"/>
    <nd ref="421689323"/>
    <tag k="bridge" v="yes"/>
    <tag k="highway" v="unclassified"/>
    <tag k="name" v="Church Lane"/>
    <tag k="source" v="NPE"/>
  </way>
  <way id="36103913" version="4" timestamp="2020-09-18T15:26:40Z" changeset="91120522" uid="705850" user="Cebderby">
    <nd ref="421689325"/>
    <nd ref="421689326"/>
    <nd ref="421689327"/>
    <nd ref="7642903630"/>
    <nd ref="7920686945"/>
    <nd ref="150543340"/>
    <tag k="highway" v="residential"/>
    <tag k="name" v="Red Lane"/>
    <tag k="source" v="NPE"/>
    <tag k="source:name" v="OS OpenData StreetView"/>
  </way>
  <way id="36103914" version="5" timestamp="2022-05-24T02:06:43Z" changeset="121395481" uid="15273343" user="nacharyu">
    <nd ref="421689328"/>
    <nd ref="498416428"/>
    <nd ref="7920686940"/>
    <nd ref="421689312"/>
    <tag k="highway" v="residential"/>
    <tag k="name" v="Plough Lane"/>
    <tag k="source:name" v="survey"/>
  </way>
  <way id="36103915" version="9" timestamp="2022-06-20T11:18:09Z" changeset="122617480" uid="11528842" user="di4tu2">
    <nd ref="1727430800"/>
    <nd ref="6870720409"/>
    <nd ref="7006810926"/>
    <nd ref="421689329"/>
    <nd ref="9019668726"/>
    <nd ref="6782583231"/>
    <nd ref="421689330"/>
    <nd ref="7305300581"/>
    <nd ref="421689331"/>
    <nd ref="421689332"/>
    <nd ref="421689333"/>
    <nd ref="421689334"/>
    <nd ref="421689335"/>
    <nd ref="421689336"/>
    <nd ref="1727431126"/>
    <nd ref="421689309"/>
    <tag k="highway" v="unclassified"/>
    <tag k="note" v="visitors access to HMP Lowdham"/>
    <tag k="source" v="NPE"/>
  </way>
  <way id="36785197" version="17" timestamp="2025-08-18T10:56:30Z" changeset="170609750" uid="21990187" user="MarkoŠatrak">
    <nd ref="421689304"/>
    <nd ref="12362309474"/>
    <nd ref="12362309477"/>
    <nd ref="429378873"/>
    <nd ref="12362309480"/>
    <nd ref="12362309645"/>
    <nd ref="429378874"/>
    <nd ref="12373646534"/>
    <nd ref="12362310025"/>
    <nd ref="429486683"/>
    <nd ref="12362310022"/>
    <nd ref="482706414"/>
    <nd ref="421689317"/>
    <nd ref="12362310043"/>
    <nd ref="12373646978"/>
    <nd ref="12362310050"/>
    <nd ref="12362310058"/>
    <nd ref="429378876"/>
    <nd ref="12373646970"/>
    <nd ref="12373646975"/>
    <nd ref="12357865949"/>
    <nd ref="421689318"/>
    <nd ref="482706922"/>
    <nd ref="429378877"/>
    <tag k="highway" v="tertiary"/>
    <tag k="lit" v="yes"/>
    <tag k="maxweightrating:hgv" v="7.5"/>
    <tag k="maxweightrating:hgv:conditional" v="none @ destination"/>
    <tag k="name" v="Main Street"/>
    <tag k="source" v="GPS"/>
    <tag k="source:name" v="survey"/>
  </way>
  <way id="36785198" version="8" timestamp="2025-04-22T16:07:07Z" changeset="165293740" uid="5229644" user="Nathan_A_RF">
    <nd ref="421689303"/>
    <nd ref="137549449"/>
    <nd ref="3934651032"/>
    <nd ref="4177019370"/>
    <tag k="dual_carriageway" v="yes"/>
    <tag k="highway" v="trunk"/>
    <tag k="lit" v="yes"/>
    <tag k="maxspeed" v="50 mph"/>
    <tag k="name" v="Epperstone By-Pass"/>
    <tag k="oneway" v="yes"/>
    <tag k="ref" v="A6097"/>
    <tag k="source" v="GPS;survey"/>
  </way>
  <way id="36785199" version="11" timestamp="2025-04-22T16:07:07Z" changeset="165293740" uid="5229644" user="Nathan_A_RF">
    <nd ref="135581295"/>
    <nd ref="12357865583"/>
    <nd ref="431347391"/>
    <nd ref="4177019381"/>
    <tag k="dual_carriageway" v="yes"/>
    <tag k="highway" v="trunk"/>
    <tag k="lanes" v="2"/>
    <tag k="lit" v="yes"/>
    <tag k="maxspeed" v="50 mph"/>
    <tag k="name" v="Epperstone By-Pass"/>
    <tag k="oneway" v="yes"/>
    <tag k="ref" v="A6097"/>
    <tag k="sidewalk" v="left"/>
    <tag k="source" v="survey"/>
    <tag k="source:maxspeed" v="survey"/>
  </way>
  <way id="36921642" version="3" timestamp="2024-11-21T19:40:02Z" changeset="159432251" uid="6714692" user="Fingrmouse">
    <nd ref="429378847"/>
    <nd ref="12362654146"/>
    <nd ref="429378848"/>
    <nd ref="429378849"/>
    <tag k="highway" v="residential"/>
    <tag k="name" v="Morleys Close"/>
    <tag k="source" v="GPS"/>
  </way>
  <way id="36921643" version="5" timestamp="2024-11-21T19:40:02Z" changeset="159432251" uid="6714692" user="Fingrmouse">
    <nd ref="429378848"/>
    <nd ref="12362654138"/>
    <nd ref="12362654135"/>
    <nd ref="12362654064"/>
    <nd ref="12362654142"/>
    <nd ref="429378850"/>
    <nd ref="12362654144"/>
    <nd ref="12362654062"/>
    <nd ref="12362654335"/>
    <nd ref="12362654332"/>
    <nd ref="12362654065"/>
    <nd ref="12362654345"/>
    <nd ref="421689313"/>
    <tag k="highway" v="residential"/>
    <tag k="maxspeed" v="30 mph"/>
    <tag k="name" v="Morleys Close"/>
    <tag k="note" v="no apostrophe on street sign"/>
    <tag k="oneway" v="no"/>
    <tag k="source" v="GPS"/>
  </way>
  <way id="36921644" version="5" timestamp="2024-11-21T17:42:08Z" changeset="159426338" uid="6714692" user="Fingrmouse">
    <nd ref="12357865468"/>
    <nd ref="12357865469"/>
    <nd ref="429378853"/>
    <nd ref="12357865467"/>
    <nd ref="429378839"/>
    <tag k="highway" v="residential"/>
    <tag k="maxspeed" v="30 mph"/>
    <tag k="name" v="The Corner"/>
    <tag k="oneway" v="no"/>
    <tag k="source" v="GPS"/>
  </way>
  <way id="36921645" version="5" timestamp="2024-11-21T19:40:02Z" changeset="159432251" uid="6714692" user="Fingrmouse">
    <nd ref="12357865464"/>
    <nd ref="12357865463"/>
    <nd ref="429378854"/>
    <nd ref="12362654407"/>
    <nd ref="429378855"/>
    <nd ref="12362654405"/>
    <nd ref="12357865462"/>
    <nd ref="12362654399"/>
    <nd ref="12357865461"/>
    <nd ref="429378856"/>
    <nd ref="429378840"/>
    <tag k="highway" v="residential"/>
    <tag k="maxspeed" v="30 mph"/>
    <tag k="name" v="Prospect Villas"/>
    <tag k="oneway" v="no"/>
    <tag k="source" v="GPS"/>
  </way>
  <way id="36921646" version="5" timestamp="2024-11-21T17:42:08Z" changeset="159426338" uid="6714692" user="Fingrmouse">
    <nd ref="429378857"/>
    <nd ref="12362308918"/>
    <nd ref="12362308916"/>
    <nd ref="12362308914"/>
    <nd ref="12357865458"/>
    <nd ref="429378858"/>
    <nd ref="429378859"/>
    <tag k="highway" v="residential"/>
    <tag k="maxspeed" v="30 mph"/>
    <tag k="name" v="Brookside"/>
    <tag k="oneway" v="no"/>
    <tag k="source" v="GPS"/>
  </way>
  <way id="36921647" version="4" timestamp="2024-11-20T10:44:33Z" changeset="159360043" uid="6714692" user="Fingrmouse">
    <nd ref="429378861"/>
    <nd ref="12357865905"/>
    <nd ref="12357865904"/>
    <nd ref="421689314"/>
    <tag k="designation" v="public_footpath"/>
    <tag k="highway" v="residential"/>
    <tag k="maxspeed" v="30 mph"/>
    <tag k="name" v="Neighbours Lane"/>
    <tag k="oneway" v="no"/>
    <tag k="source" v="GPS"/>
  </way>
  <way id="36921648" version="5" timestamp="2024-11-21T19:40:02Z" changeset="159432251" uid="6714692" user="Fingrmouse">
    <nd ref="429378862"/>
    <nd ref="12362654616"/>
    <nd ref="12362654511"/>
    <nd ref="429378863"/>
    <nd ref="8384645529"/>
    <nd ref="12362654499"/>
    <nd ref="429378864"/>
    <nd ref="429378843"/>
    <tag k="highway" v="residential"/>
    <tag k="maxspeed" v="30 mph"/>
    <tag k="name" v="Cranleigh Drive"/>
    <tag k="oneway" v="no"/>
    <tag k="source" v="GPS"/>
  </way>
  <way id="36921649" version="9" timestamp="2025-02-02T11:38:53Z" changeset="162042235" uid="95856" user="⇄ john paul jones &amp; gringo">
    <nd ref="429378865"/>
    <nd ref="5763546012"/>
    <nd ref="429378866"/>
    <nd ref="5763546018"/>
    <nd ref="5763546017"/>
    <nd ref="429378867"/>
    <nd ref="5763546016"/>
    <nd ref="429378868"/>
    <nd ref="5763546015"/>
    <nd ref="429378865"/>
    <tag k="addr:city" v="Nottingham"/>
    <tag k="addr:country" v="GB"/>
    <tag k="addr:housenumber" v="38"/>
    <tag k="addr:postcode" v="NG14 7AG"/>
    <tag k="addr:street" v="Main Street"/>
    <tag k="addr:suburb" v="Lowdham"/>
    <tag k="brand" v="Co-op Food"/>
    <tag k="brand:wikidata" v="Q3277439"/>
    <tag k="building" v="yes"/>
    <tag k="check_date" v="2024-07-15"/>
    <tag k="check_date:opening_hours" v="2024-07-15"/>
    <tag k="name" v="Co-op Food"/>
    <tag k="opening_hours" v="Mo-Su 07:00-22:00"/>
    <tag k="operator" v="The Co-operative Group"/>
    <tag k="operator:wikidata" v="Q117202"/>
    <tag k="ref:GB:uprn" v="100032099894"/>
    <tag k="shop" v="supermarket"/>
    <tag k="source" v="survey"/>
    <tag k="source:addr" v="FHRS Open Data"/>
    <tag k="website" v="https://www.coop.co.uk/store-finder/NG14-7AG/38-main-street"/>
  </way>
  <way id="36921651" version="5" timestamp="2024-11-22T12:33:14Z" changeset="159456955" uid="6714692" user="Fingrmouse">
    <nd ref="429378879"/>
    <nd ref="12364858560"/>
    <nd ref="12364858558"/>
    <nd ref="429378880"/>
    <nd ref="429378846"/>
    <tag k="highway" v="residential"/>
    <tag k="maxspeed" v="30 mph"/>
    <tag k="name" v="Blackthorn Drive"/>
    <tag k="not:name" v="Blackthorne Drive"/>
    <tag k="note" v="streetsign checked again"/>
    <tag k="oneway" v="no"/>
    <tag k="source" v="GPS"/>
    <tag k="source:name" v="survey"/>
  </way>
  <way id="36921652" version="7" timestamp="2024-11-25T13:11:12Z" changeset="159573006" uid="6714692" user="Fingrmouse">
    <nd ref="429378881"/>
    <nd ref="12373646485"/>
    <nd ref="12373646446"/>
    <nd ref="2010789434"/>
    <nd ref="12373646443"/>
    <nd ref="7323048024"/>
    <nd ref="12364859143"/>
    <nd ref="12373646567"/>
    <nd ref="429378882"/>
    <nd ref="12364859188"/>
    <nd ref="12373646594"/>
    <nd ref="12364859190"/>
    <nd ref="12364859187"/>
    <nd ref="429378873"/>
    <tag k="highway" v="residential"/>
    <tag k="maxspeed" v="30 mph"/>
    <tag k="name" v="Francklin Road"/>
    <tag k="oneway" v="no"/>
    <tag k="source" v="GPS"/>
  </way>
  <way id="36921653" version="6" timestamp="2024-11-25T13:11:12Z" changeset="159573006" uid="6714692" user="Fingrmouse">
    <nd ref="429378883"/>
    <nd ref="12364858661"/>
    <nd ref="12364858889"/>
    <nd ref="12364858663"/>
    <nd ref="12364858668"/>
    <nd ref="12364858660"/>
    <nd ref="12364858665"/>
    <nd ref="12364858885"/>
    <nd ref="12364858887"/>
    <nd ref="12364859267"/>
    <nd ref="429378884"/>
    <nd ref="429378885"/>
    <nd ref="12364859233"/>
    <nd ref="12364859231"/>
    <nd ref="12364859229"/>
    <nd ref="12373646406"/>
    <nd ref="429378881"/>
    <nd ref="12373646408"/>
    <nd ref="429378886"/>
    <nd ref="12373646410"/>
    <nd ref="429378887"/>
    <nd ref="12373646887"/>
    <nd ref="12362653802"/>
    <nd ref="12373646885"/>
    <nd ref="429378888"/>
    <nd ref="12373646883"/>
    <nd ref="12373646881"/>
    <nd ref="429378889"/>
    <tag k="highway" v="residential"/>
    <tag k="maxspeed" v="30 mph"/>
    <tag k="name" v="Francklin Road"/>
    <tag k="oneway" v="no"/>
    <tag k="source" v="GPS"/>
  </way>
  <way id="36921654" version="5" timestamp="2024-11-22T12:33:14Z" changeset="159456955" uid="6714692" user="Fingrmouse">
    <nd ref="429378892"/>
    <nd ref="12364859514"/>
    <nd ref="12364859563"/>
    <nd ref="12364859508"/>
    <nd ref="12364859565"/>
    <nd ref="12362653805"/>
    <nd ref="12364859567"/>
    <nd ref="12364859504"/>
    <nd ref="12364859569"/>
    <nd ref="12364859502"/>
    <nd ref="12362653804"/>
    <nd ref="12364859582"/>
    <nd ref="12364859500"/>
    <nd ref="12364859584"/>
    <nd ref="12364859425"/>
    <nd ref="12364859586"/>
    <nd ref="12364859427"/>
    <nd ref="12364859588"/>
    <nd ref="12362653803"/>
    <nd ref="12364859429"/>
    <nd ref="12364859590"/>
    <nd ref="12364859432"/>
    <nd ref="12364859592"/>
    <nd ref="12364859434"/>
    <nd ref="12364859594"/>
    <nd ref="12364859596"/>
    <nd ref="12364859598"/>
    <nd ref="429378889"/>
    <tag k="highway" v="residential"/>
    <tag k="maxspeed" v="30 mph"/>
    <tag k="name" v="Ridge Hill"/>
    <tag k="oneway" v="no"/>
    <tag k="source" v="GPS"/>
  </way>
  <way id="36921655" version="6" timestamp="2024-11-25T13:11:12Z" changeset="159573006" uid="6714692" user="Fingrmouse">
    <nd ref="429378893"/>
    <nd ref="12364859063"/>
    <nd ref="12364859061"/>
    <nd ref="429378894"/>
    <nd ref="12364859059"/>
    <nd ref="429378895"/>
    <nd ref="12364859055"/>
    <nd ref="12364858812"/>
    <nd ref="12364858810"/>
    <nd ref="429378896"/>
    <nd ref="12364859051"/>
    <nd ref="429378897"/>
    <nd ref="12362653818"/>
    <nd ref="12364859047"/>
    <nd ref="429378898"/>
    <nd ref="429378899"/>
    <nd ref="12364859044"/>
    <nd ref="12364858845"/>
    <nd ref="12364859042"/>
    <nd ref="12364859040"/>
    <nd ref="12364858843"/>
    <nd ref="12373646369"/>
    <nd ref="429378900"/>
    <nd ref="12364858881"/>
    <nd ref="12364858883"/>
    <nd ref="429378901"/>
    <nd ref="429378885"/>
    <tag k="highway" v="residential"/>
    <tag k="maxspeed" v="30 mph"/>
    <tag k="name" v="Barker Hill"/>
    <tag k="oneway" v="no"/>
    <tag k="source" v="GPS"/>
  </way>
  <way id="36921656" version="5" timestamp="2024-11-22T12:33:14Z" changeset="159456955" uid="6714692" user="Fingrmouse">
    <nd ref="429378902"/>
    <nd ref="12364858960"/>
    <nd ref="429378904"/>
    <nd ref="12364858967"/>
    <nd ref="12364858962"/>
    <nd ref="12364858964"/>
    <nd ref="12364858969"/>
    <nd ref="12364858971"/>
    <nd ref="429378905"/>
    <nd ref="429378894"/>
    <tag k="highway" v="residential"/>
    <tag k="maxspeed" v="30 mph"/>
    <tag k="name" v="Barker Hill"/>
    <tag k="oneway" v="no"/>
    <tag k="source" v="GPS"/>
  </way>
  <way id="36921657" version="4" timestamp="2024-11-21T19:40:02Z" changeset="159432251" uid="6714692" user="Fingrmouse">
    <nd ref="429378906"/>
    <nd ref="12362653808"/>
    <nd ref="429378907"/>
    <nd ref="12362653807"/>
    <nd ref="429378908"/>
    <nd ref="429378898"/>
    <tag k="highway" v="residential"/>
    <tag k="maxspeed" v="30 mph"/>
    <tag k="name" v="Barker Hill"/>
    <tag k="oneway" v="no"/>
    <tag k="source" v="GPS"/>
  </way>
  <way id="36921662" version="7" timestamp="2024-11-21T17:42:08Z" changeset="159426338" uid="6714692" user="Fingrmouse">
    <nd ref="482707521"/>
    <nd ref="482707522"/>
    <nd ref="12362309692"/>
    <nd ref="12362309798"/>
    <nd ref="12362309775"/>
    <nd ref="482707523"/>
    <nd ref="12362309777"/>
    <nd ref="12362309779"/>
    <nd ref="482707524"/>
    <nd ref="482707525"/>
    <nd ref="12362309693"/>
    <nd ref="12362309704"/>
    <nd ref="12362309708"/>
    <nd ref="482707526"/>
    <nd ref="12362309706"/>
    <nd ref="12362309694"/>
    <nd ref="482707527"/>
    <nd ref="12362309695"/>
    <nd ref="12362309896"/>
    <nd ref="482707528"/>
    <nd ref="12362309696"/>
    <nd ref="12362309854"/>
    <nd ref="12362309898"/>
    <nd ref="12362309856"/>
    <nd ref="12362309914"/>
    <nd ref="12362309838"/>
    <nd ref="12362309832"/>
    <nd ref="12362309912"/>
    <nd ref="12362309824"/>
    <nd ref="12362309934"/>
    <nd ref="482707529"/>
    <nd ref="12362309697"/>
    <nd ref="12362309932"/>
    <nd ref="482707530"/>
    <nd ref="12362309944"/>
    <nd ref="12362309698"/>
    <nd ref="12362309699"/>
    <nd ref="482707531"/>
    <nd ref="12362309700"/>
    <nd ref="12362309998"/>
    <nd ref="482707521"/>
    <nd ref="12362309994"/>
    <nd ref="12362309691"/>
    <nd ref="12362309996"/>
    <nd ref="12362309992"/>
    <nd ref="429378932"/>
    <nd ref="12362309988"/>
    <nd ref="12362309690"/>
    <nd ref="12362309990"/>
    <nd ref="429378874"/>
    <tag k="highway" v="residential"/>
    <tag k="maxspeed" v="30 mph"/>
    <tag k="name" v="The Priors"/>
    <tag k="oneway" v="no"/>
    <tag k="source" v="survey"/>
  </way>
  <way id="36921663" version="4" timestamp="2024-11-21T18:03:46Z" changeset="159427869" uid="6714692" user="Fingrmouse">
    <nd ref="429378933"/>
    <nd ref="2364380145"/>
    <nd ref="12362363041"/>
    <nd ref="429378878"/>
    <tag k="highway" v="residential"/>
    <tag k="maxspeed" v="30 mph"/>
    <tag k="name" v="The Leys"/>
    <tag k="oneway" v="no"/>
    <tag k="source" v="Bing"/>
    <tag k="source:name" v="survey"/>
  </way>
  <way id="36933583" version="5" timestamp="2024-11-25T13:11:12Z" changeset="159573006" uid="6714692" user="Fingrmouse">
    <nd ref="429378889"/>
    <nd ref="12373646879"/>
    <nd ref="12373646877"/>
    <nd ref="12364859437"/>
    <nd ref="12373646875"/>
    <nd ref="12373646873"/>
    <nd ref="12364859439"/>
    <nd ref="12373646871"/>
    <nd ref="12364859485"/>
    <nd ref="12364859487"/>
    <nd ref="12373646868"/>
    <nd ref="12373646866"/>
    <nd ref="12364859489"/>
    <nd ref="12373646863"/>
    <nd ref="12364859491"/>
    <nd ref="429378891"/>
    <tag k="highway" v="residential"/>
    <tag k="maxspeed" v="30 mph"/>
    <tag k="name" v="Ridge Hill"/>
    <tag k="oneway" v="no"/>
    <tag k="source" v="GPS"/>
  </way>
  <way id="36933585" version="4" timestamp="2024-11-21T17:42:08Z" changeset="159426338" uid="6714692" user="Fingrmouse">
    <nd ref="429378859"/>
    <nd ref="12362308904"/>
    <nd ref="12362308966"/>
    <nd ref="12362308878"/>
    <nd ref="12357865459"/>
    <nd ref="429378860"/>
    <nd ref="421689314"/>
    <tag k="designation" v="public_footpath"/>
    <tag k="highway" v="residential"/>
    <tag k="maxspeed" v="30 mph"/>
    <tag k="name" v="Brookside"/>
    <tag k="oneway" v="no"/>
    <tag k="source" v="GPS"/>
  </way>
  <way id="36933587" version="17" timestamp="2025-08-18T10:56:30Z" changeset="170609750" uid="21990187" user="MarkoŠatrak">
    <nd ref="429378877"/>
    <nd ref="12365806742"/>
    <nd ref="12365806740"/>
    <nd ref="12365806741"/>
    <nd ref="421689319"/>
    <nd ref="7060289518"/>
    <nd ref="429378878"/>
    <nd ref="12365806624"/>
    <nd ref="3958784890"/>
    <nd ref="12357865686"/>
    <nd ref="427668608"/>
    <nd ref="12365806522"/>
    <nd ref="12357865687"/>
    <nd ref="12365806526"/>
    <nd ref="421689320"/>
    <nd ref="12357865688"/>
    <nd ref="12365806519"/>
    <nd ref="12357865689"/>
    <nd ref="3934651033"/>
    <nd ref="12357865690"/>
    <nd ref="421689321"/>
    <nd ref="2010926541"/>
    <nd ref="12330892085"/>
    <nd ref="3934651032"/>
    <tag k="highway" v="tertiary"/>
    <tag k="lit" v="yes"/>
    <tag k="maxspeed" v="30 mph"/>
    <tag k="maxweightrating:hgv" v="7.5"/>
    <tag k="maxweightrating:hgv:conditional" v="none @ destination"/>
    <tag k="name" v="Epperstone Road"/>
    <tag k="oneway" v="no"/>
    <tag k="source" v="GPS"/>
    <tag k="source:name" v="survey"/>
  </way>
  <way id="37090201" version="8" timestamp="2025-04-22T16:07:07Z" changeset="165293740" uid="5229644" user="Nathan_A_RF">
    <nd ref="431347395"/>
    <nd ref="4177019354"/>
    <nd ref="431347455"/>
    <nd ref="4666423952"/>
    <tag k="dual_carriageway" v="yes"/>
    <tag k="highway" v="trunk"/>
    <tag k="lit" v="yes"/>
    <tag k="maxspeed" v="50 mph"/>
    <tag k="name" v="Epperstone By-Pass"/>
    <tag k="oneway" v="yes"/>
    <tag k="ref" v="A6097"/>
    <tag k="source" v="GPS;survey"/>
  </way>
  <way id="37090202" version="7" timestamp="2025-04-22T16:07:07Z" changeset="165293740" uid="5229644" user="Nathan_A_RF">
    <nd ref="431347454"/>
    <nd ref="4177019371"/>
    <nd ref="4177020790"/>
    <nd ref="11923170555"/>
    <nd ref="421689303"/>
    <tag k="dual_carriageway" v="yes"/>
    <tag k="highway" v="trunk"/>
    <tag k="lane_markings" v="no"/>
    <tag k="maxspeed" v="50 mph"/>
    <tag k="name" v="Epperstone By-Pass"/>
    <tag k="oneway" v="yes"/>
    <tag k="ref" v="A6097"/>
    <tag k="source" v="GPS;survey"/>
  </way>
  <way id="39630764" version="10" timestamp="2024-11-13T19:22:53Z" changeset="159104418" uid="6714692" user="Fingrmouse">
    <nd ref="475025643"/>
    <nd ref="12334666954"/>
    <nd ref="12334666953"/>
    <nd ref="12334667168"/>
    <nd ref="12334667085"/>
    <nd ref="12334667166"/>
    <nd ref="12334666952"/>
    <nd ref="482690159"/>
    <nd ref="12334667083"/>
    <nd ref="12334666951"/>
    <nd ref="12334667080"/>
    <nd ref="12334666950"/>
    <nd ref="6556676132"/>
    <nd ref="12337735197"/>
    <nd ref="12334666949"/>
    <nd ref="6556676123"/>
    <nd ref="12334666948"/>
    <nd ref="12337735195"/>
    <nd ref="12334666947"/>
    <nd ref="12334667021"/>
    <nd ref="12334666946"/>
    <nd ref="12337816792"/>
    <nd ref="482690162"/>
    <nd ref="12337816794"/>
    <nd ref="12334666945"/>
    <nd ref="482690166"/>
    <nd ref="12337816796"/>
    <nd ref="12337816798"/>
    <nd ref="12334667004"/>
    <nd ref="12337816800"/>
    <nd ref="12337816802"/>
    <nd ref="12334666944"/>
    <nd ref="482690169"/>
    <nd ref="482689996"/>
    <nd ref="12337816804"/>
    <nd ref="482689998"/>
    <nd ref="12337816808"/>
    <nd ref="12334667139"/>
    <nd ref="7936100035"/>
    <nd ref="12337816810"/>
    <nd ref="12334667142"/>
    <nd ref="12334666943"/>
    <nd ref="12334667145"/>
    <nd ref="12334666942"/>
    <nd ref="12337816846"/>
    <nd ref="12334666941"/>
    <nd ref="475025647"/>
    <nd ref="12334666940"/>
    <nd ref="2364380114"/>
    <nd ref="12337816843"/>
    <nd ref="12334623390"/>
    <nd ref="475025591"/>
    <tag k="highway" v="residential"/>
    <tag k="maxspeed" v="30 mph"/>
    <tag k="name" v="Old Tannery Drive"/>
    <tag k="oneway" v="no"/>
  </way>
  <way id="39652710" version="8" timestamp="2024-11-25T13:11:12Z" changeset="159573006" uid="6714692" user="Fingrmouse">
    <nd ref="475345306"/>
    <nd ref="12373646680"/>
    <nd ref="12373646674"/>
    <nd ref="12373646669"/>
    <nd ref="12373646672"/>
    <nd ref="12373646671"/>
    <nd ref="12373646782"/>
    <nd ref="8367568856"/>
    <nd ref="12373646785"/>
    <nd ref="475345307"/>
    <nd ref="8367568855"/>
    <nd ref="8367568854"/>
    <nd ref="2364380119"/>
    <nd ref="12373646509"/>
    <nd ref="12373646515"/>
    <nd ref="8367568853"/>
    <nd ref="8367568852"/>
    <nd ref="482706414"/>
    <tag k="foot" v="yes"/>
    <tag k="highway" v="residential"/>
    <tag k="maxspeed" v="30 mph"/>
    <tag k="name" v="Nursery Gardens"/>
    <tag k="note" v="seems to be mis-spelt on OSSV &amp; Locator, my photo of the streetsign has the third last letter painted out, suggesting that the council got it wrong too"/>
    <tag k="oneway" v="no"/>
  </way>
  <way id="39652711" version="5" timestamp="2024-11-13T19:22:53Z" changeset="159104418" uid="6714692" user="Fingrmouse">
    <nd ref="475345308"/>
    <nd ref="12337735172"/>
    <nd ref="12337735179"/>
    <nd ref="12337735170"/>
    <nd ref="12334666960"/>
    <nd ref="12334666959"/>
    <nd ref="482690159"/>
    <tag k="highway" v="residential"/>
    <tag k="maxspeed" v="30 mph"/>
    <tag k="name" v="Old Tannery Drive"/>
    <tag k="oneway" v="no"/>
  </way>
  <way id="40102818" version="22" timestamp="2024-11-20T10:44:33Z" changeset="159360043" uid="6714692" user="Fingrmouse">
    <nd ref="167197254"/>
    <nd ref="498416192"/>
    <nd ref="167197256"/>
    <nd ref="3696787896"/>
    <nd ref="3696787895"/>
    <nd ref="3696787892"/>
    <nd ref="3696787889"/>
    <nd ref="2364380122"/>
    <nd ref="3696787881"/>
    <nd ref="1524710769"/>
    <nd ref="167201382"/>
    <nd ref="498413560"/>
    <nd ref="3413440059"/>
    <tag k="highway" v="primary"/>
    <tag k="lanes" v="2"/>
    <tag k="lit" v="yes"/>
    <tag k="maxspeed" v="40 mph"/>
    <tag k="name" v="Nottingham Road"/>
    <tag k="ref" v="A612"/>
    <tag k="shoulder" v="no"/>
    <tag k="source:maxspeed" v="survey"/>
    <tag k="source:name" v="NapTAN"/>
    <tag k="surface" v="asphalt"/>
  </way>
  <way id="40103715" version="5" timestamp="2025-04-22T16:07:07Z" changeset="165293740" uid="5229644" user="Nathan_A_RF">
    <nd ref="12776625327"/>
    <nd ref="482685617"/>
    <nd ref="12347072530"/>
    <nd ref="12347072536"/>
    <nd ref="12347072531"/>
    <nd ref="12347072538"/>
    <nd ref="12347072532"/>
    <nd ref="12347072542"/>
    <nd ref="12347072533"/>
    <nd ref="12347072545"/>
    <nd ref="482685618"/>
    <tag k="highway" v="residential"/>
    <tag k="maxspeed" v="30 mph"/>
    <tag k="name" v="Nottingham Road"/>
    <tag k="oneway" v="no"/>
    <tag k="surface" v="asphalt"/>
  </way>
  <way id="40103732" version="3" timestamp="2024-11-17T00:13:13Z" changeset="159226274" uid="6714692" user="Fingrmouse">
    <nd ref="482686357"/>
    <nd ref="12347072054"/>
    <nd ref="12347072056"/>
    <nd ref="482686654"/>
    <nd ref="482686358"/>
    <tag k="highway" v="residential"/>
    <tag k="name" v="Willow Holt"/>
  </way>
  <way id="40103735" version="4" timestamp="2024-11-17T00:13:13Z" changeset="159226274" uid="6714692" user="Fingrmouse">
    <nd ref="482686635"/>
    <nd ref="482686642"/>
    <nd ref="12347072027"/>
    <nd ref="12347071509"/>
    <nd ref="12347072025"/>
    <nd ref="12347071508"/>
    <nd ref="12347071507"/>
    <nd ref="482686644"/>
    <nd ref="12347072029"/>
    <nd ref="12347071506"/>
    <nd ref="12347071505"/>
    <nd ref="12347072032"/>
    <nd ref="482686647"/>
    <nd ref="12347072035"/>
    <nd ref="482686651"/>
    <nd ref="12347072046"/>
    <nd ref="12347072037"/>
    <nd ref="12347072044"/>
    <nd ref="12347072039"/>
    <nd ref="12347071504"/>
    <nd ref="12347072042"/>
    <nd ref="12347071503"/>
    <nd ref="482686654"/>
    <tag k="highway" v="residential"/>
    <tag k="maxspeed" v="30 mph"/>
    <tag k="name" v="Merevale Close"/>
    <tag k="oneway" v="no"/>
  </way>
  <way id="40103761" version="3" timestamp="2024-11-17T00:13:13Z" changeset="159226274" uid="6714692" user="Fingrmouse">
    <nd ref="482687392"/>
    <nd ref="12347071521"/>
    <nd ref="12347071510"/>
    <nd ref="482686635"/>
    <nd ref="12347071529"/>
    <nd ref="12347071531"/>
    <nd ref="12347071533"/>
    <nd ref="482687393"/>
    <tag k="highway" v="residential"/>
    <tag k="maxspeed" v="30 mph"/>
    <tag k="name" v="Merevale Close"/>
    <tag k="oneway" v="no"/>
  </way>
  <way id="40103804" version="3" timestamp="2024-11-17T00:13:13Z" changeset="159226274" uid="6714692" user="Fingrmouse">
    <nd ref="482688655"/>
    <nd ref="12347071535"/>
    <nd ref="482688657"/>
    <nd ref="482688659"/>
    <nd ref="12347071896"/>
    <nd ref="12347071911"/>
    <nd ref="12347071899"/>
    <nd ref="12347071901"/>
    <nd ref="12347071603"/>
    <nd ref="12347071539"/>
    <nd ref="12347071601"/>
    <nd ref="12347071903"/>
    <nd ref="12347071599"/>
    <nd ref="12347071905"/>
    <nd ref="12347071597"/>
    <nd ref="12347071907"/>
    <nd ref="12347071909"/>
    <nd ref="482688664"/>
    <nd ref="482688666"/>
    <nd ref="482688669"/>
    <nd ref="12347071541"/>
    <nd ref="482688673"/>
    <nd ref="12347071543"/>
    <nd ref="12347071595"/>
    <nd ref="12347071545"/>
    <nd ref="12347071593"/>
    <nd ref="482688675"/>
    <nd ref="12347071547"/>
    <nd ref="482688677"/>
    <nd ref="482688679"/>
    <nd ref="12347071549"/>
    <nd ref="12347071538"/>
    <nd ref="482688681"/>
    <nd ref="12347071552"/>
    <nd ref="12347071555"/>
    <nd ref="12347071558"/>
    <nd ref="12347071586"/>
    <nd ref="12347071560"/>
    <nd ref="12347071584"/>
    <nd ref="12347071537"/>
    <nd ref="12347071582"/>
    <nd ref="12347071563"/>
    <nd ref="12347071580"/>
    <nd ref="12347071565"/>
    <nd ref="482688683"/>
    <nd ref="12347071536"/>
    <nd ref="12347071567"/>
    <nd ref="482688685"/>
    <nd ref="12347071570"/>
    <nd ref="482688689"/>
    <nd ref="12347071574"/>
    <nd ref="12347071625"/>
    <nd ref="12347071578"/>
    <nd ref="12347071576"/>
    <nd ref="482688659"/>
    <tag k="highway" v="residential"/>
    <tag k="maxspeed" v="30 mph"/>
    <tag k="name" v="Lime Tree Gardens"/>
    <tag k="oneway" v="no"/>
  </way>
  <way id="40103817" version="4" timestamp="2024-11-17T00:13:13Z" changeset="159226274" uid="6714692" user="Fingrmouse">
    <nd ref="482689128"/>
    <nd ref="482689129"/>
    <nd ref="12347072379"/>
    <nd ref="12347072376"/>
    <nd ref="12347072368"/>
    <nd ref="12347072370"/>
    <nd ref="12347072366"/>
    <nd ref="12347072372"/>
    <nd ref="12347072381"/>
    <nd ref="12347072384"/>
    <nd ref="12347072365"/>
    <nd ref="12347072386"/>
    <nd ref="12347072388"/>
    <nd ref="12347072364"/>
    <nd ref="2364380116"/>
    <nd ref="12347072391"/>
    <nd ref="482689131"/>
    <tag k="highway" v="residential"/>
    <tag k="maxspeed" v="30 mph"/>
    <tag k="name" v="Victoria Avenue"/>
    <tag k="oneway" v="no"/>
  </way>
  <way id="40103853" version="3" timestamp="2024-11-17T00:13:13Z" changeset="159226274" uid="6714692" user="Fingrmouse">
    <nd ref="482689535"/>
    <nd ref="12347072449"/>
    <nd ref="12347072446"/>
    <nd ref="12347072451"/>
    <nd ref="12347072453"/>
    <nd ref="12347072455"/>
    <nd ref="482689536"/>
    <nd ref="12347072444"/>
    <nd ref="482689537"/>
    <nd ref="12347072443"/>
    <nd ref="12347072459"/>
    <nd ref="482689538"/>
    <nd ref="12347072461"/>
    <nd ref="12347072442"/>
    <nd ref="12347072463"/>
    <nd ref="12347072441"/>
    <nd ref="12347072440"/>
    <nd ref="482689539"/>
    <tag k="highway" v="residential"/>
    <tag k="maxspeed" v="30 mph"/>
    <tag k="name" v="The Orchards"/>
    <tag k="oneway" v="no"/>
  </way>
  <way id="40103959" version="5" timestamp="2024-11-19T20:46:37Z" changeset="159341850" uid="6714692" user="Fingrmouse">
    <nd ref="482689888"/>
    <nd ref="482689886"/>
    <nd ref="482689885"/>
    <nd ref="12356626206"/>
    <nd ref="482689884"/>
    <nd ref="6313254038"/>
    <nd ref="6313254041"/>
    <nd ref="12337817282"/>
    <nd ref="482689881"/>
    <nd ref="12337817284"/>
    <nd ref="12337817286"/>
    <nd ref="482689876"/>
    <nd ref="12337817288"/>
    <nd ref="482689873"/>
    <nd ref="6313254042"/>
    <tag k="highway" v="residential"/>
    <tag k="maxspeed" v="30 mph"/>
    <tag k="name" v="The Sidings"/>
    <tag k="oneway" v="no"/>
  </way>
  <way id="40104157" version="4" timestamp="2024-11-13T19:22:53Z" changeset="159104418" uid="6714692" user="Fingrmouse">
    <nd ref="482690356"/>
    <nd ref="12337816553"/>
    <nd ref="12337816081"/>
    <nd ref="12337816082"/>
    <nd ref="12337816744"/>
    <nd ref="12337816741"/>
    <nd ref="12337816739"/>
    <nd ref="12337816080"/>
    <nd ref="12337816079"/>
    <nd ref="482690358"/>
    <nd ref="482690359"/>
    <nd ref="12337816078"/>
    <nd ref="12337816991"/>
    <nd ref="12337816077"/>
    <nd ref="12337816994"/>
    <nd ref="482690361"/>
    <nd ref="482690362"/>
    <nd ref="12337816967"/>
    <nd ref="482690364"/>
    <nd ref="12337816729"/>
    <nd ref="12337816064"/>
    <nd ref="12337816727"/>
    <nd ref="482690366"/>
    <nd ref="12337816964"/>
    <nd ref="12337816065"/>
    <nd ref="482690368"/>
    <nd ref="482690370"/>
    <nd ref="12337816066"/>
    <nd ref="12337816731"/>
    <nd ref="12337816067"/>
    <tag k="highway" v="residential"/>
    <tag k="maxspeed" v="30 mph"/>
    <tag k="name" v="Newton Close"/>
    <tag k="oneway" v="no"/>
  </way>
  <way id="40104238" version="3" timestamp="2024-11-13T19:22:53Z" changeset="159104418" uid="6714692" user="Fingrmouse">
    <nd ref="482690674"/>
    <nd ref="12337816915"/>
    <nd ref="482690675"/>
    <nd ref="482690676"/>
    <tag k="highway" v="residential"/>
    <tag k="name" v="Newton Close"/>
  </way>
  <way id="40104267" version="3" timestamp="2024-11-13T19:22:53Z" changeset="159104418" uid="6714692" user="Fingrmouse">
    <nd ref="482690701"/>
    <nd ref="12337816126"/>
    <nd ref="12337816109"/>
    <nd ref="12337816124"/>
    <nd ref="12337816108"/>
    <nd ref="12337816107"/>
    <nd ref="482690702"/>
    <nd ref="12337816110"/>
    <nd ref="482690703"/>
    <nd ref="12337816104"/>
    <nd ref="12337816129"/>
    <nd ref="12337816131"/>
    <nd ref="12337816106"/>
    <nd ref="12337816105"/>
    <nd ref="12337816489"/>
    <nd ref="482690705"/>
    <nd ref="12337816487"/>
    <nd ref="12337816484"/>
    <nd ref="482690706"/>
    <nd ref="482690708"/>
    <nd ref="482690709"/>
    <nd ref="12337816563"/>
    <nd ref="12337816133"/>
    <nd ref="12337816100"/>
    <nd ref="12337816099"/>
    <nd ref="482690710"/>
    <tag k="highway" v="residential"/>
    <tag k="maxspeed" v="30 mph"/>
    <tag k="name" v="Lambourne Crescent"/>
    <tag k="oneway" v="no"/>
  </way>
  <way id="40104319" version="8" timestamp="2024-11-17T00:13:13Z" changeset="159226274" uid="6714692" user="Fingrmouse">
    <nd ref="482690790"/>
    <nd ref="482690791"/>
    <nd ref="12337817215"/>
    <nd ref="12337817217"/>
    <nd ref="12337817216"/>
    <nd ref="482690792"/>
    <nd ref="6538778080"/>
    <nd ref="482690793"/>
    <nd ref="12347071449"/>
    <nd ref="12337816262"/>
    <nd ref="12337817153"/>
    <nd ref="12337817150"/>
    <nd ref="482690795"/>
    <nd ref="12337816261"/>
    <nd ref="12337817071"/>
    <nd ref="482690823"/>
    <nd ref="2179116726"/>
    <nd ref="12337816257"/>
    <nd ref="482690825"/>
    <nd ref="12347071462"/>
    <nd ref="12337816256"/>
    <nd ref="12337816637"/>
    <nd ref="12337816640"/>
    <nd ref="482690827"/>
    <nd ref="12337816255"/>
    <nd ref="2179116722"/>
    <nd ref="12337816252"/>
    <nd ref="12337816251"/>
    <nd ref="12347071492"/>
    <nd ref="482690829"/>
    <nd ref="12347071494"/>
    <nd ref="12337816250"/>
    <nd ref="482690356"/>
    <nd ref="482690830"/>
    <nd ref="12337816556"/>
    <nd ref="482690831"/>
    <nd ref="12337816481"/>
    <nd ref="12337816083"/>
    <nd ref="12337816084"/>
    <nd ref="12337816476"/>
    <nd ref="12337816085"/>
    <nd ref="12337816473"/>
    <nd ref="482690832"/>
    <nd ref="12337816471"/>
    <nd ref="12337816469"/>
    <nd ref="12337816086"/>
    <nd ref="12337816561"/>
    <nd ref="12337816467"/>
    <nd ref="12337816559"/>
    <nd ref="482690710"/>
    <nd ref="12337816465"/>
    <nd ref="12337816087"/>
    <nd ref="12337816463"/>
    <nd ref="12337816136"/>
    <nd ref="12337816461"/>
    <nd ref="12337816088"/>
    <nd ref="12337816457"/>
    <nd ref="12337816089"/>
    <nd ref="12337816090"/>
    <nd ref="12337816091"/>
    <nd ref="12337816138"/>
    <nd ref="482690701"/>
    <nd ref="12337816140"/>
    <nd ref="12337816092"/>
    <nd ref="482690833"/>
    <nd ref="12337816093"/>
    <nd ref="12337816143"/>
    <nd ref="12337816094"/>
    <nd ref="12337816145"/>
    <nd ref="482690834"/>
    <nd ref="482690835"/>
    <nd ref="12337816147"/>
    <nd ref="12337816095"/>
    <nd ref="8348724006"/>
    <nd ref="482690836"/>
    <nd ref="482690837"/>
    <nd ref="12337816162"/>
    <nd ref="12337816097"/>
    <nd ref="12337816160"/>
    <nd ref="12337816096"/>
    <nd ref="482690838"/>
    <nd ref="12337816167"/>
    <nd ref="482690839"/>
    <tag k="highway" v="residential"/>
    <tag k="maxspeed" v="30 mph"/>
    <tag k="name" v="Blenheim Avenue"/>
    <tag k="oneway" v="no"/>
  </way>
  <way id="40104571" version="4" timestamp="2016-01-08T21:56:53Z" changeset="36454647" uid="161875" user="Willumm">
    <nd ref="482692065"/>
    <nd ref="482692070"/>
    <nd ref="3696787880"/>
    <nd ref="3696787878"/>
    <nd ref="3696787877"/>
    <nd ref="3696787876"/>
    <nd ref="3696787875"/>
    <nd ref="482692073"/>
    <tag k="highway" v="residential"/>
    <tag k="maxspeed" v="30 mph"/>
    <tag k="name" v="Pavilion Court"/>
    <tag k="oneway" v="no"/>
  </way>
  <way id="40104682" version="4" timestamp="2024-11-17T00:13:13Z" changeset="159226274" uid="6714692" user="Fingrmouse">
    <nd ref="482692553"/>
    <nd ref="12347072423"/>
    <nd ref="12347072420"/>
    <nd ref="12347072432"/>
    <nd ref="12347072425"/>
    <nd ref="12347072427"/>
    <nd ref="12347072419"/>
    <nd ref="12347072430"/>
    <nd ref="12347072435"/>
    <nd ref="12347072417"/>
    <nd ref="12347072418"/>
    <nd ref="12347072439"/>
    <nd ref="482692555"/>
    <tag k="highway" v="residential"/>
    <tag k="maxspeed" v="30 mph"/>
    <tag k="name" v="Longmoor Avenue"/>
    <tag k="oneway" v="no"/>
  </way>
  <way id="40106886" version="7" timestamp="2024-11-22T19:48:51Z" changeset="159473156" uid="6714692" user="Fingrmouse">
    <nd ref="482706920"/>
    <nd ref="12365806846"/>
    <nd ref="12365806849"/>
    <nd ref="2364380123"/>
    <nd ref="11947682332"/>
    <nd ref="482706922"/>
    <tag k="highway" v="residential"/>
    <tag k="maxspeed" v="30 mph"/>
    <tag k="name" v="Mount Pleasant"/>
    <tag k="oneway" v="no"/>
    <tag k="source" v="GPS"/>
    <tag k="source:name" v="survey"/>
  </way>
  <way id="40774008" version="6" timestamp="2022-05-04T11:19:19Z" changeset="120539019" uid="11528842" user="di4tu2">
    <nd ref="1727429870"/>
    <nd ref="1727431923"/>
    <nd ref="1727431924"/>
    <nd ref="1727431925"/>
    <nd ref="1727431926"/>
    <nd ref="1727431930"/>
    <nd ref="1727431935"/>
    <nd ref="495565279"/>
    <nd ref="429379006"/>
    <nd ref="495565282"/>
    <nd ref="495565286"/>
    <nd ref="495565292"/>
    <nd ref="495565287"/>
    <tag k="highway" v="unclassified"/>
  </way>
  <way id="40774023" version="6" timestamp="2022-05-04T11:19:19Z" changeset="120539019" uid="11528842" user="di4tu2">
    <nd ref="495565287"/>
    <nd ref="7920686928"/>
    <tag k="bridge" v="yes"/>
    <tag k="highway" v="unclassified"/>
    <tag k="layer" v="1"/>
  </way>
  <way id="40926006" version="3" timestamp="2019-09-16T10:14:42Z" changeset="74522745" uid="84075" user="kevjs1982">
    <nd ref="498413545"/>
    <nd ref="6494323820"/>
    <nd ref="498413546"/>
    <nd ref="498413548"/>
    <nd ref="498413550"/>
    <nd ref="498413552"/>
    <nd ref="6494323819"/>
    <nd ref="498413553"/>
    <nd ref="498413554"/>
    <nd ref="498413555"/>
    <nd ref="498413557"/>
    <nd ref="498413558"/>
    <nd ref="6799025821"/>
    <nd ref="498413560"/>
    <tag k="foot" v="yes"/>
    <tag k="highway" v="residential"/>
    <tag k="name" v="Skithorne Rise"/>
  </way>
  <way id="41220466" version="7" timestamp="2024-11-25T13:11:12Z" changeset="159573006" uid="6714692" user="Fingrmouse">
    <nd ref="503671142"/>
    <nd ref="12357866040"/>
    <nd ref="503671143"/>
    <tag k="highway" v="residential"/>
    <tag k="name" v="Charta Mews"/>
  </way>
  <way id="51555558" version="9" timestamp="2025-04-22T16:18:06Z" changeset="165294272" uid="5229644" user="Nathan_A_RF">
    <nd ref="659252289"/>
    <nd ref="12357865592"/>
    <nd ref="4177019386"/>
    <nd ref="4177019384"/>
    <nd ref="137549479"/>
    <tag k="dual_carriageway" v="yes"/>
    <tag k="highway" v="trunk"/>
    <tag k="lanes" v="2"/>
    <tag k="lit" v="no"/>
    <tag k="maxspeed" v="50 mph"/>
    <tag k="name" v="Lowdham Road"/>
    <tag k="oneway" v="yes"/>
    <tag k="ref" v="A6097"/>
    <tag k="shoulder" v="no"/>
    <tag k="source:maxspeed" v="survey"/>
  </way>
  <way id="51555562" version="6" timestamp="2025-04-22T16:18:06Z" changeset="165294272" uid="5229644" user="Nathan_A_RF">
    <nd ref="659252286"/>
    <nd ref="659252289"/>
    <tag k="bridge" v="yes"/>
    <tag k="dual_carriageway" v="yes"/>
    <tag k="highway" v="trunk"/>
    <tag k="layer" v="1"/>
    <tag k="lit" v="no"/>
    <tag k="maxspeed" v="50 mph"/>
    <tag k="name" v="Lowdham Road"/>
    <tag k="oneway" v="yes"/>
    <tag k="ref" v="A6097"/>
  </way>
  <way id="51555571" version="7" timestamp="2025-04-22T16:18:06Z" changeset="165294272" uid="5229644" user="Nathan_A_RF">
    <nd ref="659252366"/>
    <nd ref="175806155"/>
    <tag k="dual_carriageway" v="yes"/>
    <tag k="highway" v="trunk"/>
    <tag k="lanes" v="2"/>
    <tag k="lit" v="no"/>
    <tag k="maxspeed" v="50 mph"/>
    <tag k="name" v="Lowdham Road"/>
    <tag k="oneway" v="yes"/>
    <tag k="ref" v="A6097"/>
  </way>
  <way id="51555573" version="7" timestamp="2025-04-22T16:18:06Z" changeset="165294272" uid="5229644" user="Nathan_A_RF">
    <nd ref="659252364"/>
    <nd ref="659252366"/>
    <tag k="bridge" v="yes"/>
    <tag k="dual_carriageway" v="yes"/>
    <tag k="highway" v="trunk"/>
    <tag k="layer" v="1"/>
    <tag k="lit" v="no"/>
    <tag k="maxspeed" v="50 mph"/>
    <tag k="maxweight:signed" v="no"/>
    <tag k="name" v="Lowdham Road"/>
    <tag k="oneway" v="yes"/>
    <tag k="ref" v="A6097"/>
  </way>
  <way id="51749702" version="6" timestamp="2025-04-22T16:07:07Z" changeset="165293740" uid="5229644" user="Nathan_A_RF">
    <nd ref="167197254"/>
    <nd ref="4177019362"/>
    <nd ref="2194587188"/>
    <tag k="highway" v="primary"/>
    <tag k="lit" v="yes"/>
    <tag k="maxspeed" v="50 mph"/>
    <tag k="name" v="Nottingham Road"/>
    <tag k="oneway" v="yes"/>
    <tag k="ref" v="A612"/>
    <tag k="source:maxspeed" v="survey"/>
    <tag k="source:name" v="NapTAN"/>
    <tag k="surface" v="asphalt"/>
  </way>
  <way id="51749703" version="12" timestamp="2025-04-22T16:07:07Z" changeset="165293740" uid="5229644" user="Nathan_A_RF">
    <nd ref="157252190"/>
    <nd ref="4177019376"/>
    <nd ref="2193379201"/>
    <tag k="highway" v="primary"/>
    <tag k="lit" v="yes"/>
    <tag k="maxspeed" v="50 mph"/>
    <tag k="name" v="Southwell Road"/>
    <tag k="oneway" v="yes"/>
    <tag k="ref" v="A612"/>
    <tag k="source:maxspeed" v="survey"/>
    <tag k="source:name" v="NaPTAN"/>
  </way>
  <way id="84910777" version="3" timestamp="2024-12-19T22:48:47Z" changeset="160413395" uid="8857" user="philipcullen">
    <nd ref="985815672"/>
    <nd ref="985815682"/>
    <nd ref="12362654245"/>
    <nd ref="12362654247"/>
    <nd ref="12362654248"/>
    <nd ref="12362654246"/>
    <nd ref="985815689"/>
    <nd ref="985815695"/>
    <nd ref="12362654395"/>
    <nd ref="985815672"/>
    <tag k="amenity" v="place_of_worship"/>
    <tag k="building" v="church"/>
    <tag k="denomination" v="primitive_methodist"/>
    <tag k="name" v="Lowdham Independent Primitive Methodist Chapel"/>
    <tag k="ref:GB:uprn" v="10008170302"/>
    <tag k="religion" v="christian"/>
    <tag k="source" v="survey"/>
    <tag k="source:building" v="OS OpenData StreetView"/>
    <tag k="start_date" v="1844"/>
  </way>
  <way id="109487843" version="9" timestamp="2025-08-18T10:56:30Z" changeset="170609750" uid="21990187" user="MarkoŠatrak">
    <nd ref="1253234570"/>
    <nd ref="1253234573"/>
    <nd ref="11920493033"/>
    <nd ref="11920493034"/>
    <nd ref="11920493035"/>
    <nd ref="11920493036"/>
    <nd ref="1253234575"/>
    <nd ref="11920493032"/>
    <nd ref="11920493031"/>
    <nd ref="4177062671"/>
    <nd ref="1253234577"/>
    <tag k="cycleway:both" v="no"/>
    <tag k="highway" v="unclassified"/>
    <tag k="maxweightrating:hgv" v="7.5"/>
    <tag k="maxweightrating:hgv:conditional" v="none @ destination"/>
    <tag k="name" v="Lowdham Road"/>
    <tag k="source" v="GPS"/>
    <tag k="source:name" v="OS_OpenData_StreetView"/>
    <tag k="surface" v="asphalt"/>
  </way>
  <way id="160704753" version="2" timestamp="2012-09-30T23:03:44Z" changeset="13316238" uid="705850" user="Cebderby">
    <nd ref="1727429870"/>
    <nd ref="1727431541"/>
    <nd ref="1727431552"/>
    <nd ref="1727431557"/>
    <nd ref="1727431563"/>
    <nd ref="1727431570"/>
    <nd ref="1727431571"/>
    <nd ref="1727431599"/>
    <nd ref="1727431604"/>
    <nd ref="1727431611"/>
    <nd ref="1727431616"/>
    <tag k="highway" v="residential"/>
    <tag k="name" v="Hill Syke"/>
  </way>
  <way id="183661565" version="1" timestamp="2012-09-30T23:03:30Z" changeset="13316238" uid="705850" user="Cebderby">
    <nd ref="1940736773"/>
    <nd ref="1940736761"/>
    <nd ref="1727429916"/>
    <tag k="highway" v="residential"/>
  </way>
  <way id="183661598" version="2" timestamp="2019-11-24T20:40:36Z" changeset="77492298" uid="4948143" user="doublah">
    <nd ref="1940736797"/>
    <nd ref="7006810964"/>
    <nd ref="7006810965"/>
    <nd ref="7006810963"/>
    <nd ref="1940736735"/>
    <nd ref="1727430183"/>
    <tag k="highway" v="residential"/>
    <tag k="name" v="Long Meadow Hill"/>
  </way>
  <way id="183661600" version="2" timestamp="2019-11-24T20:40:36Z" changeset="77492298" uid="4948143" user="doublah">
    <nd ref="1940736835"/>
    <nd ref="1940736797"/>
    <nd ref="1940736707"/>
    <tag k="highway" v="residential"/>
    <tag k="name" v="Long Meadow Hill"/>
  </way>
  <way id="199012947" version="3" timestamp="2024-11-13T19:22:53Z" changeset="159104418" uid="6714692" user="Fingrmouse">
    <nd ref="482690675"/>
    <nd ref="12337816076"/>
    <nd ref="12337816075"/>
    <nd ref="12337816074"/>
    <nd ref="12337816073"/>
    <nd ref="12337816072"/>
    <nd ref="12337816071"/>
    <nd ref="482690362"/>
    <tag k="highway" v="residential"/>
    <tag k="maxspeed" v="30 mph"/>
    <tag k="name" v="Newton Close"/>
    <tag k="oneway" v="no"/>
  </way>
  <way id="207657316" version="3" timestamp="2024-11-13T19:22:53Z" changeset="159104418" uid="6714692" user="Fingrmouse">
    <nd ref="2179116725"/>
    <nd ref="12337817035"/>
    <nd ref="12337816260"/>
    <nd ref="12337816259"/>
    <nd ref="12337817037"/>
    <nd ref="12337816258"/>
    <nd ref="12337817039"/>
    <nd ref="2179116727"/>
    <nd ref="2179116726"/>
    <tag k="highway" v="residential"/>
    <tag k="maxspeed" v="30 mph"/>
    <tag k="name" v="Ross Close"/>
    <tag k="oneway" v="no"/>
    <tag k="source" v="OS_OpenData_StreetView"/>
  </way>
  <way id="207657318" version="3" timestamp="2024-11-17T00:13:13Z" changeset="159226274" uid="6714692" user="Fingrmouse">
    <nd ref="2179116720"/>
    <nd ref="12347071469"/>
    <nd ref="12347071501"/>
    <nd ref="12347071467"/>
    <nd ref="12347071465"/>
    <nd ref="482690827"/>
    <tag k="highway" v="residential"/>
    <tag k="maxspeed" v="30 mph"/>
    <tag k="name" v="Worcester Close"/>
    <tag k="oneway" v="no"/>
    <tag k="source" v="OS_OpenData_StreetView"/>
  </way>
  <way id="207657319" version="9" timestamp="2025-08-18T10:56:34Z" changeset="170609750" uid="21990187" user="MarkoŠatrak">
    <nd ref="279556950"/>
    <nd ref="9003069071"/>
    <nd ref="9003069063"/>
    <nd ref="279556980"/>
    <nd ref="482692073"/>
    <nd ref="279556981"/>
    <nd ref="3696787871"/>
    <nd ref="279557046"/>
    <nd ref="1524710955"/>
    <nd ref="175806155"/>
    <nd ref="4177019377"/>
    <tag k="highway" v="tertiary"/>
    <tag k="lit" v="yes"/>
    <tag k="maxspeed" v="30 mph"/>
    <tag k="maxweightrating:hgv" v="7.5"/>
    <tag k="maxweightrating:hgv:conditional" v="none @ destination"/>
    <tag k="name" v="Gunthorpe Road"/>
    <tag k="oneway" v="no"/>
    <tag k="source:name" v="survey"/>
  </way>
  <way id="207657320" version="1" timestamp="2013-02-28T23:24:15Z" changeset="15203528" uid="508" user="Welshie">
    <nd ref="2179116723"/>
    <nd ref="2179116724"/>
    <nd ref="2179116721"/>
    <tag k="highway" v="residential"/>
    <tag k="name" v="Stoney Bank"/>
    <tag k="source" v="OS_OpenData_StreetView"/>
  </way>
  <way id="207657321" version="3" timestamp="2024-11-13T19:22:53Z" changeset="159104418" uid="6714692" user="Fingrmouse">
    <nd ref="2179116729"/>
    <nd ref="12337816648"/>
    <nd ref="12337816254"/>
    <nd ref="12337816253"/>
    <nd ref="12337816644"/>
    <nd ref="2179116728"/>
    <nd ref="2179116722"/>
    <tag k="highway" v="residential"/>
    <tag k="maxspeed" v="30 mph"/>
    <tag k="name" v="Russet Close"/>
    <tag k="oneway" v="no"/>
    <tag k="source" v="OS_OpenData_StreetView"/>
  </way>
  <way id="227778418" version="3" timestamp="2024-11-21T18:03:46Z" changeset="159427869" uid="6714692" user="Fingrmouse">
    <nd ref="2364380128"/>
    <nd ref="12362313965"/>
    <nd ref="2364380145"/>
    <tag k="highway" v="residential"/>
    <tag k="maxspeed" v="30 mph"/>
    <tag k="name" v="The Leys"/>
    <tag k="oneway" v="no"/>
    <tag k="source" v="Bing"/>
    <tag k="source:name" v="survey"/>
  </way>
  <way id="227778419" version="2" timestamp="2024-11-12T14:04:33Z" changeset="159051864" uid="6714692" user="Fingrmouse">
    <nd ref="2364380147"/>
    <nd ref="12334667152"/>
    <nd ref="12334667150"/>
    <nd ref="2364380117"/>
    <nd ref="12334667148"/>
    <nd ref="2364380114"/>
    <tag k="highway" v="residential"/>
    <tag k="source" v="Bing"/>
  </way>
  <way id="227779527" version="3" timestamp="2025-02-02T11:12:13Z" changeset="162041382" uid="95856" user="⇄ john paul jones &amp; gringo">
    <nd ref="2364390400"/>
    <nd ref="2364390401"/>
    <nd ref="2364390404"/>
    <nd ref="2364390403"/>
    <nd ref="2364390400"/>
    <tag k="addr:city" v="Nottingham"/>
    <tag k="addr:country" v="GB"/>
    <tag k="addr:housenumber" v="1"/>
    <tag k="addr:postcode" v="NG14 7AB"/>
    <tag k="addr:street" v="Main Street"/>
    <tag k="addr:suburb" v="Lowdham"/>
    <tag k="building" v="yes"/>
    <tag k="name" v="Womens Institute"/>
    <tag k="ref:GB:uprn" v="100032099886"/>
    <tag k="source" v="survey"/>
    <tag k="source:addr" v="FHRS Open Data"/>
  </way>
  <way id="248899752" version="5" timestamp="2025-02-02T11:12:13Z" changeset="162041382" uid="95856" user="⇄ john paul jones &amp; gringo">
    <nd ref="2556148653"/>
    <nd ref="2556148668"/>
    <nd ref="12337817235"/>
    <nd ref="12337817234"/>
    <nd ref="12337817238"/>
    <nd ref="2556148654"/>
    <nd ref="12337817236"/>
    <nd ref="2556148655"/>
    <nd ref="2556148659"/>
    <nd ref="2556148660"/>
    <nd ref="12337817230"/>
    <nd ref="12337817231"/>
    <nd ref="12337817229"/>
    <nd ref="12337817228"/>
    <nd ref="12337817227"/>
    <nd ref="2556148667"/>
    <nd ref="12337817226"/>
    <nd ref="12337817225"/>
    <nd ref="2556148661"/>
    <nd ref="12337817224"/>
    <nd ref="2556148662"/>
    <nd ref="12337817222"/>
    <nd ref="12337817223"/>
    <nd ref="2556148653"/>
    <tag k="addr:city" v="Nottingham"/>
    <tag k="addr:country" v="GB"/>
    <tag k="addr:postcode" v="NG14 7DU"/>
    <tag k="addr:street" v="Station Road"/>
    <tag k="addr:suburb" v="Lowdham"/>
    <tag k="amenity" v="pub"/>
    <tag k="building" v="yes"/>
    <tag k="name" v="The Railway Inn"/>
    <tag k="ref:GB:uprn" v="200004243353"/>
  </way>
  <way id="334242107" version="16" timestamp="2025-04-22T16:28:50Z" changeset="165294683" uid="5229644" user="Nathan_A_RF">
    <nd ref="3413440059"/>
    <nd ref="167201384"/>
    <nd ref="3891009957"/>
    <nd ref="167201386"/>
    <nd ref="1524710585"/>
    <nd ref="6799025819"/>
    <nd ref="8083084717"/>
    <nd ref="167201387"/>
    <nd ref="1524710553"/>
    <nd ref="3890794658"/>
    <nd ref="6871405864"/>
    <nd ref="167201390"/>
    <nd ref="7941776390"/>
    <nd ref="3890794655"/>
    <nd ref="3890794654"/>
    <nd ref="6871405857"/>
    <nd ref="167201391"/>
    <tag k="highway" v="primary"/>
    <tag k="lanes" v="2"/>
    <tag k="lit" v="no"/>
    <tag k="maxspeed" v="50 mph"/>
    <tag k="maxspeed:type" v="sign"/>
    <tag k="name" v="Nottingham Road"/>
    <tag k="ref" v="A612"/>
    <tag k="shoulder" v="no"/>
    <tag k="source:name" v="NapTAN"/>
    <tag k="surface" v="asphalt"/>
  </way>
  <way id="365676261" version="1" timestamp="2015-08-14T12:01:32Z" changeset="33334821" uid="207845" user="will_p">
    <nd ref="482692070"/>
    <nd ref="3696787879"/>
    <tag k="highway" v="residential"/>
    <tag k="name" v="Pavilion Court"/>
  </way>
  <way id="388722201" version="12" timestamp="2025-04-22T15:53:47Z" changeset="165293108" uid="5229644" user="Nathan_A_RF">
    <nd ref="2193376777"/>
    <nd ref="9033845324"/>
    <nd ref="12362653420"/>
    <nd ref="12362649181"/>
    <nd ref="157252195"/>
    <nd ref="12318329993"/>
    <nd ref="6866877227"/>
    <nd ref="658772936"/>
    <nd ref="658772938"/>
    <nd ref="658772940"/>
    <nd ref="658772942"/>
    <nd ref="157252197"/>
    <nd ref="503666183"/>
    <nd ref="658772944"/>
    <nd ref="6537254110"/>
    <nd ref="658772946"/>
    <nd ref="2193376782"/>
    <nd ref="2193376781"/>
    <nd ref="2193376780"/>
    <nd ref="658772947"/>
    <nd ref="658772949"/>
    <nd ref="658772950"/>
    <nd ref="157252198"/>
    <nd ref="475023795"/>
    <nd ref="503674049"/>
    <nd ref="2193376785"/>
    <nd ref="12318329538"/>
    <nd ref="2193376779"/>
    <nd ref="2193376789"/>
    <nd ref="658771220"/>
    <nd ref="157252199"/>
    <nd ref="2193376778"/>
    <nd ref="2193376774"/>
    <nd ref="279555323"/>
    <nd ref="503672290"/>
    <nd ref="2193376775"/>
    <nd ref="495569455"/>
    <nd ref="495569762"/>
    <nd ref="157252200"/>
    <nd ref="2193376788"/>
    <nd ref="658771222"/>
    <nd ref="2193370564"/>
    <nd ref="2193370474"/>
    <nd ref="475023798"/>
    <nd ref="658771227"/>
    <nd ref="2193370515"/>
    <nd ref="157252201"/>
    <nd ref="658771229"/>
    <nd ref="658771231"/>
    <nd ref="2193370584"/>
    <nd ref="658771232"/>
    <nd ref="658771234"/>
    <nd ref="2193370476"/>
    <nd ref="658771235"/>
    <nd ref="2193370536"/>
    <nd ref="12318328860"/>
    <nd ref="6482388358"/>
    <nd ref="157252203"/>
    <tag k="highway" v="primary"/>
    <tag k="maxspeed" v="60 mph"/>
    <tag k="maxspeed:type" v="GB:nsl_single"/>
    <tag k="name" v="Southwell Road"/>
    <tag k="ref" v="A612"/>
    <tag k="source" v="GPS"/>
    <tag k="source:name" v="NaPTAN"/>
  </way>
  <way id="390312501" version="11" timestamp="2025-08-18T10:56:34Z" changeset="170609750" uid="21990187" user="MarkoŠatrak">
    <nd ref="3934651032"/>
    <nd ref="3934651035"/>
    <tag k="cycleway:both" v="no"/>
    <tag k="highway" v="tertiary"/>
    <tag k="lit" v="yes"/>
    <tag k="maxspeed" v="50 mph"/>
    <tag k="maxweightrating:hgv" v="7.5"/>
    <tag k="maxweightrating:hgv:conditional" v="none @ destination"/>
    <tag k="name" v="Epperstone Road"/>
    <tag k="sidewalk" v="no"/>
    <tag k="source" v="GPS"/>
    <tag k="source:name" v="survey"/>
    <tag k="surface" v="asphalt"/>
  </way>
  <way id="390332647" version="4" timestamp="2025-04-22T16:12:22Z" changeset="165293991" uid="5229644" user="Nathan_A_RF">
    <nd ref="3934892165"/>
    <nd ref="279556661"/>
    <nd ref="279556662"/>
    <nd ref="279556948"/>
    <nd ref="6907776753"/>
    <nd ref="279557004"/>
    <nd ref="279556950"/>
    <tag k="highway" v="tertiary"/>
    <tag k="maxspeed" v="30 mph"/>
    <tag k="name" v="Caythorpe Road"/>
    <tag k="source:name" v="OS OpenData StreetView"/>
  </way>
  <way id="417075953" version="7" timestamp="2025-04-22T16:07:07Z" changeset="165293740" uid="5229644" user="Nathan_A_RF">
    <nd ref="4177019383"/>
    <nd ref="12357865586"/>
    <nd ref="658999919"/>
    <nd ref="431347465"/>
    <nd ref="498415971"/>
    <nd ref="498415969"/>
    <nd ref="431347466"/>
    <tag k="dual_carriageway" v="yes"/>
    <tag k="highway" v="trunk"/>
    <tag k="lanes" v="2"/>
    <tag k="lit" v="no"/>
    <tag k="maxspeed" v="50 mph"/>
    <tag k="name" v="Epperstone By-Pass"/>
    <tag k="oneway" v="yes"/>
    <tag k="ref" v="A6097"/>
    <tag k="shoulder" v="no"/>
    <tag k="source" v="survey;GPS"/>
    <tag k="source:maxspeed" v="survey"/>
  </way>
  <way id="417075961" version="7" timestamp="2025-04-22T16:18:06Z" changeset="165294272" uid="5229644" user="Nathan_A_RF">
    <nd ref="137549477"/>
    <nd ref="4177019361"/>
    <nd ref="4177019360"/>
    <nd ref="4177019365"/>
    <nd ref="12357865591"/>
    <nd ref="659252364"/>
    <tag k="dual_carriageway" v="yes"/>
    <tag k="highway" v="trunk"/>
    <tag k="lanes" v="2"/>
    <tag k="lit" v="no"/>
    <tag k="maxspeed" v="50 mph"/>
    <tag k="name" v="Lowdham Road"/>
    <tag k="oneway" v="yes"/>
    <tag k="ref" v="A6097"/>
    <tag k="shoulder" v="no"/>
    <tag k="source:maxspeed" v="survey"/>
  </way>
  <way id="417080788" version="4" timestamp="2022-03-09T22:29:08Z" changeset="118296705" uid="242345" user="confusedbuffalo">
    <nd ref="4177041166"/>
    <nd ref="8367327601"/>
    <nd ref="8367327602"/>
    <nd ref="4177041173"/>
    <nd ref="4177041171"/>
    <nd ref="4177041176"/>
    <nd ref="4177041175"/>
    <nd ref="4177041167"/>
    <nd ref="4177041172"/>
    <tag k="highway" v="residential"/>
    <tag k="sidewalk" v="no"/>
  </way>
  <way id="417080793" version="9" timestamp="2025-08-18T10:56:34Z" changeset="170609750" uid="21990187" user="MarkoŠatrak">
    <nd ref="4177041164"/>
    <nd ref="4177041163"/>
    <nd ref="4177041179"/>
    <nd ref="4177041172"/>
    <nd ref="4177041178"/>
    <nd ref="4177041169"/>
    <nd ref="421398488"/>
    <nd ref="421398492"/>
    <nd ref="2076303972"/>
    <nd ref="7173931321"/>
    <nd ref="4177041174"/>
    <nd ref="421398495"/>
    <nd ref="6769269782"/>
    <nd ref="9040824222"/>
    <nd ref="421398498"/>
    <nd ref="4177041170"/>
    <nd ref="421398505"/>
    <nd ref="4177041168"/>
    <nd ref="421398509"/>
    <nd ref="7321199147"/>
    <nd ref="421398512"/>
    <nd ref="4177041180"/>
    <nd ref="421689309"/>
    <tag k="highway" v="unclassified"/>
    <tag k="maxweightrating:hgv" v="7.5"/>
    <tag k="maxweightrating:hgv:conditional" v="none @ destination"/>
    <tag k="name" v="Old Epperstone Road"/>
    <tag k="source" v="NPE"/>
    <tag k="source:name" v="survey"/>
  </way>
  <way id="465014997" version="2" timestamp="2024-11-22T12:33:14Z" changeset="159456955" uid="6714692" user="Fingrmouse">
    <nd ref="4600444587"/>
    <nd ref="4600444588"/>
    <nd ref="4600445989"/>
    <nd ref="4600445990"/>
    <nd ref="4600444587"/>
    <tag k="amenity" v="library"/>
    <tag k="building" v="yes"/>
    <tag k="name" v="Lowdham Library"/>
    <tag k="wikidata" v="Q53151938"/>
  </way>
  <way id="472427339" version="8" timestamp="2025-04-22T16:08:23Z" changeset="165293786" uid="5229644" user="Nathan_A_RF">
    <nd ref="1253234570"/>
    <nd ref="11922728770"/>
    <nd ref="11922728771"/>
    <nd ref="421398403"/>
    <nd ref="659000148"/>
    <nd ref="137549424"/>
    <tag k="highway" v="trunk"/>
    <tag k="lanes" v="2"/>
    <tag k="lit" v="yes"/>
    <tag k="maxspeed" v="50 mph"/>
    <tag k="name" v="Epperstone By-Pass"/>
    <tag k="ref" v="A6097"/>
    <tag k="shoulder" v="no"/>
    <tag k="sidewalk" v="no"/>
    <tag k="source" v="GPS"/>
  </way>
  <way id="472427690" version="7" timestamp="2024-05-21T18:50:14Z" changeset="151643068" uid="6714692" user="Fingrmouse">
    <nd ref="137549424"/>
    <nd ref="659000149"/>
    <nd ref="11922728896"/>
    <nd ref="4177041177"/>
    <nd ref="11923170547"/>
    <nd ref="137549428"/>
    <nd ref="11923170548"/>
    <nd ref="7566851503"/>
    <nd ref="659000150"/>
    <nd ref="11923170549"/>
    <nd ref="11923170550"/>
    <nd ref="4177041164"/>
    <nd ref="11923170551"/>
    <nd ref="137549432"/>
    <nd ref="11923170552"/>
    <nd ref="421398412"/>
    <tag k="highway" v="trunk"/>
    <tag k="lanes" v="2"/>
    <tag k="lit" v="no"/>
    <tag k="maxspeed" v="50 mph"/>
    <tag k="name" v="Epperstone By-Pass"/>
    <tag k="oneway" v="no"/>
    <tag k="ref" v="A6097"/>
    <tag k="shoulder" v="no"/>
    <tag k="source" v="GPS"/>
  </way>
  <way id="472429472" version="6" timestamp="2025-04-22T16:07:07Z" changeset="165293740" uid="5229644" user="Nathan_A_RF">
    <nd ref="421398412"/>
    <nd ref="11923170553"/>
    <nd ref="7260453731"/>
    <nd ref="658999996"/>
    <nd ref="6554522218"/>
    <nd ref="137549444"/>
    <nd ref="12331516597"/>
    <nd ref="12776625329"/>
    <nd ref="431347454"/>
    <tag k="highway" v="trunk"/>
    <tag k="lit" v="yes"/>
    <tag k="maxspeed" v="50 mph"/>
    <tag k="name" v="Epperstone By-Pass"/>
    <tag k="ref" v="A6097"/>
    <tag k="source" v="GPS"/>
  </way>
  <way id="472429473" version="5" timestamp="2025-04-22T16:07:07Z" changeset="165293740" uid="5229644" user="Nathan_A_RF">
    <nd ref="4177019381"/>
    <nd ref="431347392"/>
    <nd ref="12357865581"/>
    <nd ref="135581297"/>
    <nd ref="12357865582"/>
    <nd ref="12357865919"/>
    <nd ref="4177019378"/>
    <nd ref="12357865589"/>
    <nd ref="6797118585"/>
    <nd ref="4177019353"/>
    <nd ref="2193379203"/>
    <tag k="dual_carriageway" v="yes"/>
    <tag k="highway" v="trunk"/>
    <tag k="lanes" v="2"/>
    <tag k="lit" v="no"/>
    <tag k="maxspeed" v="50 mph"/>
    <tag k="name" v="Epperstone By-Pass"/>
    <tag k="oneway" v="yes"/>
    <tag k="ref" v="A6097"/>
    <tag k="shoulder" v="no"/>
    <tag k="source" v="survey"/>
    <tag k="source:maxspeed" v="survey"/>
  </way>
  <way id="472429475" version="4" timestamp="2025-04-22T16:07:07Z" changeset="165293740" uid="5229644" user="Nathan_A_RF">
    <nd ref="175806155"/>
    <nd ref="4177019373"/>
    <nd ref="12776625321"/>
    <nd ref="12776625325"/>
    <nd ref="12776625322"/>
    <nd ref="135581301"/>
    <tag k="dual_carriageway" v="yes"/>
    <tag k="highway" v="trunk"/>
    <tag k="lanes" v="2"/>
    <tag k="lit" v="yes"/>
    <tag k="maxspeed" v="50 mph"/>
    <tag k="name" v="Lowdham Road"/>
    <tag k="oneway" v="yes"/>
    <tag k="ref" v="A6097"/>
    <tag k="shoulder" v="no"/>
  </way>
  <way id="472429476" version="5" timestamp="2025-04-22T16:07:07Z" changeset="165293740" uid="5229644" user="Nathan_A_RF">
    <nd ref="4177019370"/>
    <nd ref="137549454"/>
    <nd ref="4177019372"/>
    <nd ref="137549458"/>
    <nd ref="12357865630"/>
    <nd ref="12357865629"/>
    <nd ref="4177020792"/>
    <nd ref="137549462"/>
    <nd ref="429378935"/>
    <nd ref="4177019358"/>
    <nd ref="4177020801"/>
    <nd ref="4177019359"/>
    <tag k="dual_carriageway" v="yes"/>
    <tag k="highway" v="trunk"/>
    <tag k="lanes" v="2"/>
    <tag k="lit" v="no"/>
    <tag k="maxspeed" v="50 mph"/>
    <tag k="name" v="Epperstone By-Pass"/>
    <tag k="oneway" v="yes"/>
    <tag k="ref" v="A6097"/>
    <tag k="source" v="GPS;survey"/>
  </way>
  <way id="472429477" version="3" timestamp="2025-04-22T16:07:07Z" changeset="165293740" uid="5229644" user="Nathan_A_RF">
    <nd ref="4666423952"/>
    <nd ref="4177019379"/>
    <nd ref="4177020789"/>
    <nd ref="431347456"/>
    <nd ref="4177019380"/>
    <nd ref="431347457"/>
    <nd ref="4177020799"/>
    <nd ref="4177020791"/>
    <nd ref="431347458"/>
    <nd ref="4177019368"/>
    <tag k="dual_carriageway" v="yes"/>
    <tag k="highway" v="trunk"/>
    <tag k="lit" v="no"/>
    <tag k="maxspeed" v="50 mph"/>
    <tag k="name" v="Epperstone By-Pass"/>
    <tag k="oneway" v="yes"/>
    <tag k="ref" v="A6097"/>
    <tag k="source" v="GPS;survey"/>
  </way>
  <way id="472429478" version="3" timestamp="2025-04-22T16:07:07Z" changeset="165293740" uid="5229644" user="Nathan_A_RF">
    <nd ref="431347466"/>
    <nd ref="12357865585"/>
    <nd ref="431347467"/>
    <nd ref="498416446"/>
    <nd ref="12357865584"/>
    <nd ref="431347468"/>
    <nd ref="431347395"/>
    <tag k="dual_carriageway" v="yes"/>
    <tag k="highway" v="trunk"/>
    <tag k="lanes" v="2"/>
    <tag k="lit" v="yes"/>
    <tag k="maxspeed" v="50 mph"/>
    <tag k="name" v="Epperstone By-Pass"/>
    <tag k="oneway" v="yes"/>
    <tag k="ref" v="A6097"/>
    <tag k="source" v="survey;GPS"/>
    <tag k="source:maxspeed" v="survey"/>
  </way>
  <way id="472429479" version="3" timestamp="2025-04-22T16:07:07Z" changeset="165293740" uid="5229644" user="Nathan_A_RF">
    <nd ref="4177019359"/>
    <nd ref="137549464"/>
    <nd ref="4177020798"/>
    <tag k="dual_carriageway" v="yes"/>
    <tag k="highway" v="trunk"/>
    <tag k="lit" v="yes"/>
    <tag k="maxspeed" v="50 mph"/>
    <tag k="name" v="Epperstone By-Pass"/>
    <tag k="oneway" v="yes"/>
    <tag k="ref" v="A6097"/>
    <tag k="source" v="GPS;survey"/>
  </way>
  <way id="472429480" version="4" timestamp="2025-04-22T16:07:07Z" changeset="165293740" uid="5229644" user="Nathan_A_RF">
    <nd ref="4177019368"/>
    <nd ref="498412706"/>
    <nd ref="3934651035"/>
    <nd ref="431347459"/>
    <nd ref="431347460"/>
    <nd ref="431347396"/>
    <nd ref="11923170554"/>
    <nd ref="431347454"/>
    <tag k="dual_carriageway" v="yes"/>
    <tag k="highway" v="trunk"/>
    <tag k="lit" v="yes"/>
    <tag k="maxspeed" v="50 mph"/>
    <tag k="name" v="Epperstone By-Pass"/>
    <tag k="oneway" v="yes"/>
    <tag k="ref" v="A6097"/>
    <tag k="sidewalk" v="left"/>
    <tag k="source" v="GPS;survey"/>
  </way>
  <way id="472429481" version="8" timestamp="2025-08-18T10:56:34Z" changeset="170609750" uid="21990187" user="MarkoŠatrak">
    <nd ref="1033459738"/>
    <nd ref="4666423948"/>
    <nd ref="150543347"/>
    <nd ref="4666423949"/>
    <nd ref="150543348"/>
    <nd ref="495565288"/>
    <nd ref="495564795"/>
    <nd ref="7353735797"/>
    <nd ref="150543349"/>
    <nd ref="7920686925"/>
    <nd ref="150543350"/>
    <nd ref="324344124"/>
    <nd ref="7920686935"/>
    <nd ref="7920686942"/>
    <nd ref="150543351"/>
    <nd ref="427668605"/>
    <nd ref="427668606"/>
    <nd ref="427668607"/>
    <nd ref="7920686933"/>
    <nd ref="7920686916"/>
    <nd ref="150543352"/>
    <tag k="highway" v="tertiary"/>
    <tag k="maxspeed" v="60 mph"/>
    <tag k="maxspeed:type" v="GB:nsl_single"/>
    <tag k="maxweightrating:hgv" v="7.5"/>
    <tag k="maxweightrating:hgv:conditional" v="none @ destination"/>
    <tag k="name" v="Lambley Lane"/>
    <tag k="source" v="GPS"/>
  </way>
  <way id="472429482" version="4" timestamp="2025-04-22T16:18:06Z" changeset="165294272" uid="5229644" user="Nathan_A_RF">
    <nd ref="4177019377"/>
    <nd ref="659252286"/>
    <tag k="dual_carriageway" v="yes"/>
    <tag k="highway" v="trunk"/>
    <tag k="lanes" v="2"/>
    <tag k="lit" v="no"/>
    <tag k="maxspeed" v="50 mph"/>
    <tag k="name" v="Lowdham Road"/>
    <tag k="oneway" v="yes"/>
    <tag k="ref" v="A6097"/>
  </way>
  <way id="674139854" version="1" timestamp="2019-03-02T23:12:22Z" changeset="67725612" uid="705850" user="Cebderby">
    <nd ref="482689873"/>
    <nd ref="6313254045"/>
    <tag k="highway" v="residential"/>
    <tag k="maxspeed" v="30 mph"/>
    <tag k="name" v="The Sidings"/>
    <tag k="oneway" v="no"/>
  </way>
  <way id="694543119" version="2" timestamp="2020-09-18T15:26:40Z" changeset="91120522" uid="705850" user="Cebderby">
    <nd ref="6521656243"/>
    <nd ref="7920686917"/>
    <nd ref="7920686927"/>
    <nd ref="6521656244"/>
    <nd ref="6521656245"/>
    <nd ref="6521656246"/>
    <nd ref="6521656247"/>
    <nd ref="6521656248"/>
    <nd ref="6521656249"/>
    <nd ref="6521656250"/>
    <nd ref="6521656251"/>
    <nd ref="6521656252"/>
    <nd ref="6521656253"/>
    <nd ref="6521656254"/>
    <nd ref="6521656255"/>
    <nd ref="6521656256"/>
    <nd ref="6521656257"/>
    <nd ref="6521656258"/>
    <nd ref="6521656259"/>
    <nd ref="6521656260"/>
    <nd ref="6521656261"/>
    <nd ref="6521656272"/>
    <nd ref="6521656262"/>
    <tag k="highway" v="residential"/>
  </way>
  <way id="694543120" version="1" timestamp="2019-06-04T17:13:57Z" changeset="70930787" uid="9196102" user="pddondet">
    <nd ref="6521656255"/>
    <nd ref="6521656263"/>
    <nd ref="6521656264"/>
    <nd ref="6521656265"/>
    <nd ref="6521656266"/>
    <nd ref="6521656267"/>
    <nd ref="6521656268"/>
    <nd ref="6521656269"/>
    <nd ref="6521656270"/>
    <nd ref="6521656271"/>
    <nd ref="6521656272"/>
    <tag k="highway" v="residential"/>
  </way>
  <way id="696303166" version="3" timestamp="2024-11-13T19:22:53Z" changeset="159104418" uid="6714692" user="Fingrmouse">
    <nd ref="6538778080"/>
    <nd ref="6538778081"/>
    <nd ref="6538778082"/>
    <nd ref="12337817157"/>
    <nd ref="6538778083"/>
    <nd ref="6538778084"/>
    <nd ref="6538779985"/>
    <nd ref="12337817161"/>
    <nd ref="12337816263"/>
    <nd ref="12337817159"/>
    <nd ref="12337817163"/>
    <nd ref="6538779986"/>
    <tag k="highway" v="residential"/>
    <tag k="name" v="Beckside"/>
  </way>
  <way id="699578807" version="2" timestamp="2024-11-12T14:04:33Z" changeset="159051864" uid="6714692" user="Fingrmouse">
    <nd ref="12334666957"/>
    <nd ref="12334666956"/>
    <nd ref="6569470712"/>
    <nd ref="12334667105"/>
    <nd ref="6569470711"/>
    <nd ref="12334667102"/>
    <nd ref="12334666955"/>
    <nd ref="475025643"/>
    <nd ref="12334667100"/>
    <nd ref="6569470709"/>
    <nd ref="12334667098"/>
    <nd ref="12334667096"/>
    <nd ref="12334666958"/>
    <nd ref="12334667088"/>
    <nd ref="6569470710"/>
    <tag k="highway" v="residential"/>
    <tag k="maxspeed" v="30 mph"/>
    <tag k="oneway" v="no"/>
  </way>
  <way id="818523436" version="5" timestamp="2025-02-02T11:38:53Z" changeset="162042235" uid="95856" user="⇄ john paul jones &amp; gringo">
    <nd ref="7644042778"/>
    <nd ref="7644066591"/>
    <nd ref="7644042779"/>
    <nd ref="431347442"/>
    <nd ref="7644042781"/>
    <nd ref="431347444"/>
    <nd ref="431347446"/>
    <nd ref="7644042778"/>
    <tag k="addr:city" v="Nottingham"/>
    <tag k="addr:country" v="GB"/>
    <tag k="addr:postcode" v="NG14 7BD"/>
    <tag k="addr:street" v="Main Street"/>
    <tag k="addr:suburb" v="Lowdham"/>
    <tag k="amenity" v="community_centre"/>
    <tag k="building" v="public"/>
    <tag k="community_centre" v="village_hall"/>
    <tag k="name" v="Lowdham Village Hall"/>
    <tag k="ref:GB:uprn" v="200004251551"/>
    <tag k="source" v="survey"/>
    <tag k="source:addr" v="FHRS Open Data"/>
  </way>
  <way id="818523439" version="4" timestamp="2025-02-02T11:38:53Z" changeset="162042235" uid="95856" user="⇄ john paul jones &amp; gringo">
    <nd ref="7644066601"/>
    <nd ref="12362653710"/>
    <nd ref="12362653709"/>
    <nd ref="7644066602"/>
    <nd ref="7644066603"/>
    <nd ref="7644066604"/>
    <nd ref="7644066605"/>
    <nd ref="7644066606"/>
    <nd ref="7644066607"/>
    <nd ref="12362654669"/>
    <nd ref="12362654665"/>
    <nd ref="7644066619"/>
    <nd ref="7644066608"/>
    <nd ref="7644066601"/>
    <tag k="addr:city" v="Nottingham"/>
    <tag k="addr:country" v="GB"/>
    <tag k="addr:postcode" v="NG14 7BE"/>
    <tag k="addr:street" v="Main Street"/>
    <tag k="addr:suburb" v="Lowdham"/>
    <tag k="amenity" v="pub"/>
    <tag k="building" v="yes"/>
    <tag k="name" v="The Old Ship"/>
    <tag k="ref:GB:uprn" v="100031464726"/>
    <tag k="source" v="survey"/>
    <tag k="source:addr" v="FHRS Open Data"/>
  </way>
  <way id="848930329" version="2" timestamp="2022-05-04T11:19:19Z" changeset="120539019" uid="11528842" user="di4tu2">
    <nd ref="7920686928"/>
    <nd ref="495565288"/>
    <tag k="highway" v="unclassified"/>
  </way>
  <way id="850700644" version="4" timestamp="2024-11-25T13:11:12Z" changeset="159573006" uid="6714692" user="Fingrmouse">
    <nd ref="503671143"/>
    <nd ref="12362654033"/>
    <nd ref="12362654025"/>
    <nd ref="12357866041"/>
    <nd ref="7936100042"/>
    <nd ref="7936100043"/>
    <tag k="highway" v="residential"/>
    <tag k="name" v="Charta Mews"/>
  </way>
  <way id="852164753" version="5" timestamp="2025-08-18T10:56:39Z" changeset="170609750" uid="21990187" user="MarkoŠatrak">
    <nd ref="150543352"/>
    <nd ref="7920686934"/>
    <nd ref="7920686937"/>
    <nd ref="150543353"/>
    <nd ref="7920686926"/>
    <nd ref="1727491408"/>
    <nd ref="8367477802"/>
    <nd ref="6308250699"/>
    <nd ref="150543354"/>
    <nd ref="150543355"/>
    <nd ref="7919534802"/>
    <nd ref="7920686921"/>
    <nd ref="1033640517"/>
    <nd ref="7920686931"/>
    <nd ref="150543356"/>
    <nd ref="150543357"/>
    <nd ref="4693477544"/>
    <nd ref="6495939393"/>
    <nd ref="150543358"/>
    <nd ref="150543359"/>
    <nd ref="7467271136"/>
    <nd ref="7948764092"/>
    <tag k="highway" v="tertiary"/>
    <tag k="maxspeed" v="60 mph"/>
    <tag k="maxspeed:type" v="GB:nsl_single"/>
    <tag k="maxweightrating:hgv" v="7.5"/>
    <tag k="maxweightrating:hgv:conditional" v="none @ destination"/>
    <tag k="name" v="Park Lane"/>
    <tag k="source" v="NPE"/>
  </way>
  <way id="856577450" version="3" timestamp="2024-11-21T17:42:08Z" changeset="159426338" uid="6714692" user="Fingrmouse">
    <nd ref="7986490235"/>
    <nd ref="7986490239"/>
    <nd ref="12362309236"/>
    <nd ref="7986490237"/>
    <nd ref="7986490238"/>
    <nd ref="12362309238"/>
    <nd ref="12357865448"/>
    <nd ref="12362309146"/>
    <nd ref="7986490236"/>
    <nd ref="12357865449"/>
    <nd ref="12357865450"/>
    <tag k="highway" v="residential"/>
    <tag k="name" v="Manor House Close"/>
    <tag k="source" v="maxar"/>
  </way>
  <way id="884296599" version="4" timestamp="2024-12-19T22:48:47Z" changeset="160413395" uid="8857" user="philipcullen">
    <nd ref="421689302"/>
    <nd ref="8223839848"/>
    <nd ref="8223839849"/>
    <nd ref="8223839850"/>
    <nd ref="8223839852"/>
    <nd ref="8223839851"/>
    <nd ref="421689302"/>
    <tag k="amenity" v="place_of_worship"/>
    <tag k="building" v="church"/>
    <tag k="denomination" v="anglican"/>
    <tag k="name" v="St Mary's Parish Church"/>
    <tag k="ref:GB:uprn" v="200004248121"/>
    <tag k="ref:dove" v="11601"/>
    <tag k="religion" v="christian"/>
    <tag k="source" v="NPE;survey"/>
    <tag k="wikidata" v="Q15979422"/>
    <tag k="wikipedia" v="en:St Mary's Church, Lowdham"/>
  </way>
  <way id="972759191" version="2" timestamp="2024-11-17T00:13:13Z" changeset="159226274" uid="6714692" user="Fingrmouse">
    <nd ref="482686358"/>
    <nd ref="12347072058"/>
    <nd ref="12347072060"/>
    <nd ref="9003081731"/>
    <tag k="highway" v="residential"/>
  </way>
  <way id="1025183208" version="4" timestamp="2023-07-24T21:30:27Z" changeset="138959795" uid="493595" user="Yorvik Prestigitator">
    <nd ref="1727429870"/>
    <nd ref="1727429916"/>
    <nd ref="1727429951"/>
    <nd ref="11065840261"/>
    <nd ref="1727429989"/>
    <nd ref="11065840262"/>
    <nd ref="1727430020"/>
    <nd ref="1727430063"/>
    <nd ref="1727430103"/>
    <nd ref="1727430138"/>
    <nd ref="11065840263"/>
    <nd ref="1727430183"/>
    <nd ref="7006810962"/>
    <nd ref="1727430221"/>
    <nd ref="1727430268"/>
    <nd ref="1727430510"/>
    <nd ref="1727430555"/>
    <tag k="highway" v="unclassified"/>
    <tag k="name" v="The Green"/>
    <tag k="note" v="visitors access to HMP Lowdham"/>
    <tag k="source" v="NPE"/>
    <tag k="surface" v="asphalt"/>
  </way>
  <way id="1063834301" version="5" timestamp="2024-11-20T10:44:33Z" changeset="159360043" uid="6714692" user="Fingrmouse">
    <nd ref="137549477"/>
    <nd ref="2193379210"/>
    <nd ref="137561594"/>
    <nd ref="2194587202"/>
    <nd ref="137549466"/>
    <nd ref="137549479"/>
    <nd ref="137549482"/>
    <tag k="highway" v="trunk"/>
    <tag k="junction" v="roundabout"/>
    <tag k="lane_markings" v="no"/>
    <tag k="lit" v="yes"/>
    <tag k="maxspeed" v="50 mph"/>
    <tag k="sidewalk" v="left"/>
    <tag k="sidewalk:left:surface" v="asphalt"/>
  </way>
  <way id="1063834302" version="2" timestamp="2024-11-20T10:44:33Z" changeset="159360043" uid="6714692" user="Fingrmouse">
    <nd ref="137549482"/>
    <nd ref="2194587208"/>
    <nd ref="2193379216"/>
    <nd ref="137549483"/>
    <nd ref="2194587188"/>
    <tag k="highway" v="trunk"/>
    <tag k="junction" v="roundabout"/>
    <tag k="lane_markings" v="no"/>
    <tag k="lit" v="yes"/>
    <tag k="maxspeed" v="50 mph"/>
  </way>
  <way id="1063834303" version="3" timestamp="2025-04-22T16:07:07Z" changeset="165293740" uid="5229644" user="Nathan_A_RF">
    <nd ref="137549468"/>
    <nd ref="2193379230"/>
    <nd ref="137561591"/>
    <nd ref="137549471"/>
    <nd ref="2193379201"/>
    <tag k="highway" v="trunk"/>
    <tag k="junction" v="roundabout"/>
    <tag k="lane_markings" v="no"/>
    <tag k="lit" v="yes"/>
    <tag k="maxspeed" v="50 mph"/>
    <tag k="sidewalk" v="no"/>
  </way>
  <way id="1100851756" version="5" timestamp="2025-04-22T16:07:07Z" changeset="165293740" uid="5229644" user="Nathan_A_RF">
    <nd ref="157252190"/>
    <nd ref="12776625326"/>
    <nd ref="12776625328"/>
    <nd ref="12776625327"/>
    <nd ref="12347072561"/>
    <nd ref="157252192"/>
    <nd ref="503668482"/>
    <nd ref="321002573"/>
    <tag k="highway" v="primary"/>
    <tag k="lit" v="yes"/>
    <tag k="maxspeed" v="30 mph"/>
    <tag k="name" v="Southwell Road"/>
    <tag k="oneway" v="no"/>
    <tag k="ref" v="A612"/>
    <tag k="source" v="GPS"/>
    <tag k="source:name" v="NaPTAN"/>
  </way>
  <way id="1100851757" version="2" timestamp="2024-11-20T10:44:33Z" changeset="159360043" uid="6714692" user="Fingrmouse">
    <nd ref="2193379203"/>
    <nd ref="137549468"/>
    <tag k="highway" v="trunk"/>
    <tag k="junction" v="roundabout"/>
    <tag k="lane_markings" v="no"/>
    <tag k="lit" v="yes"/>
    <tag k="maxspeed" v="50 mph"/>
  </way>
  <way id="1100851758" version="3" timestamp="2025-04-22T16:07:07Z" changeset="165293740" uid="5229644" user="Nathan_A_RF">
    <nd ref="137549487"/>
    <nd ref="1524710818"/>
    <nd ref="6797118610"/>
    <nd ref="12357865588"/>
    <nd ref="12357865587"/>
    <nd ref="4177019383"/>
    <tag k="dual_carriageway" v="yes"/>
    <tag k="highway" v="trunk"/>
    <tag k="lanes" v="2"/>
    <tag k="lit" v="no"/>
    <tag k="maxspeed" v="50 mph"/>
    <tag k="name" v="Epperstone By-Pass"/>
    <tag k="oneway" v="yes"/>
    <tag k="ref" v="A6097"/>
    <tag k="shoulder" v="no"/>
    <tag k="source" v="survey;GPS"/>
    <tag k="source:maxspeed" v="survey"/>
  </way>
  <way id="1100851759" version="2" timestamp="2024-11-20T10:44:33Z" changeset="159360043" uid="6714692" user="Fingrmouse">
    <nd ref="2194587188"/>
    <nd ref="137549487"/>
    <tag k="highway" v="trunk"/>
    <tag k="junction" v="roundabout"/>
    <tag k="lane_markings" v="no"/>
    <tag k="lit" v="yes"/>
    <tag k="maxspeed" v="50 mph"/>
  </way>
  <way id="1100852594" version="2" timestamp="2024-11-20T10:44:33Z" changeset="159360043" uid="6714692" user="Fingrmouse">
    <nd ref="2193379201"/>
    <nd ref="137549474"/>
    <nd ref="137549477"/>
    <tag k="highway" v="trunk"/>
    <tag k="junction" v="roundabout"/>
    <tag k="lane_markings" v="no"/>
    <tag k="lit" v="yes"/>
    <tag k="maxspeed" v="50 mph"/>
    <tag k="sidewalk" v="left"/>
    <tag k="sidewalk:left:surface" v="asphalt"/>
  </way>
  <way id="1102860047" version="2" timestamp="2025-04-22T16:07:07Z" changeset="165293740" uid="5229644" user="Nathan_A_RF">
    <nd ref="4177020798"/>
    <nd ref="135581295"/>
    <tag k="dual_carriageway" v="yes"/>
    <tag k="highway" v="trunk"/>
    <tag k="lit" v="yes"/>
    <tag k="maxspeed" v="50 mph"/>
    <tag k="name" v="Epperstone By-Pass"/>
    <tag k="oneway" v="yes"/>
    <tag k="ref" v="A6097"/>
    <tag k="source" v="GPS;survey"/>
  </way>
  <way id="1102860048" version="3" timestamp="2025-08-18T10:56:39Z" changeset="170609750" uid="21990187" user="MarkoŠatrak">
    <nd ref="431347395"/>
    <nd ref="7920686915"/>
    <nd ref="7920686930"/>
    <nd ref="7308937846"/>
    <tag k="cycleway:both" v="no"/>
    <tag k="highway" v="tertiary"/>
    <tag k="lit" v="yes"/>
    <tag k="maxspeed" v="30 mph"/>
    <tag k="maxweightrating:hgv" v="7.5"/>
    <tag k="maxweightrating:hgv:conditional" v="none @ destination"/>
    <tag k="name" v="Ton Lane West"/>
    <tag k="not:name" v="Ton Lane"/>
    <tag k="source" v="GPS"/>
    <tag k="source:name" v="survey"/>
    <tag k="surface" v="asphalt"/>
  </way>
  <way id="1102860049" version="4" timestamp="2025-08-18T10:56:39Z" changeset="170609750" uid="21990187" user="MarkoŠatrak">
    <nd ref="135581295"/>
    <nd ref="10092011270"/>
    <nd ref="431347395"/>
    <tag k="cycleway:both" v="no"/>
    <tag k="highway" v="tertiary"/>
    <tag k="lit" v="yes"/>
    <tag k="maxspeed" v="30 mph"/>
    <tag k="maxweightrating:hgv" v="7.5"/>
    <tag k="maxweightrating:hgv:conditional" v="none @ destination"/>
    <tag k="name" v="Ton Lane West"/>
    <tag k="not:name" v="Ton Lane"/>
    <tag k="sidewalk" v="no"/>
    <tag k="source" v="GPS"/>
    <tag k="source:name" v="survey"/>
    <tag k="surface" v="asphalt"/>
  </way>
  <way id="1131703437" version="4" timestamp="2025-02-02T11:12:13Z" changeset="162041382" uid="95856" user="⇄ john paul jones &amp; gringo">
    <nd ref="10550714035"/>
    <nd ref="10550714034"/>
    <nd ref="10550714033"/>
    <nd ref="10550714032"/>
    <nd ref="2364380125"/>
    <nd ref="12357865995"/>
    <nd ref="10550714030"/>
    <nd ref="10550714029"/>
    <nd ref="10550714035"/>
    <tag k="addr:city" v="Nottingham"/>
    <tag k="addr:country" v="GB"/>
    <tag k="addr:postcode" v="NG14 7DQ"/>
    <tag k="addr:suburb" v="Lowdham"/>
    <tag k="amenity" v="pub"/>
    <tag k="brand" v="Greene King"/>
    <tag k="brand:wikidata" v="Q5564162"/>
    <tag k="building" v="yes"/>
    <tag k="name" v="Magna Charta"/>
    <tag k="ref:GB:uprn" v="100031465203"/>
    <tag k="website" v="https://www.greeneking.co.uk/pubs/nottinghamshire/magna-charta"/>
  </way>
  <way id="1190773781" version="3" timestamp="2024-11-20T10:44:33Z" changeset="159360043" uid="6714692" user="Fingrmouse">
    <nd ref="11056300468"/>
    <nd ref="11056300467"/>
    <nd ref="12357866039"/>
    <nd ref="503671148"/>
    <tag k="highway" v="residential"/>
    <tag k="maxspeed" v="30 mph"/>
    <tag k="name" v="Magna Close"/>
    <tag k="oneway" v="no"/>
    <tag k="source:name" v="survey"/>
  </way>
  <way id="1242377130" version="2" timestamp="2025-04-22T16:08:23Z" changeset="165293786" uid="5229644" user="Nathan_A_RF">
    <nd ref="137549416"/>
    <nd ref="4666401258"/>
    <nd ref="1253247051"/>
    <nd ref="422509242"/>
    <nd ref="137549420"/>
    <nd ref="1253234570"/>
    <tag k="highway" v="trunk"/>
    <tag k="lanes" v="2"/>
    <tag k="lit" v="yes"/>
    <tag k="maxspeed" v="50 mph"/>
    <tag k="name" v="Epperstone By-Pass"/>
    <tag k="ref" v="A6097"/>
    <tag k="shoulder" v="no"/>
    <tag k="sidewalk" v="no"/>
    <tag k="source" v="GPS"/>
  </way>
  <way id="1331339184" version="4" timestamp="2025-08-18T10:56:39Z" changeset="170609750" uid="21990187" user="MarkoŠatrak">
    <nd ref="475023795"/>
    <nd ref="475023854"/>
    <nd ref="12318329543"/>
    <nd ref="12331448746"/>
    <nd ref="12318329544"/>
    <nd ref="12331448674"/>
    <nd ref="2193376776"/>
    <nd ref="12318329545"/>
    <nd ref="12331448670"/>
    <nd ref="12318329546"/>
    <nd ref="12331444053"/>
    <nd ref="12318329547"/>
    <nd ref="475023862"/>
    <nd ref="12318329548"/>
    <nd ref="12331444052"/>
    <nd ref="12331448655"/>
    <nd ref="475023863"/>
    <nd ref="475023864"/>
    <nd ref="475023866"/>
    <nd ref="475023869"/>
    <nd ref="475023872"/>
    <nd ref="12318329549"/>
    <nd ref="475023876"/>
    <nd ref="495568245"/>
    <nd ref="12318329550"/>
    <tag k="highway" v="unclassified"/>
    <tag k="maxweightrating:hgv" v="7.5"/>
    <tag k="maxweightrating:hgv:conditional" v="none @ destination"/>
  </way>
  <way id="1333223262" version="1" timestamp="2024-11-12T14:04:33Z" changeset="159051864" uid="6714692" user="Fingrmouse">
    <nd ref="12334666960"/>
    <nd ref="12334666961"/>
    <tag k="highway" v="residential"/>
    <tag k="name" v="Old Tannery Drive"/>
  </way>
  <way id="1333554917" version="1" timestamp="2024-11-13T19:22:53Z" changeset="159104418" uid="6714692" user="Fingrmouse">
    <nd ref="12337816065"/>
    <nd ref="12337816068"/>
    <nd ref="12337816069"/>
    <nd ref="12337816070"/>
    <tag k="highway" v="residential"/>
    <tag k="name" v="Newton Close"/>
  </way>
  <way id="1333554918" version="1" timestamp="2024-11-13T19:22:53Z" changeset="159104418" uid="6714692" user="Fingrmouse">
    <nd ref="482690838"/>
    <nd ref="12337816164"/>
    <nd ref="12337816098"/>
    <tag k="highway" v="residential"/>
    <tag k="name" v="Blenheim Avenue"/>
  </way>
  <way id="1333554919" version="1" timestamp="2024-11-13T19:22:53Z" changeset="159104418" uid="6714692" user="Fingrmouse">
    <nd ref="482690708"/>
    <nd ref="12337816101"/>
    <nd ref="12337816569"/>
    <nd ref="12337816102"/>
    <nd ref="12337816103"/>
    <tag k="highway" v="residential"/>
    <tag k="name" v="Lambourne Crescent"/>
  </way>
  <way id="1333554920" version="1" timestamp="2024-11-13T19:22:53Z" changeset="159104418" uid="6714692" user="Fingrmouse">
    <nd ref="12337816110"/>
    <nd ref="12337816111"/>
    <nd ref="12337816112"/>
    <nd ref="12337816113"/>
    <nd ref="12337816114"/>
    <tag k="highway" v="residential"/>
    <tag k="name" v="Lambourne Crescent"/>
  </way>
  <way id="1333554942" version="1" timestamp="2024-11-13T19:22:53Z" changeset="159104418" uid="6714692" user="Fingrmouse">
    <nd ref="8348724006"/>
    <nd ref="12337816152"/>
    <nd ref="12337816151"/>
    <tag k="highway" v="residential"/>
    <tag k="name" v="Blenheim Avenue"/>
  </way>
  <way id="1334625158" version="1" timestamp="2024-11-17T00:13:13Z" changeset="159226274" uid="6714692" user="Fingrmouse">
    <nd ref="12337816741"/>
    <nd ref="12347071496"/>
    <tag k="highway" v="residential"/>
    <tag k="name" v="Newton Close"/>
  </way>
  <way id="1334625160" version="1" timestamp="2024-11-17T00:13:13Z" changeset="159226274" uid="6714692" user="Fingrmouse">
    <nd ref="12347071501"/>
    <nd ref="12347071502"/>
    <tag k="highway" v="residential"/>
    <tag k="name" v="Worcester Close"/>
  </way>
  <way id="1334625362" version="1" timestamp="2024-11-17T00:13:13Z" changeset="159226274" uid="6714692" user="Fingrmouse">
    <nd ref="12347072445"/>
    <nd ref="12347072446"/>
    <tag k="highway" v="residential"/>
    <tag k="name" v="The Orchards"/>
  </way>
  <way id="1336557127" version="2" timestamp="2024-12-19T22:48:47Z" changeset="160413395" uid="8857" user="philipcullen">
    <nd ref="12362308972"/>
    <nd ref="12362308973"/>
    <nd ref="12362308974"/>
    <nd ref="12362308975"/>
    <nd ref="12362308976"/>
    <nd ref="12362308977"/>
    <nd ref="12362308978"/>
    <nd ref="12362308979"/>
    <nd ref="12362308972"/>
    <tag k="amenity" v="cafe"/>
    <tag k="building" v="house"/>
    <tag k="name" v="Jo-hanna's Cafe &amp; Bistro"/>
    <tag k="ref:GB:uprn" v="100032099887"/>
  </way>
  <way id="1336557136" version="1" timestamp="2024-11-21T17:42:08Z" changeset="159426338" uid="6714692" user="Fingrmouse">
    <nd ref="12362309016"/>
    <nd ref="12362309017"/>
    <nd ref="12362309018"/>
    <nd ref="12362309019"/>
    <nd ref="12362309016"/>
    <tag k="building" v="house"/>
    <tag k="name" v="Johnson's &amp; Partners"/>
    <tag k="office" v="estate_agent"/>
  </way>
  <way id="1336557141" version="1" timestamp="2024-11-21T17:42:08Z" changeset="159426338" uid="6714692" user="Fingrmouse">
    <nd ref="12362309035"/>
    <nd ref="12362309036"/>
    <nd ref="12362309037"/>
    <nd ref="12362309038"/>
    <nd ref="12362309039"/>
    <nd ref="12362309031"/>
    <nd ref="12362309035"/>
    <tag k="amenity" v="fast_food"/>
    <tag k="building" v="house"/>
    <tag k="name" v="Lowdham Fast Food"/>
  </way>
  <way id="1336557151" version="1" timestamp="2024-11-21T17:42:08Z" changeset="159426338" uid="6714692" user="Fingrmouse">
    <nd ref="12362309036"/>
    <nd ref="12362309077"/>
    <nd ref="12362309078"/>
    <nd ref="12362309079"/>
    <nd ref="12362309080"/>
    <nd ref="12362309081"/>
    <nd ref="12362309082"/>
    <nd ref="12362309083"/>
    <nd ref="12362309037"/>
    <nd ref="12362309036"/>
    <tag k="amenity" v="fast_food"/>
    <tag k="building" v="yes"/>
    <tag k="cuisine" v="chinese"/>
    <tag k="name" v="Chan's Cantonese Takeaway"/>
  </way>
  <way id="1336557155" version="2" timestamp="2025-02-02T11:38:53Z" changeset="162042235" uid="95856" user="⇄ john paul jones &amp; gringo">
    <nd ref="12362309052"/>
    <nd ref="12362309096"/>
    <nd ref="12362309097"/>
    <nd ref="12362309098"/>
    <nd ref="12362309099"/>
    <nd ref="12362309100"/>
    <nd ref="12362309101"/>
    <nd ref="12362309055"/>
    <nd ref="12362309052"/>
    <tag k="addr:city" v="Nottingham"/>
    <tag k="addr:country" v="GB"/>
    <tag k="addr:housenumber" v="49"/>
    <tag k="addr:postcode" v="NG14 7AB"/>
    <tag k="addr:street" v="Main Street"/>
    <tag k="addr:suburb" v="Lowdham"/>
    <tag k="amenity" v="pharmacy"/>
    <tag k="building" v="yes"/>
    <tag k="dispensing" v="yes"/>
    <tag k="drive_through" v="no"/>
    <tag k="healthcare" v="pharmacy"/>
    <tag k="name" v="Lowdham Pharmacy"/>
    <tag k="phone" v="+44 115 966 3228"/>
    <tag k="website" v="www.lowdhampharmacy.com"/>
  </way>
  <way id="1336557169" version="3" timestamp="2025-02-02T11:38:53Z" changeset="162042235" uid="95856" user="⇄ john paul jones &amp; gringo">
    <nd ref="12362309131"/>
    <nd ref="12362309134"/>
    <nd ref="12362309135"/>
    <nd ref="12362309132"/>
    <nd ref="12362309131"/>
    <tag k="addr:city" v="Nottingham"/>
    <tag k="addr:country" v="GB"/>
    <tag k="addr:housenumber" v="59"/>
    <tag k="addr:postcode" v="NG14 7BD"/>
    <tag k="addr:street" v="Main Street"/>
    <tag k="addr:suburb" v="Lowdham"/>
    <tag k="amenity" v="post_office"/>
    <tag k="branch" v="Lowdham"/>
    <tag k="brand" v="Post Office"/>
    <tag k="brand:wikidata" v="Q1783168"/>
    <tag k="building" v="yes"/>
    <tag k="name" v="Lowdham Post Office"/>
    <tag k="ref:GB:uprn" v="200004254851"/>
    <tag k="website" v="https://www.postoffice.co.uk/branch-finder/2642271/lowdham"/>
  </way>
  <way id="1336557195" version="3" timestamp="2025-02-03T20:12:11Z" changeset="162100715" uid="20795476" user="WWMapper101">
    <nd ref="12362309258"/>
    <nd ref="12362309259"/>
    <nd ref="12362309260"/>
    <nd ref="12362309261"/>
    <nd ref="12362309262"/>
    <nd ref="12362309263"/>
    <nd ref="12362309264"/>
    <nd ref="12362309265"/>
    <nd ref="12362309274"/>
    <nd ref="12362309233"/>
    <nd ref="12362309258"/>
    <tag k="addr:city" v="Nottingham"/>
    <tag k="addr:country" v="GB"/>
    <tag k="addr:housenumber" v="63"/>
    <tag k="addr:postcode" v="NG14 7BD"/>
    <tag k="addr:street" v="Main Street"/>
    <tag k="addr:suburb" v="Lowdham"/>
    <tag k="amenity" v="childcare"/>
    <tag k="building" v="yes"/>
    <tag k="name" v="Daisies Day Nursery"/>
  </way>
  <way id="1336557205" version="1" timestamp="2024-11-21T17:42:08Z" changeset="159426338" uid="6714692" user="Fingrmouse">
    <nd ref="12362309303"/>
    <nd ref="12362309304"/>
    <nd ref="12362309305"/>
    <nd ref="12362309306"/>
    <nd ref="12362309314"/>
    <nd ref="12362309307"/>
    <nd ref="12362309308"/>
    <nd ref="12362309309"/>
    <nd ref="12362309303"/>
    <tag k="building" v="no"/>
    <tag k="name" v="Pailing's Soft Furnishings"/>
    <tag k="shop" v="furniture"/>
  </way>
  <way id="1336557285" version="1" timestamp="2024-11-21T17:42:08Z" changeset="159426338" uid="6714692" user="Fingrmouse">
    <nd ref="482707525"/>
    <nd ref="12362309702"/>
    <nd ref="12362309701"/>
    <tag k="highway" v="residential"/>
    <tag k="name" v="The Priors"/>
  </way>
  <way id="1336602569" version="1" timestamp="2024-11-21T19:40:02Z" changeset="159432251" uid="6714692" user="Fingrmouse">
    <nd ref="12362653805"/>
    <nd ref="12362653806"/>
    <tag k="highway" v="residential"/>
    <tag k="name" v="Ridge Hill"/>
  </way>
  <way id="1336602610" version="1" timestamp="2024-11-21T19:40:02Z" changeset="159432251" uid="6714692" user="Fingrmouse">
    <nd ref="429378850"/>
    <nd ref="12362654063"/>
    <tag k="highway" v="residential"/>
    <tag k="name" v="Morleys Close"/>
  </way>
  <way id="1336602668" version="2" timestamp="2024-12-19T22:48:47Z" changeset="160413395" uid="8857" user="philipcullen">
    <nd ref="12362654337"/>
    <nd ref="12362654338"/>
    <nd ref="12362654339"/>
    <nd ref="12362654340"/>
    <nd ref="12362654341"/>
    <nd ref="12362654342"/>
    <nd ref="12362654343"/>
    <nd ref="12362654344"/>
    <nd ref="12362654337"/>
    <tag k="building" v="yes"/>
    <tag k="name" v="C Morley &amp; Son"/>
    <tag k="ref:GB:uprn" v="100032099892"/>
    <tag k="shop" v="car_repair"/>
  </way>
  <way id="1336820170" version="1" timestamp="2024-11-22T12:33:14Z" changeset="159456955" uid="6714692" user="Fingrmouse">
    <nd ref="12364826275"/>
    <nd ref="12364826276"/>
    <nd ref="12364826281"/>
    <nd ref="12364826277"/>
    <nd ref="12364826278"/>
    <nd ref="12364826275"/>
    <tag k="building" v="yes"/>
    <tag k="name" v="The Bookcase"/>
    <tag k="shop" v="books"/>
  </way>
  <way id="1336820224" version="3" timestamp="2025-02-02T11:12:13Z" changeset="162041382" uid="95856" user="⇄ john paul jones &amp; gringo">
    <nd ref="12364858708"/>
    <nd ref="12364858709"/>
    <nd ref="12364858710"/>
    <nd ref="12364858711"/>
    <nd ref="12364858712"/>
    <nd ref="12364858713"/>
    <nd ref="12364858708"/>
    <tag k="addr:city" v="Nottingham"/>
    <tag k="addr:country" v="GB"/>
    <tag k="addr:housenumber" v="27"/>
    <tag k="addr:postcode" v="NG14 7BD"/>
    <tag k="addr:street" v="Francklin Road"/>
    <tag k="addr:suburb" v="Lowdham"/>
    <tag k="building" v="house"/>
    <tag k="ref:GB:uprn" v="100031464059"/>
  </way>
  <way id="1336820225" version="3" timestamp="2025-02-02T11:12:13Z" changeset="162041382" uid="95856" user="⇄ john paul jones &amp; gringo">
    <nd ref="12364858708"/>
    <nd ref="12364858714"/>
    <nd ref="12364858715"/>
    <nd ref="12364858716"/>
    <nd ref="12364858717"/>
    <nd ref="12364858709"/>
    <nd ref="12364858708"/>
    <tag k="addr:city" v="Nottingham"/>
    <tag k="addr:country" v="GB"/>
    <tag k="addr:housenumber" v="28"/>
    <tag k="addr:postcode" v="NG14 7BD"/>
    <tag k="addr:street" v="Francklin Road"/>
    <tag k="addr:suburb" v="Lowdham"/>
    <tag k="building" v="house"/>
    <tag k="ref:GB:uprn" v="100031464060"/>
  </way>
  <way id="1336820230" version="3" timestamp="2025-02-02T11:12:13Z" changeset="162041382" uid="95856" user="⇄ john paul jones &amp; gringo">
    <nd ref="12364858736"/>
    <nd ref="12364858737"/>
    <nd ref="12364858738"/>
    <nd ref="12364858739"/>
    <nd ref="12364858736"/>
    <tag k="addr:city" v="Nottingham"/>
    <tag k="addr:country" v="GB"/>
    <tag k="addr:housenumber" v="6"/>
    <tag k="addr:postcode" v="NG14 7BD"/>
    <tag k="addr:street" v="Barker Hill"/>
    <tag k="addr:suburb" v="Lowdham"/>
    <tag k="building" v="house"/>
    <tag k="ref:GB:uprn" v="100031463674"/>
  </way>
  <way id="1336820231" version="3" timestamp="2025-02-02T11:12:13Z" changeset="162041382" uid="95856" user="⇄ john paul jones &amp; gringo">
    <nd ref="12364858738"/>
    <nd ref="12364858740"/>
    <nd ref="12364858741"/>
    <nd ref="12364858739"/>
    <nd ref="12364858738"/>
    <tag k="addr:city" v="Nottingham"/>
    <tag k="addr:country" v="GB"/>
    <tag k="addr:housenumber" v="8"/>
    <tag k="addr:postcode" v="NG14 7BD"/>
    <tag k="addr:street" v="Barker Hill"/>
    <tag k="addr:suburb" v="Lowdham"/>
    <tag k="building" v="house"/>
    <tag k="ref:GB:uprn" v="100031463676"/>
  </way>
  <way id="1336820232" version="3" timestamp="2025-02-02T11:12:13Z" changeset="162041382" uid="95856" user="⇄ john paul jones &amp; gringo">
    <nd ref="12364858742"/>
    <nd ref="12364858743"/>
    <nd ref="12364858744"/>
    <nd ref="12364858745"/>
    <nd ref="12364858742"/>
    <tag k="addr:city" v="Nottingham"/>
    <tag k="addr:country" v="GB"/>
    <tag k="addr:housenumber" v="10"/>
    <tag k="addr:postcode" v="NG14 7BD"/>
    <tag k="addr:street" v="Barker Hill"/>
    <tag k="addr:suburb" v="Lowdham"/>
    <tag k="building" v="house"/>
    <tag k="ref:GB:uprn" v="100031463678"/>
  </way>
  <way id="1336820233" version="3" timestamp="2025-02-02T11:12:13Z" changeset="162041382" uid="95856" user="⇄ john paul jones &amp; gringo">
    <nd ref="12364858744"/>
    <nd ref="12364858746"/>
    <nd ref="12364858747"/>
    <nd ref="12364858745"/>
    <nd ref="12364858744"/>
    <tag k="addr:city" v="Nottingham"/>
    <tag k="addr:country" v="GB"/>
    <tag k="addr:housenumber" v="12"/>
    <tag k="addr:postcode" v="NG14 7BD"/>
    <tag k="addr:street" v="Barker Hill"/>
    <tag k="addr:suburb" v="Lowdham"/>
    <tag k="building" v="house"/>
    <tag k="ref:GB:uprn" v="100031463680"/>
  </way>
  <way id="1336820234" version="3" timestamp="2025-02-02T11:12:13Z" changeset="162041382" uid="95856" user="⇄ john paul jones &amp; gringo">
    <nd ref="12364858748"/>
    <nd ref="12364858749"/>
    <nd ref="12364858750"/>
    <nd ref="12364858751"/>
    <nd ref="12364858748"/>
    <tag k="addr:city" v="Nottingham"/>
    <tag k="addr:country" v="GB"/>
    <tag k="addr:housenumber" v="22"/>
    <tag k="addr:postcode" v="NG14 7BD"/>
    <tag k="addr:street" v="Barker Hill"/>
    <tag k="addr:suburb" v="Lowdham"/>
    <tag k="building" v="house"/>
    <tag k="ref:GB:uprn" v="100031463690"/>
  </way>
  <way id="1336820235" version="3" timestamp="2025-02-02T11:12:13Z" changeset="162041382" uid="95856" user="⇄ john paul jones &amp; gringo">
    <nd ref="12364858750"/>
    <nd ref="12364858752"/>
    <nd ref="12364858753"/>
    <nd ref="12364858755"/>
    <nd ref="12364858754"/>
    <nd ref="12364858751"/>
    <nd ref="12364858750"/>
    <tag k="addr:city" v="Nottingham"/>
    <tag k="addr:country" v="GB"/>
    <tag k="addr:housenumber" v="24"/>
    <tag k="addr:postcode" v="NG14 7BD"/>
    <tag k="addr:street" v="Barker Hill"/>
    <tag k="addr:suburb" v="Lowdham"/>
    <tag k="building" v="house"/>
    <tag k="ref:GB:uprn" v="100031463692"/>
  </way>
  <way id="1336820236" version="2" timestamp="2025-02-02T11:12:13Z" changeset="162041382" uid="95856" user="⇄ john paul jones &amp; gringo">
    <nd ref="12364858756"/>
    <nd ref="12364858757"/>
    <nd ref="12364858758"/>
    <nd ref="12364858759"/>
    <nd ref="12364858756"/>
    <tag k="addr:city" v="Nottingham"/>
    <tag k="addr:country" v="GB"/>
    <tag k="addr:housenumber" v="18"/>
    <tag k="addr:postcode" v="NG14 7BD"/>
    <tag k="addr:street" v="Barker Hill"/>
    <tag k="addr:suburb" v="Lowdham"/>
    <tag k="building" v="house"/>
  </way>
  <way id="1336820237" version="2" timestamp="2025-02-02T11:12:13Z" changeset="162041382" uid="95856" user="⇄ john paul jones &amp; gringo">
    <nd ref="12364858759"/>
    <nd ref="12364858760"/>
    <nd ref="12364858761"/>
    <nd ref="12364858762"/>
    <nd ref="12364858763"/>
    <nd ref="12364858758"/>
    <nd ref="12364858759"/>
    <tag k="addr:city" v="Nottingham"/>
    <tag k="addr:country" v="GB"/>
    <tag k="addr:housenumber" v="16"/>
    <tag k="addr:postcode" v="NG14 7BD"/>
    <tag k="addr:street" v="Barker Hill"/>
    <tag k="addr:suburb" v="Lowdham"/>
    <tag k="building" v="house"/>
  </way>
  <way id="1336820238" version="3" timestamp="2025-02-02T11:12:13Z" changeset="162041382" uid="95856" user="⇄ john paul jones &amp; gringo">
    <nd ref="12364858764"/>
    <nd ref="12364858765"/>
    <nd ref="12364858766"/>
    <nd ref="12364858767"/>
    <nd ref="12364858764"/>
    <tag k="addr:city" v="Nottingham"/>
    <tag k="addr:country" v="GB"/>
    <tag k="addr:housenumber" v="26"/>
    <tag k="addr:postcode" v="NG14 7BD"/>
    <tag k="addr:street" v="Barker Hill"/>
    <tag k="addr:suburb" v="Lowdham"/>
    <tag k="building" v="house"/>
    <tag k="ref:GB:uprn" v="100031463693"/>
  </way>
  <way id="1336820239" version="3" timestamp="2025-02-02T11:12:13Z" changeset="162041382" uid="95856" user="⇄ john paul jones &amp; gringo">
    <nd ref="12364858768"/>
    <nd ref="12364858769"/>
    <nd ref="12364858764"/>
    <nd ref="12364858767"/>
    <nd ref="12364858768"/>
    <tag k="addr:city" v="Nottingham"/>
    <tag k="addr:country" v="GB"/>
    <tag k="addr:housenumber" v="28"/>
    <tag k="addr:postcode" v="NG14 7BD"/>
    <tag k="addr:street" v="Barker Hill"/>
    <tag k="addr:suburb" v="Lowdham"/>
    <tag k="building" v="house"/>
    <tag k="ref:GB:uprn" v="100031463694"/>
  </way>
  <way id="1336820240" version="3" timestamp="2025-02-02T11:12:13Z" changeset="162041382" uid="95856" user="⇄ john paul jones &amp; gringo">
    <nd ref="12364858770"/>
    <nd ref="12364858771"/>
    <nd ref="12364858772"/>
    <nd ref="12364858773"/>
    <nd ref="12364858770"/>
    <tag k="addr:city" v="Nottingham"/>
    <tag k="addr:country" v="GB"/>
    <tag k="addr:housenumber" v="30"/>
    <tag k="addr:postcode" v="NG14 7BD"/>
    <tag k="addr:street" v="Barker Hill"/>
    <tag k="addr:suburb" v="Lowdham"/>
    <tag k="building" v="house"/>
    <tag k="ref:GB:uprn" v="100031463695"/>
  </way>
  <way id="1336820241" version="3" timestamp="2025-02-02T11:12:13Z" changeset="162041382" uid="95856" user="⇄ john paul jones &amp; gringo">
    <nd ref="12364858774"/>
    <nd ref="12364858775"/>
    <nd ref="12364858770"/>
    <nd ref="12364858773"/>
    <nd ref="12364858774"/>
    <tag k="addr:city" v="Nottingham"/>
    <tag k="addr:country" v="GB"/>
    <tag k="addr:housenumber" v="32"/>
    <tag k="addr:postcode" v="NG14 7BD"/>
    <tag k="addr:street" v="Barker Hill"/>
    <tag k="addr:suburb" v="Lowdham"/>
    <tag k="building" v="house"/>
    <tag k="ref:GB:uprn" v="100031463696"/>
  </way>
  <way id="1336820242" version="3" timestamp="2025-02-02T11:12:13Z" changeset="162041382" uid="95856" user="⇄ john paul jones &amp; gringo">
    <nd ref="12364858776"/>
    <nd ref="12364858777"/>
    <nd ref="12364858778"/>
    <nd ref="12364858779"/>
    <nd ref="12364858776"/>
    <tag k="addr:city" v="Nottingham"/>
    <tag k="addr:country" v="GB"/>
    <tag k="addr:housenumber" v="34"/>
    <tag k="addr:postcode" v="NG14 7BD"/>
    <tag k="addr:street" v="Barker Hill"/>
    <tag k="addr:suburb" v="Lowdham"/>
    <tag k="building" v="house"/>
    <tag k="ref:GB:uprn" v="100031463697"/>
  </way>
  <way id="1336820243" version="3" timestamp="2025-02-02T11:12:13Z" changeset="162041382" uid="95856" user="⇄ john paul jones &amp; gringo">
    <nd ref="12364858780"/>
    <nd ref="12364858781"/>
    <nd ref="12364858776"/>
    <nd ref="12364858779"/>
    <nd ref="12364858780"/>
    <tag k="addr:city" v="Nottingham"/>
    <tag k="addr:country" v="GB"/>
    <tag k="addr:housenumber" v="36"/>
    <tag k="addr:postcode" v="NG14 7BD"/>
    <tag k="addr:street" v="Barker Hill"/>
    <tag k="addr:suburb" v="Lowdham"/>
    <tag k="building" v="house"/>
    <tag k="ref:GB:uprn" v="100031463698"/>
  </way>
  <way id="1336820244" version="3" timestamp="2025-02-02T11:12:13Z" changeset="162041382" uid="95856" user="⇄ john paul jones &amp; gringo">
    <nd ref="12364858782"/>
    <nd ref="12364858783"/>
    <nd ref="12364858784"/>
    <nd ref="12364858785"/>
    <nd ref="12364858782"/>
    <tag k="addr:city" v="Nottingham"/>
    <tag k="addr:country" v="GB"/>
    <tag k="addr:housenumber" v="38"/>
    <tag k="addr:postcode" v="NG14 7BD"/>
    <tag k="addr:street" v="Barker Hill"/>
    <tag k="addr:suburb" v="Lowdham"/>
    <tag k="building" v="house"/>
    <tag k="ref:GB:uprn" v="100031463699"/>
  </way>
  <way id="1336820245" version="3" timestamp="2025-02-02T11:12:13Z" changeset="162041382" uid="95856" user="⇄ john paul jones &amp; gringo">
    <nd ref="12364858786"/>
    <nd ref="12364858787"/>
    <nd ref="12364858782"/>
    <nd ref="12364858785"/>
    <nd ref="12364858786"/>
    <tag k="addr:city" v="Nottingham"/>
    <tag k="addr:country" v="GB"/>
    <tag k="addr:housenumber" v="40"/>
    <tag k="addr:postcode" v="NG14 7BD"/>
    <tag k="addr:street" v="Barker Hill"/>
    <tag k="addr:suburb" v="Lowdham"/>
    <tag k="building" v="house"/>
    <tag k="ref:GB:uprn" v="100031463700"/>
  </way>
  <way id="1336820247" version="1" timestamp="2024-11-22T12:33:14Z" changeset="159456955" uid="6714692" user="Fingrmouse">
    <nd ref="12362653808"/>
    <nd ref="12364858792"/>
    <tag k="highway" v="residential"/>
    <tag k="name" v="Barker Hill"/>
  </way>
  <way id="1336820248" version="3" timestamp="2025-02-02T11:12:13Z" changeset="162041382" uid="95856" user="⇄ john paul jones &amp; gringo">
    <nd ref="12364858793"/>
    <nd ref="12364858794"/>
    <nd ref="12364858795"/>
    <nd ref="12364858796"/>
    <nd ref="12364858793"/>
    <tag k="addr:city" v="Nottingham"/>
    <tag k="addr:country" v="GB"/>
    <tag k="addr:housenumber" v="44"/>
    <tag k="addr:postcode" v="NG14 7BD"/>
    <tag k="addr:street" v="Barker Hill"/>
    <tag k="addr:suburb" v="Lowdham"/>
    <tag k="building" v="house"/>
    <tag k="ref:GB:uprn" v="100031463702"/>
  </way>
  <way id="1336820249" version="3" timestamp="2025-02-02T11:12:13Z" changeset="162041382" uid="95856" user="⇄ john paul jones &amp; gringo">
    <nd ref="12364858795"/>
    <nd ref="12364858801"/>
    <nd ref="12364858800"/>
    <nd ref="12364858799"/>
    <nd ref="12364858797"/>
    <nd ref="12364858798"/>
    <nd ref="12364858796"/>
    <nd ref="12364858795"/>
    <tag k="addr:city" v="Nottingham"/>
    <tag k="addr:country" v="GB"/>
    <tag k="addr:housenumber" v="42"/>
    <tag k="addr:postcode" v="NG14 7BD"/>
    <tag k="addr:street" v="Barker Hill"/>
    <tag k="addr:suburb" v="Lowdham"/>
    <tag k="building" v="house"/>
    <tag k="ref:GB:uprn" v="100031463701"/>
  </way>
  <way id="1336820257" version="3" timestamp="2025-02-02T11:12:13Z" changeset="162041382" uid="95856" user="⇄ john paul jones &amp; gringo">
    <nd ref="12364858830"/>
    <nd ref="12364858831"/>
    <nd ref="12364858832"/>
    <nd ref="12364858833"/>
    <nd ref="12364858830"/>
    <tag k="addr:city" v="Nottingham"/>
    <tag k="addr:country" v="GB"/>
    <tag k="addr:housenumber" v="2"/>
    <tag k="addr:postcode" v="NG14 7BD"/>
    <tag k="addr:street" v="Barker Hill"/>
    <tag k="addr:suburb" v="Lowdham"/>
    <tag k="building" v="house"/>
    <tag k="ref:GB:uprn" v="100031463670"/>
  </way>
  <way id="1336820258" version="3" timestamp="2025-02-02T11:12:13Z" changeset="162041382" uid="95856" user="⇄ john paul jones &amp; gringo">
    <nd ref="12364858832"/>
    <nd ref="12364858834"/>
    <nd ref="12364858835"/>
    <nd ref="12364858833"/>
    <nd ref="12364858832"/>
    <tag k="addr:city" v="Nottingham"/>
    <tag k="addr:country" v="GB"/>
    <tag k="addr:housenumber" v="4"/>
    <tag k="addr:postcode" v="NG14 7BD"/>
    <tag k="addr:street" v="Barker Hill"/>
    <tag k="addr:suburb" v="Lowdham"/>
    <tag k="building" v="house"/>
    <tag k="ref:GB:uprn" v="100031463672"/>
  </way>
  <way id="1336820265" version="3" timestamp="2025-02-02T11:12:13Z" changeset="162041382" uid="95856" user="⇄ john paul jones &amp; gringo">
    <nd ref="12364858851"/>
    <nd ref="12364858875"/>
    <nd ref="12364858852"/>
    <nd ref="12364858876"/>
    <nd ref="12364858874"/>
    <nd ref="12364858873"/>
    <nd ref="12364858853"/>
    <nd ref="12364858854"/>
    <nd ref="12364858851"/>
    <tag k="addr:city" v="Nottingham"/>
    <tag k="addr:country" v="GB"/>
    <tag k="addr:housenumber" v="21"/>
    <tag k="addr:postcode" v="NG14 7BD"/>
    <tag k="addr:street" v="Francklin Road"/>
    <tag k="addr:suburb" v="Lowdham"/>
    <tag k="building" v="house"/>
    <tag k="ref:GB:uprn" v="100031464053"/>
  </way>
  <way id="1336820266" version="3" timestamp="2025-02-02T11:12:13Z" changeset="162041382" uid="95856" user="⇄ john paul jones &amp; gringo">
    <nd ref="12364858853"/>
    <nd ref="12364858855"/>
    <nd ref="12364858856"/>
    <nd ref="12364858854"/>
    <nd ref="12364858853"/>
    <tag k="addr:city" v="Nottingham"/>
    <tag k="addr:country" v="GB"/>
    <tag k="addr:housenumber" v="22"/>
    <tag k="addr:postcode" v="NG14 7BD"/>
    <tag k="addr:street" v="Francklin Road"/>
    <tag k="addr:suburb" v="Lowdham"/>
    <tag k="building" v="house"/>
    <tag k="ref:GB:uprn" v="100031464054"/>
  </way>
  <way id="1336820267" version="3" timestamp="2025-02-02T11:12:13Z" changeset="162041382" uid="95856" user="⇄ john paul jones &amp; gringo">
    <nd ref="12364858857"/>
    <nd ref="12364858858"/>
    <nd ref="12364858859"/>
    <nd ref="12364858860"/>
    <nd ref="12364858857"/>
    <tag k="addr:city" v="Nottingham"/>
    <tag k="addr:country" v="GB"/>
    <tag k="addr:housenumber" v="23"/>
    <tag k="addr:postcode" v="NG14 7BD"/>
    <tag k="addr:street" v="Francklin Road"/>
    <tag k="addr:suburb" v="Lowdham"/>
    <tag k="building" v="house"/>
    <tag k="ref:GB:uprn" v="100031464055"/>
  </way>
  <way id="1336820268" version="3" timestamp="2025-02-02T11:12:13Z" changeset="162041382" uid="95856" user="⇄ john paul jones &amp; gringo">
    <nd ref="12364858859"/>
    <nd ref="12364858863"/>
    <nd ref="12364858864"/>
    <nd ref="12364858861"/>
    <nd ref="12364858862"/>
    <nd ref="12364858860"/>
    <nd ref="12364858859"/>
    <tag k="addr:city" v="Nottingham"/>
    <tag k="addr:country" v="GB"/>
    <tag k="addr:housenumber" v="24"/>
    <tag k="addr:postcode" v="NG14 7BD"/>
    <tag k="addr:street" v="Francklin Road"/>
    <tag k="addr:suburb" v="Lowdham"/>
    <tag k="building" v="house"/>
    <tag k="ref:GB:uprn" v="100031464056"/>
  </way>
  <way id="1336820269" version="3" timestamp="2025-02-02T11:12:13Z" changeset="162041382" uid="95856" user="⇄ john paul jones &amp; gringo">
    <nd ref="12364858865"/>
    <nd ref="12364858866"/>
    <nd ref="12364858867"/>
    <nd ref="12364858868"/>
    <nd ref="12364858865"/>
    <tag k="addr:city" v="Nottingham"/>
    <tag k="addr:country" v="GB"/>
    <tag k="addr:housenumber" v="25"/>
    <tag k="addr:postcode" v="NG14 7BD"/>
    <tag k="addr:street" v="Francklin Road"/>
    <tag k="addr:suburb" v="Lowdham"/>
    <tag k="building" v="house"/>
    <tag k="ref:GB:uprn" v="100031464057"/>
  </way>
  <way id="1336820270" version="3" timestamp="2025-02-02T11:12:13Z" changeset="162041382" uid="95856" user="⇄ john paul jones &amp; gringo">
    <nd ref="12364858867"/>
    <nd ref="12364858871"/>
    <nd ref="12364858872"/>
    <nd ref="12364858869"/>
    <nd ref="12364858870"/>
    <nd ref="12364858868"/>
    <nd ref="12364858867"/>
    <tag k="addr:city" v="Nottingham"/>
    <tag k="addr:country" v="GB"/>
    <tag k="addr:housenumber" v="26"/>
    <tag k="addr:postcode" v="NG14 7BD"/>
    <tag k="addr:street" v="Francklin Road"/>
    <tag k="addr:suburb" v="Lowdham"/>
    <tag k="building" v="house"/>
    <tag k="ref:GB:uprn" v="100031464058"/>
  </way>
  <way id="1336820277" version="3" timestamp="2025-02-02T11:12:13Z" changeset="162041382" uid="95856" user="⇄ john paul jones &amp; gringo">
    <nd ref="12364858891"/>
    <nd ref="12364858892"/>
    <nd ref="12364858897"/>
    <nd ref="12364858898"/>
    <nd ref="12364858893"/>
    <nd ref="12364858894"/>
    <nd ref="12364858891"/>
    <tag k="addr:city" v="Nottingham"/>
    <tag k="addr:country" v="GB"/>
    <tag k="addr:housenumber" v="62"/>
    <tag k="addr:postcode" v="NG14 7BD"/>
    <tag k="addr:street" v="Barker Hill"/>
    <tag k="addr:suburb" v="Lowdham"/>
    <tag k="building" v="house"/>
    <tag k="ref:GB:uprn" v="100031463711"/>
  </way>
  <way id="1336820278" version="3" timestamp="2025-02-02T11:12:13Z" changeset="162041382" uid="95856" user="⇄ john paul jones &amp; gringo">
    <nd ref="12364858895"/>
    <nd ref="12364858896"/>
    <nd ref="12364858891"/>
    <nd ref="12364858894"/>
    <nd ref="12364858895"/>
    <tag k="addr:city" v="Nottingham"/>
    <tag k="addr:country" v="GB"/>
    <tag k="addr:housenumber" v="64"/>
    <tag k="addr:postcode" v="NG14 7BD"/>
    <tag k="addr:street" v="Barker Hill"/>
    <tag k="addr:suburb" v="Lowdham"/>
    <tag k="building" v="house"/>
    <tag k="ref:GB:uprn" v="100031463712"/>
  </way>
  <way id="1336820282" version="3" timestamp="2025-02-02T11:12:13Z" changeset="162041382" uid="95856" user="⇄ john paul jones &amp; gringo">
    <nd ref="12364858911"/>
    <nd ref="12364858912"/>
    <nd ref="12364858913"/>
    <nd ref="12364858914"/>
    <nd ref="12364858911"/>
    <tag k="addr:city" v="Nottingham"/>
    <tag k="addr:country" v="GB"/>
    <tag k="addr:housenumber" v="66"/>
    <tag k="addr:postcode" v="NG14 7BD"/>
    <tag k="addr:street" v="Barker Hill"/>
    <tag k="addr:suburb" v="Lowdham"/>
    <tag k="building" v="house"/>
    <tag k="ref:GB:uprn" v="100031463713"/>
  </way>
  <way id="1336820283" version="2" timestamp="2025-02-02T11:12:13Z" changeset="162041382" uid="95856" user="⇄ john paul jones &amp; gringo">
    <nd ref="12364858915"/>
    <nd ref="12364858916"/>
    <nd ref="12364858911"/>
    <nd ref="12364858914"/>
    <nd ref="12364858915"/>
    <tag k="addr:city" v="Nottingham"/>
    <tag k="addr:country" v="GB"/>
    <tag k="addr:housenumber" v="38"/>
    <tag k="addr:postcode" v="NG14 7BD"/>
    <tag k="addr:street" v="Barker Hill"/>
    <tag k="addr:suburb" v="Lowdham"/>
    <tag k="building" v="house"/>
  </way>
  <way id="1336820284" version="3" timestamp="2025-02-02T11:12:13Z" changeset="162041382" uid="95856" user="⇄ john paul jones &amp; gringo">
    <nd ref="12364858917"/>
    <nd ref="12364858923"/>
    <nd ref="12364858924"/>
    <nd ref="12364858918"/>
    <nd ref="12364858919"/>
    <nd ref="12364858920"/>
    <nd ref="12364858917"/>
    <tag k="addr:city" v="Nottingham"/>
    <tag k="addr:country" v="GB"/>
    <tag k="addr:housenumber" v="70"/>
    <tag k="addr:postcode" v="NG14 7BD"/>
    <tag k="addr:street" v="Barker Hill"/>
    <tag k="addr:suburb" v="Lowdham"/>
    <tag k="building" v="house"/>
    <tag k="ref:GB:uprn" v="100031463715"/>
  </way>
  <way id="1336820285" version="3" timestamp="2025-02-02T11:12:13Z" changeset="162041382" uid="95856" user="⇄ john paul jones &amp; gringo">
    <nd ref="12364858921"/>
    <nd ref="12364858922"/>
    <nd ref="12364858917"/>
    <nd ref="12364858920"/>
    <nd ref="12364858921"/>
    <tag k="addr:city" v="Nottingham"/>
    <tag k="addr:country" v="GB"/>
    <tag k="addr:housenumber" v="72"/>
    <tag k="addr:postcode" v="NG14 7BD"/>
    <tag k="addr:street" v="Barker Hill"/>
    <tag k="addr:suburb" v="Lowdham"/>
    <tag k="building" v="house"/>
    <tag k="ref:GB:uprn" v="100031463716"/>
  </way>
  <way id="1336820286" version="3" timestamp="2025-02-02T11:12:13Z" changeset="162041382" uid="95856" user="⇄ john paul jones &amp; gringo">
    <nd ref="12364858925"/>
    <nd ref="12364858926"/>
    <nd ref="12364858927"/>
    <nd ref="12364858928"/>
    <nd ref="12364858925"/>
    <tag k="addr:city" v="Nottingham"/>
    <tag k="addr:country" v="GB"/>
    <tag k="addr:housenumber" v="56"/>
    <tag k="addr:postcode" v="NG14 7BD"/>
    <tag k="addr:street" v="Barker Hill"/>
    <tag k="addr:suburb" v="Lowdham"/>
    <tag k="building" v="house"/>
    <tag k="ref:GB:uprn" v="100031463708"/>
  </way>
  <way id="1336820287" version="3" timestamp="2025-02-02T11:12:13Z" changeset="162041382" uid="95856" user="⇄ john paul jones &amp; gringo">
    <nd ref="12364858929"/>
    <nd ref="12364858930"/>
    <nd ref="12364858925"/>
    <nd ref="12364858928"/>
    <nd ref="12364858929"/>
    <tag k="addr:city" v="Nottingham"/>
    <tag k="addr:country" v="GB"/>
    <tag k="addr:housenumber" v="54"/>
    <tag k="addr:postcode" v="NG14 7BD"/>
    <tag k="addr:street" v="Barker Hill"/>
    <tag k="addr:suburb" v="Lowdham"/>
    <tag k="building" v="house"/>
    <tag k="ref:GB:uprn" v="100031463707"/>
  </way>
  <way id="1336820288" version="2" timestamp="2025-02-02T11:12:13Z" changeset="162041382" uid="95856" user="⇄ john paul jones &amp; gringo">
    <nd ref="12364858931"/>
    <nd ref="12364858932"/>
    <nd ref="12364858933"/>
    <nd ref="12364858934"/>
    <nd ref="12364858931"/>
    <tag k="addr:city" v="Nottingham"/>
    <tag k="addr:country" v="GB"/>
    <tag k="addr:housenumber" v="60"/>
    <tag k="addr:postcode" v="NG14 7BD"/>
    <tag k="addr:street" v="Barker Hill"/>
    <tag k="addr:suburb" v="Lowdham"/>
    <tag k="building" v="house"/>
  </way>
  <way id="1336820289" version="3" timestamp="2025-02-02T11:12:13Z" changeset="162041382" uid="95856" user="⇄ john paul jones &amp; gringo">
    <nd ref="12364858935"/>
    <nd ref="12364858936"/>
    <nd ref="12364858931"/>
    <nd ref="12364858934"/>
    <nd ref="12364858935"/>
    <tag k="addr:city" v="Nottingham"/>
    <tag k="addr:country" v="GB"/>
    <tag k="addr:housenumber" v="58"/>
    <tag k="addr:postcode" v="NG14 7BD"/>
    <tag k="addr:street" v="Barker Hill"/>
    <tag k="addr:suburb" v="Lowdham"/>
    <tag k="building" v="house"/>
    <tag k="ref:GB:uprn" v="100031463709"/>
  </way>
  <way id="1336820290" version="3" timestamp="2025-02-02T11:12:13Z" changeset="162041382" uid="95856" user="⇄ john paul jones &amp; gringo">
    <nd ref="12364858937"/>
    <nd ref="12364858938"/>
    <nd ref="12364858939"/>
    <nd ref="12364858940"/>
    <nd ref="12364858937"/>
    <tag k="addr:city" v="Nottingham"/>
    <tag k="addr:country" v="GB"/>
    <tag k="addr:housenumber" v="52"/>
    <tag k="addr:postcode" v="NG14 7BD"/>
    <tag k="addr:street" v="Barker Hill"/>
    <tag k="addr:suburb" v="Lowdham"/>
    <tag k="building" v="house"/>
    <tag k="ref:GB:uprn" v="100031463706"/>
  </way>
  <way id="1336820291" version="3" timestamp="2025-02-02T11:12:13Z" changeset="162041382" uid="95856" user="⇄ john paul jones &amp; gringo">
    <nd ref="12364858941"/>
    <nd ref="12364858942"/>
    <nd ref="12364858937"/>
    <nd ref="12364858940"/>
    <nd ref="12364858953"/>
    <nd ref="12364858954"/>
    <nd ref="12364858955"/>
    <nd ref="12364858952"/>
    <nd ref="12364858941"/>
    <tag k="addr:city" v="Nottingham"/>
    <tag k="addr:country" v="GB"/>
    <tag k="addr:housenumber" v="50"/>
    <tag k="addr:postcode" v="NG14 7BD"/>
    <tag k="addr:street" v="Barker Hill"/>
    <tag k="addr:suburb" v="Lowdham"/>
    <tag k="building" v="house"/>
    <tag k="ref:GB:uprn" v="100031463705"/>
  </way>
  <way id="1336820292" version="3" timestamp="2025-02-02T11:12:13Z" changeset="162041382" uid="95856" user="⇄ john paul jones &amp; gringo">
    <nd ref="12364858943"/>
    <nd ref="12364858944"/>
    <nd ref="12364858945"/>
    <nd ref="12364858951"/>
    <nd ref="12364858950"/>
    <nd ref="12364858949"/>
    <nd ref="12364858946"/>
    <nd ref="12364858943"/>
    <tag k="addr:city" v="Nottingham"/>
    <tag k="addr:country" v="GB"/>
    <tag k="addr:housenumber" v="48"/>
    <tag k="addr:postcode" v="NG14 7BD"/>
    <tag k="addr:street" v="Barker Hill"/>
    <tag k="addr:suburb" v="Lowdham"/>
    <tag k="building" v="house"/>
    <tag k="ref:GB:uprn" v="100031463704"/>
  </way>
  <way id="1336820293" version="3" timestamp="2025-02-02T11:12:13Z" changeset="162041382" uid="95856" user="⇄ john paul jones &amp; gringo">
    <nd ref="12364858947"/>
    <nd ref="12364858948"/>
    <nd ref="12364858943"/>
    <nd ref="12364858946"/>
    <nd ref="12364858947"/>
    <tag k="addr:city" v="Nottingham"/>
    <tag k="addr:country" v="GB"/>
    <tag k="addr:housenumber" v="46"/>
    <tag k="addr:postcode" v="NG14 7BD"/>
    <tag k="addr:street" v="Barker Hill"/>
    <tag k="addr:suburb" v="Lowdham"/>
    <tag k="building" v="house"/>
    <tag k="ref:GB:uprn" v="100031463703"/>
  </way>
  <way id="1336820296" version="1" timestamp="2024-11-22T12:33:14Z" changeset="159456955" uid="6714692" user="Fingrmouse">
    <nd ref="12364858960"/>
    <nd ref="12364858961"/>
    <tag k="highway" v="residential"/>
    <tag k="name" v="Barker Hill"/>
  </way>
  <way id="1336820357" version="1" timestamp="2024-11-22T12:33:14Z" changeset="159456955" uid="6714692" user="Fingrmouse">
    <nd ref="4600444587"/>
    <nd ref="12364859199"/>
    <nd ref="12364859193"/>
    <nd ref="12364859194"/>
    <nd ref="4600444588"/>
    <nd ref="4600444587"/>
    <tag k="amenity" v="doctors"/>
    <tag k="building" v="yes"/>
    <tag k="healthcare" v="doctor"/>
    <tag k="healthcare:speciality" v="general"/>
    <tag k="name" v="Lowdham Health Centre"/>
    <tag k="operator" v="The Jubilee Practice"/>
  </way>
  <way id="1337708935" version="1" timestamp="2024-11-25T13:11:12Z" changeset="159573006" uid="6714692" user="Fingrmouse">
    <nd ref="503671143"/>
    <nd ref="11056300470"/>
    <nd ref="12373644844"/>
    <nd ref="12373644845"/>
    <nd ref="11056300468"/>
    <tag k="highway" v="residential"/>
    <tag k="name" v="Magna Close"/>
  </way>
  <way id="1337708937" version="3" timestamp="2025-02-02T11:12:13Z" changeset="162041382" uid="95856" user="⇄ john paul jones &amp; gringo">
    <nd ref="12373644846"/>
    <nd ref="12373644847"/>
    <nd ref="12373644848"/>
    <nd ref="12373644850"/>
    <nd ref="12373644849"/>
    <nd ref="12373644846"/>
    <tag k="addr:city" v="Nottingham"/>
    <tag k="addr:country" v="GB"/>
    <tag k="addr:housenumber" v="21"/>
    <tag k="addr:postcode" v="NG14 7BD"/>
    <tag k="addr:street" v="Barker Hill"/>
    <tag k="addr:suburb" v="Lowdham"/>
    <tag k="building" v="house"/>
    <tag k="ref:GB:uprn" v="100031463689"/>
  </way>
  <way id="1337708938" version="3" timestamp="2025-02-02T11:12:13Z" changeset="162041382" uid="95856" user="⇄ john paul jones &amp; gringo">
    <nd ref="12373644850"/>
    <nd ref="12373644851"/>
    <nd ref="12373644852"/>
    <nd ref="12373644853"/>
    <nd ref="12373644854"/>
    <nd ref="12373644848"/>
    <nd ref="12373644850"/>
    <tag k="addr:city" v="Nottingham"/>
    <tag k="addr:country" v="GB"/>
    <tag k="addr:housenumber" v="23"/>
    <tag k="addr:postcode" v="NG14 7BD"/>
    <tag k="addr:street" v="Barker Hill"/>
    <tag k="addr:suburb" v="Lowdham"/>
    <tag k="building" v="house"/>
    <tag k="ref:GB:uprn" v="100031463691"/>
  </way>
  <way id="1337708939" version="3" timestamp="2025-02-02T11:12:13Z" changeset="162041382" uid="95856" user="⇄ john paul jones &amp; gringo">
    <nd ref="12373644855"/>
    <nd ref="12373644856"/>
    <nd ref="12373644857"/>
    <nd ref="12373644858"/>
    <nd ref="12373644855"/>
    <tag k="addr:city" v="Nottingham"/>
    <tag k="addr:country" v="GB"/>
    <tag k="addr:housenumber" v="19"/>
    <tag k="addr:postcode" v="NG14 7BD"/>
    <tag k="addr:street" v="Barker Hill"/>
    <tag k="addr:suburb" v="Lowdham"/>
    <tag k="building" v="house"/>
    <tag k="ref:GB:uprn" v="100031463687"/>
  </way>
  <way id="1337708940" version="3" timestamp="2025-02-02T11:12:13Z" changeset="162041382" uid="95856" user="⇄ john paul jones &amp; gringo">
    <nd ref="12373644857"/>
    <nd ref="12373644859"/>
    <nd ref="12373644860"/>
    <nd ref="12373644858"/>
    <nd ref="12373644857"/>
    <tag k="addr:city" v="Nottingham"/>
    <tag k="addr:country" v="GB"/>
    <tag k="addr:housenumber" v="17"/>
    <tag k="addr:postcode" v="NG14 7BD"/>
    <tag k="addr:street" v="Barker Hill"/>
    <tag k="addr:suburb" v="Lowdham"/>
    <tag k="building" v="house"/>
    <tag k="ref:GB:uprn" v="100031463685"/>
  </way>
  <way id="1337708946" version="3" timestamp="2025-02-02T11:12:13Z" changeset="162041382" uid="95856" user="⇄ john paul jones &amp; gringo">
    <nd ref="12373644881"/>
    <nd ref="12373644887"/>
    <nd ref="12373644882"/>
    <nd ref="12373644883"/>
    <nd ref="12373644884"/>
    <nd ref="12373644885"/>
    <nd ref="12373644886"/>
    <nd ref="12373644881"/>
    <tag k="addr:city" v="Nottingham"/>
    <tag k="addr:country" v="GB"/>
    <tag k="addr:housenumber" v="15"/>
    <tag k="addr:postcode" v="NG14 7BD"/>
    <tag k="addr:street" v="Barker Hill"/>
    <tag k="addr:suburb" v="Lowdham"/>
    <tag k="building" v="house"/>
    <tag k="ref:GB:uprn" v="100031463683"/>
  </way>
  <way id="1337708947" version="3" timestamp="2025-02-02T11:12:13Z" changeset="162041382" uid="95856" user="⇄ john paul jones &amp; gringo">
    <nd ref="12373644887"/>
    <nd ref="12373644888"/>
    <nd ref="12373644889"/>
    <nd ref="12373644890"/>
    <nd ref="12373644891"/>
    <nd ref="12373644882"/>
    <nd ref="12373644887"/>
    <tag k="addr:city" v="Nottingham"/>
    <tag k="addr:country" v="GB"/>
    <tag k="addr:housenumber" v="13"/>
    <tag k="addr:postcode" v="NG14 7BD"/>
    <tag k="addr:street" v="Barker Hill"/>
    <tag k="addr:suburb" v="Lowdham"/>
    <tag k="building" v="house"/>
    <tag k="ref:GB:uprn" v="100031463681"/>
  </way>
  <way id="1337708951" version="3" timestamp="2025-02-02T11:12:13Z" changeset="162041382" uid="95856" user="⇄ john paul jones &amp; gringo">
    <nd ref="12373646304"/>
    <nd ref="12373646305"/>
    <nd ref="12373646306"/>
    <nd ref="12373646307"/>
    <nd ref="12373646308"/>
    <nd ref="12373646309"/>
    <nd ref="12373646304"/>
    <tag k="addr:city" v="Nottingham"/>
    <tag k="addr:country" v="GB"/>
    <tag k="addr:housenumber" v="11"/>
    <tag k="addr:postcode" v="NG14 7BD"/>
    <tag k="addr:street" v="Barker Hill"/>
    <tag k="addr:suburb" v="Lowdham"/>
    <tag k="building" v="house"/>
    <tag k="ref:GB:uprn" v="100031463679"/>
  </way>
  <way id="1337708952" version="3" timestamp="2025-02-02T11:12:13Z" changeset="162041382" uid="95856" user="⇄ john paul jones &amp; gringo">
    <nd ref="12373646304"/>
    <nd ref="12373646310"/>
    <nd ref="12373646311"/>
    <nd ref="12373646305"/>
    <nd ref="12373646304"/>
    <tag k="addr:city" v="Nottingham"/>
    <tag k="addr:country" v="GB"/>
    <tag k="addr:housenumber" v="9"/>
    <tag k="addr:postcode" v="NG14 7BD"/>
    <tag k="addr:street" v="Barker Hill"/>
    <tag k="addr:suburb" v="Lowdham"/>
    <tag k="building" v="house"/>
    <tag k="ref:GB:uprn" v="100031463677"/>
  </way>
  <way id="1337708957" version="3" timestamp="2025-02-02T11:12:13Z" changeset="162041382" uid="95856" user="⇄ john paul jones &amp; gringo">
    <nd ref="12373646330"/>
    <nd ref="12373646331"/>
    <nd ref="12373646332"/>
    <nd ref="12373646333"/>
    <nd ref="12373646334"/>
    <nd ref="12373646335"/>
    <nd ref="12373646336"/>
    <nd ref="12373646337"/>
    <nd ref="12373646330"/>
    <tag k="addr:city" v="Nottingham"/>
    <tag k="addr:country" v="GB"/>
    <tag k="addr:housenumber" v="5"/>
    <tag k="addr:postcode" v="NG14 7BD"/>
    <tag k="addr:street" v="Barker Hill"/>
    <tag k="addr:suburb" v="Lowdham"/>
    <tag k="building" v="house"/>
    <tag k="ref:GB:uprn" v="100031463673"/>
  </way>
  <way id="1337708958" version="3" timestamp="2025-02-02T11:12:13Z" changeset="162041382" uid="95856" user="⇄ john paul jones &amp; gringo">
    <nd ref="12373646335"/>
    <nd ref="12373646338"/>
    <nd ref="12373646339"/>
    <nd ref="12373646334"/>
    <nd ref="12373646335"/>
    <tag k="addr:city" v="Nottingham"/>
    <tag k="addr:country" v="GB"/>
    <tag k="addr:housenumber" v="7"/>
    <tag k="addr:postcode" v="NG14 7BD"/>
    <tag k="addr:street" v="Barker Hill"/>
    <tag k="addr:suburb" v="Lowdham"/>
    <tag k="building" v="house"/>
    <tag k="ref:GB:uprn" v="100031463675"/>
  </way>
  <way id="1337708959" version="3" timestamp="2025-02-02T11:12:13Z" changeset="162041382" uid="95856" user="⇄ john paul jones &amp; gringo">
    <nd ref="12373646340"/>
    <nd ref="12373646346"/>
    <nd ref="12373646341"/>
    <nd ref="12373646342"/>
    <nd ref="12373646343"/>
    <nd ref="12373646344"/>
    <nd ref="12373646345"/>
    <nd ref="12373646340"/>
    <tag k="addr:city" v="Nottingham"/>
    <tag k="addr:country" v="GB"/>
    <tag k="addr:housenumber" v="1"/>
    <tag k="addr:postcode" v="NG14 7BD"/>
    <tag k="addr:street" v="Barker Hill"/>
    <tag k="addr:suburb" v="Lowdham"/>
    <tag k="building" v="house"/>
    <tag k="ref:GB:uprn" v="100031463669"/>
  </way>
  <way id="1337708960" version="3" timestamp="2025-02-02T11:12:13Z" changeset="162041382" uid="95856" user="⇄ john paul jones &amp; gringo">
    <nd ref="12373646346"/>
    <nd ref="12373646347"/>
    <nd ref="12373646348"/>
    <nd ref="12373646349"/>
    <nd ref="12373646350"/>
    <nd ref="12373646341"/>
    <nd ref="12373646346"/>
    <tag k="addr:city" v="Nottingham"/>
    <tag k="addr:country" v="GB"/>
    <tag k="addr:housenumber" v="3"/>
    <tag k="addr:postcode" v="NG14 7BD"/>
    <tag k="addr:street" v="Barker Hill"/>
    <tag k="addr:suburb" v="Lowdham"/>
    <tag k="building" v="house"/>
    <tag k="ref:GB:uprn" v="100031463671"/>
  </way>
  <way id="1337708966" version="3" timestamp="2025-02-02T11:12:13Z" changeset="162041382" uid="95856" user="⇄ john paul jones &amp; gringo">
    <nd ref="12373646371"/>
    <nd ref="12373646372"/>
    <nd ref="12373646373"/>
    <nd ref="12373646374"/>
    <nd ref="12373646375"/>
    <nd ref="12373646376"/>
    <nd ref="12373646371"/>
    <tag k="addr:city" v="Nottingham"/>
    <tag k="addr:country" v="GB"/>
    <tag k="addr:housenumber" v="20"/>
    <tag k="addr:postcode" v="NG14 7BD"/>
    <tag k="addr:street" v="Francklin Road"/>
    <tag k="addr:suburb" v="Lowdham"/>
    <tag k="building" v="house"/>
    <tag k="ref:GB:uprn" v="100031464052"/>
  </way>
  <way id="1337708967" version="3" timestamp="2025-02-02T11:12:13Z" changeset="162041382" uid="95856" user="⇄ john paul jones &amp; gringo">
    <nd ref="12373646375"/>
    <nd ref="12373646377"/>
    <nd ref="12373646378"/>
    <nd ref="12373646379"/>
    <nd ref="12373646380"/>
    <nd ref="12373646376"/>
    <nd ref="12373646375"/>
    <tag k="addr:city" v="Nottingham"/>
    <tag k="addr:country" v="GB"/>
    <tag k="addr:housenumber" v="19"/>
    <tag k="addr:postcode" v="NG14 7BD"/>
    <tag k="addr:street" v="Francklin Road"/>
    <tag k="addr:suburb" v="Lowdham"/>
    <tag k="building" v="house"/>
    <tag k="ref:GB:uprn" v="100031464051"/>
  </way>
  <way id="1337709037" version="1" timestamp="2024-11-25T13:11:12Z" changeset="159573006" uid="6714692" user="Fingrmouse">
    <nd ref="12373646674"/>
    <nd ref="12373646675"/>
    <tag k="highway" v="residential"/>
    <tag k="name" v="Nursery Gardens"/>
  </way>
  <way id="1388965625" version="1" timestamp="2025-05-23T10:00:22Z" changeset="166647656" uid="22257229" user="MihaelIvanjek">
    <nd ref="421689309"/>
    <nd ref="421398515"/>
    <nd ref="8997224730"/>
    <nd ref="1825232240"/>
    <nd ref="421398519"/>
    <nd ref="4177041165"/>
    <nd ref="421398403"/>
    <tag k="highway" v="unclassified"/>
    <tag k="name" v="Old Epperstone Road"/>
    <tag k="source" v="NPE"/>
    <tag k="source:name" v="survey"/>
  </way>
  <relation id="18256315" version="1" timestamp="2024-11-06T11:23:31Z" changeset="158813821" uid="6714692" user="Fingrmouse">
    <member type="way" ref="1331339254" role="outer"/>
    <member type="way" ref="1331339255" role="outer"/>
    <tag k="amenity" v="fuel"/>
    <tag k="brand" v="Gulf"/>
    <tag k="brand:wikidata" v="Q5617505"/>
    <tag k="building" v="yes"/>
    <tag k="layer" v="1"/>
    <tag k="name" v="Gulf"/>
    <tag k="type" v="multipolygon"/>
  </relation>

</osm>
