<?xml version="1.0" encoding="UTF-8"?>
<osm version="0.6" generator="Overpass API 0.7.62.8 e802775f">
<note>The data included in this document is from www.openstreetmap.org. The data is made available under ODbL.</note>
<meta osm_base="2025-10-23T16:51:45Z" areas="2025-10-23T08:56:18Z"/>

  <node id="14351666" lat="52.8166825" lon="-1.2285676" version="3" timestamp="2014-08-12T14:02:11Z" changeset="24702488" uid="178626" user="Rovastar"/>
  <node id="34672692" lat="52.8042907" lon="-1.2565227" version="5" timestamp="2014-08-12T14:02:13Z" changeset="24702488" uid="178626" user="Rovastar"/>
  <node id="246110778" lat="52.8352003" lon="-1.2552629" version="9" timestamp="2016-03-29T20:31:57Z" changeset="38152465" uid="207845" user="will_p"/>
  <node id="246111004" lat="52.8354072" lon="-1.2595995" version="4" timestamp="2017-04-19T21:12:26Z" changeset="47952532" uid="207845" user="will_p"/>
  <node id="246111014" lat="52.8394649" lon="-1.2673934" version="7" timestamp="2017-04-19T21:12:26Z" changeset="47952532" uid="207845" user="will_p"/>
  <node id="249244343" lat="52.8065916" lon="-1.2468704" version="4" timestamp="2016-03-28T22:45:25Z" changeset="38131485" uid="207845" user="will_p"/>
  <node id="252734809" lat="52.8352917" lon="-1.2579885" version="6" timestamp="2017-04-19T21:12:26Z" changeset="47952532" uid="207845" user="will_p"/>
  <node id="256318045" lat="52.8294938" lon="-1.2228913" version="4" timestamp="2016-01-28T20:47:37Z" changeset="36865094" uid="1431482" user="JonOrchard"/>
  <node id="258726330" lat="52.8093860" lon="-1.2410416" version="6" timestamp="2025-01-18T22:42:17Z" changeset="161507263" uid="8857" user="philipcullen">
    <tag k="ref:GB:uprn" v="3040072218;3040064148"/>
  </node>
  <node id="307878723" lat="52.8331807" lon="-1.2221686" version="6" timestamp="2016-09-24T23:20:28Z" changeset="42413691" uid="207845" user="will_p"/>
  <node id="1139086960" lat="52.8356485" lon="-1.2572085" version="3" timestamp="2017-04-19T21:12:27Z" changeset="47952532" uid="207845" user="will_p"/>
  <node id="1367999424" lat="52.8313948" lon="-1.2230218" version="4" timestamp="2017-04-24T23:29:00Z" changeset="48105204" uid="207845" user="will_p"/>
  <node id="1571944165" lat="52.8334027" lon="-1.2379080" version="2" timestamp="2016-09-24T23:20:27Z" changeset="42413691" uid="207845" user="will_p"/>
  <way id="2660150" version="12" timestamp="2025-06-05T18:03:50Z" changeset="167234769" uid="21686462" user="Dalts2904">
    <nd ref="256318042"/>
    <nd ref="4804644167"/>
    <nd ref="4804644168"/>
    <nd ref="4804644169"/>
    <nd ref="4804644170"/>
    <nd ref="12889271745"/>
    <nd ref="258726311"/>
    <nd ref="258726310"/>
    <nd ref="4804644164"/>
    <nd ref="4804644130"/>
    <nd ref="258726309"/>
    <nd ref="258726308"/>
    <nd ref="258726307"/>
    <nd ref="4804644115"/>
    <nd ref="4804644114"/>
    <nd ref="258726306"/>
    <nd ref="4804644117"/>
    <nd ref="4804644116"/>
    <nd ref="258726305"/>
    <tag k="designation" v="quiet_lane"/>
    <tag k="highway" v="unclassified"/>
    <tag k="maxspeed" v="60 mph"/>
    <tag k="maxspeed:type" v="GB:nsl_single"/>
    <tag k="name" v="Hungary Lane"/>
    <tag k="note" v="deleted inferred values, not obvious on passing"/>
    <tag k="source:designation" v="survey"/>
    <tag k="source:maxspeed" v="survey"/>
  </way>
  <way id="4219794" version="16" timestamp="2021-08-26T13:53:36Z" changeset="110290297" uid="242345" user="confusedbuffalo">
    <nd ref="14351683"/>
    <nd ref="3012392454"/>
    <nd ref="2679538036"/>
    <tag k="highway" v="primary"/>
    <tag k="maxspeed" v="60 mph"/>
    <tag k="maxspeed:type" v="GB:nsl_single"/>
    <tag k="name" v="Main Street"/>
    <tag k="ref" v="A6006"/>
    <tag k="source:maxspeed" v="survey"/>
  </way>
  <way id="5087680" version="13" timestamp="2025-04-13T22:28:07Z" changeset="164914660" uid="253700" user="hb0">
    <nd ref="34672692"/>
    <nd ref="3012392451"/>
    <nd ref="3012392453"/>
    <nd ref="14351683"/>
    <tag k="bridge" v="yes"/>
    <tag k="bridge:alt_name" v="County Bridge"/>
    <tag k="bridge:name" v="Zouch Bridge"/>
    <tag k="highway" v="primary"/>
    <tag k="lanes" v="2"/>
    <tag k="layer" v="1"/>
    <tag k="lit" v="no"/>
    <tag k="maxspeed" v="60 mph"/>
    <tag k="maxspeed:type" v="GB:nsl_single"/>
    <tag k="maxweightrating" v="18"/>
    <tag k="ref" v="A6006"/>
    <tag k="source:maxspeed" v="survey"/>
    <tag k="surface" v="asphalt"/>
  </way>
  <way id="5087681" version="4" timestamp="2014-04-02T14:54:01Z" changeset="21459891" uid="188349" user="MatSmith">
    <nd ref="34672678"/>
    <nd ref="34672693"/>
    <nd ref="34672694"/>
    <tag k="access" v="yes"/>
    <tag k="highway" v="unclassified"/>
    <tag k="name" v="Main Street"/>
  </way>
  <way id="22884824" version="15" timestamp="2016-03-28T21:08:27Z" changeset="38130103" uid="207845" user="will_p">
    <nd ref="258726330"/>
    <nd ref="3012392501"/>
    <nd ref="3012392508"/>
    <nd ref="3012392509"/>
    <nd ref="258726329"/>
    <nd ref="3012392510"/>
    <nd ref="258726328"/>
    <tag k="highway" v="tertiary"/>
    <tag k="maxspeed" v="40 mph"/>
    <tag k="name" v="Park Lane"/>
  </way>
  <way id="22884830" version="17" timestamp="2016-03-20T18:14:37Z" changeset="37960926" uid="705850" user="Cebderby">
    <nd ref="256318045"/>
    <nd ref="1416392182"/>
    <nd ref="1075931169"/>
    <nd ref="1416392184"/>
    <nd ref="302001373"/>
    <tag k="access" v="yes"/>
    <tag k="bicycle" v="yes"/>
    <tag k="cycleway" v="no"/>
    <tag k="highway" v="tertiary"/>
    <tag k="horse" v="yes"/>
    <tag k="lanes" v="2"/>
    <tag k="lit" v="no"/>
    <tag k="maxspeed" v="40 mph"/>
    <tag k="motor_vehicle" v="yes"/>
    <tag k="name" v="Melton Lane"/>
    <tag k="oneway" v="no"/>
    <tag k="surface" v="asphalt"/>
  </way>
  <way id="23340268" version="11" timestamp="2017-04-19T21:12:37Z" changeset="47952532" uid="207845" user="will_p">
    <nd ref="252734809"/>
    <nd ref="1139087191"/>
    <nd ref="246111003"/>
    <nd ref="4804643777"/>
    <nd ref="4804643770"/>
    <nd ref="246111004"/>
    <tag k="highway" v="tertiary"/>
    <tag k="lanes" v="2"/>
    <tag k="lit" v="yes"/>
    <tag k="maxspeed" v="40 mph"/>
    <tag k="name" v="Station Road"/>
  </way>
  <way id="23340270" version="9" timestamp="2017-04-19T21:12:37Z" changeset="47952532" uid="207845" user="will_p">
    <nd ref="252734815"/>
    <nd ref="252734809"/>
    <tag k="bridge" v="yes"/>
    <tag k="highway" v="tertiary"/>
    <tag k="lanes" v="2"/>
    <tag k="layer" v="1"/>
    <tag k="lit" v="yes"/>
    <tag k="maxspeed" v="40 mph"/>
    <tag k="name" v="Station Road"/>
    <tag k="sidewalk" v="right"/>
  </way>
  <way id="23657162" version="14" timestamp="2022-03-09T22:29:03Z" changeset="118296705" uid="242345" user="confusedbuffalo">
    <nd ref="14351666"/>
    <nd ref="3974639221"/>
    <nd ref="1104820082"/>
    <nd ref="3974639220"/>
    <nd ref="3974639219"/>
    <nd ref="3974634632"/>
    <nd ref="1206792358"/>
    <nd ref="1206792395"/>
    <nd ref="3974634631"/>
    <nd ref="3974634630"/>
    <nd ref="3974634629"/>
    <nd ref="3974634628"/>
    <nd ref="3974634627"/>
    <nd ref="256318042"/>
    <nd ref="3974634626"/>
    <nd ref="3974634625"/>
    <nd ref="3974634624"/>
    <nd ref="3974634623"/>
    <nd ref="1664829737"/>
    <nd ref="3974634622"/>
    <nd ref="3974634621"/>
    <nd ref="3974634620"/>
    <nd ref="1075931085"/>
    <nd ref="3974634619"/>
    <nd ref="1416392161"/>
    <tag k="highway" v="tertiary"/>
    <tag k="lanes" v="2"/>
    <tag k="lit" v="no"/>
    <tag k="maxspeed" v="60 mph"/>
    <tag k="maxspeed:type" v="GB:nsl_single"/>
    <tag k="name" v="Trowell Lane"/>
    <tag k="sidewalk" v="no"/>
    <tag k="source:maxspeed" v="survey"/>
    <tag k="source:name" v="survey"/>
    <tag k="surface" v="asphalt"/>
  </way>
  <way id="23657165" version="10" timestamp="2021-08-26T13:53:36Z" changeset="110290297" uid="242345" user="confusedbuffalo">
    <nd ref="256318045"/>
    <nd ref="1075931102"/>
    <nd ref="3974634618"/>
    <nd ref="1576179009"/>
    <nd ref="2908377893"/>
    <nd ref="256318047"/>
    <nd ref="5156699585"/>
    <nd ref="1075931105"/>
    <nd ref="1075931107"/>
    <nd ref="1075931108"/>
    <nd ref="256318049"/>
    <nd ref="685977297"/>
    <nd ref="5156699599"/>
    <nd ref="5156699594"/>
    <nd ref="5156699587"/>
    <nd ref="5156699586"/>
    <nd ref="5156699588"/>
    <nd ref="5156699593"/>
    <nd ref="5156699600"/>
    <nd ref="685977298"/>
    <nd ref="256318052"/>
    <nd ref="2679422640"/>
    <nd ref="2679422724"/>
    <nd ref="1075931116"/>
    <nd ref="2679422610"/>
    <nd ref="256318054"/>
    <nd ref="2679422729"/>
    <nd ref="2679422723"/>
    <nd ref="256318056"/>
    <nd ref="2679422707"/>
    <nd ref="1075931118"/>
    <nd ref="256318058"/>
    <nd ref="251025439"/>
    <tag k="highway" v="unclassified"/>
    <tag k="maxspeed" v="60 mph"/>
    <tag k="maxspeed:type" v="GB:nsl_single"/>
    <tag k="name" v="Brickyard Lane"/>
    <tag k="source:maxspeed" v="survey"/>
  </way>
  <way id="23872310" version="8" timestamp="2016-03-20T18:14:38Z" changeset="37960926" uid="705850" user="Cebderby">
    <nd ref="246110778"/>
    <nd ref="1139086686"/>
    <nd ref="252734815"/>
    <tag k="highway" v="tertiary"/>
    <tag k="lanes" v="2"/>
    <tag k="lit" v="yes"/>
    <tag k="maxspeed" v="40 mph"/>
    <tag k="name" v="Station Road"/>
  </way>
  <way id="23872311" version="4" timestamp="2017-04-25T23:34:12Z" changeset="48144886" uid="207845" user="will_p">
    <nd ref="258726331"/>
    <nd ref="258726332"/>
    <nd ref="4816838833"/>
    <nd ref="258726333"/>
    <nd ref="3726677015"/>
    <nd ref="3726677014"/>
    <nd ref="258726336"/>
    <nd ref="3726677016"/>
    <nd ref="258726337"/>
    <nd ref="258726338"/>
    <nd ref="258726312"/>
    <tag k="highway" v="residential"/>
    <tag k="name" v="Gables Lea"/>
    <tag k="postal_code" v="LE12 5NW"/>
  </way>
  <way id="23872312" version="5" timestamp="2017-11-18T12:27:59Z" changeset="53899996" uid="437598" user="dmgroom_ct">
    <nd ref="258726339"/>
    <nd ref="3726677155"/>
    <nd ref="3726677170"/>
    <nd ref="258726340"/>
    <nd ref="3726677211"/>
    <nd ref="3726677326"/>
    <nd ref="258726341"/>
    <nd ref="4816838449"/>
    <nd ref="258726342"/>
    <nd ref="3726677375"/>
    <nd ref="3726677376"/>
    <nd ref="258726343"/>
    <tag k="highway" v="residential"/>
    <tag k="name" v="Pasture Lane"/>
    <tag k="postal_code" v="LE12 5PE"/>
  </way>
  <way id="23872313" version="4" timestamp="2017-04-19T23:39:02Z" changeset="47954894" uid="207845" user="will_p">
    <nd ref="246110601"/>
    <nd ref="258726344"/>
    <nd ref="3726677223"/>
    <nd ref="3726677360"/>
    <nd ref="4804783067"/>
    <nd ref="3726677388"/>
    <nd ref="258726345"/>
    <tag k="highway" v="residential"/>
    <tag k="name" v="St Anne's Lane"/>
  </way>
  <way id="23872314" version="4" timestamp="2017-04-19T23:39:02Z" changeset="47954894" uid="207845" user="will_p">
    <nd ref="246110599"/>
    <nd ref="3726677136"/>
    <nd ref="258726346"/>
    <nd ref="3726677145"/>
    <nd ref="258726347"/>
    <nd ref="3726677146"/>
    <nd ref="3726677147"/>
    <nd ref="4804778699"/>
    <nd ref="258726348"/>
    <nd ref="258726349"/>
    <nd ref="4804778679"/>
    <nd ref="258726350"/>
    <nd ref="4804778678"/>
    <tag k="highway" v="residential"/>
    <tag k="name" v="The Paddocks"/>
  </way>
  <way id="23872315" version="4" timestamp="2017-04-20T23:39:52Z" changeset="47987163" uid="207845" user="will_p">
    <nd ref="258726325"/>
    <nd ref="258726351"/>
    <nd ref="4806683530"/>
    <nd ref="3012392515"/>
    <nd ref="4806683529"/>
    <nd ref="258726352"/>
    <nd ref="3012392516"/>
    <nd ref="3012392517"/>
    <nd ref="258726353"/>
    <nd ref="258726354"/>
    <nd ref="4806683531"/>
    <nd ref="258726355"/>
    <nd ref="3012392522"/>
    <nd ref="3012392523"/>
    <nd ref="258726356"/>
    <nd ref="4806683568"/>
    <nd ref="3012392524"/>
    <nd ref="4806683545"/>
    <nd ref="258726357"/>
    <nd ref="4806683542"/>
    <nd ref="4806683546"/>
    <nd ref="258726358"/>
    <tag k="highway" v="residential"/>
    <tag k="name" v="Charnwood Fields"/>
    <tag k="postal_code" v="LE12 5NP"/>
  </way>
  <way id="23872316" version="3" timestamp="2017-04-20T23:39:52Z" changeset="47987163" uid="207845" user="will_p">
    <nd ref="258726359"/>
    <nd ref="4806683543"/>
    <nd ref="258726353"/>
    <tag k="highway" v="residential"/>
    <tag k="name" v="Sutton Close"/>
    <tag k="postal_code" v="LE12 5NR"/>
  </way>
  <way id="23872317" version="4" timestamp="2017-04-20T23:39:52Z" changeset="47987163" uid="207845" user="will_p">
    <nd ref="258726360"/>
    <nd ref="258726361"/>
    <nd ref="3012392528"/>
    <nd ref="258726362"/>
    <nd ref="3012392530"/>
    <nd ref="258726363"/>
    <nd ref="4806683280"/>
    <nd ref="4806683300"/>
    <nd ref="3012392532"/>
    <nd ref="258726364"/>
    <nd ref="258726365"/>
    <tag k="highway" v="residential"/>
    <tag k="name" v="Charnwood Avenue"/>
  </way>
  <way id="23872318" version="4" timestamp="2017-04-21T23:37:47Z" changeset="48018915" uid="207845" user="will_p">
    <nd ref="258726373"/>
    <nd ref="4808666284"/>
    <nd ref="258726374"/>
    <nd ref="3012392650"/>
    <nd ref="4808666286"/>
    <nd ref="3012392649"/>
    <nd ref="258726375"/>
    <nd ref="258726376"/>
    <nd ref="3012392646"/>
    <nd ref="3012392645"/>
    <nd ref="258726377"/>
    <nd ref="4808666356"/>
    <nd ref="258726378"/>
    <tag k="highway" v="residential"/>
    <tag k="name" v="Orchard Close"/>
  </way>
  <way id="23872319" version="4" timestamp="2017-04-21T23:37:47Z" changeset="48018915" uid="207845" user="will_p">
    <nd ref="258726322"/>
    <nd ref="258726379"/>
    <nd ref="4808666068"/>
    <nd ref="3012392644"/>
    <nd ref="258726380"/>
    <nd ref="258726381"/>
    <nd ref="258726376"/>
    <tag k="highway" v="residential"/>
    <tag k="name" v="Orchard Close"/>
  </way>
  <way id="23872320" version="3" timestamp="2013-02-03T18:10:55Z" changeset="14900237" uid="207845" user="will_p">
    <nd ref="258726382"/>
    <nd ref="258726366"/>
    <tag k="alt_name" v="Shepherd's Close"/>
    <tag k="highway" v="residential"/>
    <tag k="name" v="Shepherds Close"/>
    <tag k="postal_code" v="LE12 5NL"/>
  </way>
  <way id="23872321" version="5" timestamp="2025-01-18T20:07:05Z" changeset="161504409" uid="8857" user="philipcullen">
    <nd ref="258726324"/>
    <nd ref="4806683438"/>
    <nd ref="1199393113"/>
    <nd ref="258726383"/>
    <nd ref="258726384"/>
    <nd ref="12512881604"/>
    <nd ref="258726365"/>
    <tag k="highway" v="residential"/>
    <tag k="name" v="Charnwood Avenue"/>
    <tag k="note" v="Surface is mostly asphalt but in poor condition"/>
    <tag k="surface" v="mixed"/>
    <tag k="unadopted" v="yes"/>
  </way>
  <way id="23872386" version="12" timestamp="2017-04-16T23:54:30Z" changeset="47851704" uid="207845" user="will_p">
    <nd ref="521954845"/>
    <nd ref="1139087520"/>
    <nd ref="258726634"/>
    <nd ref="4797399592"/>
    <nd ref="3726677817"/>
    <nd ref="258726633"/>
    <nd ref="246110613"/>
    <tag k="access" v="yes"/>
    <tag k="bicycle" v="yes"/>
    <tag k="foot" v="yes"/>
    <tag k="highway" v="unclassified"/>
    <tag k="horse" v="yes"/>
    <tag k="maxspeed" v="30 mph"/>
    <tag k="motor_vehicle" v="yes"/>
    <tag k="name" v="Landcroft Lane"/>
    <tag k="surface" v="paved"/>
  </way>
  <way id="23872589" version="13" timestamp="2019-12-10T03:22:16Z" changeset="78180297" uid="10455625" user="bmmundad">
    <nd ref="246110613"/>
    <nd ref="4796852758"/>
    <nd ref="3726677818"/>
    <nd ref="3726677819"/>
    <nd ref="252735728"/>
    <nd ref="4796852752"/>
    <nd ref="1369148478"/>
    <nd ref="4796852730"/>
    <nd ref="3726677885"/>
    <nd ref="1369440110"/>
    <nd ref="1369148487"/>
    <nd ref="1369440070"/>
    <nd ref="246110614"/>
    <nd ref="246110616"/>
    <nd ref="712747911"/>
    <tag k="highway" v="tertiary"/>
    <tag k="maxspeed" v="30 mph"/>
    <tag k="name" v="College Road"/>
    <tag k="oneway" v="no"/>
  </way>
  <way id="23872590" version="10" timestamp="2020-06-19T13:04:37Z" changeset="86878867" uid="84681" user="SK53">
    <nd ref="246110610"/>
    <nd ref="3726677782"/>
    <nd ref="1369148483"/>
    <nd ref="4795923403"/>
    <nd ref="3726677788"/>
    <nd ref="4795926351"/>
    <nd ref="252735780"/>
    <nd ref="246110611"/>
    <nd ref="4795923417"/>
    <nd ref="252735781"/>
    <nd ref="3726677805"/>
    <nd ref="252735782"/>
    <nd ref="252735783"/>
    <nd ref="252735747"/>
    <nd ref="3726677813"/>
    <nd ref="3726677814"/>
    <nd ref="252735745"/>
    <tag k="highway" v="tertiary"/>
    <tag k="lanes" v="2"/>
    <tag k="maxspeed" v="30 mph"/>
    <tag k="name" v="Marle Pit Hill"/>
  </way>
  <way id="23872591" version="12" timestamp="2017-04-26T22:46:02Z" changeset="48177362" uid="207845" user="will_p">
    <nd ref="12009336"/>
    <nd ref="4816838718"/>
    <nd ref="3726677018"/>
    <nd ref="258726315"/>
    <nd ref="4808665564"/>
    <nd ref="3726677020"/>
    <nd ref="1744524761"/>
    <nd ref="4804778654"/>
    <nd ref="1744524764"/>
    <nd ref="258726314"/>
    <nd ref="258726313"/>
    <nd ref="258726312"/>
    <nd ref="246110599"/>
    <nd ref="4816838735"/>
    <nd ref="3726677143"/>
    <nd ref="3726677144"/>
    <nd ref="246110600"/>
    <nd ref="3726677148"/>
    <nd ref="4816838703"/>
    <nd ref="3726677162"/>
    <nd ref="4818947924"/>
    <nd ref="3726677167"/>
    <nd ref="246110601"/>
    <nd ref="3726677179"/>
    <nd ref="3726677187"/>
    <nd ref="3726677196"/>
    <nd ref="3726677202"/>
    <nd ref="252735852"/>
    <nd ref="3726677210"/>
    <nd ref="3726677219"/>
    <nd ref="4816838515"/>
    <nd ref="252735853"/>
    <nd ref="3726677365"/>
    <nd ref="258726343"/>
    <nd ref="3726677387"/>
    <nd ref="3726677396"/>
    <nd ref="252735854"/>
    <nd ref="4816838454"/>
    <nd ref="246110602"/>
    <nd ref="1139086845"/>
    <nd ref="246110603"/>
    <tag k="highway" v="tertiary"/>
    <tag k="maxspeed" v="30 mph"/>
    <tag k="name" v="Main Street"/>
  </way>
  <way id="23872592" version="12" timestamp="2024-06-16T00:00:52Z" changeset="152741685" uid="493595" user="Yorvik Prestigitator">
    <nd ref="258726328"/>
    <nd ref="3012392511"/>
    <nd ref="3012392512"/>
    <nd ref="3012392513"/>
    <nd ref="11984380077"/>
    <nd ref="258726327"/>
    <nd ref="3012392514"/>
    <nd ref="258726326"/>
    <nd ref="258726325"/>
    <nd ref="3012392519"/>
    <nd ref="258741360"/>
    <nd ref="258726324"/>
    <nd ref="4806683418"/>
    <nd ref="1199393121"/>
    <nd ref="4808665982"/>
    <nd ref="258726323"/>
    <nd ref="3012392641"/>
    <nd ref="258726322"/>
    <nd ref="2654390866"/>
    <nd ref="3012392651"/>
    <nd ref="258726320"/>
    <nd ref="4806683610"/>
    <nd ref="3819479357"/>
    <nd ref="3012392658"/>
    <nd ref="4806683585"/>
    <nd ref="258726319"/>
    <nd ref="4806683581"/>
    <nd ref="4806683603"/>
    <nd ref="3012392674"/>
    <nd ref="258726318"/>
    <nd ref="3012392676"/>
    <nd ref="4806683570"/>
    <nd ref="3012392677"/>
    <nd ref="258726317"/>
    <nd ref="1744524754"/>
    <nd ref="3012392678"/>
    <nd ref="4808665571"/>
    <nd ref="258726316"/>
    <nd ref="12009336"/>
    <tag k="highway" v="tertiary"/>
    <tag k="maxspeed" v="30 mph"/>
    <tag k="name" v="Park Lane"/>
  </way>
  <way id="23872594" version="5" timestamp="2021-01-13T01:39:07Z" changeset="97402931" uid="322039" user="MacLondon">
    <nd ref="258726298"/>
    <nd ref="4804778649"/>
    <nd ref="12009338"/>
    <tag k="highway" v="unclassified"/>
    <tag k="maxheight" v="11'0&quot;"/>
    <tag k="maxspeed" v="30 mph"/>
    <tag k="name" v="Hungary Lane"/>
  </way>
  <way id="23872608" version="5" timestamp="2025-01-18T20:07:05Z" changeset="161504409" uid="8857" user="philipcullen">
    <nd ref="258726365"/>
    <nd ref="12512881605"/>
    <nd ref="258726366"/>
    <nd ref="258726367"/>
    <nd ref="4808666355"/>
    <nd ref="258726368"/>
    <nd ref="4808666354"/>
    <nd ref="258726378"/>
    <nd ref="4808666353"/>
    <nd ref="258726369"/>
    <nd ref="258726370"/>
    <nd ref="3012392640"/>
    <nd ref="3012392639"/>
    <nd ref="4808666115"/>
    <nd ref="3012392638"/>
    <nd ref="258726371"/>
    <nd ref="4808666241"/>
    <nd ref="258726372"/>
    <nd ref="4808666242"/>
    <nd ref="3012392636"/>
    <nd ref="258726323"/>
    <tag k="highway" v="residential"/>
    <tag k="name" v="Willow Poole Lane"/>
  </way>
  <way id="30022990" version="12" timestamp="2017-04-15T23:39:59Z" changeset="47827072" uid="207845" user="will_p">
    <nd ref="252735779"/>
    <nd ref="3726677772"/>
    <nd ref="2140407946"/>
    <nd ref="2140407948"/>
    <nd ref="1453731591"/>
    <nd ref="4795926341"/>
    <nd ref="1453715525"/>
    <nd ref="4795926328"/>
    <nd ref="3726677811"/>
    <nd ref="4795926376"/>
    <nd ref="330546591"/>
    <nd ref="1367977036"/>
    <tag k="access" v="yes"/>
    <tag k="bicycle" v="yes"/>
    <tag k="cycleway" v="no"/>
    <tag k="foot" v="yes"/>
    <tag k="highway" v="residential"/>
    <tag k="horse" v="yes"/>
    <tag k="motor_vehicle" v="yes"/>
    <tag k="name" v="Soar Lane"/>
    <tag k="surface" v="paved"/>
  </way>
  <way id="57222622" version="4" timestamp="2015-09-02T21:04:11Z" changeset="33761019" uid="207845" user="will_p">
    <nd ref="712748520"/>
    <nd ref="712748522"/>
    <nd ref="712748523"/>
    <nd ref="3726678008"/>
    <nd ref="3726678006"/>
    <nd ref="712748525"/>
    <nd ref="3726678016"/>
    <nd ref="712748528"/>
    <nd ref="3726678014"/>
    <nd ref="3726678013"/>
    <nd ref="3726678010"/>
    <nd ref="712748520"/>
    <tag k="building" v="yes"/>
    <tag k="name" v="Central Stores"/>
  </way>
  <way id="57222637" version="4" timestamp="2025-01-18T22:01:37Z" changeset="161507263" uid="8857" user="philipcullen">
    <nd ref="712748542"/>
    <nd ref="712748543"/>
    <nd ref="712748544"/>
    <nd ref="712748545"/>
    <nd ref="4085581703"/>
    <nd ref="712748534"/>
    <nd ref="712748535"/>
    <nd ref="712748536"/>
    <nd ref="712748537"/>
    <nd ref="712748542"/>
    <tag k="building" v="university"/>
    <tag k="name" v="South Laboratory"/>
    <tag k="ref:GB:uprn" v="3040072952"/>
  </way>
  <way id="92768388" version="7" timestamp="2017-04-25T21:26:35Z" changeset="48142722" uid="207845" user="will_p">
    <nd ref="307878723"/>
    <nd ref="3974628542"/>
    <nd ref="1416392266"/>
    <nd ref="1416392264"/>
    <nd ref="307878724"/>
    <nd ref="1416392241"/>
    <nd ref="4816680491"/>
    <nd ref="1416392235"/>
    <nd ref="1416392224"/>
    <nd ref="3974628543"/>
    <nd ref="1367999423"/>
    <tag k="highway" v="tertiary"/>
    <tag k="maxspeed" v="40 mph"/>
    <tag k="name" v="Pithouse Lane"/>
  </way>
  <way id="98444730" version="5" timestamp="2017-04-19T21:12:37Z" changeset="47952532" uid="207845" user="will_p">
    <nd ref="1139086960"/>
    <nd ref="1139087014"/>
    <nd ref="4804643983"/>
    <nd ref="4743132768"/>
    <nd ref="4743132791"/>
    <nd ref="4804643964"/>
    <nd ref="4804643965"/>
    <nd ref="1139087054"/>
    <nd ref="4743132754"/>
    <nd ref="4804643982"/>
    <nd ref="1139086686"/>
    <tag k="highway" v="residential"/>
    <tag k="name" v="Chestnuts Close"/>
    <tag k="source:name" v="survey"/>
  </way>
  <way id="98444770" version="7" timestamp="2025-01-18T20:31:52Z" changeset="161504409" uid="8857" user="philipcullen">
    <nd ref="1139086845"/>
    <nd ref="12512904971"/>
    <nd ref="1139086676"/>
    <nd ref="3726677490"/>
    <nd ref="3726677485"/>
    <nd ref="3170681627"/>
    <nd ref="3726677481"/>
    <nd ref="4804783109"/>
    <nd ref="4804783113"/>
    <nd ref="1139087395"/>
    <nd ref="3726677491"/>
    <nd ref="4804783106"/>
    <nd ref="1139086962"/>
    <nd ref="1139087004"/>
    <nd ref="3726677540"/>
    <nd ref="3726677539"/>
    <nd ref="3726677537"/>
    <nd ref="1673892893"/>
    <nd ref="1673892891"/>
    <nd ref="3170681629"/>
    <nd ref="1139086786"/>
    <tag k="highway" v="residential"/>
    <tag k="name" v="Rectory Close"/>
  </way>
  <way id="104380935" version="3" timestamp="2021-04-01T20:11:37Z" changeset="102147141" uid="7037" user="Gregory Williams">
    <nd ref="1204265276"/>
    <nd ref="4816838816"/>
    <nd ref="4816838815"/>
    <nd ref="4816838814"/>
    <nd ref="4816838813"/>
    <nd ref="1204264994"/>
    <nd ref="1204265025"/>
    <nd ref="1204264873"/>
    <nd ref="1204265276"/>
    <tag k="addr:housenumber" v="11"/>
    <tag k="addr:postcode" v="LE12 5NW"/>
    <tag k="addr:street" v="Gables Lea"/>
    <tag k="building" v="detached"/>
    <tag k="ref:GB:uprn" v="3040000213"/>
    <tag k="source:addr" v="survey"/>
    <tag k="source:addr:postcode" v="OS Opendata Codepoint"/>
    <tag k="source:building" v="Bing"/>
  </way>
  <way id="104380937" version="3" timestamp="2021-04-01T20:18:59Z" changeset="102147385" uid="7037" user="Gregory Williams">
    <nd ref="1204263371"/>
    <nd ref="1204265702"/>
    <nd ref="4806683437"/>
    <nd ref="4806683436"/>
    <nd ref="1204265707"/>
    <nd ref="1204266493"/>
    <nd ref="1204263371"/>
    <tag k="addr:housenumber" v="95"/>
    <tag k="addr:postcode" v="LE12 5NQ"/>
    <tag k="addr:street" v="Park Lane"/>
    <tag k="building" v="detached"/>
    <tag k="ref:GB:uprn" v="3040000929"/>
    <tag k="source:addr" v="survey"/>
    <tag k="source:addr:postcode" v="OS Opendata Codepoint"/>
    <tag k="source:building" v="Bing"/>
  </way>
  <way id="104380940" version="2" timestamp="2017-04-15T23:40:00Z" changeset="47827072" uid="207845" user="will_p">
    <nd ref="1204264956"/>
    <nd ref="1204266406"/>
    <nd ref="1204262498"/>
    <nd ref="1204264993"/>
    <nd ref="1204264878"/>
    <nd ref="1204264023"/>
    <nd ref="1204264956"/>
    <tag k="addr:housenumber" v="15"/>
    <tag k="addr:postcode" v="LE12 5PA"/>
    <tag k="addr:street" v="Bollard's Lane"/>
    <tag k="building" v="detached"/>
    <tag k="source:addr" v="survey"/>
    <tag k="source:addr:postcode" v="OS Opendata Codepoint"/>
  </way>
  <way id="104380944" version="6" timestamp="2025-01-18T22:01:37Z" changeset="161507263" uid="8857" user="philipcullen">
    <nd ref="1204266529"/>
    <nd ref="1204263837"/>
    <nd ref="1204264672"/>
    <nd ref="1204264462"/>
    <nd ref="1204266529"/>
    <tag k="addr:housenumber" v="18"/>
    <tag k="addr:postcode" v="LE12 5PA"/>
    <tag k="addr:street" v="Bollard's Lane"/>
    <tag k="building" v="semidetached_house"/>
    <tag k="ref:GB:uprn" v="3040000346"/>
    <tag k="source:addr" v="survey"/>
    <tag k="source:addr:postcode" v="OS Opendata Codepoint"/>
  </way>
  <way id="104380945" version="5" timestamp="2025-01-18T22:01:37Z" changeset="161507263" uid="8857" user="philipcullen">
    <nd ref="1204264601"/>
    <nd ref="1204263745"/>
    <nd ref="1204265316"/>
    <nd ref="3726677647"/>
    <nd ref="3726677644"/>
    <nd ref="1204265306"/>
    <nd ref="1204264601"/>
    <tag k="HE_ref" v="1260084"/>
    <tag k="addr:housename" v="Peel Cottage"/>
    <tag k="addr:housenumber" v="129"/>
    <tag k="addr:postcode" v="LE12 5PE"/>
    <tag k="addr:street" v="Main Street"/>
    <tag k="building" v="detached"/>
    <tag k="listed_status" v="Grade II"/>
    <tag k="ref:GB:uprn" v="3040000358"/>
    <tag k="source:addr" v="survey"/>
    <tag k="source:addr:postcode" v="OS Opendata Codepoint"/>
    <tag k="source:listed_status" v="Historic England"/>
    <tag k="wikidata" v="Q26551146"/>
  </way>
  <way id="104380948" version="4" timestamp="2022-02-26T13:34:01Z" changeset="117879080" uid="242345" user="confusedbuffalo">
    <nd ref="1204265140"/>
    <nd ref="4808665939"/>
    <nd ref="4808665936"/>
    <nd ref="4808665944"/>
    <nd ref="4808665943"/>
    <nd ref="1204264465"/>
    <nd ref="4808665940"/>
    <nd ref="1204265140"/>
    <tag k="addr:housenumber" v="25"/>
    <tag k="addr:postcode" v="LE12 5NQ"/>
    <tag k="addr:street" v="Park Lane"/>
    <tag k="building" v="semidetached_house"/>
    <tag k="ref:GB:uprn" v="3040000192"/>
    <tag k="source:addr" v="survey"/>
    <tag k="source:addr:postcode" v="OS Opendata Codepoint"/>
    <tag k="source:building" v="Bing"/>
  </way>
  <way id="104380950" version="4" timestamp="2019-10-07T15:31:26Z" changeset="75383215" uid="417748" user="Dave Venables">
    <nd ref="1204264162"/>
    <nd ref="1204263236"/>
    <nd ref="1204262820"/>
    <nd ref="1204266545"/>
    <nd ref="4816838421"/>
    <nd ref="1204264162"/>
    <tag k="addr:postcode" v="LE12 5PQ"/>
    <tag k="building" v="pavilion"/>
    <tag k="club" v="sport"/>
    <tag k="name" v="Sutton Bonington Cricket Club"/>
    <tag k="sport" v="cricket"/>
  </way>
  <way id="104380953" version="5" timestamp="2025-01-18T20:07:05Z" changeset="161504409" uid="8857" user="philipcullen">
    <nd ref="1204263912"/>
    <nd ref="1204263977"/>
    <nd ref="1204265330"/>
    <nd ref="1204266498"/>
    <nd ref="4806266767"/>
    <nd ref="4806266768"/>
    <nd ref="1204263912"/>
    <tag k="HE_ref" v="1242373"/>
    <tag k="addr:housename" v="Hobgoblins"/>
    <tag k="addr:housenumber" v="6-8"/>
    <tag k="addr:postcode" v="LE12 5NH"/>
    <tag k="addr:street" v="Park Lane"/>
    <tag k="building" v="detached"/>
    <tag k="listed_status" v="Grade II"/>
    <tag k="ref:GB:uprn" v="3040000301"/>
    <tag k="source:addr" v="survey"/>
    <tag k="source:addr:postcode" v="OS Opendata Codepoint"/>
    <tag k="source:building" v="Bing"/>
    <tag k="source:listed_status" v="Historic England"/>
  </way>
  <way id="104380961" version="4" timestamp="2022-02-26T13:34:01Z" changeset="117879080" uid="242345" user="confusedbuffalo">
    <nd ref="1204262826"/>
    <nd ref="4808665599"/>
    <nd ref="4808665598"/>
    <nd ref="4808665591"/>
    <nd ref="4808665592"/>
    <nd ref="4808665593"/>
    <nd ref="1204264352"/>
    <nd ref="1204262826"/>
    <tag k="addr:housenumber" v="3"/>
    <tag k="addr:street" v="Main Street"/>
    <tag k="building" v="semidetached_house"/>
    <tag k="fixme" v="addr:street not certain"/>
    <tag k="ref:GB:uprn" v="3040000140"/>
    <tag k="source:addr" v="survey"/>
  </way>
  <way id="104380964" version="4" timestamp="2025-01-18T22:01:37Z" changeset="161507263" uid="8857" user="philipcullen">
    <nd ref="1204263275"/>
    <nd ref="1204262746"/>
    <nd ref="4795926389"/>
    <nd ref="4795926390"/>
    <nd ref="1204262545"/>
    <nd ref="3726677802"/>
    <nd ref="3726677803"/>
    <nd ref="1204266141"/>
    <nd ref="1204263275"/>
    <tag k="addr:housenumber" v="15A"/>
    <tag k="addr:postcode" v="LE12 5PH"/>
    <tag k="addr:street" v="Soar Lane"/>
    <tag k="building" v="detached"/>
    <tag k="ref:GB:uprn" v="3040000462"/>
    <tag k="source:addr" v="survey"/>
    <tag k="source:addr:postcode" v="OS Opendata Codepoint"/>
  </way>
  <way id="104380966" version="3" timestamp="2017-04-15T23:40:00Z" changeset="47827072" uid="207845" user="will_p">
    <nd ref="1204263071"/>
    <nd ref="1204264712"/>
    <nd ref="1204262327"/>
    <nd ref="1204266512"/>
    <nd ref="1204266515"/>
    <nd ref="1204262741"/>
    <nd ref="3726677713"/>
    <nd ref="1204263232"/>
    <nd ref="1204263071"/>
    <tag k="addr:housenumber" v="14"/>
    <tag k="addr:postcode" v="LE12 5PA"/>
    <tag k="addr:street" v="Bollard's Lane"/>
    <tag k="building" v="detached"/>
    <tag k="source:addr" v="survey"/>
    <tag k="source:addr:postcode" v="OS Opendata Codepoint"/>
  </way>
  <way id="104380968" version="3" timestamp="2025-01-18T22:01:37Z" changeset="161507263" uid="8857" user="philipcullen">
    <nd ref="3726677737"/>
    <nd ref="1204262099"/>
    <nd ref="1204265450"/>
    <nd ref="1204266539"/>
    <nd ref="1204265463"/>
    <nd ref="1204264732"/>
    <nd ref="1204265219"/>
    <nd ref="1204266590"/>
    <nd ref="1204266373"/>
    <nd ref="3726677731"/>
    <nd ref="3726677730"/>
    <nd ref="1204263869"/>
    <nd ref="3726677734"/>
    <nd ref="3726677737"/>
    <tag k="HE_ref" v="1242365"/>
    <tag k="addr:housenumber" v="143"/>
    <tag k="addr:postcode" v="LE12 5PE"/>
    <tag k="addr:street" v="Main Street"/>
    <tag k="building" v="detached"/>
    <tag k="listed_status" v="Grade II"/>
    <tag k="ref:GB:uprn" v="3040000362"/>
    <tag k="source:addr" v="survey"/>
    <tag k="source:addr:postcode" v="OS Opendata Codepoint"/>
    <tag k="source:listed_status" v="Historic England"/>
  </way>
  <way id="104380971" version="3" timestamp="2017-04-19T23:39:03Z" changeset="47954894" uid="207845" user="will_p">
    <nd ref="3726677224"/>
    <nd ref="1204264696"/>
    <nd ref="1204263462"/>
    <nd ref="1204265090"/>
    <nd ref="4804783066"/>
    <nd ref="3726677224"/>
    <tag k="addr:housenumber" v="2"/>
    <tag k="addr:postcode" v="LE12 5NJ"/>
    <tag k="addr:street" v="St Anne's Lane"/>
    <tag k="building" v="detached"/>
    <tag k="source:addr:postcode" v="OS Opendata Codepoint"/>
  </way>
  <way id="104380972" version="3" timestamp="2021-04-01T20:11:37Z" changeset="102147141" uid="7037" user="Gregory Williams">
    <nd ref="4816838757"/>
    <nd ref="4816838772"/>
    <nd ref="4816838771"/>
    <nd ref="1204263317"/>
    <nd ref="1204265354"/>
    <nd ref="1204265296"/>
    <nd ref="1204266542"/>
    <nd ref="1204266146"/>
    <nd ref="1204264911"/>
    <nd ref="1204263686"/>
    <nd ref="4816838757"/>
    <tag k="addr:housenumber" v="16"/>
    <tag k="addr:postcode" v="LE12 5NW"/>
    <tag k="addr:street" v="Gables Lea"/>
    <tag k="building" v="detached"/>
    <tag k="ref:GB:uprn" v="3040000217"/>
    <tag k="source:addr" v="survey"/>
    <tag k="source:addr:postcode" v="OS Opendata Codepoint"/>
    <tag k="source:building" v="Bing"/>
  </way>
  <way id="104380973" version="5" timestamp="2021-04-01T20:11:37Z" changeset="102147141" uid="7037" user="Gregory Williams">
    <nd ref="1204261849"/>
    <nd ref="1204266137"/>
    <nd ref="1204265964"/>
    <nd ref="3726677598"/>
    <nd ref="3726677599"/>
    <nd ref="1204265441"/>
    <nd ref="1204261849"/>
    <tag k="HE_ref" v="1260051"/>
    <tag k="addr:housenumber" v="86"/>
    <tag k="addr:postcode" v="LE12 5PF"/>
    <tag k="addr:street" v="Main Street"/>
    <tag k="building" v="detached"/>
    <tag k="listed_status" v="Grade II"/>
    <tag k="ref:GB:uprn" v="3040000397"/>
    <tag k="source:addr" v="survey"/>
    <tag k="source:addr:postcode" v="OS Opendata Codepoint"/>
    <tag k="source:listed_status" v="Historic England"/>
    <tag k="wikidata" v="Q26551113"/>
  </way>
  <way id="104380974" version="4" timestamp="2022-03-26T18:31:52Z" changeset="118958417" uid="242345" user="confusedbuffalo">
    <nd ref="4808665961"/>
    <nd ref="4808665962"/>
    <nd ref="4808666033"/>
    <nd ref="4808666037"/>
    <nd ref="4808666045"/>
    <nd ref="4808666044"/>
    <nd ref="1204263214"/>
    <nd ref="1204264936"/>
    <nd ref="4808665961"/>
    <tag k="addr:housenumber" v="45"/>
    <tag k="addr:postcode" v="LE12 5NQ"/>
    <tag k="addr:street" v="Park Lane"/>
    <tag k="building" v="house"/>
    <tag k="house" v="terraced"/>
    <tag k="ref:GB:uprn" v="3040000202"/>
    <tag k="source:addr" v="survey"/>
    <tag k="source:addr:postcode" v="OS Opendata Codepoint"/>
    <tag k="source:building" v="Bing"/>
  </way>
  <way id="104380975" version="3" timestamp="2021-04-01T20:11:37Z" changeset="102147141" uid="7037" user="Gregory Williams">
    <nd ref="1204262949"/>
    <nd ref="1204266580"/>
    <nd ref="1204266563"/>
    <nd ref="1204262025"/>
    <nd ref="1204261916"/>
    <nd ref="1204262094"/>
    <nd ref="1204262949"/>
    <tag k="addr:housenumber" v="44"/>
    <tag k="addr:postcode" v="LE12 5PF"/>
    <tag k="addr:street" v="Main Street"/>
    <tag k="building" v="detached"/>
    <tag k="ref:GB:uprn" v="3040000241"/>
    <tag k="source:addr" v="survey"/>
    <tag k="source:addr:postcode" v="OS Opendata Codepoint"/>
    <tag k="source:building" v="Bing"/>
  </way>
  <way id="104380977" version="4" timestamp="2022-03-26T18:31:52Z" changeset="118958417" uid="242345" user="confusedbuffalo">
    <nd ref="4816838488"/>
    <nd ref="4816838486"/>
    <nd ref="4816838487"/>
    <nd ref="3726677201"/>
    <nd ref="3726677194"/>
    <nd ref="4816838489"/>
    <nd ref="4816838488"/>
    <tag k="addr:housenumber" v="26"/>
    <tag k="addr:postcode" v="LE12 5PQ"/>
    <tag k="addr:street" v="Pasture Lane"/>
    <tag k="building" v="house"/>
    <tag k="building_name" v="Hawthorn Cottages"/>
    <tag k="house" v="terraced"/>
    <tag k="source:addr" v="survey"/>
    <tag k="source:addr:postcode" v="OS Opendata Codepoint"/>
    <tag k="source:building" v="Bing"/>
  </way>
  <way id="104380978" version="4" timestamp="2021-04-01T20:11:37Z" changeset="102147141" uid="7037" user="Gregory Williams">
    <nd ref="1204265743"/>
    <nd ref="1204262380"/>
    <nd ref="1204264688"/>
    <nd ref="3726677510"/>
    <nd ref="3726677511"/>
    <nd ref="1204261943"/>
    <nd ref="1204265743"/>
    <tag k="addr:housenumber" v="85"/>
    <tag k="addr:postcode" v="LE12 5PE"/>
    <tag k="addr:street" v="Main Street"/>
    <tag k="building" v="detached"/>
    <tag k="ref:GB:uprn" v="3040000371"/>
    <tag k="source:addr" v="survey"/>
    <tag k="source:addr:postcode" v="OS Opendata Codepoint"/>
  </way>
  <way id="104380980" version="3" timestamp="2021-04-01T20:18:59Z" changeset="102147385" uid="7037" user="Gregory Williams">
    <nd ref="1204262939"/>
    <nd ref="4806266787"/>
    <nd ref="4806266788"/>
    <nd ref="1204264257"/>
    <nd ref="1204262724"/>
    <nd ref="4806266786"/>
    <nd ref="4806266785"/>
    <nd ref="1204265688"/>
    <nd ref="1204262939"/>
    <tag k="addr:housenumber" v="20"/>
    <tag k="addr:postcode" v="LE12 5NH"/>
    <tag k="addr:street" v="Park Lane"/>
    <tag k="building" v="detached"/>
    <tag k="ref:GB:uprn" v="3040000168"/>
    <tag k="source:addr" v="survey"/>
    <tag k="source:addr:postcode" v="OS Opendata Codepoint"/>
    <tag k="source:building" v="Bing"/>
  </way>
  <way id="104380982" version="5" timestamp="2022-02-26T13:34:01Z" changeset="117879080" uid="242345" user="confusedbuffalo">
    <nd ref="1204265667"/>
    <nd ref="1204264365"/>
    <nd ref="3726677411"/>
    <nd ref="3726677410"/>
    <nd ref="3726677404"/>
    <nd ref="3726677408"/>
    <nd ref="1204262038"/>
    <nd ref="1204264240"/>
    <nd ref="3726677412"/>
    <nd ref="3726677416"/>
    <nd ref="3726677422"/>
    <nd ref="3726677426"/>
    <nd ref="1204265667"/>
    <tag k="addr:housenumber" v="9"/>
    <tag k="addr:postcode" v="LE12 5NJ"/>
    <tag k="addr:street" v="St Anne's Lane"/>
    <tag k="building" v="semidetached_house"/>
    <tag k="ref:GB:uprn" v="3040000430"/>
    <tag k="source:addr:postcode" v="OS Opendata Codepoint"/>
  </way>
  <way id="104380984" version="3" timestamp="2025-01-18T20:07:05Z" changeset="161504409" uid="8857" user="philipcullen">
    <nd ref="1204262709"/>
    <nd ref="1204263257"/>
    <nd ref="1204266263"/>
    <nd ref="1204262606"/>
    <nd ref="1204262778"/>
    <nd ref="1204264135"/>
    <nd ref="1204265891"/>
    <nd ref="1204262636"/>
    <nd ref="1204262709"/>
    <tag k="addr:housenumber" v="19A"/>
    <tag k="addr:postcode" v="LE12 5NQ"/>
    <tag k="addr:street" v="Park Lane"/>
    <tag k="building" v="detached"/>
    <tag k="ref:GB:uprn" v="3040000311"/>
    <tag k="source:addr" v="survey"/>
    <tag k="source:addr:postcode" v="OS Opendata Codepoint"/>
    <tag k="source:building" v="Bing"/>
  </way>
  <way id="104380986" version="3" timestamp="2021-04-01T20:11:37Z" changeset="102147141" uid="7037" user="Gregory Williams">
    <nd ref="1204261952"/>
    <nd ref="1204264136"/>
    <nd ref="1204264021"/>
    <nd ref="1204266551"/>
    <nd ref="1204261952"/>
    <tag k="addr:housenumber" v="8"/>
    <tag k="addr:postcode" v="LE12 5NG"/>
    <tag k="addr:street" v="The Paddocks"/>
    <tag k="building" v="detached"/>
    <tag k="ref:GB:uprn" v="3040000272"/>
    <tag k="source:addr" v="survey"/>
    <tag k="source:addr:postcode" v="OS Opendata Codepoint"/>
    <tag k="source:building" v="Bing"/>
  </way>
  <way id="104380988" version="3" timestamp="2025-01-18T20:07:05Z" changeset="161504409" uid="8857" user="philipcullen">
    <nd ref="1204264710"/>
    <nd ref="1204263488"/>
    <nd ref="4806266844"/>
    <nd ref="4806266843"/>
    <nd ref="1204265604"/>
    <nd ref="1204266577"/>
    <nd ref="1204264710"/>
    <tag k="addr:housenumber" v="58"/>
    <tag k="addr:postcode" v="LE12 5NH"/>
    <tag k="addr:street" v="Park Lane"/>
    <tag k="building" v="detached"/>
    <tag k="ref:GB:uprn" v="3040000181"/>
    <tag k="source:addr" v="survey"/>
    <tag k="source:addr:postcode" v="OS Opendata Codepoint"/>
    <tag k="source:building" v="Bing"/>
  </way>
  <way id="104380991" version="3" timestamp="2025-01-18T20:07:05Z" changeset="161504409" uid="8857" user="philipcullen">
    <nd ref="1204264799"/>
    <nd ref="1204265771"/>
    <nd ref="1204264669"/>
    <nd ref="1204262586"/>
    <nd ref="4804778670"/>
    <nd ref="1204264799"/>
    <tag k="addr:housenumber" v="3"/>
    <tag k="addr:postcode" v="LE12 5NG"/>
    <tag k="addr:street" v="Swan Court"/>
    <tag k="building" v="residential"/>
    <tag k="ref:GB:uprn" v="3040000285"/>
    <tag k="source:addr" v="survey"/>
    <tag k="source:addr:postcode" v="OS Opendata Codepoint"/>
    <tag k="source:building" v="Bing"/>
  </way>
  <way id="104380993" version="4" timestamp="2023-03-29T11:52:26Z" changeset="134259874" uid="4944916" user="Something B">
    <nd ref="1204264276"/>
    <nd ref="1204265077"/>
    <nd ref="1204266552"/>
    <nd ref="1204265303"/>
    <nd ref="3726677362"/>
    <nd ref="3726677364"/>
    <nd ref="3726677358"/>
    <nd ref="3726677355"/>
    <nd ref="1204264276"/>
    <tag k="addr:postcode" v="LE12 5NJ"/>
    <tag k="addr:street" v="St Anne's Lane"/>
    <tag k="amenity" v="community_centre"/>
    <tag k="building" v="yes"/>
    <tag k="community_centre" v="village_hall"/>
    <tag k="name" v="Sutton Bonington Village Hall"/>
    <tag k="source:addr:postcode" v="OS Opendata Codepoint"/>
  </way>
  <way id="104380994" version="3" timestamp="2021-04-01T20:18:59Z" changeset="102147385" uid="7037" user="Gregory Williams">
    <nd ref="1204264467"/>
    <nd ref="4806266783"/>
    <nd ref="4806266784"/>
    <nd ref="1204266530"/>
    <nd ref="1204265710"/>
    <nd ref="4806266779"/>
    <nd ref="4806266780"/>
    <nd ref="4806266781"/>
    <nd ref="4806266782"/>
    <nd ref="1204265642"/>
    <nd ref="1204264467"/>
    <tag k="addr:housenumber" v="18"/>
    <tag k="addr:postcode" v="LE12 5NH"/>
    <tag k="addr:street" v="Park Lane"/>
    <tag k="building" v="detached"/>
    <tag k="ref:GB:uprn" v="3040000167"/>
    <tag k="source:addr" v="survey"/>
    <tag k="source:addr:postcode" v="OS Opendata Codepoint"/>
    <tag k="source:building" v="Bing"/>
  </way>
  <way id="104380999" version="3" timestamp="2021-04-01T20:18:59Z" changeset="102147385" uid="7037" user="Gregory Williams">
    <nd ref="1204265587"/>
    <nd ref="1204263891"/>
    <nd ref="1204262995"/>
    <nd ref="1204266062"/>
    <nd ref="1204263074"/>
    <nd ref="1204262468"/>
    <nd ref="1204265587"/>
    <tag k="addr:housenumber" v="17"/>
    <tag k="addr:postcode" v="LE12 5NF"/>
    <tag k="addr:street" v="Orchard Close"/>
    <tag k="building" v="detached"/>
    <tag k="ref:GB:uprn" v="3040000828"/>
    <tag k="source:addr" v="survey"/>
    <tag k="source:addr:postcode" v="OS Opendata Codepoint"/>
    <tag k="source:building" v="Bing"/>
  </way>
  <way id="104381000" version="3" timestamp="2025-01-18T22:01:37Z" changeset="161507263" uid="8857" user="philipcullen">
    <nd ref="1204263561"/>
    <nd ref="1204266471"/>
    <nd ref="1204264357"/>
    <nd ref="1204263097"/>
    <nd ref="1204263561"/>
    <tag k="addr:housename" v="The Dial House"/>
    <tag k="addr:housenumber" v="120"/>
    <tag k="addr:postcode" v="LE12 5PF"/>
    <tag k="addr:street" v="Main Street"/>
    <tag k="building" v="detached"/>
    <tag k="ref:GB:uprn" v="3040000381"/>
    <tag k="source:addr" v="survey"/>
    <tag k="source:addr:postcode" v="OS Opendata Codepoint"/>
  </way>
  <way id="104381002" version="3" timestamp="2021-04-01T20:11:37Z" changeset="102147141" uid="7037" user="Gregory Williams">
    <nd ref="1204265708"/>
    <nd ref="1204263370"/>
    <nd ref="1204264116"/>
    <nd ref="1204262112"/>
    <nd ref="1204265708"/>
    <tag k="addr:housenumber" v="6"/>
    <tag k="addr:postcode" v="LE12 5NG"/>
    <tag k="addr:street" v="The Paddocks"/>
    <tag k="building" v="detached"/>
    <tag k="ref:GB:uprn" v="3040000271"/>
    <tag k="source:addr" v="survey"/>
    <tag k="source:addr:postcode" v="OS Opendata Codepoint"/>
    <tag k="source:building" v="Bing"/>
  </way>
  <way id="104381003" version="7" timestamp="2025-01-18T20:31:52Z" changeset="161504409" uid="8857" user="philipcullen">
    <nd ref="1204262950"/>
    <nd ref="1204264093"/>
    <nd ref="1204262638"/>
    <nd ref="258741368"/>
    <nd ref="3726677424"/>
    <nd ref="3726677427"/>
    <nd ref="1204263601"/>
    <nd ref="1204263624"/>
    <nd ref="1204264708"/>
    <nd ref="1204266405"/>
    <nd ref="1204266350"/>
    <nd ref="1204266145"/>
    <nd ref="1204262118"/>
    <nd ref="1204262591"/>
    <nd ref="1204264707"/>
    <nd ref="1204262950"/>
    <tag k="HE_ref" v="1242374"/>
    <tag k="addr:postcode" v="LE12 5NJ"/>
    <tag k="amenity" v="place_of_worship"/>
    <tag k="building" v="church"/>
    <tag k="denomination" v="anglican"/>
    <tag k="listed_status" v="Grade II*"/>
    <tag k="name" v="St Anne's"/>
    <tag k="ref:GB:uprn" v="3040000443;3040000437;3040070100"/>
    <tag k="religion" v="christian"/>
    <tag k="source:listed_status" v="Historic England"/>
    <tag k="wikidata" v="Q7586998"/>
    <tag k="wikipedia" v="en:St Anne's Church, Sutton Bonington"/>
  </way>
  <way id="104381005" version="2" timestamp="2017-04-15T23:40:01Z" changeset="47827072" uid="207845" user="will_p">
    <nd ref="1204263988"/>
    <nd ref="1204261911"/>
    <nd ref="1204264514"/>
    <nd ref="1204264728"/>
    <nd ref="1204261823"/>
    <nd ref="1204263861"/>
    <nd ref="1204264238"/>
    <nd ref="1204263297"/>
    <nd ref="1204263988"/>
    <tag k="addr:housenumber" v="137"/>
    <tag k="addr:postcode" v="LE12 5PE"/>
    <tag k="addr:street" v="Main Street"/>
    <tag k="building" v="detached"/>
    <tag k="source:addr" v="survey"/>
    <tag k="source:addr:postcode" v="OS Opendata Codepoint"/>
  </way>
  <way id="104381015" version="3" timestamp="2021-04-01T20:11:37Z" changeset="102147141" uid="7037" user="Gregory Williams">
    <nd ref="1204266441"/>
    <nd ref="1204264400"/>
    <nd ref="4816838830"/>
    <nd ref="4816838829"/>
    <nd ref="1204266473"/>
    <nd ref="4816838763"/>
    <nd ref="1204265815"/>
    <nd ref="1204266441"/>
    <tag k="addr:housenumber" v="12"/>
    <tag k="addr:postcode" v="LE12 5NW"/>
    <tag k="addr:street" v="Gables Lea"/>
    <tag k="building" v="detached"/>
    <tag k="ref:GB:uprn" v="3040000214"/>
    <tag k="source:addr" v="survey"/>
    <tag k="source:addr:postcode" v="OS Opendata Codepoint"/>
    <tag k="source:building" v="Bing"/>
  </way>
  <way id="104381016" version="3" timestamp="2025-01-18T20:07:05Z" changeset="161504409" uid="8857" user="philipcullen">
    <nd ref="1204266568"/>
    <nd ref="1204265431"/>
    <nd ref="1204265748"/>
    <nd ref="1204263811"/>
    <nd ref="1204262315"/>
    <nd ref="1204263567"/>
    <nd ref="1204266568"/>
    <tag k="addr:housenumber" v="22"/>
    <tag k="addr:postcode" v="LE12 5NG"/>
    <tag k="addr:street" v="The Paddocks"/>
    <tag k="building" v="detached"/>
    <tag k="ref:GB:uprn" v="3040000268"/>
    <tag k="source:addr" v="survey"/>
    <tag k="source:addr:postcode" v="OS Opendata Codepoint"/>
    <tag k="source:building" v="Bing"/>
  </way>
  <way id="104381018" version="3" timestamp="2021-04-01T20:11:37Z" changeset="102147141" uid="7037" user="Gregory Williams">
    <nd ref="1204264615"/>
    <nd ref="1204263516"/>
    <nd ref="1204265970"/>
    <nd ref="4816838834"/>
    <nd ref="4816838835"/>
    <nd ref="1204265751"/>
    <nd ref="1204264615"/>
    <tag k="addr:housenumber" v="8"/>
    <tag k="addr:postcode" v="LE12 5NW"/>
    <tag k="addr:street" v="Gables Lea"/>
    <tag k="building" v="detached"/>
    <tag k="ref:GB:uprn" v="3040000231"/>
    <tag k="source:addr" v="survey"/>
    <tag k="source:addr:postcode" v="OS Opendata Codepoint"/>
    <tag k="source:building" v="Bing"/>
  </way>
  <way id="104381019" version="5" timestamp="2025-01-18T20:07:05Z" changeset="161504409" uid="8857" user="philipcullen">
    <nd ref="1204266531"/>
    <nd ref="1204263134"/>
    <nd ref="4816838437"/>
    <nd ref="4816838436"/>
    <nd ref="1204263116"/>
    <nd ref="2140407925"/>
    <nd ref="1204266531"/>
    <tag k="addr:housenumber" v="89; 91"/>
    <tag k="addr:postcode" v="LE12 5PE"/>
    <tag k="addr:street" v="Main Street"/>
    <tag k="building" v="residential"/>
    <tag k="note" v="Unsure whether this is one dwelling or two"/>
    <tag k="ref:GB:uprn" v="3040046747"/>
    <tag k="source:addr" v="survey"/>
    <tag k="source:addr:postcode" v="OS Opendata Codepoint"/>
  </way>
  <way id="104381021" version="3" timestamp="2017-04-15T23:40:01Z" changeset="47827072" uid="207845" user="will_p">
    <nd ref="1204263933"/>
    <nd ref="1204266398"/>
    <nd ref="1204265334"/>
    <nd ref="1204265299"/>
    <nd ref="1204263320"/>
    <nd ref="1204263456"/>
    <nd ref="1204263933"/>
    <tag k="addr:housename" v="Littleover Farm"/>
    <tag k="addr:housenumber" v="143A"/>
    <tag k="addr:postcode" v="LE12 5PE"/>
    <tag k="addr:street" v="Main Street"/>
    <tag k="building" v="detached"/>
    <tag k="source:addr" v="survey"/>
    <tag k="source:addr:postcode" v="OS Opendata Codepoint"/>
  </way>
  <way id="104381023" version="3" timestamp="2025-01-18T20:07:05Z" changeset="161504409" uid="8857" user="philipcullen">
    <nd ref="1204264258"/>
    <nd ref="1204265249"/>
    <nd ref="1204265095"/>
    <nd ref="1204262483"/>
    <nd ref="1204264258"/>
    <tag k="addr:housenumber" v="48"/>
    <tag k="addr:postcode" v="LE12 5NH"/>
    <tag k="addr:street" v="Park Lane"/>
    <tag k="building" v="detached"/>
    <tag k="ref:GB:uprn" v="3040000176"/>
    <tag k="source:addr" v="survey"/>
    <tag k="source:addr:postcode" v="OS Opendata Codepoint"/>
    <tag k="source:building" v="Bing"/>
  </way>
  <way id="104381025" version="3" timestamp="2021-04-01T20:11:37Z" changeset="102147141" uid="7037" user="Gregory Williams">
    <nd ref="1204266427"/>
    <nd ref="1204265270"/>
    <nd ref="1204266544"/>
    <nd ref="1204266570"/>
    <nd ref="4816838777"/>
    <nd ref="1204265768"/>
    <nd ref="4816838776"/>
    <nd ref="1204265680"/>
    <nd ref="4816838758"/>
    <nd ref="4816838779"/>
    <nd ref="4816838780"/>
    <nd ref="1204263508"/>
    <nd ref="1204265504"/>
    <nd ref="1204266592"/>
    <nd ref="1204266421"/>
    <nd ref="1204266427"/>
    <tag k="addr:housenumber" v="29"/>
    <tag k="addr:postcode" v="LE12 5NW"/>
    <tag k="addr:street" v="Gables Lea"/>
    <tag k="building" v="detached"/>
    <tag k="ref:GB:uprn" v="3040000224"/>
    <tag k="source:addr" v="survey"/>
    <tag k="source:addr:postcode" v="OS Opendata Codepoint"/>
    <tag k="source:building" v="Bing"/>
  </way>
  <way id="104381028" version="5" timestamp="2025-01-18T20:07:05Z" changeset="161504409" uid="8857" user="philipcullen">
    <nd ref="1204266541"/>
    <nd ref="4816838498"/>
    <nd ref="4816838497"/>
    <nd ref="1204265711"/>
    <nd ref="1204266541"/>
    <tag k="addr:housenumber" v="34"/>
    <tag k="addr:postcode" v="LE12 5PQ"/>
    <tag k="addr:street" v="Pasture Lane"/>
    <tag k="building" v="semidetached_house"/>
    <tag k="ref:GB:uprn" v="3040068121"/>
    <tag k="source:addr" v="survey"/>
    <tag k="source:addr:postcode" v="OS Opendata Codepoint"/>
    <tag k="source:building" v="Bing"/>
  </way>
  <way id="104381029" version="3" timestamp="2022-02-26T13:34:01Z" changeset="117879080" uid="242345" user="confusedbuffalo">
    <nd ref="1204266371"/>
    <nd ref="4816838434"/>
    <nd ref="4816838433"/>
    <nd ref="1204263421"/>
    <nd ref="1204266371"/>
    <tag k="addr:housenumber" v="81A"/>
    <tag k="addr:postcode" v="LE12 5PE"/>
    <tag k="addr:street" v="Main Street"/>
    <tag k="building" v="semidetached_house"/>
    <tag k="source:addr" v="survey"/>
    <tag k="source:addr:postcode" v="OS Opendata Codepoint"/>
  </way>
  <way id="104381030" version="3" timestamp="2021-04-01T20:11:37Z" changeset="102147141" uid="7037" user="Gregory Williams">
    <nd ref="1204266535"/>
    <nd ref="1204265012"/>
    <nd ref="1204265486"/>
    <nd ref="1204262526"/>
    <nd ref="1204266535"/>
    <tag k="addr:housenumber" v="5"/>
    <tag k="addr:postcode" v="LE12 5NW"/>
    <tag k="addr:street" v="Gables Lea"/>
    <tag k="building" v="detached"/>
    <tag k="ref:GB:uprn" v="3040000228"/>
    <tag k="source:addr" v="survey"/>
    <tag k="source:addr:postcode" v="OS Opendata Codepoint"/>
    <tag k="source:building" v="Bing"/>
  </way>
  <way id="104381033" version="3" timestamp="2021-04-01T20:11:37Z" changeset="102147141" uid="7037" user="Gregory Williams">
    <nd ref="1204264122"/>
    <nd ref="1204264063"/>
    <nd ref="4816838786"/>
    <nd ref="1204266583"/>
    <nd ref="1204265094"/>
    <nd ref="4816838785"/>
    <nd ref="1204264593"/>
    <nd ref="1204262134"/>
    <nd ref="1204264122"/>
    <tag k="addr:housenumber" v="17"/>
    <tag k="addr:postcode" v="LE12 5NW"/>
    <tag k="addr:street" v="Gables Lea"/>
    <tag k="building" v="detached"/>
    <tag k="ref:GB:uprn" v="3040000218"/>
    <tag k="source:addr" v="survey"/>
    <tag k="source:addr:postcode" v="OS Opendata Codepoint"/>
    <tag k="source:building" v="Bing"/>
  </way>
  <way id="104381034" version="3" timestamp="2025-01-18T22:01:37Z" changeset="161507263" uid="8857" user="philipcullen">
    <nd ref="1204264806"/>
    <nd ref="1204263719"/>
    <nd ref="1204264924"/>
    <nd ref="1204263972"/>
    <nd ref="1204262268"/>
    <nd ref="1204263389"/>
    <nd ref="1204263258"/>
    <nd ref="1204264806"/>
    <tag k="addr:housenumber" v="2"/>
    <tag k="addr:postcode" v="LE12 5PH"/>
    <tag k="addr:street" v="Soar Lane"/>
    <tag k="building" v="detached"/>
    <tag k="ref:GB:uprn" v="3040000409"/>
    <tag k="source:addr" v="survey"/>
    <tag k="source:addr:postcode" v="OS Opendata Codepoint"/>
  </way>
  <way id="104381036" version="4" timestamp="2021-04-01T20:11:37Z" changeset="102147141" uid="7037" user="Gregory Williams">
    <nd ref="1204262225"/>
    <nd ref="1204264130"/>
    <nd ref="1204262394"/>
    <nd ref="1204264397"/>
    <nd ref="1204265052"/>
    <nd ref="3726677377"/>
    <nd ref="3726677372"/>
    <nd ref="1204262620"/>
    <nd ref="1204262225"/>
    <tag k="addr:housenumber" v="5"/>
    <tag k="addr:postcode" v="LE12 5NJ"/>
    <tag k="addr:street" v="St Anne's Lane"/>
    <tag k="building" v="detached"/>
    <tag k="ref:GB:uprn" v="3040000428"/>
    <tag k="source:addr:postcode" v="OS Opendata Codepoint"/>
  </way>
  <way id="104381040" version="3" timestamp="2022-02-26T13:34:01Z" changeset="117879080" uid="242345" user="confusedbuffalo">
    <nd ref="4816838698"/>
    <nd ref="4816838692"/>
    <nd ref="4816838693"/>
    <nd ref="4816838691"/>
    <nd ref="4816838690"/>
    <nd ref="4816838694"/>
    <nd ref="4816838695"/>
    <nd ref="1204266479"/>
    <nd ref="1204265391"/>
    <nd ref="4816838696"/>
    <nd ref="4816838689"/>
    <nd ref="4816838698"/>
    <tag k="addr:housename" v="The Old Bakehouse"/>
    <tag k="addr:housenumber" v="51"/>
    <tag k="addr:postcode" v="LE12 5ND"/>
    <tag k="addr:street" v="Main Street"/>
    <tag k="building" v="semidetached_house"/>
    <tag k="source:addr" v="survey"/>
    <tag k="source:addr:postcode" v="OS Opendata Codepoint"/>
  </way>
  <way id="104381041" version="3" timestamp="2025-01-18T22:01:37Z" changeset="161507263" uid="8857" user="philipcullen">
    <nd ref="1204265336"/>
    <nd ref="1204265414"/>
    <nd ref="1204264219"/>
    <nd ref="1204263728"/>
    <nd ref="1204265336"/>
    <tag k="addr:housenumber" v="15"/>
    <tag k="addr:postcode" v="LE12 5PB"/>
    <tag k="addr:street" v="Bucks Lane"/>
    <tag k="building" v="yes"/>
    <tag k="ref:GB:uprn" v="3040000353"/>
    <tag k="source:addr" v="survey"/>
    <tag k="source:addr:postcode" v="OS Opendata Codepoint"/>
  </way>
  <way id="104381042" version="5" timestamp="2025-01-18T22:01:37Z" changeset="161507263" uid="8857" user="philipcullen">
    <nd ref="4795926402"/>
    <nd ref="4795926401"/>
    <nd ref="4795926393"/>
    <nd ref="4795926394"/>
    <nd ref="1204266417"/>
    <nd ref="3726677793"/>
    <nd ref="4795926402"/>
    <tag k="addr:housenumber" v="11"/>
    <tag k="addr:postcode" v="LE12 5PH"/>
    <tag k="addr:street" v="Soar Lane"/>
    <tag k="building" v="house"/>
    <tag k="house" v="terraced"/>
    <tag k="ref:GB:uprn" v="3040000404"/>
    <tag k="source:addr" v="survey"/>
    <tag k="source:addr:postcode" v="OS Opendata Codepoint"/>
  </way>
  <way id="104381048" version="2" timestamp="2017-04-20T18:20:47Z" changeset="47980423" uid="207845" user="will_p">
    <nd ref="1204263485"/>
    <nd ref="1204264674"/>
    <nd ref="4806266728"/>
    <nd ref="4806266727"/>
    <nd ref="1204266466"/>
    <nd ref="1204264147"/>
    <nd ref="1204266585"/>
    <nd ref="1204265695"/>
    <nd ref="1204263485"/>
    <tag k="addr:housenumber" v="68"/>
    <tag k="addr:postcode" v="LE12 5NH"/>
    <tag k="addr:street" v="Park Lane"/>
    <tag k="building" v="detached"/>
    <tag k="source:addr" v="survey"/>
    <tag k="source:addr:postcode" v="OS Opendata Codepoint"/>
    <tag k="source:building" v="Bing"/>
  </way>
  <way id="104381050" version="4" timestamp="2022-02-26T13:34:01Z" changeset="117879080" uid="242345" user="confusedbuffalo">
    <nd ref="1204262869"/>
    <nd ref="4816838442"/>
    <nd ref="4816838441"/>
    <nd ref="1204263568"/>
    <nd ref="1204262869"/>
    <tag k="addr:housenumber" v="16"/>
    <tag k="addr:postcode" v="LE12 5PQ"/>
    <tag k="addr:street" v="Pasture Lane"/>
    <tag k="building" v="semidetached_house"/>
    <tag k="ref:GB:uprn" v="3040000419"/>
    <tag k="source:addr" v="survey"/>
    <tag k="source:addr:postcode" v="OS Opendata Codepoint"/>
    <tag k="source:building" v="Bing"/>
  </way>
  <way id="104381052" version="3" timestamp="2025-01-18T22:01:37Z" changeset="161507263" uid="8857" user="philipcullen">
    <nd ref="1204262069"/>
    <nd ref="1204264180"/>
    <nd ref="1204263564"/>
    <nd ref="1204265268"/>
    <nd ref="1204265036"/>
    <nd ref="1204264005"/>
    <nd ref="1204263184"/>
    <nd ref="1204262069"/>
    <tag k="addr:housename" v="Vine Cottage"/>
    <tag k="addr:housenumber" v="121"/>
    <tag k="addr:postcode" v="LE12 5PE"/>
    <tag k="addr:street" v="Main Street"/>
    <tag k="building" v="detached"/>
    <tag k="ref:GB:uprn" v="3040000356"/>
    <tag k="source:addr" v="survey"/>
    <tag k="source:addr:postcode" v="OS Opendata Codepoint"/>
  </way>
  <way id="104381053" version="3" timestamp="2025-01-18T20:07:05Z" changeset="161504409" uid="8857" user="philipcullen">
    <nd ref="1204264081"/>
    <nd ref="1204262602"/>
    <nd ref="1204262348"/>
    <nd ref="1204264386"/>
    <nd ref="1204264117"/>
    <nd ref="1204266186"/>
    <nd ref="1204264081"/>
    <tag k="addr:housenumber" v="23"/>
    <tag k="addr:postcode" v="LE12 5NF"/>
    <tag k="addr:street" v="Orchard Close"/>
    <tag k="building" v="detached"/>
    <tag k="ref:GB:uprn" v="3040000832"/>
    <tag k="source:addr" v="survey"/>
    <tag k="source:addr:postcode" v="OS Opendata Codepoint"/>
    <tag k="source:building" v="Bing"/>
  </way>
  <way id="104381054" version="3" timestamp="2021-04-01T20:18:59Z" changeset="102147385" uid="7037" user="Gregory Williams">
    <nd ref="1204263142"/>
    <nd ref="1204261941"/>
    <nd ref="1204266587"/>
    <nd ref="1204262691"/>
    <nd ref="1204265778"/>
    <nd ref="1204264082"/>
    <nd ref="1204265169"/>
    <nd ref="4808665956"/>
    <nd ref="4808665954"/>
    <nd ref="4808665953"/>
    <nd ref="4808665955"/>
    <nd ref="1204262816"/>
    <nd ref="1204263142"/>
    <tag k="addr:housenumber" v="33"/>
    <tag k="addr:postcode" v="LE12 5NQ"/>
    <tag k="addr:street" v="Park Lane"/>
    <tag k="building" v="detached"/>
    <tag k="ref:GB:uprn" v="3040000196"/>
    <tag k="source:addr" v="survey"/>
    <tag k="source:addr:postcode" v="OS Opendata Codepoint"/>
    <tag k="source:building" v="Bing"/>
  </way>
  <way id="104381057" version="3" timestamp="2021-04-01T20:18:59Z" changeset="102147385" uid="7037" user="Gregory Williams">
    <nd ref="1204263446"/>
    <nd ref="1204265629"/>
    <nd ref="1204264540"/>
    <nd ref="1204265715"/>
    <nd ref="1204262749"/>
    <nd ref="4806266874"/>
    <nd ref="4806266875"/>
    <nd ref="4806266877"/>
    <nd ref="4806266876"/>
    <nd ref="1204264454"/>
    <nd ref="1204263446"/>
    <tag k="addr:housenumber" v="78"/>
    <tag k="addr:postcode" v="LE12 5NH"/>
    <tag k="addr:street" v="Park Lane"/>
    <tag k="building" v="detached"/>
    <tag k="ref:GB:uprn" v="3040000858"/>
    <tag k="source:addr" v="survey"/>
    <tag k="source:addr:postcode" v="OS Opendata Codepoint"/>
    <tag k="source:building" v="Bing"/>
  </way>
  <way id="104381058" version="5" timestamp="2025-01-18T20:07:05Z" changeset="161504409" uid="8857" user="philipcullen">
    <nd ref="1204266027"/>
    <nd ref="12512881619"/>
    <nd ref="12512881620"/>
    <nd ref="12512881621"/>
    <nd ref="3726677393"/>
    <nd ref="3726677384"/>
    <nd ref="1204262265"/>
    <nd ref="1204266027"/>
    <tag k="addr:housenumber" v="4"/>
    <tag k="addr:postcode" v="LE12 5PQ"/>
    <tag k="addr:street" v="Pasture Lane"/>
    <tag k="building" v="semidetached_house"/>
    <tag k="ref:GB:uprn" v="3040000421"/>
    <tag k="source:addr:housenumber" v="interpolation"/>
    <tag k="source:addr:postcode" v="OS Opendata Codepoint"/>
    <tag k="source:building" v="Bing"/>
  </way>
  <way id="104381060" version="6" timestamp="2025-09-16T07:18:43Z" changeset="171998214" uid="417748" user="Dave Venables">
    <nd ref="1204261937"/>
    <nd ref="1204262518"/>
    <nd ref="1204263565"/>
    <nd ref="1204265535"/>
    <nd ref="1204265752"/>
    <nd ref="1204264717"/>
    <nd ref="1204262872"/>
    <nd ref="1204265701"/>
    <nd ref="1204261937"/>
    <tag k="addr:housename" v="St Anne's House"/>
    <tag k="addr:housenumber" v="12"/>
    <tag k="addr:postcode" v="LE12 5NJ"/>
    <tag k="addr:street" v="St Anne's Lane"/>
    <tag k="amenity" v="social_facility"/>
    <tag k="building" v="yes"/>
    <tag k="ref:GB:uprn" v="3040000427"/>
    <tag k="social_facility" v="group_home"/>
    <tag k="social_facility:for" v="senior"/>
    <tag k="source:addr:postcode" v="OS Opendata Codepoint"/>
  </way>
  <way id="104381061" version="4" timestamp="2025-01-18T20:07:05Z" changeset="161504409" uid="8857" user="philipcullen">
    <nd ref="1204266306"/>
    <nd ref="4816838475"/>
    <nd ref="4816838472"/>
    <nd ref="4816838481"/>
    <nd ref="4816838480"/>
    <nd ref="1204265740"/>
    <nd ref="1204266306"/>
    <tag k="addr:housenumber" v="12"/>
    <tag k="addr:postcode" v="LE12 5PQ"/>
    <tag k="addr:street" v="Pasture Lane"/>
    <tag k="building" v="house"/>
    <tag k="building_name" v="South View Cottages"/>
    <tag k="house" v="terraced"/>
    <tag k="ref:GB:uprn" v="3040000248"/>
    <tag k="source:addr" v="survey"/>
    <tag k="source:addr:postcode" v="OS Opendata Codepoint"/>
    <tag k="source:building" v="Bing"/>
  </way>
  <way id="104381067" version="3" timestamp="2021-04-01T20:11:37Z" changeset="102147141" uid="7037" user="Gregory Williams">
    <nd ref="1204265641"/>
    <nd ref="1204264463"/>
    <nd ref="1204263817"/>
    <nd ref="1204263391"/>
    <nd ref="1204264256"/>
    <nd ref="1204263339"/>
    <nd ref="1204265641"/>
    <tag k="addr:housenumber" v="15"/>
    <tag k="addr:postcode" v="LE12 5NW"/>
    <tag k="addr:street" v="Gables Lea"/>
    <tag k="building" v="detached"/>
    <tag k="ref:GB:uprn" v="3040000216"/>
    <tag k="source:addr" v="survey"/>
    <tag k="source:addr:postcode" v="OS Opendata Codepoint"/>
    <tag k="source:building" v="Bing"/>
  </way>
  <way id="104381068" version="3" timestamp="2021-04-01T20:11:37Z" changeset="102147141" uid="7037" user="Gregory Williams">
    <nd ref="1204264422"/>
    <nd ref="1204265683"/>
    <nd ref="4804778686"/>
    <nd ref="4804778685"/>
    <nd ref="4804778684"/>
    <nd ref="4804778687"/>
    <nd ref="1204265777"/>
    <nd ref="1204263551"/>
    <nd ref="1204264422"/>
    <tag k="addr:housenumber" v="2"/>
    <tag k="addr:postcode" v="LE12 5NG"/>
    <tag k="addr:street" v="The Paddocks"/>
    <tag k="building" v="detached"/>
    <tag k="ref:GB:uprn" v="3040000266"/>
    <tag k="source:addr" v="survey"/>
    <tag k="source:addr:postcode" v="OS Opendata Codepoint"/>
    <tag k="source:building" v="Bing"/>
  </way>
  <way id="104381069" version="4" timestamp="2017-04-15T23:40:02Z" changeset="47827072" uid="207845" user="will_p">
    <nd ref="1204265483"/>
    <nd ref="1204265333"/>
    <nd ref="4795926638"/>
    <nd ref="4795926637"/>
    <nd ref="4795926636"/>
    <nd ref="4795926639"/>
    <nd ref="3726677722"/>
    <nd ref="3726677719"/>
    <nd ref="3726677715"/>
    <nd ref="3726677720"/>
    <nd ref="1204265473"/>
    <nd ref="3726677711"/>
    <nd ref="1204265327"/>
    <nd ref="1204265483"/>
    <tag k="addr:housenumber" v="26"/>
    <tag k="addr:postcode" v="LE12 5PA"/>
    <tag k="addr:street" v="Bollard's Lane"/>
    <tag k="building" v="detached"/>
    <tag k="source:addr" v="survey"/>
    <tag k="source:addr:postcode" v="OS Opendata Codepoint"/>
  </way>
  <way id="104381073" version="4" timestamp="2025-01-18T20:07:05Z" changeset="161504409" uid="8857" user="philipcullen">
    <nd ref="1204265018"/>
    <nd ref="1204264822"/>
    <nd ref="1204262410"/>
    <nd ref="1204265016"/>
    <nd ref="1204265018"/>
    <tag k="addr:housenumber" v="83"/>
    <tag k="addr:postcode" v="LE12 5PE"/>
    <tag k="addr:street" v="Main Street"/>
    <tag k="building" v="detached"/>
    <tag k="ref:GB:uprn" v="3040000370"/>
    <tag k="source:addr" v="survey"/>
    <tag k="source:addr:postcode" v="OS Opendata Codepoint"/>
  </way>
  <way id="104381075" version="3" timestamp="2021-04-01T20:18:59Z" changeset="102147385" uid="7037" user="Gregory Williams">
    <nd ref="1204264075"/>
    <nd ref="1204264597"/>
    <nd ref="4808666027"/>
    <nd ref="4808666026"/>
    <nd ref="1204265703"/>
    <nd ref="4808666024"/>
    <nd ref="4808666025"/>
    <nd ref="1204262172"/>
    <nd ref="1204264075"/>
    <tag k="addr:housenumber" v="35"/>
    <tag k="addr:postcode" v="LE12 5NQ"/>
    <tag k="addr:street" v="Park Lane"/>
    <tag k="building" v="detached"/>
    <tag k="ref:GB:uprn" v="3040000197"/>
    <tag k="source:addr" v="survey"/>
    <tag k="source:addr:postcode" v="OS Opendata Codepoint"/>
    <tag k="source:building" v="Bing"/>
  </way>
  <way id="104381077" version="4" timestamp="2022-02-26T13:34:01Z" changeset="117879080" uid="242345" user="confusedbuffalo">
    <nd ref="1204265351"/>
    <nd ref="4816838666"/>
    <nd ref="4816838665"/>
    <nd ref="4816838662"/>
    <nd ref="4816838664"/>
    <nd ref="1204262260"/>
    <nd ref="1204265351"/>
    <tag k="addr:housenumber" v="61"/>
    <tag k="addr:postcode" v="LE12 5ND"/>
    <tag k="addr:street" v="Main Street"/>
    <tag k="building" v="semidetached_house"/>
    <tag k="ref:GB:uprn" v="3040000238"/>
    <tag k="source:addr" v="survey"/>
    <tag k="source:addr:postcode" v="OS Opendata Codepoint"/>
  </way>
  <way id="104381079" version="3" timestamp="2025-01-18T20:07:05Z" changeset="161504409" uid="8857" user="philipcullen">
    <nd ref="1204263795"/>
    <nd ref="1204266057"/>
    <nd ref="1204263825"/>
    <nd ref="4808665924"/>
    <nd ref="4808665925"/>
    <nd ref="1204264772"/>
    <nd ref="1204263795"/>
    <tag k="addr:housenumber" v="19B"/>
    <tag k="addr:postcode" v="LE12 5NQ"/>
    <tag k="addr:street" v="Park Lane"/>
    <tag k="building" v="detached"/>
    <tag k="ref:GB:uprn" v="3040000312"/>
    <tag k="source:addr" v="survey"/>
    <tag k="source:addr:postcode" v="OS Opendata Codepoint"/>
    <tag k="source:building" v="Bing"/>
  </way>
  <way id="104381081" version="3" timestamp="2021-04-01T20:11:37Z" changeset="102147141" uid="7037" user="Gregory Williams">
    <nd ref="1204264714"/>
    <nd ref="1204263118"/>
    <nd ref="1204264779"/>
    <nd ref="1204262928"/>
    <nd ref="1204264714"/>
    <tag k="addr:housenumber" v="16"/>
    <tag k="addr:postcode" v="LE12 5NG"/>
    <tag k="addr:street" v="The Paddocks"/>
    <tag k="building" v="detached"/>
    <tag k="ref:GB:uprn" v="3040000264"/>
    <tag k="source:addr" v="survey"/>
    <tag k="source:addr:postcode" v="OS Opendata Codepoint"/>
    <tag k="source:building" v="Bing"/>
  </way>
  <way id="104381082" version="2" timestamp="2017-04-19T23:39:05Z" changeset="47954894" uid="207845" user="will_p">
    <nd ref="1204263929"/>
    <nd ref="1204264991"/>
    <nd ref="1204264847"/>
    <nd ref="1204265211"/>
    <nd ref="1204265906"/>
    <nd ref="1204264641"/>
    <nd ref="1204263929"/>
    <tag k="addr:housenumber" v="12"/>
    <tag k="addr:postcode" v="LE12 5NG"/>
    <tag k="addr:street" v="Swan Court"/>
    <tag k="building" v="residential"/>
    <tag k="source:addr" v="survey"/>
    <tag k="source:addr:postcode" v="OS Opendata Codepoint"/>
    <tag k="source:building" v="Bing"/>
  </way>
  <way id="104381083" version="3" timestamp="2021-04-01T20:11:37Z" changeset="102147141" uid="7037" user="Gregory Williams">
    <nd ref="1204261927"/>
    <nd ref="4804778688"/>
    <nd ref="4804778689"/>
    <nd ref="1204261869"/>
    <nd ref="1204263179"/>
    <nd ref="1204264485"/>
    <nd ref="1204262221"/>
    <nd ref="1204263042"/>
    <nd ref="1204261927"/>
    <tag k="addr:housenumber" v="14"/>
    <tag k="addr:postcode" v="LE12 5NG"/>
    <tag k="addr:street" v="The Paddocks"/>
    <tag k="building" v="detached"/>
    <tag k="ref:GB:uprn" v="3040000263"/>
    <tag k="source:addr" v="survey"/>
    <tag k="source:addr:postcode" v="OS Opendata Codepoint"/>
    <tag k="source:building" v="Bing"/>
  </way>
  <way id="104381087" version="3" timestamp="2025-01-18T20:07:05Z" changeset="161504409" uid="8857" user="philipcullen">
    <nd ref="1204266445"/>
    <nd ref="1204266560"/>
    <nd ref="1204262625"/>
    <nd ref="1204262645"/>
    <nd ref="1204262793"/>
    <nd ref="1204262061"/>
    <nd ref="1204266445"/>
    <tag k="addr:housenumber" v="28"/>
    <tag k="addr:postcode" v="LE12 5NH"/>
    <tag k="addr:street" v="Park Lane"/>
    <tag k="building" v="detached"/>
    <tag k="ref:GB:uprn" v="3040000172"/>
    <tag k="source:addr" v="survey"/>
    <tag k="source:addr:postcode" v="OS Opendata Codepoint"/>
    <tag k="source:building" v="Bing"/>
  </way>
  <way id="104381088" version="4" timestamp="2022-02-26T13:34:01Z" changeset="117879080" uid="242345" user="confusedbuffalo">
    <nd ref="4808666299"/>
    <nd ref="4808666300"/>
    <nd ref="1204266061"/>
    <nd ref="1204264645"/>
    <nd ref="1204264041"/>
    <nd ref="1204264334"/>
    <nd ref="4808666298"/>
    <nd ref="4808666295"/>
    <nd ref="4808666299"/>
    <tag k="addr:housenumber" v="29"/>
    <tag k="addr:postcode" v="LE12 5NF"/>
    <tag k="addr:street" v="Orchard Close"/>
    <tag k="building" v="semidetached_house"/>
    <tag k="ref:GB:uprn" v="3040000835"/>
    <tag k="source:addr" v="survey"/>
    <tag k="source:addr:postcode" v="OS Opendata Codepoint"/>
    <tag k="source:building" v="Bing"/>
  </way>
  <way id="104381091" version="2" timestamp="2017-04-15T23:40:02Z" changeset="47827072" uid="207845" user="will_p">
    <nd ref="1204265248"/>
    <nd ref="1204263543"/>
    <nd ref="1204265509"/>
    <nd ref="1204265526"/>
    <nd ref="1204264260"/>
    <nd ref="1204265071"/>
    <nd ref="1204263712"/>
    <nd ref="1204265679"/>
    <nd ref="1204265248"/>
    <tag k="addr:housenumber" v="17"/>
    <tag k="addr:postcode" v="LE12 5PA"/>
    <tag k="addr:street" v="Bollard's Lane"/>
    <tag k="building" v="detached"/>
    <tag k="source:addr" v="survey"/>
    <tag k="source:addr:postcode" v="OS Opendata Codepoint"/>
  </way>
  <way id="104381092" version="4" timestamp="2022-02-26T13:34:01Z" changeset="117879080" uid="242345" user="confusedbuffalo">
    <nd ref="1204262567"/>
    <nd ref="4816838631"/>
    <nd ref="4816838630"/>
    <nd ref="4816838627"/>
    <nd ref="4816838628"/>
    <nd ref="1204262330"/>
    <nd ref="1204262567"/>
    <tag k="addr:housenumber" v="13"/>
    <tag k="addr:postcode" v="LE12 5PQ"/>
    <tag k="addr:street" v="Pasture Lane"/>
    <tag k="building" v="semidetached_house"/>
    <tag k="ref:GB:uprn" v="3040000249"/>
    <tag k="source:addr" v="survey"/>
    <tag k="source:addr:postcode" v="OS Opendata Codepoint"/>
  </way>
  <way id="104381098" version="4" timestamp="2021-04-01T20:11:37Z" changeset="102147141" uid="7037" user="Gregory Williams">
    <nd ref="1204264322"/>
    <nd ref="4804783159"/>
    <nd ref="4804783158"/>
    <nd ref="1204262856"/>
    <nd ref="1204266286"/>
    <nd ref="1204265723"/>
    <nd ref="1204266507"/>
    <nd ref="1204264302"/>
    <nd ref="4804783157"/>
    <nd ref="4804783155"/>
    <nd ref="4804783154"/>
    <nd ref="4804783156"/>
    <nd ref="1204264322"/>
    <tag k="HE_ref" v="1260050"/>
    <tag k="addr:housenumber" v="76"/>
    <tag k="addr:postcode" v="LE12 5PF"/>
    <tag k="addr:street" v="Main Street"/>
    <tag k="building" v="detached"/>
    <tag k="listed_status" v="Grade II"/>
    <tag k="ref:GB:uprn" v="3040000392"/>
    <tag k="source:addr" v="survey"/>
    <tag k="source:addr:postcode" v="OS Opendata Codepoint"/>
    <tag k="source:listed_status" v="Historic England"/>
    <tag k="wikidata" v="Q26551112"/>
  </way>
  <way id="104381100" version="3" timestamp="2021-04-01T20:11:37Z" changeset="102147141" uid="7037" user="Gregory Williams">
    <nd ref="1204264909"/>
    <nd ref="4816838823"/>
    <nd ref="4816838824"/>
    <nd ref="1204264095"/>
    <nd ref="4816838825"/>
    <nd ref="4816838826"/>
    <nd ref="1204264516"/>
    <nd ref="1204264446"/>
    <nd ref="1204264909"/>
    <tag k="addr:housenumber" v="7"/>
    <tag k="addr:postcode" v="LE12 5NW"/>
    <tag k="addr:street" v="Gables Lea"/>
    <tag k="building" v="detached"/>
    <tag k="ref:GB:uprn" v="3040000230"/>
    <tag k="source:addr" v="survey"/>
    <tag k="source:addr:postcode" v="OS Opendata Codepoint"/>
    <tag k="source:building" v="Bing"/>
  </way>
  <way id="104381103" version="3" timestamp="2025-01-18T20:07:05Z" changeset="161504409" uid="8857" user="philipcullen">
    <nd ref="1204261821"/>
    <nd ref="1204264590"/>
    <nd ref="1204265750"/>
    <nd ref="1204265729"/>
    <nd ref="1204262994"/>
    <nd ref="1204265562"/>
    <nd ref="12512881618"/>
    <nd ref="12512881617"/>
    <nd ref="1204261821"/>
    <tag k="addr:housenumber" v="10"/>
    <tag k="addr:postcode" v="LE12 5NG"/>
    <tag k="addr:street" v="The Paddocks"/>
    <tag k="building" v="detached"/>
    <tag k="ref:GB:uprn" v="3040000260"/>
    <tag k="source:addr" v="survey"/>
    <tag k="source:addr:postcode" v="OS Opendata Codepoint"/>
    <tag k="source:building" v="Bing"/>
  </way>
  <way id="104381106" version="4" timestamp="2025-01-18T22:01:37Z" changeset="161507263" uid="8857" user="philipcullen">
    <nd ref="1204262335"/>
    <nd ref="4795926648"/>
    <nd ref="4795926647"/>
    <nd ref="4795926646"/>
    <nd ref="1204265243"/>
    <nd ref="3726677742"/>
    <nd ref="3726677739"/>
    <nd ref="1204262604"/>
    <nd ref="1204265032"/>
    <nd ref="3726677749"/>
    <nd ref="3726677751"/>
    <nd ref="1204262335"/>
    <tag k="addr:housenumber" v="13"/>
    <tag k="addr:postcode" v="LE12 5PA"/>
    <tag k="addr:street" v="Bollard's Lane"/>
    <tag k="building" v="detached"/>
    <tag k="ref:GB:uprn" v="3040000342"/>
    <tag k="source:addr" v="survey"/>
    <tag k="source:addr:postcode" v="OS Opendata Codepoint"/>
  </way>
  <way id="104381109" version="5" timestamp="2017-04-25T23:34:16Z" changeset="48144886" uid="207845" user="will_p">
    <nd ref="1204263092"/>
    <nd ref="4804778705"/>
    <nd ref="4804778703"/>
    <nd ref="4804778702"/>
    <nd ref="4804778704"/>
    <nd ref="4804778706"/>
    <nd ref="1204266553"/>
    <nd ref="4804778701"/>
    <nd ref="1204266501"/>
    <nd ref="4816838440"/>
    <nd ref="4816838439"/>
    <nd ref="4816838438"/>
    <nd ref="1204263092"/>
    <tag k="addr:housenumber" v="75"/>
    <tag k="addr:postcode" v="LE12 5PE"/>
    <tag k="addr:street" v="Main Street"/>
    <tag k="amenity" v="pub"/>
    <tag k="building" v="yes"/>
    <tag k="fhrs:id" v="265817"/>
    <tag k="name" v="The King's Head"/>
    <tag k="source:addr" v="FHRS Open Data"/>
  </way>
  <way id="104381110" version="3" timestamp="2021-04-01T20:18:59Z" changeset="102147385" uid="7037" user="Gregory Williams">
    <nd ref="1204264426"/>
    <nd ref="1204263087"/>
    <nd ref="1204262782"/>
    <nd ref="4808666058"/>
    <nd ref="4808666057"/>
    <nd ref="1204264804"/>
    <nd ref="1204264426"/>
    <tag k="addr:housenumber" v="51"/>
    <tag k="addr:postcode" v="LE12 5NQ"/>
    <tag k="addr:street" v="Park Lane"/>
    <tag k="building" v="detached"/>
    <tag k="ref:GB:uprn" v="3040000206"/>
    <tag k="source:addr" v="survey"/>
    <tag k="source:addr:postcode" v="OS Opendata Codepoint"/>
    <tag k="source:building" v="Bing"/>
  </way>
  <way id="104381114" version="4" timestamp="2022-02-26T13:34:01Z" changeset="117879080" uid="242345" user="confusedbuffalo">
    <nd ref="4795926640"/>
    <nd ref="4795926641"/>
    <nd ref="4795926605"/>
    <nd ref="3726677712"/>
    <nd ref="4795926604"/>
    <nd ref="1204265699"/>
    <nd ref="1204265704"/>
    <nd ref="4795926640"/>
    <tag k="addr:housenumber" v="112"/>
    <tag k="addr:postcode" v="LE12 5PF"/>
    <tag k="addr:street" v="Main Street"/>
    <tag k="building" v="semidetached_house"/>
    <tag k="source:addr" v="survey"/>
    <tag k="source:addr:housenumber" v="interpolation"/>
    <tag k="source:addr:postcode" v="OS Opendata Codepoint"/>
  </way>
  <way id="104381115" version="6" timestamp="2025-01-18T22:01:37Z" changeset="161507263" uid="8857" user="philipcullen">
    <nd ref="4795926469"/>
    <nd ref="4085699391"/>
    <nd ref="4085699033"/>
    <nd ref="1204266423"/>
    <nd ref="3726677635"/>
    <nd ref="3726677636"/>
    <nd ref="1204266561"/>
    <nd ref="1204265459"/>
    <nd ref="4795926469"/>
    <tag k="HE_ref" v="1242399"/>
    <tag k="addr:housenumber" v="92"/>
    <tag k="addr:postcode" v="LE12 5PF"/>
    <tag k="addr:street" v="Main Street"/>
    <tag k="building" v="residential"/>
    <tag k="listed_status" v="Grade II"/>
    <tag k="ref:GB:uprn" v="3040000400"/>
    <tag k="source:addr" v="survey"/>
    <tag k="source:addr:postcode" v="OS Opendata Codepoint"/>
    <tag k="source:listed_status" v="Historic England"/>
    <tag k="wikidata" v="Q26535193"/>
  </way>
  <way id="104381116" version="4" timestamp="2021-04-01T20:11:37Z" changeset="102147141" uid="7037" user="Gregory Williams">
    <nd ref="1204266040"/>
    <nd ref="1204262760"/>
    <nd ref="3726677152"/>
    <nd ref="3726677153"/>
    <nd ref="1204263277"/>
    <nd ref="1204262448"/>
    <nd ref="3726677149"/>
    <nd ref="3726677151"/>
    <nd ref="3726677157"/>
    <nd ref="3726677154"/>
    <nd ref="3726677158"/>
    <nd ref="3726677161"/>
    <nd ref="1204266040"/>
    <tag k="addr:housenumber" v="32"/>
    <tag k="addr:postcode" v="LE12 5NE"/>
    <tag k="addr:street" v="Main Street"/>
    <tag k="building" v="detached"/>
    <tag k="ref:GB:uprn" v="3040000163"/>
    <tag k="source:addr" v="survey"/>
    <tag k="source:addr:postcode" v="OS Opendata Codepoint"/>
    <tag k="source:building" v="Bing"/>
  </way>
  <way id="104381117" version="3" timestamp="2025-01-18T20:07:05Z" changeset="161504409" uid="8857" user="philipcullen">
    <nd ref="1204262785"/>
    <nd ref="1204265466"/>
    <nd ref="1204262767"/>
    <nd ref="1204265559"/>
    <nd ref="1204262785"/>
    <tag k="addr:housenumber" v="10"/>
    <tag k="addr:postcode" v="LE12 5NJ"/>
    <tag k="addr:street" v="St Anne's Lane"/>
    <tag k="building" v="detached"/>
    <tag k="ref:GB:uprn" v="3040000308"/>
    <tag k="source:addr:postcode" v="OS Opendata Codepoint"/>
  </way>
  <way id="104381119" version="3" timestamp="2017-04-25T23:34:16Z" changeset="48144886" uid="207845" user="will_p">
    <nd ref="1204266588"/>
    <nd ref="1204263301"/>
    <nd ref="1204266550"/>
    <nd ref="3726677141"/>
    <nd ref="3726677134"/>
    <nd ref="3726677135"/>
    <nd ref="3726677137"/>
    <nd ref="3726677138"/>
    <nd ref="3726677140"/>
    <nd ref="3726677142"/>
    <nd ref="3726677139"/>
    <nd ref="1204263123"/>
    <nd ref="1204266588"/>
    <tag k="addr:housenumber" v="49A"/>
    <tag k="addr:postcode" v="LE12 5ND"/>
    <tag k="addr:street" v="Main Street"/>
    <tag k="building" v="detached"/>
    <tag k="source:addr" v="survey"/>
    <tag k="source:addr:postcode" v="OS Opendata Codepoint"/>
  </way>
  <way id="104381122" version="5" timestamp="2022-02-26T13:34:01Z" changeset="117879080" uid="242345" user="confusedbuffalo">
    <nd ref="4816838466"/>
    <nd ref="3726677407"/>
    <nd ref="3726677403"/>
    <nd ref="1204264491"/>
    <nd ref="1204264931"/>
    <nd ref="4816838467"/>
    <nd ref="4816838466"/>
    <tag k="addr:housenumber" v="67"/>
    <tag k="addr:postcode" v="LE12 5PE"/>
    <tag k="addr:street" v="Main Street"/>
    <tag k="building" v="semidetached_house"/>
    <tag k="ref:GB:uprn" v="3040000368"/>
    <tag k="source:addr" v="survey"/>
    <tag k="source:addr:postcode" v="OS Opendata Codepoint"/>
  </way>
  <way id="104381123" version="4" timestamp="2021-04-01T20:18:59Z" changeset="102147385" uid="7037" user="Gregory Williams">
    <nd ref="1204264100"/>
    <nd ref="1204263632"/>
    <nd ref="1204262675"/>
    <nd ref="1204264244"/>
    <nd ref="1204264100"/>
    <tag k="addr:housenumber" v="11"/>
    <tag k="addr:postcode" v="LE12 5ND"/>
    <tag k="addr:street" v="Main Street"/>
    <tag k="building" v="detached"/>
    <tag k="ref:GB:uprn" v="3040066644"/>
    <tag k="source:addr" v="survey"/>
    <tag k="source:addr:postcode" v="OS Opendata Codepoint"/>
  </way>
  <way id="104381125" version="4" timestamp="2022-02-26T13:34:01Z" changeset="117879080" uid="242345" user="confusedbuffalo">
    <nd ref="4816838672"/>
    <nd ref="4816838671"/>
    <nd ref="1204264977"/>
    <nd ref="1204263961"/>
    <nd ref="1204262107"/>
    <nd ref="1204263581"/>
    <nd ref="4816838672"/>
    <tag k="addr:housenumber" v="59"/>
    <tag k="addr:postcode" v="LE12 5ND"/>
    <tag k="addr:street" v="Main Street"/>
    <tag k="building" v="semidetached_house"/>
    <tag k="ref:GB:uprn" v="3040000237"/>
    <tag k="source:addr" v="survey"/>
    <tag k="source:addr:postcode" v="OS Opendata Codepoint"/>
  </way>
  <way id="104381126" version="3" timestamp="2025-01-18T20:07:05Z" changeset="161504409" uid="8857" user="philipcullen">
    <nd ref="1204262280"/>
    <nd ref="1204262467"/>
    <nd ref="1204264575"/>
    <nd ref="1204265579"/>
    <nd ref="1204262280"/>
    <tag k="addr:housenumber" v="64"/>
    <tag k="addr:postcode" v="LE12 5NH"/>
    <tag k="addr:street" v="Park Lane"/>
    <tag k="building" v="detached"/>
    <tag k="ref:GB:uprn" v="3040000185"/>
    <tag k="source:addr" v="survey"/>
    <tag k="source:addr:postcode" v="OS Opendata Codepoint"/>
    <tag k="source:building" v="Bing"/>
  </way>
  <way id="104381127" version="3" timestamp="2025-01-18T20:07:05Z" changeset="161504409" uid="8857" user="philipcullen">
    <nd ref="1204265754"/>
    <nd ref="1204263504"/>
    <nd ref="1204263144"/>
    <nd ref="1204263889"/>
    <nd ref="1204263707"/>
    <nd ref="1204263431"/>
    <nd ref="1204266247"/>
    <nd ref="1204262613"/>
    <nd ref="1204265754"/>
    <tag k="addr:housenumber" v="36"/>
    <tag k="addr:postcode" v="LE12 5NH"/>
    <tag k="addr:street" v="Park Lane"/>
    <tag k="building" v="detached"/>
    <tag k="ref:GB:uprn" v="3040000303"/>
    <tag k="source:addr" v="survey"/>
    <tag k="source:addr:postcode" v="OS Opendata Codepoint"/>
    <tag k="source:building" v="Bing"/>
  </way>
  <way id="104381130" version="3" timestamp="2025-01-18T20:07:05Z" changeset="161504409" uid="8857" user="philipcullen">
    <nd ref="1204261864"/>
    <nd ref="1204263294"/>
    <nd ref="1204261847"/>
    <nd ref="4806266809"/>
    <nd ref="4806266812"/>
    <nd ref="4806266811"/>
    <nd ref="1204265607"/>
    <nd ref="1204261864"/>
    <tag k="addr:housenumber" v="38"/>
    <tag k="addr:postcode" v="LE12 5NH"/>
    <tag k="addr:street" v="Park Lane"/>
    <tag k="building" v="detached"/>
    <tag k="ref:GB:uprn" v="3040000304"/>
    <tag k="source:addr" v="survey"/>
    <tag k="source:addr:postcode" v="OS Opendata Codepoint"/>
    <tag k="source:building" v="Bing"/>
  </way>
  <way id="104381132" version="5" timestamp="2022-02-26T13:34:01Z" changeset="117879080" uid="242345" user="confusedbuffalo">
    <nd ref="1204264240"/>
    <nd ref="1204262038"/>
    <nd ref="3726677400"/>
    <nd ref="1204266159"/>
    <nd ref="1204262453"/>
    <nd ref="3726677394"/>
    <nd ref="1204264367"/>
    <nd ref="1204265449"/>
    <nd ref="1204262618"/>
    <nd ref="1204262563"/>
    <nd ref="1204264240"/>
    <tag k="addr:housenumber" v="7"/>
    <tag k="addr:postcode" v="LE12 5NJ"/>
    <tag k="addr:street" v="St Anne's Lane"/>
    <tag k="building" v="semidetached_house"/>
    <tag k="ref:GB:uprn" v="3040000429"/>
    <tag k="source:addr:postcode" v="OS Opendata Codepoint"/>
  </way>
  <way id="104381135" version="3" timestamp="2025-01-18T20:07:05Z" changeset="161504409" uid="8857" user="philipcullen">
    <nd ref="1204262751"/>
    <nd ref="4806266826"/>
    <nd ref="4806266827"/>
    <nd ref="1204264183"/>
    <nd ref="1204266313"/>
    <nd ref="4806266825"/>
    <nd ref="4806266824"/>
    <nd ref="1204265785"/>
    <nd ref="4806266822"/>
    <nd ref="4806266823"/>
    <nd ref="1204262751"/>
    <tag k="addr:housenumber" v="46"/>
    <tag k="addr:postcode" v="LE12 5NH"/>
    <tag k="addr:street" v="Park Lane"/>
    <tag k="building" v="detached"/>
    <tag k="ref:GB:uprn" v="3040000175"/>
    <tag k="source:addr" v="survey"/>
    <tag k="source:addr:postcode" v="OS Opendata Codepoint"/>
    <tag k="source:building" v="Bing"/>
  </way>
  <way id="104381142" version="4" timestamp="2022-02-26T13:34:01Z" changeset="117879080" uid="242345" user="confusedbuffalo">
    <nd ref="1204263739"/>
    <nd ref="4816838506"/>
    <nd ref="4816838514"/>
    <nd ref="4816838513"/>
    <nd ref="1204262546"/>
    <nd ref="1204263739"/>
    <tag k="addr:housename" v="Byway"/>
    <tag k="addr:housenumber" v="20C"/>
    <tag k="addr:postcode" v="LE12 5PQ"/>
    <tag k="addr:street" v="Pasture Lane"/>
    <tag k="building" v="semidetached_house"/>
    <tag k="ref:GB:uprn" v="3040046752"/>
    <tag k="source:addr" v="survey"/>
    <tag k="source:addr:postcode" v="OS Opendata Codepoint"/>
  </way>
  <way id="104381143" version="3" timestamp="2021-04-01T20:11:37Z" changeset="102147141" uid="7037" user="Gregory Williams">
    <nd ref="1204266481"/>
    <nd ref="1204264872"/>
    <nd ref="1204265627"/>
    <nd ref="1204261889"/>
    <nd ref="1204266481"/>
    <tag k="addr:housenumber" v="25"/>
    <tag k="addr:postcode" v="LE12 5ND"/>
    <tag k="addr:street" v="Main Street"/>
    <tag k="building" v="detached"/>
    <tag k="ref:GB:uprn" v="3040046741"/>
    <tag k="source:addr" v="survey"/>
    <tag k="source:addr:postcode" v="OS Opendata Codepoint"/>
  </way>
  <way id="104381144" version="3" timestamp="2021-04-01T20:18:59Z" changeset="102147385" uid="7037" user="Gregory Williams">
    <nd ref="1204264149"/>
    <nd ref="1204264153"/>
    <nd ref="1204264247"/>
    <nd ref="1204263709"/>
    <nd ref="1204264149"/>
    <tag k="addr:housenumber" v="76"/>
    <tag k="addr:postcode" v="LE12 5NH"/>
    <tag k="addr:street" v="Park Lane"/>
    <tag k="building" v="detached"/>
    <tag k="ref:GB:uprn" v="3040000857"/>
    <tag k="source:addr" v="survey"/>
    <tag k="source:addr:postcode" v="OS Opendata Codepoint"/>
    <tag k="source:building" v="Bing"/>
  </way>
  <way id="104381147" version="3" timestamp="2021-04-01T20:11:37Z" changeset="102147141" uid="7037" user="Gregory Williams">
    <nd ref="1204264259"/>
    <nd ref="4816838705"/>
    <nd ref="1204261867"/>
    <nd ref="4816838712"/>
    <nd ref="4816838711"/>
    <nd ref="4816838710"/>
    <nd ref="4816838709"/>
    <nd ref="1204264348"/>
    <nd ref="1204262907"/>
    <nd ref="1204263489"/>
    <nd ref="1204261909"/>
    <nd ref="1204264259"/>
    <tag k="addr:housename" v="Holly Lodge"/>
    <tag k="addr:housenumber" v="49"/>
    <tag k="addr:postcode" v="LE12 5ND"/>
    <tag k="addr:street" v="Main Street"/>
    <tag k="building" v="detached"/>
    <tag k="ref:GB:uprn" v="3040000150"/>
    <tag k="source:addr" v="survey"/>
    <tag k="source:addr:postcode" v="OS Opendata Codepoint"/>
  </way>
  <way id="104381148" version="3" timestamp="2025-01-18T20:07:05Z" changeset="161504409" uid="8857" user="philipcullen">
    <nd ref="1204263619"/>
    <nd ref="1204262710"/>
    <nd ref="4806266828"/>
    <nd ref="4806266829"/>
    <nd ref="4806266830"/>
    <nd ref="1204263954"/>
    <nd ref="1204263619"/>
    <tag k="addr:housenumber" v="50"/>
    <tag k="addr:postcode" v="LE12 5NH"/>
    <tag k="addr:street" v="Park Lane"/>
    <tag k="building" v="detached"/>
    <tag k="ref:GB:uprn" v="3040000177"/>
    <tag k="source:addr" v="survey"/>
    <tag k="source:addr:postcode" v="OS Opendata Codepoint"/>
    <tag k="source:building" v="Bing"/>
  </way>
  <way id="104381149" version="3" timestamp="2025-01-18T20:31:52Z" changeset="161504409" uid="8857" user="philipcullen">
    <nd ref="1204262943"/>
    <nd ref="1204265589"/>
    <nd ref="4816838806"/>
    <nd ref="4816838805"/>
    <nd ref="1204262725"/>
    <nd ref="4816838802"/>
    <nd ref="4816838803"/>
    <nd ref="1204265135"/>
    <nd ref="1204262943"/>
    <tag k="addr:housenumber" v="23"/>
    <tag k="addr:postcode" v="LE12 5NW"/>
    <tag k="addr:street" v="Gables Lea"/>
    <tag k="building" v="detached"/>
    <tag k="ref:GB:uprn" v="3040000221;3040070568"/>
    <tag k="source:addr" v="survey"/>
    <tag k="source:addr:postcode" v="OS Opendata Codepoint"/>
    <tag k="source:building" v="Bing"/>
  </way>
  <way id="104381155" version="3" timestamp="2025-01-18T20:42:34Z" changeset="161504409" uid="8857" user="philipcullen">
    <nd ref="1204262731"/>
    <nd ref="1204263787"/>
    <nd ref="1204266253"/>
    <nd ref="1204266549"/>
    <nd ref="1204264690"/>
    <nd ref="1204263409"/>
    <nd ref="1204262731"/>
    <tag k="addr:housenumber" v="74"/>
    <tag k="addr:postcode" v="LE12 5NH"/>
    <tag k="addr:street" v="Park Lane"/>
    <tag k="building" v="detached"/>
    <tag k="ref:GB:uprn" v="3040000856"/>
    <tag k="source:addr" v="survey"/>
    <tag k="source:addr:postcode" v="OS Opendata Codepoint"/>
    <tag k="source:building" v="Bing"/>
  </way>
  <way id="104381157" version="3" timestamp="2025-01-18T20:07:05Z" changeset="161504409" uid="8857" user="philipcullen">
    <nd ref="1204266357"/>
    <nd ref="1204262726"/>
    <nd ref="4806266831"/>
    <nd ref="4806266832"/>
    <nd ref="1204263212"/>
    <nd ref="1204264076"/>
    <nd ref="1204266357"/>
    <tag k="addr:housenumber" v="52"/>
    <tag k="addr:postcode" v="LE12 5NH"/>
    <tag k="addr:street" v="Park Lane"/>
    <tag k="building" v="detached"/>
    <tag k="ref:GB:uprn" v="3040000178"/>
    <tag k="source:addr" v="survey"/>
    <tag k="source:addr:postcode" v="OS Opendata Codepoint"/>
    <tag k="source:building" v="Bing"/>
  </way>
  <way id="104381158" version="4" timestamp="2022-02-26T13:34:01Z" changeset="117879080" uid="242345" user="confusedbuffalo">
    <nd ref="1204265584"/>
    <nd ref="4808666051"/>
    <nd ref="4808666048"/>
    <nd ref="4808666056"/>
    <nd ref="4808666055"/>
    <nd ref="1204265592"/>
    <nd ref="4808666052"/>
    <nd ref="1204265584"/>
    <tag k="addr:housenumber" v="39"/>
    <tag k="addr:postcode" v="LE12 5NQ"/>
    <tag k="addr:street" v="Park Lane"/>
    <tag k="building" v="semidetached_house"/>
    <tag k="ref:GB:uprn" v="3040000199"/>
    <tag k="source:addr" v="survey"/>
    <tag k="source:addr:postcode" v="OS Opendata Codepoint"/>
    <tag k="source:building" v="Bing"/>
  </way>
  <way id="104381159" version="3" timestamp="2025-01-18T20:07:05Z" changeset="161504409" uid="8857" user="philipcullen">
    <nd ref="1204264361"/>
    <nd ref="4808665930"/>
    <nd ref="4808665931"/>
    <nd ref="1204263767"/>
    <nd ref="1204263506"/>
    <nd ref="4808665933"/>
    <nd ref="4808665932"/>
    <nd ref="1204265295"/>
    <nd ref="1204264361"/>
    <tag k="addr:housenumber" v="23"/>
    <tag k="addr:postcode" v="LE12 5NQ"/>
    <tag k="addr:street" v="Park Lane"/>
    <tag k="building" v="detached"/>
    <tag k="ref:GB:uprn" v="3040000297"/>
    <tag k="source:addr" v="survey"/>
    <tag k="source:addr:postcode" v="OS Opendata Codepoint"/>
    <tag k="source:building" v="Bing"/>
  </way>
  <way id="104381170" version="5" timestamp="2025-01-18T22:01:37Z" changeset="161507263" uid="8857" user="philipcullen">
    <nd ref="1204262672"/>
    <nd ref="1204266104"/>
    <nd ref="1204263599"/>
    <nd ref="1204265665"/>
    <nd ref="3726677807"/>
    <nd ref="3726677808"/>
    <nd ref="1204265979"/>
    <nd ref="1204262672"/>
    <tag k="addr:housename" v="The Cobblers Cottage"/>
    <tag k="addr:housenumber" v="23"/>
    <tag k="addr:postcode" v="LE12 5PH"/>
    <tag k="addr:street" v="Soar Lane"/>
    <tag k="building" v="semidetached_house"/>
    <tag k="ref:GB:uprn" v="3040000410"/>
    <tag k="source:addr" v="survey"/>
    <tag k="source:addr:postcode" v="OS Opendata Codepoint"/>
  </way>
  <way id="104381172" version="4" timestamp="2025-01-18T22:01:37Z" changeset="161507263" uid="8857" user="philipcullen">
    <nd ref="1204263939"/>
    <nd ref="1204262608"/>
    <nd ref="1204265726"/>
    <nd ref="1204264487"/>
    <nd ref="1204266537"/>
    <nd ref="1204262492"/>
    <nd ref="1204262407"/>
    <nd ref="1204264343"/>
    <nd ref="1204263939"/>
    <tag k="addr:housenumber" v="8"/>
    <tag k="addr:postcode" v="LE12 5PA"/>
    <tag k="addr:street" v="Bollard's Lane"/>
    <tag k="building" v="detached"/>
    <tag k="ref:GB:uprn" v="3040000350"/>
    <tag k="source:addr" v="survey"/>
    <tag k="source:addr:postcode" v="OS Opendata Codepoint"/>
  </way>
  <way id="104381173" version="4" timestamp="2025-01-18T22:01:37Z" changeset="161507263" uid="8857" user="philipcullen">
    <nd ref="1204264221"/>
    <nd ref="1204263201"/>
    <nd ref="3726677841"/>
    <nd ref="3726677840"/>
    <nd ref="3726677843"/>
    <nd ref="3726677844"/>
    <nd ref="1204264403"/>
    <nd ref="1204264320"/>
    <nd ref="1204264025"/>
    <nd ref="1204263844"/>
    <nd ref="1204264624"/>
    <nd ref="1204263025"/>
    <nd ref="1204264221"/>
    <tag k="addr:housename" v="Hillcroft"/>
    <tag k="addr:housenumber" v="7"/>
    <tag k="addr:street" v="College Road"/>
    <tag k="building" v="detached"/>
    <tag k="ref:GB:uprn" v="3040050586"/>
    <tag k="source:building" v="Bing"/>
  </way>
  <way id="104381175" version="3" timestamp="2021-04-01T20:11:37Z" changeset="102147141" uid="7037" user="Gregory Williams">
    <nd ref="1204266404"/>
    <nd ref="1204265258"/>
    <nd ref="4816838450"/>
    <nd ref="4816838451"/>
    <nd ref="4816838452"/>
    <nd ref="4816838453"/>
    <nd ref="1204264401"/>
    <nd ref="1204264353"/>
    <nd ref="1204266404"/>
    <tag k="addr:housenumber" v="20"/>
    <tag k="addr:postcode" v="LE12 5PQ"/>
    <tag k="addr:street" v="Pasture Lane"/>
    <tag k="building" v="detached"/>
    <tag k="ref:GB:uprn" v="3040046751"/>
    <tag k="source:addr" v="survey"/>
    <tag k="source:addr:postcode" v="OS Opendata Codepoint"/>
  </way>
  <way id="104381176" version="4" timestamp="2025-01-18T20:07:05Z" changeset="161504409" uid="8857" user="philipcullen">
    <nd ref="1204264097"/>
    <nd ref="4816838655"/>
    <nd ref="4816838654"/>
    <nd ref="1204261845"/>
    <nd ref="1204264097"/>
    <tag k="addr:housenumber" v="1"/>
    <tag k="addr:postcode" v="LE12 5PQ"/>
    <tag k="addr:street" v="Pasture Lane"/>
    <tag k="building" v="semidetached_house"/>
    <tag k="ref:GB:uprn" v="3040000245"/>
    <tag k="source:addr" v="survey"/>
    <tag k="source:addr:postcode" v="OS Opendata Codepoint"/>
  </way>
  <way id="104381180" version="3" timestamp="2025-01-18T20:07:05Z" changeset="161504409" uid="8857" user="philipcullen">
    <nd ref="1204265014"/>
    <nd ref="1204266201"/>
    <nd ref="4804778697"/>
    <nd ref="4804778698"/>
    <nd ref="1204264957"/>
    <nd ref="1204265081"/>
    <nd ref="4804778694"/>
    <nd ref="1204265014"/>
    <tag k="addr:housenumber" v="24"/>
    <tag k="addr:postcode" v="LE12 5NG"/>
    <tag k="addr:street" v="The Paddocks"/>
    <tag k="building" v="detached"/>
    <tag k="ref:GB:uprn" v="3040000269"/>
    <tag k="source:addr" v="survey"/>
    <tag k="source:addr:postcode" v="OS Opendata Codepoint"/>
    <tag k="source:building" v="Bing"/>
  </way>
  <way id="104381183" version="3" timestamp="2021-04-01T20:18:59Z" changeset="102147385" uid="7037" user="Gregory Williams">
    <nd ref="1204265609"/>
    <nd ref="1204265628"/>
    <nd ref="1204266256"/>
    <nd ref="1204263443"/>
    <nd ref="1204263255"/>
    <nd ref="4806266865"/>
    <nd ref="4806266866"/>
    <nd ref="1204263283"/>
    <nd ref="4806266725"/>
    <nd ref="4806266726"/>
    <nd ref="1204265609"/>
    <tag k="addr:housenumber" v="70"/>
    <tag k="addr:postcode" v="LE12 5NH"/>
    <tag k="addr:street" v="Park Lane"/>
    <tag k="building" v="detached"/>
    <tag k="ref:GB:uprn" v="3040000854"/>
    <tag k="source:addr" v="survey"/>
    <tag k="source:addr:postcode" v="OS Opendata Codepoint"/>
    <tag k="source:building" v="Bing"/>
  </way>
  <way id="104381184" version="2" timestamp="2017-04-19T23:39:06Z" changeset="47954894" uid="207845" user="will_p">
    <nd ref="1204263916"/>
    <nd ref="1204261970"/>
    <nd ref="1204265720"/>
    <nd ref="1204266070"/>
    <nd ref="1204263916"/>
    <tag k="addr:housenumber" v="7"/>
    <tag k="addr:postcode" v="LE12 5NG"/>
    <tag k="addr:street" v="Swan Court"/>
    <tag k="building" v="detached"/>
    <tag k="source:addr" v="survey"/>
    <tag k="source:addr:postcode" v="OS Opendata Codepoint"/>
    <tag k="source:building" v="Bing"/>
  </way>
  <way id="104381186" version="3" timestamp="2021-04-01T20:18:59Z" changeset="102147385" uid="7037" user="Gregory Williams">
    <nd ref="1204262765"/>
    <nd ref="1204262674"/>
    <nd ref="4806266867"/>
    <nd ref="1204262614"/>
    <nd ref="1204264979"/>
    <nd ref="1204265260"/>
    <nd ref="1204265652"/>
    <nd ref="1204262765"/>
    <tag k="addr:housenumber" v="72"/>
    <tag k="addr:postcode" v="LE12 5NH"/>
    <tag k="addr:street" v="Park Lane"/>
    <tag k="building" v="detached"/>
    <tag k="ref:GB:uprn" v="3040000855"/>
    <tag k="source:addr" v="survey"/>
    <tag k="source:addr:postcode" v="OS Opendata Codepoint"/>
    <tag k="source:building" v="Bing"/>
  </way>
  <way id="104381192" version="3" timestamp="2025-01-18T20:07:05Z" changeset="161504409" uid="8857" user="philipcullen">
    <nd ref="1204265678"/>
    <nd ref="1204264929"/>
    <nd ref="1204265625"/>
    <nd ref="4808665934"/>
    <nd ref="4808665935"/>
    <nd ref="1204264856"/>
    <nd ref="1204265678"/>
    <tag k="addr:housenumber" v="23A"/>
    <tag k="addr:postcode" v="LE12 5NQ"/>
    <tag k="addr:street" v="Park Lane"/>
    <tag k="building" v="detached"/>
    <tag k="ref:GB:uprn" v="3040000309"/>
    <tag k="source:addr" v="survey"/>
    <tag k="source:addr:postcode" v="OS Opendata Codepoint"/>
    <tag k="source:building" v="Bing"/>
  </way>
  <way id="104381196" version="3" timestamp="2021-04-01T20:11:37Z" changeset="102147141" uid="7037" user="Gregory Williams">
    <nd ref="1204265427"/>
    <nd ref="1204262423"/>
    <nd ref="1204265254"/>
    <nd ref="4816838831"/>
    <nd ref="4816838832"/>
    <nd ref="1204265126"/>
    <nd ref="1204265427"/>
    <tag k="addr:housenumber" v="10"/>
    <tag k="addr:postcode" v="LE12 5NW"/>
    <tag k="addr:street" v="Gables Lea"/>
    <tag k="building" v="detached"/>
    <tag k="ref:GB:uprn" v="3040000212"/>
    <tag k="source:addr" v="survey"/>
    <tag k="source:addr:postcode" v="OS Opendata Codepoint"/>
    <tag k="source:building" v="Bing"/>
  </way>
  <way id="104381201" version="3" timestamp="2021-04-01T20:11:37Z" changeset="102147141" uid="7037" user="Gregory Williams">
    <nd ref="1204265387"/>
    <nd ref="1204265479"/>
    <nd ref="4816838754"/>
    <nd ref="4816838753"/>
    <nd ref="1204266586"/>
    <nd ref="1204264145"/>
    <nd ref="1204265387"/>
    <tag k="addr:housenumber" v="45A"/>
    <tag k="addr:postcode" v="LE12 5ND"/>
    <tag k="addr:street" v="Main Street"/>
    <tag k="building" v="detached"/>
    <tag k="ref:GB:uprn" v="3040000280"/>
    <tag k="source:addr" v="survey"/>
    <tag k="source:addr:postcode" v="OS Opendata Codepoint"/>
  </way>
  <way id="104381202" version="4" timestamp="2022-02-26T13:34:01Z" changeset="117879080" uid="242345" user="confusedbuffalo">
    <nd ref="1204265113"/>
    <nd ref="4804783163"/>
    <nd ref="4804783164"/>
    <nd ref="4804783166"/>
    <nd ref="4804783165"/>
    <nd ref="1204264910"/>
    <nd ref="1204265113"/>
    <tag k="HE_ref" v="1260058"/>
    <tag k="addr:housenumber" v="80"/>
    <tag k="addr:postcode" v="LE12 5PF"/>
    <tag k="addr:street" v="Main Street"/>
    <tag k="building" v="semidetached_house"/>
    <tag k="listed_status" v="Grade II"/>
    <tag k="ref:GB:uprn" v="3040000394"/>
    <tag k="source:addr" v="survey"/>
    <tag k="source:addr:postcode" v="OS Opendata Codepoint"/>
    <tag k="source:listed_status" v="Historic England"/>
  </way>
  <way id="104381204" version="3" timestamp="2021-04-01T20:18:59Z" changeset="102147385" uid="7037" user="Gregory Williams">
    <nd ref="1204266176"/>
    <nd ref="1204263737"/>
    <nd ref="1204265460"/>
    <nd ref="1204266538"/>
    <nd ref="1204266176"/>
    <tag k="addr:housenumber" v="53"/>
    <tag k="addr:postcode" v="LE12 5NQ"/>
    <tag k="addr:street" v="Park Lane"/>
    <tag k="building" v="detached"/>
    <tag k="ref:GB:uprn" v="3040000207"/>
    <tag k="source:addr" v="survey"/>
    <tag k="source:addr:postcode" v="OS Opendata Codepoint"/>
    <tag k="source:building" v="Bing"/>
  </way>
  <way id="104381209" version="3" timestamp="2021-04-01T20:11:37Z" changeset="102147141" uid="7037" user="Gregory Williams">
    <nd ref="1204264623"/>
    <nd ref="1204262728"/>
    <nd ref="4804778655"/>
    <nd ref="4804778659"/>
    <nd ref="4804778660"/>
    <nd ref="1204263346"/>
    <nd ref="4804778658"/>
    <nd ref="4804778657"/>
    <nd ref="1204264849"/>
    <nd ref="1204265304"/>
    <nd ref="4804778656"/>
    <nd ref="1204264623"/>
    <tag k="addr:housenumber" v="22"/>
    <tag k="addr:postcode" v="LE12 5NE"/>
    <tag k="addr:street" v="Main Street"/>
    <tag k="building" v="detached"/>
    <tag k="ref:GB:uprn" v="3040000158"/>
    <tag k="source:addr" v="survey"/>
    <tag k="source:addr:housenumber" v="interpolation"/>
    <tag k="source:addr:postcode" v="OS Opendata Codepoint"/>
  </way>
  <way id="104381211" version="3" timestamp="2025-01-18T22:01:37Z" changeset="161507263" uid="8857" user="philipcullen">
    <nd ref="1204266554"/>
    <nd ref="1204265557"/>
    <nd ref="4795926606"/>
    <nd ref="4795926607"/>
    <nd ref="1204262685"/>
    <nd ref="1204264226"/>
    <nd ref="1204266554"/>
    <tag k="addr:housenumber" v="116"/>
    <tag k="addr:postcode" v="LE12 5PF"/>
    <tag k="addr:street" v="Main Street"/>
    <tag k="building" v="detached"/>
    <tag k="ref:GB:uprn" v="3040000379"/>
    <tag k="source:addr" v="survey"/>
    <tag k="source:addr:postcode" v="OS Opendata Codepoint"/>
  </way>
  <way id="104381212" version="4" timestamp="2022-02-26T13:34:01Z" changeset="117879080" uid="242345" user="confusedbuffalo">
    <nd ref="1204266451"/>
    <nd ref="4808665613"/>
    <nd ref="4808665611"/>
    <nd ref="4808665610"/>
    <nd ref="4808665612"/>
    <nd ref="4808665615"/>
    <nd ref="4808665614"/>
    <nd ref="1204264621"/>
    <nd ref="1204266451"/>
    <tag k="addr:housenumber" v="11"/>
    <tag k="addr:postcode" v="LE12 5NQ"/>
    <tag k="addr:street" v="Park Lane"/>
    <tag k="building" v="semidetached_house"/>
    <tag k="ref:GB:uprn" v="3040000188"/>
    <tag k="source:addr" v="survey"/>
    <tag k="source:addr:postcode" v="OS Opendata Codepoint"/>
    <tag k="source:building" v="Bing"/>
  </way>
  <way id="104381214" version="3" timestamp="2025-01-18T20:31:52Z" changeset="161504409" uid="8857" user="philipcullen">
    <nd ref="1204262634"/>
    <nd ref="1204264959"/>
    <nd ref="1204265028"/>
    <nd ref="1204264963"/>
    <nd ref="1204262634"/>
    <tag k="addr:housenumber" v="42"/>
    <tag k="addr:postcode" v="LE12 5PF"/>
    <tag k="addr:street" v="Main Street"/>
    <tag k="building" v="detached"/>
    <tag k="ref:GB:uprn" v="3040000240"/>
    <tag k="source:addr" v="survey"/>
    <tag k="source:addr:postcode" v="OS Opendata Codepoint"/>
    <tag k="source:building" v="Bing"/>
  </way>
  <way id="104381216" version="3" timestamp="2021-04-01T20:11:37Z" changeset="102147141" uid="7037" user="Gregory Williams">
    <nd ref="1204262494"/>
    <nd ref="1204263372"/>
    <nd ref="1204262617"/>
    <nd ref="1204262858"/>
    <nd ref="1204264411"/>
    <nd ref="1204265602"/>
    <nd ref="1204262494"/>
    <tag k="addr:housename" v="Gables Nook"/>
    <tag k="addr:housenumber" v="23"/>
    <tag k="addr:postcode" v="LE12 5ND"/>
    <tag k="addr:street" v="Main Street"/>
    <tag k="building" v="detached"/>
    <tag k="ref:GB:uprn" v="3040000138"/>
    <tag k="source:addr" v="survey"/>
    <tag k="source:addr:postcode" v="OS Opendata Codepoint"/>
  </way>
  <way id="104381218" version="7" timestamp="2025-01-18T20:33:47Z" changeset="161504409" uid="8857" user="philipcullen">
    <nd ref="1204264046"/>
    <nd ref="3726677690"/>
    <nd ref="1204262800"/>
    <nd ref="1204262922"/>
    <nd ref="1204265273"/>
    <nd ref="3726677676"/>
    <nd ref="3726677670"/>
    <nd ref="390326594"/>
    <nd ref="3726677673"/>
    <nd ref="3726677679"/>
    <nd ref="1204263898"/>
    <nd ref="1204263121"/>
    <nd ref="1204263915"/>
    <nd ref="1204262127"/>
    <nd ref="1204265829"/>
    <nd ref="1204263875"/>
    <nd ref="1204263836"/>
    <nd ref="1204264046"/>
    <tag k="HE_ref" v="1242372"/>
    <tag k="addr:postcode" v="LE12 5PB"/>
    <tag k="amenity" v="place_of_worship"/>
    <tag k="building" v="church"/>
    <tag k="denomination" v="anglican"/>
    <tag k="listed_status" v="Grade II*"/>
    <tag k="name" v="St Michael's"/>
    <tag k="ref:GB:uprn" v="3040070099;3040066007"/>
    <tag k="ref:dove" v="11610"/>
    <tag k="religion" v="christian"/>
    <tag k="source" v="survey"/>
    <tag k="source:listed_status" v="Historic England"/>
    <tag k="wikidata" v="Q7590666"/>
    <tag k="wikipedia" v="en:St Michael's Church, Sutton Bonington"/>
  </way>
  <way id="104381224" version="3" timestamp="2025-01-18T20:07:05Z" changeset="161504409" uid="8857" user="philipcullen">
    <nd ref="1204263009"/>
    <nd ref="1204266128"/>
    <nd ref="4808665928"/>
    <nd ref="4808665929"/>
    <nd ref="1204264197"/>
    <nd ref="1204261967"/>
    <nd ref="4808665927"/>
    <nd ref="4808665926"/>
    <nd ref="1204263009"/>
    <tag k="addr:housenumber" v="19"/>
    <tag k="addr:postcode" v="LE12 5NQ"/>
    <tag k="addr:street" v="Park Lane"/>
    <tag k="building" v="detached"/>
    <tag k="ref:GB:uprn" v="3040000310"/>
    <tag k="source:addr" v="survey"/>
    <tag k="source:addr:postcode" v="OS Opendata Codepoint"/>
    <tag k="source:building" v="Bing"/>
  </way>
  <way id="104381226" version="4" timestamp="2021-04-01T20:18:59Z" changeset="102147385" uid="7037" user="Gregory Williams">
    <nd ref="1204264919"/>
    <nd ref="1204262169"/>
    <nd ref="1204262989"/>
    <nd ref="3726676934"/>
    <nd ref="3726676933"/>
    <nd ref="3726676935"/>
    <nd ref="3726676936"/>
    <nd ref="1204261908"/>
    <nd ref="1204264919"/>
    <tag k="addr:housenumber" v="12"/>
    <tag k="addr:postcode" v="LE12 5NH"/>
    <tag k="addr:street" v="Park Lane"/>
    <tag k="building" v="detached"/>
    <tag k="ref:GB:uprn" v="3040000296"/>
    <tag k="source:addr" v="survey"/>
    <tag k="source:addr:postcode" v="OS Opendata Codepoint"/>
    <tag k="source:building" v="Bing"/>
  </way>
  <way id="104381228" version="3" timestamp="2021-04-01T20:11:37Z" changeset="102147141" uid="7037" user="Gregory Williams">
    <nd ref="1204265400"/>
    <nd ref="1204262827"/>
    <nd ref="1204265034"/>
    <nd ref="1204264759"/>
    <nd ref="1204264254"/>
    <nd ref="1204263369"/>
    <nd ref="1204265400"/>
    <tag k="addr:housename" v="The Orchard"/>
    <tag k="addr:housenumber" v="20A"/>
    <tag k="addr:postcode" v="LE12 5PQ"/>
    <tag k="addr:street" v="Pasture Lane"/>
    <tag k="building" v="detached"/>
    <tag k="ref:GB:uprn" v="3040000132"/>
    <tag k="source:addr" v="survey"/>
    <tag k="source:addr:housenumber" v="interpolation"/>
    <tag k="source:addr:postcode" v="OS Opendata Codepoint"/>
  </way>
  <way id="104381230" version="3" timestamp="2025-01-18T20:07:05Z" changeset="161504409" uid="8857" user="philipcullen">
    <nd ref="4804778664"/>
    <nd ref="4804778665"/>
    <nd ref="1204263910"/>
    <nd ref="1204264178"/>
    <nd ref="4804778664"/>
    <tag k="addr:housenumber" v="8"/>
    <tag k="addr:postcode" v="LE12 5NG"/>
    <tag k="addr:street" v="Swan Court"/>
    <tag k="building" v="residential"/>
    <tag k="ref:GB:uprn" v="3040000289"/>
    <tag k="source:addr" v="survey"/>
    <tag k="source:addr:postcode" v="OS Opendata Codepoint"/>
    <tag k="source:building" v="Bing"/>
  </way>
  <way id="104381233" version="4" timestamp="2025-01-18T20:07:05Z" changeset="161504409" uid="8857" user="philipcullen">
    <nd ref="4816838734"/>
    <nd ref="1204263016"/>
    <nd ref="1204265476"/>
    <nd ref="1204265344"/>
    <nd ref="1204263920"/>
    <nd ref="1204264069"/>
    <nd ref="1204264673"/>
    <nd ref="4816838734"/>
    <tag k="addr:housename" v="Lodge Farm"/>
    <tag k="addr:housenumber" v="43"/>
    <tag k="addr:postcode" v="LE12 5ND"/>
    <tag k="addr:street" v="Main Street"/>
    <tag k="building" v="house"/>
    <tag k="house" v="terraced"/>
    <tag k="ref:GB:uprn" v="3040000147"/>
    <tag k="source:addr" v="survey"/>
    <tag k="source:addr:postcode" v="OS Opendata Codepoint"/>
  </way>
  <way id="104381237" version="3" timestamp="2021-04-01T20:11:37Z" changeset="102147141" uid="7037" user="Gregory Williams">
    <nd ref="1204263935"/>
    <nd ref="1204262163"/>
    <nd ref="1204263847"/>
    <nd ref="1204266511"/>
    <nd ref="1204263935"/>
    <tag k="addr:housenumber" v="21"/>
    <tag k="addr:postcode" v="LE12 5ND"/>
    <tag k="addr:street" v="Main Street"/>
    <tag k="building" v="detached"/>
    <tag k="ref:GB:uprn" v="3040000128"/>
    <tag k="source:addr" v="survey"/>
    <tag k="source:addr:postcode" v="OS Opendata Codepoint"/>
  </way>
  <way id="104381239" version="3" timestamp="2021-04-01T20:11:37Z" changeset="102147141" uid="7037" user="Gregory Williams">
    <nd ref="1204266334"/>
    <nd ref="1204265384"/>
    <nd ref="1204265301"/>
    <nd ref="1204266032"/>
    <nd ref="1204265107"/>
    <nd ref="1204264355"/>
    <nd ref="1204266334"/>
    <tag k="addr:housenumber" v="15"/>
    <tag k="addr:postcode" v="LE12 5NG"/>
    <tag k="addr:street" v="The Paddocks"/>
    <tag k="building" v="detached"/>
    <tag k="ref:GB:uprn" v="3040046742"/>
    <tag k="source:addr" v="survey"/>
    <tag k="source:addr:postcode" v="OS Opendata Codepoint"/>
    <tag k="source:building" v="Bing"/>
  </way>
  <way id="104381241" version="3" timestamp="2021-04-01T20:11:37Z" changeset="102147141" uid="7037" user="Gregory Williams">
    <nd ref="1204263764"/>
    <nd ref="1204264333"/>
    <nd ref="1204263702"/>
    <nd ref="4816838726"/>
    <nd ref="4816838727"/>
    <nd ref="4816838728"/>
    <nd ref="4816838729"/>
    <nd ref="1204265410"/>
    <nd ref="1204263764"/>
    <tag k="addr:housenumber" v="15"/>
    <tag k="addr:postcode" v="LE12 5ND"/>
    <tag k="addr:street" v="Main Street"/>
    <tag k="building" v="detached"/>
    <tag k="ref:GB:uprn" v="3040046739"/>
    <tag k="source:addr" v="survey"/>
    <tag k="source:addr:postcode" v="OS Opendata Codepoint"/>
  </way>
  <way id="104381242" version="3" timestamp="2025-01-18T20:07:05Z" changeset="161504409" uid="8857" user="philipcullen">
    <nd ref="1204263231"/>
    <nd ref="1204265464"/>
    <nd ref="1204262115"/>
    <nd ref="4806266814"/>
    <nd ref="4806266813"/>
    <nd ref="1204264908"/>
    <nd ref="1204263231"/>
    <tag k="addr:housenumber" v="40"/>
    <tag k="addr:postcode" v="LE12 5NH"/>
    <tag k="addr:street" v="Park Lane"/>
    <tag k="building" v="detached"/>
    <tag k="ref:GB:uprn" v="3040000305"/>
    <tag k="source:addr" v="survey"/>
    <tag k="source:addr:postcode" v="OS Opendata Codepoint"/>
    <tag k="source:building" v="Bing"/>
  </way>
  <way id="104381244" version="2" timestamp="2017-04-26T22:46:04Z" changeset="48177362" uid="207845" user="will_p">
    <nd ref="1204264031"/>
    <nd ref="4818949656"/>
    <nd ref="4818949655"/>
    <nd ref="4818949653"/>
    <nd ref="4818949654"/>
    <nd ref="1204262999"/>
    <nd ref="1204264996"/>
    <nd ref="1204261866"/>
    <nd ref="1204264031"/>
    <tag k="addr:housename" v="Field House"/>
    <tag k="addr:housenumber" v="147"/>
    <tag k="addr:postcode" v="LE12 5PE"/>
    <tag k="addr:street" v="Main Street"/>
    <tag k="building" v="detached"/>
    <tag k="source:addr" v="survey"/>
    <tag k="source:addr:postcode" v="OS Opendata Codepoint"/>
  </way>
  <way id="104381245" version="3" timestamp="2025-01-18T20:07:05Z" changeset="161504409" uid="8857" user="philipcullen">
    <nd ref="1204265487"/>
    <nd ref="1204261939"/>
    <nd ref="1204266222"/>
    <nd ref="1204264565"/>
    <nd ref="1204265749"/>
    <nd ref="1204263491"/>
    <nd ref="4806266797"/>
    <nd ref="4806266798"/>
    <nd ref="1204265487"/>
    <tag k="addr:housenumber" v="26"/>
    <tag k="addr:postcode" v="LE12 5NH"/>
    <tag k="addr:street" v="Park Lane"/>
    <tag k="building" v="detached"/>
    <tag k="ref:GB:uprn" v="3040000171"/>
    <tag k="source:addr" v="survey"/>
    <tag k="source:addr:postcode" v="OS Opendata Codepoint"/>
    <tag k="source:building" v="Bing"/>
  </way>
  <way id="104381247" version="3" timestamp="2022-03-26T18:31:52Z" changeset="118958417" uid="242345" user="confusedbuffalo">
    <nd ref="1204262230"/>
    <nd ref="1204265741"/>
    <nd ref="1204265933"/>
    <nd ref="1204262381"/>
    <nd ref="1204262230"/>
    <tag k="addr:housename" v="Old Plough Cottage"/>
    <tag k="addr:housenumber" v="20"/>
    <tag k="addr:postcode" v="LE12 5NE"/>
    <tag k="addr:street" v="Main Street"/>
    <tag k="building" v="house"/>
    <tag k="historic" v="pub"/>
    <tag k="house" v="terraced"/>
    <tag k="old_name" v="Old Plough Inn"/>
    <tag k="source:addr" v="survey"/>
    <tag k="source:addr:postcode" v="OS Opendata Codepoint"/>
  </way>
  <way id="104381249" version="3" timestamp="2021-04-01T20:11:37Z" changeset="102147141" uid="7037" user="Gregory Williams">
    <nd ref="1204266009"/>
    <nd ref="1204265714"/>
    <nd ref="1204264775"/>
    <nd ref="4816838792"/>
    <nd ref="4816838791"/>
    <nd ref="1204265791"/>
    <nd ref="1204266009"/>
    <tag k="addr:housenumber" v="19"/>
    <tag k="addr:postcode" v="LE12 5NW"/>
    <tag k="addr:street" v="Gables Lea"/>
    <tag k="building" v="detached"/>
    <tag k="ref:GB:uprn" v="3040000219"/>
    <tag k="source:addr" v="survey"/>
    <tag k="source:addr:postcode" v="OS Opendata Codepoint"/>
    <tag k="source:building" v="Bing"/>
  </way>
  <way id="104381250" version="3" timestamp="2025-01-18T22:01:37Z" changeset="161507263" uid="8857" user="philipcullen">
    <nd ref="1204262219"/>
    <nd ref="1204263052"/>
    <nd ref="1204265247"/>
    <nd ref="1204262570"/>
    <nd ref="1204266519"/>
    <nd ref="1204265910"/>
    <nd ref="1204262219"/>
    <tag k="addr:housenumber" v="4"/>
    <tag k="addr:postcode" v="LE12 5PG"/>
    <tag k="addr:street" v="Marle Pit Hill"/>
    <tag k="building" v="detached"/>
    <tag k="ref:GB:uprn" v="3040000439"/>
    <tag k="source:addr" v="survey"/>
    <tag k="source:addr:postcode" v="OS Opendata Codepoint"/>
  </way>
  <way id="104381252" version="3" timestamp="2025-01-18T20:07:05Z" changeset="161504409" uid="8857" user="philipcullen">
    <nd ref="1204265216"/>
    <nd ref="1204262521"/>
    <nd ref="4816838725"/>
    <nd ref="4816838724"/>
    <nd ref="1204266328"/>
    <nd ref="1204265111"/>
    <nd ref="1204262946"/>
    <nd ref="1204265043"/>
    <nd ref="1204265445"/>
    <nd ref="1204262864"/>
    <nd ref="1204265216"/>
    <tag k="addr:housenumber" v="17"/>
    <tag k="addr:postcode" v="LE12 5ND"/>
    <tag k="addr:street" v="Main Street"/>
    <tag k="building" v="detached"/>
    <tag k="ref:GB:uprn" v="3040046740"/>
    <tag k="source:addr" v="survey"/>
    <tag k="source:addr:postcode" v="OS Opendata Codepoint"/>
  </way>
  <way id="104381253" version="3" timestamp="2021-04-01T20:11:37Z" changeset="102147141" uid="7037" user="Gregory Williams">
    <nd ref="1204262774"/>
    <nd ref="1204265440"/>
    <nd ref="1204263792"/>
    <nd ref="1204262688"/>
    <nd ref="1204262774"/>
    <tag k="addr:housenumber" v="4"/>
    <tag k="addr:postcode" v="LE12 5NG"/>
    <tag k="addr:street" v="The Paddocks"/>
    <tag k="building" v="detached"/>
    <tag k="ref:GB:uprn" v="3040000270"/>
    <tag k="source:addr" v="survey"/>
    <tag k="source:addr:postcode" v="OS Opendata Codepoint"/>
    <tag k="source:building" v="Bing"/>
  </way>
  <way id="104381255" version="4" timestamp="2025-01-18T22:01:37Z" changeset="161507263" uid="8857" user="philipcullen">
    <nd ref="1204262744"/>
    <nd ref="1204265931"/>
    <nd ref="1204264380"/>
    <nd ref="3726677642"/>
    <nd ref="3726677640"/>
    <nd ref="1204263336"/>
    <nd ref="1204262069"/>
    <nd ref="1204263184"/>
    <nd ref="1204266035"/>
    <nd ref="4795926551"/>
    <nd ref="1204262744"/>
    <tag k="addr:housenumber" v="123"/>
    <tag k="addr:postcode" v="LE12 5PE"/>
    <tag k="addr:street" v="Main Street"/>
    <tag k="building" v="detached"/>
    <tag k="ref:GB:uprn" v="3040046745"/>
    <tag k="source:addr" v="survey"/>
    <tag k="source:addr:postcode" v="OS Opendata Codepoint"/>
  </way>
  <way id="104381259" version="3" timestamp="2021-04-01T20:18:59Z" changeset="102147385" uid="7037" user="Gregory Williams">
    <nd ref="1204262323"/>
    <nd ref="1204262462"/>
    <nd ref="1204266576"/>
    <nd ref="1204262032"/>
    <nd ref="1204262323"/>
    <tag k="addr:housenumber" v="16"/>
    <tag k="addr:postcode" v="LE12 5NH"/>
    <tag k="addr:street" v="Park Lane"/>
    <tag k="building" v="detached"/>
    <tag k="ref:GB:uprn" v="3040000307"/>
    <tag k="source:addr" v="survey"/>
    <tag k="source:addr:postcode" v="OS Opendata Codepoint"/>
    <tag k="source:building" v="Bing"/>
  </way>
  <way id="104381260" version="3" timestamp="2022-02-26T13:34:01Z" changeset="117879080" uid="242345" user="confusedbuffalo">
    <nd ref="1204262708"/>
    <nd ref="4808665602"/>
    <nd ref="4808665603"/>
    <nd ref="4808665605"/>
    <nd ref="4808665604"/>
    <nd ref="1204266034"/>
    <nd ref="1204262708"/>
    <tag k="addr:housenumber" v="5"/>
    <tag k="addr:postcode" v="LE12 5NQ"/>
    <tag k="addr:street" v="Park Lane"/>
    <tag k="building" v="semidetached_house"/>
    <tag k="source:addr" v="survey"/>
    <tag k="source:addr:postcode" v="OS Opendata Codepoint"/>
    <tag k="source:building" v="Bing"/>
  </way>
  <way id="104381263" version="3" timestamp="2021-04-01T20:11:37Z" changeset="102147141" uid="7037" user="Gregory Williams">
    <nd ref="1204265166"/>
    <nd ref="1204262212"/>
    <nd ref="1204263596"/>
    <nd ref="1204265236"/>
    <nd ref="1204265166"/>
    <tag k="addr:housenumber" v="18"/>
    <tag k="addr:postcode" v="LE12 5PQ"/>
    <tag k="addr:street" v="Pasture Lane"/>
    <tag k="building" v="detached"/>
    <tag k="ref:GB:uprn" v="3040000463"/>
    <tag k="source:addr" v="survey"/>
    <tag k="source:addr:postcode" v="OS Opendata Codepoint"/>
  </way>
  <way id="104381264" version="4" timestamp="2021-04-01T20:11:37Z" changeset="102147141" uid="7037" user="Gregory Williams">
    <nd ref="1204263890"/>
    <nd ref="1204263644"/>
    <nd ref="1204265552"/>
    <nd ref="1204264106"/>
    <nd ref="1204266290"/>
    <nd ref="1204262745"/>
    <nd ref="1204263890"/>
    <tag k="addr:housenumber" v="9"/>
    <tag k="addr:postcode" v="LE12 5NG"/>
    <tag k="addr:street" v="The Paddocks"/>
    <tag k="building" v="detached"/>
    <tag k="ref:GB:uprn" v="3040000273"/>
    <tag k="source:addr" v="survey"/>
    <tag k="source:addr:postcode" v="OS Opendata Codepoint"/>
    <tag k="source:building" v="Bing"/>
  </way>
  <way id="104381265" version="3" timestamp="2021-04-01T20:11:37Z" changeset="102147141" uid="7037" user="Gregory Williams">
    <nd ref="1204264243"/>
    <nd ref="1204263364"/>
    <nd ref="1204264671"/>
    <nd ref="1204266143"/>
    <nd ref="1204266581"/>
    <nd ref="1204263963"/>
    <nd ref="1204264243"/>
    <tag k="addr:housenumber" v="1"/>
    <tag k="addr:postcode" v="LE12 5NJ"/>
    <tag k="addr:street" v="St Anne's Lane"/>
    <tag k="building" v="detached"/>
    <tag k="ref:GB:uprn" v="3040046744"/>
    <tag k="source:addr:postcode" v="OS Opendata Codepoint"/>
  </way>
  <way id="104381266" version="4" timestamp="2022-03-26T18:31:52Z" changeset="118958417" uid="242345" user="confusedbuffalo">
    <nd ref="1204262648"/>
    <nd ref="1204262278"/>
    <nd ref="1204263139"/>
    <nd ref="1204262573"/>
    <nd ref="1204262648"/>
    <tag k="addr:housenumber" v="18"/>
    <tag k="addr:postcode" v="LE12 5NE"/>
    <tag k="addr:street" v="Main Street"/>
    <tag k="building" v="house"/>
    <tag k="house" v="terraced"/>
    <tag k="ref:GB:uprn" v="3040000155"/>
    <tag k="source:addr" v="survey"/>
    <tag k="source:addr:postcode" v="OS Opendata Codepoint"/>
  </way>
  <way id="104381267" version="5" timestamp="2025-01-18T20:07:05Z" changeset="161504409" uid="8857" user="philipcullen">
    <nd ref="3726677127"/>
    <nd ref="3726677022"/>
    <nd ref="3726677021"/>
    <nd ref="3726677125"/>
    <nd ref="3726677127"/>
    <tag k="addr:housenumber" v="26"/>
    <tag k="addr:postcode" v="LE12 5NE"/>
    <tag k="addr:street" v="Main Street"/>
    <tag k="building" v="house"/>
    <tag k="house" v="terraced"/>
    <tag k="ref:GB:uprn" v="3040000159"/>
    <tag k="source:addr" v="survey"/>
    <tag k="source:addr:postcode" v="OS Opendata Codepoint"/>
  </way>
  <way id="104381268" version="3" timestamp="2025-01-18T22:01:37Z" changeset="161507263" uid="8857" user="philipcullen">
    <nd ref="1204262616"/>
    <nd ref="1204263367"/>
    <nd ref="1204262905"/>
    <nd ref="1204262398"/>
    <nd ref="1204264408"/>
    <nd ref="1204262632"/>
    <nd ref="1204262616"/>
    <tag k="addr:housename" v="Pear Tree Cottage"/>
    <tag k="addr:housenumber" v="4"/>
    <tag k="addr:postcode" v="LE12 5PH"/>
    <tag k="addr:street" v="Soar Lane"/>
    <tag k="building" v="detached"/>
    <tag k="ref:GB:uprn" v="3040000412"/>
    <tag k="source:addr" v="survey"/>
    <tag k="source:addr:postcode" v="OS Opendata Codepoint"/>
  </way>
  <way id="104381269" version="3" timestamp="2025-01-18T20:07:05Z" changeset="161504409" uid="8857" user="philipcullen">
    <nd ref="1204263996"/>
    <nd ref="4808665617"/>
    <nd ref="4808665616"/>
    <nd ref="1204265713"/>
    <nd ref="1204263830"/>
    <nd ref="1204265416"/>
    <nd ref="1204263996"/>
    <tag k="addr:housenumber" v="15"/>
    <tag k="addr:postcode" v="LE12 5NQ"/>
    <tag k="addr:street" v="Park Lane"/>
    <tag k="building" v="detached"/>
    <tag k="ref:GB:uprn" v="3040000189"/>
    <tag k="source:addr" v="survey"/>
    <tag k="source:addr:postcode" v="OS Opendata Codepoint"/>
    <tag k="source:building" v="Bing"/>
  </way>
  <way id="104381270" version="3" timestamp="2025-01-18T20:39:49Z" changeset="161504409" uid="8857" user="philipcullen">
    <nd ref="1204263951"/>
    <nd ref="4806266821"/>
    <nd ref="4806266820"/>
    <nd ref="1204263095"/>
    <nd ref="1204265825"/>
    <nd ref="1204262839"/>
    <nd ref="1204263951"/>
    <tag k="addr:housenumber" v="44"/>
    <tag k="addr:postcode" v="LE12 5NH"/>
    <tag k="addr:street" v="Park Lane"/>
    <tag k="building" v="detached"/>
    <tag k="ref:GB:uprn" v="3040000174"/>
    <tag k="source:addr" v="survey"/>
    <tag k="source:addr:postcode" v="OS Opendata Codepoint"/>
    <tag k="source:building" v="Bing"/>
  </way>
  <way id="104381278" version="4" timestamp="2022-02-26T13:34:01Z" changeset="117879080" uid="242345" user="confusedbuffalo">
    <nd ref="4808666293"/>
    <nd ref="1204265730"/>
    <nd ref="1204265606"/>
    <nd ref="1204265109"/>
    <nd ref="1204263705"/>
    <nd ref="1204266578"/>
    <nd ref="1204264360"/>
    <nd ref="4808666294"/>
    <nd ref="4808666293"/>
    <tag k="addr:housenumber" v="25"/>
    <tag k="addr:postcode" v="LE12 5NF"/>
    <tag k="addr:street" v="Orchard Close"/>
    <tag k="building" v="semidetached_house"/>
    <tag k="ref:GB:uprn" v="3040000833"/>
    <tag k="source:addr" v="survey"/>
    <tag k="source:addr:postcode" v="OS Opendata Codepoint"/>
    <tag k="source:building" v="Bing"/>
  </way>
  <way id="104381279" version="3" timestamp="2021-04-01T20:18:59Z" changeset="102147385" uid="7037" user="Gregory Williams">
    <nd ref="1204263466"/>
    <nd ref="1204262493"/>
    <nd ref="4808666028"/>
    <nd ref="1204265446"/>
    <nd ref="4808666029"/>
    <nd ref="1204262286"/>
    <nd ref="1204263314"/>
    <nd ref="4808666031"/>
    <nd ref="4808666030"/>
    <nd ref="1204266246"/>
    <nd ref="1204263975"/>
    <nd ref="1204265943"/>
    <nd ref="1204263466"/>
    <tag k="addr:housenumber" v="37"/>
    <tag k="addr:postcode" v="LE12 5NQ"/>
    <tag k="addr:street" v="Park Lane"/>
    <tag k="building" v="detached"/>
    <tag k="ref:GB:uprn" v="3040000198"/>
    <tag k="source:addr" v="survey"/>
    <tag k="source:addr:postcode" v="OS Opendata Codepoint"/>
    <tag k="source:building" v="Bing"/>
  </way>
  <way id="104381285" version="3" timestamp="2021-04-01T20:11:37Z" changeset="102147141" uid="7037" user="Gregory Williams">
    <nd ref="1204266304"/>
    <nd ref="1204266336"/>
    <nd ref="1204265184"/>
    <nd ref="1204262358"/>
    <nd ref="1204261810"/>
    <nd ref="1204262781"/>
    <nd ref="1204266304"/>
    <tag k="addr:housenumber" v="12"/>
    <tag k="addr:postcode" v="LE12 5NG"/>
    <tag k="addr:street" v="The Paddocks"/>
    <tag k="building" v="detached"/>
    <tag k="ref:GB:uprn" v="3040000262"/>
    <tag k="source:addr" v="survey"/>
    <tag k="source:addr:postcode" v="OS Opendata Codepoint"/>
    <tag k="source:building" v="Bing"/>
  </way>
  <way id="104381286" version="3" timestamp="2025-01-18T20:07:05Z" changeset="161504409" uid="8857" user="philipcullen">
    <nd ref="1204265383"/>
    <nd ref="1204263993"/>
    <nd ref="1204262910"/>
    <nd ref="1204264542"/>
    <nd ref="1204263892"/>
    <nd ref="1204264776"/>
    <nd ref="1204265383"/>
    <tag k="addr:housenumber" v="6"/>
    <tag k="addr:postcode" v="LE12 5NG"/>
    <tag k="addr:street" v="Swan Court"/>
    <tag k="building" v="residential"/>
    <tag k="ref:GB:uprn" v="3040000288"/>
    <tag k="source:addr" v="survey"/>
    <tag k="source:addr:postcode" v="OS Opendata Codepoint"/>
    <tag k="source:building" v="Bing"/>
  </way>
  <way id="104381291" version="4" timestamp="2022-02-26T13:34:01Z" changeset="117879080" uid="242345" user="confusedbuffalo">
    <nd ref="4808666291"/>
    <nd ref="1204262459"/>
    <nd ref="1204266572"/>
    <nd ref="1204266312"/>
    <nd ref="1204265080"/>
    <nd ref="4808666290"/>
    <nd ref="4808666288"/>
    <nd ref="4808666292"/>
    <nd ref="4808666291"/>
    <tag k="addr:housenumber" v="21"/>
    <tag k="addr:postcode" v="LE12 5NF"/>
    <tag k="addr:street" v="Orchard Close"/>
    <tag k="building" v="semidetached_house"/>
    <tag k="ref:GB:uprn" v="3040000831"/>
    <tag k="source:addr" v="survey"/>
    <tag k="source:addr:postcode" v="OS Opendata Codepoint"/>
    <tag k="source:building" v="Bing"/>
  </way>
  <way id="104381294" version="3" timestamp="2021-04-01T20:18:59Z" changeset="102147385" uid="7037" user="Gregory Williams">
    <nd ref="1204261859"/>
    <nd ref="1204265426"/>
    <nd ref="1204263039"/>
    <nd ref="1204264224"/>
    <nd ref="1204261859"/>
    <tag k="addr:housenumber" v="27"/>
    <tag k="addr:postcode" v="LE12 5NW"/>
    <tag k="addr:street" v="Gables Lea"/>
    <tag k="building" v="detached"/>
    <tag k="ref:GB:uprn" v="3040000223"/>
    <tag k="source:addr" v="survey"/>
    <tag k="source:addr:postcode" v="OS Opendata Codepoint"/>
    <tag k="source:building" v="Bing"/>
  </way>
  <way id="104381302" version="6" timestamp="2017-04-19T21:12:38Z" changeset="47952532" uid="207845" user="will_p">
    <nd ref="1204262926"/>
    <nd ref="4804644000"/>
    <nd ref="4804644003"/>
    <nd ref="712747904"/>
    <nd ref="252735746"/>
    <nd ref="246110612"/>
    <nd ref="3726677816"/>
    <nd ref="246110613"/>
    <tag k="highway" v="tertiary"/>
    <tag k="maxspeed" v="30 mph"/>
    <tag k="name" v="Marle Pit Hill"/>
  </way>
  <way id="104381304" version="3" timestamp="2017-04-15T23:40:04Z" changeset="47827072" uid="207845" user="will_p">
    <nd ref="1204264820"/>
    <nd ref="1204266478"/>
    <nd ref="3726677756"/>
    <nd ref="3726677755"/>
    <nd ref="3726677754"/>
    <nd ref="3726677753"/>
    <nd ref="1204264922"/>
    <nd ref="1204262646"/>
    <nd ref="3726677761"/>
    <nd ref="3726677760"/>
    <nd ref="1204265875"/>
    <nd ref="1204263683"/>
    <nd ref="1204264304"/>
    <nd ref="1204261894"/>
    <nd ref="1204264820"/>
    <tag k="HE_ref" v="1260085"/>
    <tag k="addr:housename" v="The White House"/>
    <tag k="addr:housenumber" v="145"/>
    <tag k="addr:postcode" v="LE12 5PE"/>
    <tag k="addr:street" v="Main Street"/>
    <tag k="building" v="detached"/>
    <tag k="listed_status" v="Grade II"/>
    <tag k="source:addr" v="survey"/>
    <tag k="source:addr:postcode" v="OS Opendata Codepoint"/>
    <tag k="source:listed_status" v="Historic England"/>
  </way>
  <way id="104381306" version="3" timestamp="2025-01-18T20:07:05Z" changeset="161504409" uid="8857" user="philipcullen">
    <nd ref="1204264405"/>
    <nd ref="1204264781"/>
    <nd ref="4806266796"/>
    <nd ref="4806266795"/>
    <nd ref="4806266794"/>
    <nd ref="1204265664"/>
    <nd ref="1204264405"/>
    <tag k="addr:housenumber" v="24"/>
    <tag k="addr:postcode" v="LE12 5NH"/>
    <tag k="addr:street" v="Park Lane"/>
    <tag k="building" v="detached"/>
    <tag k="ref:GB:uprn" v="3040000170"/>
    <tag k="source:addr" v="survey"/>
    <tag k="source:addr:postcode" v="OS Opendata Codepoint"/>
    <tag k="source:building" v="Bing"/>
  </way>
  <way id="104381307" version="3" timestamp="2017-04-15T23:40:04Z" changeset="47827072" uid="207845" user="will_p">
    <nd ref="1204265096"/>
    <nd ref="1204264512"/>
    <nd ref="1204265736"/>
    <nd ref="3726677659"/>
    <nd ref="3726677661"/>
    <nd ref="1204264489"/>
    <nd ref="1204265096"/>
    <tag k="addr:housename" v="Fairacres"/>
    <tag k="addr:housenumber" v="133"/>
    <tag k="addr:postcode" v="LE12 5PE"/>
    <tag k="addr:street" v="Main Street"/>
    <tag k="building" v="detached"/>
    <tag k="source:addr" v="survey"/>
    <tag k="source:addr:postcode" v="OS Opendata Codepoint"/>
  </way>
  <way id="104381309" version="4" timestamp="2022-02-26T13:34:01Z" changeset="117879080" uid="242345" user="confusedbuffalo">
    <nd ref="4808666306"/>
    <nd ref="1204266393"/>
    <nd ref="1204262251"/>
    <nd ref="1204266534"/>
    <nd ref="1204265668"/>
    <nd ref="4808666303"/>
    <nd ref="4808666301"/>
    <nd ref="4808666305"/>
    <nd ref="4808666306"/>
    <tag k="addr:housenumber" v="33"/>
    <tag k="addr:postcode" v="LE12 5NF"/>
    <tag k="addr:street" v="Orchard Close"/>
    <tag k="building" v="semidetached_house"/>
    <tag k="ref:GB:uprn" v="3040000838"/>
    <tag k="source:addr" v="survey"/>
    <tag k="source:addr:postcode" v="OS Opendata Codepoint"/>
    <tag k="source:building" v="Bing"/>
  </way>
  <way id="104381310" version="3" timestamp="2025-01-18T20:07:05Z" changeset="161504409" uid="8857" user="philipcullen">
    <nd ref="1204263798"/>
    <nd ref="1204265212"/>
    <nd ref="1204263100"/>
    <nd ref="1204265689"/>
    <nd ref="4806266863"/>
    <nd ref="4806266864"/>
    <nd ref="1204263798"/>
    <tag k="addr:housenumber" v="66"/>
    <tag k="addr:postcode" v="LE12 5NH"/>
    <tag k="addr:street" v="Park Lane"/>
    <tag k="building" v="detached"/>
    <tag k="ref:GB:uprn" v="3040000186"/>
    <tag k="source:addr" v="survey"/>
    <tag k="source:addr:postcode" v="OS Opendata Codepoint"/>
    <tag k="source:building" v="Bing"/>
  </way>
  <way id="104381311" version="3" timestamp="2025-01-18T20:07:05Z" changeset="161504409" uid="8857" user="philipcullen">
    <nd ref="1204266003"/>
    <nd ref="1204264208"/>
    <nd ref="1204264549"/>
    <nd ref="1204263782"/>
    <nd ref="1204266003"/>
    <tag k="addr:housenumber" v="84"/>
    <tag k="addr:postcode" v="LE12 5NH"/>
    <tag k="addr:street" v="Park Lane"/>
    <tag k="building" v="detached"/>
    <tag k="ref:GB:uprn" v="3040000861"/>
    <tag k="source:addr" v="survey"/>
    <tag k="source:addr:postcode" v="OS Opendata Codepoint"/>
    <tag k="source:building" v="Bing"/>
  </way>
  <way id="104381313" version="6" timestamp="2024-01-10T21:36:35Z" changeset="146120097" uid="6816132" user="CjMalone">
    <nd ref="1204266529"/>
    <nd ref="1204263837"/>
    <nd ref="3726677729"/>
    <nd ref="3726677728"/>
    <nd ref="3726677727"/>
    <nd ref="3726677726"/>
    <nd ref="1204266523"/>
    <nd ref="3733249466"/>
    <nd ref="3726677725"/>
    <nd ref="3726677723"/>
    <nd ref="3726677721"/>
    <nd ref="3726677716"/>
    <nd ref="3726677714"/>
    <nd ref="1204265506"/>
    <nd ref="3726677717"/>
    <nd ref="3726677718"/>
    <nd ref="3726677724"/>
    <nd ref="1204264447"/>
    <nd ref="1204266529"/>
    <tag k="addr:housenumber" v="16"/>
    <tag k="addr:postcode" v="LE12 5PA"/>
    <tag k="addr:street" v="Bollard's Lane"/>
    <tag k="amenity" v="pub"/>
    <tag k="brand" v="Marston's"/>
    <tag k="brand:wikidata" v="Q6773982"/>
    <tag k="building" v="pub"/>
    <tag k="fhrs:id" v="266087"/>
    <tag k="name" v="The Anchor"/>
    <tag k="source:addr" v="FHRS Open Data"/>
  </way>
  <way id="104381314" version="3" timestamp="2021-04-01T20:11:37Z" changeset="102147141" uid="7037" user="Gregory Williams">
    <nd ref="1204265755"/>
    <nd ref="1204262041"/>
    <nd ref="1204266513"/>
    <nd ref="1204265481"/>
    <nd ref="1204263577"/>
    <nd ref="1204263049"/>
    <nd ref="1204265755"/>
    <tag k="addr:housenumber" v="22A"/>
    <tag k="addr:postcode" v="LE12 5NE"/>
    <tag k="addr:street" v="Main Street"/>
    <tag k="building" v="detached"/>
    <tag k="ref:GB:uprn" v="3040000298"/>
    <tag k="source:addr" v="survey"/>
    <tag k="source:addr:postcode" v="OS Opendata Codepoint"/>
  </way>
  <way id="104381317" version="3" timestamp="2022-02-26T13:34:01Z" changeset="117879080" uid="242345" user="confusedbuffalo">
    <nd ref="1204266376"/>
    <nd ref="4804783172"/>
    <nd ref="4804783171"/>
    <nd ref="1204262991"/>
    <nd ref="1204266376"/>
    <tag k="HE_ref" v="1242369"/>
    <tag k="addr:housenumber" v="84"/>
    <tag k="addr:postcode" v="LE12 5PF"/>
    <tag k="addr:street" v="Main Street"/>
    <tag k="building" v="semidetached_house"/>
    <tag k="listed_status" v="Grade II"/>
    <tag k="source:addr" v="survey"/>
    <tag k="source:addr:postcode" v="OS Opendata Codepoint"/>
    <tag k="source:listed_status" v="Historic England"/>
  </way>
  <way id="104381319" version="3" timestamp="2021-04-01T20:11:37Z" changeset="102147141" uid="7037" user="Gregory Williams">
    <nd ref="1204263013"/>
    <nd ref="1204263434"/>
    <nd ref="4816838749"/>
    <nd ref="4816838750"/>
    <nd ref="4816838751"/>
    <nd ref="4816838752"/>
    <nd ref="1204263279"/>
    <nd ref="1204263770"/>
    <nd ref="1204263013"/>
    <tag k="addr:housenumber" v="45"/>
    <tag k="addr:postcode" v="LE12 5ND"/>
    <tag k="addr:street" v="Main Street"/>
    <tag k="building" v="detached"/>
    <tag k="ref:GB:uprn" v="3040000148"/>
    <tag k="source:addr" v="survey"/>
    <tag k="source:addr:postcode" v="OS Opendata Codepoint"/>
  </way>
  <way id="104381320" version="4" timestamp="2025-01-18T22:01:37Z" changeset="161507263" uid="8857" user="philipcullen">
    <nd ref="1204262291"/>
    <nd ref="1204262257"/>
    <nd ref="1204265984"/>
    <nd ref="1204265082"/>
    <nd ref="1204262243"/>
    <nd ref="1204262206"/>
    <nd ref="1204262291"/>
    <tag k="HE_ref" v="1260065"/>
    <tag k="addr:housenumber" v="90"/>
    <tag k="addr:postcode" v="LE12 5PF"/>
    <tag k="addr:street" v="Main Street"/>
    <tag k="building" v="detached"/>
    <tag k="listed_status" v="Grade II"/>
    <tag k="ref:GB:uprn" v="3040000399"/>
    <tag k="source:addr" v="survey"/>
    <tag k="source:addr:postcode" v="OS Opendata Codepoint"/>
    <tag k="source:listed_status" v="Historic England"/>
    <tag k="wikidata" v="Q26551127"/>
  </way>
  <way id="104381324" version="4" timestamp="2025-01-18T20:07:05Z" changeset="161504409" uid="8857" user="philipcullen">
    <nd ref="4816838682"/>
    <nd ref="4816838681"/>
    <nd ref="1204265045"/>
    <nd ref="1204261825"/>
    <nd ref="1204263204"/>
    <nd ref="1204262419"/>
    <nd ref="4816838682"/>
    <tag k="addr:housenumber" v="55"/>
    <tag k="addr:postcode" v="LE12 5ND"/>
    <tag k="addr:street" v="Main Street"/>
    <tag k="building" v="semidetached_house"/>
    <tag k="ref:GB:uprn" v="3040000235"/>
    <tag k="source:addr" v="survey"/>
    <tag k="source:addr:postcode" v="OS Opendata Codepoint"/>
  </way>
  <way id="104381326" version="3" timestamp="2021-04-01T20:18:59Z" changeset="102147385" uid="7037" user="Gregory Williams">
    <nd ref="1204262355"/>
    <nd ref="1204262630"/>
    <nd ref="1204265757"/>
    <nd ref="1204263742"/>
    <nd ref="1204265690"/>
    <nd ref="1204266499"/>
    <nd ref="1204262355"/>
    <tag k="addr:housenumber" v="82"/>
    <tag k="addr:postcode" v="LE12 5NH"/>
    <tag k="addr:street" v="Park Lane"/>
    <tag k="building" v="detached"/>
    <tag k="ref:GB:uprn" v="3040000860"/>
    <tag k="source:addr" v="survey"/>
    <tag k="source:addr:postcode" v="OS Opendata Codepoint"/>
    <tag k="source:building" v="Bing"/>
  </way>
  <way id="104381328" version="4" timestamp="2022-03-26T18:31:52Z" changeset="118958417" uid="242345" user="confusedbuffalo">
    <nd ref="4804783035"/>
    <nd ref="3726677414"/>
    <nd ref="3726677417"/>
    <nd ref="1204262091"/>
    <nd ref="1204263062"/>
    <nd ref="4804783034"/>
    <nd ref="4804783035"/>
    <tag k="addr:housenumber" v="68"/>
    <tag k="addr:postcode" v="LE12 5PF"/>
    <tag k="addr:street" v="Main Street"/>
    <tag k="building" v="house"/>
    <tag k="building_name" v="Hollyhurst Cottages"/>
    <tag k="house" v="terraced"/>
    <tag k="source:addr" v="survey"/>
    <tag k="source:addr:postcode" v="OS Opendata Codepoint"/>
    <tag k="source:building" v="Bing"/>
  </way>
  <way id="104381330" version="3" timestamp="2021-04-01T20:11:37Z" changeset="102147141" uid="7037" user="Gregory Williams">
    <nd ref="1204266589"/>
    <nd ref="1204265940"/>
    <nd ref="1204265332"/>
    <nd ref="1204266460"/>
    <nd ref="1204263146"/>
    <nd ref="1204262059"/>
    <nd ref="1204264104"/>
    <nd ref="1204263159"/>
    <nd ref="1204266589"/>
    <tag k="addr:housenumber" v="27"/>
    <tag k="addr:postcode" v="LE12 5ND"/>
    <tag k="addr:street" v="Main Street"/>
    <tag k="building" v="detached"/>
    <tag k="ref:GB:uprn" v="3040000134"/>
    <tag k="source:addr" v="survey"/>
    <tag k="source:addr:postcode" v="OS Opendata Codepoint"/>
  </way>
  <way id="104381332" version="2" timestamp="2017-04-19T23:39:08Z" changeset="47954894" uid="207845" user="will_p">
    <nd ref="1204264200"/>
    <nd ref="1204262866"/>
    <nd ref="1204263412"/>
    <nd ref="1204266569"/>
    <nd ref="1204265133"/>
    <nd ref="1204264236"/>
    <nd ref="1204264152"/>
    <nd ref="1204263067"/>
    <nd ref="1204264200"/>
    <tag k="addr:housenumber" v="36"/>
    <tag k="addr:postcode" v="LE12 5NE"/>
    <tag k="addr:street" v="Main Street"/>
    <tag k="building" v="detached"/>
    <tag k="source:addr" v="survey"/>
    <tag k="source:addr:postcode" v="OS Opendata Codepoint"/>
    <tag k="source:building" v="Bing"/>
  </way>
  <way id="104381333" version="3" timestamp="2025-01-18T20:07:05Z" changeset="161504409" uid="8857" user="philipcullen">
    <nd ref="1204265906"/>
    <nd ref="1204265211"/>
    <nd ref="1204264080"/>
    <nd ref="1204263689"/>
    <nd ref="1204265906"/>
    <tag k="addr:housenumber" v="11"/>
    <tag k="addr:postcode" v="LE12 5NG"/>
    <tag k="addr:street" v="Swan Court"/>
    <tag k="building" v="residential"/>
    <tag k="ref:GB:uprn" v="3040000293"/>
    <tag k="source:addr" v="survey"/>
    <tag k="source:addr:postcode" v="OS Opendata Codepoint"/>
    <tag k="source:building" v="Bing"/>
  </way>
  <way id="104381336" version="4" timestamp="2025-01-18T22:01:37Z" changeset="161507263" uid="8857" user="philipcullen">
    <nd ref="4795926621"/>
    <nd ref="4795926617"/>
    <nd ref="4795926619"/>
    <nd ref="4795926627"/>
    <nd ref="4795926628"/>
    <nd ref="4795926620"/>
    <nd ref="4795926621"/>
    <tag k="addr:housenumber" v="106"/>
    <tag k="addr:postcode" v="LE12 5PF"/>
    <tag k="addr:street" v="Main Street"/>
    <tag k="building" v="house"/>
    <tag k="house" v="terraced"/>
    <tag k="ref:GB:uprn" v="3040000375"/>
    <tag k="source:addr" v="survey"/>
    <tag k="source:addr:postcode" v="OS Opendata Codepoint"/>
  </way>
  <way id="104381337" version="5" timestamp="2024-07-18T06:52:23Z" changeset="154085988" uid="417748" user="Dave Venables">
    <nd ref="1204265168"/>
    <nd ref="1204264448"/>
    <nd ref="3726677633"/>
    <nd ref="1204265731"/>
    <nd ref="1204264108"/>
    <nd ref="1204262367"/>
    <nd ref="1204262451"/>
    <nd ref="1204265168"/>
    <tag k="HE_ref" v="1242363"/>
    <tag k="addr:housenumber" v="119"/>
    <tag k="addr:postcode" v="LE12 5PE"/>
    <tag k="addr:street" v="Main Street"/>
    <tag k="amenity" v="cafe"/>
    <tag k="building" v="yes"/>
    <tag k="fhrs:id" v="1378135"/>
    <tag k="listed_status" v="Grade II"/>
    <tag k="name" v="The Gallery"/>
    <tag k="shop" v="gift"/>
    <tag k="source:listed_status" v="Historic England"/>
  </way>
  <way id="104381342" version="3" timestamp="2021-04-01T20:11:37Z" changeset="102147141" uid="7037" user="Gregory Williams">
    <nd ref="1204264733"/>
    <nd ref="4804778691"/>
    <nd ref="4804778690"/>
    <nd ref="1204266528"/>
    <nd ref="1204264131"/>
    <nd ref="1204263249"/>
    <nd ref="1204263064"/>
    <nd ref="1204263233"/>
    <nd ref="1204264733"/>
    <tag k="addr:housenumber" v="18"/>
    <tag k="addr:postcode" v="LE12 5NG"/>
    <tag k="addr:street" v="The Paddocks"/>
    <tag k="building" v="detached"/>
    <tag k="ref:GB:uprn" v="3040000265"/>
    <tag k="source:addr" v="survey"/>
    <tag k="source:addr:postcode" v="OS Opendata Codepoint"/>
    <tag k="source:building" v="Bing"/>
  </way>
  <way id="104381348" version="3" timestamp="2022-03-26T18:31:52Z" changeset="118958417" uid="242345" user="confusedbuffalo">
    <nd ref="1204264432"/>
    <nd ref="4804778626"/>
    <nd ref="4804778629"/>
    <nd ref="1204262711"/>
    <nd ref="1204265278"/>
    <nd ref="1204264052"/>
    <nd ref="1204262332"/>
    <nd ref="1204264432"/>
    <tag k="addr:housenumber" v="10"/>
    <tag k="addr:postcode" v="LE12 5NE"/>
    <tag k="addr:street" v="Main Street"/>
    <tag k="building" v="house"/>
    <tag k="house" v="terraced"/>
    <tag k="source:addr" v="survey"/>
    <tag k="source:addr:postcode" v="OS Opendata Codepoint"/>
  </way>
  <way id="104381352" version="3" timestamp="2021-04-01T20:11:37Z" changeset="102147141" uid="7037" user="Gregory Williams">
    <nd ref="1204262798"/>
    <nd ref="1204262597"/>
    <nd ref="1204266564"/>
    <nd ref="4804778693"/>
    <nd ref="4804778692"/>
    <nd ref="1204263821"/>
    <nd ref="1204262798"/>
    <tag k="addr:housenumber" v="20"/>
    <tag k="addr:postcode" v="LE12 5NG"/>
    <tag k="addr:street" v="The Paddocks"/>
    <tag k="building" v="detached"/>
    <tag k="ref:GB:uprn" v="3040000267"/>
    <tag k="source:addr" v="survey"/>
    <tag k="source:addr:postcode" v="OS Opendata Codepoint"/>
    <tag k="source:building" v="Bing"/>
  </way>
  <way id="104381354" version="4" timestamp="2022-02-26T13:34:01Z" changeset="117879080" uid="242345" user="confusedbuffalo">
    <nd ref="4804778643"/>
    <nd ref="1204261914"/>
    <nd ref="1204264468"/>
    <nd ref="1204264894"/>
    <nd ref="1204264703"/>
    <nd ref="1204265872"/>
    <nd ref="4804778641"/>
    <nd ref="4804778640"/>
    <nd ref="4804778634"/>
    <nd ref="4804778642"/>
    <nd ref="4804778643"/>
    <tag k="addr:housenumber" v="4"/>
    <tag k="addr:postcode" v="LE12 5NE"/>
    <tag k="addr:street" v="Main Street"/>
    <tag k="building" v="semidetached_house"/>
    <tag k="ref:GB:uprn" v="3040000165"/>
    <tag k="source:addr" v="survey"/>
    <tag k="source:addr:postcode" v="OS Opendata Codepoint"/>
  </way>
  <way id="104381356" version="3" timestamp="2021-04-01T20:11:37Z" changeset="102147141" uid="7037" user="Gregory Williams">
    <nd ref="1204265075"/>
    <nd ref="1204264802"/>
    <nd ref="1204262952"/>
    <nd ref="4816838793"/>
    <nd ref="4816838794"/>
    <nd ref="4816838795"/>
    <nd ref="4816838796"/>
    <nd ref="1204264562"/>
    <nd ref="1204265075"/>
    <tag k="addr:housenumber" v="21"/>
    <tag k="addr:postcode" v="LE12 5NW"/>
    <tag k="addr:street" v="Gables Lea"/>
    <tag k="building" v="detached"/>
    <tag k="ref:GB:uprn" v="3040000220"/>
    <tag k="source:addr" v="survey"/>
    <tag k="source:addr:postcode" v="OS Opendata Codepoint"/>
    <tag k="source:building" v="Bing"/>
  </way>
  <way id="104381359" version="3" timestamp="2021-04-01T20:18:59Z" changeset="102147385" uid="7037" user="Gregory Williams">
    <nd ref="1204263953"/>
    <nd ref="1204263035"/>
    <nd ref="1204263234"/>
    <nd ref="1204264045"/>
    <nd ref="1204263953"/>
    <tag k="addr:housenumber" v="25"/>
    <tag k="addr:postcode" v="LE12 5NW"/>
    <tag k="addr:street" v="Gables Lea"/>
    <tag k="building" v="detached"/>
    <tag k="ref:GB:uprn" v="3040000222"/>
    <tag k="source:addr" v="survey"/>
    <tag k="source:addr:postcode" v="OS Opendata Codepoint"/>
    <tag k="source:building" v="Bing"/>
  </way>
  <way id="104381361" version="6" timestamp="2023-10-15T08:58:00Z" changeset="142607723" uid="9451067" user="b-jazz-bot">
    <nd ref="1204264547"/>
    <nd ref="1204262527"/>
    <nd ref="1204261883"/>
    <nd ref="1204266525"/>
    <nd ref="1204266402"/>
    <nd ref="1204264450"/>
    <nd ref="1204264341"/>
    <nd ref="1204263182"/>
    <nd ref="1204262888"/>
    <nd ref="1204264159"/>
    <nd ref="1204265484"/>
    <nd ref="1204265187"/>
    <nd ref="1204263295"/>
    <nd ref="1204261999"/>
    <nd ref="1204261860"/>
    <nd ref="1204264903"/>
    <nd ref="1204264547"/>
    <tag k="HE_ref" v="1242389"/>
    <tag k="addr:postcode" v="LE12 5PF"/>
    <tag k="addr:street" v="Main Street"/>
    <tag k="amenity" v="events_venue"/>
    <tag k="building" v="house"/>
    <tag k="listed_status" v="Grade II*"/>
    <tag k="name" v="Sutton Bonington Hall"/>
    <tag k="source:addr:postcode" v="OS Opendata Codepoint"/>
    <tag k="source:listed_status" v="Historic England"/>
    <tag k="website" v="https://www.suttonboningtonhall.com/"/>
    <tag k="wikidata" v="Q17547827"/>
  </way>
  <way id="104381365" version="3" timestamp="2021-04-01T20:18:59Z" changeset="102147385" uid="7037" user="Gregory Williams">
    <nd ref="1204264551"/>
    <nd ref="1204262471"/>
    <nd ref="4806266879"/>
    <nd ref="4806266878"/>
    <nd ref="1204264603"/>
    <nd ref="1204263680"/>
    <nd ref="1204264551"/>
    <tag k="addr:housename" v="Hawthorn House"/>
    <tag k="addr:housenumber" v="80"/>
    <tag k="addr:postcode" v="LE12 5NH"/>
    <tag k="addr:street" v="Park Lane"/>
    <tag k="building" v="detached"/>
    <tag k="ref:GB:uprn" v="3040000859"/>
    <tag k="source:addr" v="survey"/>
    <tag k="source:addr:postcode" v="OS Opendata Codepoint"/>
    <tag k="source:building" v="Bing"/>
  </way>
  <way id="104381367" version="3" timestamp="2021-04-01T20:11:37Z" changeset="102147141" uid="7037" user="Gregory Williams">
    <nd ref="1204266500"/>
    <nd ref="1204264762"/>
    <nd ref="1204262649"/>
    <nd ref="1204266333"/>
    <nd ref="1204266500"/>
    <tag k="addr:housenumber" v="3"/>
    <tag k="addr:postcode" v="LE12 5NW"/>
    <tag k="addr:street" v="Gables Lea"/>
    <tag k="building" v="detached"/>
    <tag k="ref:GB:uprn" v="3040000225"/>
    <tag k="source:addr" v="survey"/>
    <tag k="source:addr:postcode" v="OS Opendata Codepoint"/>
    <tag k="source:building" v="Bing"/>
  </way>
  <way id="104381375" version="3" timestamp="2022-03-26T18:31:52Z" changeset="118958417" uid="242345" user="confusedbuffalo">
    <nd ref="1204262972"/>
    <nd ref="4816838744"/>
    <nd ref="4816838743"/>
    <nd ref="1204264429"/>
    <nd ref="1204262972"/>
    <tag k="addr:housenumber" v="31"/>
    <tag k="addr:postcode" v="LE12 5ND"/>
    <tag k="addr:street" v="Main Street"/>
    <tag k="building" v="house"/>
    <tag k="house" v="terraced"/>
    <tag k="source:addr" v="survey"/>
    <tag k="source:addr:postcode" v="OS Opendata Codepoint"/>
  </way>
  <way id="104381377" version="4" timestamp="2022-03-26T18:31:52Z" changeset="118958417" uid="242345" user="confusedbuffalo">
    <nd ref="1204262303"/>
    <nd ref="4795926415"/>
    <nd ref="1204262063"/>
    <nd ref="1204264960"/>
    <nd ref="1204264202"/>
    <nd ref="1204266132"/>
    <nd ref="4795926413"/>
    <nd ref="1204262192"/>
    <nd ref="1204262303"/>
    <tag k="HE_ref" v="1242367"/>
    <tag k="addr:housename" v="The Hollies"/>
    <tag k="addr:housenumber" v="153"/>
    <tag k="addr:postcode" v="LE12 5PF"/>
    <tag k="addr:street" v="Main Street"/>
    <tag k="building" v="house"/>
    <tag k="house" v="terraced"/>
    <tag k="listed_status" v="Grade II"/>
    <tag k="source:addr" v="survey"/>
    <tag k="source:addr:postcode" v="OS Opendata Codepoint"/>
    <tag k="source:listed_status" v="Historic England"/>
  </way>
  <way id="104381388" version="5" timestamp="2020-06-19T13:04:37Z" changeset="86878867" uid="84681" user="SK53">
    <nd ref="252735745"/>
    <nd ref="3726677815"/>
    <nd ref="1204262926"/>
    <tag k="bridge" v="yes"/>
    <tag k="bridge_ref" v="SPC5/94"/>
    <tag k="highway" v="tertiary"/>
    <tag k="layer" v="2"/>
    <tag k="maxspeed" v="30 mph"/>
    <tag k="name" v="Marle Pit Hill"/>
    <tag k="note" v="bridge ref is Railway Authority one"/>
  </way>
  <way id="104381390" version="3" timestamp="2025-01-18T20:07:05Z" changeset="161504409" uid="8857" user="philipcullen">
    <nd ref="1204263440"/>
    <nd ref="1204262523"/>
    <nd ref="1204263430"/>
    <nd ref="1204264134"/>
    <nd ref="1204264102"/>
    <nd ref="1204262349"/>
    <nd ref="4806266800"/>
    <nd ref="4806266799"/>
    <nd ref="1204263440"/>
    <tag k="addr:housenumber" v="30"/>
    <tag k="addr:postcode" v="LE12 5NH"/>
    <tag k="addr:street" v="Park Lane"/>
    <tag k="building" v="detached"/>
    <tag k="ref:GB:uprn" v="3040000173"/>
    <tag k="source:addr" v="survey"/>
    <tag k="source:addr:postcode" v="OS Opendata Codepoint"/>
    <tag k="source:building" v="Bing"/>
  </way>
  <way id="104381396" version="3" timestamp="2021-04-01T20:11:37Z" changeset="102147141" uid="7037" user="Gregory Williams">
    <nd ref="1204264727"/>
    <nd ref="4816838822"/>
    <nd ref="4816838821"/>
    <nd ref="1204265264"/>
    <nd ref="4816838819"/>
    <nd ref="4816838818"/>
    <nd ref="1204263937"/>
    <nd ref="1204265537"/>
    <nd ref="1204264727"/>
    <tag k="addr:housenumber" v="9"/>
    <tag k="addr:postcode" v="LE12 5NW"/>
    <tag k="addr:street" v="Gables Lea"/>
    <tag k="building" v="detached"/>
    <tag k="ref:GB:uprn" v="3040000232"/>
    <tag k="source:addr" v="survey"/>
    <tag k="source:addr:postcode" v="OS Opendata Codepoint"/>
    <tag k="source:building" v="Bing"/>
  </way>
  <way id="104381398" version="3" timestamp="2022-02-26T13:34:01Z" changeset="117879080" uid="242345" user="confusedbuffalo">
    <nd ref="1204263448"/>
    <nd ref="4795926383"/>
    <nd ref="4795926382"/>
    <nd ref="1204262077"/>
    <nd ref="1204263448"/>
    <tag k="addr:housenumber" v="8"/>
    <tag k="addr:postcode" v="LE12 5PH"/>
    <tag k="addr:street" v="Soar Lane"/>
    <tag k="building" v="semidetached_house"/>
    <tag k="source:addr" v="survey"/>
    <tag k="source:addr:postcode" v="OS Opendata Codepoint"/>
  </way>
  <way id="104381407" version="3" timestamp="2021-04-01T20:11:37Z" changeset="102147141" uid="7037" user="Gregory Williams">
    <nd ref="1204263311"/>
    <nd ref="1204266281"/>
    <nd ref="1204266548"/>
    <nd ref="1204265533"/>
    <nd ref="1204263311"/>
    <tag k="addr:housenumber" v="47"/>
    <tag k="addr:postcode" v="LE12 5ND"/>
    <tag k="addr:street" v="Main Street"/>
    <tag k="building" v="detached"/>
    <tag k="ref:GB:uprn" v="3040000149"/>
    <tag k="source:addr" v="survey"/>
    <tag k="source:addr:postcode" v="OS Opendata Codepoint"/>
  </way>
  <way id="104381410" version="4" timestamp="2022-02-26T13:34:01Z" changeset="117879080" uid="242345" user="confusedbuffalo">
    <nd ref="1204262553"/>
    <nd ref="4816838638"/>
    <nd ref="4816838637"/>
    <nd ref="4816838633"/>
    <nd ref="4816838632"/>
    <nd ref="4816838634"/>
    <nd ref="1204264871"/>
    <nd ref="1204262553"/>
    <tag k="addr:housenumber" v="9"/>
    <tag k="addr:postcode" v="LE12 5PQ"/>
    <tag k="addr:street" v="Pasture Lane"/>
    <tag k="building" v="semidetached_house"/>
    <tag k="ref:GB:uprn" v="3040000258"/>
    <tag k="source:addr" v="survey"/>
    <tag k="source:addr:postcode" v="OS Opendata Codepoint"/>
  </way>
  <way id="104381415" version="3" timestamp="2021-04-01T20:11:37Z" changeset="102147141" uid="7037" user="Gregory Williams">
    <nd ref="1204265272"/>
    <nd ref="1204262531"/>
    <nd ref="4816838837"/>
    <nd ref="1204265033"/>
    <nd ref="4816838836"/>
    <nd ref="1204264217"/>
    <nd ref="1204265272"/>
    <tag k="addr:housenumber" v="6"/>
    <tag k="addr:postcode" v="LE12 5NW"/>
    <tag k="addr:street" v="Gables Lea"/>
    <tag k="building" v="detached"/>
    <tag k="ref:GB:uprn" v="3040000229"/>
    <tag k="source:addr" v="survey"/>
    <tag k="source:addr:postcode" v="OS Opendata Codepoint"/>
    <tag k="source:building" v="Bing"/>
  </way>
  <way id="104381416" version="3" timestamp="2025-01-18T22:01:37Z" changeset="161507263" uid="8857" user="philipcullen">
    <nd ref="1204265189"/>
    <nd ref="1204263157"/>
    <nd ref="1204265448"/>
    <nd ref="1204264600"/>
    <nd ref="4795926391"/>
    <nd ref="4795926388"/>
    <nd ref="1204265189"/>
    <tag k="addr:housenumber" v="15"/>
    <tag k="addr:postcode" v="LE12 5PH"/>
    <tag k="addr:street" v="Soar Lane"/>
    <tag k="building" v="detached"/>
    <tag k="ref:GB:uprn" v="3040000406"/>
    <tag k="source:addr" v="survey"/>
    <tag k="source:addr:postcode" v="OS Opendata Codepoint"/>
  </way>
  <way id="104381422" version="4" timestamp="2022-03-26T18:31:52Z" changeset="118958417" uid="242345" user="confusedbuffalo">
    <nd ref="1204263321"/>
    <nd ref="1204262240"/>
    <nd ref="1204262723"/>
    <nd ref="1204265719"/>
    <nd ref="1204265786"/>
    <nd ref="4816838494"/>
    <nd ref="1204263321"/>
    <tag k="addr:housenumber" v="3"/>
    <tag k="addr:postcode" v="LE12 5PL"/>
    <tag k="addr:street" v="Pasture Close"/>
    <tag k="building" v="house"/>
    <tag k="house" v="terraced"/>
    <tag k="source:addr" v="survey"/>
    <tag k="source:addr:postcode" v="OS Opendata Codepoint"/>
  </way>
  <way id="104381424" version="3" timestamp="2021-04-01T20:11:37Z" changeset="102147141" uid="7037" user="Gregory Williams">
    <nd ref="1204265666"/>
    <nd ref="1204263538"/>
    <nd ref="1204266267"/>
    <nd ref="1204263864"/>
    <nd ref="1204264470"/>
    <nd ref="1204263995"/>
    <nd ref="4816838838"/>
    <nd ref="4816838839"/>
    <nd ref="1204265666"/>
    <tag k="addr:housenumber" v="4"/>
    <tag k="addr:postcode" v="LE12 5NW"/>
    <tag k="addr:street" v="Gables Lea"/>
    <tag k="building" v="detached"/>
    <tag k="ref:GB:uprn" v="3040000227"/>
    <tag k="source:addr" v="survey"/>
    <tag k="source:addr:postcode" v="OS Opendata Codepoint"/>
    <tag k="source:building" v="Bing"/>
  </way>
  <way id="104381427" version="3" timestamp="2017-04-15T23:40:06Z" changeset="47827072" uid="207845" user="will_p">
    <nd ref="1204265644"/>
    <nd ref="1204262167"/>
    <nd ref="1204266173"/>
    <nd ref="3726677650"/>
    <nd ref="3726677649"/>
    <nd ref="1204266584"/>
    <nd ref="1204265644"/>
    <tag k="addr:housename" v="St Michael's Cottage"/>
    <tag k="addr:housenumber" v="129B"/>
    <tag k="addr:postcode" v="LE12 5PE"/>
    <tag k="addr:street" v="Main Street"/>
    <tag k="building" v="detached"/>
    <tag k="source:addr" v="survey"/>
    <tag k="source:addr:postcode" v="OS Opendata Codepoint"/>
  </way>
  <way id="104381429" version="3" timestamp="2021-04-01T20:11:37Z" changeset="102147141" uid="7037" user="Gregory Williams">
    <nd ref="1204262238"/>
    <nd ref="1204265990"/>
    <nd ref="4816838828"/>
    <nd ref="4816838827"/>
    <nd ref="1204265159"/>
    <nd ref="1204264666"/>
    <nd ref="1204262238"/>
    <tag k="addr:housenumber" v="14"/>
    <tag k="addr:postcode" v="LE12 5NW"/>
    <tag k="addr:street" v="Gables Lea"/>
    <tag k="building" v="detached"/>
    <tag k="ref:GB:uprn" v="3040000215"/>
    <tag k="source:addr" v="survey"/>
    <tag k="source:addr:postcode" v="OS Opendata Codepoint"/>
    <tag k="source:building" v="Bing"/>
  </way>
  <way id="104381432" version="4" timestamp="2025-01-18T20:31:52Z" changeset="161504409" uid="8857" user="philipcullen">
    <nd ref="1204262787"/>
    <nd ref="1204263165"/>
    <nd ref="1204262610"/>
    <nd ref="1204263974"/>
    <nd ref="3726677423"/>
    <nd ref="3726677421"/>
    <nd ref="1204266382"/>
    <nd ref="1204264976"/>
    <nd ref="1204265309"/>
    <nd ref="1204263663"/>
    <nd ref="1204262787"/>
    <tag k="addr:housenumber" v="11"/>
    <tag k="addr:postcode" v="LE12 5NJ"/>
    <tag k="addr:street" v="St Anne's Lane"/>
    <tag k="building" v="detached"/>
    <tag k="ref:GB:uprn" v="3040000426"/>
    <tag k="source:addr:postcode" v="OS Opendata Codepoint"/>
  </way>
  <way id="104381436" version="3" timestamp="2025-01-18T20:07:05Z" changeset="161504409" uid="8857" user="philipcullen">
    <nd ref="1204263493"/>
    <nd ref="4808665618"/>
    <nd ref="4808665619"/>
    <nd ref="1204262432"/>
    <nd ref="1204265694"/>
    <nd ref="1204266476"/>
    <nd ref="1204262495"/>
    <nd ref="1204263302"/>
    <nd ref="1204263493"/>
    <tag k="addr:housenumber" v="17"/>
    <tag k="addr:postcode" v="LE12 5NQ"/>
    <tag k="addr:street" v="Park Lane"/>
    <tag k="building" v="detached"/>
    <tag k="ref:GB:uprn" v="3040000190"/>
    <tag k="source:addr" v="survey"/>
    <tag k="source:addr:postcode" v="OS Opendata Codepoint"/>
    <tag k="source:building" v="Bing"/>
  </way>
  <way id="104381437" version="4" timestamp="2025-01-18T22:01:37Z" changeset="161507263" uid="8857" user="philipcullen">
    <nd ref="1204266272"/>
    <nd ref="3726677738"/>
    <nd ref="3726677741"/>
    <nd ref="1204263012"/>
    <nd ref="1204265374"/>
    <nd ref="1204262813"/>
    <nd ref="1204262693"/>
    <nd ref="1204266272"/>
    <tag k="HE_ref" v="1260053"/>
    <tag k="addr:housenumber" v="118"/>
    <tag k="addr:postcode" v="LE12 5PF"/>
    <tag k="addr:street" v="Main Street"/>
    <tag k="building" v="detached"/>
    <tag k="listed_status" v="Grade II"/>
    <tag k="ref:GB:uprn" v="3040000380"/>
    <tag k="source:addr" v="survey"/>
    <tag k="source:addr:postcode" v="OS Opendata Codepoint"/>
    <tag k="source:listed_status" v="Historic England"/>
  </way>
  <way id="104381438" version="4" timestamp="2025-01-18T20:31:52Z" changeset="161504409" uid="8857" user="philipcullen">
    <nd ref="1204261912"/>
    <nd ref="1204263208"/>
    <nd ref="712747873"/>
    <nd ref="1204263033"/>
    <nd ref="1204261912"/>
    <tag k="addr:postcode" v="LE12 5ND"/>
    <tag k="addr:street" v="Main Street"/>
    <tag k="amenity" v="place_of_worship"/>
    <tag k="building" v="yes"/>
    <tag k="denomination" v="methodist"/>
    <tag k="name" v="Sutton Bonington Methodist Church"/>
    <tag k="old_name" v="Wesleyan Methodist Chapel"/>
    <tag k="ref:GB:uprn" v="3040054470;3040000314"/>
    <tag k="religion" v="christian"/>
    <tag k="source:addr:postcode" v="OS Opendata Codepoint"/>
    <tag k="source:start_date" v="date stone"/>
    <tag k="start_date" v="1865"/>
  </way>
  <way id="104381441" version="3" timestamp="2025-01-18T20:39:49Z" changeset="161504409" uid="8857" user="philipcullen">
    <nd ref="1204264067"/>
    <nd ref="1204261813"/>
    <nd ref="1204263186"/>
    <nd ref="4806266818"/>
    <nd ref="1204265066"/>
    <nd ref="1204264067"/>
    <tag k="addr:housenumber" v="42"/>
    <tag k="addr:postcode" v="LE12 5NH"/>
    <tag k="addr:street" v="Park Lane"/>
    <tag k="building" v="detached"/>
    <tag k="ref:GB:uprn" v="3040000306"/>
    <tag k="source:addr" v="survey"/>
    <tag k="source:addr:postcode" v="OS Opendata Codepoint"/>
    <tag k="source:building" v="Bing"/>
  </way>
  <way id="104381442" version="4" timestamp="2025-01-18T22:01:37Z" changeset="161507263" uid="8857" user="philipcullen">
    <nd ref="1204262865"/>
    <nd ref="1204262712"/>
    <nd ref="1204266472"/>
    <nd ref="1204266358"/>
    <nd ref="3726677750"/>
    <nd ref="3726677748"/>
    <nd ref="3726677747"/>
    <nd ref="3726677746"/>
    <nd ref="1204262865"/>
    <tag k="addr:housenumber" v="23"/>
    <tag k="addr:postcode" v="LE12 5PA"/>
    <tag k="addr:street" v="Bollard's Lane"/>
    <tag k="building" v="yes"/>
    <tag k="ref:GB:uprn" v="3040000431"/>
    <tag k="source:addr" v="survey"/>
    <tag k="source:addr:postcode" v="OS Opendata Codepoint"/>
  </way>
  <way id="104381449" version="3" timestamp="2025-01-18T20:07:05Z" changeset="161504409" uid="8857" user="philipcullen">
    <nd ref="1204264048"/>
    <nd ref="1204266533"/>
    <nd ref="1204263850"/>
    <nd ref="1204264215"/>
    <nd ref="1204266491"/>
    <nd ref="1204264662"/>
    <nd ref="1204261844"/>
    <nd ref="1204262543"/>
    <nd ref="1204264048"/>
    <tag k="addr:housenumber" v="21"/>
    <tag k="addr:postcode" v="LE12 5NQ"/>
    <tag k="addr:street" v="Park Lane"/>
    <tag k="building" v="detached"/>
    <tag k="ref:GB:uprn" v="3040000191"/>
    <tag k="source:addr" v="survey"/>
    <tag k="source:addr:postcode" v="OS Opendata Codepoint"/>
    <tag k="source:building" v="Bing"/>
  </way>
  <way id="104381451" version="4" timestamp="2022-02-26T13:34:01Z" changeset="117879080" uid="242345" user="confusedbuffalo">
    <nd ref="1204264692"/>
    <nd ref="4816838647"/>
    <nd ref="4816838646"/>
    <nd ref="4816838643"/>
    <nd ref="4816838644"/>
    <nd ref="1204262370"/>
    <nd ref="1204264692"/>
    <tag k="addr:housenumber" v="5"/>
    <tag k="addr:postcode" v="LE12 5PQ"/>
    <tag k="addr:street" v="Pasture Lane"/>
    <tag k="building" v="semidetached_house"/>
    <tag k="ref:GB:uprn" v="3040000256"/>
    <tag k="source:addr" v="survey"/>
    <tag k="source:addr:postcode" v="OS Opendata Codepoint"/>
  </way>
  <way id="104381456" version="3" timestamp="2017-04-15T23:40:07Z" changeset="47827072" uid="207845" user="will_p">
    <nd ref="1204263894"/>
    <nd ref="3726677740"/>
    <nd ref="3726677736"/>
    <nd ref="3726677735"/>
    <nd ref="1204266353"/>
    <nd ref="1204266311"/>
    <nd ref="1204264649"/>
    <nd ref="3726677743"/>
    <nd ref="1204263894"/>
    <tag k="addr:housenumber" v="11"/>
    <tag k="addr:postcode" v="LE12 5PA"/>
    <tag k="addr:street" v="Bollard's Lane"/>
    <tag k="building" v="detached"/>
    <tag k="source:addr" v="survey"/>
    <tag k="source:addr:postcode" v="OS Opendata Codepoint"/>
  </way>
  <way id="104381461" version="3" timestamp="2021-04-01T20:18:59Z" changeset="102147385" uid="7037" user="Gregory Williams">
    <nd ref="1204262104"/>
    <nd ref="1204265868"/>
    <nd ref="4806266775"/>
    <nd ref="4806266776"/>
    <nd ref="4806266777"/>
    <nd ref="4806266778"/>
    <nd ref="1204265079"/>
    <nd ref="1204263373"/>
    <nd ref="1204263464"/>
    <nd ref="1204264242"/>
    <nd ref="1204264166"/>
    <nd ref="1204265224"/>
    <nd ref="1204262104"/>
    <tag k="addr:housename" v="Park Lane Farm"/>
    <tag k="addr:housenumber" v="14"/>
    <tag k="addr:postcode" v="LE12 5NH"/>
    <tag k="addr:street" v="Park Lane"/>
    <tag k="building" v="detached"/>
    <tag k="ref:GB:uprn" v="3040000315"/>
    <tag k="source:addr" v="survey"/>
    <tag k="source:addr:postcode" v="OS Opendata Codepoint"/>
    <tag k="source:building" v="Bing"/>
  </way>
  <way id="104381463" version="3" timestamp="2025-01-18T20:07:05Z" changeset="161504409" uid="8857" user="philipcullen">
    <nd ref="1204266321"/>
    <nd ref="1204262647"/>
    <nd ref="1204263206"/>
    <nd ref="1204262810"/>
    <nd ref="4806266846"/>
    <nd ref="4806266845"/>
    <nd ref="1204266464"/>
    <nd ref="1204266502"/>
    <nd ref="1204266321"/>
    <tag k="addr:housenumber" v="60"/>
    <tag k="addr:postcode" v="LE12 5NH"/>
    <tag k="addr:street" v="Park Lane"/>
    <tag k="building" v="detached"/>
    <tag k="ref:GB:uprn" v="3040000183"/>
    <tag k="source:addr" v="survey"/>
    <tag k="source:addr:postcode" v="OS Opendata Codepoint"/>
    <tag k="source:building" v="Bing"/>
  </way>
  <way id="104381465" version="5" timestamp="2025-01-18T20:07:05Z" changeset="161504409" uid="8857" user="philipcullen">
    <nd ref="1204266343"/>
    <nd ref="4804778700"/>
    <nd ref="1204265413"/>
    <nd ref="1204266030"/>
    <nd ref="3726677190"/>
    <nd ref="3726677184"/>
    <nd ref="1204265605"/>
    <nd ref="1204265946"/>
    <nd ref="1204266343"/>
    <tag k="addr:housenumber" v="38"/>
    <tag k="addr:postcode" v="LE12 5NE"/>
    <tag k="addr:street" v="Main Street"/>
    <tag k="building" v="yes"/>
    <tag k="craft" v="builder"/>
    <tag k="name" v="Saunders Bros Ltd"/>
    <tag k="ref:GB:uprn" v="3040085725"/>
    <tag k="source:addr" v="survey"/>
    <tag k="source:addr:postcode" v="OS Opendata Codepoint"/>
    <tag k="source:building" v="Bing"/>
  </way>
  <way id="104381467" version="4" timestamp="2025-01-18T22:01:37Z" changeset="161507263" uid="8857" user="philipcullen">
    <nd ref="1204262131"/>
    <nd ref="1204263113"/>
    <nd ref="1204266571"/>
    <nd ref="1204263487"/>
    <nd ref="1204262131"/>
    <tag k="HE_ref" v="1242375"/>
    <tag k="addr:housenumber" v="1"/>
    <tag k="addr:postcode" v="LE12 5PH"/>
    <tag k="addr:street" v="Soar Lane"/>
    <tag k="building" v="detached"/>
    <tag k="listed_status" v="Grade II"/>
    <tag k="ref:GB:uprn" v="3040000403"/>
    <tag k="source:addr" v="survey"/>
    <tag k="source:addr:postcode" v="OS Opendata Codepoint"/>
    <tag k="source:listed_status" v="Historic England"/>
    <tag k="source:start_date" v="inscription"/>
    <tag k="start_date" v="1661"/>
    <tag k="wikidata" v="Q26535172"/>
  </way>
  <way id="104381469" version="4" timestamp="2022-02-26T13:34:01Z" changeset="117879080" uid="242345" user="confusedbuffalo">
    <nd ref="1204263796"/>
    <nd ref="4808665946"/>
    <nd ref="4808665945"/>
    <nd ref="4808665952"/>
    <nd ref="4808665951"/>
    <nd ref="1204262480"/>
    <nd ref="1204263796"/>
    <tag k="addr:housenumber" v="29"/>
    <tag k="addr:postcode" v="LE12 5NQ"/>
    <tag k="addr:street" v="Park Lane"/>
    <tag k="building" v="semidetached_house"/>
    <tag k="ref:GB:uprn" v="3040000194"/>
    <tag k="source:addr" v="survey"/>
    <tag k="source:addr:postcode" v="OS Opendata Codepoint"/>
    <tag k="source:building" v="Bing"/>
  </way>
  <way id="104381471" version="3" timestamp="2021-04-01T20:11:37Z" changeset="102147141" uid="7037" user="Gregory Williams">
    <nd ref="1204266573"/>
    <nd ref="1204264933"/>
    <nd ref="1204266524"/>
    <nd ref="1204265560"/>
    <nd ref="1204262805"/>
    <nd ref="1204261992"/>
    <nd ref="4804778661"/>
    <nd ref="4804778662"/>
    <nd ref="1204266573"/>
    <tag k="addr:housenumber" v="30"/>
    <tag k="addr:postcode" v="LE12 5NE"/>
    <tag k="addr:street" v="Main Street"/>
    <tag k="building" v="detached"/>
    <tag k="ref:GB:uprn" v="3040000162"/>
    <tag k="source:addr" v="survey"/>
    <tag k="source:addr:postcode" v="OS Opendata Codepoint"/>
    <tag k="source:building" v="Bing"/>
  </way>
  <way id="104381473" version="3" timestamp="2025-01-18T20:07:05Z" changeset="161504409" uid="8857" user="philipcullen">
    <nd ref="1204264520"/>
    <nd ref="4806266842"/>
    <nd ref="1204264050"/>
    <nd ref="1204261863"/>
    <nd ref="4806266840"/>
    <nd ref="4806266839"/>
    <nd ref="4806266838"/>
    <nd ref="4806266837"/>
    <nd ref="1204263720"/>
    <nd ref="4806266841"/>
    <nd ref="1204264520"/>
    <tag k="addr:housenumber" v="56"/>
    <tag k="addr:postcode" v="LE12 5NH"/>
    <tag k="addr:street" v="Park Lane"/>
    <tag k="building" v="detached"/>
    <tag k="ref:GB:uprn" v="3040000180"/>
    <tag k="source:addr" v="survey"/>
    <tag k="source:addr:postcode" v="OS Opendata Codepoint"/>
    <tag k="source:building" v="Bing"/>
  </way>
  <way id="104381476" version="3" timestamp="2021-04-01T20:18:59Z" changeset="102147385" uid="7037" user="Gregory Williams">
    <nd ref="1204265581"/>
    <nd ref="1204262878"/>
    <nd ref="1204265047"/>
    <nd ref="4806266793"/>
    <nd ref="4806266792"/>
    <nd ref="4806266790"/>
    <nd ref="1204265177"/>
    <nd ref="1204265581"/>
    <tag k="addr:housenumber" v="22"/>
    <tag k="addr:postcode" v="LE12 5NH"/>
    <tag k="addr:street" v="Park Lane"/>
    <tag k="building" v="detached"/>
    <tag k="ref:GB:uprn" v="3040000169"/>
    <tag k="source:addr" v="survey"/>
    <tag k="source:addr:postcode" v="OS Opendata Codepoint"/>
    <tag k="source:building" v="Bing"/>
  </way>
  <way id="104381483" version="3" timestamp="2025-01-18T22:01:37Z" changeset="161507263" uid="8857" user="philipcullen">
    <nd ref="1204265412"/>
    <nd ref="1204264734"/>
    <nd ref="1204266221"/>
    <nd ref="1204262469"/>
    <nd ref="1204265412"/>
    <tag k="addr:housenumber" v="22"/>
    <tag k="addr:postcode" v="LE12 5PA"/>
    <tag k="addr:street" v="Bollard's Lane"/>
    <tag k="building" v="detached"/>
    <tag k="ref:GB:uprn" v="3040000432"/>
    <tag k="source:addr" v="survey"/>
    <tag k="source:addr:postcode" v="OS Opendata Codepoint"/>
  </way>
  <way id="104381485" version="3" timestamp="2025-01-18T20:07:05Z" changeset="161504409" uid="8857" user="philipcullen">
    <nd ref="4804778676"/>
    <nd ref="4804778675"/>
    <nd ref="1204263768"/>
    <nd ref="1204264483"/>
    <nd ref="4804778676"/>
    <tag k="addr:housenumber" v="4"/>
    <tag k="addr:postcode" v="LE12 5NG"/>
    <tag k="addr:street" v="Swan Court"/>
    <tag k="building" v="residential"/>
    <tag k="ref:GB:uprn" v="3040000286"/>
    <tag k="source:addr" v="survey"/>
    <tag k="source:addr:postcode" v="OS Opendata Codepoint"/>
    <tag k="source:building" v="Bing"/>
  </way>
  <way id="104381487" version="3" timestamp="2025-01-18T20:07:05Z" changeset="161504409" uid="8857" user="philipcullen">
    <nd ref="1204264390"/>
    <nd ref="1204262308"/>
    <nd ref="4806266853"/>
    <nd ref="4806266854"/>
    <nd ref="1204264370"/>
    <nd ref="1204262730"/>
    <nd ref="1204264325"/>
    <nd ref="4806266852"/>
    <nd ref="4806266851"/>
    <nd ref="1204262519"/>
    <nd ref="1204264390"/>
    <tag k="addr:housenumber" v="62"/>
    <tag k="addr:postcode" v="LE12 5NH"/>
    <tag k="addr:street" v="Park Lane"/>
    <tag k="building" v="detached"/>
    <tag k="ref:GB:uprn" v="3040000184"/>
    <tag k="source:addr" v="survey"/>
    <tag k="source:addr:postcode" v="OS Opendata Codepoint"/>
    <tag k="source:building" v="Bing"/>
  </way>
  <way id="104381493" version="3" timestamp="2022-03-26T18:31:52Z" changeset="118958417" uid="242345" user="confusedbuffalo">
    <nd ref="1204266249"/>
    <nd ref="4795926539"/>
    <nd ref="4795926540"/>
    <nd ref="1204265787"/>
    <nd ref="1204266480"/>
    <nd ref="1204266494"/>
    <nd ref="1204266579"/>
    <nd ref="1204265886"/>
    <nd ref="1204265724"/>
    <nd ref="1204266469"/>
    <nd ref="1204266249"/>
    <tag k="addr:housenumber" v="98"/>
    <tag k="addr:postcode" v="LE12 5PF"/>
    <tag k="addr:street" v="Main Street"/>
    <tag k="building" v="house"/>
    <tag k="house" v="terraced"/>
    <tag k="source:addr" v="survey"/>
    <tag k="source:addr:housenumber" v="interpolation"/>
    <tag k="source:addr:postcode" v="OS Opendata Codepoint"/>
  </way>
  <way id="104381498" version="3" timestamp="2021-04-01T20:11:37Z" changeset="102147141" uid="7037" user="Gregory Williams">
    <nd ref="1204262594"/>
    <nd ref="1204263045"/>
    <nd ref="1204264833"/>
    <nd ref="1204265266"/>
    <nd ref="1204265064"/>
    <nd ref="1204261842"/>
    <nd ref="1204265194"/>
    <nd ref="4816838507"/>
    <nd ref="4816838508"/>
    <nd ref="1204265097"/>
    <nd ref="1204262594"/>
    <tag k="addr:housenumber" v="22"/>
    <tag k="addr:postcode" v="LE12 5PQ"/>
    <tag k="addr:street" v="Pasture Lane"/>
    <tag k="building" v="detached"/>
    <tag k="ref:GB:uprn" v="3040000136"/>
    <tag k="source:addr" v="survey"/>
    <tag k="source:addr:postcode" v="OS Opendata Codepoint"/>
  </way>
  <way id="104381503" version="3" timestamp="2021-04-01T20:11:37Z" changeset="102147141" uid="7037" user="Gregory Williams">
    <nd ref="1204262705"/>
    <nd ref="1204265366"/>
    <nd ref="1204266429"/>
    <nd ref="1204262217"/>
    <nd ref="1204262705"/>
    <tag k="addr:housenumber" v="34"/>
    <tag k="addr:postcode" v="LE12 5NE"/>
    <tag k="addr:street" v="Main Street"/>
    <tag k="building" v="detached"/>
    <tag k="ref:GB:uprn" v="3040000164"/>
    <tag k="source:addr" v="survey"/>
    <tag k="source:addr:postcode" v="OS Opendata Codepoint"/>
    <tag k="source:building" v="Bing"/>
  </way>
  <way id="104381505" version="4" timestamp="2018-12-20T07:18:47Z" changeset="65632098" uid="364" user="Edward">
    <nd ref="4795926458"/>
    <nd ref="4795926459"/>
    <nd ref="4795926460"/>
    <nd ref="1204264484"/>
    <nd ref="1204263947"/>
    <nd ref="3726677710"/>
    <nd ref="4795926458"/>
    <tag k="HE_ref" v="1242364"/>
    <tag k="addr:housename" v="Dovecote Farm"/>
    <tag k="addr:housenumber" v="141"/>
    <tag k="addr:postcode" v="LE12 5PE"/>
    <tag k="addr:street" v="Main Street"/>
    <tag k="building" v="residential"/>
    <tag k="listed_status" v="Grade II"/>
    <tag k="source:addr" v="survey"/>
    <tag k="source:addr:postcode" v="OS Opendata Codepoint"/>
    <tag k="source:listed_status" v="Historic England"/>
    <tag k="wikidata" v="Q26535163"/>
  </way>
  <way id="104381507" version="4" timestamp="2025-01-18T20:07:05Z" changeset="161504409" uid="8857" user="philipcullen">
    <nd ref="1204264177"/>
    <nd ref="4804778671"/>
    <nd ref="4804778672"/>
    <nd ref="1204265213"/>
    <nd ref="1204264992"/>
    <nd ref="1204266518"/>
    <nd ref="4804778663"/>
    <nd ref="1204266558"/>
    <nd ref="1204266522"/>
    <nd ref="3726677132"/>
    <nd ref="3726677133"/>
    <nd ref="1204264177"/>
    <tag k="addr:postcode" v="LE12 5NE"/>
    <tag k="addr:street" v="Main Street"/>
    <tag k="amenity" v="place_of_worship"/>
    <tag k="building" v="church"/>
    <tag k="denomination" v="baptist"/>
    <tag k="name" v="Sutton Bonington Baptist Church"/>
    <tag k="ref:GB:uprn" v="3040053751"/>
    <tag k="religion" v="christian"/>
    <tag k="source:addr:postcode" v="OS Opendata Codepoint"/>
  </way>
  <way id="104381511" version="3" timestamp="2025-01-18T20:07:05Z" changeset="161504409" uid="8857" user="philipcullen">
    <nd ref="1204263114"/>
    <nd ref="4806266833"/>
    <nd ref="4806266834"/>
    <nd ref="1204266490"/>
    <nd ref="1204262262"/>
    <nd ref="1204262967"/>
    <nd ref="1204263114"/>
    <tag k="addr:housenumber" v="54"/>
    <tag k="addr:postcode" v="LE12 5NH"/>
    <tag k="addr:street" v="Park Lane"/>
    <tag k="building" v="detached"/>
    <tag k="ref:GB:uprn" v="3040000179"/>
    <tag k="source:addr" v="survey"/>
    <tag k="source:addr:postcode" v="OS Opendata Codepoint"/>
    <tag k="source:building" v="Bing"/>
  </way>
  <way id="104384652" version="3" timestamp="2021-04-01T20:18:59Z" changeset="102147385" uid="7037" user="Gregory Williams">
    <nd ref="1204310109"/>
    <nd ref="1204307977"/>
    <nd ref="1204309944"/>
    <nd ref="1204309235"/>
    <nd ref="1204310109"/>
    <tag k="addr:housenumber" v="18"/>
    <tag k="addr:postcode" v="LE12 5NN"/>
    <tag k="addr:street" v="Willow Poole Lane"/>
    <tag k="building" v="detached"/>
    <tag k="ref:GB:uprn" v="3040000945"/>
    <tag k="source:addr" v="survey"/>
    <tag k="source:addr:postcode" v="OS Opendata Codepoint"/>
    <tag k="source:building" v="Bing"/>
  </way>
  <way id="104384653" version="4" timestamp="2022-02-26T13:34:01Z" changeset="117879080" uid="242345" user="confusedbuffalo">
    <nd ref="4806683264"/>
    <nd ref="1204309889"/>
    <nd ref="1204308661"/>
    <nd ref="1204309720"/>
    <nd ref="1204310175"/>
    <nd ref="4806683263"/>
    <nd ref="4806683264"/>
    <tag k="addr:housenumber" v="35"/>
    <tag k="addr:postcode" v="LE12 5NA"/>
    <tag k="addr:street" v="Charnwood Avenue"/>
    <tag k="building" v="semidetached_house"/>
    <tag k="ref:GB:uprn" v="3040000795"/>
    <tag k="source:addr" v="survey"/>
    <tag k="source:addr:postcode" v="OS Opendata Codepoint"/>
    <tag k="source:building" v="Bing"/>
  </way>
  <way id="104384654" version="3" timestamp="2025-01-18T22:35:08Z" changeset="161507263" uid="8857" user="philipcullen">
    <nd ref="1204308474"/>
    <nd ref="4806683510"/>
    <nd ref="4806683509"/>
    <nd ref="1204309713"/>
    <nd ref="4806683507"/>
    <nd ref="4806683508"/>
    <nd ref="1204309857"/>
    <nd ref="1204309739"/>
    <nd ref="1204308474"/>
    <tag k="addr:housenumber" v="16"/>
    <tag k="addr:postcode" v="LE12 5NP"/>
    <tag k="addr:street" v="Charnwood Fields"/>
    <tag k="building" v="detached"/>
    <tag k="ref:GB:uprn" v="3040000882"/>
    <tag k="source:addr" v="survey"/>
    <tag k="source:addr:postcode" v="OS Opendata Codepoint"/>
    <tag k="source:building" v="Bing"/>
  </way>
  <way id="104384655" version="5" timestamp="2024-11-29T13:05:34Z" changeset="159741121" uid="22163996" user="lukethesamo">
    <nd ref="1204309536"/>
    <nd ref="1204310818"/>
    <nd ref="1204310667"/>
    <nd ref="1204308155"/>
    <nd ref="1204310796"/>
    <nd ref="1204309173"/>
    <nd ref="1204309536"/>
    <tag k="building" v="university"/>
    <tag k="name" v="Keith Campbell Building (The Firs)"/>
  </way>
  <way id="104384656" version="4" timestamp="2025-01-18T22:37:01Z" changeset="161507263" uid="8857" user="philipcullen">
    <nd ref="1204309337"/>
    <nd ref="4808666066"/>
    <nd ref="4808666065"/>
    <nd ref="1204309681"/>
    <nd ref="1204309427"/>
    <nd ref="1204309606"/>
    <nd ref="1204309337"/>
    <tag k="addr:housenumber" v="1"/>
    <tag k="addr:postcode" v="LE12 5NF"/>
    <tag k="addr:street" v="Orchard Close"/>
    <tag k="building" v="detached"/>
    <tag k="ref:GB:uprn" v="3040069709;3040000824"/>
    <tag k="source:addr" v="survey"/>
    <tag k="source:addr:postcode" v="OS Opendata Codepoint"/>
    <tag k="source:building" v="Bing"/>
  </way>
  <way id="104384657" version="4" timestamp="2022-02-26T13:34:01Z" changeset="117879080" uid="242345" user="confusedbuffalo">
    <nd ref="1204308192"/>
    <nd ref="4806683391"/>
    <nd ref="4806683390"/>
    <nd ref="4806683389"/>
    <nd ref="4806683388"/>
    <nd ref="1204308386"/>
    <nd ref="1204308192"/>
    <tag k="addr:housenumber" v="61"/>
    <tag k="addr:postcode" v="LE12 5NA"/>
    <tag k="addr:street" v="Charnwood Avenue"/>
    <tag k="building" v="semidetached_house"/>
    <tag k="ref:GB:uprn" v="3040000817"/>
    <tag k="source:addr" v="survey"/>
    <tag k="source:addr:postcode" v="OS Opendata Codepoint"/>
    <tag k="source:building" v="Bing"/>
  </way>
  <way id="104384659" version="3" timestamp="2021-04-01T20:18:59Z" changeset="102147385" uid="7037" user="Gregory Williams">
    <nd ref="1204307863"/>
    <nd ref="1204310246"/>
    <nd ref="1204310798"/>
    <nd ref="1204308758"/>
    <nd ref="1204307863"/>
    <tag k="addr:housenumber" v="28"/>
    <tag k="addr:postcode" v="LE12 5NP"/>
    <tag k="addr:street" v="Charnwood Fields"/>
    <tag k="building" v="detached"/>
    <tag k="ref:GB:uprn" v="3040000894"/>
    <tag k="source:addr" v="survey"/>
    <tag k="source:addr:postcode" v="OS Opendata Codepoint"/>
    <tag k="source:building" v="Bing"/>
  </way>
  <way id="104384662" version="3" timestamp="2021-04-01T20:18:59Z" changeset="102147385" uid="7037" user="Gregory Williams">
    <nd ref="1204309115"/>
    <nd ref="1204308099"/>
    <nd ref="1204309282"/>
    <nd ref="1204308147"/>
    <nd ref="4806683494"/>
    <nd ref="4806683493"/>
    <nd ref="1204309115"/>
    <tag k="addr:housenumber" v="4"/>
    <tag k="addr:postcode" v="LE12 5NP"/>
    <tag k="addr:street" v="Charnwood Fields"/>
    <tag k="building" v="detached"/>
    <tag k="ref:GB:uprn" v="3040000717"/>
    <tag k="source:addr" v="survey"/>
    <tag k="source:addr:postcode" v="OS Opendata Codepoint"/>
    <tag k="source:building" v="Bing"/>
  </way>
  <way id="104384663" version="2" timestamp="2024-11-29T13:05:34Z" changeset="159741121" uid="22163996" user="lukethesamo">
    <nd ref="1204309010"/>
    <nd ref="1204309088"/>
    <nd ref="1204308296"/>
    <nd ref="1204309119"/>
    <nd ref="1204309010"/>
    <tag k="building" v="university"/>
    <tag k="name" v="The Limes"/>
  </way>
  <way id="104384665" version="3" timestamp="2021-04-01T20:18:59Z" changeset="102147385" uid="7037" user="Gregory Williams">
    <nd ref="1204310747"/>
    <nd ref="1204308881"/>
    <nd ref="4806683422"/>
    <nd ref="4806683420"/>
    <nd ref="4806683421"/>
    <nd ref="4806683423"/>
    <nd ref="1204308739"/>
    <nd ref="1204310837"/>
    <nd ref="4806683425"/>
    <nd ref="1204308564"/>
    <nd ref="1204308221"/>
    <nd ref="4806683424"/>
    <nd ref="1204310747"/>
    <tag k="addr:housenumber" v="91"/>
    <tag k="addr:postcode" v="LE12 5NQ"/>
    <tag k="addr:street" v="Park Lane"/>
    <tag k="building" v="detached"/>
    <tag k="ref:GB:uprn" v="3040000927"/>
    <tag k="source:addr" v="survey"/>
    <tag k="source:addr:postcode" v="OS Opendata Codepoint"/>
    <tag k="source:building" v="Bing"/>
  </way>
  <way id="104384666" version="3" timestamp="2021-04-01T20:18:59Z" changeset="102147385" uid="7037" user="Gregory Williams">
    <nd ref="1204310199"/>
    <nd ref="1204309437"/>
    <nd ref="1204309551"/>
    <nd ref="1204308582"/>
    <nd ref="1204310199"/>
    <tag k="addr:housenumber" v="14"/>
    <tag k="addr:postcode" v="LE12 5NL"/>
    <tag k="addr:street" v="Shepherds Close"/>
    <tag k="building" v="detached"/>
    <tag k="ref:GB:uprn" v="3040000866"/>
    <tag k="source:addr" v="survey"/>
    <tag k="source:addr:postcode" v="OS Opendata Codepoint"/>
    <tag k="source:building" v="Bing"/>
  </way>
  <way id="104384669" version="5" timestamp="2025-01-18T22:01:37Z" changeset="161507263" uid="8857" user="philipcullen">
    <nd ref="1204308383"/>
    <nd ref="4796852835"/>
    <nd ref="4796852834"/>
    <nd ref="1204310437"/>
    <nd ref="1204308383"/>
    <tag k="addr:housenumber" v="26"/>
    <tag k="addr:postcode" v="LE12 5RA"/>
    <tag k="addr:street" v="College Road"/>
    <tag k="building" v="semidetached_house"/>
    <tag k="ref:GB:uprn" v="3040000507"/>
    <tag k="source:addr" v="survey"/>
    <tag k="source:addr:postcode" v="OS Opendata Codepoint"/>
  </way>
  <way id="104384670" version="3" timestamp="2021-04-01T20:18:59Z" changeset="102147385" uid="7037" user="Gregory Williams">
    <nd ref="1204309763"/>
    <nd ref="1204309199"/>
    <nd ref="1204310144"/>
    <nd ref="1204310050"/>
    <nd ref="1204309763"/>
    <tag k="addr:housenumber" v="7"/>
    <tag k="addr:postcode" v="LE12 5NP"/>
    <tag k="addr:street" v="Charnwood Fields"/>
    <tag k="building" v="detached"/>
    <tag k="ref:GB:uprn" v="3040000909"/>
    <tag k="source:addr" v="survey"/>
    <tag k="source:addr:postcode" v="OS Opendata Codepoint"/>
    <tag k="source:building" v="Bing"/>
  </way>
  <way id="104384671" version="4" timestamp="2025-01-18T20:07:05Z" changeset="161504409" uid="8857" user="philipcullen">
    <nd ref="1204309530"/>
    <nd ref="4806673408"/>
    <nd ref="4806673407"/>
    <nd ref="4806673404"/>
    <nd ref="4806673406"/>
    <nd ref="1204307919"/>
    <nd ref="1204309530"/>
    <tag k="addr:housenumber" v="22"/>
    <tag k="addr:postcode" v="LE12 5NA"/>
    <tag k="addr:street" v="Charnwood Avenue"/>
    <tag k="building" v="semidetached_house"/>
    <tag k="ref:GB:uprn" v="3040000781"/>
    <tag k="source:addr" v="survey"/>
    <tag k="source:addr:postcode" v="OS Opendata Codepoint"/>
    <tag k="source:building" v="Bing"/>
  </way>
  <way id="104384672" version="3" timestamp="2025-01-18T20:07:05Z" changeset="161504409" uid="8857" user="philipcullen">
    <nd ref="1204309521"/>
    <nd ref="1204309118"/>
    <nd ref="1204310572"/>
    <nd ref="1204308972"/>
    <nd ref="1204309722"/>
    <nd ref="4806683227"/>
    <nd ref="4806683228"/>
    <nd ref="1204309545"/>
    <nd ref="1204309521"/>
    <tag k="addr:housenumber" v="15"/>
    <tag k="addr:postcode" v="LE12 5NA"/>
    <tag k="addr:street" v="Charnwood Avenue"/>
    <tag k="building" v="detached"/>
    <tag k="ref:GB:uprn" v="3040000775"/>
    <tag k="source:addr" v="survey"/>
    <tag k="source:addr:postcode" v="OS Opendata Codepoint"/>
    <tag k="source:building" v="Bing"/>
  </way>
  <way id="104384673" version="3" timestamp="2021-04-01T20:18:59Z" changeset="102147385" uid="7037" user="Gregory Williams">
    <nd ref="1204310867"/>
    <nd ref="1204308230"/>
    <nd ref="1204309587"/>
    <nd ref="1204309135"/>
    <nd ref="4808666399"/>
    <nd ref="1204310867"/>
    <tag k="addr:housenumber" v="23"/>
    <tag k="addr:postcode" v="LE12 5NN"/>
    <tag k="addr:street" v="Willow Poole Lane"/>
    <tag k="building" v="detached"/>
    <tag k="ref:GB:uprn" v="3040000950"/>
    <tag k="source:addr" v="survey"/>
    <tag k="source:addr:postcode" v="OS Opendata Codepoint"/>
    <tag k="source:building" v="Bing"/>
  </way>
  <way id="104384675" version="4" timestamp="2022-02-26T13:34:01Z" changeset="117879080" uid="242345" user="confusedbuffalo">
    <nd ref="1204310643"/>
    <nd ref="4806683297"/>
    <nd ref="4806683296"/>
    <nd ref="1204309120"/>
    <nd ref="1204310643"/>
    <tag k="addr:housenumber" v="53"/>
    <tag k="addr:postcode" v="LE12 5NA"/>
    <tag k="addr:street" v="Charnwood Avenue"/>
    <tag k="building" v="semidetached_house"/>
    <tag k="ref:GB:uprn" v="3040000812"/>
    <tag k="source:addr" v="survey"/>
    <tag k="source:addr:postcode" v="OS Opendata Codepoint"/>
    <tag k="source:building" v="Bing"/>
  </way>
  <way id="104384676" version="3" timestamp="2021-04-01T20:18:59Z" changeset="102147385" uid="7037" user="Gregory Williams">
    <nd ref="1204310384"/>
    <nd ref="1204309719"/>
    <nd ref="4808666083"/>
    <nd ref="4808666082"/>
    <nd ref="1204308125"/>
    <nd ref="1204310605"/>
    <nd ref="4808666081"/>
    <nd ref="4808666080"/>
    <nd ref="1204310384"/>
    <tag k="addr:housenumber" v="11"/>
    <tag k="addr:postcode" v="LE12 5NN"/>
    <tag k="addr:street" v="Willow Poole Lane"/>
    <tag k="building" v="detached"/>
    <tag k="ref:GB:uprn" v="3040000982"/>
    <tag k="source:addr" v="survey"/>
    <tag k="source:addr:postcode" v="OS Opendata Codepoint"/>
    <tag k="source:building" v="Bing"/>
  </way>
  <way id="104384677" version="3" timestamp="2021-04-01T20:18:59Z" changeset="102147385" uid="7037" user="Gregory Williams">
    <nd ref="1204309800"/>
    <nd ref="1204308294"/>
    <nd ref="4806683491"/>
    <nd ref="4806683492"/>
    <nd ref="1204309917"/>
    <nd ref="1204310819"/>
    <nd ref="4806683489"/>
    <nd ref="4806683490"/>
    <nd ref="1204309800"/>
    <tag k="addr:housenumber" v="3"/>
    <tag k="addr:postcode" v="LE12 5NP"/>
    <tag k="addr:street" v="Charnwood Fields"/>
    <tag k="building" v="detached"/>
    <tag k="ref:GB:uprn" v="3040000895"/>
    <tag k="source:addr" v="survey"/>
    <tag k="source:addr:postcode" v="OS Opendata Codepoint"/>
    <tag k="source:building" v="Bing"/>
  </way>
  <way id="104384678" version="3" timestamp="2021-04-01T20:18:59Z" changeset="102147385" uid="7037" user="Gregory Williams">
    <nd ref="1204309484"/>
    <nd ref="1204310056"/>
    <nd ref="1204308653"/>
    <nd ref="1204308830"/>
    <nd ref="1204309484"/>
    <tag k="addr:housenumber" v="57"/>
    <tag k="addr:postcode" v="LE12 5NQ"/>
    <tag k="addr:street" v="Park Lane"/>
    <tag k="building" v="detached"/>
    <tag k="fixme" v="Number needs confirming"/>
    <tag k="ref:GB:uprn" v="3040000209"/>
    <tag k="source:addr" v="survey"/>
    <tag k="source:addr:postcode" v="OS Opendata Codepoint"/>
    <tag k="source:building" v="Bing"/>
  </way>
  <way id="104384679" version="4" timestamp="2025-01-18T20:07:05Z" changeset="161504409" uid="8857" user="philipcullen">
    <nd ref="1204310222"/>
    <nd ref="4806683541"/>
    <nd ref="4806683540"/>
    <nd ref="1204310547"/>
    <nd ref="1204310222"/>
    <tag k="addr:housenumber" v="23"/>
    <tag k="addr:postcode" v="LE12 5NP"/>
    <tag k="addr:street" v="Charnwood Fields"/>
    <tag k="building" v="semidetached_house"/>
    <tag k="ref:GB:uprn" v="3040000889"/>
    <tag k="source:addr" v="survey"/>
    <tag k="source:addr:postcode" v="OS Opendata Codepoint"/>
    <tag k="source:building" v="Bing"/>
  </way>
  <way id="104384681" version="3" timestamp="2021-04-01T20:18:59Z" changeset="102147385" uid="7037" user="Gregory Williams">
    <nd ref="1204308847"/>
    <nd ref="1204308374"/>
    <nd ref="1204310142"/>
    <nd ref="1204308243"/>
    <nd ref="1204308847"/>
    <tag k="addr:housenumber" v="7"/>
    <tag k="addr:postcode" v="LE12 5NF"/>
    <tag k="addr:street" v="Orchard Close"/>
    <tag k="building" v="detached"/>
    <tag k="ref:GB:uprn" v="3040000851"/>
    <tag k="source:addr" v="survey"/>
    <tag k="source:addr:postcode" v="OS Opendata Codepoint"/>
    <tag k="source:building" v="Bing"/>
  </way>
  <way id="104384682" version="3" timestamp="2024-03-02T08:23:10Z" changeset="148121572" uid="417748" user="Dave Venables">
    <nd ref="1204309488"/>
    <nd ref="1204309870"/>
    <nd ref="4085699048"/>
    <nd ref="1204309994"/>
    <nd ref="1204310295"/>
    <nd ref="1204309488"/>
    <tag k="addr:place" v="Hathernware Industrial Estate"/>
    <tag k="addr:postcode" v="LE12 5EH"/>
    <tag k="addr:street" v="Rempstone Road"/>
    <tag k="amenity" v="cafe"/>
    <tag k="building" v="yes"/>
    <tag k="fhrs:id" v="1662031"/>
    <tag k="name" v="Dolly's Coffee Corner"/>
    <tag k="old_name" v="Terracotta The Old Canteen Cafe"/>
    <tag k="source" v="survey"/>
    <tag k="source:addr:postcode" v="FHRS Open Data"/>
  </way>
  <way id="104384684" version="5" timestamp="2025-01-18T22:01:37Z" changeset="161507263" uid="8857" user="philipcullen">
    <nd ref="1204308213"/>
    <nd ref="4796852855"/>
    <nd ref="4796852854"/>
    <nd ref="1204308275"/>
    <nd ref="1204308213"/>
    <tag k="addr:housenumber" v="52"/>
    <tag k="addr:postcode" v="LE12 5RA"/>
    <tag k="addr:street" v="College Road"/>
    <tag k="building" v="semidetached_house"/>
    <tag k="ref:GB:uprn" v="3040000521"/>
    <tag k="source:addr" v="survey"/>
    <tag k="source:addr:postcode" v="OS Opendata Codepoint"/>
  </way>
  <way id="104384686" version="3" timestamp="2021-04-01T20:18:59Z" changeset="102147385" uid="7037" user="Gregory Williams">
    <nd ref="1204309276"/>
    <nd ref="4808666334"/>
    <nd ref="4808666333"/>
    <nd ref="1204308422"/>
    <nd ref="4808666332"/>
    <nd ref="4808666331"/>
    <nd ref="1204309516"/>
    <nd ref="1204309355"/>
    <nd ref="1204309276"/>
    <tag k="addr:housenumber" v="49"/>
    <tag k="addr:postcode" v="LE12 5NF"/>
    <tag k="addr:street" v="Orchard Close"/>
    <tag k="building" v="detached"/>
    <tag k="ref:GB:uprn" v="3040000848"/>
    <tag k="source:addr" v="survey"/>
    <tag k="source:addr:postcode" v="OS Opendata Codepoint"/>
    <tag k="source:building" v="Bing"/>
  </way>
  <way id="104384688" version="3" timestamp="2016-03-29T20:31:36Z" changeset="38152465" uid="207845" user="will_p">
    <nd ref="1204310728"/>
    <nd ref="1204308910"/>
    <nd ref="1204309834"/>
    <nd ref="1204308075"/>
    <nd ref="3726678024"/>
    <nd ref="3726678026"/>
    <nd ref="1204308026"/>
    <nd ref="3726678037"/>
    <nd ref="1204309519"/>
    <nd ref="1204310728"/>
    <tag k="building" v="university"/>
    <tag k="name" v="Plant Sciences"/>
    <tag k="source:name" v="survey"/>
  </way>
  <way id="104384689" version="3" timestamp="2021-04-01T20:18:59Z" changeset="102147385" uid="7037" user="Gregory Williams">
    <nd ref="1204308674"/>
    <nd ref="1204308311"/>
    <nd ref="1204308990"/>
    <nd ref="1204308458"/>
    <nd ref="1204308674"/>
    <tag k="addr:housenumber" v="6"/>
    <tag k="addr:postcode" v="LE12 5NR"/>
    <tag k="addr:street" v="Sutton Close"/>
    <tag k="building" v="detached"/>
    <tag k="ref:GB:uprn" v="3040000937"/>
    <tag k="source:addr" v="survey"/>
    <tag k="source:addr:postcode" v="OS Opendata Codepoint"/>
    <tag k="source:building" v="Bing"/>
  </way>
  <way id="104384690" version="3" timestamp="2021-04-01T20:18:59Z" changeset="102147385" uid="7037" user="Gregory Williams">
    <nd ref="1204309930"/>
    <nd ref="1204310982"/>
    <nd ref="1204310156"/>
    <nd ref="1204310058"/>
    <nd ref="1204310380"/>
    <nd ref="1204308713"/>
    <nd ref="1204309930"/>
    <tag k="addr:housenumber" v="24"/>
    <tag k="addr:postcode" v="LE12 5NN"/>
    <tag k="addr:street" v="Willow Poole Lane"/>
    <tag k="building" v="detached"/>
    <tag k="ref:GB:uprn" v="3040000951"/>
    <tag k="source:addr" v="survey"/>
    <tag k="source:addr:postcode" v="OS Opendata Codepoint"/>
    <tag k="source:building" v="Bing"/>
  </way>
  <way id="104384691" version="3" timestamp="2021-04-01T20:18:59Z" changeset="102147385" uid="7037" user="Gregory Williams">
    <nd ref="1204308236"/>
    <nd ref="1204310158"/>
    <nd ref="1204309714"/>
    <nd ref="1204310943"/>
    <nd ref="1204308236"/>
    <tag k="addr:housenumber" v="6"/>
    <tag k="addr:postcode" v="LE12 5NP"/>
    <tag k="addr:street" v="Charnwood Fields"/>
    <tag k="building" v="detached"/>
    <tag k="ref:GB:uprn" v="3040000908"/>
    <tag k="source:addr" v="survey"/>
    <tag k="source:addr:postcode" v="OS Opendata Codepoint"/>
    <tag k="source:building" v="Bing"/>
  </way>
  <way id="104384692" version="3" timestamp="2021-04-01T20:18:59Z" changeset="102147385" uid="7037" user="Gregory Williams">
    <nd ref="1204310271"/>
    <nd ref="1204309297"/>
    <nd ref="4808666439"/>
    <nd ref="4808666438"/>
    <nd ref="1204308399"/>
    <nd ref="1204310079"/>
    <nd ref="4808666436"/>
    <nd ref="4808666435"/>
    <nd ref="1204308416"/>
    <nd ref="1204309989"/>
    <nd ref="1204310271"/>
    <tag k="addr:housenumber" v="14"/>
    <tag k="addr:postcode" v="LE12 5NN"/>
    <tag k="addr:street" v="Willow Poole Lane"/>
    <tag k="building" v="detached"/>
    <tag k="ref:GB:uprn" v="3040000941"/>
    <tag k="source:addr" v="survey"/>
    <tag k="source:addr:postcode" v="OS Opendata Codepoint"/>
    <tag k="source:building" v="Bing"/>
  </way>
  <way id="104384694" version="3" timestamp="2021-04-01T20:18:59Z" changeset="102147385" uid="7037" user="Gregory Williams">
    <nd ref="1204310619"/>
    <nd ref="1204310234"/>
    <nd ref="1204308442"/>
    <nd ref="1204310308"/>
    <nd ref="1204310619"/>
    <tag k="addr:housenumber" v="107"/>
    <tag k="addr:postcode" v="LE12 5NQ"/>
    <tag k="addr:street" v="Park Lane"/>
    <tag k="building" v="detached"/>
    <tag k="ref:GB:uprn" v="3040000915"/>
    <tag k="source:addr" v="survey"/>
    <tag k="source:addr:postcode" v="OS Opendata Codepoint"/>
    <tag k="source:building" v="Bing"/>
  </way>
  <way id="104384696" version="4" timestamp="2022-02-26T13:34:01Z" changeset="117879080" uid="242345" user="confusedbuffalo">
    <nd ref="4808666019"/>
    <nd ref="4808666483"/>
    <nd ref="4808666484"/>
    <nd ref="1204309605"/>
    <nd ref="4808666485"/>
    <nd ref="4808666486"/>
    <nd ref="1204310155"/>
    <nd ref="4808666018"/>
    <nd ref="4808666019"/>
    <tag k="addr:housenumber" v="8"/>
    <tag k="addr:postcode" v="LE12 5NL"/>
    <tag k="addr:street" v="Shepherds Close"/>
    <tag k="building" v="semidetached_house"/>
    <tag k="ref:GB:uprn" v="3040000874"/>
    <tag k="source:addr" v="survey"/>
    <tag k="source:addr:postcode" v="OS Opendata Codepoint"/>
    <tag k="source:building" v="Bing"/>
  </way>
  <way id="104384697" version="3" timestamp="2021-04-01T20:18:59Z" changeset="102147385" uid="7037" user="Gregory Williams">
    <nd ref="1204310100"/>
    <nd ref="1204308929"/>
    <nd ref="1204309711"/>
    <nd ref="1204310710"/>
    <nd ref="1204310100"/>
    <tag k="addr:housenumber" v="41"/>
    <tag k="addr:postcode" v="LE12 5NF"/>
    <tag k="addr:street" v="Orchard Close"/>
    <tag k="building" v="detached"/>
    <tag k="ref:GB:uprn" v="3040000843"/>
    <tag k="source:addr" v="survey"/>
    <tag k="source:addr:postcode" v="OS Opendata Codepoint"/>
    <tag k="source:building" v="Bing"/>
  </way>
  <way id="104384701" version="4" timestamp="2022-02-26T13:34:01Z" changeset="117879080" uid="242345" user="confusedbuffalo">
    <nd ref="1204310072"/>
    <nd ref="4806683365"/>
    <nd ref="4806683363"/>
    <nd ref="4806683361"/>
    <nd ref="4806683369"/>
    <nd ref="4806683368"/>
    <nd ref="1204309628"/>
    <nd ref="1204310072"/>
    <tag k="addr:housenumber" v="38"/>
    <tag k="addr:postcode" v="LE12 5NA"/>
    <tag k="addr:street" v="Charnwood Avenue"/>
    <tag k="building" v="semidetached_house"/>
    <tag k="ref:GB:uprn" v="3040000798"/>
    <tag k="source:addr" v="survey"/>
    <tag k="source:addr:postcode" v="OS Opendata Codepoint"/>
    <tag k="source:building" v="Bing"/>
  </way>
  <way id="104384703" version="5" timestamp="2025-01-18T22:01:37Z" changeset="161507263" uid="8857" user="philipcullen">
    <nd ref="1204308885"/>
    <nd ref="4796852859"/>
    <nd ref="4796852858"/>
    <nd ref="1204309534"/>
    <nd ref="1204308885"/>
    <tag k="addr:housenumber" v="44"/>
    <tag k="addr:postcode" v="LE12 5RA"/>
    <tag k="addr:street" v="College Road"/>
    <tag k="building" v="semidetached_house"/>
    <tag k="ref:GB:uprn" v="3040000515"/>
    <tag k="source:addr" v="survey"/>
    <tag k="source:addr:postcode" v="OS Opendata Codepoint"/>
  </way>
  <way id="104384704" version="4" timestamp="2025-01-18T22:01:37Z" changeset="161507263" uid="8857" user="philipcullen">
    <nd ref="4085582129"/>
    <nd ref="1204310396"/>
    <nd ref="4085582119"/>
    <nd ref="4085582120"/>
    <nd ref="1204309961"/>
    <nd ref="4085582128"/>
    <nd ref="4085582129"/>
    <tag k="addr:housenumber" v="45"/>
    <tag k="addr:street" v="College Road"/>
    <tag k="building" v="house"/>
    <tag k="building:levels" v="2"/>
    <tag k="ref:GB:uprn" v="3040000516"/>
    <tag k="roof:levels" v="0"/>
    <tag k="source:addr" v="survey"/>
  </way>
  <way id="104384710" version="3" timestamp="2021-04-01T20:18:59Z" changeset="102147385" uid="7037" user="Gregory Williams">
    <nd ref="1204308738"/>
    <nd ref="1204308448"/>
    <nd ref="4808666229"/>
    <nd ref="4808666227"/>
    <nd ref="4808666228"/>
    <nd ref="4808666230"/>
    <nd ref="1204308005"/>
    <nd ref="4808666232"/>
    <nd ref="4808666231"/>
    <nd ref="1204310956"/>
    <nd ref="1204308738"/>
    <tag k="addr:housenumber" v="79"/>
    <tag k="addr:postcode" v="LE12 5NQ"/>
    <tag k="addr:street" v="Park Lane"/>
    <tag k="building" v="detached"/>
    <tag k="ref:GB:uprn" v="3040000922"/>
    <tag k="source:addr" v="survey"/>
    <tag k="source:addr:postcode" v="OS Opendata Codepoint"/>
    <tag k="source:building" v="Bing"/>
  </way>
  <way id="104384712" version="3" timestamp="2021-04-01T20:18:59Z" changeset="102147385" uid="7037" user="Gregory Williams">
    <nd ref="1204308742"/>
    <nd ref="1204308760"/>
    <nd ref="1204310593"/>
    <nd ref="1204308412"/>
    <nd ref="1204308742"/>
    <tag k="addr:housenumber" v="11"/>
    <tag k="addr:postcode" v="LE12 5NF"/>
    <tag k="addr:street" v="Orchard Close"/>
    <tag k="building" v="detached"/>
    <tag k="ref:GB:uprn" v="3040000826"/>
    <tag k="source:addr" v="survey"/>
    <tag k="source:addr:postcode" v="OS Opendata Codepoint"/>
    <tag k="source:building" v="Bing"/>
  </way>
  <way id="104384716" version="5" timestamp="2025-01-18T22:01:37Z" changeset="161507263" uid="8857" user="philipcullen">
    <nd ref="1204307916"/>
    <nd ref="4796852857"/>
    <nd ref="4796852856"/>
    <nd ref="1204308288"/>
    <nd ref="1204307916"/>
    <tag k="addr:housenumber" v="48"/>
    <tag k="addr:postcode" v="LE12 5RA"/>
    <tag k="addr:street" v="College Road"/>
    <tag k="building" v="semidetached_house"/>
    <tag k="ref:GB:uprn" v="3040000519"/>
    <tag k="source:addr" v="survey"/>
    <tag k="source:addr:postcode" v="OS Opendata Codepoint"/>
  </way>
  <way id="104384717" version="4" timestamp="2025-01-18T22:01:37Z" changeset="161507263" uid="8857" user="philipcullen">
    <nd ref="1204309012"/>
    <nd ref="1204310337"/>
    <nd ref="1204309728"/>
    <nd ref="1204310440"/>
    <nd ref="1204309532"/>
    <nd ref="1204309825"/>
    <nd ref="1204309695"/>
    <nd ref="1204310697"/>
    <nd ref="1204310394"/>
    <nd ref="1204308974"/>
    <nd ref="1204308003"/>
    <nd ref="1204309005"/>
    <nd ref="1204309042"/>
    <nd ref="1204309285"/>
    <nd ref="1204309582"/>
    <nd ref="1204310441"/>
    <nd ref="1204309012"/>
    <tag k="building" v="dormitory"/>
    <tag k="name" v="Normanton House"/>
    <tag k="ref:GB:uprn" v="3040046770"/>
  </way>
  <way id="104384720" version="3" timestamp="2021-04-01T20:18:59Z" changeset="102147385" uid="7037" user="Gregory Williams">
    <nd ref="1204310232"/>
    <nd ref="1204308206"/>
    <nd ref="1204308041"/>
    <nd ref="1204308671"/>
    <nd ref="1204310232"/>
    <tag k="addr:housenumber" v="12"/>
    <tag k="addr:postcode" v="LE12 5NF"/>
    <tag k="addr:street" v="Orchard Close"/>
    <tag k="building" v="detached"/>
    <tag k="ref:GB:uprn" v="3040000827"/>
    <tag k="source:addr" v="survey"/>
    <tag k="source:addr:postcode" v="OS Opendata Codepoint"/>
    <tag k="source:building" v="Bing"/>
  </way>
  <way id="104384724" version="3" timestamp="2021-04-01T20:18:59Z" changeset="102147385" uid="7037" user="Gregory Williams">
    <nd ref="1204310723"/>
    <nd ref="1204310703"/>
    <nd ref="1204308774"/>
    <nd ref="1204309875"/>
    <nd ref="1204309654"/>
    <nd ref="1204310344"/>
    <nd ref="1204310157"/>
    <nd ref="1204309513"/>
    <nd ref="1204310723"/>
    <tag k="addr:housenumber" v="14"/>
    <tag k="addr:postcode" v="LE12 5NA"/>
    <tag k="addr:street" v="Charnwood Avenue"/>
    <tag k="building" v="detached"/>
    <tag k="ref:GB:uprn" v="3040000774"/>
    <tag k="source:addr" v="survey"/>
    <tag k="source:addr:housenumber" v="interpolation"/>
    <tag k="source:addr:postcode" v="OS Opendata Codepoint"/>
    <tag k="source:building" v="Bing"/>
  </way>
  <way id="104384726" version="3" timestamp="2021-04-01T20:18:59Z" changeset="102147385" uid="7037" user="Gregory Williams">
    <nd ref="1204308277"/>
    <nd ref="1204310054"/>
    <nd ref="1204310041"/>
    <nd ref="1204308785"/>
    <nd ref="1204309604"/>
    <nd ref="1204309597"/>
    <nd ref="4806683472"/>
    <nd ref="4806683469"/>
    <nd ref="1204308277"/>
    <tag k="addr:housenumber" v="1"/>
    <tag k="addr:postcode" v="LE12 5NP"/>
    <tag k="addr:street" v="Charnwood Fields"/>
    <tag k="building" v="detached"/>
    <tag k="ref:GB:uprn" v="3040000876"/>
    <tag k="source:addr" v="survey"/>
    <tag k="source:addr:postcode" v="OS Opendata Codepoint"/>
    <tag k="source:building" v="Bing"/>
  </way>
  <way id="104384731" version="4" timestamp="2022-02-26T13:34:01Z" changeset="117879080" uid="242345" user="confusedbuffalo">
    <nd ref="1204309462"/>
    <nd ref="4806683371"/>
    <nd ref="4806683370"/>
    <nd ref="1204310202"/>
    <nd ref="1204309462"/>
    <tag k="addr:housenumber" v="42"/>
    <tag k="addr:postcode" v="LE12 5NA"/>
    <tag k="addr:street" v="Charnwood Avenue"/>
    <tag k="building" v="semidetached_house"/>
    <tag k="ref:GB:uprn" v="3040000802"/>
    <tag k="source:addr" v="survey"/>
    <tag k="source:addr:postcode" v="OS Opendata Codepoint"/>
    <tag k="source:building" v="Bing"/>
  </way>
  <way id="104384734" version="3" timestamp="2021-04-01T20:18:59Z" changeset="102147385" uid="7037" user="Gregory Williams">
    <nd ref="1204310335"/>
    <nd ref="1204307999"/>
    <nd ref="1204309070"/>
    <nd ref="1204309374"/>
    <nd ref="1204310194"/>
    <nd ref="1204310204"/>
    <nd ref="1204310335"/>
    <tag k="addr:housenumber" v="6"/>
    <tag k="addr:postcode" v="LE12 5NA"/>
    <tag k="addr:street" v="Charnwood Avenue"/>
    <tag k="building" v="detached"/>
    <tag k="ref:GB:uprn" v="3040000816"/>
    <tag k="source:addr" v="survey"/>
    <tag k="source:addr:postcode" v="OS Opendata Codepoint"/>
    <tag k="source:building" v="Bing"/>
  </way>
  <way id="104384738" version="3" timestamp="2021-04-01T20:18:59Z" changeset="102147385" uid="7037" user="Gregory Williams">
    <nd ref="1204309907"/>
    <nd ref="1204309772"/>
    <nd ref="4806683522"/>
    <nd ref="4806683521"/>
    <nd ref="1204309754"/>
    <nd ref="1204309515"/>
    <nd ref="1204308753"/>
    <nd ref="1204308711"/>
    <nd ref="1204309907"/>
    <tag k="addr:housenumber" v="24"/>
    <tag k="addr:postcode" v="LE12 5NP"/>
    <tag k="addr:street" v="Charnwood Fields"/>
    <tag k="building" v="detached"/>
    <tag k="ref:GB:uprn" v="3040000890"/>
    <tag k="source:addr" v="survey"/>
    <tag k="source:addr:postcode" v="OS Opendata Codepoint"/>
    <tag k="source:building" v="Bing"/>
  </way>
  <way id="104384740" version="7" timestamp="2025-01-18T22:01:37Z" changeset="161507263" uid="8857" user="philipcullen">
    <nd ref="1204308318"/>
    <nd ref="1204309667"/>
    <nd ref="4085581966"/>
    <nd ref="4085581968"/>
    <nd ref="1204308786"/>
    <nd ref="1204310534"/>
    <nd ref="1204308187"/>
    <nd ref="1204310683"/>
    <nd ref="1204309890"/>
    <nd ref="1204309885"/>
    <nd ref="1204308318"/>
    <tag k="building" v="university"/>
    <tag k="description" v="Farm"/>
    <tag k="name" v="Farm Office &amp; Workshop"/>
    <tag k="ref:GB:uprn" v="10024965525"/>
  </way>
  <way id="104384745" version="3" timestamp="2021-04-01T20:18:59Z" changeset="102147385" uid="7037" user="Gregory Williams">
    <nd ref="1204310031"/>
    <nd ref="1204308047"/>
    <nd ref="1204309464"/>
    <nd ref="1204309499"/>
    <nd ref="1204310031"/>
    <tag k="addr:housenumber" v="8"/>
    <tag k="addr:postcode" v="LE12 5NF"/>
    <tag k="addr:street" v="Orchard Close"/>
    <tag k="building" v="detached"/>
    <tag k="ref:GB:uprn" v="3040000852"/>
    <tag k="source:addr" v="survey"/>
    <tag k="source:addr:postcode" v="OS Opendata Codepoint"/>
    <tag k="source:building" v="Bing"/>
  </way>
  <way id="104384747" version="3" timestamp="2017-04-16T17:16:45Z" changeset="47843661" uid="207845" user="will_p">
    <nd ref="1204308842"/>
    <nd ref="4085581569"/>
    <nd ref="4085581567"/>
    <nd ref="4085581560"/>
    <nd ref="1204310714"/>
    <nd ref="4796852787"/>
    <nd ref="4796852797"/>
    <nd ref="4085581713"/>
    <nd ref="4085581691"/>
    <nd ref="1204309040"/>
    <nd ref="1204308842"/>
    <tag k="building" v="university"/>
    <tag k="name" v="The Barn"/>
    <tag k="source" v="survey"/>
    <tag k="source:name" v="survey"/>
  </way>
  <way id="104384748" version="4" timestamp="2022-02-26T13:34:01Z" changeset="117879080" uid="242345" user="confusedbuffalo">
    <nd ref="4808666379"/>
    <nd ref="4808666385"/>
    <nd ref="4808666381"/>
    <nd ref="4808666382"/>
    <nd ref="4808666383"/>
    <nd ref="1204309573"/>
    <nd ref="1204309979"/>
    <nd ref="1204309560"/>
    <nd ref="1204310083"/>
    <nd ref="4808666380"/>
    <nd ref="4808666379"/>
    <tag k="addr:housenumber" v="27"/>
    <tag k="addr:postcode" v="LE12 5NN"/>
    <tag k="addr:street" v="Willow Poole Lane"/>
    <tag k="building" v="semidetached_house"/>
    <tag k="ref:GB:uprn" v="3040000954"/>
    <tag k="source:addr" v="survey"/>
    <tag k="source:addr:postcode" v="OS Opendata Codepoint"/>
    <tag k="source:building" v="Bing"/>
  </way>
  <way id="104384752" version="3" timestamp="2021-04-01T20:18:59Z" changeset="102147385" uid="7037" user="Gregory Williams">
    <nd ref="1204310115"/>
    <nd ref="1204309809"/>
    <nd ref="1204310111"/>
    <nd ref="4806683348"/>
    <nd ref="4806683349"/>
    <nd ref="1204309325"/>
    <nd ref="1204310115"/>
    <tag k="addr:housenumber" v="12A"/>
    <tag k="addr:postcode" v="LE12 5NA"/>
    <tag k="addr:street" v="Charnwood Avenue"/>
    <tag k="building" v="detached"/>
    <tag k="ref:GB:uprn" v="3040000985"/>
    <tag k="source:addr" v="survey"/>
    <tag k="source:addr:postcode" v="OS Opendata Codepoint"/>
    <tag k="source:building" v="Bing"/>
  </way>
  <way id="104384757" version="3" timestamp="2025-01-18T20:07:05Z" changeset="161504409" uid="8857" user="philipcullen">
    <nd ref="1204307867"/>
    <nd ref="1204310839"/>
    <nd ref="1204310989"/>
    <nd ref="4808666079"/>
    <nd ref="4808666078"/>
    <nd ref="1204310244"/>
    <nd ref="4808666077"/>
    <nd ref="4808666076"/>
    <nd ref="1204307867"/>
    <tag k="addr:housenumber" v="9"/>
    <tag k="addr:postcode" v="LE12 5NN"/>
    <tag k="addr:street" v="Willow Poole Lane"/>
    <tag k="building" v="detached"/>
    <tag k="ref:GB:uprn" v="3040000981"/>
    <tag k="source:addr" v="survey"/>
    <tag k="source:addr:postcode" v="OS Opendata Codepoint"/>
    <tag k="source:building" v="Bing"/>
  </way>
  <way id="104384764" version="4" timestamp="2022-02-26T13:34:01Z" changeset="117879080" uid="242345" user="confusedbuffalo">
    <nd ref="1204310107"/>
    <nd ref="4808666100"/>
    <nd ref="4808666097"/>
    <nd ref="4808666102"/>
    <nd ref="4808666101"/>
    <nd ref="1204308202"/>
    <nd ref="1204310107"/>
    <tag k="addr:housenumber" v="8"/>
    <tag k="addr:postcode" v="LE12 5NN"/>
    <tag k="addr:street" v="Willow Poole Lane"/>
    <tag k="building" v="semidetached_house"/>
    <tag k="ref:GB:uprn" v="3040000961"/>
    <tag k="source:addr" v="survey"/>
    <tag k="source:addr:postcode" v="OS Opendata Codepoint"/>
    <tag k="source:building" v="Bing"/>
  </way>
  <way id="104384766" version="5" timestamp="2022-08-10T11:03:28Z" changeset="124725398" uid="6816132" user="CjMalone">
    <nd ref="1204309158"/>
    <nd ref="4085581554"/>
    <nd ref="1204310491"/>
    <nd ref="1204307857"/>
    <nd ref="1204308651"/>
    <nd ref="1204309158"/>
    <tag k="addr:place" v="University Of Nottingham Sutton Bonington"/>
    <tag k="addr:postcode" v="LE12 5RD"/>
    <tag k="addr:street" v="College Road"/>
    <tag k="brand" v="Costcutter"/>
    <tag k="brand:wikidata" v="Q5175072"/>
    <tag k="brand:wikipedia" v="en:Costcutter"/>
    <tag k="building" v="yes"/>
    <tag k="contact:website" v="https://store-locator.costcutter.co.uk/costcutter-089e850eee6a"/>
    <tag k="name" v="Costcutter"/>
    <tag k="old_fhrs:id" v="266107"/>
    <tag k="shop" v="convenience"/>
  </way>
  <way id="104384767" version="3" timestamp="2025-01-18T20:07:05Z" changeset="161504409" uid="8857" user="philipcullen">
    <nd ref="1204310496"/>
    <nd ref="1204310136"/>
    <nd ref="1204308920"/>
    <nd ref="1204309339"/>
    <nd ref="1204310039"/>
    <nd ref="1204309977"/>
    <nd ref="1204310496"/>
    <tag k="addr:housenumber" v="3"/>
    <tag k="addr:postcode" v="LE12 5NN"/>
    <tag k="addr:street" v="Willow Poole Lane"/>
    <tag k="building" v="detached"/>
    <tag k="ref:GB:uprn" v="3040000978"/>
    <tag k="source:addr" v="survey"/>
    <tag k="source:addr:postcode" v="OS Opendata Codepoint"/>
    <tag k="source:building" v="Bing"/>
  </way>
  <way id="104384771" version="3" timestamp="2021-04-01T20:18:59Z" changeset="102147385" uid="7037" user="Gregory Williams">
    <nd ref="1204309072"/>
    <nd ref="1204309588"/>
    <nd ref="1204310817"/>
    <nd ref="1204308024"/>
    <nd ref="1204310089"/>
    <nd ref="1204308548"/>
    <nd ref="1204309072"/>
    <tag k="addr:housenumber" v="2"/>
    <tag k="addr:postcode" v="LE12 5NF"/>
    <tag k="addr:street" v="Orchard Close"/>
    <tag k="building" v="detached"/>
    <tag k="ref:GB:uprn" v="3040000830"/>
    <tag k="source:addr" v="survey"/>
    <tag k="source:addr:postcode" v="OS Opendata Codepoint"/>
    <tag k="source:building" v="Bing"/>
  </way>
  <way id="104384779" version="3" timestamp="2021-04-01T20:18:59Z" changeset="102147385" uid="7037" user="Gregory Williams">
    <nd ref="1204310768"/>
    <nd ref="4808666233"/>
    <nd ref="4808666236"/>
    <nd ref="4808666223"/>
    <nd ref="4808666224"/>
    <nd ref="4808666225"/>
    <nd ref="4808666226"/>
    <nd ref="1204309900"/>
    <nd ref="1204310855"/>
    <nd ref="1204309648"/>
    <nd ref="4808666235"/>
    <nd ref="4808666234"/>
    <nd ref="1204310768"/>
    <tag k="addr:housenumber" v="85"/>
    <tag k="addr:postcode" v="LE12 5NQ"/>
    <tag k="addr:street" v="Park Lane"/>
    <tag k="building" v="detached"/>
    <tag k="ref:GB:uprn" v="3040000924"/>
    <tag k="source:addr" v="survey"/>
    <tag k="source:addr:postcode" v="OS Opendata Codepoint"/>
    <tag k="source:building" v="Bing"/>
  </way>
  <way id="104384783" version="4" timestamp="2024-11-29T13:05:34Z" changeset="159741121" uid="22163996" user="lukethesamo">
    <nd ref="1204309871"/>
    <nd ref="1204308413"/>
    <nd ref="3726678054"/>
    <nd ref="3726678056"/>
    <nd ref="1204309971"/>
    <nd ref="3726678045"/>
    <nd ref="3726678044"/>
    <nd ref="3726678046"/>
    <nd ref="3726678047"/>
    <nd ref="3726678048"/>
    <nd ref="3726678049"/>
    <nd ref="3726678051"/>
    <nd ref="3726678050"/>
    <nd ref="1204309960"/>
    <nd ref="1204309871"/>
    <tag k="building" v="dormitory"/>
    <tag k="name" v="Costock"/>
    <tag k="residential" v="student"/>
  </way>
  <way id="104384787" version="3" timestamp="2025-01-18T20:26:18Z" changeset="161504409" uid="8857" user="philipcullen">
    <nd ref="1204308769"/>
    <nd ref="4806683476"/>
    <nd ref="4806683475"/>
    <nd ref="4806683474"/>
    <nd ref="4806683473"/>
    <nd ref="1204310130"/>
    <nd ref="1204310400"/>
    <nd ref="1204308861"/>
    <nd ref="1204308769"/>
    <tag k="addr:housenumber" v="11"/>
    <tag k="addr:postcode" v="LE12 5NP"/>
    <tag k="addr:street" v="Charnwood Fields"/>
    <tag k="building" v="detached"/>
    <tag k="ref:GB:uprn" v="3040000878"/>
    <tag k="source:addr" v="survey"/>
    <tag k="source:addr:postcode" v="OS Opendata Codepoint"/>
    <tag k="source:building" v="Bing"/>
  </way>
  <way id="104384792" version="3" timestamp="2021-04-01T20:18:59Z" changeset="102147385" uid="7037" user="Gregory Williams">
    <nd ref="1204309345"/>
    <nd ref="1204308139"/>
    <nd ref="1204309219"/>
    <nd ref="4808666075"/>
    <nd ref="4808666074"/>
    <nd ref="4808666073"/>
    <nd ref="4808666071"/>
    <nd ref="4808666072"/>
    <nd ref="1204309345"/>
    <tag k="addr:housenumber" v="7"/>
    <tag k="addr:postcode" v="LE12 5NN"/>
    <tag k="addr:street" v="Willow Poole Lane"/>
    <tag k="building" v="detached"/>
    <tag k="ref:GB:uprn" v="3040000980"/>
    <tag k="source:addr" v="survey"/>
    <tag k="source:addr:postcode" v="OS Opendata Codepoint"/>
    <tag k="source:building" v="Bing"/>
  </way>
  <way id="104384793" version="4" timestamp="2022-02-26T13:34:01Z" changeset="117879080" uid="242345" user="confusedbuffalo">
    <nd ref="4808666009"/>
    <nd ref="4808666008"/>
    <nd ref="1204309610"/>
    <nd ref="1204310638"/>
    <nd ref="1204310668"/>
    <nd ref="1204309734"/>
    <nd ref="1204309473"/>
    <nd ref="4808666466"/>
    <nd ref="4808666463"/>
    <nd ref="1204310609"/>
    <nd ref="4808666009"/>
    <tag k="addr:housenumber" v="3"/>
    <tag k="addr:postcode" v="LE12 5NL"/>
    <tag k="addr:street" v="Shepherds Close"/>
    <tag k="building" v="semidetached_house"/>
    <tag k="ref:GB:uprn" v="3040000869"/>
    <tag k="source:addr" v="survey"/>
    <tag k="source:addr:postcode" v="OS Opendata Codepoint"/>
    <tag k="source:building" v="Bing"/>
  </way>
  <way id="104384794" version="3" timestamp="2021-04-01T20:18:59Z" changeset="102147385" uid="7037" user="Gregory Williams">
    <nd ref="1204309919"/>
    <nd ref="1204310764"/>
    <nd ref="1204310684"/>
    <nd ref="1204308314"/>
    <nd ref="1204309919"/>
    <tag k="addr:housenumber" v="19"/>
    <tag k="addr:postcode" v="LE12 5NP"/>
    <tag k="addr:street" v="Charnwood Fields"/>
    <tag k="building" v="detached"/>
    <tag k="ref:GB:uprn" v="3040000885"/>
    <tag k="source:addr" v="survey"/>
    <tag k="source:addr:postcode" v="OS Opendata Codepoint"/>
    <tag k="source:building" v="Bing"/>
  </way>
  <way id="104384795" version="3" timestamp="2021-04-01T20:18:59Z" changeset="102147385" uid="7037" user="Gregory Williams">
    <nd ref="1204307904"/>
    <nd ref="1204308443"/>
    <nd ref="1204308465"/>
    <nd ref="1204307871"/>
    <nd ref="1204307904"/>
    <tag k="addr:housenumber" v="5"/>
    <tag k="addr:postcode" v="LE12 5NF"/>
    <tag k="addr:street" v="Orchard Close"/>
    <tag k="building" v="detached"/>
    <tag k="ref:GB:uprn" v="3040000849"/>
    <tag k="source:addr" v="survey"/>
    <tag k="source:addr:postcode" v="OS Opendata Codepoint"/>
    <tag k="source:building" v="Bing"/>
  </way>
  <way id="104384797" version="3" timestamp="2022-02-26T13:34:01Z" changeset="117879080" uid="242345" user="confusedbuffalo">
    <nd ref="4806683317"/>
    <nd ref="4806683357"/>
    <nd ref="1204310262"/>
    <nd ref="1204308114"/>
    <nd ref="4806683358"/>
    <nd ref="4806683359"/>
    <nd ref="1204308864"/>
    <nd ref="4806683318"/>
    <nd ref="4806683317"/>
    <tag k="addr:housenumber" v="2"/>
    <tag k="addr:postcode" v="LE12 5NA"/>
    <tag k="addr:street" v="Charnwood Avenue"/>
    <tag k="building" v="semidetached_house"/>
    <tag k="source:addr" v="survey"/>
    <tag k="source:addr:postcode" v="OS Opendata Codepoint"/>
    <tag k="source:building" v="Bing"/>
  </way>
  <way id="104384798" version="3" timestamp="2021-04-01T20:18:59Z" changeset="102147385" uid="7037" user="Gregory Williams">
    <nd ref="1204308664"/>
    <nd ref="1204309696"/>
    <nd ref="1204308129"/>
    <nd ref="4806683458"/>
    <nd ref="4806683457"/>
    <nd ref="1204308471"/>
    <nd ref="4806683456"/>
    <nd ref="4806683455"/>
    <nd ref="1204308664"/>
    <tag k="addr:housenumber" v="103"/>
    <tag k="addr:postcode" v="LE12 5NQ"/>
    <tag k="addr:street" v="Park Lane"/>
    <tag k="building" v="detached"/>
    <tag k="ref:GB:uprn" v="3040000913"/>
    <tag k="source:addr" v="survey"/>
    <tag k="source:addr:postcode" v="OS Opendata Codepoint"/>
    <tag k="source:building" v="Bing"/>
  </way>
  <way id="104384800" version="3" timestamp="2021-04-01T20:18:59Z" changeset="102147385" uid="7037" user="Gregory Williams">
    <nd ref="1204308124"/>
    <nd ref="1204308076"/>
    <nd ref="1204307949"/>
    <nd ref="1204308878"/>
    <nd ref="1204309422"/>
    <nd ref="1204308100"/>
    <nd ref="4808666398"/>
    <nd ref="4808666397"/>
    <nd ref="1204308124"/>
    <tag k="addr:housenumber" v="25"/>
    <tag k="addr:postcode" v="LE12 5NN"/>
    <tag k="addr:street" v="Willow Poole Lane"/>
    <tag k="building" v="detached"/>
    <tag k="ref:GB:uprn" v="3040000952"/>
    <tag k="source:addr" v="survey"/>
    <tag k="source:addr:postcode" v="OS Opendata Codepoint"/>
    <tag k="source:building" v="Bing"/>
  </way>
  <way id="104384801" version="4" timestamp="2025-01-18T20:07:05Z" changeset="161504409" uid="8857" user="philipcullen">
    <nd ref="1204310642"/>
    <nd ref="4806683539"/>
    <nd ref="4806683538"/>
    <nd ref="4806683535"/>
    <nd ref="4806683532"/>
    <nd ref="1204308563"/>
    <nd ref="1204310642"/>
    <tag k="addr:housenumber" v="27"/>
    <tag k="addr:postcode" v="LE12 5NP"/>
    <tag k="addr:street" v="Charnwood Fields"/>
    <tag k="building" v="semidetached_house"/>
    <tag k="ref:GB:uprn" v="3040000893"/>
    <tag k="source:addr" v="survey"/>
    <tag k="source:addr:postcode" v="OS Opendata Codepoint"/>
    <tag k="source:building" v="Bing"/>
  </way>
  <way id="104384802" version="3" timestamp="2025-01-18T20:07:05Z" changeset="161504409" uid="8857" user="philipcullen">
    <nd ref="1204308997"/>
    <nd ref="1204310283"/>
    <nd ref="4806683511"/>
    <nd ref="4806683512"/>
    <nd ref="1204310117"/>
    <nd ref="1204310055"/>
    <nd ref="4806683514"/>
    <nd ref="4806683513"/>
    <nd ref="1204308997"/>
    <tag k="addr:housenumber" v="18"/>
    <tag k="addr:postcode" v="LE12 5NP"/>
    <tag k="addr:street" v="Charnwood Fields"/>
    <tag k="building" v="detached"/>
    <tag k="ref:GB:uprn" v="3040000884"/>
    <tag k="source:addr" v="survey"/>
    <tag k="source:addr:postcode" v="OS Opendata Codepoint"/>
    <tag k="source:building" v="Bing"/>
  </way>
  <way id="104384803" version="3" timestamp="2021-04-01T20:18:59Z" changeset="102147385" uid="7037" user="Gregory Williams">
    <nd ref="1204310183"/>
    <nd ref="4808666450"/>
    <nd ref="4808666451"/>
    <nd ref="4808666452"/>
    <nd ref="4808666453"/>
    <nd ref="1204309273"/>
    <nd ref="1204308715"/>
    <nd ref="1204310258"/>
    <nd ref="4808666448"/>
    <nd ref="4808666449"/>
    <nd ref="1204310183"/>
    <tag k="addr:housenumber" v="20"/>
    <tag k="addr:postcode" v="LE12 5NN"/>
    <tag k="addr:street" v="Willow Poole Lane"/>
    <tag k="building" v="detached"/>
    <tag k="ref:GB:uprn" v="3040000947"/>
    <tag k="source:addr" v="survey"/>
    <tag k="source:addr:postcode" v="OS Opendata Codepoint"/>
    <tag k="source:building" v="Bing"/>
  </way>
  <way id="104384804" version="4" timestamp="2022-02-26T13:34:01Z" changeset="117879080" uid="242345" user="confusedbuffalo">
    <nd ref="1204310135"/>
    <nd ref="4808665999"/>
    <nd ref="4808665998"/>
    <nd ref="4808665995"/>
    <nd ref="4808665996"/>
    <nd ref="4808665997"/>
    <nd ref="1204310162"/>
    <nd ref="1204310135"/>
    <tag k="addr:housenumber" v="26"/>
    <tag k="addr:postcode" v="LE12 5NN"/>
    <tag k="addr:street" v="Willow Poole Lane"/>
    <tag k="building" v="semidetached_house"/>
    <tag k="ref:GB:uprn" v="3040000953"/>
    <tag k="source:addr" v="survey"/>
    <tag k="source:addr:postcode" v="OS Opendata Codepoint"/>
    <tag k="source:building" v="Bing"/>
  </way>
  <way id="104384805" version="3" timestamp="2021-04-01T20:18:59Z" changeset="102147385" uid="7037" user="Gregory Williams">
    <nd ref="1204309570"/>
    <nd ref="1204310338"/>
    <nd ref="1204310888"/>
    <nd ref="1204308428"/>
    <nd ref="1204310070"/>
    <nd ref="1204308768"/>
    <nd ref="1204309570"/>
    <tag k="addr:housenumber" v="25"/>
    <tag k="addr:postcode" v="LE12 5NA"/>
    <tag k="addr:street" v="Charnwood Avenue"/>
    <tag k="building" v="detached"/>
    <tag k="ref:GB:uprn" v="3040000784"/>
    <tag k="source:addr" v="survey"/>
    <tag k="source:addr:postcode" v="OS Opendata Codepoint"/>
    <tag k="source:building" v="Bing"/>
  </way>
  <way id="104384806" version="4" timestamp="2025-01-18T22:01:37Z" changeset="161507263" uid="8857" user="philipcullen">
    <nd ref="1204308258"/>
    <nd ref="1204309159"/>
    <nd ref="1204309038"/>
    <nd ref="1204309186"/>
    <nd ref="1204308258"/>
    <tag k="building" v="dormitory"/>
    <tag k="name" v="Kegworth House"/>
    <tag k="ref:GB:uprn" v="3040050583"/>
  </way>
  <way id="104384807" version="4" timestamp="2022-02-26T13:34:01Z" changeset="117879080" uid="242345" user="confusedbuffalo">
    <nd ref="1204308509"/>
    <nd ref="4806683284"/>
    <nd ref="4806683283"/>
    <nd ref="1204308172"/>
    <nd ref="1204308509"/>
    <tag k="addr:housenumber" v="34"/>
    <tag k="addr:postcode" v="LE12 5NA"/>
    <tag k="addr:street" v="Charnwood Avenue"/>
    <tag k="building" v="semidetached_house"/>
    <tag k="ref:GB:uprn" v="3040000794"/>
    <tag k="source:addr" v="survey"/>
    <tag k="source:addr:postcode" v="OS Opendata Codepoint"/>
    <tag k="source:building" v="Bing"/>
  </way>
  <way id="104384808" version="3" timestamp="2021-04-01T20:18:59Z" changeset="102147385" uid="7037" user="Gregory Williams">
    <nd ref="1204310511"/>
    <nd ref="1204309084"/>
    <nd ref="1204308312"/>
    <nd ref="1204308203"/>
    <nd ref="1204310511"/>
    <tag k="addr:housenumber" v="6"/>
    <tag k="addr:postcode" v="LE12 5NF"/>
    <tag k="addr:street" v="Orchard Close"/>
    <tag k="building" v="detached"/>
    <tag k="ref:GB:uprn" v="3040000850"/>
    <tag k="source:addr" v="survey"/>
    <tag k="source:addr:postcode" v="OS Opendata Codepoint"/>
    <tag k="source:building" v="Bing"/>
  </way>
  <way id="104384810" version="4" timestamp="2022-02-26T13:34:01Z" changeset="117879080" uid="242345" user="confusedbuffalo">
    <nd ref="1204308051"/>
    <nd ref="4806683561"/>
    <nd ref="4806683560"/>
    <nd ref="1204308592"/>
    <nd ref="1204308051"/>
    <tag k="addr:housenumber" v="44"/>
    <tag k="addr:postcode" v="LE12 5NP"/>
    <tag k="addr:street" v="Charnwood Fields"/>
    <tag k="building" v="semidetached_house"/>
    <tag k="ref:GB:uprn" v="3040000903"/>
    <tag k="source:addr" v="survey"/>
    <tag k="source:addr:postcode" v="OS Opendata Codepoint"/>
    <tag k="source:building" v="Bing"/>
  </way>
  <way id="104384814" version="7" timestamp="2024-11-29T13:05:34Z" changeset="159741121" uid="22163996" user="lukethesamo">
    <nd ref="1204310270"/>
    <nd ref="1204309263"/>
    <nd ref="1204310515"/>
    <nd ref="1204310378"/>
    <nd ref="4796852862"/>
    <nd ref="1204310270"/>
    <tag k="building" v="dormitory"/>
    <tag k="name" v="Wymeswold House"/>
    <tag k="residential" v="student"/>
  </way>
  <way id="104384818" version="9" timestamp="2022-01-02T09:55:01Z" changeset="115662319" uid="71862" user="ALu68">
    <nd ref="1204308740"/>
    <nd ref="1204309361"/>
    <nd ref="1204309730"/>
    <nd ref="1204308291"/>
    <nd ref="4796852782"/>
    <nd ref="1204308988"/>
    <nd ref="1204307955"/>
    <nd ref="1204309051"/>
    <nd ref="1204309358"/>
    <nd ref="1204308469"/>
    <nd ref="1204308368"/>
    <nd ref="1204308281"/>
    <nd ref="1204308232"/>
    <nd ref="1204308348"/>
    <nd ref="1204308812"/>
    <nd ref="1204308731"/>
    <nd ref="1204307973"/>
    <nd ref="1204310903"/>
    <nd ref="1204309925"/>
    <nd ref="1204310016"/>
    <nd ref="4085581729"/>
    <nd ref="1204310410"/>
    <nd ref="1427915952"/>
    <nd ref="1427915968"/>
    <nd ref="1204308154"/>
    <nd ref="1204309251"/>
    <nd ref="1427915966"/>
    <nd ref="1204309336"/>
    <nd ref="1204310399"/>
    <nd ref="4796852792"/>
    <nd ref="1427915972"/>
    <nd ref="4796852790"/>
    <nd ref="1204309114"/>
    <nd ref="1204308740"/>
    <tag k="building" v="university"/>
    <tag k="name" v="Main Building"/>
  </way>
  <way id="104384819" version="3" timestamp="2021-04-01T20:18:59Z" changeset="102147385" uid="7037" user="Gregory Williams">
    <nd ref="1204308995"/>
    <nd ref="1204309504"/>
    <nd ref="1204309275"/>
    <nd ref="1204309537"/>
    <nd ref="1204308995"/>
    <tag k="addr:housenumber" v="63"/>
    <tag k="addr:postcode" v="LE12 5NQ"/>
    <tag k="addr:street" v="Park Lane"/>
    <tag k="building" v="detached"/>
    <tag k="ref:GB:uprn" v="3040000917"/>
    <tag k="source:addr" v="survey"/>
    <tag k="source:addr:postcode" v="OS Opendata Codepoint"/>
    <tag k="source:building" v="Bing"/>
  </way>
  <way id="104384820" version="3" timestamp="2025-01-18T20:26:18Z" changeset="161504409" uid="8857" user="philipcullen">
    <nd ref="1204309624"/>
    <nd ref="1204308135"/>
    <nd ref="4806683488"/>
    <nd ref="4806683487"/>
    <nd ref="1204308354"/>
    <nd ref="1204309831"/>
    <nd ref="4806683485"/>
    <nd ref="4806683486"/>
    <nd ref="4806683483"/>
    <nd ref="1204309624"/>
    <tag k="addr:housenumber" v="17"/>
    <tag k="addr:postcode" v="LE12 5NP"/>
    <tag k="addr:street" v="Charnwood Fields"/>
    <tag k="building" v="detached"/>
    <tag k="ref:GB:uprn" v="3040000883"/>
    <tag k="source:addr" v="survey"/>
    <tag k="source:addr:postcode" v="OS Opendata Codepoint"/>
    <tag k="source:building" v="Bing"/>
  </way>
  <way id="104384821" version="3" timestamp="2021-04-01T20:18:59Z" changeset="102147385" uid="7037" user="Gregory Williams">
    <nd ref="1204309574"/>
    <nd ref="1204308531"/>
    <nd ref="4806683463"/>
    <nd ref="4806683464"/>
    <nd ref="1204308587"/>
    <nd ref="1204309054"/>
    <nd ref="1204309574"/>
    <tag k="addr:housenumber" v="1"/>
    <tag k="addr:postcode" v="LE12 5NR"/>
    <tag k="addr:street" v="Sutton Close"/>
    <tag k="building" v="detached"/>
    <tag k="ref:GB:uprn" v="3040000932"/>
    <tag k="source:addr" v="survey"/>
    <tag k="source:addr:postcode" v="OS Opendata Codepoint"/>
    <tag k="source:building" v="Bing"/>
  </way>
  <way id="104384823" version="3" timestamp="2021-04-01T20:18:59Z" changeset="102147385" uid="7037" user="Gregory Williams">
    <nd ref="1204309608"/>
    <nd ref="1204307906"/>
    <nd ref="4808666339"/>
    <nd ref="4808666340"/>
    <nd ref="1204309716"/>
    <nd ref="1204309234"/>
    <nd ref="4808666343"/>
    <nd ref="4808666342"/>
    <nd ref="1204309608"/>
    <tag k="addr:housenumber" v="12"/>
    <tag k="addr:postcode" v="LE12 5NN"/>
    <tag k="addr:street" v="Willow Poole Lane"/>
    <tag k="building" v="detached"/>
    <tag k="ref:GB:uprn" v="3040000940"/>
    <tag k="source:addr" v="survey"/>
    <tag k="source:addr:postcode" v="OS Opendata Codepoint"/>
    <tag k="source:building" v="Bing"/>
  </way>
  <way id="104384824" version="3" timestamp="2025-01-18T20:31:52Z" changeset="161504409" uid="8857" user="philipcullen">
    <nd ref="1204309477"/>
    <nd ref="4808666518"/>
    <nd ref="1204308900"/>
    <nd ref="4808666621"/>
    <nd ref="4808666622"/>
    <nd ref="12512904972"/>
    <nd ref="1204308264"/>
    <nd ref="12512904974"/>
    <nd ref="12512904973"/>
    <nd ref="12512904975"/>
    <nd ref="1204309134"/>
    <nd ref="1204309477"/>
    <tag k="addr:housenumber" v="15"/>
    <tag k="addr:postcode" v="LE12 5NL"/>
    <tag k="addr:street" v="Shepherds Close"/>
    <tag k="building" v="detached"/>
    <tag k="ref:GB:uprn" v="3040000867"/>
    <tag k="source:addr" v="survey"/>
    <tag k="source:addr:postcode" v="OS Opendata Codepoint"/>
    <tag k="source:building" v="Bing"/>
  </way>
  <way id="104384825" version="4" timestamp="2022-02-26T13:34:01Z" changeset="117879080" uid="242345" user="confusedbuffalo">
    <nd ref="1204308233"/>
    <nd ref="4806683270"/>
    <nd ref="4806683269"/>
    <nd ref="4806683273"/>
    <nd ref="4806683272"/>
    <nd ref="1204310657"/>
    <nd ref="1204308233"/>
    <tag k="addr:housenumber" v="33"/>
    <tag k="addr:postcode" v="LE12 5NA"/>
    <tag k="addr:street" v="Charnwood Avenue"/>
    <tag k="building" v="semidetached_house"/>
    <tag k="ref:GB:uprn" v="3040000793"/>
    <tag k="source:addr" v="survey"/>
    <tag k="source:addr:postcode" v="OS Opendata Codepoint"/>
    <tag k="source:building" v="Bing"/>
  </way>
  <way id="104384829" version="3" timestamp="2025-01-18T20:07:05Z" changeset="161504409" uid="8857" user="philipcullen">
    <nd ref="1204309027"/>
    <nd ref="1204310113"/>
    <nd ref="1204310290"/>
    <nd ref="4806683504"/>
    <nd ref="4806683503"/>
    <nd ref="1204310264"/>
    <nd ref="1204309027"/>
    <tag k="addr:housenumber" v="12"/>
    <tag k="addr:postcode" v="LE12 5NP"/>
    <tag k="addr:street" v="Charnwood Fields"/>
    <tag k="building" v="detached"/>
    <tag k="ref:GB:uprn" v="3040000879"/>
    <tag k="source:addr" v="survey"/>
    <tag k="source:addr:postcode" v="OS Opendata Codepoint"/>
    <tag k="source:building" v="Bing"/>
  </way>
  <way id="104384833" version="4" timestamp="2022-02-26T13:34:01Z" changeset="117879080" uid="242345" user="confusedbuffalo">
    <nd ref="4808666498"/>
    <nd ref="4808666494"/>
    <nd ref="4808666493"/>
    <nd ref="4808666497"/>
    <nd ref="1204310128"/>
    <nd ref="1204309564"/>
    <nd ref="1204308692"/>
    <nd ref="1204310036"/>
    <nd ref="4808666499"/>
    <nd ref="4808666498"/>
    <tag k="addr:housenumber" v="11"/>
    <tag k="addr:postcode" v="LE12 5NL"/>
    <tag k="addr:street" v="Shepherds Close"/>
    <tag k="building" v="semidetached_house"/>
    <tag k="ref:GB:uprn" v="3040000864"/>
    <tag k="source:addr" v="survey"/>
    <tag k="source:addr:postcode" v="OS Opendata Codepoint"/>
    <tag k="source:building" v="Bing"/>
  </way>
  <way id="104384835" version="3" timestamp="2022-02-26T13:34:01Z" changeset="117879080" uid="242345" user="confusedbuffalo">
    <nd ref="1204309752"/>
    <nd ref="4808665986"/>
    <nd ref="4808665985"/>
    <nd ref="1204309469"/>
    <nd ref="1204309752"/>
    <tag k="addr:housenumber" v="87"/>
    <tag k="addr:postcode" v="LE12 5NQ"/>
    <tag k="addr:street" v="Park Lane"/>
    <tag k="building" v="semidetached_house"/>
    <tag k="source:addr" v="survey"/>
    <tag k="source:addr:postcode" v="OS Opendata Codepoint"/>
    <tag k="source:building" v="Bing"/>
  </way>
  <way id="104384836" version="4" timestamp="2025-01-18T22:01:37Z" changeset="161507263" uid="8857" user="philipcullen">
    <nd ref="1204308621"/>
    <nd ref="1204310741"/>
    <nd ref="1204310958"/>
    <nd ref="1204310513"/>
    <nd ref="1204309718"/>
    <nd ref="1204308216"/>
    <nd ref="1204308595"/>
    <nd ref="4085581782"/>
    <nd ref="4085581780"/>
    <nd ref="4085581890"/>
    <nd ref="4085581786"/>
    <nd ref="4085581898"/>
    <nd ref="4085581901"/>
    <nd ref="4085581909"/>
    <nd ref="4085581911"/>
    <nd ref="1204310846"/>
    <nd ref="1204308621"/>
    <tag k="building" v="university"/>
    <tag k="name" v="Lecture Room Block"/>
    <tag k="ref:GB:uprn" v="3040047958"/>
  </way>
  <way id="104384838" version="6" timestamp="2024-11-29T13:05:34Z" changeset="159741121" uid="22163996" user="lukethesamo">
    <nd ref="1204308604"/>
    <nd ref="1204308545"/>
    <nd ref="4085581584"/>
    <nd ref="4085581582"/>
    <nd ref="4085581585"/>
    <nd ref="4085581581"/>
    <nd ref="4085581576"/>
    <nd ref="4085581577"/>
    <nd ref="4085581574"/>
    <nd ref="4085581575"/>
    <nd ref="1204308517"/>
    <nd ref="1204309454"/>
    <nd ref="1204308604"/>
    <tag k="building" v="dormitory"/>
    <tag k="name" v="Ratcliffe House"/>
  </way>
  <way id="104384839" version="3" timestamp="2016-03-29T20:31:38Z" changeset="38152465" uid="207845" user="will_p">
    <nd ref="1204310770"/>
    <nd ref="1204308477"/>
    <nd ref="1204308068"/>
    <nd ref="4085581543"/>
    <nd ref="1204309376"/>
    <nd ref="1204310770"/>
    <tag k="building" v="university"/>
    <tag k="name" v="The Gateway Building"/>
    <tag k="source:name" v="survey"/>
  </way>
  <way id="104384840" version="4" timestamp="2022-02-26T13:34:01Z" changeset="117879080" uid="242345" user="confusedbuffalo">
    <nd ref="1204310075"/>
    <nd ref="4806683395"/>
    <nd ref="4806683394"/>
    <nd ref="1204308691"/>
    <nd ref="1204310075"/>
    <tag k="addr:housenumber" v="69"/>
    <tag k="addr:postcode" v="LE12 5NA"/>
    <tag k="addr:street" v="Charnwood Avenue"/>
    <tag k="building" v="semidetached_house"/>
    <tag k="ref:GB:uprn" v="3040000821"/>
    <tag k="source:addr" v="survey"/>
    <tag k="source:addr:postcode" v="OS Opendata Codepoint"/>
    <tag k="source:building" v="Bing"/>
  </way>
  <way id="104384841" version="4" timestamp="2025-01-18T20:07:05Z" changeset="161504409" uid="8857" user="philipcullen">
    <nd ref="1204308461"/>
    <nd ref="4806683241"/>
    <nd ref="4806683239"/>
    <nd ref="4806683240"/>
    <nd ref="4806683243"/>
    <nd ref="4806683242"/>
    <nd ref="1204310226"/>
    <nd ref="1204308461"/>
    <tag k="addr:housenumber" v="23"/>
    <tag k="addr:postcode" v="LE12 5NA"/>
    <tag k="addr:street" v="Charnwood Avenue"/>
    <tag k="building" v="semidetached_house"/>
    <tag k="ref:GB:uprn" v="3040000782"/>
    <tag k="source:addr" v="survey"/>
    <tag k="source:addr:postcode" v="OS Opendata Codepoint"/>
    <tag k="source:building" v="Bing"/>
  </way>
  <way id="104384843" version="3" timestamp="2022-03-26T18:31:52Z" changeset="118958417" uid="242345" user="confusedbuffalo">
    <nd ref="1204307879"/>
    <nd ref="4806683326"/>
    <nd ref="4806683325"/>
    <nd ref="1204309327"/>
    <nd ref="1204307879"/>
    <tag k="addr:housenumber" v="11"/>
    <tag k="addr:postcode" v="LE12 5NA"/>
    <tag k="addr:street" v="Charnwood Avenue"/>
    <tag k="building" v="house"/>
    <tag k="house" v="terraced"/>
    <tag k="source:addr" v="survey"/>
    <tag k="source:addr:postcode" v="OS Opendata Codepoint"/>
    <tag k="source:building" v="Bing"/>
  </way>
  <way id="104384844" version="5" timestamp="2025-01-18T22:01:37Z" changeset="161507263" uid="8857" user="philipcullen">
    <nd ref="1204309802"/>
    <nd ref="4796852833"/>
    <nd ref="4796852832"/>
    <nd ref="1204309635"/>
    <nd ref="1204309802"/>
    <tag k="addr:housenumber" v="22"/>
    <tag k="addr:postcode" v="LE12 5RA"/>
    <tag k="addr:street" v="College Road"/>
    <tag k="building" v="semidetached_house"/>
    <tag k="ref:GB:uprn" v="3040000505"/>
    <tag k="source:addr" v="survey"/>
    <tag k="source:addr:postcode" v="OS Opendata Codepoint"/>
  </way>
  <way id="104384846" version="4" timestamp="2025-01-18T20:07:05Z" changeset="161504409" uid="8857" user="philipcullen">
    <nd ref="4806683282"/>
    <nd ref="4806683281"/>
    <nd ref="1204310119"/>
    <nd ref="1204308627"/>
    <nd ref="1204308559"/>
    <nd ref="1204308201"/>
    <nd ref="4806683282"/>
    <tag k="addr:housenumber" v="43"/>
    <tag k="addr:postcode" v="LE12 5NA"/>
    <tag k="addr:street" v="Charnwood Avenue"/>
    <tag k="building" v="semidetached_house"/>
    <tag k="ref:GB:uprn" v="3040000803"/>
    <tag k="source:addr" v="survey"/>
    <tag k="source:addr:postcode" v="OS Opendata Codepoint"/>
    <tag k="source:building" v="Bing"/>
  </way>
  <way id="104384848" version="4" timestamp="2025-01-18T22:35:08Z" changeset="161507263" uid="8857" user="philipcullen">
    <nd ref="1204310584"/>
    <nd ref="4806683505"/>
    <nd ref="4806683506"/>
    <nd ref="1204308704"/>
    <nd ref="1204309335"/>
    <nd ref="1204310255"/>
    <nd ref="1204310584"/>
    <tag k="addr:housenumber" v="14"/>
    <tag k="addr:postcode" v="LE12 5NP"/>
    <tag k="addr:street" v="Charnwood Fields"/>
    <tag k="building" v="detached"/>
    <tag k="ref:GB:uprn" v="3040000880"/>
    <tag k="source:addr" v="survey"/>
    <tag k="source:addr:postcode" v="OS Opendata Codepoint"/>
    <tag k="source:building" v="Bing"/>
  </way>
  <way id="104384849" version="3" timestamp="2021-04-01T20:18:59Z" changeset="102147385" uid="7037" user="Gregory Williams">
    <nd ref="1204309082"/>
    <nd ref="1204309683"/>
    <nd ref="4806683515"/>
    <nd ref="4806683516"/>
    <nd ref="1204309142"/>
    <nd ref="1204309190"/>
    <nd ref="1204309082"/>
    <tag k="addr:housenumber" v="20"/>
    <tag k="addr:postcode" v="LE12 5NP"/>
    <tag k="addr:street" v="Charnwood Fields"/>
    <tag k="building" v="detached"/>
    <tag k="ref:GB:uprn" v="3040000886"/>
    <tag k="source:addr" v="survey"/>
    <tag k="source:addr:postcode" v="OS Opendata Codepoint"/>
    <tag k="source:building" v="Bing"/>
  </way>
  <way id="104384850" version="3" timestamp="2021-04-01T20:18:59Z" changeset="102147385" uid="7037" user="Gregory Williams">
    <nd ref="1204308097"/>
    <nd ref="1204309039"/>
    <nd ref="1204310077"/>
    <nd ref="1204310716"/>
    <nd ref="1204309086"/>
    <nd ref="1204310404"/>
    <nd ref="1204308097"/>
    <tag k="addr:housenumber" v="9"/>
    <tag k="addr:postcode" v="LE12 5NP"/>
    <tag k="addr:street" v="Charnwood Fields"/>
    <tag k="building" v="detached"/>
    <tag k="ref:GB:uprn" v="3040000911"/>
    <tag k="source:addr" v="survey"/>
    <tag k="source:addr:postcode" v="OS Opendata Codepoint"/>
    <tag k="source:building" v="Bing"/>
  </way>
  <way id="104384852" version="3" timestamp="2021-04-01T20:18:59Z" changeset="102147385" uid="7037" user="Gregory Williams">
    <nd ref="1204308690"/>
    <nd ref="1204309788"/>
    <nd ref="4808666313"/>
    <nd ref="1204309556"/>
    <nd ref="4808666314"/>
    <nd ref="1204310060"/>
    <nd ref="1204308719"/>
    <nd ref="1204308729"/>
    <nd ref="1204308499"/>
    <nd ref="1204307926"/>
    <nd ref="4808666312"/>
    <nd ref="4808666311"/>
    <nd ref="1204308690"/>
    <tag k="addr:housenumber" v="37"/>
    <tag k="addr:postcode" v="LE12 5NF"/>
    <tag k="addr:street" v="Orchard Close"/>
    <tag k="building" v="detached"/>
    <tag k="ref:GB:uprn" v="3040000840"/>
    <tag k="source:addr" v="survey"/>
    <tag k="source:addr:postcode" v="OS Opendata Codepoint"/>
    <tag k="source:building" v="Bing"/>
  </way>
  <way id="104384854" version="4" timestamp="2022-02-26T13:34:01Z" changeset="117879080" uid="242345" user="confusedbuffalo">
    <nd ref="4808666377"/>
    <nd ref="4808666374"/>
    <nd ref="4808666373"/>
    <nd ref="1204310208"/>
    <nd ref="1204310844"/>
    <nd ref="1204308384"/>
    <nd ref="1204310699"/>
    <nd ref="4808666378"/>
    <nd ref="4808666377"/>
    <tag k="addr:housenumber" v="31"/>
    <tag k="addr:postcode" v="LE12 5NN"/>
    <tag k="addr:street" v="Willow Poole Lane"/>
    <tag k="building" v="semidetached_house"/>
    <tag k="ref:GB:uprn" v="3040000957"/>
    <tag k="source:addr" v="survey"/>
    <tag k="source:addr:postcode" v="OS Opendata Codepoint"/>
    <tag k="source:building" v="Bing"/>
  </way>
  <way id="104384855" version="3" timestamp="2021-04-01T20:18:59Z" changeset="102147385" uid="7037" user="Gregory Williams">
    <nd ref="1204309184"/>
    <nd ref="1204310649"/>
    <nd ref="1204308251"/>
    <nd ref="4806683431"/>
    <nd ref="4806683430"/>
    <nd ref="1204308849"/>
    <nd ref="4806683432"/>
    <nd ref="4806683433"/>
    <nd ref="4806683434"/>
    <nd ref="4806683435"/>
    <nd ref="1204309184"/>
    <tag k="addr:housenumber" v="93"/>
    <tag k="addr:postcode" v="LE12 5NQ"/>
    <tag k="addr:street" v="Park Lane"/>
    <tag k="building" v="detached"/>
    <tag k="ref:GB:uprn" v="3040000928"/>
    <tag k="source:addr" v="survey"/>
    <tag k="source:addr:postcode" v="OS Opendata Codepoint"/>
    <tag k="source:building" v="Bing"/>
  </way>
  <way id="104384856" version="4" timestamp="2022-02-26T13:34:01Z" changeset="117879080" uid="242345" user="confusedbuffalo">
    <nd ref="4806683279"/>
    <nd ref="4806683274"/>
    <nd ref="1204308235"/>
    <nd ref="1204308133"/>
    <nd ref="1204309331"/>
    <nd ref="1204309996"/>
    <nd ref="4806683279"/>
    <tag k="addr:housenumber" v="39"/>
    <tag k="addr:postcode" v="LE12 5NA"/>
    <tag k="addr:street" v="Charnwood Avenue"/>
    <tag k="building" v="semidetached_house"/>
    <tag k="ref:GB:uprn" v="3040000799"/>
    <tag k="source:addr" v="survey"/>
    <tag k="source:addr:postcode" v="OS Opendata Codepoint"/>
    <tag k="source:building" v="Bing"/>
  </way>
  <way id="104384857" version="3" timestamp="2021-04-01T20:18:59Z" changeset="102147385" uid="7037" user="Gregory Williams">
    <nd ref="1204308619"/>
    <nd ref="1204308732"/>
    <nd ref="1204309130"/>
    <nd ref="1204310850"/>
    <nd ref="4808666505"/>
    <nd ref="4808666504"/>
    <nd ref="1204308829"/>
    <nd ref="1204308441"/>
    <nd ref="1204308619"/>
    <tag k="addr:housenumber" v="22"/>
    <tag k="addr:postcode" v="LE12 5NN"/>
    <tag k="addr:street" v="Willow Poole Lane"/>
    <tag k="building" v="detached"/>
    <tag k="ref:GB:uprn" v="3040000949"/>
    <tag k="source:addr" v="survey"/>
    <tag k="source:addr:postcode" v="OS Opendata Codepoint"/>
    <tag k="source:building" v="Bing"/>
  </way>
  <way id="104384858" version="3" timestamp="2021-04-01T20:18:59Z" changeset="102147385" uid="7037" user="Gregory Williams">
    <nd ref="1204310861"/>
    <nd ref="1204308896"/>
    <nd ref="4806683480"/>
    <nd ref="4806683479"/>
    <nd ref="1204310918"/>
    <nd ref="1204310854"/>
    <nd ref="4806683477"/>
    <nd ref="4806683478"/>
    <nd ref="1204310861"/>
    <tag k="addr:housenumber" v="15"/>
    <tag k="addr:postcode" v="LE12 5NP"/>
    <tag k="addr:street" v="Charnwood Fields"/>
    <tag k="building" v="detached"/>
    <tag k="ref:GB:uprn" v="3040000881"/>
    <tag k="source:addr" v="survey"/>
    <tag k="source:addr:postcode" v="OS Opendata Codepoint"/>
    <tag k="source:building" v="Bing"/>
  </way>
  <way id="104384860" version="4" timestamp="2021-04-01T20:18:59Z" changeset="102147385" uid="7037" user="Gregory Williams">
    <nd ref="1204309541"/>
    <nd ref="1204308570"/>
    <nd ref="1204308491"/>
    <nd ref="4808666352"/>
    <nd ref="4808666351"/>
    <nd ref="1204308573"/>
    <nd ref="4808666347"/>
    <nd ref="1204309541"/>
    <tag k="addr:housenumber" v="51"/>
    <tag k="addr:postcode" v="LE12 5NF"/>
    <tag k="addr:street" v="Orchard Close"/>
    <tag k="building" v="detached"/>
    <tag k="ref:GB:uprn" v="3040000975"/>
    <tag k="source:addr" v="survey"/>
    <tag k="source:addr:postcode" v="OS Opendata Codepoint"/>
    <tag k="source:building" v="Bing"/>
  </way>
  <way id="104384861" version="3" timestamp="2021-04-01T20:18:59Z" changeset="102147385" uid="7037" user="Gregory Williams">
    <nd ref="1204310772"/>
    <nd ref="1204310355"/>
    <nd ref="1204308305"/>
    <nd ref="1204309353"/>
    <nd ref="1204310772"/>
    <tag k="addr:housenumber" v="3"/>
    <tag k="addr:postcode" v="LE12 5NR"/>
    <tag k="addr:street" v="Sutton Close"/>
    <tag k="building" v="detached"/>
    <tag k="ref:GB:uprn" v="3040000934"/>
    <tag k="source:addr" v="survey"/>
    <tag k="source:addr:postcode" v="OS Opendata Codepoint"/>
    <tag k="source:building" v="Bing"/>
  </way>
  <way id="104384862" version="3" timestamp="2025-01-18T20:07:05Z" changeset="161504409" uid="8857" user="philipcullen">
    <nd ref="1204310216"/>
    <nd ref="1204309261"/>
    <nd ref="1204308199"/>
    <nd ref="1204310096"/>
    <nd ref="1204308380"/>
    <nd ref="1204310505"/>
    <nd ref="1204310216"/>
    <tag k="addr:housenumber" v="16"/>
    <tag k="addr:postcode" v="LE12 5NA"/>
    <tag k="addr:street" v="Charnwood Avenue"/>
    <tag k="building" v="detached"/>
    <tag k="ref:GB:uprn" v="3040000984"/>
    <tag k="source:addr" v="survey"/>
    <tag k="source:addr:postcode" v="OS Opendata Codepoint"/>
    <tag k="source:building" v="Bing"/>
  </way>
  <way id="104384864" version="4" timestamp="2025-01-18T20:07:05Z" changeset="161504409" uid="8857" user="philipcullen">
    <nd ref="4806673420"/>
    <nd ref="1204310365"/>
    <nd ref="1204309505"/>
    <nd ref="4806683222"/>
    <nd ref="4806683221"/>
    <nd ref="4806673419"/>
    <nd ref="4806673420"/>
    <tag k="addr:housenumber" v="30"/>
    <tag k="addr:postcode" v="LE12 5NA"/>
    <tag k="addr:street" v="Charnwood Avenue"/>
    <tag k="building" v="semidetached_house"/>
    <tag k="ref:GB:uprn" v="3040000790"/>
    <tag k="source:addr" v="survey"/>
    <tag k="source:addr:postcode" v="OS Opendata Codepoint"/>
    <tag k="source:building" v="Bing"/>
  </way>
  <way id="104384865" version="5" timestamp="2025-01-18T22:01:37Z" changeset="161507263" uid="8857" user="philipcullen">
    <nd ref="1204308735"/>
    <nd ref="1204310424"/>
    <nd ref="1204309300"/>
    <nd ref="3726678058"/>
    <nd ref="3726678057"/>
    <nd ref="3726678059"/>
    <nd ref="3726678055"/>
    <nd ref="3726678052"/>
    <nd ref="3726678053"/>
    <nd ref="1204310347"/>
    <nd ref="1204308735"/>
    <tag k="building" v="dormitory"/>
    <tag k="name" v="Thrumpton"/>
    <tag k="ref:GB:uprn" v="3040070665"/>
    <tag k="residential" v="student"/>
  </way>
  <way id="104384867" version="3" timestamp="2021-04-01T20:18:59Z" changeset="102147385" uid="7037" user="Gregory Williams">
    <nd ref="4806683329"/>
    <nd ref="4806683346"/>
    <nd ref="4806683347"/>
    <nd ref="1204308889"/>
    <nd ref="1204310664"/>
    <nd ref="1204308247"/>
    <nd ref="1204310220"/>
    <nd ref="4806683329"/>
    <tag k="addr:housenumber" v="3"/>
    <tag k="addr:postcode" v="LE12 5NA"/>
    <tag k="addr:street" v="Charnwood Avenue"/>
    <tag k="building" v="detached"/>
    <tag k="ref:GB:uprn" v="3040000789"/>
    <tag k="source:addr" v="survey"/>
    <tag k="source:addr:postcode" v="OS Opendata Codepoint"/>
    <tag k="source:building" v="Bing"/>
  </way>
  <way id="104384868" version="5" timestamp="2025-01-18T22:01:37Z" changeset="161507263" uid="8857" user="philipcullen">
    <nd ref="1204309223"/>
    <nd ref="4796852861"/>
    <nd ref="4796852860"/>
    <nd ref="1204309035"/>
    <nd ref="1204309223"/>
    <tag k="addr:housenumber" v="40"/>
    <tag k="addr:postcode" v="LE12 5RA"/>
    <tag k="addr:street" v="College Road"/>
    <tag k="building" v="semidetached_house"/>
    <tag k="ref:GB:uprn" v="3040000512"/>
    <tag k="source:addr" v="survey"/>
    <tag k="source:addr:postcode" v="OS Opendata Codepoint"/>
  </way>
  <way id="104384869" version="3" timestamp="2021-04-01T20:18:59Z" changeset="102147385" uid="7037" user="Gregory Williams">
    <nd ref="1204308673"/>
    <nd ref="1204309580"/>
    <nd ref="4808666426"/>
    <nd ref="4808666427"/>
    <nd ref="1204309677"/>
    <nd ref="4808666425"/>
    <nd ref="4808666424"/>
    <nd ref="1204308941"/>
    <nd ref="1204308673"/>
    <tag k="addr:housenumber" v="17"/>
    <tag k="addr:postcode" v="LE12 5NN"/>
    <tag k="addr:street" v="Willow Poole Lane"/>
    <tag k="building" v="detached"/>
    <tag k="ref:GB:uprn" v="3040000944"/>
    <tag k="source:addr" v="survey"/>
    <tag k="source:addr:postcode" v="OS Opendata Codepoint"/>
    <tag k="source:building" v="Bing"/>
  </way>
  <way id="104384876" version="3" timestamp="2021-04-01T20:18:59Z" changeset="102147385" uid="7037" user="Gregory Williams">
    <nd ref="1204309658"/>
    <nd ref="1204310412"/>
    <nd ref="4808665988"/>
    <nd ref="1204307931"/>
    <nd ref="1204308862"/>
    <nd ref="1204309658"/>
    <tag k="addr:housenumber" v="53"/>
    <tag k="addr:postcode" v="LE12 5NF"/>
    <tag k="addr:street" v="Orchard Close"/>
    <tag k="building" v="detached"/>
    <tag k="ref:GB:uprn" v="3040000976"/>
    <tag k="source:addr" v="survey"/>
    <tag k="source:addr:postcode" v="OS Opendata Codepoint"/>
    <tag k="source:building" v="Bing"/>
  </way>
  <way id="104384877" version="3" timestamp="2021-04-01T20:18:59Z" changeset="102147385" uid="7037" user="Gregory Williams">
    <nd ref="1204308887"/>
    <nd ref="1204308825"/>
    <nd ref="1204309593"/>
    <nd ref="1204309652"/>
    <nd ref="1204308887"/>
    <tag k="addr:housenumber" v="55"/>
    <tag k="addr:postcode" v="LE12 5NQ"/>
    <tag k="addr:street" v="Park Lane"/>
    <tag k="building" v="detached"/>
    <tag k="ref:GB:uprn" v="3040000208"/>
    <tag k="source:addr" v="survey"/>
    <tag k="source:addr:postcode" v="OS Opendata Codepoint"/>
    <tag k="source:building" v="Bing"/>
  </way>
  <way id="104384878" version="3" timestamp="2025-01-18T20:07:05Z" changeset="161504409" uid="8857" user="philipcullen">
    <nd ref="1204309990"/>
    <nd ref="1204310078"/>
    <nd ref="1204308343"/>
    <nd ref="4806673395"/>
    <nd ref="4806673394"/>
    <nd ref="1204310592"/>
    <nd ref="1204309990"/>
    <tag k="addr:housenumber" v="20"/>
    <tag k="addr:postcode" v="LE12 5NA"/>
    <tag k="addr:street" v="Charnwood Avenue"/>
    <tag k="building" v="detached"/>
    <tag k="ref:GB:uprn" v="3040000779"/>
    <tag k="source:addr" v="survey"/>
    <tag k="source:addr:postcode" v="OS Opendata Codepoint"/>
    <tag k="source:building" v="Bing"/>
  </way>
  <way id="104384879" version="3" timestamp="2021-04-01T20:18:59Z" changeset="102147385" uid="7037" user="Gregory Williams">
    <nd ref="1204308816"/>
    <nd ref="1204310252"/>
    <nd ref="1204309625"/>
    <nd ref="1204308385"/>
    <nd ref="4808666318"/>
    <nd ref="1204308816"/>
    <tag k="addr:housenumber" v="39"/>
    <tag k="addr:postcode" v="LE12 5NF"/>
    <tag k="addr:street" v="Orchard Close"/>
    <tag k="building" v="detached"/>
    <tag k="ref:GB:uprn" v="3040000841"/>
    <tag k="source:addr" v="survey"/>
    <tag k="source:addr:postcode" v="OS Opendata Codepoint"/>
    <tag k="source:building" v="Bing"/>
  </way>
  <way id="104384880" version="3" timestamp="2021-04-01T20:18:59Z" changeset="102147385" uid="7037" user="Gregory Williams">
    <nd ref="1204310164"/>
    <nd ref="1204308171"/>
    <nd ref="1204308425"/>
    <nd ref="1204308265"/>
    <nd ref="1204310137"/>
    <nd ref="1204310588"/>
    <nd ref="4808666088"/>
    <nd ref="1204310164"/>
    <tag k="addr:housenumber" v="13"/>
    <tag k="addr:postcode" v="LE12 5NN"/>
    <tag k="addr:street" v="Willow Poole Lane"/>
    <tag k="building" v="detached"/>
    <tag k="ref:GB:uprn" v="3040000766"/>
    <tag k="source:addr" v="survey"/>
    <tag k="source:addr:postcode" v="OS Opendata Codepoint"/>
    <tag k="source:building" v="Bing"/>
  </way>
  <way id="104384881" version="3" timestamp="2021-04-01T20:18:59Z" changeset="102147385" uid="7037" user="Gregory Williams">
    <nd ref="1204310123"/>
    <nd ref="1204310167"/>
    <nd ref="1204308438"/>
    <nd ref="1204308854"/>
    <nd ref="1204310123"/>
    <tag k="addr:housenumber" v="43"/>
    <tag k="addr:postcode" v="LE12 5NF"/>
    <tag k="addr:street" v="Orchard Close"/>
    <tag k="building" v="detached"/>
    <tag k="ref:GB:uprn" v="3040000844"/>
    <tag k="source:addr" v="survey"/>
    <tag k="source:addr:postcode" v="OS Opendata Codepoint"/>
    <tag k="source:building" v="Bing"/>
  </way>
  <way id="104384884" version="4" timestamp="2025-01-18T20:07:05Z" changeset="161504409" uid="8857" user="philipcullen">
    <nd ref="1204309318"/>
    <nd ref="4806683299"/>
    <nd ref="4806683298"/>
    <nd ref="1204309074"/>
    <nd ref="1204309318"/>
    <tag k="addr:housenumber" v="57"/>
    <tag k="addr:postcode" v="LE12 5NA"/>
    <tag k="addr:street" v="Charnwood Avenue"/>
    <tag k="building" v="semidetached_house"/>
    <tag k="ref:GB:uprn" v="3040000814"/>
    <tag k="source:addr" v="survey"/>
    <tag k="source:addr:postcode" v="OS Opendata Codepoint"/>
    <tag k="source:building" v="Bing"/>
  </way>
  <way id="104384885" version="4" timestamp="2022-02-26T13:34:01Z" changeset="117879080" uid="242345" user="confusedbuffalo">
    <nd ref="4806673409"/>
    <nd ref="1204308537"/>
    <nd ref="1204309068"/>
    <nd ref="1204309019"/>
    <nd ref="1204310177"/>
    <nd ref="4806673410"/>
    <nd ref="4806673409"/>
    <tag k="addr:housenumber" v="28"/>
    <tag k="addr:postcode" v="LE12 5NA"/>
    <tag k="addr:street" v="Charnwood Avenue"/>
    <tag k="building" v="semidetached_house"/>
    <tag k="ref:GB:uprn" v="3040000787"/>
    <tag k="source:addr" v="survey"/>
    <tag k="source:addr:postcode" v="OS Opendata Codepoint"/>
    <tag k="source:building" v="Bing"/>
  </way>
  <way id="104384886" version="4" timestamp="2022-02-26T13:34:01Z" changeset="117879080" uid="242345" user="confusedbuffalo">
    <nd ref="1204309733"/>
    <nd ref="4085582110"/>
    <nd ref="4085582099"/>
    <nd ref="1204309136"/>
    <nd ref="1204309733"/>
    <tag k="addr:housenumber" v="18"/>
    <tag k="addr:postcode" v="LE12 5RA"/>
    <tag k="addr:street" v="College Road"/>
    <tag k="building" v="semidetached_house"/>
    <tag k="source:addr" v="survey"/>
    <tag k="source:addr:postcode" v="OS Opendata Codepoint"/>
  </way>
  <way id="104384888" version="3" timestamp="2021-04-01T20:18:59Z" changeset="102147385" uid="7037" user="Gregory Williams">
    <nd ref="1204308593"/>
    <nd ref="4808666363"/>
    <nd ref="4808666364"/>
    <nd ref="1204309283"/>
    <nd ref="4808666365"/>
    <nd ref="4808666366"/>
    <nd ref="4808666367"/>
    <nd ref="4808666368"/>
    <nd ref="1204309239"/>
    <nd ref="1204309441"/>
    <nd ref="1204308020"/>
    <nd ref="1204308624"/>
    <nd ref="1204308593"/>
    <tag k="addr:housenumber" v="15"/>
    <tag k="addr:postcode" v="LE12 5NN"/>
    <tag k="addr:street" v="Willow Poole Lane"/>
    <tag k="building" v="detached"/>
    <tag k="ref:GB:uprn" v="3040000942"/>
    <tag k="source:addr" v="survey"/>
    <tag k="source:addr:housenumber" v="interpolation"/>
    <tag k="source:addr:postcode" v="OS Opendata Codepoint"/>
    <tag k="source:building" v="Bing"/>
  </way>
  <way id="104384889" version="3" timestamp="2021-04-01T20:18:59Z" changeset="102147385" uid="7037" user="Gregory Williams">
    <nd ref="1204310235"/>
    <nd ref="1204309485"/>
    <nd ref="1204308955"/>
    <nd ref="1204310161"/>
    <nd ref="4808666064"/>
    <nd ref="4808666063"/>
    <nd ref="1204310235"/>
    <tag k="addr:housenumber" v="3"/>
    <tag k="addr:postcode" v="LE12 5NF"/>
    <tag k="addr:street" v="Orchard Close"/>
    <tag k="building" v="detached"/>
    <tag k="ref:GB:uprn" v="3040000836"/>
    <tag k="source:addr" v="survey"/>
    <tag k="source:addr:postcode" v="OS Opendata Codepoint"/>
    <tag k="source:building" v="Bing"/>
  </way>
  <way id="104384890" version="3" timestamp="2025-01-18T20:07:05Z" changeset="161504409" uid="8857" user="philipcullen">
    <nd ref="1204310277"/>
    <nd ref="1204310126"/>
    <nd ref="1204310139"/>
    <nd ref="4806683442"/>
    <nd ref="1204308880"/>
    <nd ref="1204310277"/>
    <tag k="addr:housenumber" v="99"/>
    <tag k="addr:postcode" v="LE12 5NQ"/>
    <tag k="addr:street" v="Park Lane"/>
    <tag k="building" v="detached"/>
    <tag k="ref:GB:uprn" v="3040000931"/>
    <tag k="source:addr" v="survey"/>
    <tag k="source:addr:postcode" v="OS Opendata Codepoint"/>
    <tag k="source:building" v="Bing"/>
  </way>
  <way id="104384893" version="4" timestamp="2025-01-18T20:07:05Z" changeset="161504409" uid="8857" user="philipcullen">
    <nd ref="4806683315"/>
    <nd ref="4806683316"/>
    <nd ref="1204308928"/>
    <nd ref="1204309302"/>
    <nd ref="1204310594"/>
    <nd ref="1204309356"/>
    <nd ref="4806683315"/>
    <tag k="addr:housenumber" v="10"/>
    <tag k="addr:postcode" v="LE12 5NA"/>
    <tag k="addr:street" v="Charnwood Avenue"/>
    <tag k="building" v="semidetached_house"/>
    <tag k="ref:GB:uprn" v="3040000773"/>
    <tag k="source:addr" v="survey"/>
    <tag k="source:addr:postcode" v="OS Opendata Codepoint"/>
    <tag k="source:building" v="Bing"/>
  </way>
  <way id="104384897" version="4" timestamp="2022-02-26T13:34:01Z" changeset="117879080" uid="242345" user="confusedbuffalo">
    <nd ref="1204308669"/>
    <nd ref="4806683551"/>
    <nd ref="4806683554"/>
    <nd ref="4806683559"/>
    <nd ref="4806683558"/>
    <nd ref="4806683557"/>
    <nd ref="4806683556"/>
    <nd ref="4806683555"/>
    <nd ref="1204310200"/>
    <nd ref="1204308669"/>
    <tag k="addr:housenumber" v="48"/>
    <tag k="addr:postcode" v="LE12 5NP"/>
    <tag k="addr:street" v="Charnwood Fields"/>
    <tag k="building" v="semidetached_house"/>
    <tag k="ref:GB:uprn" v="3040000905"/>
    <tag k="source:addr" v="survey"/>
    <tag k="source:addr:postcode" v="OS Opendata Codepoint"/>
    <tag k="source:building" v="Bing"/>
  </way>
  <way id="104384898" version="3" timestamp="2025-01-18T20:07:05Z" changeset="161504409" uid="8857" user="philipcullen">
    <nd ref="1204308879"/>
    <nd ref="1204310494"/>
    <nd ref="4808666118"/>
    <nd ref="4808666119"/>
    <nd ref="1204308999"/>
    <nd ref="1204308561"/>
    <nd ref="1204310215"/>
    <nd ref="1204310291"/>
    <nd ref="1204308879"/>
    <tag k="addr:housenumber" v="77"/>
    <tag k="addr:postcode" v="LE12 5NQ"/>
    <tag k="addr:street" v="Park Lane"/>
    <tag k="building" v="detached"/>
    <tag k="ref:GB:uprn" v="3040000921;3040000964"/>
    <tag k="source:addr" v="survey"/>
    <tag k="source:addr:postcode" v="OS Opendata Codepoint"/>
    <tag k="source:building" v="Bing"/>
  </way>
  <way id="104384900" version="4" timestamp="2016-03-29T20:31:33Z" changeset="38152465" uid="207845" user="will_p">
    <nd ref="1204309154"/>
    <nd ref="1204308833"/>
    <nd ref="1204310701"/>
    <nd ref="3726678015"/>
    <nd ref="3726678017"/>
    <nd ref="1204308783"/>
    <nd ref="1204309154"/>
    <tag k="building" v="university"/>
    <tag k="name" v="Food Sciences"/>
  </way>
  <way id="104384903" version="3" timestamp="2021-04-01T20:18:59Z" changeset="102147385" uid="7037" user="Gregory Williams">
    <nd ref="1204308142"/>
    <nd ref="1204308190"/>
    <nd ref="1204310169"/>
    <nd ref="1204308262"/>
    <nd ref="4806683451"/>
    <nd ref="4806683454"/>
    <nd ref="1204308142"/>
    <tag k="addr:housenumber" v="101"/>
    <tag k="addr:postcode" v="LE12 5NQ"/>
    <tag k="addr:street" v="Park Lane"/>
    <tag k="building" v="detached"/>
    <tag k="ref:GB:uprn" v="3040000912"/>
    <tag k="source:addr" v="survey"/>
    <tag k="source:addr:postcode" v="OS Opendata Codepoint"/>
    <tag k="source:building" v="Bing"/>
  </way>
  <way id="104384905" version="4" timestamp="2022-02-26T13:34:01Z" changeset="117879080" uid="242345" user="confusedbuffalo">
    <nd ref="1204308507"/>
    <nd ref="4806683567"/>
    <nd ref="4806683566"/>
    <nd ref="1204308942"/>
    <nd ref="1204308507"/>
    <tag k="addr:housenumber" v="32"/>
    <tag k="addr:postcode" v="LE12 5NP"/>
    <tag k="addr:street" v="Charnwood Fields"/>
    <tag k="building" v="semidetached_house"/>
    <tag k="ref:GB:uprn" v="3040000897"/>
    <tag k="source:addr" v="survey"/>
    <tag k="source:addr:postcode" v="OS Opendata Codepoint"/>
    <tag k="source:building" v="Bing"/>
  </way>
  <way id="104384906" version="4" timestamp="2025-01-18T22:01:37Z" changeset="161507263" uid="8857" user="philipcullen">
    <nd ref="1204310574"/>
    <nd ref="1204310326"/>
    <nd ref="1204310417"/>
    <nd ref="1204309869"/>
    <nd ref="1204310574"/>
    <tag k="building" v="dormitory"/>
    <tag k="name" v="Dishley House"/>
    <tag k="ref:GB:uprn" v="3040050584"/>
  </way>
  <way id="104384909" version="3" timestamp="2021-04-01T20:18:59Z" changeset="102147385" uid="7037" user="Gregory Williams">
    <nd ref="1204308505"/>
    <nd ref="1204309502"/>
    <nd ref="1204309201"/>
    <nd ref="1204310331"/>
    <nd ref="1204309452"/>
    <nd ref="4808666492"/>
    <nd ref="4808666491"/>
    <nd ref="1204309490"/>
    <nd ref="1204308505"/>
    <tag k="addr:housenumber" v="10"/>
    <tag k="addr:postcode" v="LE12 5NL"/>
    <tag k="addr:street" v="Shepherds Close"/>
    <tag k="building" v="detached"/>
    <tag k="ref:GB:uprn" v="3040000863"/>
    <tag k="source:addr" v="survey"/>
    <tag k="source:addr:postcode" v="OS Opendata Codepoint"/>
    <tag k="source:building" v="Bing"/>
  </way>
  <way id="104384911" version="4" timestamp="2025-01-18T22:01:37Z" changeset="161507263" uid="8857" user="philipcullen">
    <nd ref="1204309369"/>
    <nd ref="1204309860"/>
    <nd ref="1204308375"/>
    <nd ref="1204310925"/>
    <nd ref="1204309161"/>
    <nd ref="1204310935"/>
    <nd ref="1204310757"/>
    <nd ref="1204308637"/>
    <nd ref="1204309029"/>
    <nd ref="1204309902"/>
    <nd ref="1204309369"/>
    <tag k="building" v="dormitory"/>
    <tag k="name" v="Hathern House"/>
    <tag k="ref:GB:uprn" v="3040046772"/>
  </way>
  <way id="104384915" version="4" timestamp="2022-02-26T13:34:01Z" changeset="117879080" uid="242345" user="confusedbuffalo">
    <nd ref="1204309094"/>
    <nd ref="4806683285"/>
    <nd ref="4806683286"/>
    <nd ref="4806683290"/>
    <nd ref="4806683289"/>
    <nd ref="1204307869"/>
    <nd ref="1204309094"/>
    <tag k="addr:housenumber" v="47"/>
    <tag k="addr:postcode" v="LE12 5NA"/>
    <tag k="addr:street" v="Charnwood Avenue"/>
    <tag k="building" v="semidetached_house"/>
    <tag k="ref:GB:uprn" v="3040000807"/>
    <tag k="source:addr" v="survey"/>
    <tag k="source:addr:postcode" v="OS Opendata Codepoint"/>
    <tag k="source:building" v="Bing"/>
  </way>
  <way id="104384916" version="3" timestamp="2017-04-19T23:39:11Z" changeset="47954894" uid="207845" user="will_p">
    <nd ref="1204310865"/>
    <nd ref="3726677590"/>
    <nd ref="3726677592"/>
    <nd ref="1204308617"/>
    <nd ref="3726677585"/>
    <nd ref="3726677588"/>
    <nd ref="1204309401"/>
    <nd ref="1204309965"/>
    <nd ref="3726677593"/>
    <nd ref="3726677591"/>
    <nd ref="1204310865"/>
    <tag k="addr:housename" v="The Rectory"/>
    <tag k="addr:housenumber" v="9"/>
    <tag k="addr:postcode" v="LE12 5PJ"/>
    <tag k="addr:street" v="Rectory Close"/>
    <tag k="building" v="detached"/>
    <tag k="source:addr" v="survey"/>
    <tag k="source:addr:housename" v="OS Opendata Streetview"/>
    <tag k="source:addr:housenumber" v="interpolation"/>
    <tag k="source:addr:postcode" v="OS Opendata Codepoint"/>
    <tag k="source:building" v="Bing"/>
  </way>
  <way id="104384920" version="4" timestamp="2021-09-13T15:49:55Z" changeset="111152976" uid="5589" user="user_5589">
    <nd ref="1204308655"/>
    <nd ref="4808666322"/>
    <nd ref="4808666321"/>
    <nd ref="1204308639"/>
    <nd ref="1204308755"/>
    <nd ref="1204308960"/>
    <nd ref="1204308655"/>
    <tag k="addr:housenumber" v="45"/>
    <tag k="addr:postcode" v="LE12 5NF"/>
    <tag k="addr:street" v="Orchard Close"/>
    <tag k="amenity" v="doctors"/>
    <tag k="building" v="detached"/>
    <tag k="healthcare" v="doctor"/>
    <tag k="name" v="East Leake Medical Group"/>
    <tag k="ref:GB:uprn" v="3040071740"/>
    <tag k="source:addr" v="survey"/>
    <tag k="source:addr:postcode" v="OS Opendata Codepoint"/>
    <tag k="source:building" v="Bing"/>
  </way>
  <way id="104384921" version="3" timestamp="2021-04-01T20:18:59Z" changeset="102147385" uid="7037" user="Gregory Williams">
    <nd ref="1204310508"/>
    <nd ref="1204310618"/>
    <nd ref="4806683523"/>
    <nd ref="4806683524"/>
    <nd ref="1204310288"/>
    <nd ref="1204309727"/>
    <nd ref="4806683525"/>
    <nd ref="4806683526"/>
    <nd ref="1204310508"/>
    <tag k="addr:housenumber" v="26"/>
    <tag k="addr:postcode" v="LE12 5NP"/>
    <tag k="addr:street" v="Charnwood Fields"/>
    <tag k="building" v="detached"/>
    <tag k="ref:GB:uprn" v="3040000892"/>
    <tag k="source:addr" v="survey"/>
    <tag k="source:addr:postcode" v="OS Opendata Codepoint"/>
    <tag k="source:building" v="Bing"/>
  </way>
  <way id="104384924" version="3" timestamp="2025-01-18T20:07:05Z" changeset="161504409" uid="8857" user="philipcullen">
    <nd ref="1204308705"/>
    <nd ref="1204309064"/>
    <nd ref="1204308856"/>
    <nd ref="1204308876"/>
    <nd ref="1204308705"/>
    <tag k="addr:housenumber" v="61"/>
    <tag k="addr:postcode" v="LE12 5NQ"/>
    <tag k="addr:street" v="Park Lane"/>
    <tag k="building" v="detached"/>
    <tag k="ref:GB:uprn" v="3040000916"/>
    <tag k="source:addr" v="survey"/>
    <tag k="source:addr:postcode" v="OS Opendata Codepoint"/>
    <tag k="source:building" v="Bing"/>
  </way>
  <way id="104384926" version="3" timestamp="2021-04-01T20:18:59Z" changeset="102147385" uid="7037" user="Gregory Williams">
    <nd ref="1204310540"/>
    <nd ref="1204308967"/>
    <nd ref="4808666473"/>
    <nd ref="4808666474"/>
    <nd ref="1204308156"/>
    <nd ref="1204309591"/>
    <nd ref="1204307934"/>
    <nd ref="1204308676"/>
    <nd ref="1204309721"/>
    <nd ref="1204308789"/>
    <nd ref="1204308727"/>
    <nd ref="1204310540"/>
    <tag k="addr:housenumber" v="5"/>
    <tag k="addr:postcode" v="LE12 5NL"/>
    <tag k="addr:street" v="Shepherds Close"/>
    <tag k="building" v="detached"/>
    <tag k="ref:GB:uprn" v="3040000871"/>
    <tag k="source:addr" v="survey"/>
    <tag k="source:addr:postcode" v="OS Opendata Codepoint"/>
    <tag k="source:building" v="Bing"/>
  </way>
  <way id="104384928" version="3" timestamp="2021-04-01T20:18:59Z" changeset="102147385" uid="7037" user="Gregory Williams">
    <nd ref="1204310045"/>
    <nd ref="1204310931"/>
    <nd ref="1204308393"/>
    <nd ref="1204309227"/>
    <nd ref="1204310045"/>
    <tag k="addr:housenumber" v="1"/>
    <tag k="addr:postcode" v="LE12 5NN"/>
    <tag k="addr:street" v="Willow Poole Lane"/>
    <tag k="building" v="detached"/>
    <tag k="ref:GB:uprn" v="3040000977"/>
    <tag k="source:addr" v="survey"/>
    <tag k="source:addr:postcode" v="OS Opendata Codepoint"/>
    <tag k="source:building" v="Bing"/>
  </way>
  <way id="104384929" version="3" timestamp="2021-04-01T20:18:59Z" changeset="102147385" uid="7037" user="Gregory Williams">
    <nd ref="1204310467"/>
    <nd ref="1204310640"/>
    <nd ref="1204308919"/>
    <nd ref="1204309657"/>
    <nd ref="4808666070"/>
    <nd ref="4808666069"/>
    <nd ref="1204310467"/>
    <tag k="addr:housenumber" v="5"/>
    <tag k="addr:postcode" v="LE12 5NN"/>
    <tag k="addr:street" v="Willow Poole Lane"/>
    <tag k="building" v="detached"/>
    <tag k="ref:GB:uprn" v="3040000979"/>
    <tag k="source:addr" v="survey"/>
    <tag k="source:addr:postcode" v="OS Opendata Codepoint"/>
    <tag k="source:building" v="Bing"/>
  </way>
  <way id="104384931" version="3" timestamp="2021-04-01T20:18:59Z" changeset="102147385" uid="7037" user="Gregory Williams">
    <nd ref="1204310941"/>
    <nd ref="1204310566"/>
    <nd ref="1204310459"/>
    <nd ref="1204308953"/>
    <nd ref="1204310941"/>
    <tag k="addr:housenumber" v="4"/>
    <tag k="addr:postcode" v="LE12 5NR"/>
    <tag k="addr:street" v="Sutton Close"/>
    <tag k="building" v="detached"/>
    <tag k="ref:GB:uprn" v="3040000935"/>
    <tag k="source:addr" v="survey"/>
    <tag k="source:addr:postcode" v="OS Opendata Codepoint"/>
    <tag k="source:building" v="Bing"/>
  </way>
  <way id="104384932" version="4" timestamp="2022-02-26T13:34:01Z" changeset="117879080" uid="242345" user="confusedbuffalo">
    <nd ref="1204309941"/>
    <nd ref="4806683565"/>
    <nd ref="4806683564"/>
    <nd ref="1204310419"/>
    <nd ref="1204309941"/>
    <tag k="addr:housenumber" v="36"/>
    <tag k="addr:postcode" v="LE12 5NP"/>
    <tag k="addr:street" v="Charnwood Fields"/>
    <tag k="building" v="semidetached_house"/>
    <tag k="ref:GB:uprn" v="3040000899"/>
    <tag k="source:addr" v="survey"/>
    <tag k="source:addr:postcode" v="OS Opendata Codepoint"/>
    <tag k="source:building" v="Bing"/>
  </way>
  <way id="104384933" version="3" timestamp="2021-04-01T20:18:59Z" changeset="102147385" uid="7037" user="Gregory Williams">
    <nd ref="1204310927"/>
    <nd ref="1204308424"/>
    <nd ref="1204310517"/>
    <nd ref="1204310591"/>
    <nd ref="1204310927"/>
    <tag k="addr:housenumber" v="2"/>
    <tag k="addr:postcode" v="LE12 5NP"/>
    <tag k="addr:street" v="Charnwood Fields"/>
    <tag k="building" v="detached"/>
    <tag k="ref:GB:uprn" v="3040000716"/>
    <tag k="source:addr" v="survey"/>
    <tag k="source:addr:postcode" v="OS Opendata Codepoint"/>
    <tag k="source:building" v="Bing"/>
  </way>
  <way id="104384935" version="4" timestamp="2022-02-26T13:34:01Z" changeset="117879080" uid="242345" user="confusedbuffalo">
    <nd ref="1204310098"/>
    <nd ref="4806683372"/>
    <nd ref="4806683373"/>
    <nd ref="4806683375"/>
    <nd ref="4806683374"/>
    <nd ref="1204310066"/>
    <nd ref="1204310098"/>
    <tag k="addr:housenumber" v="46"/>
    <tag k="addr:postcode" v="LE12 5NA"/>
    <tag k="addr:street" v="Charnwood Avenue"/>
    <tag k="building" v="semidetached_house"/>
    <tag k="ref:GB:uprn" v="3040000806"/>
    <tag k="source:addr" v="survey"/>
    <tag k="source:addr:postcode" v="OS Opendata Codepoint"/>
    <tag k="source:building" v="Bing"/>
  </way>
  <way id="104384936" version="3" timestamp="2025-01-18T22:01:37Z" changeset="161507263" uid="8857" user="philipcullen">
    <nd ref="1204309031"/>
    <nd ref="1204308781"/>
    <nd ref="1204310309"/>
    <nd ref="1204308977"/>
    <nd ref="1204309031"/>
    <tag k="addr:housenumber" v="43"/>
    <tag k="addr:street" v="College Road"/>
    <tag k="building" v="yes"/>
    <tag k="ref:GB:uprn" v="3040000514"/>
    <tag k="source:addr" v="survey"/>
  </way>
  <way id="104384937" version="4" timestamp="2025-01-18T20:07:05Z" changeset="161504409" uid="8857" user="philipcullen">
    <nd ref="1204308427"/>
    <nd ref="4806683231"/>
    <nd ref="4806683229"/>
    <nd ref="4806683230"/>
    <nd ref="4806683232"/>
    <nd ref="4806683238"/>
    <nd ref="4806683237"/>
    <nd ref="1204308772"/>
    <nd ref="1204308427"/>
    <tag k="addr:housenumber" v="19"/>
    <tag k="addr:postcode" v="LE12 5NA"/>
    <tag k="addr:street" v="Charnwood Avenue"/>
    <tag k="building" v="semidetached_house"/>
    <tag k="ref:GB:uprn" v="3040046735"/>
    <tag k="source:addr" v="survey"/>
    <tag k="source:addr:postcode" v="OS Opendata Codepoint"/>
    <tag k="source:building" v="Bing"/>
  </way>
  <way id="104384939" version="3" timestamp="2021-04-01T20:18:59Z" changeset="102147385" uid="7037" user="Gregory Williams">
    <nd ref="1204308951"/>
    <nd ref="4808666255"/>
    <nd ref="4808666256"/>
    <nd ref="1204310779"/>
    <nd ref="1204308846"/>
    <nd ref="1204308493"/>
    <nd ref="1204308951"/>
    <tag k="addr:housenumber" v="4"/>
    <tag k="addr:postcode" v="LE12 5NF"/>
    <tag k="addr:street" v="Orchard Close"/>
    <tag k="building" v="detached"/>
    <tag k="ref:GB:uprn" v="3040000842"/>
    <tag k="source:addr" v="survey"/>
    <tag k="source:addr:postcode" v="OS Opendata Codepoint"/>
    <tag k="source:building" v="Bing"/>
  </way>
  <way id="104384940" version="3" timestamp="2021-04-01T20:18:59Z" changeset="102147385" uid="7037" user="Gregory Williams">
    <nd ref="1204309841"/>
    <nd ref="1204307849"/>
    <nd ref="1204309669"/>
    <nd ref="1204310268"/>
    <nd ref="1204309841"/>
    <tag k="addr:housenumber" v="5"/>
    <tag k="addr:postcode" v="LE12 5NR"/>
    <tag k="addr:street" v="Sutton Close"/>
    <tag k="building" v="detached"/>
    <tag k="ref:GB:uprn" v="3040000936"/>
    <tag k="source:addr" v="survey"/>
    <tag k="source:addr:postcode" v="OS Opendata Codepoint"/>
    <tag k="source:building" v="Bing"/>
  </way>
  <way id="104384942" version="3" timestamp="2016-03-29T20:31:36Z" changeset="38152465" uid="207845" user="will_p">
    <nd ref="1204309475"/>
    <nd ref="1204309607"/>
    <nd ref="1204308440"/>
    <nd ref="4085581919"/>
    <nd ref="1204310617"/>
    <nd ref="1204308621"/>
    <nd ref="1204309998"/>
    <nd ref="4085581988"/>
    <nd ref="4085581984"/>
    <nd ref="1204310531"/>
    <nd ref="1204310623"/>
    <nd ref="4085582100"/>
    <nd ref="1204310722"/>
    <nd ref="1204309475"/>
    <tag k="building" v="university"/>
    <tag k="name" v="North Laboratory"/>
  </way>
  <way id="104384946" version="3" timestamp="2021-04-01T20:18:59Z" changeset="102147385" uid="7037" user="Gregory Williams">
    <nd ref="1204308485"/>
    <nd ref="1204310141"/>
    <nd ref="4806683527"/>
    <nd ref="4806683528"/>
    <nd ref="1204309829"/>
    <nd ref="1204310310"/>
    <nd ref="1204308485"/>
    <tag k="addr:housenumber" v="30"/>
    <tag k="addr:postcode" v="LE12 5NP"/>
    <tag k="addr:street" v="Charnwood Fields"/>
    <tag k="building" v="detached"/>
    <tag k="ref:GB:uprn" v="3040000896"/>
    <tag k="source:addr" v="survey"/>
    <tag k="source:addr:postcode" v="OS Opendata Codepoint"/>
    <tag k="source:building" v="Bing"/>
  </way>
  <way id="104384947" version="4" timestamp="2022-02-26T13:34:01Z" changeset="117879080" uid="242345" user="confusedbuffalo">
    <nd ref="1204311055"/>
    <nd ref="4806683563"/>
    <nd ref="4806683562"/>
    <nd ref="1204309958"/>
    <nd ref="1204311055"/>
    <tag k="addr:housenumber" v="40"/>
    <tag k="addr:postcode" v="LE12 5NP"/>
    <tag k="addr:street" v="Charnwood Fields"/>
    <tag k="building" v="semidetached_house"/>
    <tag k="ref:GB:uprn" v="3040000901"/>
    <tag k="source:addr" v="survey"/>
    <tag k="source:addr:postcode" v="OS Opendata Codepoint"/>
    <tag k="source:building" v="Bing"/>
  </way>
  <way id="104384948" version="5" timestamp="2025-01-18T22:01:37Z" changeset="161507263" uid="8857" user="philipcullen">
    <nd ref="1204310473"/>
    <nd ref="4796852837"/>
    <nd ref="4796852836"/>
    <nd ref="1204310293"/>
    <nd ref="1204310473"/>
    <tag k="addr:housenumber" v="30"/>
    <tag k="addr:postcode" v="LE12 5RA"/>
    <tag k="addr:street" v="College Road"/>
    <tag k="building" v="semidetached_house"/>
    <tag k="ref:GB:uprn" v="3040000509"/>
    <tag k="source:addr" v="survey"/>
    <tag k="source:addr:postcode" v="OS Opendata Codepoint"/>
  </way>
  <way id="104384949" version="3" timestamp="2021-04-01T20:18:59Z" changeset="102147385" uid="7037" user="Gregory Williams">
    <nd ref="1204309062"/>
    <nd ref="1204309685"/>
    <nd ref="1204308127"/>
    <nd ref="1204310991"/>
    <nd ref="1204309062"/>
    <tag k="addr:housenumber" v="65"/>
    <tag k="addr:postcode" v="LE12 5NQ"/>
    <tag k="addr:street" v="Park Lane"/>
    <tag k="building" v="detached"/>
    <tag k="ref:GB:uprn" v="3040000918"/>
    <tag k="source:addr" v="survey"/>
    <tag k="source:addr:postcode" v="OS Opendata Codepoint"/>
    <tag k="source:building" v="Bing"/>
  </way>
  <way id="104384954" version="3" timestamp="2021-04-01T20:18:59Z" changeset="102147385" uid="7037" user="Gregory Williams">
    <nd ref="1204310622"/>
    <nd ref="1204308106"/>
    <nd ref="1204309640"/>
    <nd ref="1204309232"/>
    <nd ref="4808666114"/>
    <nd ref="4808666113"/>
    <nd ref="1204310622"/>
    <tag k="addr:housenumber" v="6"/>
    <tag k="addr:postcode" v="LE12 5NN"/>
    <tag k="addr:street" v="Willow Poole Lane"/>
    <tag k="building" v="detached"/>
    <tag k="ref:GB:uprn" v="3040000960"/>
    <tag k="source:addr" v="survey"/>
    <tag k="source:addr:postcode" v="OS Opendata Codepoint"/>
    <tag k="source:building" v="Bing"/>
  </way>
  <way id="104384955" version="3" timestamp="2021-04-01T20:18:59Z" changeset="102147385" uid="7037" user="Gregory Williams">
    <nd ref="1204309287"/>
    <nd ref="1204308108"/>
    <nd ref="1204308872"/>
    <nd ref="1204310785"/>
    <nd ref="1204309287"/>
    <tag k="addr:housenumber" v="9"/>
    <tag k="addr:postcode" v="LE12 5NF"/>
    <tag k="addr:street" v="Orchard Close"/>
    <tag k="building" v="detached"/>
    <tag k="ref:GB:uprn" v="3040000853"/>
    <tag k="source:addr" v="survey"/>
    <tag k="source:addr:postcode" v="OS Opendata Codepoint"/>
    <tag k="source:building" v="Bing"/>
  </way>
  <way id="104384957" version="4" timestamp="2025-01-18T20:07:05Z" changeset="161504409" uid="8857" user="philipcullen">
    <nd ref="4808666017"/>
    <nd ref="1204310416"/>
    <nd ref="4808666467"/>
    <nd ref="4808666468"/>
    <nd ref="4808666469"/>
    <nd ref="4808666470"/>
    <nd ref="1204307885"/>
    <nd ref="1204307881"/>
    <nd ref="4808666471"/>
    <nd ref="4808666472"/>
    <nd ref="4808666011"/>
    <nd ref="4808666010"/>
    <nd ref="1204310150"/>
    <nd ref="4808666012"/>
    <nd ref="4808666015"/>
    <nd ref="4808666016"/>
    <nd ref="4808666017"/>
    <tag k="addr:housenumber" v="6"/>
    <tag k="addr:postcode" v="LE12 5NL"/>
    <tag k="addr:street" v="Shepherds Close"/>
    <tag k="building" v="semidetached_house"/>
    <tag k="ref:GB:uprn" v="3040000872"/>
    <tag k="source:addr" v="survey"/>
    <tag k="source:addr:postcode" v="OS Opendata Codepoint"/>
    <tag k="source:building" v="Bing"/>
  </way>
  <way id="104384958" version="3" timestamp="2021-04-01T20:18:59Z" changeset="102147385" uid="7037" user="Gregory Williams">
    <nd ref="1204308473"/>
    <nd ref="1204308607"/>
    <nd ref="1204308622"/>
    <nd ref="1204310648"/>
    <nd ref="1204310304"/>
    <nd ref="1204310159"/>
    <nd ref="1204308473"/>
    <tag k="addr:housenumber" v="1"/>
    <tag k="addr:postcode" v="LE12 5NA"/>
    <tag k="addr:street" v="Charnwood Avenue"/>
    <tag k="building" v="detached"/>
    <tag k="ref:GB:uprn" v="3040000770"/>
    <tag k="source:addr" v="survey"/>
    <tag k="source:addr:housenumber" v="extrapolation"/>
    <tag k="source:addr:postcode" v="OS Opendata Codepoint"/>
    <tag k="source:building" v="Bing"/>
  </way>
  <way id="104384959" version="3" timestamp="2024-11-29T13:05:34Z" changeset="159741121" uid="22163996" user="lukethesamo">
    <nd ref="1204309986"/>
    <nd ref="1204308522"/>
    <nd ref="1204309168"/>
    <nd ref="1204309132"/>
    <nd ref="1204309986"/>
    <tag k="building" v="dormitory"/>
    <tag k="name" v="Lockington House"/>
  </way>
  <way id="104384960" version="3" timestamp="2021-04-01T20:18:59Z" changeset="102147385" uid="7037" user="Gregory Williams">
    <nd ref="1204309360"/>
    <nd ref="4806683499"/>
    <nd ref="4806683500"/>
    <nd ref="4806683501"/>
    <nd ref="4806683502"/>
    <nd ref="1204309352"/>
    <nd ref="1204307909"/>
    <nd ref="1204309169"/>
    <nd ref="1204309360"/>
    <tag k="addr:housenumber" v="10"/>
    <tag k="addr:postcode" v="LE12 5NP"/>
    <tag k="addr:street" v="Charnwood Fields"/>
    <tag k="building" v="detached"/>
    <tag k="ref:GB:uprn" v="3040000877"/>
    <tag k="source:addr" v="survey"/>
    <tag k="source:addr:postcode" v="OS Opendata Codepoint"/>
    <tag k="source:building" v="Bing"/>
  </way>
  <way id="104384961" version="3" timestamp="2021-04-01T20:18:59Z" changeset="102147385" uid="7037" user="Gregory Williams">
    <nd ref="1204309976"/>
    <nd ref="1204310186"/>
    <nd ref="1204310923"/>
    <nd ref="4808666273"/>
    <nd ref="1204309456"/>
    <nd ref="4808666276"/>
    <nd ref="4808666279"/>
    <nd ref="1204309976"/>
    <tag k="addr:housenumber" v="10"/>
    <tag k="addr:postcode" v="LE12 5NF"/>
    <tag k="addr:street" v="Orchard Close"/>
    <tag k="building" v="detached"/>
    <tag k="ref:GB:uprn" v="3040000825"/>
    <tag k="source:addr" v="survey"/>
    <tag k="source:addr:postcode" v="OS Opendata Codepoint"/>
    <tag k="source:building" v="Bing"/>
  </way>
  <way id="104384962" version="3" timestamp="2021-04-01T20:18:59Z" changeset="102147385" uid="7037" user="Gregory Williams">
    <nd ref="1204308406"/>
    <nd ref="4806683497"/>
    <nd ref="1204308703"/>
    <nd ref="4806683495"/>
    <nd ref="4806683496"/>
    <nd ref="1204309589"/>
    <nd ref="1204309795"/>
    <nd ref="4806683498"/>
    <nd ref="1204308406"/>
    <tag k="addr:housenumber" v="8"/>
    <tag k="addr:postcode" v="LE12 5NP"/>
    <tag k="addr:street" v="Charnwood Fields"/>
    <tag k="building" v="detached"/>
    <tag k="ref:GB:uprn" v="3040000910"/>
    <tag k="source:addr" v="survey"/>
    <tag k="source:addr:postcode" v="OS Opendata Codepoint"/>
    <tag k="source:building" v="Bing"/>
  </way>
  <way id="104384963" version="3" timestamp="2021-04-01T20:18:59Z" changeset="102147385" uid="7037" user="Gregory Williams">
    <nd ref="1204308605"/>
    <nd ref="1204310160"/>
    <nd ref="4808666327"/>
    <nd ref="4808666330"/>
    <nd ref="1204310353"/>
    <nd ref="1204308525"/>
    <nd ref="1204308605"/>
    <tag k="addr:housenumber" v="47"/>
    <tag k="addr:postcode" v="LE12 5NF"/>
    <tag k="addr:street" v="Orchard Close"/>
    <tag k="building" v="detached"/>
    <tag k="ref:GB:uprn" v="3040000847"/>
    <tag k="source:addr" v="survey"/>
    <tag k="source:addr:postcode" v="OS Opendata Codepoint"/>
    <tag k="source:building" v="Bing"/>
  </way>
  <way id="104384966" version="3" timestamp="2021-04-01T20:18:59Z" changeset="102147385" uid="7037" user="Gregory Williams">
    <nd ref="1204310724"/>
    <nd ref="1204310201"/>
    <nd ref="1204309770"/>
    <nd ref="1204308868"/>
    <nd ref="1204310724"/>
    <tag k="addr:housenumber" v="2"/>
    <tag k="addr:postcode" v="LE12 5NR"/>
    <tag k="addr:street" v="Sutton Close"/>
    <tag k="building" v="detached"/>
    <tag k="ref:GB:uprn" v="3040000933"/>
    <tag k="source:addr" v="survey"/>
    <tag k="source:addr:postcode" v="OS Opendata Codepoint"/>
    <tag k="source:building" v="Bing"/>
  </way>
  <way id="104384971" version="3" timestamp="2021-04-01T20:18:59Z" changeset="102147385" uid="7037" user="Gregory Williams">
    <nd ref="1204309176"/>
    <nd ref="1204309600"/>
    <nd ref="4806683518"/>
    <nd ref="4806683517"/>
    <nd ref="1204309149"/>
    <nd ref="1204311013"/>
    <nd ref="4806683519"/>
    <nd ref="4806683520"/>
    <nd ref="1204309176"/>
    <tag k="addr:housenumber" v="22"/>
    <tag k="addr:postcode" v="LE12 5NP"/>
    <tag k="addr:street" v="Charnwood Fields"/>
    <tag k="building" v="detached"/>
    <tag k="ref:GB:uprn" v="3040000888"/>
    <tag k="source:addr" v="survey"/>
    <tag k="source:addr:postcode" v="OS Opendata Codepoint"/>
    <tag k="source:building" v="Bing"/>
  </way>
  <way id="104384972" version="3" timestamp="2021-04-01T20:18:59Z" changeset="102147385" uid="7037" user="Gregory Williams">
    <nd ref="1204311030"/>
    <nd ref="1204308845"/>
    <nd ref="1204308930"/>
    <nd ref="1204310705"/>
    <nd ref="1204311030"/>
    <tag k="addr:housenumber" v="105"/>
    <tag k="addr:postcode" v="LE12 5NQ"/>
    <tag k="addr:street" v="Park Lane"/>
    <tag k="building" v="detached"/>
    <tag k="ref:GB:uprn" v="3040000914"/>
    <tag k="source:addr" v="survey"/>
    <tag k="source:addr:postcode" v="OS Opendata Codepoint"/>
    <tag k="source:building" v="Bing"/>
  </way>
  <way id="104384973" version="3" timestamp="2021-04-01T20:18:59Z" changeset="102147385" uid="7037" user="Gregory Williams">
    <nd ref="1204310152"/>
    <nd ref="1204308858"/>
    <nd ref="4808666441"/>
    <nd ref="4808666440"/>
    <nd ref="1204308717"/>
    <nd ref="1204310250"/>
    <nd ref="4808666442"/>
    <nd ref="4808666443"/>
    <nd ref="1204310152"/>
    <tag k="addr:housenumber" v="16"/>
    <tag k="addr:postcode" v="LE12 5NN"/>
    <tag k="addr:street" v="Willow Poole Lane"/>
    <tag k="building" v="detached"/>
    <tag k="ref:GB:uprn" v="3040000943"/>
    <tag k="source:addr" v="survey"/>
    <tag k="source:addr:postcode" v="OS Opendata Codepoint"/>
    <tag k="source:building" v="Bing"/>
  </way>
  <way id="104384975" version="3" timestamp="2021-04-01T20:18:59Z" changeset="102147385" uid="7037" user="Gregory Williams">
    <nd ref="1204310978"/>
    <nd ref="1204310848"/>
    <nd ref="1204308926"/>
    <nd ref="1204308787"/>
    <nd ref="1204310978"/>
    <tag k="addr:housenumber" v="67"/>
    <tag k="addr:postcode" v="LE12 5NQ"/>
    <tag k="addr:street" v="Park Lane"/>
    <tag k="building" v="detached"/>
    <tag k="ref:GB:uprn" v="3040000919"/>
    <tag k="source:addr" v="survey"/>
    <tag k="source:addr:postcode" v="OS Opendata Codepoint"/>
    <tag k="source:building" v="Bing"/>
  </way>
  <way id="104384981" version="4" timestamp="2022-02-26T13:34:01Z" changeset="117879080" uid="242345" user="confusedbuffalo">
    <nd ref="4808666006"/>
    <nd ref="1204309680"/>
    <nd ref="1204310560"/>
    <nd ref="1204308962"/>
    <nd ref="1204310274"/>
    <nd ref="1204310125"/>
    <nd ref="1204310736"/>
    <nd ref="4808666007"/>
    <nd ref="4808666006"/>
    <tag k="addr:housenumber" v="2"/>
    <tag k="addr:postcode" v="LE12 5NL"/>
    <tag k="addr:street" v="Shepherds Close"/>
    <tag k="building" v="semidetached_house"/>
    <tag k="ref:GB:uprn" v="3040000868"/>
    <tag k="source:addr" v="survey"/>
    <tag k="source:addr:postcode" v="OS Opendata Codepoint"/>
    <tag k="source:building" v="Bing"/>
  </way>
  <way id="104384982" version="4" timestamp="2024-11-29T13:05:34Z" changeset="159741121" uid="22163996" user="lukethesamo">
    <nd ref="1204308902"/>
    <nd ref="4085581923"/>
    <nd ref="4085581921"/>
    <nd ref="4085581920"/>
    <nd ref="4085581927"/>
    <nd ref="4085581930"/>
    <nd ref="4085581936"/>
    <nd ref="4085581940"/>
    <nd ref="4085581952"/>
    <nd ref="4085581959"/>
    <nd ref="4085581951"/>
    <nd ref="4085581929"/>
    <nd ref="4085581933"/>
    <nd ref="4085581899"/>
    <nd ref="4085581914"/>
    <nd ref="4085581894"/>
    <nd ref="4085581889"/>
    <nd ref="4085581904"/>
    <nd ref="4085581897"/>
    <nd ref="4085581774"/>
    <nd ref="4085581781"/>
    <nd ref="4085581891"/>
    <nd ref="1204310279"/>
    <nd ref="4085581892"/>
    <nd ref="1204309569"/>
    <nd ref="1204309416"/>
    <nd ref="1204310791"/>
    <nd ref="1204310206"/>
    <nd ref="1204310171"/>
    <nd ref="1204310471"/>
    <nd ref="4085581931"/>
    <nd ref="4085581906"/>
    <nd ref="4085581905"/>
    <nd ref="1204308902"/>
    <tag k="addr:postcode" v="LE12 5RB"/>
    <tag k="addr:street" v="College Road"/>
    <tag k="building" v="university"/>
    <tag k="name" v="Animal &amp; Plant Health Agency"/>
    <tag k="source:addr:postcode" v="OS Opendata Codepoint"/>
  </way>
  <way id="104384984" version="2" timestamp="2017-04-20T23:40:05Z" changeset="47987163" uid="207845" user="will_p">
    <nd ref="1204309782"/>
    <nd ref="4806683345"/>
    <nd ref="1204309269"/>
    <nd ref="1204310190"/>
    <nd ref="4806683333"/>
    <nd ref="4806683330"/>
    <nd ref="4806683331"/>
    <nd ref="4806683332"/>
    <nd ref="1204309108"/>
    <nd ref="1204309782"/>
    <tag k="addr:housenumber" v="1A"/>
    <tag k="addr:postcode" v="LE12 5NA"/>
    <tag k="addr:street" v="Charnwood Avenue"/>
    <tag k="building" v="detached"/>
    <tag k="source:addr" v="survey"/>
    <tag k="source:addr:postcode" v="OS Opendata Codepoint"/>
    <tag k="source:building" v="Bing"/>
  </way>
  <way id="104384985" version="4" timestamp="2022-02-26T13:34:01Z" changeset="117879080" uid="242345" user="confusedbuffalo">
    <nd ref="1204309915"/>
    <nd ref="1204310275"/>
    <nd ref="1204308483"/>
    <nd ref="4806683261"/>
    <nd ref="4806683260"/>
    <nd ref="1204309661"/>
    <nd ref="1204309915"/>
    <tag k="addr:housenumber" v="29"/>
    <tag k="addr:postcode" v="LE12 5NA"/>
    <tag k="addr:street" v="Charnwood Avenue"/>
    <tag k="building" v="semidetached_house"/>
    <tag k="ref:GB:uprn" v="3040000788"/>
    <tag k="source:addr" v="survey"/>
    <tag k="source:addr:postcode" v="OS Opendata Codepoint"/>
    <tag k="source:building" v="Bing"/>
  </way>
  <way id="104384986" version="3" timestamp="2021-04-01T20:18:59Z" changeset="102147385" uid="7037" user="Gregory Williams">
    <nd ref="1204308185"/>
    <nd ref="1204309642"/>
    <nd ref="1204310858"/>
    <nd ref="1204309347"/>
    <nd ref="1204308185"/>
    <tag k="addr:housenumber" v="5"/>
    <tag k="addr:postcode" v="LE12 5NP"/>
    <tag k="addr:street" v="Charnwood Fields"/>
    <tag k="building" v="detached"/>
    <tag k="ref:GB:uprn" v="3040000906"/>
    <tag k="source:addr" v="survey"/>
    <tag k="source:addr:postcode" v="OS Opendata Codepoint"/>
    <tag k="source:building" v="Bing"/>
  </way>
  <way id="104384987" version="4" timestamp="2022-02-26T13:34:01Z" changeset="117879080" uid="242345" user="confusedbuffalo">
    <nd ref="4808666406"/>
    <nd ref="4808666409"/>
    <nd ref="4808666411"/>
    <nd ref="1204307877"/>
    <nd ref="1204309774"/>
    <nd ref="1204307928"/>
    <nd ref="1204310890"/>
    <nd ref="4808666407"/>
    <nd ref="4808666406"/>
    <tag k="addr:housenumber" v="19"/>
    <tag k="addr:postcode" v="LE12 5NN"/>
    <tag k="addr:street" v="Willow Poole Lane"/>
    <tag k="building" v="semidetached_house"/>
    <tag k="ref:GB:uprn" v="3040000946"/>
    <tag k="source:addr" v="survey"/>
    <tag k="source:addr:postcode" v="OS Opendata Codepoint"/>
    <tag k="source:building" v="Bing"/>
  </way>
  <way id="104384988" version="3" timestamp="2025-01-18T20:07:05Z" changeset="161504409" uid="8857" user="philipcullen">
    <nd ref="1204310163"/>
    <nd ref="1204308554"/>
    <nd ref="1204308906"/>
    <nd ref="4808666089"/>
    <nd ref="4808666090"/>
    <nd ref="1204308911"/>
    <nd ref="1204310163"/>
    <tag k="addr:housenumber" v="1A"/>
    <tag k="addr:postcode" v="LE12 5NN"/>
    <tag k="addr:street" v="Willow Poole Lane"/>
    <tag k="building" v="detached"/>
    <tag k="ref:GB:uprn" v="3040000966;3040000965"/>
    <tag k="source:addr" v="survey"/>
    <tag k="source:addr:postcode" v="OS Opendata Codepoint"/>
    <tag k="source:building" v="Bing"/>
  </way>
  <way id="104384990" version="3" timestamp="2025-01-18T20:07:05Z" changeset="161504409" uid="8857" user="philipcullen">
    <nd ref="1204308339"/>
    <nd ref="1204309078"/>
    <nd ref="1204309853"/>
    <nd ref="1204309639"/>
    <nd ref="1204309978"/>
    <nd ref="1204310192"/>
    <nd ref="1204308339"/>
    <tag k="addr:housenumber" v="18"/>
    <tag k="addr:postcode" v="LE12 5NA"/>
    <tag k="addr:street" v="Charnwood Avenue"/>
    <tag k="building" v="detached"/>
    <tag k="ref:GB:uprn" v="3040000776"/>
    <tag k="source:addr" v="survey"/>
    <tag k="source:addr:postcode" v="OS Opendata Codepoint"/>
    <tag k="source:building" v="Bing"/>
  </way>
  <way id="104384992" version="4" timestamp="2022-02-26T13:34:01Z" changeset="117879080" uid="242345" user="confusedbuffalo">
    <nd ref="1204309498"/>
    <nd ref="4806683393"/>
    <nd ref="4806683392"/>
    <nd ref="1204308511"/>
    <nd ref="1204309498"/>
    <tag k="addr:housenumber" v="65"/>
    <tag k="addr:postcode" v="LE12 5NA"/>
    <tag k="addr:street" v="Charnwood Avenue"/>
    <tag k="building" v="semidetached_house"/>
    <tag k="ref:GB:uprn" v="3040000819"/>
    <tag k="source:addr" v="survey"/>
    <tag k="source:addr:postcode" v="OS Opendata Codepoint"/>
    <tag k="source:building" v="Bing"/>
  </way>
  <way id="104384993" version="7" timestamp="2024-11-29T13:05:34Z" changeset="159741121" uid="22163996" user="lukethesamo">
    <nd ref="1204308969"/>
    <nd ref="1204309835"/>
    <nd ref="4085581946"/>
    <nd ref="4085581941"/>
    <nd ref="1204310945"/>
    <nd ref="1204310586"/>
    <nd ref="1204310099"/>
    <nd ref="1204309245"/>
    <nd ref="1204309200"/>
    <nd ref="1204309999"/>
    <nd ref="1204308350"/>
    <nd ref="1204309151"/>
    <nd ref="1204309650"/>
    <nd ref="1204308754"/>
    <nd ref="1204309314"/>
    <nd ref="1204309372"/>
    <nd ref="1204308800"/>
    <nd ref="1204309747"/>
    <nd ref="1204307997"/>
    <nd ref="1204309023"/>
    <nd ref="4085581779"/>
    <nd ref="4085581777"/>
    <nd ref="1204310254"/>
    <nd ref="1204308798"/>
    <nd ref="4085581896"/>
    <nd ref="4085581893"/>
    <nd ref="1204310456"/>
    <nd ref="1204310014"/>
    <nd ref="1204311049"/>
    <nd ref="1204308092"/>
    <nd ref="4085581925"/>
    <nd ref="4085581928"/>
    <nd ref="1204308969"/>
    <tag k="building" v="dormitory"/>
    <tag k="name" v="Kingston House"/>
  </way>
  <way id="104385001" version="3" timestamp="2021-04-01T20:18:59Z" changeset="102147385" uid="7037" user="Gregory Williams">
    <nd ref="1204310762"/>
    <nd ref="1204310046"/>
    <nd ref="4808666243"/>
    <nd ref="4808666244"/>
    <nd ref="1204309844"/>
    <nd ref="1204308426"/>
    <nd ref="4808666246"/>
    <nd ref="4808666245"/>
    <nd ref="1204310762"/>
    <tag k="addr:housenumber" v="75"/>
    <tag k="addr:postcode" v="LE12 5NQ"/>
    <tag k="addr:street" v="Park Lane"/>
    <tag k="building" v="detached"/>
    <tag k="ref:GB:uprn" v="3040000920"/>
    <tag k="source:addr" v="survey"/>
    <tag k="source:addr:postcode" v="OS Opendata Codepoint"/>
    <tag k="source:building" v="Bing"/>
  </way>
  <way id="104385004" version="3" timestamp="2022-02-26T13:34:01Z" changeset="117879080" uid="242345" user="confusedbuffalo">
    <nd ref="4808665984"/>
    <nd ref="4808665983"/>
    <nd ref="1204310383"/>
    <nd ref="1204310043"/>
    <nd ref="1204309033"/>
    <nd ref="1204308687"/>
    <nd ref="4808665984"/>
    <tag k="addr:housenumber" v="81"/>
    <tag k="addr:postcode" v="LE12 5NQ"/>
    <tag k="addr:street" v="Park Lane"/>
    <tag k="building" v="semidetached_house"/>
    <tag k="source:addr" v="survey"/>
    <tag k="source:addr:postcode" v="OS Opendata Codepoint"/>
    <tag k="source:building" v="Bing"/>
  </way>
  <way id="104595424" version="4" timestamp="2022-02-26T13:34:01Z" changeset="117879080" uid="242345" user="confusedbuffalo">
    <nd ref="4796851804"/>
    <nd ref="4796851803"/>
    <nd ref="1206787320"/>
    <nd ref="1206787505"/>
    <nd ref="4085582319"/>
    <nd ref="4085582316"/>
    <nd ref="4796851797"/>
    <nd ref="4796851796"/>
    <nd ref="4796851804"/>
    <tag k="addr:housenumber" v="4"/>
    <tag k="addr:postcode" v="LE12 5RQ"/>
    <tag k="addr:street" v="Melton Lane"/>
    <tag k="building" v="semidetached_house"/>
    <tag k="source:addr" v="survey"/>
    <tag k="source:addr:postcode" v="OS Opendata Codepoint"/>
  </way>
  <way id="104595444" version="4" timestamp="2025-01-18T22:01:37Z" changeset="161507263" uid="8857" user="philipcullen">
    <nd ref="1206787452"/>
    <nd ref="4796851806"/>
    <nd ref="4796851805"/>
    <nd ref="1206787380"/>
    <nd ref="1206787452"/>
    <tag k="addr:housenumber" v="8"/>
    <tag k="addr:postcode" v="LE12 5RQ"/>
    <tag k="addr:street" v="Melton Lane"/>
    <tag k="building" v="semidetached_house"/>
    <tag k="ref:GB:uprn" v="3040000528"/>
    <tag k="source:addr" v="survey"/>
    <tag k="source:addr:postcode" v="OS Opendata Codepoint"/>
  </way>
  <way id="104595454" version="5" timestamp="2024-11-29T13:05:34Z" changeset="159741121" uid="22163996" user="lukethesamo">
    <nd ref="1206787455"/>
    <nd ref="1206787685"/>
    <nd ref="4085582333"/>
    <nd ref="4085582331"/>
    <nd ref="4085582329"/>
    <nd ref="4085582330"/>
    <nd ref="1206787441"/>
    <nd ref="4085582327"/>
    <nd ref="4085582326"/>
    <nd ref="4085582328"/>
    <nd ref="1206787603"/>
    <nd ref="1206787602"/>
    <nd ref="1206787485"/>
    <nd ref="4085582336"/>
    <nd ref="4085582335"/>
    <nd ref="4085582340"/>
    <nd ref="4085582341"/>
    <nd ref="1206787677"/>
    <nd ref="4085582343"/>
    <nd ref="4085582344"/>
    <nd ref="1206787455"/>
    <tag k="addr:street" v="College Road"/>
    <tag k="building" v="dormitory"/>
    <tag k="name" v="Eviton House"/>
  </way>
  <way id="104596938" version="2" timestamp="2017-04-19T21:12:40Z" changeset="47952532" uid="207845" user="will_p">
    <nd ref="1206792371"/>
    <nd ref="1206792393"/>
    <nd ref="1206792373"/>
    <nd ref="1206792385"/>
    <nd ref="4804644146"/>
    <nd ref="4804644144"/>
    <nd ref="4804644145"/>
    <nd ref="4804644147"/>
    <nd ref="1206792371"/>
    <tag k="addr:housename" v="Hill Lodge"/>
    <tag k="addr:housenumber" v="50"/>
    <tag k="addr:postcode" v="LE12 5NB"/>
    <tag k="addr:street" v="Hungary Lane"/>
    <tag k="building" v="detached"/>
    <tag k="source:addr" v="survey"/>
    <tag k="source:addr:postcode" v="OS Opendata Codepoint"/>
  </way>
  <way id="104596941" version="3" timestamp="2022-02-26T13:34:01Z" changeset="117879080" uid="242345" user="confusedbuffalo">
    <nd ref="1206792372"/>
    <nd ref="4804644153"/>
    <nd ref="4804644152"/>
    <nd ref="4804644150"/>
    <nd ref="4804644149"/>
    <nd ref="1206792368"/>
    <nd ref="1206792372"/>
    <tag k="addr:housenumber" v="52"/>
    <tag k="addr:postcode" v="LE12 5NB"/>
    <tag k="addr:street" v="Hungary Lane"/>
    <tag k="building" v="semidetached_house"/>
    <tag k="source:addr" v="survey"/>
    <tag k="source:addr:postcode" v="OS Opendata Codepoint"/>
  </way>
  <way id="117426493" version="8" timestamp="2020-06-19T13:04:37Z" changeset="86878867" uid="84681" user="SK53">
    <nd ref="246110603"/>
    <nd ref="2087591010"/>
    <nd ref="252735855"/>
    <nd ref="3726677595"/>
    <nd ref="4804783176"/>
    <nd ref="252735856"/>
    <nd ref="3726677597"/>
    <nd ref="246110604"/>
    <nd ref="1139087458"/>
    <nd ref="3726677601"/>
    <nd ref="3726677608"/>
    <nd ref="3726677611"/>
    <nd ref="246110606"/>
    <nd ref="3726677624"/>
    <nd ref="1139086834"/>
    <nd ref="246110607"/>
    <nd ref="3726677657"/>
    <nd ref="3726677660"/>
    <nd ref="1204262476"/>
    <nd ref="4795926553"/>
    <nd ref="4795926461"/>
    <nd ref="1139086784"/>
    <nd ref="246110608"/>
    <nd ref="4795926464"/>
    <nd ref="3726677733"/>
    <nd ref="246110609"/>
    <nd ref="3726677752"/>
    <nd ref="3726677762"/>
    <nd ref="3726677763"/>
    <nd ref="4795926445"/>
    <nd ref="3726677764"/>
    <nd ref="252735778"/>
    <nd ref="3726677766"/>
    <nd ref="252735779"/>
    <nd ref="246110610"/>
    <tag k="highway" v="tertiary"/>
    <tag k="lanes" v="2"/>
    <tag k="maxspeed" v="30 mph"/>
    <tag k="name" v="Main Street"/>
  </way>
  <way id="122409441" version="8" timestamp="2024-01-19T19:32:09Z" changeset="146455440" uid="242345" user="confusedbuffalo">
    <nd ref="258726305"/>
    <nd ref="258726304"/>
    <nd ref="4804644113"/>
    <nd ref="258726303"/>
    <nd ref="4804644118"/>
    <nd ref="258726302"/>
    <nd ref="258726301"/>
    <nd ref="4818948698"/>
    <nd ref="1204264181"/>
    <nd ref="2087590902"/>
    <nd ref="258726300"/>
    <nd ref="4804778646"/>
    <nd ref="258726299"/>
    <nd ref="4804778648"/>
    <nd ref="4804778647"/>
    <nd ref="258726298"/>
    <tag k="designation" v="quiet_lane"/>
    <tag k="highway" v="unclassified"/>
    <tag k="maxspeed" v="60 mph"/>
    <tag k="maxspeed:type" v="GB:nsl_single"/>
    <tag k="name" v="Hungary Lane"/>
    <tag k="source:maxspeed" v="survey"/>
  </way>
  <way id="122409444" version="5" timestamp="2025-01-18T20:07:05Z" changeset="161504409" uid="8857" user="philipcullen">
    <nd ref="12009338"/>
    <nd ref="4808665565"/>
    <nd ref="12512881606"/>
    <nd ref="4808665567"/>
    <nd ref="12009336"/>
    <tag k="highway" v="residential"/>
    <tag k="maxspeed" v="30 mph"/>
    <tag k="name" v="Main Street"/>
  </way>
  <way id="122411437" version="6" timestamp="2016-03-28T22:45:12Z" changeset="38131485" uid="207845" user="will_p">
    <nd ref="249244343"/>
    <nd ref="3012392477"/>
    <nd ref="34672675"/>
    <nd ref="3012392478"/>
    <nd ref="249244345"/>
    <tag k="bridge" v="yes"/>
    <tag k="bridge:name" v="Zouch Road Bridge"/>
    <tag k="bridge:ref" v="43"/>
    <tag k="highway" v="primary"/>
    <tag k="layer" v="1"/>
    <tag k="maxspeed" v="40 mph"/>
    <tag k="name" v="Main Street"/>
    <tag k="ref" v="A6006"/>
  </way>
  <way id="122412096" version="5" timestamp="2016-09-24T23:20:19Z" changeset="42413691" uid="207845" user="will_p">
    <nd ref="1367999424"/>
    <nd ref="1416392195"/>
    <nd ref="1416392193"/>
    <nd ref="1075931154"/>
    <nd ref="1075931156"/>
    <nd ref="3974628544"/>
    <nd ref="302001373"/>
    <tag k="highway" v="tertiary"/>
    <tag k="maxspeed" v="40 mph"/>
    <tag k="name" v="Pithouse Lane"/>
  </way>
  <way id="129371001" version="5" timestamp="2024-11-29T13:05:34Z" changeset="159741121" uid="22163996" user="lukethesamo">
    <nd ref="1427381817"/>
    <nd ref="1427381823"/>
    <nd ref="1427381822"/>
    <nd ref="1427381819"/>
    <nd ref="1427381818"/>
    <nd ref="1427381816"/>
    <nd ref="1427381821"/>
    <nd ref="1427381820"/>
    <nd ref="1427381817"/>
    <tag k="building" v="dormitory"/>
    <tag k="name" v="Rempstone House"/>
    <tag k="residential" v="student"/>
  </way>
  <way id="129412981" version="7" timestamp="2021-08-02T10:28:46Z" changeset="109022720" uid="10170582" user="priymose">
    <nd ref="521954845"/>
    <nd ref="4796852727"/>
    <nd ref="258726638"/>
    <nd ref="4797399620"/>
    <nd ref="4796852725"/>
    <nd ref="258726639"/>
    <nd ref="4797400421"/>
    <nd ref="258726641"/>
    <nd ref="4797400422"/>
    <nd ref="4797400423"/>
    <nd ref="258726642"/>
    <nd ref="4797400442"/>
    <nd ref="258726643"/>
    <nd ref="8974100452"/>
    <nd ref="4797400428"/>
    <nd ref="4797400441"/>
    <nd ref="258726644"/>
    <nd ref="4416942939"/>
    <nd ref="258726645"/>
    <nd ref="4416942938"/>
    <nd ref="258726646"/>
    <nd ref="258726647"/>
    <nd ref="4797400477"/>
    <nd ref="4416942937"/>
    <nd ref="258726648"/>
    <nd ref="4416942940"/>
    <nd ref="258726649"/>
    <nd ref="1416392189"/>
    <nd ref="258726652"/>
    <tag k="access" v="yes"/>
    <tag k="bicycle" v="yes"/>
    <tag k="designation" v="quiet_lane"/>
    <tag k="foot" v="yes"/>
    <tag k="highway" v="unclassified"/>
    <tag k="horse" v="yes"/>
    <tag k="maxspeed" v="30 mph"/>
    <tag k="motor_vehicle" v="yes"/>
    <tag k="name" v="Landcroft Lane"/>
    <tag k="surface" v="paved"/>
  </way>
  <way id="143645164" version="6" timestamp="2020-01-24T22:54:45Z" changeset="80054659" uid="207845" user="will_p">
    <nd ref="246111004"/>
    <nd ref="4804643896"/>
    <nd ref="4804643897"/>
    <nd ref="252735720"/>
    <nd ref="4804643892"/>
    <nd ref="246111005"/>
    <nd ref="4804643895"/>
    <nd ref="634271992"/>
    <nd ref="4804643894"/>
    <nd ref="246111006"/>
    <nd ref="698850993"/>
    <nd ref="246111008"/>
    <nd ref="4804643893"/>
    <nd ref="252735721"/>
    <nd ref="698850997"/>
    <nd ref="698850998"/>
    <nd ref="252735722"/>
    <nd ref="246111009"/>
    <nd ref="698850884"/>
    <nd ref="246111010"/>
    <nd ref="698850886"/>
    <nd ref="634272010"/>
    <nd ref="246111011"/>
    <nd ref="634272032"/>
    <nd ref="246111012"/>
    <nd ref="246111013"/>
    <nd ref="698850938"/>
    <nd ref="246111014"/>
    <tag k="highway" v="tertiary"/>
    <tag k="lanes" v="2"/>
    <tag k="lit" v="no"/>
    <tag k="maxspeed" v="40 mph"/>
    <tag k="name" v="Station Road"/>
    <tag k="sidewalk" v="right"/>
  </way>
  <way id="143645194" version="4" timestamp="2017-03-19T15:04:55Z" changeset="46984841" uid="616774" user="mueschel">
    <nd ref="4416943606"/>
    <nd ref="1416392297"/>
    <nd ref="1416392300"/>
    <nd ref="246110778"/>
    <tag k="access" v="yes"/>
    <tag k="bicycle" v="yes"/>
    <tag k="cycleway" v="no"/>
    <tag k="highway" v="tertiary"/>
    <tag k="horse" v="yes"/>
    <tag k="lanes" v="2"/>
    <tag k="lit" v="yes"/>
    <tag k="maxspeed" v="40 mph"/>
    <tag k="motor_vehicle" v="yes"/>
    <tag k="name" v="Melton Lane"/>
    <tag k="oneway" v="no"/>
    <tag k="source:name" v="survey"/>
    <tag k="surface" v="asphalt"/>
  </way>
  <way id="143645201" version="7" timestamp="2021-08-26T13:53:36Z" changeset="110290297" uid="242345" user="confusedbuffalo">
    <nd ref="1571944165"/>
    <nd ref="4416943596"/>
    <nd ref="258726292"/>
    <nd ref="1416392288"/>
    <nd ref="1711504683"/>
    <nd ref="4797401065"/>
    <nd ref="1075941647"/>
    <nd ref="4416943604"/>
    <nd ref="258726290"/>
    <nd ref="1651279071"/>
    <nd ref="1416392295"/>
    <nd ref="258726289"/>
    <nd ref="4797401090"/>
    <nd ref="1416392308"/>
    <nd ref="1416392310"/>
    <nd ref="258726288"/>
    <nd ref="1416392319"/>
    <nd ref="258726287"/>
    <nd ref="258726286"/>
    <nd ref="1416392316"/>
    <nd ref="1416392313"/>
    <nd ref="258726285"/>
    <nd ref="712747906"/>
    <nd ref="1416392303"/>
    <nd ref="258726284"/>
    <nd ref="4085582342"/>
    <nd ref="4085582339"/>
    <nd ref="258726283"/>
    <nd ref="4085582332"/>
    <nd ref="258726282"/>
    <nd ref="258726281"/>
    <nd ref="4085582322"/>
    <nd ref="4085582323"/>
    <nd ref="246110776"/>
    <nd ref="1571942701"/>
    <nd ref="246110777"/>
    <nd ref="4416943606"/>
    <tag k="bicycle" v="yes"/>
    <tag k="cycleway" v="no"/>
    <tag k="highway" v="tertiary"/>
    <tag k="horse" v="yes"/>
    <tag k="lanes" v="2"/>
    <tag k="lit" v="no"/>
    <tag k="maxspeed" v="60 mph"/>
    <tag k="maxspeed:type" v="GB:nsl_single"/>
    <tag k="motor_vehicle" v="yes"/>
    <tag k="name" v="Melton Lane"/>
    <tag k="oneway" v="no"/>
    <tag k="surface" v="asphalt"/>
  </way>
  <way id="143645298" version="4" timestamp="2017-04-16T23:54:34Z" changeset="47851704" uid="207845" user="will_p">
    <nd ref="258726297"/>
    <nd ref="4797400873"/>
    <nd ref="1075931184"/>
    <nd ref="4797400872"/>
    <nd ref="1416392215"/>
    <nd ref="1416392218"/>
    <nd ref="258726296"/>
    <nd ref="4797400960"/>
    <nd ref="4797400959"/>
    <nd ref="258726295"/>
    <nd ref="4797400958"/>
    <nd ref="4797400989"/>
    <nd ref="4797400988"/>
    <nd ref="258726294"/>
    <nd ref="4797400987"/>
    <nd ref="1416392229"/>
    <nd ref="4416942956"/>
    <nd ref="1571944165"/>
    <tag k="access" v="yes"/>
    <tag k="bicycle" v="yes"/>
    <tag k="cycleway" v="no"/>
    <tag k="highway" v="tertiary"/>
    <tag k="horse" v="yes"/>
    <tag k="lanes" v="2"/>
    <tag k="lit" v="yes"/>
    <tag k="maxspeed" v="40 mph"/>
    <tag k="motor_vehicle" v="yes"/>
    <tag k="name" v="Melton Lane"/>
    <tag k="oneway" v="no"/>
    <tag k="surface" v="asphalt"/>
  </way>
  <way id="143645300" version="3" timestamp="2017-04-16T23:54:34Z" changeset="47851704" uid="207845" user="will_p">
    <nd ref="302001370"/>
    <nd ref="685977282"/>
    <nd ref="4797400795"/>
    <nd ref="302001368"/>
    <nd ref="1416392204"/>
    <nd ref="1416392211"/>
    <nd ref="258726297"/>
    <tag k="access" v="yes"/>
    <tag k="bicycle" v="yes"/>
    <tag k="cycleway" v="no"/>
    <tag k="highway" v="tertiary"/>
    <tag k="horse" v="yes"/>
    <tag k="lanes" v="2"/>
    <tag k="lit" v="no"/>
    <tag k="maxspeed" v="40 mph"/>
    <tag k="motor_vehicle" v="yes"/>
    <tag k="name" v="Melton Lane"/>
    <tag k="oneway" v="no"/>
    <tag k="surface" v="asphalt"/>
  </way>
  <way id="143645327" version="4" timestamp="2017-04-19T21:12:42Z" changeset="47952532" uid="207845" user="will_p">
    <nd ref="302001373"/>
    <nd ref="1664829472"/>
    <nd ref="1416392185"/>
    <nd ref="1664829479"/>
    <nd ref="1075931172"/>
    <nd ref="1416392187"/>
    <nd ref="302001372"/>
    <nd ref="4804644505"/>
    <nd ref="4804644506"/>
    <nd ref="4804644507"/>
    <nd ref="4804644212"/>
    <nd ref="302001370"/>
    <tag k="access" v="yes"/>
    <tag k="bicycle" v="yes"/>
    <tag k="cycleway" v="no"/>
    <tag k="highway" v="tertiary"/>
    <tag k="horse" v="yes"/>
    <tag k="lanes" v="2"/>
    <tag k="lit" v="yes"/>
    <tag k="maxspeed" v="40 mph"/>
    <tag k="motor_vehicle" v="yes"/>
    <tag k="name" v="Melton Lane"/>
    <tag k="oneway" v="no"/>
    <tag k="surface" v="asphalt"/>
  </way>
  <way id="153853937" version="3" timestamp="2017-04-19T21:12:44Z" changeset="47952532" uid="207845" user="will_p">
    <nd ref="4804644453"/>
    <nd ref="1664829777"/>
    <nd ref="1664829644"/>
    <nd ref="1664829384"/>
    <nd ref="1664829302"/>
    <nd ref="4416942942"/>
    <nd ref="4804644461"/>
    <nd ref="4804644460"/>
    <nd ref="4804644452"/>
    <nd ref="1664830066"/>
    <nd ref="1664829372"/>
    <nd ref="1664829939"/>
    <nd ref="1664829789"/>
    <nd ref="4804644453"/>
    <tag k="addr:postcode" v="LE12 5RQ"/>
    <tag k="addr:street" v="Melton Lane"/>
    <tag k="alt_name" v="Pithouse"/>
    <tag k="amenity" v="pub"/>
    <tag k="building" v="pub"/>
    <tag k="fhrs:id" v="357051"/>
    <tag k="name" v="The Star"/>
    <tag k="source:addr:postcode" v="FHRS Open Data"/>
  </way>
  <way id="159051143" version="9" timestamp="2024-07-18T06:52:23Z" changeset="154085988" uid="417748" user="Dave Venables">
    <nd ref="1711536529"/>
    <nd ref="4084073592"/>
    <nd ref="4084073591"/>
    <nd ref="1711536522"/>
    <nd ref="1711536500"/>
    <nd ref="4084073479"/>
    <nd ref="4818948429"/>
    <nd ref="1322993501"/>
    <nd ref="1744524727"/>
    <nd ref="1711536513"/>
    <nd ref="1711536529"/>
    <tag k="addr:housenumber" v="6"/>
    <tag k="addr:postcode" v="LE12 5EQ"/>
    <tag k="addr:street" v="Main Street"/>
    <tag k="addr:suburb" v="Zouch"/>
    <tag k="addr:village" v="Zouch"/>
    <tag k="amenity" v="pub"/>
    <tag k="building" v="yes"/>
    <tag k="contact:facebook" v="https://www.facebook.com/RoseandCrownZouch/"/>
    <tag k="fhrs:id" v="1656973"/>
    <tag k="food" v="yes"/>
    <tag k="name" v="Rose and Crown"/>
    <tag k="outdoor_seating" v="yes"/>
    <tag k="real_ale" v="yes"/>
    <tag k="source:addr" v="FHRS Open Data"/>
    <tag k="source:building" v="Bing"/>
    <tag k="source:name" v="survey"/>
  </way>
  <way id="159051144" version="4" timestamp="2021-04-01T20:18:59Z" changeset="102147385" uid="7037" user="Gregory Williams">
    <nd ref="1711536528"/>
    <nd ref="1711536526"/>
    <nd ref="4084073477"/>
    <nd ref="4084073473"/>
    <nd ref="1711536553"/>
    <nd ref="1711536532"/>
    <nd ref="4084073486"/>
    <nd ref="4084073488"/>
    <nd ref="1711536528"/>
    <tag k="addr:housenumber" v="8"/>
    <tag k="addr:postcode" v="LE12 5EQ"/>
    <tag k="addr:street" v="Main Street"/>
    <tag k="building" v="detached"/>
    <tag k="ref:GB:uprn" v="3040000093"/>
    <tag k="source" v="Bing"/>
    <tag k="source:addr:postcode" v="OS Opendata Codepoint"/>
  </way>
  <way id="159051145" version="3" timestamp="2017-04-26T22:46:09Z" changeset="48177362" uid="207845" user="will_p">
    <nd ref="4818948455"/>
    <nd ref="4818948454"/>
    <nd ref="1711536549"/>
    <nd ref="1711536539"/>
    <nd ref="1711536519"/>
    <nd ref="1711536521"/>
    <nd ref="1711536541"/>
    <nd ref="1711536546"/>
    <nd ref="4818948428"/>
    <nd ref="4818948425"/>
    <nd ref="4818948426"/>
    <nd ref="4818948427"/>
    <nd ref="4818948455"/>
    <tag k="addr:housename" v="Mill Cottage"/>
    <tag k="addr:housenumber" v="16"/>
    <tag k="addr:postcode" v="LE12 5EQ"/>
    <tag k="addr:street" v="Main Street"/>
    <tag k="building" v="residential"/>
    <tag k="source" v="Bing"/>
    <tag k="source:addr:postcode" v="OS Opendata Codepoint"/>
  </way>
  <way id="159051149" version="4" timestamp="2021-04-01T20:18:59Z" changeset="102147385" uid="7037" user="Gregory Williams">
    <nd ref="1711536514"/>
    <nd ref="1711536503"/>
    <nd ref="1711536518"/>
    <nd ref="1711536527"/>
    <nd ref="4084073481"/>
    <nd ref="4084073484"/>
    <nd ref="1711536514"/>
    <tag k="addr:housename" v="The Riverhouse"/>
    <tag k="addr:housenumber" v="10"/>
    <tag k="addr:postcode" v="LE12 5EQ"/>
    <tag k="addr:street" v="Main Street"/>
    <tag k="building" v="detached"/>
    <tag k="ref:GB:uprn" v="3040000110"/>
    <tag k="source" v="Bing"/>
    <tag k="source:addr:postcode" v="OS Opendata Codepoint"/>
  </way>
  <way id="159051326" version="3" timestamp="2021-04-01T20:18:59Z" changeset="102147385" uid="7037" user="Gregory Williams">
    <nd ref="1711543026"/>
    <nd ref="1711543035"/>
    <nd ref="1711543063"/>
    <nd ref="1711543058"/>
    <nd ref="1711543030"/>
    <nd ref="1711543026"/>
    <tag k="addr:housenumber" v="7A"/>
    <tag k="addr:postcode" v="LE12 5EQ"/>
    <tag k="addr:street" v="Main Street"/>
    <tag k="building" v="detached"/>
    <tag k="ref:GB:uprn" v="3040067903"/>
    <tag k="source" v="Bing"/>
    <tag k="source:addr:postcode" v="OS Opendata Codepoint"/>
  </way>
  <way id="159051330" version="3" timestamp="2021-04-01T20:18:59Z" changeset="102147385" uid="7037" user="Gregory Williams">
    <nd ref="1711543057"/>
    <nd ref="1711543056"/>
    <nd ref="1711543059"/>
    <nd ref="4818948442"/>
    <nd ref="4818948441"/>
    <nd ref="1711543060"/>
    <nd ref="1711543057"/>
    <tag k="addr:housenumber" v="7"/>
    <tag k="addr:postcode" v="LE12 5EQ"/>
    <tag k="addr:street" v="Main Street"/>
    <tag k="building" v="detached"/>
    <tag k="ref:GB:uprn" v="3040000109"/>
    <tag k="source" v="Bing"/>
    <tag k="source:addr:postcode" v="OS Opendata Codepoint"/>
  </way>
  <way id="159051331" version="3" timestamp="2017-04-26T22:46:10Z" changeset="48177362" uid="207845" user="will_p">
    <nd ref="4084073472"/>
    <nd ref="1711543047"/>
    <nd ref="1711543040"/>
    <nd ref="4818948464"/>
    <nd ref="4084073482"/>
    <nd ref="4084073480"/>
    <nd ref="4084073472"/>
    <tag k="addr:housenumber" v="2"/>
    <tag k="addr:postcode" v="LE12 5EU"/>
    <tag k="addr:street" v="Woods Mews"/>
    <tag k="building" v="residential"/>
    <tag k="source:addr" v="survey"/>
    <tag k="source:addr:postcode" v="OS Opendata Codepoint"/>
  </way>
  <way id="159051807" version="2" timestamp="2017-04-26T22:46:10Z" changeset="48177362" uid="207845" user="will_p">
    <nd ref="1711548365"/>
    <nd ref="1711548367"/>
    <nd ref="1711548369"/>
    <nd ref="1711548376"/>
    <nd ref="1711548365"/>
    <tag k="addr:housenumber" v="1"/>
    <tag k="addr:postcode" v="LE12 5EQ"/>
    <tag k="addr:street" v="Main Street"/>
    <tag k="building" v="residential"/>
    <tag k="source" v="Bing"/>
    <tag k="source:addr:postcode" v="OS Opendata Codepoint"/>
  </way>
  <way id="159051809" version="2" timestamp="2017-04-26T22:46:11Z" changeset="48177362" uid="207845" user="will_p">
    <nd ref="1711548352"/>
    <nd ref="1711548345"/>
    <nd ref="1711548347"/>
    <nd ref="1711548343"/>
    <nd ref="1711548352"/>
    <tag k="addr:housenumber" v="3"/>
    <tag k="addr:postcode" v="LE12 5EQ"/>
    <tag k="addr:street" v="Main Street"/>
    <tag k="building" v="residential"/>
    <tag k="source" v="Bing"/>
    <tag k="source:addr:postcode" v="OS Opendata Codepoint"/>
  </way>
  <way id="204030570" version="1" timestamp="2013-02-03T18:10:53Z" changeset="14900237" uid="207845" user="will_p">
    <nd ref="258726652"/>
    <nd ref="1416392208"/>
    <nd ref="258726297"/>
    <tag k="access" v="yes"/>
    <tag k="bicycle" v="yes"/>
    <tag k="designation" v="quiet_lane"/>
    <tag k="foot" v="yes"/>
    <tag k="highway" v="unclassified"/>
    <tag k="horse" v="yes"/>
    <tag k="maxspeed" v="40 mph"/>
    <tag k="motor_vehicle" v="yes"/>
    <tag k="name" v="Landcroft Lane"/>
    <tag k="surface" v="paved"/>
  </way>
  <way id="204030571" version="1" timestamp="2013-02-03T18:10:53Z" changeset="14900237" uid="207845" user="will_p">
    <nd ref="2140407887"/>
    <nd ref="258726382"/>
    <nd ref="2140407888"/>
    <tag k="alt_name" v="Shepherd's Close"/>
    <tag k="highway" v="residential"/>
    <tag k="name" v="Shepherds Close"/>
    <tag k="postal_code" v="LE12 5NL"/>
  </way>
  <way id="262287398" version="5" timestamp="2025-06-04T14:46:30Z" changeset="167183004" uid="21686462" user="Dalts2904">
    <nd ref="2679538036"/>
    <nd ref="12886916755"/>
    <nd ref="34672678"/>
    <nd ref="249244366"/>
    <nd ref="3012392456"/>
    <nd ref="3012392457"/>
    <nd ref="14351682"/>
    <nd ref="3012392458"/>
    <nd ref="14351681"/>
    <nd ref="3012392465"/>
    <nd ref="3012392466"/>
    <nd ref="34672677"/>
    <nd ref="3012392467"/>
    <nd ref="3012392468"/>
    <nd ref="1744524724"/>
    <nd ref="4818948186"/>
    <nd ref="3012392471"/>
    <nd ref="14351680"/>
    <nd ref="3012392474"/>
    <nd ref="1744524726"/>
    <nd ref="3012392475"/>
    <nd ref="14351679"/>
    <nd ref="3012392476"/>
    <nd ref="1711536523"/>
    <nd ref="3012392473"/>
    <nd ref="14351678"/>
    <nd ref="4084073458"/>
    <nd ref="3012392470"/>
    <nd ref="3012392469"/>
    <nd ref="34672676"/>
    <nd ref="3012392472"/>
    <nd ref="14351677"/>
    <nd ref="249244343"/>
    <tag k="highway" v="primary"/>
    <tag k="maxspeed" v="40 mph"/>
    <tag k="name" v="Main Street"/>
    <tag k="ref" v="A6006"/>
    <tag k="source:maxspeed" v="survey"/>
  </way>
  <way id="311426262" version="3" timestamp="2017-04-19T23:39:12Z" changeset="47954894" uid="207845" user="will_p">
    <nd ref="3170681628"/>
    <nd ref="3170681629"/>
    <nd ref="4804783099"/>
    <tag k="highway" v="residential"/>
    <tag k="name" v="Rectory Close"/>
  </way>
  <way id="368824847" version="4" timestamp="2025-01-18T20:07:05Z" changeset="161504409" uid="8857" user="philipcullen">
    <nd ref="3726677021"/>
    <nd ref="1204266215"/>
    <nd ref="1204263666"/>
    <nd ref="3726677024"/>
    <nd ref="3726677126"/>
    <nd ref="3726677128"/>
    <nd ref="3726677125"/>
    <nd ref="3726677021"/>
    <tag k="addr:housenumber" v="24"/>
    <tag k="addr:postcode" v="LE12 5NE"/>
    <tag k="addr:street" v="Main Street"/>
    <tag k="building" v="house"/>
    <tag k="house" v="terraced"/>
    <tag k="ref:GB:uprn" v="10015341914"/>
    <tag k="source:addr" v="survey"/>
    <tag k="source:addr:postcode" v="OS Opendata Codepoint"/>
  </way>
  <way id="368824848" version="4" timestamp="2025-01-18T20:07:05Z" changeset="161504409" uid="8857" user="philipcullen">
    <nd ref="3726677127"/>
    <nd ref="3726677130"/>
    <nd ref="3726677131"/>
    <nd ref="3726677129"/>
    <nd ref="1204262502"/>
    <nd ref="1204263914"/>
    <nd ref="3726677023"/>
    <nd ref="3726677022"/>
    <nd ref="3726677127"/>
    <tag k="addr:housenumber" v="28"/>
    <tag k="addr:postcode" v="LE12 5NE"/>
    <tag k="addr:street" v="Main Street"/>
    <tag k="building" v="retail"/>
    <tag k="name" v="Jenny Wren Gift Shop"/>
    <tag k="ref:GB:uprn" v="3040000160"/>
    <tag k="shop" v="gift"/>
    <tag k="source:addr" v="survey"/>
    <tag k="source:addr:postcode" v="OS Opendata Codepoint"/>
  </way>
  <way id="368824849" version="5" timestamp="2025-05-10T18:07:45Z" changeset="166080876" uid="12992" user="trigpoint">
    <nd ref="3726677393"/>
    <nd ref="1204263931"/>
    <nd ref="1204261820"/>
    <nd ref="1369148506"/>
    <nd ref="3726677384"/>
    <nd ref="3726677393"/>
    <tag k="addr:housenumber" v="2"/>
    <tag k="addr:postcode" v="LE12 5PQ"/>
    <tag k="addr:street" v="Pasture Lane"/>
    <tag k="brand" v="Lifestyle Express"/>
    <tag k="building" v="shop"/>
    <tag k="fhrs:id" v="266108"/>
    <tag k="name" v="Pasture Lane Stores"/>
    <tag k="ref:GB:uprn" v="3040000420"/>
    <tag k="shop" v="convenience"/>
    <tag k="source:addr" v="FHRS Open Data"/>
  </way>
  <way id="368824851" version="2" timestamp="2017-04-20T23:40:06Z" changeset="47987163" uid="207845" user="will_p">
    <nd ref="3726676945"/>
    <nd ref="3726676946"/>
    <nd ref="3726676948"/>
    <nd ref="3726676944"/>
    <nd ref="3726676942"/>
    <nd ref="3726676940"/>
    <nd ref="3726676939"/>
    <nd ref="3726676938"/>
    <nd ref="3726676937"/>
    <nd ref="3726676941"/>
    <nd ref="3726676945"/>
    <tag k="addr:housenumber" v="10"/>
    <tag k="addr:postcode" v="LE12 5NH"/>
    <tag k="addr:street" v="Park Lane"/>
    <tag k="building" v="detached"/>
    <tag k="source:addr" v="survey"/>
    <tag k="source:addr:postcode" v="OS Opendata Codepoint"/>
    <tag k="source:building" v="Bing"/>
  </way>
  <way id="368824852" version="3" timestamp="2022-03-26T18:31:52Z" changeset="118958417" uid="242345" user="confusedbuffalo">
    <nd ref="3726677363"/>
    <nd ref="4804783057"/>
    <nd ref="4804783051"/>
    <nd ref="4804783063"/>
    <nd ref="4804783062"/>
    <nd ref="3726677381"/>
    <nd ref="3726677363"/>
    <tag k="addr:housenumber" v="46"/>
    <tag k="addr:postcode" v="LE12 5PF"/>
    <tag k="addr:street" v="Main Street"/>
    <tag k="building" v="house"/>
    <tag k="house" v="terraced"/>
    <tag k="source:addr" v="survey"/>
    <tag k="source:addr:postcode" v="OS Opendata Codepoint"/>
    <tag k="source:building" v="Bing"/>
  </way>
  <way id="368824853" version="4" timestamp="2022-06-23T06:49:59Z" changeset="122741136" uid="417748" user="Dave Venables">
    <nd ref="3726678036"/>
    <nd ref="4085582126"/>
    <nd ref="4085582123"/>
    <nd ref="4085582122"/>
    <nd ref="4085582115"/>
    <nd ref="3726678028"/>
    <nd ref="3726678035"/>
    <nd ref="3726678041"/>
    <nd ref="3726678042"/>
    <nd ref="3726678043"/>
    <nd ref="3726678040"/>
    <nd ref="3726678039"/>
    <nd ref="3726678038"/>
    <nd ref="4085582131"/>
    <nd ref="3726678036"/>
    <tag k="addr:postcode" v="LE12 5RD"/>
    <tag k="addr:street" v="College Road"/>
    <tag k="building" v="university"/>
    <tag k="name" v="Bioenergy &amp; Brewing Science"/>
    <tag k="old_fhrs:id" v="1050671"/>
    <tag k="source:building" v="Bing"/>
    <tag k="source:name" v="survey"/>
  </way>
  <way id="368824854" version="2" timestamp="2024-11-29T13:05:34Z" changeset="159741121" uid="22163996" user="lukethesamo">
    <nd ref="3726678016"/>
    <nd ref="1204309173"/>
    <nd ref="1204310796"/>
    <nd ref="3726678012"/>
    <nd ref="3726678011"/>
    <nd ref="3726678009"/>
    <nd ref="3726678003"/>
    <nd ref="3726678004"/>
    <nd ref="3726678002"/>
    <nd ref="3726678007"/>
    <nd ref="3726678005"/>
    <nd ref="712748525"/>
    <nd ref="3726678016"/>
    <tag k="building" v="university"/>
    <tag k="name" v="The Willows"/>
    <tag k="source:building" v="Bing"/>
  </way>
  <way id="368824855" version="3" timestamp="2025-01-18T22:01:37Z" changeset="161507263" uid="8857" user="philipcullen">
    <nd ref="3726677822"/>
    <nd ref="3726677826"/>
    <nd ref="3726677827"/>
    <nd ref="3726677831"/>
    <nd ref="3726677828"/>
    <nd ref="3726677833"/>
    <nd ref="3726677832"/>
    <nd ref="3726677830"/>
    <nd ref="3726677829"/>
    <nd ref="3726677824"/>
    <nd ref="3726677825"/>
    <nd ref="3726677820"/>
    <nd ref="2087575050"/>
    <nd ref="3726677823"/>
    <nd ref="3726677822"/>
    <tag k="addr:housename" v="Wayside"/>
    <tag k="addr:housenumber" v="5"/>
    <tag k="addr:street" v="College Road"/>
    <tag k="building" v="detached"/>
    <tag k="ref:GB:uprn" v="3040050599"/>
    <tag k="source:building" v="Bing"/>
  </way>
  <way id="368824856" version="3" timestamp="2024-11-29T13:05:34Z" changeset="159741121" uid="22163996" user="lukethesamo">
    <nd ref="3726677867"/>
    <nd ref="3726677871"/>
    <nd ref="3726677889"/>
    <nd ref="3726677892"/>
    <nd ref="3726677888"/>
    <nd ref="3726677900"/>
    <nd ref="3726677911"/>
    <nd ref="3726677903"/>
    <nd ref="3726677902"/>
    <nd ref="3726677901"/>
    <nd ref="3726677913"/>
    <nd ref="3726677908"/>
    <nd ref="3726677893"/>
    <nd ref="3726677891"/>
    <nd ref="3726677894"/>
    <nd ref="3726677883"/>
    <nd ref="3726677875"/>
    <nd ref="3726677876"/>
    <nd ref="3726677870"/>
    <nd ref="3726677879"/>
    <nd ref="3726677867"/>
    <tag k="building" v="dormitory"/>
    <tag k="name" v="Zouch"/>
    <tag k="source:building" v="Bing"/>
  </way>
  <way id="368824857" version="3" timestamp="2024-11-29T13:05:34Z" changeset="159741121" uid="22163996" user="lukethesamo">
    <nd ref="3726677860"/>
    <nd ref="3726677856"/>
    <nd ref="3726677855"/>
    <nd ref="3726677852"/>
    <nd ref="3726677850"/>
    <nd ref="3726677858"/>
    <nd ref="3726677859"/>
    <nd ref="3726677868"/>
    <nd ref="3726677865"/>
    <nd ref="3726677866"/>
    <nd ref="3726677864"/>
    <nd ref="3726677854"/>
    <nd ref="3726677849"/>
    <nd ref="3726677847"/>
    <nd ref="3726677846"/>
    <nd ref="3726677842"/>
    <nd ref="3726677848"/>
    <nd ref="3726677845"/>
    <nd ref="3726677851"/>
    <nd ref="3726677853"/>
    <nd ref="3726677857"/>
    <nd ref="3726677861"/>
    <nd ref="3726677862"/>
    <nd ref="3726677863"/>
    <nd ref="3726677860"/>
    <tag k="building" v="dormitory"/>
    <tag k="name" v="Barton"/>
    <tag k="source:building" v="Bing"/>
  </way>
  <way id="368824858" version="3" timestamp="2024-11-29T13:05:34Z" changeset="159741121" uid="22163996" user="lukethesamo">
    <nd ref="3726677907"/>
    <nd ref="3726677909"/>
    <nd ref="3726677906"/>
    <nd ref="3726677904"/>
    <nd ref="3726677905"/>
    <nd ref="3726677898"/>
    <nd ref="3726677887"/>
    <nd ref="3726677886"/>
    <nd ref="3726677882"/>
    <nd ref="3726677890"/>
    <nd ref="3726677872"/>
    <nd ref="3726677874"/>
    <nd ref="3726677873"/>
    <nd ref="3726677878"/>
    <nd ref="3726677881"/>
    <nd ref="3726677880"/>
    <nd ref="3726677895"/>
    <nd ref="3726677897"/>
    <nd ref="3726677929"/>
    <nd ref="3726677924"/>
    <nd ref="3726677927"/>
    <nd ref="3726677923"/>
    <nd ref="3726677926"/>
    <nd ref="3726677922"/>
    <nd ref="3726677916"/>
    <nd ref="3726677918"/>
    <nd ref="3726677907"/>
    <tag k="building" v="dormitory"/>
    <tag k="name" v="Stanford"/>
    <tag k="source:building" v="Bing"/>
  </way>
  <way id="368824860" version="3" timestamp="2021-04-01T20:11:37Z" changeset="102147141" uid="7037" user="Gregory Williams">
    <nd ref="3726677462"/>
    <nd ref="3726677463"/>
    <nd ref="3726677474"/>
    <nd ref="3726677471"/>
    <nd ref="3726677462"/>
    <tag k="addr:housenumber" v="26"/>
    <tag k="addr:postcode" v="LE12 5PJ"/>
    <tag k="addr:street" v="Rectory Close"/>
    <tag k="building" v="detached"/>
    <tag k="ref:GB:uprn" v="3040068039"/>
    <tag k="source:addr" v="survey"/>
    <tag k="source:addr:postcode" v="OS Opendata Codepoint"/>
    <tag k="source:building" v="Bing"/>
  </way>
  <way id="368824863" version="3" timestamp="2021-04-01T20:11:37Z" changeset="102147141" uid="7037" user="Gregory Williams">
    <nd ref="3726677576"/>
    <nd ref="3726677571"/>
    <nd ref="3726677559"/>
    <nd ref="3726677564"/>
    <nd ref="3726677576"/>
    <tag k="addr:housenumber" v="4"/>
    <tag k="addr:postcode" v="LE12 5PJ"/>
    <tag k="addr:street" v="Rectory Close"/>
    <tag k="building" v="detached"/>
    <tag k="ref:GB:uprn" v="3040070371"/>
    <tag k="source:addr" v="survey"/>
    <tag k="source:addr:postcode" v="OS Opendata Codepoint"/>
    <tag k="source:building" v="Bing"/>
  </way>
  <way id="368824864" version="3" timestamp="2021-04-01T20:11:37Z" changeset="102147141" uid="7037" user="Gregory Williams">
    <nd ref="3726677579"/>
    <nd ref="3726677577"/>
    <nd ref="3726677582"/>
    <nd ref="3726677586"/>
    <nd ref="3726677579"/>
    <tag k="addr:housenumber" v="5"/>
    <tag k="addr:postcode" v="LE12 5PJ"/>
    <tag k="addr:street" v="Rectory Close"/>
    <tag k="building" v="detached"/>
    <tag k="ref:GB:uprn" v="3040070372"/>
    <tag k="source:addr" v="survey"/>
    <tag k="source:addr:postcode" v="OS Opendata Codepoint"/>
    <tag k="source:building" v="Bing"/>
  </way>
  <way id="368824865" version="4" timestamp="2022-02-26T13:34:01Z" changeset="117879080" uid="242345" user="confusedbuffalo">
    <nd ref="3726677432"/>
    <nd ref="4804783105"/>
    <nd ref="4804783104"/>
    <nd ref="3726677425"/>
    <nd ref="3726677432"/>
    <tag k="addr:housenumber" v="20"/>
    <tag k="addr:postcode" v="LE12 5PJ"/>
    <tag k="addr:street" v="Rectory Close"/>
    <tag k="building" v="semidetached_house"/>
    <tag k="ref:GB:uprn" v="3040068043"/>
    <tag k="source:addr" v="survey"/>
    <tag k="source:addr:housenumber" v="interpolation"/>
    <tag k="source:addr:postcode" v="OS Opendata Codepoint"/>
    <tag k="source:building" v="Bing"/>
  </way>
  <way id="368824868" version="4" timestamp="2022-02-26T13:34:01Z" changeset="117879080" uid="242345" user="confusedbuffalo">
    <nd ref="3726677434"/>
    <nd ref="4804783116"/>
    <nd ref="4804783115"/>
    <nd ref="3726677429"/>
    <nd ref="3726677434"/>
    <tag k="addr:housenumber" v="24"/>
    <tag k="addr:postcode" v="LE12 5PJ"/>
    <tag k="addr:street" v="Rectory Close"/>
    <tag k="building" v="semidetached_house"/>
    <tag k="ref:GB:uprn" v="3040068041"/>
    <tag k="source:addr" v="survey"/>
    <tag k="source:addr:postcode" v="OS Opendata Codepoint"/>
    <tag k="source:building" v="Bing"/>
  </way>
  <way id="368824874" version="2" timestamp="2016-03-29T20:31:38Z" changeset="38152465" uid="207845" user="will_p">
    <nd ref="3726677925"/>
    <nd ref="3726677914"/>
    <nd ref="3726677920"/>
    <nd ref="4085581516"/>
    <nd ref="3726677933"/>
    <nd ref="3726677925"/>
    <tag k="building" v="yes"/>
    <tag k="name" v="The Opal Building"/>
    <tag k="source:building" v="Bing"/>
    <tag k="source:name" v="survey"/>
  </way>
  <way id="368824879" version="3" timestamp="2021-04-01T20:11:37Z" changeset="102147141" uid="7037" user="Gregory Williams">
    <nd ref="3726677565"/>
    <nd ref="3726677554"/>
    <nd ref="3726677544"/>
    <nd ref="3726677555"/>
    <nd ref="3726677565"/>
    <tag k="addr:housenumber" v="11"/>
    <tag k="addr:postcode" v="LE12 5PJ"/>
    <tag k="addr:street" v="Rectory Close"/>
    <tag k="building" v="detached"/>
    <tag k="ref:GB:uprn" v="3040070019"/>
    <tag k="source:addr" v="survey"/>
    <tag k="source:addr:postcode" v="OS Opendata Codepoint"/>
    <tag k="source:building" v="Bing"/>
  </way>
  <way id="368824883" version="3" timestamp="2021-04-01T20:11:37Z" changeset="102147141" uid="7037" user="Gregory Williams">
    <nd ref="3726677547"/>
    <nd ref="3726677567"/>
    <nd ref="3726677573"/>
    <nd ref="3726677556"/>
    <nd ref="3726677547"/>
    <tag k="addr:housename" v="Holly Tree House"/>
    <tag k="addr:housenumber" v="2"/>
    <tag k="addr:postcode" v="LE12 5PJ"/>
    <tag k="addr:street" v="Rectory Close"/>
    <tag k="building" v="detached"/>
    <tag k="ref:GB:uprn" v="3040068036"/>
    <tag k="source:addr" v="survey"/>
    <tag k="source:addr:postcode" v="OS Opendata Codepoint"/>
    <tag k="source:building" v="Bing"/>
  </way>
  <way id="368824884" version="4" timestamp="2022-03-26T18:31:52Z" changeset="118958417" uid="242345" user="confusedbuffalo">
    <nd ref="3726677484"/>
    <nd ref="4804783103"/>
    <nd ref="4804783102"/>
    <nd ref="3726677502"/>
    <nd ref="3726677484"/>
    <tag k="addr:housenumber" v="16"/>
    <tag k="addr:postcode" v="LE12 5PJ"/>
    <tag k="addr:street" v="Rectory Close"/>
    <tag k="building" v="house"/>
    <tag k="house" v="terraced"/>
    <tag k="ref:GB:uprn" v="3040068047"/>
    <tag k="source:addr" v="survey"/>
    <tag k="source:addr:postcode" v="OS Opendata Codepoint"/>
    <tag k="source:building" v="Bing"/>
  </way>
  <way id="368824886" version="3" timestamp="2021-04-01T20:11:37Z" changeset="102147141" uid="7037" user="Gregory Williams">
    <nd ref="3726677450"/>
    <nd ref="3726677445"/>
    <nd ref="3726677458"/>
    <nd ref="3726677470"/>
    <nd ref="3726677450"/>
    <tag k="addr:housenumber" v="19"/>
    <tag k="addr:postcode" v="LE12 5PJ"/>
    <tag k="addr:street" v="Rectory Close"/>
    <tag k="building" v="detached"/>
    <tag k="ref:GB:uprn" v="3040068044"/>
    <tag k="source:addr" v="survey"/>
    <tag k="source:addr:housenumber" v="interpolation"/>
    <tag k="source:addr:postcode" v="OS Opendata Codepoint"/>
    <tag k="source:building" v="Bing"/>
  </way>
  <way id="368824888" version="3" timestamp="2022-02-26T13:34:01Z" changeset="117879080" uid="242345" user="confusedbuffalo">
    <nd ref="3726677174"/>
    <nd ref="3726677178"/>
    <nd ref="3726677191"/>
    <nd ref="3726677182"/>
    <nd ref="3726677180"/>
    <nd ref="3726677174"/>
    <tag k="addr:housenumber" v="5"/>
    <tag k="addr:postcode" v="LE12 5PL"/>
    <tag k="addr:street" v="Pasture Close"/>
    <tag k="building" v="semidetached_house"/>
    <tag k="source:addr" v="survey"/>
    <tag k="source:addr:postcode" v="OS Opendata Codepoint"/>
  </way>
  <way id="368824889" version="3" timestamp="2021-04-01T20:11:37Z" changeset="102147141" uid="7037" user="Gregory Williams">
    <nd ref="3726677534"/>
    <nd ref="3726677517"/>
    <nd ref="3726677532"/>
    <nd ref="3726677549"/>
    <nd ref="3726677543"/>
    <nd ref="3726677538"/>
    <nd ref="3726677534"/>
    <tag k="addr:housename" v="Dawson's Craic"/>
    <tag k="addr:housenumber" v="8"/>
    <tag k="addr:postcode" v="LE12 5PJ"/>
    <tag k="addr:street" v="Rectory Close"/>
    <tag k="building" v="detached"/>
    <tag k="ref:GB:uprn" v="3040069997"/>
    <tag k="source:addr" v="survey"/>
    <tag k="source:addr:postcode" v="OS Opendata Codepoint"/>
    <tag k="source:building" v="Bing"/>
  </way>
  <way id="368824891" version="3" timestamp="2021-04-01T20:11:37Z" changeset="102147141" uid="7037" user="Gregory Williams">
    <nd ref="3726677504"/>
    <nd ref="3726677512"/>
    <nd ref="3726677536"/>
    <nd ref="3726677530"/>
    <nd ref="4804783133"/>
    <nd ref="4804783134"/>
    <nd ref="3726677504"/>
    <tag k="addr:housenumber" v="7"/>
    <tag k="addr:postcode" v="LE12 5PJ"/>
    <tag k="addr:street" v="Rectory Close"/>
    <tag k="building" v="detached"/>
    <tag k="ref:GB:uprn" v="3040070289"/>
    <tag k="source:addr" v="survey"/>
    <tag k="source:addr:postcode" v="OS Opendata Codepoint"/>
    <tag k="source:building" v="Bing"/>
  </way>
  <way id="368824893" version="3" timestamp="2025-01-18T20:07:05Z" changeset="161504409" uid="8857" user="philipcullen">
    <nd ref="3726677482"/>
    <nd ref="3726677467"/>
    <nd ref="3726677472"/>
    <nd ref="3726677480"/>
    <nd ref="3726677478"/>
    <nd ref="3726677488"/>
    <nd ref="3726677482"/>
    <tag k="addr:housenumber" v="70"/>
    <tag k="addr:postcode" v="LE12 5PF"/>
    <tag k="addr:street" v="Main Street"/>
    <tag k="building" v="detached"/>
    <tag k="ref:GB:uprn" v="3040067980"/>
    <tag k="source:addr" v="survey"/>
    <tag k="source:addr:postcode" v="OS Opendata Codepoint"/>
    <tag k="source:building" v="Bing"/>
  </way>
  <way id="368824894" version="3" timestamp="2021-04-01T20:11:37Z" changeset="102147141" uid="7037" user="Gregory Williams">
    <nd ref="3726677150"/>
    <nd ref="3726677163"/>
    <nd ref="3726677165"/>
    <nd ref="3726677160"/>
    <nd ref="3726677159"/>
    <nd ref="3726677156"/>
    <nd ref="3726677150"/>
    <tag k="addr:housenumber" v="11"/>
    <tag k="addr:postcode" v="LE12 5NG"/>
    <tag k="addr:street" v="The Paddocks"/>
    <tag k="building" v="detached"/>
    <tag k="ref:GB:uprn" v="3040000261"/>
    <tag k="source:addr" v="survey"/>
    <tag k="source:addr:postcode" v="OS Opendata Codepoint"/>
    <tag k="source:building" v="Bing"/>
  </way>
  <way id="368824896" version="3" timestamp="2025-01-18T20:07:05Z" changeset="161504409" uid="8857" user="philipcullen">
    <nd ref="3726677437"/>
    <nd ref="3726677435"/>
    <nd ref="3726677446"/>
    <nd ref="3726677452"/>
    <nd ref="3726677442"/>
    <nd ref="3726677439"/>
    <nd ref="3726677437"/>
    <tag k="addr:housenumber" v="29"/>
    <tag k="addr:postcode" v="LE12 5PJ"/>
    <tag k="addr:street" v="Rectory Close"/>
    <tag k="building" v="detached"/>
    <tag k="ref:GB:uprn" v="3040067981"/>
    <tag k="source:addr" v="survey"/>
    <tag k="source:addr:postcode" v="OS Opendata Codepoint"/>
    <tag k="source:building" v="Bing"/>
  </way>
  <way id="368824897" version="3" timestamp="2021-04-01T20:11:37Z" changeset="102147141" uid="7037" user="Gregory Williams">
    <nd ref="3726677489"/>
    <nd ref="3726677501"/>
    <nd ref="3726677516"/>
    <nd ref="3726677494"/>
    <nd ref="3726677487"/>
    <nd ref="3726677492"/>
    <nd ref="3726677489"/>
    <tag k="addr:housenumber" v="15"/>
    <tag k="addr:postcode" v="LE12 5PJ"/>
    <tag k="addr:street" v="Rectory Close"/>
    <tag k="building" v="detached"/>
    <tag k="ref:GB:uprn" v="3040070020"/>
    <tag k="source:addr" v="survey"/>
    <tag k="source:addr:postcode" v="OS Opendata Codepoint"/>
    <tag k="source:building" v="Bing"/>
  </way>
  <way id="368824899" version="3" timestamp="2025-01-18T20:07:05Z" changeset="161504409" uid="8857" user="philipcullen">
    <nd ref="3726677545"/>
    <nd ref="3726677528"/>
    <nd ref="3726677541"/>
    <nd ref="3726677550"/>
    <nd ref="3726677548"/>
    <nd ref="3726677553"/>
    <nd ref="3726677545"/>
    <tag k="addr:housenumber" v="12"/>
    <tag k="addr:postcode" v="LE12 5PJ"/>
    <tag k="addr:street" v="Rectory Close"/>
    <tag k="building" v="detached"/>
    <tag k="ref:GB:uprn" v="3040070017"/>
    <tag k="source:addr" v="survey"/>
    <tag k="source:addr:postcode" v="OS Opendata Codepoint"/>
    <tag k="source:building" v="Bing"/>
  </way>
  <way id="368824901" version="3" timestamp="2022-02-26T13:34:01Z" changeset="117879080" uid="242345" user="confusedbuffalo">
    <nd ref="3726677173"/>
    <nd ref="3726677171"/>
    <nd ref="3726677172"/>
    <nd ref="3726677176"/>
    <nd ref="3726677180"/>
    <nd ref="3726677174"/>
    <nd ref="3726677173"/>
    <tag k="addr:housenumber" v="4"/>
    <tag k="addr:postcode" v="LE12 5PL"/>
    <tag k="addr:street" v="Pasture Close"/>
    <tag k="building" v="semidetached_house"/>
    <tag k="source:addr" v="survey"/>
    <tag k="source:addr:postcode" v="OS Opendata Codepoint"/>
  </way>
  <way id="368824902" version="2" timestamp="2024-11-29T13:05:34Z" changeset="159741121" uid="22163996" user="lukethesamo">
    <nd ref="3726678001"/>
    <nd ref="3726677998"/>
    <nd ref="3726677985"/>
    <nd ref="3726677989"/>
    <nd ref="3726677994"/>
    <nd ref="3726677993"/>
    <nd ref="3726678001"/>
    <tag k="building" v="university"/>
    <tag k="name" v="Equine &amp; Farm Teaching Facility"/>
    <tag k="source:building" v="Bing"/>
  </way>
  <way id="368824906" version="4" timestamp="2025-01-18T20:07:05Z" changeset="161504409" uid="8857" user="philipcullen">
    <nd ref="3726677457"/>
    <nd ref="4804783118"/>
    <nd ref="4804783117"/>
    <nd ref="3726677473"/>
    <nd ref="3726677461"/>
    <nd ref="3726677455"/>
    <nd ref="3726677457"/>
    <tag k="addr:housenumber" v="27"/>
    <tag k="addr:postcode" v="LE12 5PJ"/>
    <tag k="addr:street" v="Rectory Close"/>
    <tag k="building" v="semidetached_house"/>
    <tag k="ref:GB:uprn" v="3040068038"/>
    <tag k="source:addr" v="survey"/>
    <tag k="source:addr:postcode" v="OS Opendata Codepoint"/>
    <tag k="source:building" v="Bing"/>
  </way>
  <way id="368824907" version="3" timestamp="2021-04-01T20:11:37Z" changeset="102147141" uid="7037" user="Gregory Williams">
    <nd ref="3726677505"/>
    <nd ref="3726677520"/>
    <nd ref="3726677531"/>
    <nd ref="3726677509"/>
    <nd ref="3726677500"/>
    <nd ref="3726677507"/>
    <nd ref="3726677505"/>
    <tag k="addr:housenumber" v="14"/>
    <tag k="addr:postcode" v="LE12 5PJ"/>
    <tag k="addr:street" v="Rectory Close"/>
    <tag k="building" v="detached"/>
    <tag k="ref:GB:uprn" v="3040070018"/>
    <tag k="source:addr" v="survey"/>
    <tag k="source:addr:postcode" v="OS Opendata Codepoint"/>
    <tag k="source:building" v="Bing"/>
  </way>
  <way id="368824908" version="5" timestamp="2025-01-18T22:01:37Z" changeset="161507263" uid="8857" user="philipcullen">
    <nd ref="4085699395"/>
    <nd ref="3726677637"/>
    <nd ref="3726677638"/>
    <nd ref="3726677636"/>
    <nd ref="3726677635"/>
    <nd ref="4085699395"/>
    <tag k="addr:housenumber" v="94"/>
    <tag k="addr:postcode" v="LE12 5PF"/>
    <tag k="addr:street" v="Main Street"/>
    <tag k="building" v="house"/>
    <tag k="house" v="terraced"/>
    <tag k="ref:GB:uprn" v="3040000401"/>
    <tag k="source:addr" v="survey"/>
    <tag k="source:addr:postcode" v="OS Opendata Codepoint"/>
  </way>
  <way id="368824909" version="3" timestamp="2022-02-26T13:34:01Z" changeset="117879080" uid="242345" user="confusedbuffalo">
    <nd ref="4816838723"/>
    <nd ref="4816838722"/>
    <nd ref="1204262794"/>
    <nd ref="1204262377"/>
    <nd ref="1204262761"/>
    <nd ref="1204262353"/>
    <nd ref="4816838723"/>
    <tag k="addr:housenumber" v="9"/>
    <tag k="addr:postcode" v="LE12 5ND"/>
    <tag k="addr:street" v="Main Street"/>
    <tag k="building" v="semidetached_house"/>
    <tag k="source:addr" v="survey"/>
    <tag k="source:addr:postcode" v="OS Opendata Codepoint"/>
  </way>
  <way id="368824910" version="3" timestamp="2021-04-01T20:11:37Z" changeset="102147141" uid="7037" user="Gregory Williams">
    <nd ref="3726677503"/>
    <nd ref="3726677486"/>
    <nd ref="3726677497"/>
    <nd ref="3726677525"/>
    <nd ref="3726677519"/>
    <nd ref="3726677506"/>
    <nd ref="3726677503"/>
    <tag k="addr:housenumber" v="1"/>
    <tag k="addr:postcode" v="LE12 5PJ"/>
    <tag k="addr:street" v="Rectory Close"/>
    <tag k="building" v="detached"/>
    <tag k="ref:GB:uprn" v="3040067983"/>
    <tag k="source:addr" v="survey"/>
    <tag k="source:addr:postcode" v="OS Opendata Codepoint"/>
    <tag k="source:building" v="Bing"/>
  </way>
  <way id="368824912" version="3" timestamp="2021-04-01T20:11:37Z" changeset="102147141" uid="7037" user="Gregory Williams">
    <nd ref="3726677527"/>
    <nd ref="3726677499"/>
    <nd ref="3726677493"/>
    <nd ref="3726677523"/>
    <nd ref="3726677527"/>
    <tag k="addr:housenumber" v="3"/>
    <tag k="addr:postcode" v="LE12 5PJ"/>
    <tag k="addr:street" v="Rectory Close"/>
    <tag k="building" v="detached"/>
    <tag k="ref:GB:uprn" v="3040068305"/>
    <tag k="source:addr" v="survey"/>
    <tag k="source:addr:postcode" v="OS Opendata Codepoint"/>
    <tag k="source:building" v="Bing"/>
  </way>
  <way id="368824913" version="3" timestamp="2025-01-18T20:07:05Z" changeset="161504409" uid="8857" user="philipcullen">
    <nd ref="3726677568"/>
    <nd ref="3726677560"/>
    <nd ref="3726677575"/>
    <nd ref="3726677580"/>
    <nd ref="3726677568"/>
    <tag k="addr:housenumber" v="10"/>
    <tag k="addr:postcode" v="LE12 5PJ"/>
    <tag k="addr:street" v="Rectory Close"/>
    <tag k="building" v="detached"/>
    <tag k="ref:GB:uprn" v="3040070016"/>
    <tag k="source:addr" v="survey"/>
    <tag k="source:addr:postcode" v="OS Opendata Codepoint"/>
    <tag k="source:building" v="Bing"/>
  </way>
  <way id="368824915" version="3" timestamp="2021-04-01T20:11:37Z" changeset="102147141" uid="7037" user="Gregory Williams">
    <nd ref="3726677498"/>
    <nd ref="4804783136"/>
    <nd ref="3726677495"/>
    <nd ref="4804783135"/>
    <nd ref="3726677496"/>
    <nd ref="3726677508"/>
    <nd ref="3726677526"/>
    <nd ref="3726677515"/>
    <nd ref="3726677514"/>
    <nd ref="3726677518"/>
    <nd ref="3726677498"/>
    <tag k="addr:housename" v="The Round House"/>
    <tag k="addr:housenumber" v="6"/>
    <tag k="addr:postcode" v="LE12 5PJ"/>
    <tag k="addr:street" v="Rectory Close"/>
    <tag k="building" v="detached"/>
    <tag k="ref:GB:uprn" v="3040068306"/>
    <tag k="source:addr" v="survey"/>
    <tag k="source:addr:postcode" v="OS Opendata Codepoint"/>
    <tag k="source:building" v="Bing"/>
  </way>
  <way id="368824916" version="3" timestamp="2021-04-01T20:11:37Z" changeset="102147141" uid="7037" user="Gregory Williams">
    <nd ref="3726677522"/>
    <nd ref="3726677513"/>
    <nd ref="3726677524"/>
    <nd ref="3726677521"/>
    <nd ref="3726677535"/>
    <nd ref="3726677542"/>
    <nd ref="3726677533"/>
    <nd ref="3726677529"/>
    <nd ref="3726677522"/>
    <tag k="addr:housenumber" v="72"/>
    <tag k="addr:postcode" v="LE12 5PF"/>
    <tag k="addr:street" v="Main Street"/>
    <tag k="building" v="detached"/>
    <tag k="ref:GB:uprn" v="3040000391"/>
    <tag k="source:addr" v="survey"/>
    <tag k="source:addr:postcode" v="OS Opendata Codepoint"/>
    <tag k="source:building" v="Bing"/>
  </way>
  <way id="368824918" version="2" timestamp="2016-03-29T20:31:37Z" changeset="38152465" uid="207845" user="will_p">
    <nd ref="3726677999"/>
    <nd ref="3726677995"/>
    <nd ref="3726677997"/>
    <nd ref="3726677992"/>
    <nd ref="3726677990"/>
    <nd ref="3726677988"/>
    <nd ref="3726677955"/>
    <nd ref="3726677980"/>
    <nd ref="3726677999"/>
    <tag k="building" v="yes"/>
    <tag k="leisure" v="sports_centre"/>
    <tag k="name" v="Sutton Bonington (University) Sports Centre"/>
    <tag k="operator" v="The University of Nottingham"/>
    <tag k="source:building" v="Bing"/>
  </way>
  <way id="368824919" version="2" timestamp="2017-04-25T23:34:23Z" changeset="48144886" uid="207845" user="will_p">
    <nd ref="3726677000"/>
    <nd ref="3726676993"/>
    <nd ref="3726676998"/>
    <nd ref="3726676999"/>
    <nd ref="3726677004"/>
    <nd ref="3726677007"/>
    <nd ref="3726677001"/>
    <nd ref="3726677005"/>
    <nd ref="3726677000"/>
    <tag k="addr:housenumber" v="2"/>
    <tag k="addr:postcode" v="LE12 5NH"/>
    <tag k="addr:street" v="Park Lane"/>
    <tag k="building" v="detached"/>
    <tag k="source:addr" v="survey"/>
    <tag k="source:addr:housenumber" v="extrapolation"/>
    <tag k="source:addr:postcode" v="OS Opendata Codepoint"/>
  </way>
  <way id="368824920" version="4" timestamp="2022-02-26T13:34:01Z" changeset="117879080" uid="242345" user="confusedbuffalo">
    <nd ref="3726677454"/>
    <nd ref="3726677449"/>
    <nd ref="3726677456"/>
    <nd ref="3726677451"/>
    <nd ref="3726677466"/>
    <nd ref="4804783114"/>
    <nd ref="3726677454"/>
    <tag k="addr:housenumber" v="23"/>
    <tag k="addr:postcode" v="LE12 5PJ"/>
    <tag k="addr:street" v="Rectory Close"/>
    <tag k="building" v="semidetached_house"/>
    <tag k="ref:GB:uprn" v="3040070055"/>
    <tag k="source:addr" v="survey"/>
    <tag k="source:addr:postcode" v="OS Opendata Codepoint"/>
    <tag k="source:building" v="Bing"/>
  </way>
  <way id="404745350" version="3" timestamp="2024-01-20T17:58:50Z" changeset="146488267" uid="242345" user="confusedbuffalo">
    <nd ref="1416392161"/>
    <nd ref="1664830000"/>
    <nd ref="1416392166"/>
    <nd ref="1416392168"/>
    <nd ref="1075931096"/>
    <nd ref="1416392170"/>
    <nd ref="1416392171"/>
    <nd ref="256318045"/>
    <tag k="highway" v="tertiary"/>
    <tag k="lanes" v="2"/>
    <tag k="lit" v="no"/>
    <tag k="maxspeed" v="40 mph"/>
    <tag k="maxspeed:type" v="sign"/>
    <tag k="name" v="Trowell Lane"/>
    <tag k="sidewalk" v="no"/>
    <tag k="source:maxspeed" v="survey"/>
    <tag k="source:name" v="survey"/>
    <tag k="surface" v="asphalt"/>
  </way>
  <way id="406322348" version="2" timestamp="2017-04-26T22:46:19Z" changeset="48177362" uid="207845" user="will_p">
    <nd ref="34672682"/>
    <nd ref="3012392463"/>
    <tag k="access" v="private"/>
    <tag k="bridge" v="yes"/>
    <tag k="highway" v="residential"/>
    <tag k="layer" v="1"/>
    <tag k="name" v="Upper Holme"/>
    <tag k="surface" v="concrete"/>
  </way>
  <way id="406497137" version="4" timestamp="2025-01-18T22:01:37Z" changeset="161507263" uid="8857" user="philipcullen">
    <nd ref="4085582110"/>
    <nd ref="1204310641"/>
    <nd ref="1204310564"/>
    <nd ref="4085582099"/>
    <nd ref="4085582110"/>
    <tag k="addr:housenumber" v="20"/>
    <tag k="addr:postcode" v="LE12 5RA"/>
    <tag k="addr:street" v="College Road"/>
    <tag k="building" v="semidetached_house"/>
    <tag k="ref:GB:uprn" v="3040000504"/>
    <tag k="source:addr" v="survey"/>
    <tag k="source:addr:postcode" v="OS Opendata Codepoint"/>
  </way>
  <way id="406497140" version="3" timestamp="2025-01-18T22:01:37Z" changeset="161507263" uid="8857" user="philipcullen">
    <nd ref="4085582129"/>
    <nd ref="4085582128"/>
    <nd ref="4085582134"/>
    <nd ref="4085582136"/>
    <nd ref="1204309641"/>
    <nd ref="1204308946"/>
    <nd ref="4085582129"/>
    <tag k="addr:housenumber" v="47"/>
    <tag k="addr:street" v="College Road"/>
    <tag k="building" v="house"/>
    <tag k="building:levels" v="2"/>
    <tag k="ref:GB:uprn" v="3040000518"/>
    <tag k="roof:levels" v="0"/>
    <tag k="source:addr" v="survey"/>
  </way>
  <way id="406497144" version="1" timestamp="2016-03-29T20:31:21Z" changeset="38152465" uid="207845" user="will_p">
    <nd ref="712748542"/>
    <nd ref="712748537"/>
    <nd ref="712748538"/>
    <nd ref="712748539"/>
    <nd ref="712748540"/>
    <nd ref="712748541"/>
    <nd ref="712748542"/>
    <tag k="building" v="university"/>
    <tag k="name" v="South Laboratory Annexe"/>
  </way>
  <way id="406510295" version="2" timestamp="2017-10-07T19:10:56Z" changeset="52715554" uid="84681" user="SK53">
    <nd ref="1139087260"/>
    <nd ref="3733249463"/>
    <nd ref="1139087446"/>
    <nd ref="1139086784"/>
    <tag k="highway" v="residential"/>
    <tag k="lanes" v="1"/>
    <tag k="name" v="Bollard's Lane"/>
    <tag k="source" v="OS Open Streetview"/>
    <tag k="source:name" v="survey"/>
    <tag k="surface" v="asphalt"/>
  </way>
  <way id="406510300" version="1" timestamp="2016-03-29T22:18:39Z" changeset="38154273" uid="207845" user="will_p">
    <nd ref="1139086834"/>
    <nd ref="1139087441"/>
    <nd ref="4085699396"/>
    <nd ref="4085699397"/>
    <tag k="alt_name" v="Bucks Lane"/>
    <tag k="designation" v="byway_open_to_all_traffic"/>
    <tag k="fixme" v="Byway sign at junction with Main Street. Don't know how far it extends."/>
    <tag k="highway" v="residential"/>
    <tag k="lanes" v="1"/>
    <tag k="name" v="Buck's Lane"/>
    <tag k="note" v="No apostrophe on street sign."/>
    <tag k="source" v="OS Open Streetview"/>
    <tag k="source:name" v="OS Open Locator"/>
    <tag k="surface" v="asphalt"/>
  </way>
  <way id="406510304" version="4" timestamp="2025-01-18T22:01:37Z" changeset="161507263" uid="8857" user="philipcullen">
    <nd ref="3726677637"/>
    <nd ref="4085699395"/>
    <nd ref="3726677639"/>
    <nd ref="3726677641"/>
    <nd ref="3726677637"/>
    <tag k="addr:housenumber" v="96"/>
    <tag k="addr:postcode" v="LE12 5PF"/>
    <tag k="addr:street" v="Main Street"/>
    <tag k="building" v="house"/>
    <tag k="house" v="terraced"/>
    <tag k="ref:GB:uprn" v="3040000402"/>
    <tag k="source:addr" v="survey"/>
    <tag k="source:addr:postcode" v="OS Opendata Codepoint"/>
  </way>
  <way id="444207721" version="4" timestamp="2021-08-26T13:53:36Z" changeset="110290297" uid="242345" user="confusedbuffalo">
    <nd ref="246111014"/>
    <nd ref="252734530"/>
    <nd ref="252734531"/>
    <nd ref="252734517"/>
    <nd ref="5064588691"/>
    <nd ref="252734532"/>
    <tag k="highway" v="tertiary"/>
    <tag k="lanes" v="2"/>
    <tag k="lit" v="no"/>
    <tag k="maxspeed" v="60 mph"/>
    <tag k="maxspeed:type" v="GB:nsl_single"/>
    <tag k="name" v="Station Road"/>
    <tag k="sidewalk" v="right"/>
  </way>
  <way id="457337942" version="2" timestamp="2017-04-16T17:16:49Z" changeset="47843661" uid="207845" user="will_p">
    <nd ref="712747911"/>
    <nd ref="3726678027"/>
    <nd ref="3726678031"/>
    <nd ref="4796852868"/>
    <nd ref="1369148514"/>
    <nd ref="1432906621"/>
    <nd ref="246110618"/>
    <nd ref="712747913"/>
    <nd ref="3726678063"/>
    <nd ref="3726678064"/>
    <nd ref="246110621"/>
    <nd ref="246110622"/>
    <nd ref="634278297"/>
    <nd ref="246110623"/>
    <nd ref="246110778"/>
    <tag k="highway" v="tertiary"/>
    <tag k="maxspeed" v="30 mph"/>
    <tag k="name" v="College Road"/>
    <tag k="oneway" v="no"/>
  </way>
  <way id="487077954" version="2" timestamp="2022-02-26T13:34:01Z" changeset="117879080" uid="242345" user="confusedbuffalo">
    <nd ref="4795926383"/>
    <nd ref="1204262549"/>
    <nd ref="1204266468"/>
    <nd ref="4795926382"/>
    <nd ref="4795926383"/>
    <tag k="addr:housenumber" v="6"/>
    <tag k="addr:postcode" v="LE12 5PH"/>
    <tag k="addr:street" v="Soar Lane"/>
    <tag k="building" v="semidetached_house"/>
    <tag k="source:addr" v="survey"/>
    <tag k="source:addr:postcode" v="OS Opendata Codepoint"/>
  </way>
  <way id="487077957" version="3" timestamp="2025-01-18T22:01:37Z" changeset="161507263" uid="8857" user="philipcullen">
    <nd ref="4795926402"/>
    <nd ref="3726677795"/>
    <nd ref="3726677796"/>
    <nd ref="3726677798"/>
    <nd ref="1204265524"/>
    <nd ref="4795926401"/>
    <nd ref="4795926402"/>
    <tag k="addr:housenumber" v="13"/>
    <tag k="addr:postcode" v="LE12 5PH"/>
    <tag k="addr:street" v="Soar Lane"/>
    <tag k="building" v="house"/>
    <tag k="house" v="terraced"/>
    <tag k="ref:GB:uprn" v="3040000405"/>
    <tag k="source:addr" v="survey"/>
    <tag k="source:addr:postcode" v="OS Opendata Codepoint"/>
  </way>
  <way id="487077958" version="2" timestamp="2022-03-26T18:31:52Z" changeset="118958417" uid="242345" user="confusedbuffalo">
    <nd ref="4795926398"/>
    <nd ref="4795926397"/>
    <nd ref="4795926399"/>
    <nd ref="4795926400"/>
    <nd ref="3726677789"/>
    <nd ref="3726677790"/>
    <nd ref="4795926398"/>
    <tag k="addr:housenumber" v="5"/>
    <tag k="addr:postcode" v="LE12 5PH"/>
    <tag k="addr:street" v="Soar Lane"/>
    <tag k="building" v="house"/>
    <tag k="house" v="terraced"/>
    <tag k="source:addr" v="survey"/>
    <tag k="source:addr:postcode" v="OS Opendata Codepoint"/>
  </way>
  <way id="487077959" version="3" timestamp="2025-01-18T22:01:37Z" changeset="161507263" uid="8857" user="philipcullen">
    <nd ref="4795926400"/>
    <nd ref="4795926399"/>
    <nd ref="1204264379"/>
    <nd ref="1204264809"/>
    <nd ref="1204263645"/>
    <nd ref="1204266509"/>
    <nd ref="4795926400"/>
    <tag k="addr:housenumber" v="3"/>
    <tag k="addr:postcode" v="LE12 5PH"/>
    <tag k="addr:street" v="Soar Lane"/>
    <tag k="building" v="house"/>
    <tag k="house" v="terraced"/>
    <tag k="ref:GB:uprn" v="3040000411"/>
    <tag k="source:addr" v="survey"/>
    <tag k="source:addr:postcode" v="OS Opendata Codepoint"/>
  </way>
  <way id="487077960" version="2" timestamp="2022-03-26T18:31:52Z" changeset="118958417" uid="242345" user="confusedbuffalo">
    <nd ref="4795926393"/>
    <nd ref="4795926395"/>
    <nd ref="4795926396"/>
    <nd ref="1204261833"/>
    <nd ref="1204263180"/>
    <nd ref="4795926394"/>
    <nd ref="4795926393"/>
    <tag k="addr:housenumber" v="9"/>
    <tag k="addr:postcode" v="LE12 5PH"/>
    <tag k="addr:street" v="Soar Lane"/>
    <tag k="building" v="house"/>
    <tag k="house" v="terraced"/>
    <tag k="source:addr" v="survey"/>
    <tag k="source:addr:postcode" v="OS Opendata Codepoint"/>
  </way>
  <way id="487077961" version="2" timestamp="2022-03-26T18:31:52Z" changeset="118958417" uid="242345" user="confusedbuffalo">
    <nd ref="4795926395"/>
    <nd ref="4795926397"/>
    <nd ref="4795926398"/>
    <nd ref="3726677792"/>
    <nd ref="3726677791"/>
    <nd ref="4795926396"/>
    <nd ref="4795926395"/>
    <tag k="addr:housenumber" v="7"/>
    <tag k="addr:postcode" v="LE12 5PH"/>
    <tag k="addr:street" v="Soar Lane"/>
    <tag k="building" v="house"/>
    <tag k="house" v="terraced"/>
    <tag k="source:addr" v="survey"/>
    <tag k="source:addr:postcode" v="OS Opendata Codepoint"/>
  </way>
  <way id="487077963" version="2" timestamp="2022-03-26T18:31:52Z" changeset="118958417" uid="242345" user="confusedbuffalo">
    <nd ref="1204262402"/>
    <nd ref="4795926408"/>
    <nd ref="4795926415"/>
    <nd ref="1204262303"/>
    <nd ref="1204262402"/>
    <tag k="addr:housenumber" v="155"/>
    <tag k="addr:postcode" v="LE12 5PF"/>
    <tag k="addr:street" v="Main Street"/>
    <tag k="building" v="house"/>
    <tag k="house" v="terraced"/>
    <tag k="source:addr" v="survey"/>
    <tag k="source:addr:postcode" v="OS Opendata Codepoint"/>
  </way>
  <way id="487077965" version="2" timestamp="2022-03-26T18:31:52Z" changeset="118958417" uid="242345" user="confusedbuffalo">
    <nd ref="1204262402"/>
    <nd ref="1204266425"/>
    <nd ref="1204263838"/>
    <nd ref="1204263396"/>
    <nd ref="4795926408"/>
    <nd ref="1204262402"/>
    <tag k="addr:housenumber" v="157"/>
    <tag k="addr:postcode" v="LE12 5PF"/>
    <tag k="addr:street" v="Main Street"/>
    <tag k="building" v="house"/>
    <tag k="house" v="terraced"/>
    <tag k="source:addr" v="survey"/>
    <tag k="source:addr:postcode" v="OS Opendata Codepoint"/>
  </way>
  <way id="487077969" version="2" timestamp="2025-01-18T22:01:37Z" changeset="161507263" uid="8857" user="philipcullen">
    <nd ref="3726677710"/>
    <nd ref="1204263646"/>
    <nd ref="1204266540"/>
    <nd ref="1204266379"/>
    <nd ref="4795926458"/>
    <nd ref="3726677710"/>
    <tag k="addr:housenumber" v="139"/>
    <tag k="addr:postcode" v="LE12 5PE"/>
    <tag k="addr:street" v="Main Street"/>
    <tag k="building" v="residential"/>
    <tag k="ref:GB:uprn" v="3040000361"/>
    <tag k="source:addr" v="survey"/>
    <tag k="source:addr:postcode" v="OS Opendata Codepoint"/>
  </way>
  <way id="487077970" version="3" timestamp="2019-09-29T13:31:40Z" changeset="75062631" uid="417748" user="Dave Venables">
    <nd ref="4085699391"/>
    <nd ref="4795926469"/>
    <nd ref="4795926470"/>
    <nd ref="4085699390"/>
    <nd ref="4085699389"/>
    <nd ref="1204263540"/>
    <nd ref="3726676419"/>
    <nd ref="4085699391"/>
    <tag k="HE_ref" v="1242371"/>
    <tag k="addr:housenumber" v="92A"/>
    <tag k="addr:postcode" v="LE12 5PF"/>
    <tag k="addr:street" v="Main Street"/>
    <tag k="building" v="residential"/>
    <tag k="listed_status" v="Grade II"/>
    <tag k="name" v="The Pantry"/>
    <tag k="old_fhrs:id" v="716610"/>
    <tag k="shop" v="grocery"/>
    <tag k="source:addr" v="FHRS Open Data"/>
    <tag k="source:addr:postcode" v="OS Opendata Codepoint"/>
    <tag k="source:listed_status" v="Historic England"/>
    <tag k="wikidata" v="Q26535170"/>
  </way>
  <way id="487077971" version="1" timestamp="2017-04-15T23:39:51Z" changeset="47827072" uid="207845" user="will_p">
    <nd ref="4795926470"/>
    <nd ref="4795926469"/>
    <nd ref="1204265459"/>
    <nd ref="1204266547"/>
    <nd ref="4085699394"/>
    <nd ref="4085699393"/>
    <nd ref="1204263629"/>
    <nd ref="4085699032"/>
    <nd ref="4795926470"/>
    <tag k="addr:housename" v="Nutwood Cottage"/>
    <tag k="addr:housenumber" v="1"/>
    <tag k="addr:postcode" v="LE12 5PB"/>
    <tag k="addr:street" v="Bucks Lane"/>
    <tag k="building" v="residential"/>
    <tag k="source:addr" v="survey"/>
    <tag k="source:addr:postcode" v="OS Opendata Codepoint"/>
  </way>
  <way id="487077977" version="3" timestamp="2025-01-18T22:01:37Z" changeset="161507263" uid="8857" user="philipcullen">
    <nd ref="4795926542"/>
    <nd ref="4795926541"/>
    <nd ref="1204266249"/>
    <nd ref="1204266469"/>
    <nd ref="4795926542"/>
    <tag k="addr:housenumber" v="100"/>
    <tag k="addr:postcode" v="LE12 5PF"/>
    <tag k="addr:street" v="Main Street"/>
    <tag k="building" v="house"/>
    <tag k="house" v="terraced"/>
    <tag k="ref:GB:uprn" v="3040000372"/>
    <tag k="source:addr" v="survey"/>
    <tag k="source:addr:postcode" v="OS Opendata Codepoint"/>
  </way>
  <way id="487077978" version="3" timestamp="2025-01-18T22:01:37Z" changeset="161507263" uid="8857" user="philipcullen">
    <nd ref="4795926541"/>
    <nd ref="4795926542"/>
    <nd ref="1204265423"/>
    <nd ref="1204265367"/>
    <nd ref="1204265376"/>
    <nd ref="4795926544"/>
    <nd ref="4795926543"/>
    <nd ref="1204265162"/>
    <nd ref="4795926541"/>
    <tag k="addr:housenumber" v="102"/>
    <tag k="addr:postcode" v="LE12 5PF"/>
    <tag k="addr:street" v="Main Street"/>
    <tag k="building" v="house"/>
    <tag k="house" v="terraced"/>
    <tag k="ref:GB:uprn" v="3040000373"/>
    <tag k="source:addr" v="survey"/>
    <tag k="source:addr:postcode" v="OS Opendata Codepoint"/>
  </way>
  <way id="487077994" version="2" timestamp="2022-03-26T18:31:52Z" changeset="118958417" uid="242345" user="confusedbuffalo">
    <nd ref="4795926626"/>
    <nd ref="1204264981"/>
    <nd ref="4795926612"/>
    <nd ref="4795926615"/>
    <nd ref="1204266448"/>
    <nd ref="4795926626"/>
    <tag k="addr:housenumber" v="110"/>
    <tag k="addr:postcode" v="LE12 5PF"/>
    <tag k="addr:street" v="Main Street"/>
    <tag k="building" v="house"/>
    <tag k="house" v="terraced"/>
    <tag k="source:addr" v="survey"/>
    <tag k="source:addr:postcode" v="OS Opendata Codepoint"/>
  </way>
  <way id="487077995" version="3" timestamp="2025-01-18T22:01:37Z" changeset="161507263" uid="8857" user="philipcullen">
    <nd ref="4795926620"/>
    <nd ref="4795926615"/>
    <nd ref="4795926612"/>
    <nd ref="4795926618"/>
    <nd ref="4795926616"/>
    <nd ref="4795926621"/>
    <nd ref="4795926620"/>
    <tag k="addr:housenumber" v="108"/>
    <tag k="addr:postcode" v="LE12 5PF"/>
    <tag k="addr:street" v="Main Street"/>
    <tag k="building" v="house"/>
    <tag k="house" v="terraced"/>
    <tag k="ref:GB:uprn" v="3040000376"/>
    <tag k="source:addr" v="survey"/>
    <tag k="source:addr:postcode" v="OS Opendata Codepoint"/>
  </way>
  <way id="487077996" version="3" timestamp="2025-01-18T22:01:37Z" changeset="161507263" uid="8857" user="philipcullen">
    <nd ref="4795926623"/>
    <nd ref="1204264981"/>
    <nd ref="4795926626"/>
    <nd ref="4795926622"/>
    <nd ref="4795926623"/>
    <tag k="addr:housenumber" v="2"/>
    <tag k="addr:postcode" v="LE12 5PA"/>
    <tag k="addr:street" v="Bollard's Lane"/>
    <tag k="building" v="house"/>
    <tag k="house" v="terraced"/>
    <tag k="ref:GB:uprn" v="3040000348"/>
    <tag k="source:addr" v="survey"/>
    <tag k="source:addr:postcode" v="OS Opendata Codepoint"/>
  </way>
  <way id="487077997" version="3" timestamp="2025-01-18T22:01:37Z" changeset="161507263" uid="8857" user="philipcullen">
    <nd ref="4795926625"/>
    <nd ref="4795926623"/>
    <nd ref="4795926622"/>
    <nd ref="4795926624"/>
    <nd ref="4795926625"/>
    <tag k="addr:housenumber" v="4"/>
    <tag k="addr:postcode" v="LE12 5PA"/>
    <tag k="addr:street" v="Bollard's Lane"/>
    <tag k="building" v="house"/>
    <tag k="house" v="terraced"/>
    <tag k="ref:GB:uprn" v="3040000349"/>
    <tag k="source:addr" v="survey"/>
    <tag k="source:addr:postcode" v="OS Opendata Codepoint"/>
  </way>
  <way id="487077998" version="2" timestamp="2022-03-26T18:31:52Z" changeset="118958417" uid="242345" user="confusedbuffalo">
    <nd ref="1204266101"/>
    <nd ref="4795926625"/>
    <nd ref="4795926624"/>
    <nd ref="1204262919"/>
    <nd ref="1204266101"/>
    <tag k="addr:housenumber" v="6"/>
    <tag k="addr:postcode" v="LE12 5PA"/>
    <tag k="addr:street" v="Bollard's Lane"/>
    <tag k="building" v="house"/>
    <tag k="house" v="terraced"/>
    <tag k="source:addr" v="survey"/>
    <tag k="source:addr:postcode" v="OS Opendata Codepoint"/>
  </way>
  <way id="487077999" version="3" timestamp="2025-01-18T22:01:37Z" changeset="161507263" uid="8857" user="philipcullen">
    <nd ref="4795926628"/>
    <nd ref="4795926627"/>
    <nd ref="4795926629"/>
    <nd ref="4795926630"/>
    <nd ref="1204266110"/>
    <nd ref="4795926613"/>
    <nd ref="4795926614"/>
    <nd ref="1204264455"/>
    <nd ref="4795926628"/>
    <tag k="addr:housenumber" v="104"/>
    <tag k="addr:postcode" v="LE12 5PF"/>
    <tag k="addr:street" v="Main Street"/>
    <tag k="building" v="house"/>
    <tag k="house" v="terraced"/>
    <tag k="ref:GB:uprn" v="3040000374"/>
    <tag k="source:addr" v="survey"/>
    <tag k="source:addr:postcode" v="OS Opendata Codepoint"/>
  </way>
  <way id="487078001" version="2" timestamp="2025-01-18T22:01:37Z" changeset="161507263" uid="8857" user="philipcullen">
    <nd ref="4795926641"/>
    <nd ref="4795926640"/>
    <nd ref="1204264851"/>
    <nd ref="1204266419"/>
    <nd ref="4795926641"/>
    <tag k="addr:housenumber" v="9"/>
    <tag k="addr:postcode" v="LE12 5PA"/>
    <tag k="addr:street" v="Bollard's Lane"/>
    <tag k="building" v="residential"/>
    <tag k="ref:GB:uprn" v="3040000351"/>
    <tag k="source:addr" v="survey"/>
    <tag k="source:addr:postcode" v="OS Opendata Codepoint"/>
  </way>
  <way id="487174358" version="2" timestamp="2022-02-26T13:34:01Z" changeset="117879080" uid="242345" user="confusedbuffalo">
    <nd ref="4796851804"/>
    <nd ref="4796851803"/>
    <nd ref="1206787366"/>
    <nd ref="1206787313"/>
    <nd ref="4085582320"/>
    <nd ref="4085582317"/>
    <nd ref="4796851798"/>
    <nd ref="4796851795"/>
    <nd ref="4796851804"/>
    <tag k="addr:housenumber" v="2"/>
    <tag k="addr:postcode" v="LE12 5RQ"/>
    <tag k="addr:street" v="Melton Lane"/>
    <tag k="building" v="semidetached_house"/>
    <tag k="source:addr" v="survey"/>
    <tag k="source:addr:postcode" v="OS Opendata Codepoint"/>
  </way>
  <way id="487174359" version="2" timestamp="2022-02-26T13:34:01Z" changeset="117879080" uid="242345" user="confusedbuffalo">
    <nd ref="4796851806"/>
    <nd ref="1206787363"/>
    <nd ref="1206787364"/>
    <nd ref="4796851805"/>
    <nd ref="4796851806"/>
    <tag k="addr:housenumber" v="6"/>
    <tag k="addr:postcode" v="LE12 5RQ"/>
    <tag k="addr:street" v="Melton Lane"/>
    <tag k="building" v="semidetached_house"/>
    <tag k="source:addr" v="survey"/>
    <tag k="source:addr:postcode" v="OS Opendata Codepoint"/>
  </way>
  <way id="487174361" version="2" timestamp="2017-04-19T21:12:47Z" changeset="47952532" uid="207845" user="will_p">
    <nd ref="4796851815"/>
    <nd ref="4796851814"/>
    <nd ref="4796851813"/>
    <nd ref="4796851812"/>
    <nd ref="4796851815"/>
    <tag k="building" v="greenhouse"/>
    <tag k="name" v="FutureCrop Glasshouse 3"/>
    <tag k="source" v="survey; Bing"/>
    <tag k="source:name" v="survey"/>
  </way>
  <way id="487174362" version="2" timestamp="2017-04-19T21:12:47Z" changeset="47952532" uid="207845" user="will_p">
    <nd ref="4796851819"/>
    <nd ref="4796851818"/>
    <nd ref="4796851817"/>
    <nd ref="4796851816"/>
    <nd ref="4796851819"/>
    <tag k="building" v="greenhouse"/>
    <tag k="name" v="FutureCrop Glasshouse 2"/>
    <tag k="source" v="survey; Bing"/>
    <tag k="source:name" v="survey"/>
  </way>
  <way id="487174363" version="2" timestamp="2017-04-19T21:12:47Z" changeset="47952532" uid="207845" user="will_p">
    <nd ref="4796852723"/>
    <nd ref="4796852722"/>
    <nd ref="4796852721"/>
    <nd ref="4796851820"/>
    <nd ref="4796852723"/>
    <tag k="building" v="greenhouse"/>
    <tag k="name" v="FutureCrop Glasshouse 1"/>
    <tag k="source" v="survey; Bing"/>
    <tag k="source:name" v="survey"/>
  </way>
  <way id="487174367" version="1" timestamp="2017-04-16T17:16:38Z" changeset="47843661" uid="207845" user="will_p">
    <nd ref="4796852744"/>
    <nd ref="4796852743"/>
    <nd ref="4796852733"/>
    <nd ref="4796852734"/>
    <nd ref="4796852742"/>
    <nd ref="4796852741"/>
    <nd ref="4796852740"/>
    <nd ref="4796852739"/>
    <nd ref="4796852744"/>
    <tag k="addr:housenumber" v="3"/>
    <tag k="addr:street" v="College Road"/>
    <tag k="building" v="detached"/>
    <tag k="fixme" v="Building outline approximate"/>
    <tag k="source:building" v="survey"/>
  </way>
  <way id="487174368" version="2" timestamp="2025-01-18T22:01:37Z" changeset="161507263" uid="8857" user="philipcullen">
    <nd ref="4796852748"/>
    <nd ref="4796852747"/>
    <nd ref="4796852746"/>
    <nd ref="4796852745"/>
    <nd ref="4796852748"/>
    <tag k="addr:housenumber" v="1"/>
    <tag k="addr:street" v="College Road"/>
    <tag k="building" v="detached"/>
    <tag k="fixme" v="Building outline approximate"/>
    <tag k="ref:GB:uprn" v="3040079993"/>
    <tag k="source:building" v="survey"/>
  </way>
  <way id="487174393" version="3" timestamp="2025-01-18T22:01:37Z" changeset="161507263" uid="8857" user="philipcullen">
    <nd ref="4796852833"/>
    <nd ref="1204308017"/>
    <nd ref="1204310937"/>
    <nd ref="4796852832"/>
    <nd ref="4796852833"/>
    <tag k="addr:housenumber" v="24"/>
    <tag k="addr:postcode" v="LE12 5RA"/>
    <tag k="addr:street" v="College Road"/>
    <tag k="building" v="semidetached_house"/>
    <tag k="ref:GB:uprn" v="3040000506"/>
    <tag k="source:addr" v="survey"/>
    <tag k="source:addr:postcode" v="OS Opendata Codepoint"/>
  </way>
  <way id="487174394" version="2" timestamp="2022-02-26T13:34:01Z" changeset="117879080" uid="242345" user="confusedbuffalo">
    <nd ref="4796852835"/>
    <nd ref="1204310421"/>
    <nd ref="1204308645"/>
    <nd ref="4796852834"/>
    <nd ref="4796852835"/>
    <tag k="addr:housenumber" v="28"/>
    <tag k="addr:postcode" v="LE12 5RA"/>
    <tag k="addr:street" v="College Road"/>
    <tag k="building" v="semidetached_house"/>
    <tag k="source:addr" v="survey"/>
    <tag k="source:addr:postcode" v="OS Opendata Codepoint"/>
  </way>
  <way id="487174395" version="3" timestamp="2025-01-18T22:01:37Z" changeset="161507263" uid="8857" user="philipcullen">
    <nd ref="4796852837"/>
    <nd ref="1204310306"/>
    <nd ref="1204310392"/>
    <nd ref="4796852836"/>
    <nd ref="4796852837"/>
    <tag k="addr:housenumber" v="32"/>
    <tag k="addr:postcode" v="LE12 5RA"/>
    <tag k="addr:street" v="College Road"/>
    <tag k="building" v="semidetached_house"/>
    <tag k="ref:GB:uprn" v="3040000510"/>
    <tag k="source:addr" v="survey"/>
    <tag k="source:addr:postcode" v="OS Opendata Codepoint"/>
  </way>
  <way id="487174400" version="3" timestamp="2025-01-18T22:01:37Z" changeset="161507263" uid="8857" user="philipcullen">
    <nd ref="4796852855"/>
    <nd ref="1204307890"/>
    <nd ref="1204308001"/>
    <nd ref="4796852854"/>
    <nd ref="4796852855"/>
    <tag k="addr:housenumber" v="50"/>
    <tag k="addr:postcode" v="LE12 5RA"/>
    <tag k="addr:street" v="College Road"/>
    <tag k="building" v="semidetached_house"/>
    <tag k="ref:GB:uprn" v="3040000520"/>
    <tag k="source:addr" v="survey"/>
    <tag k="source:addr:postcode" v="OS Opendata Codepoint"/>
  </way>
  <way id="487174401" version="3" timestamp="2025-01-18T22:01:37Z" changeset="161507263" uid="8857" user="philipcullen">
    <nd ref="4796852857"/>
    <nd ref="1204308801"/>
    <nd ref="1204310587"/>
    <nd ref="4796852856"/>
    <nd ref="4796852857"/>
    <tag k="addr:housenumber" v="46"/>
    <tag k="addr:postcode" v="LE12 5RA"/>
    <tag k="addr:street" v="College Road"/>
    <tag k="building" v="semidetached_house"/>
    <tag k="ref:GB:uprn" v="3040000517"/>
    <tag k="source:addr" v="survey"/>
    <tag k="source:addr:postcode" v="OS Opendata Codepoint"/>
  </way>
  <way id="487174402" version="3" timestamp="2025-01-18T22:01:37Z" changeset="161507263" uid="8857" user="philipcullen">
    <nd ref="4796852859"/>
    <nd ref="1204310726"/>
    <nd ref="1204308552"/>
    <nd ref="4796852858"/>
    <nd ref="4796852859"/>
    <tag k="addr:housenumber" v="42"/>
    <tag k="addr:postcode" v="LE12 5RA"/>
    <tag k="addr:street" v="College Road"/>
    <tag k="building" v="semidetached_house"/>
    <tag k="ref:GB:uprn" v="3040000513"/>
    <tag k="source:addr" v="survey"/>
    <tag k="source:addr:postcode" v="OS Opendata Codepoint"/>
  </way>
  <way id="487174403" version="3" timestamp="2025-01-18T22:01:37Z" changeset="161507263" uid="8857" user="philipcullen">
    <nd ref="4796852861"/>
    <nd ref="1204309987"/>
    <nd ref="1204308932"/>
    <nd ref="4796852860"/>
    <nd ref="4796852861"/>
    <tag k="addr:housenumber" v="38"/>
    <tag k="addr:postcode" v="LE12 5RA"/>
    <tag k="addr:street" v="College Road"/>
    <tag k="building" v="semidetached_house"/>
    <tag k="ref:GB:uprn" v="3040000511"/>
    <tag k="source:addr" v="survey"/>
    <tag k="source:addr:postcode" v="OS Opendata Codepoint"/>
  </way>
  <way id="487229296" version="2" timestamp="2025-01-18T22:01:37Z" changeset="161507263" uid="8857" user="philipcullen">
    <nd ref="4797400447"/>
    <nd ref="4797400446"/>
    <nd ref="4797400445"/>
    <nd ref="4797400444"/>
    <nd ref="4797400447"/>
    <tag k="addr:housename" v="Pleasant View Place"/>
    <tag k="addr:housenumber" v="20"/>
    <tag k="addr:street" v="Landcroft Lane"/>
    <tag k="building" v="yes"/>
    <tag k="ref:GB:uprn" v="3040058357"/>
    <tag k="source" v="Bing"/>
    <tag k="source:addr" v="survey"/>
  </way>
  <way id="487229308" version="1" timestamp="2017-04-16T23:54:18Z" changeset="47851704" uid="207845" user="will_p">
    <nd ref="4797400542"/>
    <nd ref="4797400535"/>
    <nd ref="4797400541"/>
    <nd ref="4797400540"/>
    <nd ref="4797400539"/>
    <nd ref="4797400538"/>
    <nd ref="4797400537"/>
    <nd ref="4797400542"/>
    <tag k="addr:housenumber" v="24"/>
    <tag k="addr:street" v="Landcroft Lane"/>
    <tag k="building" v="detached"/>
    <tag k="source:addr" v="survey"/>
  </way>
  <way id="487229312" version="2" timestamp="2025-01-18T22:01:37Z" changeset="161507263" uid="8857" user="philipcullen">
    <nd ref="4797400574"/>
    <nd ref="4797400566"/>
    <nd ref="4797400565"/>
    <nd ref="4797400564"/>
    <nd ref="4797400563"/>
    <nd ref="4797400562"/>
    <nd ref="4797400561"/>
    <nd ref="4797400559"/>
    <nd ref="4797400560"/>
    <nd ref="4797400558"/>
    <nd ref="4797400567"/>
    <nd ref="4797400568"/>
    <nd ref="4797400569"/>
    <nd ref="4797400570"/>
    <nd ref="4797400571"/>
    <nd ref="4797400572"/>
    <nd ref="4797400573"/>
    <nd ref="4797400574"/>
    <tag k="addr:housenumber" v="10"/>
    <tag k="addr:street" v="Landcroft Lane"/>
    <tag k="building" v="detached"/>
    <tag k="ref:GB:uprn" v="3040073239"/>
    <tag k="source:addr" v="survey"/>
  </way>
  <way id="487229316" version="2" timestamp="2025-01-18T22:01:37Z" changeset="161507263" uid="8857" user="philipcullen">
    <nd ref="4797400588"/>
    <nd ref="4797400591"/>
    <nd ref="4797400580"/>
    <nd ref="4797400596"/>
    <nd ref="4797400595"/>
    <nd ref="4797400594"/>
    <nd ref="4797400593"/>
    <nd ref="4797400592"/>
    <nd ref="4797400588"/>
    <tag k="addr:housename" v="The Croft"/>
    <tag k="addr:housenumber" v="1A"/>
    <tag k="addr:postcode" v="LE12 5PD"/>
    <tag k="addr:street" v="Landcroft Lane"/>
    <tag k="building" v="detached"/>
    <tag k="ref:GB:uprn" v="3040061997"/>
    <tag k="source:addr" v="survey"/>
    <tag k="source:addr:postcode" v="OS Opendata Codepoint"/>
  </way>
  <way id="487229318" version="2" timestamp="2025-01-18T22:01:37Z" changeset="161507263" uid="8857" user="philipcullen">
    <nd ref="4797400607"/>
    <nd ref="4797400603"/>
    <nd ref="4797400604"/>
    <nd ref="4797400605"/>
    <nd ref="4797400606"/>
    <nd ref="4797400608"/>
    <nd ref="4797400607"/>
    <tag k="addr:housenumber" v="7"/>
    <tag k="addr:postcode" v="LE12 5PD"/>
    <tag k="addr:street" v="Landcroft Lane"/>
    <tag k="building" v="detached"/>
    <tag k="ref:GB:uprn" v="3040001014"/>
    <tag k="source:addr" v="survey"/>
    <tag k="source:addr:postcode" v="OS Opendata Codepoint"/>
  </way>
  <way id="487229320" version="1" timestamp="2017-04-16T23:54:19Z" changeset="47851704" uid="207845" user="will_p">
    <nd ref="4797400618"/>
    <nd ref="4797400617"/>
    <nd ref="4797400616"/>
    <nd ref="4797400615"/>
    <nd ref="4797400614"/>
    <nd ref="4797400613"/>
    <nd ref="4797400618"/>
    <tag k="addr:housenumber" v="3"/>
    <tag k="addr:postcode" v="LE12 5PD"/>
    <tag k="addr:street" v="Landcroft Lane"/>
    <tag k="building" v="detached"/>
    <tag k="source:addr" v="survey"/>
    <tag k="source:addr:postcode" v="OS Opendata Codepoint"/>
  </way>
  <way id="487229321" version="2" timestamp="2025-01-18T22:01:37Z" changeset="161507263" uid="8857" user="philipcullen">
    <nd ref="4797400628"/>
    <nd ref="4797400619"/>
    <nd ref="4797400620"/>
    <nd ref="4797400621"/>
    <nd ref="4797400622"/>
    <nd ref="4797400623"/>
    <nd ref="4797400624"/>
    <nd ref="4797400625"/>
    <nd ref="4797400626"/>
    <nd ref="4797400627"/>
    <nd ref="4797400630"/>
    <nd ref="4797400629"/>
    <nd ref="4797400628"/>
    <tag k="addr:housename" v="Jubilee House"/>
    <tag k="addr:housenumber" v="1"/>
    <tag k="addr:postcode" v="LE12 5PD"/>
    <tag k="addr:street" v="Landcroft Lane"/>
    <tag k="building" v="detached"/>
    <tag k="ref:GB:uprn" v="3040001001"/>
    <tag k="source:addr" v="survey"/>
    <tag k="source:addr:postcode" v="OS Opendata Codepoint"/>
  </way>
  <way id="487229326" version="3" timestamp="2022-03-26T18:31:52Z" changeset="118958417" uid="242345" user="confusedbuffalo">
    <nd ref="4797400656"/>
    <nd ref="4797400690"/>
    <nd ref="4797400689"/>
    <nd ref="4797400655"/>
    <nd ref="4797400656"/>
    <tag k="addr:housenumber" v="21"/>
    <tag k="addr:postcode" v="LE12 5PD"/>
    <tag k="addr:street" v="Landcroft Lane"/>
    <tag k="building" v="house"/>
    <tag k="house" v="terraced"/>
    <tag k="source:addr" v="survey"/>
    <tag k="source:addr:postcode" v="OS Opendata Codepoint"/>
  </way>
  <way id="487229327" version="3" timestamp="2022-03-26T18:31:52Z" changeset="118958417" uid="242345" user="confusedbuffalo">
    <nd ref="4797400658"/>
    <nd ref="4797400654"/>
    <nd ref="4797400652"/>
    <nd ref="4797400653"/>
    <nd ref="4797400656"/>
    <nd ref="4797400655"/>
    <nd ref="4797400657"/>
    <nd ref="4797400658"/>
    <tag k="addr:housenumber" v="23"/>
    <tag k="addr:postcode" v="LE12 5PD"/>
    <tag k="addr:street" v="Landcroft Lane"/>
    <tag k="building" v="house"/>
    <tag k="house" v="terraced"/>
    <tag k="source:addr" v="survey"/>
    <tag k="source:addr:postcode" v="OS Opendata Codepoint"/>
  </way>
  <way id="487229328" version="3" timestamp="2022-03-26T18:31:52Z" changeset="118958417" uid="242345" user="confusedbuffalo">
    <nd ref="4797400660"/>
    <nd ref="4797400658"/>
    <nd ref="4797400657"/>
    <nd ref="4797400659"/>
    <nd ref="4797400660"/>
    <tag k="addr:housenumber" v="25"/>
    <tag k="addr:postcode" v="LE12 5PD"/>
    <tag k="addr:street" v="Landcroft Lane"/>
    <tag k="building" v="house"/>
    <tag k="house" v="terraced"/>
    <tag k="source:addr" v="survey"/>
    <tag k="source:addr:postcode" v="OS Opendata Codepoint"/>
  </way>
  <way id="487229330" version="2" timestamp="2025-01-18T22:01:37Z" changeset="161507263" uid="8857" user="philipcullen">
    <nd ref="4797400670"/>
    <nd ref="4797400669"/>
    <nd ref="4797400668"/>
    <nd ref="4797400667"/>
    <nd ref="4797400666"/>
    <nd ref="4797400665"/>
    <nd ref="4797400670"/>
    <tag k="addr:housenumber" v="15"/>
    <tag k="addr:postcode" v="LE12 5PD"/>
    <tag k="addr:street" v="Landcroft Lane"/>
    <tag k="building" v="detached"/>
    <tag k="ref:GB:uprn" v="3040001003"/>
    <tag k="source:addr" v="survey"/>
    <tag k="source:addr:postcode" v="OS Opendata Codepoint"/>
  </way>
  <way id="487229332" version="2" timestamp="2025-01-18T22:01:37Z" changeset="161507263" uid="8857" user="philipcullen">
    <nd ref="4797400686"/>
    <nd ref="4797400685"/>
    <nd ref="4797400684"/>
    <nd ref="4797400683"/>
    <nd ref="4797400675"/>
    <nd ref="4797400676"/>
    <nd ref="4797400682"/>
    <nd ref="4797400681"/>
    <nd ref="4797400680"/>
    <nd ref="4797400679"/>
    <nd ref="4797400678"/>
    <nd ref="4797400677"/>
    <nd ref="4797400686"/>
    <tag k="addr:housenumber" v="17"/>
    <tag k="addr:postcode" v="LE12 5PD"/>
    <tag k="addr:street" v="Landcroft Lane"/>
    <tag k="building" v="detached"/>
    <tag k="ref:GB:uprn" v="3040001004"/>
    <tag k="source:addr" v="survey"/>
    <tag k="source:addr:postcode" v="OS Opendata Codepoint"/>
  </way>
  <way id="487229333" version="3" timestamp="2022-03-26T18:31:52Z" changeset="118958417" uid="242345" user="confusedbuffalo">
    <nd ref="4797400687"/>
    <nd ref="4797400660"/>
    <nd ref="4797400659"/>
    <nd ref="4797400688"/>
    <nd ref="4797400687"/>
    <tag k="addr:housenumber" v="27"/>
    <tag k="addr:postcode" v="LE12 5PD"/>
    <tag k="addr:street" v="Landcroft Lane"/>
    <tag k="building" v="house"/>
    <tag k="house" v="terraced"/>
    <tag k="source:addr" v="survey"/>
    <tag k="source:addr:postcode" v="OS Opendata Codepoint"/>
  </way>
  <way id="487229334" version="2" timestamp="2025-01-18T22:01:37Z" changeset="161507263" uid="8857" user="philipcullen">
    <nd ref="4797400698"/>
    <nd ref="4797400697"/>
    <nd ref="4797400696"/>
    <nd ref="4797400695"/>
    <nd ref="4797400694"/>
    <nd ref="4797400693"/>
    <nd ref="4797400692"/>
    <nd ref="4797400691"/>
    <nd ref="4797400698"/>
    <tag k="addr:housename" v="The Annexe"/>
    <tag k="addr:housenumber" v="19"/>
    <tag k="addr:postcode" v="LE12 5PD"/>
    <tag k="addr:street" v="Landcroft Lane"/>
    <tag k="building" v="detached"/>
    <tag k="ref:GB:uprn" v="3040001005"/>
    <tag k="source:addr" v="survey"/>
    <tag k="source:addr:postcode" v="OS Opendata Codepoint"/>
  </way>
  <way id="487229335" version="1" timestamp="2017-04-16T23:54:20Z" changeset="47851704" uid="207845" user="will_p">
    <nd ref="4797400706"/>
    <nd ref="4797400705"/>
    <nd ref="4797400704"/>
    <nd ref="4797400703"/>
    <nd ref="4797400702"/>
    <nd ref="4797400701"/>
    <nd ref="4797400700"/>
    <nd ref="4797400699"/>
    <nd ref="4797400706"/>
    <tag k="addr:housenumber" v="19A"/>
    <tag k="addr:postcode" v="LE12 5PD"/>
    <tag k="addr:street" v="Landcroft Lane"/>
    <tag k="building" v="detached"/>
    <tag k="source:addr" v="survey"/>
    <tag k="source:addr:postcode" v="OS Opendata Codepoint"/>
  </way>
  <way id="487229339" version="1" timestamp="2017-04-16T23:54:20Z" changeset="47851704" uid="207845" user="will_p">
    <nd ref="4797400726"/>
    <nd ref="4797400725"/>
    <nd ref="4797400724"/>
    <nd ref="4797400723"/>
    <nd ref="4797400722"/>
    <nd ref="4797400721"/>
    <nd ref="4797400726"/>
    <tag k="addr:housename" v="Westhorpe"/>
    <tag k="addr:housenumber" v="29"/>
    <tag k="addr:postcode" v="LE12 5PD"/>
    <tag k="addr:street" v="Landcroft Lane"/>
    <tag k="building" v="detached"/>
    <tag k="source:addr" v="survey"/>
    <tag k="source:addr:postcode" v="OS Opendata Codepoint"/>
  </way>
  <way id="487229341" version="1" timestamp="2017-04-16T23:54:21Z" changeset="47851704" uid="207845" user="will_p">
    <nd ref="4797400736"/>
    <nd ref="4797400735"/>
    <nd ref="4797400734"/>
    <nd ref="4797400733"/>
    <nd ref="4797400732"/>
    <nd ref="4797400731"/>
    <nd ref="4797400736"/>
    <tag k="addr:housenumber" v="31"/>
    <tag k="addr:postcode" v="LE12 5PD"/>
    <tag k="addr:street" v="Landcroft Lane"/>
    <tag k="building" v="detached"/>
    <tag k="source:addr" v="survey"/>
    <tag k="source:addr:postcode" v="OS Opendata Codepoint"/>
  </way>
  <way id="487229342" version="1" timestamp="2017-04-16T23:54:21Z" changeset="47851704" uid="207845" user="will_p">
    <nd ref="4797400746"/>
    <nd ref="4797400745"/>
    <nd ref="4797400744"/>
    <nd ref="4797400743"/>
    <nd ref="4797400742"/>
    <nd ref="4797400741"/>
    <nd ref="4797400740"/>
    <nd ref="4797400739"/>
    <nd ref="4797400738"/>
    <nd ref="4797400737"/>
    <nd ref="4797400746"/>
    <tag k="addr:housenumber" v="31A"/>
    <tag k="addr:postcode" v="LE12 5PD"/>
    <tag k="addr:street" v="Landcroft Lane"/>
    <tag k="building" v="detached"/>
    <tag k="source:addr" v="survey"/>
    <tag k="source:addr:postcode" v="OS Opendata Codepoint"/>
  </way>
  <way id="487229343" version="1" timestamp="2017-04-16T23:54:21Z" changeset="47851704" uid="207845" user="will_p">
    <nd ref="4797400750"/>
    <nd ref="4797400749"/>
    <nd ref="4797400748"/>
    <nd ref="4797400747"/>
    <nd ref="4797400750"/>
    <tag k="addr:housenumber" v="33"/>
    <tag k="addr:postcode" v="LE12 5PD"/>
    <tag k="addr:street" v="Landcroft Lane"/>
    <tag k="building" v="detached"/>
    <tag k="source:addr" v="survey"/>
    <tag k="source:addr:postcode" v="OS Opendata Codepoint"/>
  </way>
  <way id="487229345" version="1" timestamp="2017-04-16T23:54:21Z" changeset="47851704" uid="207845" user="will_p">
    <nd ref="4797400806"/>
    <nd ref="4797400805"/>
    <nd ref="4797400804"/>
    <nd ref="4797400803"/>
    <nd ref="4797400802"/>
    <nd ref="4797400801"/>
    <nd ref="4797400806"/>
    <tag k="addr:housenumber" v="33A"/>
    <tag k="addr:postcode" v="LE12 5PD"/>
    <tag k="addr:street" v="Landcroft Lane"/>
    <tag k="building" v="detached"/>
    <tag k="source:addr" v="survey"/>
    <tag k="source:addr:postcode" v="OS Opendata Codepoint"/>
  </way>
  <way id="487229346" version="1" timestamp="2017-04-16T23:54:21Z" changeset="47851704" uid="207845" user="will_p">
    <nd ref="4797400810"/>
    <nd ref="4797400811"/>
    <nd ref="4797400812"/>
    <nd ref="4797400813"/>
    <nd ref="4797400814"/>
    <nd ref="4797400823"/>
    <nd ref="4797400822"/>
    <nd ref="4797400821"/>
    <nd ref="4797400820"/>
    <nd ref="4797400819"/>
    <nd ref="4797400818"/>
    <nd ref="4797400817"/>
    <nd ref="4797400816"/>
    <nd ref="4797400815"/>
    <nd ref="4797400809"/>
    <nd ref="4797400808"/>
    <nd ref="4797400807"/>
    <nd ref="4797400810"/>
    <tag k="addr:housenumber" v="35"/>
    <tag k="addr:postcode" v="LE12 5PD"/>
    <tag k="addr:street" v="Landcroft Lane"/>
    <tag k="building" v="detached"/>
    <tag k="source:addr" v="survey"/>
    <tag k="source:addr:postcode" v="OS Opendata Codepoint"/>
  </way>
  <way id="487229347" version="1" timestamp="2017-04-16T23:54:21Z" changeset="47851704" uid="207845" user="will_p">
    <nd ref="4797400831"/>
    <nd ref="4797400830"/>
    <nd ref="4797400829"/>
    <nd ref="4797400828"/>
    <nd ref="4797400827"/>
    <nd ref="4797400826"/>
    <nd ref="4797400825"/>
    <nd ref="4797400824"/>
    <nd ref="4797400831"/>
    <tag k="addr:housenumber" v="37"/>
    <tag k="addr:postcode" v="LE12 5PD"/>
    <tag k="addr:street" v="Landcroft Lane"/>
    <tag k="building" v="detached"/>
    <tag k="source:addr" v="survey"/>
    <tag k="source:addr:postcode" v="OS Opendata Codepoint"/>
  </way>
  <way id="487229349" version="1" timestamp="2017-04-16T23:54:22Z" changeset="47851704" uid="207845" user="will_p">
    <nd ref="4797400841"/>
    <nd ref="4797400840"/>
    <nd ref="4797400839"/>
    <nd ref="4797400838"/>
    <nd ref="4797400837"/>
    <nd ref="4797400836"/>
    <nd ref="4797400841"/>
    <tag k="addr:housenumber" v="39"/>
    <tag k="addr:postcode" v="LE12 5PD"/>
    <tag k="addr:street" v="Landcroft Lane"/>
    <tag k="building" v="detached"/>
    <tag k="source:addr" v="survey"/>
    <tag k="source:addr:postcode" v="OS Opendata Codepoint"/>
  </way>
  <way id="487229350" version="1" timestamp="2017-04-16T23:54:22Z" changeset="47851704" uid="207845" user="will_p">
    <nd ref="4797400849"/>
    <nd ref="4797400848"/>
    <nd ref="4797400847"/>
    <nd ref="4797400846"/>
    <nd ref="4797400845"/>
    <nd ref="4797400844"/>
    <nd ref="4797400843"/>
    <nd ref="4797400842"/>
    <nd ref="4797400849"/>
    <tag k="addr:housenumber" v="41"/>
    <tag k="addr:postcode" v="LE12 5PD"/>
    <tag k="addr:street" v="Landcroft Lane"/>
    <tag k="building" v="detached"/>
    <tag k="source:addr" v="survey"/>
    <tag k="source:addr:postcode" v="OS Opendata Codepoint"/>
  </way>
  <way id="487229352" version="1" timestamp="2017-04-16T23:54:22Z" changeset="47851704" uid="207845" user="will_p">
    <nd ref="4797400861"/>
    <nd ref="4797400850"/>
    <nd ref="4797400860"/>
    <nd ref="4797400859"/>
    <nd ref="4797400858"/>
    <nd ref="4797400857"/>
    <nd ref="4797400856"/>
    <nd ref="4797400855"/>
    <nd ref="4797400854"/>
    <nd ref="4797400861"/>
    <tag k="addr:housenumber" v="43"/>
    <tag k="addr:postcode" v="LE12 5PD"/>
    <tag k="addr:street" v="Landcroft Lane"/>
    <tag k="building" v="detached"/>
    <tag k="source:addr" v="survey"/>
    <tag k="source:addr:postcode" v="OS Opendata Codepoint"/>
  </way>
  <way id="487229353" version="1" timestamp="2017-04-16T23:54:22Z" changeset="47851704" uid="207845" user="will_p">
    <nd ref="4797400865"/>
    <nd ref="4797400862"/>
    <nd ref="4797400863"/>
    <nd ref="4797400864"/>
    <nd ref="4797400867"/>
    <nd ref="4797400866"/>
    <nd ref="4797400865"/>
    <tag k="addr:housenumber" v="45"/>
    <tag k="addr:postcode" v="LE12 5PD"/>
    <tag k="addr:street" v="Landcroft Lane"/>
    <tag k="building" v="detached"/>
    <tag k="source:addr" v="survey"/>
    <tag k="source:addr:postcode" v="OS Opendata Codepoint"/>
  </way>
  <way id="487229356" version="1" timestamp="2017-04-16T23:54:22Z" changeset="47851704" uid="207845" user="will_p">
    <nd ref="4797400889"/>
    <nd ref="4797400888"/>
    <nd ref="4797400887"/>
    <nd ref="4797400886"/>
    <nd ref="4797400885"/>
    <nd ref="4797400884"/>
    <nd ref="4797400883"/>
    <nd ref="4797400882"/>
    <nd ref="4797400881"/>
    <nd ref="4797400880"/>
    <nd ref="4797400879"/>
    <nd ref="4797400878"/>
    <nd ref="4797400889"/>
    <tag k="addr:housename" v="The Cherries"/>
    <tag k="addr:housenumber" v="82"/>
    <tag k="addr:postcode" v="LE12 5RQ"/>
    <tag k="addr:street" v="Melton Lane"/>
    <tag k="building" v="detached"/>
    <tag k="source:addr" v="survey"/>
    <tag k="source:addr:postcode" v="OS Opendata Codepoint"/>
  </way>
  <way id="487229357" version="1" timestamp="2017-04-16T23:54:22Z" changeset="47851704" uid="207845" user="will_p">
    <nd ref="4797400893"/>
    <nd ref="4797400892"/>
    <nd ref="4797400891"/>
    <nd ref="4797400890"/>
    <nd ref="4797400893"/>
    <tag k="addr:housenumber" v="84"/>
    <tag k="addr:postcode" v="LE12 5RQ"/>
    <tag k="addr:street" v="Melton Lane"/>
    <tag k="building" v="detached"/>
    <tag k="source:addr" v="survey"/>
    <tag k="source:addr:postcode" v="OS Opendata Codepoint"/>
  </way>
  <way id="487229359" version="1" timestamp="2017-04-16T23:54:23Z" changeset="47851704" uid="207845" user="will_p">
    <nd ref="4797400898"/>
    <nd ref="4797400899"/>
    <nd ref="4797400900"/>
    <nd ref="4797400901"/>
    <nd ref="4797400902"/>
    <nd ref="4797400903"/>
    <nd ref="4797400904"/>
    <nd ref="4797400905"/>
    <nd ref="4797400909"/>
    <nd ref="4797400908"/>
    <nd ref="4797400907"/>
    <nd ref="4797400906"/>
    <nd ref="4797400898"/>
    <tag k="addr:housenumber" v="80"/>
    <tag k="addr:postcode" v="LE12 5RQ"/>
    <tag k="addr:street" v="Melton Lane"/>
    <tag k="building" v="detached"/>
    <tag k="source:addr" v="survey"/>
    <tag k="source:addr:postcode" v="OS Opendata Codepoint"/>
  </way>
  <way id="487229360" version="1" timestamp="2017-04-16T23:54:23Z" changeset="47851704" uid="207845" user="will_p">
    <nd ref="4797400919"/>
    <nd ref="4797400918"/>
    <nd ref="4797400917"/>
    <nd ref="4797400916"/>
    <nd ref="4797400915"/>
    <nd ref="4797400914"/>
    <nd ref="4797400913"/>
    <nd ref="4797400912"/>
    <nd ref="4797400911"/>
    <nd ref="4797400910"/>
    <nd ref="4797400919"/>
    <tag k="addr:housenumber" v="78"/>
    <tag k="addr:postcode" v="LE12 5RQ"/>
    <tag k="addr:street" v="Melton Lane"/>
    <tag k="building" v="detached"/>
    <tag k="source:addr" v="survey"/>
    <tag k="source:addr:postcode" v="OS Opendata Codepoint"/>
  </way>
  <way id="487229361" version="1" timestamp="2017-04-16T23:54:23Z" changeset="47851704" uid="207845" user="will_p">
    <nd ref="4797400925"/>
    <nd ref="4797400924"/>
    <nd ref="4797400923"/>
    <nd ref="4797400922"/>
    <nd ref="4797400921"/>
    <nd ref="4797400920"/>
    <nd ref="4797400925"/>
    <tag k="addr:housenumber" v="76"/>
    <tag k="addr:postcode" v="LE12 5RQ"/>
    <tag k="addr:street" v="Melton Lane"/>
    <tag k="building" v="detached"/>
    <tag k="source:addr" v="survey"/>
    <tag k="source:addr:postcode" v="OS Opendata Codepoint"/>
  </way>
  <way id="487229363" version="1" timestamp="2017-04-16T23:54:23Z" changeset="47851704" uid="207845" user="will_p">
    <nd ref="4797400938"/>
    <nd ref="4797400937"/>
    <nd ref="4797400926"/>
    <nd ref="4797400936"/>
    <nd ref="4797400935"/>
    <nd ref="4797400934"/>
    <nd ref="4797400933"/>
    <nd ref="4797400932"/>
    <nd ref="4797400931"/>
    <nd ref="4797400930"/>
    <nd ref="4797400929"/>
    <nd ref="4797400938"/>
    <tag k="addr:housenumber" v="74"/>
    <tag k="addr:postcode" v="LE12 5RQ"/>
    <tag k="addr:street" v="Melton Lane"/>
    <tag k="building" v="detached"/>
    <tag k="source:addr" v="survey"/>
    <tag k="source:addr:postcode" v="OS Opendata Codepoint"/>
  </way>
  <way id="487229366" version="1" timestamp="2017-04-16T23:54:23Z" changeset="47851704" uid="207845" user="will_p">
    <nd ref="4797400954"/>
    <nd ref="4797400953"/>
    <nd ref="4797400942"/>
    <nd ref="4797400944"/>
    <nd ref="4797400952"/>
    <nd ref="4797400951"/>
    <nd ref="4797400950"/>
    <nd ref="4797400949"/>
    <nd ref="4797400948"/>
    <nd ref="4797400947"/>
    <nd ref="4797400954"/>
    <tag k="addr:housenumber" v="72A"/>
    <tag k="addr:postcode" v="LE12 5RQ"/>
    <tag k="addr:street" v="Melton Lane"/>
    <tag k="building" v="detached"/>
    <tag k="source:addr" v="survey"/>
    <tag k="source:addr:postcode" v="OS Opendata Codepoint"/>
  </way>
  <way id="487229367" version="1" timestamp="2017-04-16T23:54:23Z" changeset="47851704" uid="207845" user="will_p">
    <nd ref="4797400962"/>
    <nd ref="4797400961"/>
    <nd ref="4797400964"/>
    <nd ref="4797400963"/>
    <nd ref="4797400962"/>
    <tag k="addr:housenumber" v="72"/>
    <tag k="addr:postcode" v="LE12 5RQ"/>
    <tag k="addr:street" v="Melton Lane"/>
    <tag k="building" v="detached"/>
    <tag k="source:addr" v="survey"/>
    <tag k="source:addr:postcode" v="OS Opendata Codepoint"/>
  </way>
  <way id="487229368" version="1" timestamp="2017-04-16T23:54:24Z" changeset="47851704" uid="207845" user="will_p">
    <nd ref="4797400969"/>
    <nd ref="4797400968"/>
    <nd ref="4797400967"/>
    <nd ref="4797400966"/>
    <nd ref="4797400965"/>
    <nd ref="4797400794"/>
    <nd ref="4797400969"/>
    <tag k="addr:housenumber" v="70"/>
    <tag k="addr:postcode" v="LE12 5RQ"/>
    <tag k="addr:street" v="Melton Lane"/>
    <tag k="building" v="detached"/>
    <tag k="note" v="Rebuilt since Bing imagery (2017-04)"/>
    <tag k="source:addr" v="survey"/>
    <tag k="source:addr:postcode" v="OS Opendata Codepoint"/>
  </way>
  <way id="487229369" version="2" timestamp="2025-01-18T22:01:37Z" changeset="161507263" uid="8857" user="philipcullen">
    <nd ref="4797400984"/>
    <nd ref="4797400970"/>
    <nd ref="4797400971"/>
    <nd ref="4797400972"/>
    <nd ref="4797400973"/>
    <nd ref="4797400974"/>
    <nd ref="4797400975"/>
    <nd ref="4797400976"/>
    <nd ref="4797400977"/>
    <nd ref="4797400978"/>
    <nd ref="4797400979"/>
    <nd ref="4797400980"/>
    <nd ref="4797400981"/>
    <nd ref="4797400982"/>
    <nd ref="4797400983"/>
    <nd ref="4797400985"/>
    <nd ref="4797400984"/>
    <tag k="addr:housenumber" v="68A"/>
    <tag k="addr:postcode" v="LE12 5RQ"/>
    <tag k="addr:street" v="Melton Lane"/>
    <tag k="building" v="detached"/>
    <tag k="ref:GB:uprn" v="3040001044"/>
    <tag k="source:addr" v="survey"/>
    <tag k="source:addr:postcode" v="OS Opendata Codepoint"/>
  </way>
  <way id="487229371" version="2" timestamp="2025-01-18T22:01:37Z" changeset="161507263" uid="8857" user="philipcullen">
    <nd ref="4797401004"/>
    <nd ref="4797401003"/>
    <nd ref="4797401002"/>
    <nd ref="4797401001"/>
    <nd ref="4797401000"/>
    <nd ref="4797400999"/>
    <nd ref="4797400998"/>
    <nd ref="4797400997"/>
    <nd ref="4797400996"/>
    <nd ref="4797400995"/>
    <nd ref="4797401004"/>
    <tag k="addr:housename" v="Mulberry House"/>
    <tag k="addr:housenumber" v="68"/>
    <tag k="addr:postcode" v="LE12 5RQ"/>
    <tag k="addr:street" v="Melton Lane"/>
    <tag k="building" v="detached"/>
    <tag k="ref:GB:uprn" v="3040001030"/>
    <tag k="source:addr" v="survey"/>
    <tag k="source:addr:postcode" v="OS Opendata Codepoint"/>
  </way>
  <way id="487229372" version="2" timestamp="2025-01-18T22:01:37Z" changeset="161507263" uid="8857" user="philipcullen">
    <nd ref="4797401014"/>
    <nd ref="4797401013"/>
    <nd ref="4797401012"/>
    <nd ref="4797401011"/>
    <nd ref="4797401010"/>
    <nd ref="4797401009"/>
    <nd ref="4797401008"/>
    <nd ref="4797401007"/>
    <nd ref="4797401006"/>
    <nd ref="4797401005"/>
    <nd ref="4797401014"/>
    <tag k="addr:housenumber" v="66A"/>
    <tag k="addr:postcode" v="LE12 5RQ"/>
    <tag k="addr:street" v="Melton Lane"/>
    <tag k="building" v="detached"/>
    <tag k="ref:GB:uprn" v="3040001039"/>
    <tag k="source:addr" v="survey"/>
    <tag k="source:addr:postcode" v="OS Opendata Codepoint"/>
  </way>
  <way id="487229374" version="1" timestamp="2017-04-16T23:54:24Z" changeset="47851704" uid="207845" user="will_p">
    <nd ref="4797401028"/>
    <nd ref="4797401027"/>
    <nd ref="4797401026"/>
    <nd ref="4797401025"/>
    <nd ref="4797401024"/>
    <nd ref="4797401023"/>
    <nd ref="4797401022"/>
    <nd ref="4797401021"/>
    <nd ref="4797401020"/>
    <nd ref="4797401019"/>
    <nd ref="4797401028"/>
    <tag k="addr:housenumber" v="66"/>
    <tag k="addr:postcode" v="LE12 5RQ"/>
    <tag k="addr:street" v="Melton Lane"/>
    <tag k="building" v="detached"/>
    <tag k="source:addr" v="survey"/>
    <tag k="source:addr:postcode" v="OS Opendata Codepoint"/>
  </way>
  <way id="487229377" version="2" timestamp="2025-01-18T22:01:37Z" changeset="161507263" uid="8857" user="philipcullen">
    <nd ref="4797401040"/>
    <nd ref="4797401038"/>
    <nd ref="4797401039"/>
    <nd ref="4797401044"/>
    <nd ref="4797401035"/>
    <nd ref="4797401036"/>
    <nd ref="4797401043"/>
    <nd ref="4797401042"/>
    <nd ref="4797401041"/>
    <nd ref="4797401040"/>
    <tag k="addr:housename" v="Fairbourne"/>
    <tag k="addr:housenumber" v="64"/>
    <tag k="addr:postcode" v="LE12 5RQ"/>
    <tag k="addr:street" v="Melton Lane"/>
    <tag k="building" v="detached"/>
    <tag k="ref:GB:uprn" v="3040001028"/>
    <tag k="source:addr" v="survey"/>
    <tag k="source:addr:postcode" v="OS Opendata Codepoint"/>
  </way>
  <way id="487229378" version="1" timestamp="2017-04-16T23:54:25Z" changeset="47851704" uid="207845" user="will_p">
    <nd ref="4797401045"/>
    <nd ref="4797401046"/>
    <nd ref="4797401047"/>
    <nd ref="4797401048"/>
    <nd ref="4797401049"/>
    <nd ref="4797401050"/>
    <nd ref="4797401052"/>
    <nd ref="4797401051"/>
    <nd ref="4797401045"/>
    <tag k="addr:housename" v="The Spinney"/>
    <tag k="addr:housenumber" v="62"/>
    <tag k="addr:postcode" v="LE12 5RQ"/>
    <tag k="addr:street" v="Melton Lane"/>
    <tag k="building" v="detached"/>
    <tag k="source:addr" v="survey"/>
    <tag k="source:addr:postcode" v="OS Opendata Codepoint"/>
  </way>
  <way id="487229379" version="2" timestamp="2025-01-18T22:01:37Z" changeset="161507263" uid="8857" user="philipcullen">
    <nd ref="4797401058"/>
    <nd ref="4797401057"/>
    <nd ref="4797401056"/>
    <nd ref="4797401055"/>
    <nd ref="4797401054"/>
    <nd ref="4797401053"/>
    <nd ref="4797401058"/>
    <tag k="addr:housenumber" v="60"/>
    <tag k="addr:postcode" v="LE12 5RQ"/>
    <tag k="addr:street" v="Melton Lane"/>
    <tag k="building" v="detached"/>
    <tag k="ref:GB:uprn" v="3040001026"/>
    <tag k="source:addr" v="survey"/>
    <tag k="source:addr:postcode" v="OS Opendata Codepoint"/>
  </way>
  <way id="487229380" version="2" timestamp="2025-01-18T22:01:37Z" changeset="161507263" uid="8857" user="philipcullen">
    <nd ref="4797401064"/>
    <nd ref="4797401063"/>
    <nd ref="4797401062"/>
    <nd ref="4797401061"/>
    <nd ref="4797401060"/>
    <nd ref="4797401059"/>
    <nd ref="4797401064"/>
    <tag k="addr:housename" v="Woodside"/>
    <tag k="addr:housenumber" v="58"/>
    <tag k="addr:postcode" v="LE12 5RQ"/>
    <tag k="addr:street" v="Melton Lane"/>
    <tag k="building" v="detached"/>
    <tag k="ref:GB:uprn" v="3040001025"/>
    <tag k="source:addr" v="survey"/>
    <tag k="source:addr:postcode" v="OS Opendata Codepoint"/>
  </way>
  <way id="487229388" version="2" timestamp="2022-02-26T13:34:01Z" changeset="117879080" uid="242345" user="confusedbuffalo">
    <nd ref="4797401094"/>
    <nd ref="4797401092"/>
    <nd ref="4797401091"/>
    <nd ref="4797401114"/>
    <nd ref="4797401113"/>
    <nd ref="4797401093"/>
    <nd ref="4797401094"/>
    <tag k="addr:housenumber" v="51"/>
    <tag k="addr:postcode" v="LE12 5RQ"/>
    <tag k="addr:street" v="Melton Lane"/>
    <tag k="building" v="semidetached_house"/>
    <tag k="source:addr" v="survey"/>
    <tag k="source:addr:postcode" v="OS Opendata Codepoint"/>
  </way>
  <way id="487229389" version="2" timestamp="2022-02-26T13:34:01Z" changeset="117879080" uid="242345" user="confusedbuffalo">
    <nd ref="4797401100"/>
    <nd ref="4797401096"/>
    <nd ref="4797401097"/>
    <nd ref="4797401117"/>
    <nd ref="4797401116"/>
    <nd ref="4797401099"/>
    <nd ref="4797401100"/>
    <tag k="addr:housenumber" v="20"/>
    <tag k="addr:postcode" v="LE12 5RQ"/>
    <tag k="addr:street" v="Melton Lane"/>
    <tag k="building" v="semidetached_house"/>
    <tag k="source:addr" v="survey"/>
    <tag k="source:addr:postcode" v="OS Opendata Codepoint"/>
  </way>
  <way id="487229392" version="3" timestamp="2025-01-18T22:01:37Z" changeset="161507263" uid="8857" user="philipcullen">
    <nd ref="4797401111"/>
    <nd ref="4797401094"/>
    <nd ref="4797401093"/>
    <nd ref="4797401112"/>
    <nd ref="4797401111"/>
    <tag k="addr:housenumber" v="53"/>
    <tag k="addr:postcode" v="LE12 5RQ"/>
    <tag k="addr:street" v="Melton Lane"/>
    <tag k="building" v="semidetached_house"/>
    <tag k="ref:GB:uprn" v="3040001024"/>
    <tag k="source:addr" v="survey"/>
    <tag k="source:addr:postcode" v="OS Opendata Codepoint"/>
  </way>
  <way id="487229393" version="3" timestamp="2025-01-18T22:01:37Z" changeset="161507263" uid="8857" user="philipcullen">
    <nd ref="4797401118"/>
    <nd ref="4797401098"/>
    <nd ref="4797401095"/>
    <nd ref="4797401100"/>
    <nd ref="4797401099"/>
    <nd ref="4797401115"/>
    <nd ref="4797401118"/>
    <tag k="addr:housenumber" v="22"/>
    <tag k="addr:postcode" v="LE12 5RQ"/>
    <tag k="addr:street" v="Melton Lane"/>
    <tag k="building" v="semidetached_house"/>
    <tag k="ref:GB:uprn" v="3040001022"/>
    <tag k="source:addr" v="survey"/>
    <tag k="source:addr:postcode" v="OS Opendata Codepoint"/>
  </way>
  <way id="488110792" version="2" timestamp="2022-02-26T13:34:01Z" changeset="117879080" uid="242345" user="confusedbuffalo">
    <nd ref="4804644153"/>
    <nd ref="1206792384"/>
    <nd ref="1206792376"/>
    <nd ref="4804644148"/>
    <nd ref="4804644151"/>
    <nd ref="4804644152"/>
    <nd ref="4804644153"/>
    <tag k="addr:housenumber" v="54"/>
    <tag k="addr:postcode" v="LE12 5NB"/>
    <tag k="addr:street" v="Hungary Lane"/>
    <tag k="building" v="semidetached_house"/>
    <tag k="source:addr" v="survey"/>
    <tag k="source:addr:postcode" v="OS Opendata Codepoint"/>
  </way>
  <way id="488110806" version="1" timestamp="2017-04-19T21:12:23Z" changeset="47952532" uid="207845" user="will_p">
    <nd ref="4804644278"/>
    <nd ref="4804644277"/>
    <nd ref="4804644276"/>
    <nd ref="4804644275"/>
    <nd ref="4804644274"/>
    <nd ref="4804644273"/>
    <nd ref="4804644278"/>
    <tag k="addr:housenumber" v="12"/>
    <tag k="addr:postcode" v="LE12 5RW"/>
    <tag k="addr:street" v="Trowell Lane"/>
    <tag k="building" v="detached"/>
    <tag k="source:addr" v="survey"/>
    <tag k="source:addr:postcode" v="OS Opendata Codepoint"/>
  </way>
  <way id="488110807" version="1" timestamp="2017-04-19T21:12:23Z" changeset="47952532" uid="207845" user="will_p">
    <nd ref="4804644287"/>
    <nd ref="4804644286"/>
    <nd ref="4804644285"/>
    <nd ref="4804644284"/>
    <nd ref="4804644283"/>
    <nd ref="4804644282"/>
    <nd ref="4804644281"/>
    <nd ref="4804644280"/>
    <nd ref="4804644279"/>
    <nd ref="4804644287"/>
    <tag k="addr:housename" v="Northacre"/>
    <tag k="addr:housenumber" v="4"/>
    <tag k="addr:postcode" v="LE12 5RW"/>
    <tag k="addr:street" v="Trowell Lane"/>
    <tag k="building" v="detached"/>
    <tag k="source:addr" v="survey"/>
    <tag k="source:addr:postcode" v="OS Opendata Codepoint"/>
  </way>
  <way id="488110811" version="1" timestamp="2017-04-19T21:12:24Z" changeset="47952532" uid="207845" user="will_p">
    <nd ref="4804644307"/>
    <nd ref="4804644306"/>
    <nd ref="4804644305"/>
    <nd ref="4804644304"/>
    <nd ref="4804644303"/>
    <nd ref="4804644302"/>
    <nd ref="4804644307"/>
    <tag k="addr:housenumber" v="86"/>
    <tag k="addr:postcode" v="LE12 5RQ"/>
    <tag k="addr:street" v="Melton Lane"/>
    <tag k="building" v="detached"/>
    <tag k="source:addr" v="survey"/>
    <tag k="source:addr:postcode" v="OS Opendata Codepoint"/>
  </way>
  <way id="488110813" version="1" timestamp="2017-04-19T21:12:24Z" changeset="47952532" uid="207845" user="will_p">
    <nd ref="4804644421"/>
    <nd ref="4804644320"/>
    <nd ref="4804644319"/>
    <nd ref="4804644318"/>
    <nd ref="4804644317"/>
    <nd ref="4804644316"/>
    <nd ref="4804644315"/>
    <nd ref="4804644314"/>
    <nd ref="4804644421"/>
    <tag k="addr:housenumber" v="88"/>
    <tag k="addr:postcode" v="LE12 5RQ"/>
    <tag k="addr:street" v="Melton Lane"/>
    <tag k="building" v="detached"/>
    <tag k="source:addr" v="survey"/>
    <tag k="source:addr:postcode" v="OS Opendata Codepoint"/>
  </way>
  <way id="488110814" version="1" timestamp="2017-04-19T21:12:24Z" changeset="47952532" uid="207845" user="will_p">
    <nd ref="4804644435"/>
    <nd ref="4804644430"/>
    <nd ref="4804644431"/>
    <nd ref="4804644432"/>
    <nd ref="4804644433"/>
    <nd ref="4804644434"/>
    <nd ref="4804644437"/>
    <nd ref="4804644436"/>
    <nd ref="4804644435"/>
    <tag k="addr:housename" v="Rookhaven"/>
    <tag k="addr:housenumber" v="90"/>
    <tag k="addr:postcode" v="LE12 5RQ"/>
    <tag k="addr:street" v="Melton Lane"/>
    <tag k="building" v="detached"/>
    <tag k="source:addr" v="survey"/>
    <tag k="source:addr:postcode" v="OS Opendata Codepoint"/>
  </way>
  <way id="488110815" version="1" timestamp="2017-04-19T21:12:24Z" changeset="47952532" uid="207845" user="will_p">
    <nd ref="4804644447"/>
    <nd ref="4804644446"/>
    <nd ref="4804644445"/>
    <nd ref="4804644444"/>
    <nd ref="4804644443"/>
    <nd ref="4804644442"/>
    <nd ref="4804644441"/>
    <nd ref="4804644440"/>
    <nd ref="4804644439"/>
    <nd ref="4804644438"/>
    <nd ref="4804644447"/>
    <tag k="addr:housenumber" v="92"/>
    <tag k="addr:postcode" v="LE12 5RQ"/>
    <tag k="addr:street" v="Melton Lane"/>
    <tag k="building" v="detached"/>
    <tag k="source:addr" v="survey"/>
    <tag k="source:addr:postcode" v="OS Opendata Codepoint"/>
  </way>
  <way id="488110819" version="1" timestamp="2017-04-19T21:12:24Z" changeset="47952532" uid="207845" user="will_p">
    <nd ref="4804644470"/>
    <nd ref="4804644469"/>
    <nd ref="4804644480"/>
    <nd ref="4804644479"/>
    <nd ref="4804644478"/>
    <nd ref="4804644477"/>
    <nd ref="4804644476"/>
    <nd ref="4804644475"/>
    <nd ref="4804644474"/>
    <nd ref="4804644473"/>
    <nd ref="4804644472"/>
    <nd ref="4804644471"/>
    <nd ref="4804644470"/>
    <tag k="addr:housenumber" v="85"/>
    <tag k="addr:postcode" v="LE12 5RQ"/>
    <tag k="addr:street" v="Melton Lane"/>
    <tag k="building" v="detached"/>
    <tag k="source:addr" v="survey"/>
    <tag k="source:addr:postcode" v="OS Opendata Codepoint"/>
  </way>
  <way id="488110821" version="1" timestamp="2017-04-19T21:12:25Z" changeset="47952532" uid="207845" user="will_p">
    <nd ref="4804644489"/>
    <nd ref="4804644488"/>
    <nd ref="4804644487"/>
    <nd ref="4804644486"/>
    <nd ref="4804644484"/>
    <nd ref="4804644489"/>
    <tag k="addr:housenumber" v="81"/>
    <tag k="addr:postcode" v="LE12 5RQ"/>
    <tag k="addr:street" v="Melton Lane"/>
    <tag k="building" v="detached"/>
    <tag k="source:addr" v="survey"/>
    <tag k="source:addr:postcode" v="OS Opendata Codepoint"/>
  </way>
  <way id="488110824" version="1" timestamp="2017-04-19T21:12:25Z" changeset="47952532" uid="207845" user="will_p">
    <nd ref="4804644503"/>
    <nd ref="4804644502"/>
    <nd ref="4804644501"/>
    <nd ref="4804644500"/>
    <nd ref="4804644499"/>
    <nd ref="4804644498"/>
    <nd ref="4804644503"/>
    <tag k="addr:housename" v="Fairhaven"/>
    <tag k="addr:housenumber" v="83"/>
    <tag k="addr:postcode" v="LE12 5RQ"/>
    <tag k="addr:street" v="Melton Lane"/>
    <tag k="building" v="detached"/>
    <tag k="source:addr" v="survey"/>
    <tag k="source:addr:postcode" v="OS Opendata Codepoint"/>
  </way>
  <way id="488110827" version="2" timestamp="2017-10-07T12:36:38Z" changeset="52706962" uid="84681" user="SK53">
    <nd ref="246110778"/>
    <nd ref="4085582347"/>
    <nd ref="5153474230"/>
    <nd ref="1139087124"/>
    <nd ref="4085582348"/>
    <nd ref="246110624"/>
    <nd ref="4085582349"/>
    <nd ref="4085582350"/>
    <nd ref="246110625"/>
    <nd ref="4085582351"/>
    <nd ref="4085582352"/>
    <nd ref="1367977042"/>
    <nd ref="4085582353"/>
    <nd ref="634278082"/>
    <tag k="highway" v="tertiary"/>
    <tag k="maxspeed" v="40 mph"/>
    <tag k="name" v="Station Road"/>
    <tag k="sidewalk" v="right"/>
    <tag k="source:name" v="survey"/>
  </way>
  <way id="488126539" version="2" timestamp="2022-03-26T18:31:52Z" changeset="118958417" uid="242345" user="confusedbuffalo">
    <nd ref="4804778625"/>
    <nd ref="4804778628"/>
    <nd ref="4804778627"/>
    <nd ref="4804778624"/>
    <nd ref="4804778625"/>
    <tag k="addr:housenumber" v="16"/>
    <tag k="addr:postcode" v="LE12 5NE"/>
    <tag k="addr:street" v="Main Street"/>
    <tag k="building" v="house"/>
    <tag k="house" v="terraced"/>
    <tag k="source:addr" v="survey"/>
    <tag k="source:addr:postcode" v="OS Opendata Codepoint"/>
  </way>
  <way id="488126540" version="2" timestamp="2022-03-26T18:31:52Z" changeset="118958417" uid="242345" user="confusedbuffalo">
    <nd ref="4804778626"/>
    <nd ref="4804778625"/>
    <nd ref="4804778624"/>
    <nd ref="4804778629"/>
    <nd ref="4804778626"/>
    <tag k="addr:housenumber" v="14"/>
    <tag k="addr:postcode" v="LE12 5NE"/>
    <tag k="addr:street" v="Main Street"/>
    <tag k="building" v="house"/>
    <tag k="house" v="terraced"/>
    <tag k="source:addr" v="survey"/>
    <tag k="source:addr:postcode" v="OS Opendata Codepoint"/>
  </way>
  <way id="488126543" version="3" timestamp="2025-01-18T20:07:05Z" changeset="161504409" uid="8857" user="philipcullen">
    <nd ref="4804778644"/>
    <nd ref="4804778636"/>
    <nd ref="4804778637"/>
    <nd ref="4804778643"/>
    <nd ref="4804778642"/>
    <nd ref="4804778633"/>
    <nd ref="4804778630"/>
    <nd ref="4804778638"/>
    <nd ref="4804778639"/>
    <nd ref="4804778645"/>
    <nd ref="4804778644"/>
    <tag k="addr:housenumber" v="2"/>
    <tag k="addr:postcode" v="LE12 5NE"/>
    <tag k="addr:street" v="Main Street"/>
    <tag k="building" v="semidetached_house"/>
    <tag k="ref:GB:uprn" v="3040000156"/>
    <tag k="source:addr" v="survey"/>
    <tag k="source:addr:postcode" v="OS Opendata Codepoint"/>
  </way>
  <way id="488126545" version="2" timestamp="2025-01-18T20:07:05Z" changeset="161504409" uid="8857" user="philipcullen">
    <nd ref="4804778667"/>
    <nd ref="4804778666"/>
    <nd ref="1204264118"/>
    <nd ref="4804778664"/>
    <nd ref="4804778665"/>
    <nd ref="1204264133"/>
    <nd ref="4804778667"/>
    <tag k="addr:housenumber" v="9"/>
    <tag k="addr:postcode" v="LE12 5NG"/>
    <tag k="addr:street" v="Swan Court"/>
    <tag k="building" v="residential"/>
    <tag k="ref:GB:uprn" v="3040000290"/>
    <tag k="source:addr" v="survey"/>
    <tag k="source:addr:postcode" v="OS Opendata Codepoint"/>
    <tag k="source:building" v="Bing"/>
  </way>
  <way id="488126547" version="2" timestamp="2025-01-18T20:07:05Z" changeset="161504409" uid="8857" user="philipcullen">
    <nd ref="4804778667"/>
    <nd ref="4804778666"/>
    <nd ref="1204266517"/>
    <nd ref="1204262997"/>
    <nd ref="4804778667"/>
    <tag k="addr:housenumber" v="10"/>
    <tag k="addr:postcode" v="LE12 5NG"/>
    <tag k="addr:street" v="Swan Court"/>
    <tag k="building" v="residential"/>
    <tag k="ref:GB:uprn" v="3040000291"/>
    <tag k="source:addr" v="survey"/>
    <tag k="source:addr:postcode" v="OS Opendata Codepoint"/>
    <tag k="source:building" v="Bing"/>
  </way>
  <way id="488126550" version="1" timestamp="2017-04-19T23:38:52Z" changeset="47954894" uid="207845" user="will_p">
    <nd ref="4804778669"/>
    <nd ref="1204262941"/>
    <nd ref="1204265938"/>
    <nd ref="4804778668"/>
    <nd ref="4804778669"/>
    <tag k="addr:housenumber" v="1"/>
    <tag k="addr:postcode" v="LE12 5NG"/>
    <tag k="addr:street" v="Swan Court"/>
    <tag k="building" v="residential"/>
    <tag k="source:addr" v="survey"/>
    <tag k="source:addr:postcode" v="OS Opendata Codepoint"/>
    <tag k="source:building" v="Bing"/>
  </way>
  <way id="488126552" version="2" timestamp="2025-01-18T20:07:05Z" changeset="161504409" uid="8857" user="philipcullen">
    <nd ref="4804778670"/>
    <nd ref="4804778669"/>
    <nd ref="4804778668"/>
    <nd ref="1204264799"/>
    <nd ref="4804778670"/>
    <tag k="addr:housenumber" v="2"/>
    <tag k="addr:postcode" v="LE12 5NG"/>
    <tag k="addr:street" v="Swan Court"/>
    <tag k="building" v="residential"/>
    <tag k="ref:GB:uprn" v="3040000284"/>
    <tag k="source:addr" v="survey"/>
    <tag k="source:addr:postcode" v="OS Opendata Codepoint"/>
    <tag k="source:building" v="Bing"/>
  </way>
  <way id="488126554" version="1" timestamp="2017-04-19T23:38:52Z" changeset="47954894" uid="207845" user="will_p">
    <nd ref="4804778676"/>
    <nd ref="1204262910"/>
    <nd ref="1204263993"/>
    <nd ref="4804778675"/>
    <nd ref="4804778676"/>
    <tag k="addr:housenumber" v="5"/>
    <tag k="addr:postcode" v="LE12 5NG"/>
    <tag k="addr:street" v="Swan Court"/>
    <tag k="building" v="residential"/>
    <tag k="source:addr" v="survey"/>
    <tag k="source:addr:postcode" v="OS Opendata Codepoint"/>
    <tag k="source:building" v="Bing"/>
  </way>
  <way id="488126560" version="3" timestamp="2025-01-18T20:07:05Z" changeset="161504409" uid="8857" user="philipcullen">
    <nd ref="4804783037"/>
    <nd ref="4804778720"/>
    <nd ref="4804783022"/>
    <nd ref="4804783035"/>
    <nd ref="4804783034"/>
    <nd ref="4804783036"/>
    <nd ref="4804783037"/>
    <tag k="addr:housenumber" v="66"/>
    <tag k="addr:postcode" v="LE12 5PF"/>
    <tag k="addr:street" v="Main Street"/>
    <tag k="building" v="house"/>
    <tag k="building_name" v="Hollyhurst Cottages"/>
    <tag k="house" v="terraced"/>
    <tag k="ref:GB:uprn" v="3040000388"/>
    <tag k="source:addr" v="survey"/>
    <tag k="source:addr:postcode" v="OS Opendata Codepoint"/>
    <tag k="source:building" v="Bing"/>
  </way>
  <way id="488126561" version="3" timestamp="2025-01-18T20:07:05Z" changeset="161504409" uid="8857" user="philipcullen">
    <nd ref="4804783039"/>
    <nd ref="4804783023"/>
    <nd ref="4804783021"/>
    <nd ref="4804783037"/>
    <nd ref="4804783036"/>
    <nd ref="4804783038"/>
    <nd ref="4804783039"/>
    <tag k="addr:housenumber" v="64"/>
    <tag k="addr:postcode" v="LE12 5PF"/>
    <tag k="addr:street" v="Main Street"/>
    <tag k="building" v="house"/>
    <tag k="building_name" v="Hollyhurst Cottages"/>
    <tag k="house" v="terraced"/>
    <tag k="ref:GB:uprn" v="3040000387"/>
    <tag k="source:addr" v="survey"/>
    <tag k="source:addr:postcode" v="OS Opendata Codepoint"/>
    <tag k="source:building" v="Bing"/>
  </way>
  <way id="488126562" version="3" timestamp="2025-01-18T20:07:05Z" changeset="161504409" uid="8857" user="philipcullen">
    <nd ref="4804783041"/>
    <nd ref="4804783026"/>
    <nd ref="4804783028"/>
    <nd ref="4804783039"/>
    <nd ref="4804783038"/>
    <nd ref="4804783040"/>
    <nd ref="4804783041"/>
    <tag k="addr:housenumber" v="62"/>
    <tag k="addr:postcode" v="LE12 5PF"/>
    <tag k="addr:street" v="Main Street"/>
    <tag k="building" v="house"/>
    <tag k="building_name" v="Hollyhurst Cottages"/>
    <tag k="house" v="terraced"/>
    <tag k="ref:GB:uprn" v="3040000386"/>
    <tag k="source:addr" v="survey"/>
    <tag k="source:addr:postcode" v="OS Opendata Codepoint"/>
    <tag k="source:building" v="Bing"/>
  </way>
  <way id="488126563" version="3" timestamp="2025-01-18T20:07:05Z" changeset="161504409" uid="8857" user="philipcullen">
    <nd ref="4804783043"/>
    <nd ref="4804783029"/>
    <nd ref="4804783027"/>
    <nd ref="4804783041"/>
    <nd ref="4804783040"/>
    <nd ref="4804783042"/>
    <nd ref="4804783043"/>
    <tag k="addr:housenumber" v="60"/>
    <tag k="addr:postcode" v="LE12 5PF"/>
    <tag k="addr:street" v="Main Street"/>
    <tag k="building" v="house"/>
    <tag k="building_name" v="Oakland Cottages"/>
    <tag k="house" v="terraced"/>
    <tag k="ref:GB:uprn" v="3040000385"/>
    <tag k="source:addr" v="survey"/>
    <tag k="source:addr:postcode" v="OS Opendata Codepoint"/>
    <tag k="source:building" v="Bing"/>
  </way>
  <way id="488126564" version="3" timestamp="2025-01-18T20:07:05Z" changeset="161504409" uid="8857" user="philipcullen">
    <nd ref="4804783045"/>
    <nd ref="4804783030"/>
    <nd ref="4804783032"/>
    <nd ref="4804783043"/>
    <nd ref="4804783042"/>
    <nd ref="4804783044"/>
    <nd ref="4804783045"/>
    <tag k="addr:housenumber" v="58"/>
    <tag k="addr:postcode" v="LE12 5PF"/>
    <tag k="addr:street" v="Main Street"/>
    <tag k="building" v="house"/>
    <tag k="building_name" v="Oakland Cottages"/>
    <tag k="house" v="terraced"/>
    <tag k="ref:GB:uprn" v="3040000384"/>
    <tag k="source:addr" v="survey"/>
    <tag k="source:addr:postcode" v="OS Opendata Codepoint"/>
    <tag k="source:building" v="Bing"/>
  </way>
  <way id="488126565" version="3" timestamp="2025-01-18T20:07:05Z" changeset="161504409" uid="8857" user="philipcullen">
    <nd ref="4804783047"/>
    <nd ref="4804783033"/>
    <nd ref="4804783031"/>
    <nd ref="4804783045"/>
    <nd ref="4804783044"/>
    <nd ref="4804783046"/>
    <nd ref="4804783047"/>
    <tag k="addr:housenumber" v="56"/>
    <tag k="addr:postcode" v="LE12 5PF"/>
    <tag k="addr:street" v="Main Street"/>
    <tag k="building" v="house"/>
    <tag k="building_name" v="Oakland Cottages"/>
    <tag k="house" v="terraced"/>
    <tag k="ref:GB:uprn" v="3040000383"/>
    <tag k="source:addr" v="survey"/>
    <tag k="source:addr:postcode" v="OS Opendata Codepoint"/>
    <tag k="source:building" v="Bing"/>
  </way>
  <way id="488126566" version="2" timestamp="2022-03-26T18:31:52Z" changeset="118958417" uid="242345" user="confusedbuffalo">
    <nd ref="4804783048"/>
    <nd ref="4804783024"/>
    <nd ref="4804783025"/>
    <nd ref="4804783047"/>
    <nd ref="4804783046"/>
    <nd ref="4804783049"/>
    <nd ref="4804783048"/>
    <tag k="addr:housenumber" v="54"/>
    <tag k="addr:postcode" v="LE12 5PF"/>
    <tag k="addr:street" v="Main Street"/>
    <tag k="building" v="house"/>
    <tag k="building_name" v="Oakland Cottages"/>
    <tag k="house" v="terraced"/>
    <tag k="source:addr" v="survey"/>
    <tag k="source:addr:postcode" v="OS Opendata Codepoint"/>
    <tag k="source:building" v="Bing"/>
  </way>
  <way id="488126567" version="3" timestamp="2025-01-18T20:07:05Z" changeset="161504409" uid="8857" user="philipcullen">
    <nd ref="4804783059"/>
    <nd ref="4804783052"/>
    <nd ref="4804783054"/>
    <nd ref="4804783065"/>
    <nd ref="4804783064"/>
    <nd ref="4804783058"/>
    <nd ref="4804783059"/>
    <tag k="addr:housenumber" v="52"/>
    <tag k="addr:postcode" v="LE12 5PF"/>
    <tag k="addr:street" v="Main Street"/>
    <tag k="building" v="house"/>
    <tag k="house" v="terraced"/>
    <tag k="ref:GB:uprn" v="3040000244"/>
    <tag k="source:addr" v="survey"/>
    <tag k="source:addr:postcode" v="OS Opendata Codepoint"/>
    <tag k="source:building" v="Bing"/>
  </way>
  <way id="488126568" version="3" timestamp="2025-01-18T20:07:05Z" changeset="161504409" uid="8857" user="philipcullen">
    <nd ref="4804783061"/>
    <nd ref="4804783055"/>
    <nd ref="4804783053"/>
    <nd ref="4804783059"/>
    <nd ref="4804783058"/>
    <nd ref="4804783060"/>
    <nd ref="4804783061"/>
    <tag k="addr:housenumber" v="50"/>
    <tag k="addr:postcode" v="LE12 5PF"/>
    <tag k="addr:street" v="Main Street"/>
    <tag k="building" v="house"/>
    <tag k="house" v="terraced"/>
    <tag k="ref:GB:uprn" v="3040000243"/>
    <tag k="source:addr" v="survey"/>
    <tag k="source:addr:postcode" v="OS Opendata Codepoint"/>
    <tag k="source:building" v="Bing"/>
  </way>
  <way id="488126569" version="3" timestamp="2025-01-18T20:07:05Z" changeset="161504409" uid="8857" user="philipcullen">
    <nd ref="4804783063"/>
    <nd ref="4804783050"/>
    <nd ref="4804783056"/>
    <nd ref="4804783061"/>
    <nd ref="4804783060"/>
    <nd ref="4804783062"/>
    <nd ref="4804783063"/>
    <tag k="addr:housenumber" v="48"/>
    <tag k="addr:postcode" v="LE12 5PF"/>
    <tag k="addr:street" v="Main Street"/>
    <tag k="building" v="house"/>
    <tag k="house" v="terraced"/>
    <tag k="ref:GB:uprn" v="3040000242"/>
    <tag k="source:addr" v="survey"/>
    <tag k="source:addr:postcode" v="OS Opendata Codepoint"/>
    <tag k="source:building" v="Bing"/>
  </way>
  <way id="488126581" version="3" timestamp="2022-03-26T18:31:52Z" changeset="118958417" uid="242345" user="confusedbuffalo">
    <nd ref="4804783101"/>
    <nd ref="3726677469"/>
    <nd ref="3726677479"/>
    <nd ref="4804783100"/>
    <nd ref="4804783101"/>
    <tag k="addr:housenumber" v="18"/>
    <tag k="addr:postcode" v="LE12 5PJ"/>
    <tag k="addr:street" v="Rectory Close"/>
    <tag k="building" v="house"/>
    <tag k="house" v="terraced"/>
    <tag k="ref:GB:uprn" v="3040068045"/>
    <tag k="source:addr" v="survey"/>
    <tag k="source:addr:postcode" v="OS Opendata Codepoint"/>
    <tag k="source:building" v="Bing"/>
  </way>
  <way id="488126582" version="3" timestamp="2022-03-26T18:31:52Z" changeset="118958417" uid="242345" user="confusedbuffalo">
    <nd ref="4804783103"/>
    <nd ref="4804783101"/>
    <nd ref="4804783100"/>
    <nd ref="4804783102"/>
    <nd ref="4804783103"/>
    <tag k="addr:housenumber" v="17"/>
    <tag k="addr:postcode" v="LE12 5PJ"/>
    <tag k="addr:street" v="Rectory Close"/>
    <tag k="building" v="house"/>
    <tag k="house" v="terraced"/>
    <tag k="ref:GB:uprn" v="3040068046"/>
    <tag k="source:addr" v="survey"/>
    <tag k="source:addr:postcode" v="OS Opendata Codepoint"/>
    <tag k="source:building" v="Bing"/>
  </way>
  <way id="488126583" version="3" timestamp="2022-02-26T13:34:01Z" changeset="117879080" uid="242345" user="confusedbuffalo">
    <nd ref="4804783105"/>
    <nd ref="3726677440"/>
    <nd ref="3726677433"/>
    <nd ref="4804783104"/>
    <nd ref="4804783105"/>
    <tag k="addr:housenumber" v="21"/>
    <tag k="addr:postcode" v="LE12 5PJ"/>
    <tag k="addr:street" v="Rectory Close"/>
    <tag k="building" v="semidetached_house"/>
    <tag k="ref:GB:uprn" v="3040068042"/>
    <tag k="source:addr" v="survey"/>
    <tag k="source:addr:housenumber" v="interpolation"/>
    <tag k="source:addr:postcode" v="OS Opendata Codepoint"/>
    <tag k="source:building" v="Bing"/>
  </way>
  <way id="488126586" version="3" timestamp="2022-02-26T13:34:01Z" changeset="117879080" uid="242345" user="confusedbuffalo">
    <nd ref="3726677454"/>
    <nd ref="4804783114"/>
    <nd ref="3726677477"/>
    <nd ref="3726677464"/>
    <nd ref="3726677459"/>
    <nd ref="3726677454"/>
    <tag k="addr:housenumber" v="22"/>
    <tag k="addr:postcode" v="LE12 5PJ"/>
    <tag k="addr:street" v="Rectory Close"/>
    <tag k="building" v="semidetached_house"/>
    <tag k="ref:GB:uprn" v="3040068299"/>
    <tag k="source:addr" v="survey"/>
    <tag k="source:addr:postcode" v="OS Opendata Codepoint"/>
    <tag k="source:building" v="Bing"/>
  </way>
  <way id="488126587" version="3" timestamp="2022-02-26T13:34:01Z" changeset="117879080" uid="242345" user="confusedbuffalo">
    <nd ref="4804783116"/>
    <nd ref="3726677444"/>
    <nd ref="3726677438"/>
    <nd ref="4804783115"/>
    <nd ref="4804783116"/>
    <tag k="addr:housenumber" v="25"/>
    <tag k="addr:postcode" v="LE12 5PJ"/>
    <tag k="addr:street" v="Rectory Close"/>
    <tag k="building" v="semidetached_house"/>
    <tag k="ref:GB:uprn" v="3040068040"/>
    <tag k="source:addr" v="survey"/>
    <tag k="source:addr:postcode" v="OS Opendata Codepoint"/>
    <tag k="source:building" v="Bing"/>
  </way>
  <way id="488126588" version="3" timestamp="2025-01-18T20:07:05Z" changeset="161504409" uid="8857" user="philipcullen">
    <nd ref="3726677457"/>
    <nd ref="3726677447"/>
    <nd ref="3726677460"/>
    <nd ref="4804783118"/>
    <nd ref="3726677457"/>
    <tag k="addr:housenumber" v="28"/>
    <tag k="addr:postcode" v="LE12 5PJ"/>
    <tag k="addr:street" v="Rectory Close"/>
    <tag k="building" v="semidetached_house"/>
    <tag k="ref:GB:uprn" v="3040068037"/>
    <tag k="source:addr" v="survey"/>
    <tag k="source:addr:postcode" v="OS Opendata Codepoint"/>
    <tag k="source:building" v="Bing"/>
  </way>
  <way id="488126594" version="3" timestamp="2022-02-26T13:34:01Z" changeset="117879080" uid="242345" user="confusedbuffalo">
    <nd ref="4804783166"/>
    <nd ref="1204262763"/>
    <nd ref="1204262301"/>
    <nd ref="4804783165"/>
    <nd ref="4804783166"/>
    <tag k="HE_ref" v="1260058"/>
    <tag k="addr:housenumber" v="78"/>
    <tag k="addr:postcode" v="LE12 5PF"/>
    <tag k="addr:street" v="Main Street"/>
    <tag k="building" v="semidetached_house"/>
    <tag k="listed_status" v="Grade II"/>
    <tag k="ref:GB:uprn" v="3040000393"/>
    <tag k="source:addr" v="survey"/>
    <tag k="source:addr:postcode" v="OS Opendata Codepoint"/>
    <tag k="source:listed_status" v="Historic England"/>
  </way>
  <way id="488126596" version="3" timestamp="2025-01-18T20:07:05Z" changeset="161504409" uid="8857" user="philipcullen">
    <nd ref="4804783172"/>
    <nd ref="1204262803"/>
    <nd ref="1204263722"/>
    <nd ref="4804783171"/>
    <nd ref="4804783172"/>
    <tag k="HE_ref" v="1242369"/>
    <tag k="addr:housenumber" v="82"/>
    <tag k="addr:postcode" v="LE12 5PF"/>
    <tag k="addr:street" v="Main Street"/>
    <tag k="building" v="semidetached_house"/>
    <tag k="listed_status" v="Grade II"/>
    <tag k="ref:GB:uprn" v="3040000395"/>
    <tag k="source:addr" v="survey"/>
    <tag k="source:addr:postcode" v="OS Opendata Codepoint"/>
    <tag k="source:listed_status" v="Historic England"/>
  </way>
  <way id="488354434" version="3" timestamp="2025-01-18T20:07:05Z" changeset="161504409" uid="8857" user="philipcullen">
    <nd ref="4806673408"/>
    <nd ref="1204309731"/>
    <nd ref="1204308141"/>
    <nd ref="4806673405"/>
    <nd ref="4806673407"/>
    <nd ref="4806673408"/>
    <tag k="addr:housenumber" v="24"/>
    <tag k="addr:postcode" v="LE12 5NA"/>
    <tag k="addr:street" v="Charnwood Avenue"/>
    <tag k="building" v="semidetached_house"/>
    <tag k="ref:GB:uprn" v="3040000783"/>
    <tag k="source:addr" v="survey"/>
    <tag k="source:addr:postcode" v="OS Opendata Codepoint"/>
    <tag k="source:building" v="Bing"/>
  </way>
  <way id="488354435" version="3" timestamp="2022-02-26T13:34:01Z" changeset="117879080" uid="242345" user="confusedbuffalo">
    <nd ref="4806673410"/>
    <nd ref="1204309980"/>
    <nd ref="1204308574"/>
    <nd ref="1204308506"/>
    <nd ref="1204309319"/>
    <nd ref="4806673409"/>
    <nd ref="4806673410"/>
    <tag k="addr:housenumber" v="26"/>
    <tag k="addr:postcode" v="LE12 5NA"/>
    <tag k="addr:street" v="Charnwood Avenue"/>
    <tag k="building" v="semidetached_house"/>
    <tag k="ref:GB:uprn" v="3040000785"/>
    <tag k="source:addr" v="survey"/>
    <tag k="source:addr:postcode" v="OS Opendata Codepoint"/>
    <tag k="source:building" v="Bing"/>
  </way>
  <way id="488354439" version="3" timestamp="2025-01-18T20:07:05Z" changeset="161504409" uid="8857" user="philipcullen">
    <nd ref="4806683222"/>
    <nd ref="1204308273"/>
    <nd ref="1204309439"/>
    <nd ref="4806683221"/>
    <nd ref="4806683222"/>
    <tag k="addr:housenumber" v="32"/>
    <tag k="addr:postcode" v="LE12 5NA"/>
    <tag k="addr:street" v="Charnwood Avenue"/>
    <tag k="building" v="semidetached_house"/>
    <tag k="ref:GB:uprn" v="3040000792"/>
    <tag k="source:addr" v="survey"/>
    <tag k="source:addr:postcode" v="OS Opendata Codepoint"/>
    <tag k="source:building" v="Bing"/>
  </way>
  <way id="488354441" version="3" timestamp="2025-01-18T20:07:05Z" changeset="161504409" uid="8857" user="philipcullen">
    <nd ref="4806683238"/>
    <nd ref="4806683235"/>
    <nd ref="4806683233"/>
    <nd ref="4806683234"/>
    <nd ref="4806683236"/>
    <nd ref="1204308984"/>
    <nd ref="1204310381"/>
    <nd ref="4806683237"/>
    <nd ref="4806683238"/>
    <tag k="addr:housenumber" v="17"/>
    <tag k="addr:postcode" v="LE12 5NA"/>
    <tag k="addr:street" v="Charnwood Avenue"/>
    <tag k="building" v="semidetached_house"/>
    <tag k="ref:GB:uprn" v="3040000986"/>
    <tag k="source:addr" v="survey"/>
    <tag k="source:addr:postcode" v="OS Opendata Codepoint"/>
    <tag k="source:building" v="Bing"/>
  </way>
  <way id="488354444" version="3" timestamp="2025-01-18T20:07:05Z" changeset="161504409" uid="8857" user="philipcullen">
    <nd ref="4806683243"/>
    <nd ref="1204308115"/>
    <nd ref="1204309188"/>
    <nd ref="4806683242"/>
    <nd ref="4806683243"/>
    <tag k="addr:housenumber" v="21"/>
    <tag k="addr:postcode" v="LE12 5NA"/>
    <tag k="addr:street" v="Charnwood Avenue"/>
    <tag k="building" v="semidetached_house"/>
    <tag k="ref:GB:uprn" v="3040000780"/>
    <tag k="source:addr" v="survey"/>
    <tag k="source:addr:postcode" v="OS Opendata Codepoint"/>
    <tag k="source:building" v="Bing"/>
  </way>
  <way id="488354453" version="3" timestamp="2022-02-26T13:34:01Z" changeset="117879080" uid="242345" user="confusedbuffalo">
    <nd ref="4806683261"/>
    <nd ref="4806683259"/>
    <nd ref="4806683258"/>
    <nd ref="4806683257"/>
    <nd ref="4806683256"/>
    <nd ref="4806683260"/>
    <nd ref="4806683261"/>
    <tag k="addr:housenumber" v="27"/>
    <tag k="addr:postcode" v="LE12 5NA"/>
    <tag k="addr:street" v="Charnwood Avenue"/>
    <tag k="building" v="semidetached_house"/>
    <tag k="ref:GB:uprn" v="3040000786"/>
    <tag k="source:addr" v="survey"/>
    <tag k="source:addr:postcode" v="OS Opendata Codepoint"/>
    <tag k="source:building" v="Bing"/>
  </way>
  <way id="488354457" version="3" timestamp="2022-02-26T13:34:01Z" changeset="117879080" uid="242345" user="confusedbuffalo">
    <nd ref="4806683267"/>
    <nd ref="4806683266"/>
    <nd ref="4806683265"/>
    <nd ref="4806683264"/>
    <nd ref="4806683263"/>
    <nd ref="4806683262"/>
    <nd ref="4806683267"/>
    <tag k="addr:housenumber" v="37"/>
    <tag k="addr:postcode" v="LE12 5NA"/>
    <tag k="addr:street" v="Charnwood Avenue"/>
    <tag k="building" v="semidetached_house"/>
    <tag k="ref:GB:uprn" v="3040000797"/>
    <tag k="source:addr" v="survey"/>
    <tag k="source:addr:postcode" v="OS Opendata Codepoint"/>
    <tag k="source:building" v="Bing"/>
  </way>
  <way id="488354460" version="3" timestamp="2022-02-26T13:34:01Z" changeset="117879080" uid="242345" user="confusedbuffalo">
    <nd ref="4806683273"/>
    <nd ref="4806683268"/>
    <nd ref="4806683271"/>
    <nd ref="1204308649"/>
    <nd ref="1204310797"/>
    <nd ref="4806683272"/>
    <nd ref="4806683273"/>
    <tag k="addr:housenumber" v="31"/>
    <tag k="addr:postcode" v="LE12 5NA"/>
    <tag k="addr:street" v="Charnwood Avenue"/>
    <tag k="building" v="semidetached_house"/>
    <tag k="ref:GB:uprn" v="3040000791"/>
    <tag k="source:addr" v="survey"/>
    <tag k="source:addr:postcode" v="OS Opendata Codepoint"/>
    <tag k="source:building" v="Bing"/>
  </way>
  <way id="488354461" version="3" timestamp="2025-01-18T20:07:05Z" changeset="161504409" uid="8857" user="philipcullen">
    <nd ref="4806683279"/>
    <nd ref="4806683278"/>
    <nd ref="4806683277"/>
    <nd ref="4806683276"/>
    <nd ref="4806683275"/>
    <nd ref="4806683274"/>
    <nd ref="4806683279"/>
    <tag k="addr:housenumber" v="41"/>
    <tag k="addr:postcode" v="LE12 5NA"/>
    <tag k="addr:street" v="Charnwood Avenue"/>
    <tag k="building" v="semidetached_house"/>
    <tag k="ref:GB:uprn" v="3040000801"/>
    <tag k="source:addr" v="survey"/>
    <tag k="source:addr:postcode" v="OS Opendata Codepoint"/>
    <tag k="source:building" v="Bing"/>
  </way>
  <way id="488354462" version="3" timestamp="2025-01-18T20:07:05Z" changeset="161504409" uid="8857" user="philipcullen">
    <nd ref="4806683282"/>
    <nd ref="1204309428"/>
    <nd ref="1204308917"/>
    <nd ref="1204308827"/>
    <nd ref="1204309952"/>
    <nd ref="4806683281"/>
    <nd ref="4806683282"/>
    <tag k="addr:housenumber" v="45"/>
    <tag k="addr:postcode" v="LE12 5NA"/>
    <tag k="addr:street" v="Charnwood Avenue"/>
    <tag k="building" v="semidetached_house"/>
    <tag k="ref:GB:uprn" v="3040000805"/>
    <tag k="source:addr" v="survey"/>
    <tag k="source:addr:postcode" v="OS Opendata Codepoint"/>
    <tag k="source:building" v="Bing"/>
  </way>
  <way id="488354463" version="2" timestamp="2022-02-26T13:34:01Z" changeset="117879080" uid="242345" user="confusedbuffalo">
    <nd ref="4806683284"/>
    <nd ref="1204308159"/>
    <nd ref="1204310379"/>
    <nd ref="4806683283"/>
    <nd ref="4806683284"/>
    <tag k="addr:housenumber" v="36"/>
    <tag k="addr:postcode" v="LE12 5NA"/>
    <tag k="addr:street" v="Charnwood Avenue"/>
    <tag k="building" v="semidetached_house"/>
    <tag k="source:addr" v="survey"/>
    <tag k="source:addr:postcode" v="OS Opendata Codepoint"/>
    <tag k="source:building" v="Bing"/>
  </way>
  <way id="488354464" version="3" timestamp="2022-02-26T13:34:01Z" changeset="117879080" uid="242345" user="confusedbuffalo">
    <nd ref="4806683290"/>
    <nd ref="4806683287"/>
    <nd ref="4806683288"/>
    <nd ref="1204309301"/>
    <nd ref="1204310364"/>
    <nd ref="4806683289"/>
    <nd ref="4806683290"/>
    <tag k="addr:housenumber" v="49"/>
    <tag k="addr:postcode" v="LE12 5NA"/>
    <tag k="addr:street" v="Charnwood Avenue"/>
    <tag k="building" v="semidetached_house"/>
    <tag k="ref:GB:uprn" v="3040000809"/>
    <tag k="source:addr" v="survey"/>
    <tag k="source:addr:postcode" v="OS Opendata Codepoint"/>
    <tag k="source:building" v="Bing"/>
  </way>
  <way id="488354466" version="3" timestamp="2022-02-26T13:34:01Z" changeset="117879080" uid="242345" user="confusedbuffalo">
    <nd ref="4806683297"/>
    <nd ref="1204308821"/>
    <nd ref="1204310281"/>
    <nd ref="4806683295"/>
    <nd ref="4806683296"/>
    <nd ref="4806683297"/>
    <tag k="addr:housenumber" v="51"/>
    <tag k="addr:postcode" v="LE12 5NA"/>
    <tag k="addr:street" v="Charnwood Avenue"/>
    <tag k="building" v="semidetached_house"/>
    <tag k="ref:GB:uprn" v="3040000811"/>
    <tag k="source:addr" v="survey"/>
    <tag k="source:addr:postcode" v="OS Opendata Codepoint"/>
    <tag k="source:building" v="Bing"/>
  </way>
  <way id="488354467" version="3" timestamp="2025-01-18T20:07:05Z" changeset="161504409" uid="8857" user="philipcullen">
    <nd ref="4806683299"/>
    <nd ref="1204309247"/>
    <nd ref="1204310302"/>
    <nd ref="4806683298"/>
    <nd ref="4806683299"/>
    <tag k="addr:housenumber" v="55"/>
    <tag k="addr:postcode" v="LE12 5NA"/>
    <tag k="addr:street" v="Charnwood Avenue"/>
    <tag k="building" v="semidetached_house"/>
    <tag k="ref:GB:uprn" v="3040000813"/>
    <tag k="source:addr" v="survey"/>
    <tag k="source:addr:postcode" v="OS Opendata Codepoint"/>
    <tag k="source:building" v="Bing"/>
  </way>
  <way id="488354472" version="3" timestamp="2025-01-18T20:07:05Z" changeset="161504409" uid="8857" user="philipcullen">
    <nd ref="4806683315"/>
    <nd ref="1204310094"/>
    <nd ref="1204309448"/>
    <nd ref="1204309268"/>
    <nd ref="1204310433"/>
    <nd ref="4806683316"/>
    <nd ref="4806683315"/>
    <tag k="addr:housenumber" v="8"/>
    <tag k="addr:postcode" v="LE12 5NA"/>
    <tag k="addr:street" v="Charnwood Avenue"/>
    <tag k="building" v="semidetached_house"/>
    <tag k="ref:GB:uprn" v="3040000771"/>
    <tag k="source:addr" v="survey"/>
    <tag k="source:addr:postcode" v="OS Opendata Codepoint"/>
    <tag k="source:building" v="Bing"/>
  </way>
  <way id="488354473" version="3" timestamp="2025-01-18T20:07:05Z" changeset="161504409" uid="8857" user="philipcullen">
    <nd ref="4806683317"/>
    <nd ref="4806683318"/>
    <nd ref="1204309520"/>
    <nd ref="4806683354"/>
    <nd ref="4806683355"/>
    <nd ref="4806683356"/>
    <nd ref="4806683317"/>
    <tag k="addr:housenumber" v="4"/>
    <tag k="addr:postcode" v="LE12 5NA"/>
    <tag k="addr:street" v="Charnwood Avenue"/>
    <tag k="building" v="semidetached_house"/>
    <tag k="ref:GB:uprn" v="3040050580"/>
    <tag k="source:addr" v="survey"/>
    <tag k="source:addr:postcode" v="OS Opendata Codepoint"/>
    <tag k="source:building" v="Bing"/>
  </way>
  <way id="488354474" version="3" timestamp="2025-01-18T20:07:05Z" changeset="161504409" uid="8857" user="philipcullen">
    <nd ref="4806683324"/>
    <nd ref="1204308535"/>
    <nd ref="1204308184"/>
    <nd ref="4806683323"/>
    <nd ref="4806683324"/>
    <tag k="addr:housenumber" v="7"/>
    <tag k="addr:postcode" v="LE12 5NA"/>
    <tag k="addr:street" v="Charnwood Avenue"/>
    <tag k="building" v="house"/>
    <tag k="house" v="terraced"/>
    <tag k="ref:GB:uprn" v="3040000823"/>
    <tag k="source:addr" v="survey"/>
    <tag k="source:addr:postcode" v="OS Opendata Codepoint"/>
    <tag k="source:building" v="Bing"/>
  </way>
  <way id="488354475" version="3" timestamp="2025-01-18T20:07:05Z" changeset="161504409" uid="8857" user="philipcullen">
    <nd ref="4806683326"/>
    <nd ref="4806683321"/>
    <nd ref="4806683319"/>
    <nd ref="4806683320"/>
    <nd ref="4806683322"/>
    <nd ref="4806683324"/>
    <nd ref="4806683323"/>
    <nd ref="4806683325"/>
    <nd ref="4806683326"/>
    <tag k="addr:housename" v="Mat Cottage"/>
    <tag k="addr:housenumber" v="9"/>
    <tag k="addr:postcode" v="LE12 5NA"/>
    <tag k="addr:street" v="Charnwood Avenue"/>
    <tag k="building" v="house"/>
    <tag k="house" v="terraced"/>
    <tag k="ref:GB:uprn" v="3040000772"/>
    <tag k="source:addr" v="survey"/>
    <tag k="source:addr:postcode" v="OS Opendata Codepoint"/>
    <tag k="source:building" v="Bing"/>
  </way>
  <way id="488354476" version="2" timestamp="2021-04-01T20:18:59Z" changeset="102147385" uid="7037" user="Gregory Williams">
    <nd ref="4806683328"/>
    <nd ref="4806683327"/>
    <nd ref="1204309237"/>
    <nd ref="1204309185"/>
    <nd ref="4806683328"/>
    <tag k="addr:housenumber" v="5"/>
    <tag k="addr:postcode" v="LE12 5NA"/>
    <tag k="addr:street" v="Charnwood Avenue"/>
    <tag k="building" v="detached"/>
    <tag k="ref:GB:uprn" v="3040000810"/>
    <tag k="source:addr" v="survey"/>
    <tag k="source:addr:postcode" v="OS Opendata Codepoint"/>
    <tag k="source:building" v="Bing"/>
  </way>
  <way id="488354482" version="3" timestamp="2022-02-26T13:34:01Z" changeset="117879080" uid="242345" user="confusedbuffalo">
    <nd ref="4806683369"/>
    <nd ref="4806683362"/>
    <nd ref="4806683364"/>
    <nd ref="1204309445"/>
    <nd ref="1204308656"/>
    <nd ref="4806683368"/>
    <nd ref="4806683369"/>
    <tag k="addr:housenumber" v="40"/>
    <tag k="addr:postcode" v="LE12 5NA"/>
    <tag k="addr:street" v="Charnwood Avenue"/>
    <tag k="building" v="semidetached_house"/>
    <tag k="ref:GB:uprn" v="3040000800"/>
    <tag k="source:addr" v="survey"/>
    <tag k="source:addr:postcode" v="OS Opendata Codepoint"/>
    <tag k="source:building" v="Bing"/>
  </way>
  <way id="488354483" version="2" timestamp="2022-02-26T13:34:01Z" changeset="117879080" uid="242345" user="confusedbuffalo">
    <nd ref="4806683371"/>
    <nd ref="1204309584"/>
    <nd ref="1204308234"/>
    <nd ref="4806683370"/>
    <nd ref="4806683371"/>
    <tag k="addr:housenumber" v="44"/>
    <tag k="addr:postcode" v="LE12 5NA"/>
    <tag k="addr:street" v="Charnwood Avenue"/>
    <tag k="building" v="semidetached_house"/>
    <tag k="source:addr" v="survey"/>
    <tag k="source:addr:postcode" v="OS Opendata Codepoint"/>
    <tag k="source:building" v="Bing"/>
  </way>
  <way id="488354484" version="2" timestamp="2022-02-26T13:34:01Z" changeset="117879080" uid="242345" user="confusedbuffalo">
    <nd ref="4806683375"/>
    <nd ref="1204307930"/>
    <nd ref="1204308874"/>
    <nd ref="4806683374"/>
    <nd ref="4806683375"/>
    <tag k="addr:housenumber" v="48"/>
    <tag k="addr:postcode" v="LE12 5NA"/>
    <tag k="addr:street" v="Charnwood Avenue"/>
    <tag k="building" v="semidetached_house"/>
    <tag k="source:addr" v="survey"/>
    <tag k="source:addr:postcode" v="OS Opendata Codepoint"/>
    <tag k="source:building" v="Bing"/>
  </way>
  <way id="488354488" version="3" timestamp="2022-02-26T13:34:01Z" changeset="117879080" uid="242345" user="confusedbuffalo">
    <nd ref="4806683391"/>
    <nd ref="1204309197"/>
    <nd ref="1204307875"/>
    <nd ref="4806683390"/>
    <nd ref="4806683391"/>
    <tag k="addr:housenumber" v="59"/>
    <tag k="addr:postcode" v="LE12 5NA"/>
    <tag k="addr:street" v="Charnwood Avenue"/>
    <tag k="building" v="semidetached_house"/>
    <tag k="ref:GB:uprn" v="3040000815"/>
    <tag k="source:addr" v="survey"/>
    <tag k="source:addr:postcode" v="OS Opendata Codepoint"/>
    <tag k="source:building" v="Bing"/>
  </way>
  <way id="488354489" version="3" timestamp="2025-01-18T20:26:18Z" changeset="161504409" uid="8857" user="philipcullen">
    <nd ref="4806683393"/>
    <nd ref="1204311033"/>
    <nd ref="1204309709"/>
    <nd ref="4806683392"/>
    <nd ref="4806683393"/>
    <tag k="addr:housenumber" v="63"/>
    <tag k="addr:postcode" v="LE12 5NA"/>
    <tag k="addr:street" v="Charnwood Avenue"/>
    <tag k="building" v="semidetached_house"/>
    <tag k="ref:GB:uprn" v="3040000818"/>
    <tag k="source:addr" v="survey"/>
    <tag k="source:addr:postcode" v="OS Opendata Codepoint"/>
    <tag k="source:building" v="Bing"/>
  </way>
  <way id="488354490" version="3" timestamp="2022-02-26T13:34:01Z" changeset="117879080" uid="242345" user="confusedbuffalo">
    <nd ref="4806683395"/>
    <nd ref="1204308722"/>
    <nd ref="1204308219"/>
    <nd ref="4806683394"/>
    <nd ref="4806683395"/>
    <tag k="addr:housenumber" v="67"/>
    <tag k="addr:postcode" v="LE12 5NA"/>
    <tag k="addr:street" v="Charnwood Avenue"/>
    <tag k="building" v="semidetached_house"/>
    <tag k="ref:GB:uprn" v="3040000820"/>
    <tag k="source:addr" v="survey"/>
    <tag k="source:addr:postcode" v="OS Opendata Codepoint"/>
    <tag k="source:building" v="Bing"/>
  </way>
  <way id="488354496" version="1" timestamp="2017-04-20T23:39:39Z" changeset="47987163" uid="207845" user="will_p">
    <nd ref="4806683417"/>
    <nd ref="258726360"/>
    <nd ref="4806683544"/>
    <nd ref="4806683416"/>
    <tag k="highway" v="residential"/>
    <tag k="name" v="Charnwood Avenue"/>
  </way>
  <way id="488354499" version="2" timestamp="2021-04-01T20:18:59Z" changeset="102147385" uid="7037" user="Gregory Williams">
    <nd ref="4806683446"/>
    <nd ref="4806683445"/>
    <nd ref="4806683444"/>
    <nd ref="4806683443"/>
    <nd ref="4806683450"/>
    <nd ref="4806683446"/>
    <tag k="addr:housenumber" v="97"/>
    <tag k="addr:postcode" v="LE12 5NQ"/>
    <tag k="addr:street" v="Park Lane"/>
    <tag k="building" v="detached"/>
    <tag k="ref:GB:uprn" v="3040000930"/>
    <tag k="source:addr" v="survey"/>
    <tag k="source:addr:postcode" v="OS Opendata Codepoint"/>
    <tag k="source:building" v="Bing"/>
  </way>
  <way id="488354509" version="3" timestamp="2025-01-18T20:07:05Z" changeset="161504409" uid="8857" user="philipcullen">
    <nd ref="4806683539"/>
    <nd ref="1204310237"/>
    <nd ref="1204310600"/>
    <nd ref="4806683538"/>
    <nd ref="4806683539"/>
    <tag k="addr:housenumber" v="25"/>
    <tag k="addr:postcode" v="LE12 5NP"/>
    <tag k="addr:street" v="Charnwood Fields"/>
    <tag k="building" v="semidetached_house"/>
    <tag k="ref:GB:uprn" v="3040000891"/>
    <tag k="source:addr" v="survey"/>
    <tag k="source:addr:postcode" v="OS Opendata Codepoint"/>
    <tag k="source:building" v="Bing"/>
  </way>
  <way id="488354510" version="2" timestamp="2022-02-26T13:34:01Z" changeset="117879080" uid="242345" user="confusedbuffalo">
    <nd ref="4806683541"/>
    <nd ref="1204309370"/>
    <nd ref="1204309712"/>
    <nd ref="4806683540"/>
    <nd ref="4806683541"/>
    <tag k="addr:housenumber" v="21"/>
    <tag k="addr:postcode" v="LE12 5NP"/>
    <tag k="addr:street" v="Charnwood Fields"/>
    <tag k="building" v="semidetached_house"/>
    <tag k="source:addr" v="survey"/>
    <tag k="source:addr:postcode" v="OS Opendata Codepoint"/>
    <tag k="source:building" v="Bing"/>
  </way>
  <way id="488354513" version="1" timestamp="2017-04-20T23:39:40Z" changeset="47987163" uid="207845" user="will_p">
    <nd ref="4806683547"/>
    <nd ref="4806683546"/>
    <tag k="highway" v="residential"/>
    <tag k="name" v="Charnwood Fields"/>
    <tag k="postal_code" v="LE12 5NP"/>
  </way>
  <way id="488354517" version="3" timestamp="2022-02-26T13:34:01Z" changeset="117879080" uid="242345" user="confusedbuffalo">
    <nd ref="4806683559"/>
    <nd ref="1204309274"/>
    <nd ref="1204310188"/>
    <nd ref="4806683558"/>
    <nd ref="4806683559"/>
    <tag k="addr:housenumber" v="50"/>
    <tag k="addr:postcode" v="LE12 5NP"/>
    <tag k="addr:street" v="Charnwood Fields"/>
    <tag k="building" v="semidetached_house"/>
    <tag k="ref:GB:uprn" v="3040000907"/>
    <tag k="source:addr" v="survey"/>
    <tag k="source:addr:postcode" v="OS Opendata Codepoint"/>
    <tag k="source:building" v="Bing"/>
  </way>
  <way id="488354518" version="3" timestamp="2022-02-26T13:34:01Z" changeset="117879080" uid="242345" user="confusedbuffalo">
    <nd ref="4806683561"/>
    <nd ref="1204310057"/>
    <nd ref="1204308992"/>
    <nd ref="4806683560"/>
    <nd ref="4806683561"/>
    <tag k="addr:housenumber" v="46"/>
    <tag k="addr:postcode" v="LE12 5NP"/>
    <tag k="addr:street" v="Charnwood Fields"/>
    <tag k="building" v="semidetached_house"/>
    <tag k="ref:GB:uprn" v="3040000904"/>
    <tag k="source:addr" v="survey"/>
    <tag k="source:addr:postcode" v="OS Opendata Codepoint"/>
    <tag k="source:building" v="Bing"/>
  </way>
  <way id="488354519" version="3" timestamp="2022-02-26T13:34:01Z" changeset="117879080" uid="242345" user="confusedbuffalo">
    <nd ref="4806683563"/>
    <nd ref="4806683548"/>
    <nd ref="1204308231"/>
    <nd ref="1204310081"/>
    <nd ref="4806683562"/>
    <nd ref="4806683563"/>
    <tag k="addr:housenumber" v="42"/>
    <tag k="addr:postcode" v="LE12 5NP"/>
    <tag k="addr:street" v="Charnwood Fields"/>
    <tag k="building" v="semidetached_house"/>
    <tag k="ref:GB:uprn" v="3040000902"/>
    <tag k="source:addr" v="survey"/>
    <tag k="source:addr:postcode" v="OS Opendata Codepoint"/>
    <tag k="source:building" v="Bing"/>
  </way>
  <way id="488354520" version="3" timestamp="2022-02-26T13:34:01Z" changeset="117879080" uid="242345" user="confusedbuffalo">
    <nd ref="4806683565"/>
    <nd ref="1204308245"/>
    <nd ref="1204309317"/>
    <nd ref="4806683564"/>
    <nd ref="4806683565"/>
    <tag k="addr:housenumber" v="38"/>
    <tag k="addr:postcode" v="LE12 5NP"/>
    <tag k="addr:street" v="Charnwood Fields"/>
    <tag k="building" v="semidetached_house"/>
    <tag k="ref:GB:uprn" v="3040000900"/>
    <tag k="source:addr" v="survey"/>
    <tag k="source:addr:postcode" v="OS Opendata Codepoint"/>
    <tag k="source:building" v="Bing"/>
  </way>
  <way id="488354521" version="3" timestamp="2022-02-26T13:34:01Z" changeset="117879080" uid="242345" user="confusedbuffalo">
    <nd ref="4806683567"/>
    <nd ref="1204308976"/>
    <nd ref="1204308931"/>
    <nd ref="4806683566"/>
    <nd ref="4806683567"/>
    <tag k="addr:housenumber" v="34"/>
    <tag k="addr:postcode" v="LE12 5NP"/>
    <tag k="addr:street" v="Charnwood Fields"/>
    <tag k="building" v="semidetached_house"/>
    <tag k="ref:GB:uprn" v="3040000898"/>
    <tag k="source:addr" v="survey"/>
    <tag k="source:addr:postcode" v="OS Opendata Codepoint"/>
    <tag k="source:building" v="Bing"/>
  </way>
  <way id="488574361" version="3" timestamp="2022-02-26T13:34:01Z" changeset="117879080" uid="242345" user="confusedbuffalo">
    <nd ref="4808665599"/>
    <nd ref="1204265369"/>
    <nd ref="4808665594"/>
    <nd ref="4808665595"/>
    <nd ref="1204265935"/>
    <nd ref="4808665596"/>
    <nd ref="4808665597"/>
    <nd ref="4808665598"/>
    <nd ref="4808665599"/>
    <tag k="addr:housenumber" v="1"/>
    <tag k="addr:street" v="Main Street"/>
    <tag k="building" v="semidetached_house"/>
    <tag k="fixme" v="addr:street not certain"/>
    <tag k="ref:GB:uprn" v="3040000137"/>
    <tag k="source:addr" v="survey"/>
  </way>
  <way id="488574362" version="3" timestamp="2022-02-26T13:34:01Z" changeset="117879080" uid="242345" user="confusedbuffalo">
    <nd ref="4808665605"/>
    <nd ref="4808665601"/>
    <nd ref="4808665600"/>
    <nd ref="1204264481"/>
    <nd ref="1204263990"/>
    <nd ref="4808665604"/>
    <nd ref="4808665605"/>
    <tag k="addr:housenumber" v="7"/>
    <tag k="addr:postcode" v="LE12 5NQ"/>
    <tag k="addr:street" v="Park Lane"/>
    <tag k="building" v="semidetached_house"/>
    <tag k="ref:GB:uprn" v="3040000210"/>
    <tag k="source:addr" v="survey"/>
    <tag k="source:addr:postcode" v="OS Opendata Codepoint"/>
    <tag k="source:building" v="Bing"/>
  </way>
  <way id="488574363" version="3" timestamp="2022-02-26T13:34:01Z" changeset="117879080" uid="242345" user="confusedbuffalo">
    <nd ref="4808665615"/>
    <nd ref="4808665609"/>
    <nd ref="4808665607"/>
    <nd ref="4808665606"/>
    <nd ref="4808665608"/>
    <nd ref="1204262129"/>
    <nd ref="1204264383"/>
    <nd ref="4808665614"/>
    <nd ref="4808665615"/>
    <tag k="addr:housenumber" v="9"/>
    <tag k="addr:postcode" v="LE12 5NQ"/>
    <tag k="addr:street" v="Park Lane"/>
    <tag k="building" v="semidetached_house"/>
    <tag k="ref:GB:uprn" v="3040000211"/>
    <tag k="source:addr" v="survey"/>
    <tag k="source:addr:postcode" v="OS Opendata Codepoint"/>
    <tag k="source:building" v="Bing"/>
  </way>
  <way id="488574366" version="3" timestamp="2022-02-26T13:34:01Z" changeset="117879080" uid="242345" user="confusedbuffalo">
    <nd ref="4808665944"/>
    <nd ref="4808665937"/>
    <nd ref="4808665938"/>
    <nd ref="1204264651"/>
    <nd ref="1204264582"/>
    <nd ref="4808665943"/>
    <nd ref="4808665944"/>
    <tag k="addr:housenumber" v="27"/>
    <tag k="addr:postcode" v="LE12 5NQ"/>
    <tag k="addr:street" v="Park Lane"/>
    <tag k="building" v="semidetached_house"/>
    <tag k="ref:GB:uprn" v="3040000193"/>
    <tag k="source:addr" v="survey"/>
    <tag k="source:addr:postcode" v="OS Opendata Codepoint"/>
    <tag k="source:building" v="Bing"/>
  </way>
  <way id="488574367" version="3" timestamp="2022-02-26T13:34:01Z" changeset="117879080" uid="242345" user="confusedbuffalo">
    <nd ref="4808665952"/>
    <nd ref="4808665947"/>
    <nd ref="4808665948"/>
    <nd ref="1204264751"/>
    <nd ref="1204264884"/>
    <nd ref="4808665949"/>
    <nd ref="4808665950"/>
    <nd ref="4808665951"/>
    <nd ref="4808665952"/>
    <tag k="addr:housenumber" v="31"/>
    <tag k="addr:postcode" v="LE12 5NQ"/>
    <tag k="addr:street" v="Park Lane"/>
    <tag k="building" v="semidetached_house"/>
    <tag k="ref:GB:uprn" v="3040000195"/>
    <tag k="source:addr" v="survey"/>
    <tag k="source:addr:postcode" v="OS Opendata Codepoint"/>
    <tag k="source:building" v="Bing"/>
  </way>
  <way id="488574369" version="3" timestamp="2022-03-26T18:31:52Z" changeset="118958417" uid="242345" user="confusedbuffalo">
    <nd ref="4808665962"/>
    <nd ref="4808665961"/>
    <nd ref="1204264730"/>
    <nd ref="1204265996"/>
    <nd ref="1204264354"/>
    <nd ref="1204264396"/>
    <nd ref="4808666036"/>
    <nd ref="4808666032"/>
    <nd ref="4808665962"/>
    <tag k="addr:housenumber" v="43"/>
    <tag k="addr:postcode" v="LE12 5NQ"/>
    <tag k="addr:street" v="Park Lane"/>
    <tag k="building" v="house"/>
    <tag k="house" v="terraced"/>
    <tag k="ref:GB:uprn" v="3040000201"/>
    <tag k="source:addr" v="survey"/>
    <tag k="source:addr:postcode" v="OS Opendata Codepoint"/>
    <tag k="source:building" v="Bing"/>
  </way>
  <way id="488574370" version="3" timestamp="2022-03-26T18:31:52Z" changeset="118958417" uid="242345" user="confusedbuffalo">
    <nd ref="4808665963"/>
    <nd ref="4808666035"/>
    <nd ref="4808666039"/>
    <nd ref="1204264418"/>
    <nd ref="4808666047"/>
    <nd ref="4808666046"/>
    <nd ref="1204262405"/>
    <nd ref="4808665964"/>
    <nd ref="4808665963"/>
    <tag k="addr:housenumber" v="49"/>
    <tag k="addr:postcode" v="LE12 5NQ"/>
    <tag k="addr:street" v="Park Lane"/>
    <tag k="building" v="house"/>
    <tag k="house" v="terraced"/>
    <tag k="ref:GB:uprn" v="3040000204"/>
    <tag k="source:addr" v="survey"/>
    <tag k="source:addr:postcode" v="OS Opendata Codepoint"/>
    <tag k="source:building" v="Bing"/>
  </way>
  <way id="488574376" version="2" timestamp="2022-02-26T13:34:01Z" changeset="117879080" uid="242345" user="confusedbuffalo">
    <nd ref="4808665984"/>
    <nd ref="1204308590"/>
    <nd ref="1204310260"/>
    <nd ref="1204308381"/>
    <nd ref="1204308533"/>
    <nd ref="4808665983"/>
    <nd ref="4808665984"/>
    <tag k="addr:housenumber" v="83"/>
    <tag k="addr:postcode" v="LE12 5NQ"/>
    <tag k="addr:street" v="Park Lane"/>
    <tag k="building" v="semidetached_house"/>
    <tag k="source:addr" v="survey"/>
    <tag k="source:addr:postcode" v="OS Opendata Codepoint"/>
    <tag k="source:building" v="Bing"/>
  </way>
  <way id="488574377" version="3" timestamp="2022-02-26T13:34:01Z" changeset="117879080" uid="242345" user="confusedbuffalo">
    <nd ref="4808665986"/>
    <nd ref="1204310807"/>
    <nd ref="1204309450"/>
    <nd ref="4808665985"/>
    <nd ref="4808665986"/>
    <tag k="addr:housenumber" v="89"/>
    <tag k="addr:postcode" v="LE12 5NQ"/>
    <tag k="addr:street" v="Park Lane"/>
    <tag k="building" v="semidetached_house"/>
    <tag k="ref:GB:uprn" v="3040000926"/>
    <tag k="source:addr" v="survey"/>
    <tag k="source:addr:postcode" v="OS Opendata Codepoint"/>
    <tag k="source:building" v="Bing"/>
  </way>
  <way id="488574379" version="3" timestamp="2022-02-26T13:34:01Z" changeset="117879080" uid="242345" user="confusedbuffalo">
    <nd ref="4808665999"/>
    <nd ref="1204310893"/>
    <nd ref="4808665992"/>
    <nd ref="4808665991"/>
    <nd ref="1204310333"/>
    <nd ref="4808665993"/>
    <nd ref="4808665994"/>
    <nd ref="4808665998"/>
    <nd ref="4808665999"/>
    <tag k="addr:housenumber" v="28"/>
    <tag k="addr:postcode" v="LE12 5NN"/>
    <tag k="addr:street" v="Willow Poole Lane"/>
    <tag k="building" v="semidetached_house"/>
    <tag k="ref:GB:uprn" v="3040000955"/>
    <tag k="source:addr" v="survey"/>
    <tag k="source:addr:postcode" v="OS Opendata Codepoint"/>
    <tag k="source:building" v="Bing"/>
  </way>
  <way id="488574381" version="3" timestamp="2022-02-26T13:34:01Z" changeset="117879080" uid="242345" user="confusedbuffalo">
    <nd ref="4808666006"/>
    <nd ref="4808666007"/>
    <nd ref="4808666458"/>
    <nd ref="1204310612"/>
    <nd ref="4808666005"/>
    <nd ref="4808666004"/>
    <nd ref="1204309729"/>
    <nd ref="1204308217"/>
    <nd ref="4808666006"/>
    <tag k="addr:housenumber" v="1"/>
    <tag k="addr:postcode" v="LE12 5NL"/>
    <tag k="addr:street" v="Shepherds Close"/>
    <tag k="building" v="semidetached_house"/>
    <tag k="ref:GB:uprn" v="3040000862"/>
    <tag k="source:addr" v="survey"/>
    <tag k="source:addr:postcode" v="OS Opendata Codepoint"/>
    <tag k="source:building" v="Bing"/>
  </way>
  <way id="488574382" version="3" timestamp="2022-02-26T13:34:01Z" changeset="117879080" uid="242345" user="confusedbuffalo">
    <nd ref="4808666009"/>
    <nd ref="1204308745"/>
    <nd ref="1204308643"/>
    <nd ref="1204309928"/>
    <nd ref="1204310909"/>
    <nd ref="4808666008"/>
    <nd ref="4808666009"/>
    <tag k="addr:housenumber" v="4"/>
    <tag k="addr:postcode" v="LE12 5NL"/>
    <tag k="addr:street" v="Shepherds Close"/>
    <tag k="building" v="semidetached_house"/>
    <tag k="ref:GB:uprn" v="3040000870"/>
    <tag k="source:addr" v="survey"/>
    <tag k="source:addr:postcode" v="OS Opendata Codepoint"/>
    <tag k="source:building" v="Bing"/>
  </way>
  <way id="488574383" version="3" timestamp="2025-01-18T20:07:05Z" changeset="161504409" uid="8857" user="philipcullen">
    <nd ref="4808666016"/>
    <nd ref="4808666014"/>
    <nd ref="4808666013"/>
    <nd ref="1204310307"/>
    <nd ref="1204308578"/>
    <nd ref="4808666017"/>
    <nd ref="4808666016"/>
    <tag k="addr:housenumber" v="7"/>
    <tag k="addr:postcode" v="LE12 5NL"/>
    <tag k="addr:street" v="Shepherds Close"/>
    <tag k="building" v="semidetached_house"/>
    <tag k="ref:GB:uprn" v="3040000873"/>
    <tag k="source:addr" v="survey"/>
    <tag k="source:addr:postcode" v="OS Opendata Codepoint"/>
    <tag k="source:building" v="Bing"/>
  </way>
  <way id="488574384" version="3" timestamp="2022-02-26T13:34:01Z" changeset="117879080" uid="242345" user="confusedbuffalo">
    <nd ref="4808666018"/>
    <nd ref="1204307950"/>
    <nd ref="1204308408"/>
    <nd ref="1204309266"/>
    <nd ref="1204308457"/>
    <nd ref="4808666019"/>
    <nd ref="4808666018"/>
    <tag k="addr:housenumber" v="9"/>
    <tag k="addr:postcode" v="LE12 5NL"/>
    <tag k="addr:street" v="Shepherds Close"/>
    <tag k="building" v="semidetached_house"/>
    <tag k="ref:GB:uprn" v="3040000875"/>
    <tag k="source:addr" v="survey"/>
    <tag k="source:addr:postcode" v="OS Opendata Codepoint"/>
    <tag k="source:building" v="Bing"/>
  </way>
  <way id="488574387" version="3" timestamp="2022-03-26T18:31:52Z" changeset="118958417" uid="242345" user="confusedbuffalo">
    <nd ref="4808665963"/>
    <nd ref="4808665964"/>
    <nd ref="1204266220"/>
    <nd ref="1204264420"/>
    <nd ref="4808666044"/>
    <nd ref="4808666045"/>
    <nd ref="4808666038"/>
    <nd ref="4808666034"/>
    <nd ref="4808665963"/>
    <tag k="addr:housenumber" v="47"/>
    <tag k="addr:postcode" v="LE12 5NQ"/>
    <tag k="addr:street" v="Park Lane"/>
    <tag k="building" v="house"/>
    <tag k="house" v="terraced"/>
    <tag k="ref:GB:uprn" v="3040000203"/>
    <tag k="source:addr" v="survey"/>
    <tag k="source:addr:postcode" v="OS Opendata Codepoint"/>
    <tag k="source:building" v="Bing"/>
  </way>
  <way id="488574389" version="3" timestamp="2022-02-26T13:34:01Z" changeset="117879080" uid="242345" user="confusedbuffalo">
    <nd ref="4808666056"/>
    <nd ref="4808666049"/>
    <nd ref="4808666050"/>
    <nd ref="1204263172"/>
    <nd ref="1204263415"/>
    <nd ref="4808666055"/>
    <nd ref="4808666056"/>
    <tag k="addr:housenumber" v="41"/>
    <tag k="addr:postcode" v="LE12 5NQ"/>
    <tag k="addr:street" v="Park Lane"/>
    <tag k="building" v="semidetached_house"/>
    <tag k="ref:GB:uprn" v="3040000200"/>
    <tag k="source:addr" v="survey"/>
    <tag k="source:addr:postcode" v="OS Opendata Codepoint"/>
    <tag k="source:building" v="Bing"/>
  </way>
  <way id="488574393" version="3" timestamp="2022-02-26T13:34:01Z" changeset="117879080" uid="242345" user="confusedbuffalo">
    <nd ref="4808666102"/>
    <nd ref="4808666098"/>
    <nd ref="4808666099"/>
    <nd ref="1204310173"/>
    <nd ref="4808666093"/>
    <nd ref="1204308543"/>
    <nd ref="4808666096"/>
    <nd ref="4808666091"/>
    <nd ref="4808666092"/>
    <nd ref="4808666101"/>
    <nd ref="4808666102"/>
    <tag k="addr:housenumber" v="10"/>
    <tag k="addr:postcode" v="LE12 5NN"/>
    <tag k="addr:street" v="Willow Poole Lane"/>
    <tag k="building" v="semidetached_house"/>
    <tag k="ref:GB:uprn" v="3040000939"/>
    <tag k="source:addr" v="survey"/>
    <tag k="source:addr:postcode" v="OS Opendata Codepoint"/>
    <tag k="source:building" v="Bing"/>
  </way>
  <way id="488574395" version="2" timestamp="2021-04-01T20:18:59Z" changeset="102147385" uid="7037" user="Gregory Williams">
    <nd ref="4808666112"/>
    <nd ref="4808666111"/>
    <nd ref="4808666110"/>
    <nd ref="4808666109"/>
    <nd ref="4808666108"/>
    <nd ref="4808666107"/>
    <nd ref="4808666112"/>
    <tag k="addr:housenumber" v="4"/>
    <tag k="addr:postcode" v="LE12 5NN"/>
    <tag k="addr:street" v="Willow Poole Lane"/>
    <tag k="building" v="detached"/>
    <tag k="ref:GB:uprn" v="3040000959"/>
    <tag k="source:addr" v="survey"/>
    <tag k="source:addr:postcode" v="OS Opendata Codepoint"/>
    <tag k="source:building" v="Bing"/>
  </way>
  <way id="488574408" version="1" timestamp="2017-04-21T23:37:29Z" changeset="48018915" uid="207845" user="will_p">
    <nd ref="4808666285"/>
    <nd ref="4808666284"/>
    <tag k="highway" v="residential"/>
    <tag k="name" v="Orchard Close"/>
  </way>
  <way id="488574409" version="3" timestamp="2022-02-26T13:34:01Z" changeset="117879080" uid="242345" user="confusedbuffalo">
    <nd ref="4808666292"/>
    <nd ref="4808666287"/>
    <nd ref="4808666289"/>
    <nd ref="1204265069"/>
    <nd ref="1204262197"/>
    <nd ref="1204265156"/>
    <nd ref="1204263726"/>
    <nd ref="4808666291"/>
    <nd ref="4808666292"/>
    <tag k="addr:housenumber" v="19"/>
    <tag k="addr:postcode" v="LE12 5NF"/>
    <tag k="addr:street" v="Orchard Close"/>
    <tag k="building" v="semidetached_house"/>
    <tag k="ref:GB:uprn" v="3040000829"/>
    <tag k="source:addr" v="survey"/>
    <tag k="source:addr:postcode" v="OS Opendata Codepoint"/>
    <tag k="source:building" v="Bing"/>
  </way>
  <way id="488574410" version="3" timestamp="2022-02-26T13:34:01Z" changeset="117879080" uid="242345" user="confusedbuffalo">
    <nd ref="4808666294"/>
    <nd ref="1204264036"/>
    <nd ref="1204262624"/>
    <nd ref="1204264274"/>
    <nd ref="1204265049"/>
    <nd ref="1204262611"/>
    <nd ref="1204264158"/>
    <nd ref="4808666293"/>
    <nd ref="4808666294"/>
    <tag k="addr:housenumber" v="27"/>
    <tag k="addr:postcode" v="LE12 5NF"/>
    <tag k="addr:street" v="Orchard Close"/>
    <tag k="building" v="semidetached_house"/>
    <tag k="ref:GB:uprn" v="3040000834"/>
    <tag k="source:addr" v="survey"/>
    <tag k="source:addr:postcode" v="OS Opendata Codepoint"/>
    <tag k="source:building" v="Bing"/>
  </way>
  <way id="488574411" version="3" timestamp="2022-02-26T13:34:01Z" changeset="117879080" uid="242345" user="confusedbuffalo">
    <nd ref="4808666300"/>
    <nd ref="4808666299"/>
    <nd ref="4808666296"/>
    <nd ref="4808666297"/>
    <nd ref="1204264060"/>
    <nd ref="1204265779"/>
    <nd ref="1204264975"/>
    <nd ref="1204262571"/>
    <nd ref="4808666300"/>
    <tag k="addr:housenumber" v="31"/>
    <tag k="addr:postcode" v="LE12 5NF"/>
    <tag k="addr:street" v="Orchard Close"/>
    <tag k="building" v="semidetached_house"/>
    <tag k="ref:GB:uprn" v="3040000837"/>
    <tag k="source:addr" v="survey"/>
    <tag k="source:addr:postcode" v="OS Opendata Codepoint"/>
    <tag k="source:building" v="Bing"/>
  </way>
  <way id="488574412" version="3" timestamp="2022-02-26T13:34:01Z" changeset="117879080" uid="242345" user="confusedbuffalo">
    <nd ref="4808666306"/>
    <nd ref="4808666305"/>
    <nd ref="4808666302"/>
    <nd ref="4808666304"/>
    <nd ref="1204266380"/>
    <nd ref="1204265697"/>
    <nd ref="1204263394"/>
    <nd ref="1204262900"/>
    <nd ref="4808666306"/>
    <tag k="addr:housenumber" v="35"/>
    <tag k="addr:postcode" v="LE12 5NF"/>
    <tag k="addr:street" v="Orchard Close"/>
    <tag k="building" v="semidetached_house"/>
    <tag k="ref:GB:uprn" v="3040000839"/>
    <tag k="source:addr" v="survey"/>
    <tag k="source:addr:postcode" v="OS Opendata Codepoint"/>
    <tag k="source:building" v="Bing"/>
  </way>
  <way id="488574422" version="3" timestamp="2022-02-26T13:34:01Z" changeset="117879080" uid="242345" user="confusedbuffalo">
    <nd ref="4808666378"/>
    <nd ref="4808666377"/>
    <nd ref="4808666376"/>
    <nd ref="4808666375"/>
    <nd ref="1204308357"/>
    <nd ref="1204308481"/>
    <nd ref="1204310074"/>
    <nd ref="1204308394"/>
    <nd ref="4808666378"/>
    <tag k="addr:housenumber" v="33"/>
    <tag k="addr:postcode" v="LE12 5NN"/>
    <tag k="addr:street" v="Willow Poole Lane"/>
    <tag k="building" v="semidetached_house"/>
    <tag k="ref:GB:uprn" v="3040000958"/>
    <tag k="source:addr" v="survey"/>
    <tag k="source:addr:housenumber" v="extrapolation"/>
    <tag k="source:addr:postcode" v="OS Opendata Codepoint"/>
    <tag k="source:building" v="Bing"/>
  </way>
  <way id="488574423" version="3" timestamp="2022-02-26T13:34:01Z" changeset="117879080" uid="242345" user="confusedbuffalo">
    <nd ref="4808666380"/>
    <nd ref="4808666379"/>
    <nd ref="4808666384"/>
    <nd ref="4808666386"/>
    <nd ref="1204309217"/>
    <nd ref="1204309426"/>
    <nd ref="1204309117"/>
    <nd ref="1204308521"/>
    <nd ref="4808666380"/>
    <tag k="addr:housenumber" v="29"/>
    <tag k="addr:postcode" v="LE12 5NN"/>
    <tag k="addr:street" v="Willow Poole Lane"/>
    <tag k="building" v="semidetached_house"/>
    <tag k="ref:GB:uprn" v="3040000956"/>
    <tag k="source:addr" v="survey"/>
    <tag k="source:addr:postcode" v="OS Opendata Codepoint"/>
    <tag k="source:building" v="Bing"/>
  </way>
  <way id="488574429" version="3" timestamp="2022-02-26T13:34:01Z" changeset="117879080" uid="242345" user="confusedbuffalo">
    <nd ref="4808666407"/>
    <nd ref="1204310538"/>
    <nd ref="1204309547"/>
    <nd ref="1204308540"/>
    <nd ref="1204309090"/>
    <nd ref="4808666405"/>
    <nd ref="4808666402"/>
    <nd ref="4808666410"/>
    <nd ref="4808666408"/>
    <nd ref="4808666406"/>
    <nd ref="4808666407"/>
    <tag k="addr:housenumber" v="21"/>
    <tag k="addr:postcode" v="LE12 5NN"/>
    <tag k="addr:street" v="Willow Poole Lane"/>
    <tag k="building" v="semidetached_house"/>
    <tag k="ref:GB:uprn" v="3040000948"/>
    <tag k="source:addr" v="survey"/>
    <tag k="source:addr:postcode" v="OS Opendata Codepoint"/>
    <tag k="source:building" v="Bing"/>
  </way>
  <way id="488574442" version="3" timestamp="2022-02-26T13:34:01Z" changeset="117879080" uid="242345" user="confusedbuffalo">
    <nd ref="4808666499"/>
    <nd ref="1204309517"/>
    <nd ref="1204309620"/>
    <nd ref="1204310033"/>
    <nd ref="1204308186"/>
    <nd ref="4808666496"/>
    <nd ref="4808666495"/>
    <nd ref="4808666498"/>
    <nd ref="4808666499"/>
    <tag k="addr:housenumber" v="12"/>
    <tag k="addr:postcode" v="LE12 5NL"/>
    <tag k="addr:street" v="Shepherds Close"/>
    <tag k="building" v="semidetached_house"/>
    <tag k="ref:GB:uprn" v="3040000865"/>
    <tag k="source:addr" v="survey"/>
    <tag k="source:addr:postcode" v="OS Opendata Codepoint"/>
    <tag k="source:building" v="Bing"/>
  </way>
  <way id="489450698" version="3" timestamp="2025-01-18T20:07:05Z" changeset="161504409" uid="8857" user="philipcullen">
    <nd ref="4816838434"/>
    <nd ref="1204262971"/>
    <nd ref="1204266510"/>
    <nd ref="4816838431"/>
    <nd ref="4816838433"/>
    <nd ref="4816838434"/>
    <tag k="addr:housenumber" v="79"/>
    <tag k="addr:postcode" v="LE12 5PE"/>
    <tag k="addr:street" v="Main Street"/>
    <tag k="building" v="semidetached_house"/>
    <tag k="ref:GB:uprn" v="3040062037"/>
    <tag k="source:addr" v="survey"/>
    <tag k="source:addr:postcode" v="OS Opendata Codepoint"/>
  </way>
  <way id="489450701" version="3" timestamp="2022-02-26T13:34:01Z" changeset="117879080" uid="242345" user="confusedbuffalo">
    <nd ref="4816838442"/>
    <nd ref="1204265388"/>
    <nd ref="1204266314"/>
    <nd ref="4816838441"/>
    <nd ref="4816838442"/>
    <tag k="addr:housenumber" v="14"/>
    <tag k="addr:postcode" v="LE12 5PQ"/>
    <tag k="addr:street" v="Pasture Lane"/>
    <tag k="building" v="semidetached_house"/>
    <tag k="ref:GB:uprn" v="3040000418"/>
    <tag k="source:addr" v="survey"/>
    <tag k="source:addr:postcode" v="OS Opendata Codepoint"/>
    <tag k="source:building" v="Bing"/>
  </way>
  <way id="489450707" version="4" timestamp="2022-02-26T13:34:01Z" changeset="117879080" uid="242345" user="confusedbuffalo">
    <nd ref="4816838467"/>
    <nd ref="1204262851"/>
    <nd ref="1204264859"/>
    <nd ref="4816838466"/>
    <nd ref="4816838467"/>
    <tag k="HE_ref" v="1242362"/>
    <tag k="addr:housenumber" v="65"/>
    <tag k="addr:postcode" v="LE12 5PE"/>
    <tag k="addr:street" v="Main Street"/>
    <tag k="building" v="semidetached_house"/>
    <tag k="listed_status" v="Grade II"/>
    <tag k="source:addr" v="survey"/>
    <tag k="source:addr:postcode" v="OS Opendata Codepoint"/>
    <tag k="source:listed_status" v="Historic England"/>
    <tag k="wikidata" v="Q26535161"/>
  </way>
  <way id="489450708" version="3" timestamp="2025-01-18T20:07:05Z" changeset="161504409" uid="8857" user="philipcullen">
    <nd ref="4816838477"/>
    <nd ref="4816838469"/>
    <nd ref="4816838470"/>
    <nd ref="1204262619"/>
    <nd ref="1204263725"/>
    <nd ref="4816838476"/>
    <nd ref="4816838477"/>
    <tag k="addr:housenumber" v="6"/>
    <tag k="addr:postcode" v="LE12 5PQ"/>
    <tag k="addr:street" v="Pasture Lane"/>
    <tag k="building" v="house"/>
    <tag k="building_name" v="South View Cottages"/>
    <tag k="house" v="terraced"/>
    <tag k="ref:GB:uprn" v="3040000422"/>
    <tag k="source:addr" v="survey"/>
    <tag k="source:addr:postcode" v="OS Opendata Codepoint"/>
    <tag k="source:building" v="Bing"/>
  </way>
  <way id="489450709" version="3" timestamp="2025-01-18T20:07:05Z" changeset="161504409" uid="8857" user="philipcullen">
    <nd ref="4816838479"/>
    <nd ref="4816838471"/>
    <nd ref="4816838468"/>
    <nd ref="4816838477"/>
    <nd ref="4816838476"/>
    <nd ref="4816838478"/>
    <nd ref="4816838479"/>
    <tag k="addr:housenumber" v="8"/>
    <tag k="addr:postcode" v="LE12 5PQ"/>
    <tag k="addr:street" v="Pasture Lane"/>
    <tag k="building" v="house"/>
    <tag k="building_name" v="South View Cottages"/>
    <tag k="house" v="terraced"/>
    <tag k="ref:GB:uprn" v="3040000423"/>
    <tag k="source:addr" v="survey"/>
    <tag k="source:addr:postcode" v="OS Opendata Codepoint"/>
    <tag k="source:building" v="Bing"/>
  </way>
  <way id="489450710" version="3" timestamp="2025-01-18T20:07:05Z" changeset="161504409" uid="8857" user="philipcullen">
    <nd ref="4816838481"/>
    <nd ref="4816838473"/>
    <nd ref="4816838474"/>
    <nd ref="4816838479"/>
    <nd ref="4816838478"/>
    <nd ref="4816838480"/>
    <nd ref="4816838481"/>
    <tag k="addr:housenumber" v="10"/>
    <tag k="addr:postcode" v="LE12 5PQ"/>
    <tag k="addr:street" v="Pasture Lane"/>
    <tag k="building" v="house"/>
    <tag k="building_name" v="South View Cottages"/>
    <tag k="house" v="terraced"/>
    <tag k="ref:GB:uprn" v="3040000246"/>
    <tag k="source:addr" v="survey"/>
    <tag k="source:addr:postcode" v="OS Opendata Codepoint"/>
    <tag k="source:building" v="Bing"/>
  </way>
  <way id="489450712" version="2" timestamp="2022-03-26T18:31:52Z" changeset="118958417" uid="242345" user="confusedbuffalo">
    <nd ref="4816838489"/>
    <nd ref="3726677200"/>
    <nd ref="3726677204"/>
    <nd ref="1204264007"/>
    <nd ref="1204264853"/>
    <nd ref="4816838488"/>
    <nd ref="4816838489"/>
    <tag k="addr:housenumber" v="24"/>
    <tag k="addr:postcode" v="LE12 5PQ"/>
    <tag k="addr:street" v="Pasture Lane"/>
    <tag k="building" v="house"/>
    <tag k="building_name" v="Hawthorn Cottages"/>
    <tag k="house" v="terraced"/>
    <tag k="source:addr" v="survey"/>
    <tag k="source:addr:postcode" v="OS Opendata Codepoint"/>
    <tag k="source:building" v="Bing"/>
  </way>
  <way id="489450713" version="2" timestamp="2022-03-26T18:31:52Z" changeset="118958417" uid="242345" user="confusedbuffalo">
    <nd ref="4816838490"/>
    <nd ref="4816838491"/>
    <nd ref="3726677186"/>
    <nd ref="3726677192"/>
    <nd ref="4816838487"/>
    <nd ref="4816838486"/>
    <nd ref="4816838490"/>
    <tag k="addr:housenumber" v="28"/>
    <tag k="addr:postcode" v="LE12 5PQ"/>
    <tag k="addr:street" v="Pasture Lane"/>
    <tag k="building" v="house"/>
    <tag k="building_name" v="Hawthorn Cottages"/>
    <tag k="house" v="terraced"/>
    <tag k="source:addr" v="survey"/>
    <tag k="source:addr:postcode" v="OS Opendata Codepoint"/>
    <tag k="source:building" v="Bing"/>
  </way>
  <way id="489450714" version="2" timestamp="2022-03-26T18:31:52Z" changeset="118958417" uid="242345" user="confusedbuffalo">
    <nd ref="4816838490"/>
    <nd ref="1204265114"/>
    <nd ref="1204264330"/>
    <nd ref="3726677189"/>
    <nd ref="3726677181"/>
    <nd ref="4816838491"/>
    <nd ref="4816838490"/>
    <tag k="addr:housenumber" v="30"/>
    <tag k="addr:postcode" v="LE12 5PQ"/>
    <tag k="addr:street" v="Pasture Lane"/>
    <tag k="building" v="house"/>
    <tag k="building_name" v="Hawthorn Cottages"/>
    <tag k="house" v="terraced"/>
    <tag k="source:addr" v="survey"/>
    <tag k="source:addr:postcode" v="OS Opendata Codepoint"/>
    <tag k="source:building" v="Bing"/>
  </way>
  <way id="489450715" version="3" timestamp="2022-03-26T18:31:52Z" changeset="118958417" uid="242345" user="confusedbuffalo">
    <nd ref="4816838493"/>
    <nd ref="4816838492"/>
    <nd ref="1204266565"/>
    <nd ref="1204263772"/>
    <nd ref="4816838493"/>
    <tag k="addr:housenumber" v="1"/>
    <tag k="addr:postcode" v="LE12 5PL"/>
    <tag k="addr:street" v="Pasture Close"/>
    <tag k="building" v="house"/>
    <tag k="house" v="terraced"/>
    <tag k="ref:GB:uprn" v="3040068122"/>
    <tag k="source:addr" v="survey"/>
    <tag k="source:addr:postcode" v="OS Opendata Codepoint"/>
  </way>
  <way id="489450716" version="3" timestamp="2022-03-26T18:31:52Z" changeset="118958417" uid="242345" user="confusedbuffalo">
    <nd ref="4816838493"/>
    <nd ref="4816838492"/>
    <nd ref="4816838494"/>
    <nd ref="1204263321"/>
    <nd ref="1204265746"/>
    <nd ref="4816838493"/>
    <tag k="addr:housenumber" v="2"/>
    <tag k="addr:postcode" v="LE12 5PL"/>
    <tag k="addr:street" v="Pasture Close"/>
    <tag k="building" v="house"/>
    <tag k="house" v="terraced"/>
    <tag k="ref:GB:uprn" v="3040068124"/>
    <tag k="source:addr" v="survey"/>
    <tag k="source:addr:postcode" v="OS Opendata Codepoint"/>
  </way>
  <way id="489450718" version="3" timestamp="2025-01-18T20:07:05Z" changeset="161504409" uid="8857" user="philipcullen">
    <nd ref="4816838498"/>
    <nd ref="1204263813"/>
    <nd ref="1204264368"/>
    <nd ref="4816838497"/>
    <nd ref="4816838498"/>
    <tag k="addr:housenumber" v="32"/>
    <tag k="addr:postcode" v="LE12 5PQ"/>
    <tag k="addr:street" v="Pasture Lane"/>
    <tag k="building" v="semidetached_house"/>
    <tag k="ref:GB:uprn" v="3040068120"/>
    <tag k="source:addr" v="survey"/>
    <tag k="source:addr:postcode" v="OS Opendata Codepoint"/>
    <tag k="source:building" v="Bing"/>
  </way>
  <way id="489450721" version="2" timestamp="2022-02-26T13:34:01Z" changeset="117879080" uid="242345" user="confusedbuffalo">
    <nd ref="4816838514"/>
    <nd ref="4816838502"/>
    <nd ref="1204266516"/>
    <nd ref="4816838511"/>
    <nd ref="4816838509"/>
    <nd ref="4816838510"/>
    <nd ref="4816838512"/>
    <nd ref="1204265693"/>
    <nd ref="4816838513"/>
    <nd ref="4816838514"/>
    <tag k="addr:housename" v="Oakland"/>
    <tag k="addr:housenumber" v="20B"/>
    <tag k="addr:postcode" v="LE12 5PQ"/>
    <tag k="addr:street" v="Pasture Lane"/>
    <tag k="building" v="semidetached_house"/>
    <tag k="source:addr" v="survey"/>
    <tag k="source:addr:postcode" v="OS Opendata Codepoint"/>
  </way>
  <way id="489450726" version="3" timestamp="2022-02-26T13:34:01Z" changeset="117879080" uid="242345" user="confusedbuffalo">
    <nd ref="4816838631"/>
    <nd ref="1204264905"/>
    <nd ref="4816838625"/>
    <nd ref="4816838624"/>
    <nd ref="1204262889"/>
    <nd ref="4816838629"/>
    <nd ref="4816838626"/>
    <nd ref="4816838630"/>
    <nd ref="4816838631"/>
    <tag k="addr:housenumber" v="15"/>
    <tag k="addr:postcode" v="LE12 5PQ"/>
    <tag k="addr:street" v="Pasture Lane"/>
    <tag k="building" v="semidetached_house"/>
    <tag k="ref:GB:uprn" v="3040000250"/>
    <tag k="source:addr" v="survey"/>
    <tag k="source:addr:postcode" v="OS Opendata Codepoint"/>
  </way>
  <way id="489450727" version="3" timestamp="2022-02-26T13:34:01Z" changeset="117879080" uid="242345" user="confusedbuffalo">
    <nd ref="4816838638"/>
    <nd ref="1204262446"/>
    <nd ref="1204264168"/>
    <nd ref="4816838636"/>
    <nd ref="4816838635"/>
    <nd ref="4816838637"/>
    <nd ref="4816838638"/>
    <tag k="addr:housenumber" v="11"/>
    <tag k="addr:postcode" v="LE12 5PQ"/>
    <tag k="addr:street" v="Pasture Lane"/>
    <tag k="building" v="semidetached_house"/>
    <tag k="ref:GB:uprn" v="3040000247"/>
    <tag k="source:addr" v="survey"/>
    <tag k="source:addr:postcode" v="OS Opendata Codepoint"/>
  </way>
  <way id="489450729" version="3" timestamp="2022-02-26T13:34:01Z" changeset="117879080" uid="242345" user="confusedbuffalo">
    <nd ref="4816838647"/>
    <nd ref="1204262615"/>
    <nd ref="4816838639"/>
    <nd ref="1204265853"/>
    <nd ref="4816838645"/>
    <nd ref="4816838642"/>
    <nd ref="4816838646"/>
    <nd ref="4816838647"/>
    <tag k="addr:housenumber" v="7"/>
    <tag k="addr:postcode" v="LE12 5PQ"/>
    <tag k="addr:street" v="Pasture Lane"/>
    <tag k="building" v="semidetached_house"/>
    <tag k="ref:GB:uprn" v="3040000257"/>
    <tag k="source:addr" v="survey"/>
    <tag k="source:addr:postcode" v="OS Opendata Codepoint"/>
  </way>
  <way id="489450730" version="3" timestamp="2025-01-18T20:07:05Z" changeset="161504409" uid="8857" user="philipcullen">
    <nd ref="4816838655"/>
    <nd ref="1204265313"/>
    <nd ref="1204263710"/>
    <nd ref="4816838654"/>
    <nd ref="4816838655"/>
    <tag k="addr:housenumber" v="3"/>
    <tag k="addr:postcode" v="LE12 5PQ"/>
    <tag k="addr:street" v="Pasture Lane"/>
    <tag k="building" v="semidetached_house"/>
    <tag k="ref:GB:uprn" v="3040000254"/>
    <tag k="source:addr" v="survey"/>
    <tag k="source:addr:postcode" v="OS Opendata Codepoint"/>
  </way>
  <way id="489450732" version="3" timestamp="2025-01-18T20:07:05Z" changeset="161504409" uid="8857" user="philipcullen">
    <nd ref="4816838666"/>
    <nd ref="1204263018"/>
    <nd ref="1204265902"/>
    <nd ref="4816838663"/>
    <nd ref="4816838660"/>
    <nd ref="4816838659"/>
    <nd ref="4816838661"/>
    <nd ref="4816838665"/>
    <nd ref="4816838666"/>
    <tag k="addr:housenumber" v="63"/>
    <tag k="addr:postcode" v="LE12 5ND"/>
    <tag k="addr:street" v="Main Street"/>
    <tag k="building" v="semidetached_house"/>
    <tag k="ref:GB:uprn" v="3040000239"/>
    <tag k="source:addr" v="survey"/>
    <tag k="source:addr:postcode" v="OS Opendata Codepoint"/>
  </way>
  <way id="489450733" version="3" timestamp="2022-02-26T13:34:01Z" changeset="117879080" uid="242345" user="confusedbuffalo">
    <nd ref="4816838672"/>
    <nd ref="4816838670"/>
    <nd ref="4816838669"/>
    <nd ref="4816838668"/>
    <nd ref="4816838667"/>
    <nd ref="4816838671"/>
    <nd ref="4816838672"/>
    <tag k="addr:housenumber" v="57"/>
    <tag k="addr:postcode" v="LE12 5ND"/>
    <tag k="addr:street" v="Main Street"/>
    <tag k="building" v="semidetached_house"/>
    <tag k="ref:GB:uprn" v="3040000236"/>
    <tag k="source:addr" v="survey"/>
    <tag k="source:addr:postcode" v="OS Opendata Codepoint"/>
  </way>
  <way id="489450735" version="3" timestamp="2025-01-18T20:07:05Z" changeset="161504409" uid="8857" user="philipcullen">
    <nd ref="4816838682"/>
    <nd ref="4816838684"/>
    <nd ref="4816838683"/>
    <nd ref="1204266381"/>
    <nd ref="4816838676"/>
    <nd ref="4816838674"/>
    <nd ref="4816838673"/>
    <nd ref="4816838675"/>
    <nd ref="1204262886"/>
    <nd ref="4816838681"/>
    <nd ref="4816838682"/>
    <tag k="addr:housenumber" v="53"/>
    <tag k="addr:postcode" v="LE12 5ND"/>
    <tag k="addr:street" v="Main Street"/>
    <tag k="building" v="semidetached_house"/>
    <tag k="ref:GB:uprn" v="3040000234"/>
    <tag k="source:addr" v="survey"/>
    <tag k="source:addr:postcode" v="OS Opendata Codepoint"/>
  </way>
  <way id="489450737" version="3" timestamp="2025-01-18T20:07:05Z" changeset="161504409" uid="8857" user="philipcullen">
    <nd ref="4816838696"/>
    <nd ref="4816838697"/>
    <nd ref="1204263315"/>
    <nd ref="1204266503"/>
    <nd ref="4816838702"/>
    <nd ref="4816838701"/>
    <nd ref="4816838700"/>
    <nd ref="4816838699"/>
    <nd ref="4816838698"/>
    <nd ref="4816838689"/>
    <nd ref="4816838696"/>
    <tag k="addr:housename" v="Apple Tree Barn"/>
    <tag k="addr:housenumber" v="51A"/>
    <tag k="addr:postcode" v="LE12 5ND"/>
    <tag k="addr:street" v="Main Street"/>
    <tag k="building" v="semidetached_house"/>
    <tag k="ref:GB:uprn" v="3040000135"/>
    <tag k="source:addr" v="survey"/>
    <tag k="source:addr:postcode" v="OS Opendata Codepoint"/>
  </way>
  <way id="489450740" version="2" timestamp="2021-04-01T20:18:59Z" changeset="102147385" uid="7037" user="Gregory Williams">
    <nd ref="4816838717"/>
    <nd ref="4816838716"/>
    <nd ref="4816838715"/>
    <nd ref="4816838714"/>
    <nd ref="4816838717"/>
    <tag k="addr:housename" v="Brookland House"/>
    <tag k="addr:housenumber" v="4"/>
    <tag k="addr:postcode" v="LE12 5NH"/>
    <tag k="addr:street" v="Park Lane"/>
    <tag k="building" v="detached"/>
    <tag k="fixme" v="Building area approximate"/>
    <tag k="ref:GB:uprn" v="3040076155"/>
    <tag k="source:addr" v="survey"/>
    <tag k="source:addr:postcode" v="OS Opendata Codepoint"/>
  </way>
  <way id="489450743" version="3" timestamp="2022-02-26T13:34:01Z" changeset="117879080" uid="242345" user="confusedbuffalo">
    <nd ref="4816838723"/>
    <nd ref="1204262533"/>
    <nd ref="1204264013"/>
    <nd ref="4816838722"/>
    <nd ref="4816838723"/>
    <tag k="addr:housenumber" v="7"/>
    <tag k="addr:postcode" v="LE12 5ND"/>
    <tag k="addr:street" v="Main Street"/>
    <tag k="building" v="semidetached_house"/>
    <tag k="ref:GB:uprn" v="3040066646"/>
    <tag k="source:addr" v="survey"/>
    <tag k="source:addr:postcode" v="OS Opendata Codepoint"/>
  </way>
  <way id="489450745" version="3" timestamp="2025-01-18T20:07:05Z" changeset="161504409" uid="8857" user="philipcullen">
    <nd ref="4816838731"/>
    <nd ref="1204263958"/>
    <nd ref="1204263863"/>
    <nd ref="4816838730"/>
    <nd ref="4816838731"/>
    <tag k="addr:housenumber" v="37"/>
    <tag k="addr:postcode" v="LE12 5ND"/>
    <tag k="addr:street" v="Main Street"/>
    <tag k="building" v="house"/>
    <tag k="house" v="terraced"/>
    <tag k="ref:GB:uprn" v="3040000144"/>
    <tag k="source:addr" v="survey"/>
    <tag k="source:addr:postcode" v="OS Opendata Codepoint"/>
  </way>
  <way id="489450746" version="3" timestamp="2025-01-18T20:07:05Z" changeset="161504409" uid="8857" user="philipcullen">
    <nd ref="4816838733"/>
    <nd ref="4816838731"/>
    <nd ref="4816838730"/>
    <nd ref="4816838732"/>
    <nd ref="4816838733"/>
    <tag k="addr:housenumber" v="39"/>
    <tag k="addr:postcode" v="LE12 5ND"/>
    <tag k="addr:street" v="Main Street"/>
    <tag k="building" v="house"/>
    <tag k="house" v="terraced"/>
    <tag k="ref:GB:uprn" v="3040000145"/>
    <tag k="source:addr" v="survey"/>
    <tag k="source:addr:postcode" v="OS Opendata Codepoint"/>
  </way>
  <way id="489450747" version="3" timestamp="2025-01-18T20:07:05Z" changeset="161504409" uid="8857" user="philipcullen">
    <nd ref="1204264673"/>
    <nd ref="4816838733"/>
    <nd ref="4816838732"/>
    <nd ref="4816838734"/>
    <nd ref="1204264673"/>
    <tag k="addr:housenumber" v="41"/>
    <tag k="addr:postcode" v="LE12 5ND"/>
    <tag k="addr:street" v="Main Street"/>
    <tag k="building" v="house"/>
    <tag k="house" v="terraced"/>
    <tag k="ref:GB:uprn" v="3040000146"/>
    <tag k="source:addr" v="survey"/>
    <tag k="source:addr:postcode" v="OS Opendata Codepoint"/>
  </way>
  <way id="489450749" version="3" timestamp="2025-01-18T20:07:05Z" changeset="161504409" uid="8857" user="philipcullen">
    <nd ref="4816838742"/>
    <nd ref="1204264280"/>
    <nd ref="1204264452"/>
    <nd ref="4816838741"/>
    <nd ref="4816838742"/>
    <tag k="addr:housenumber" v="35"/>
    <tag k="addr:postcode" v="LE12 5ND"/>
    <tag k="addr:street" v="Main Street"/>
    <tag k="building" v="house"/>
    <tag k="house" v="terraced"/>
    <tag k="ref:GB:uprn" v="3040000143"/>
    <tag k="source:addr" v="survey"/>
    <tag k="source:addr:postcode" v="OS Opendata Codepoint"/>
  </way>
  <way id="489450750" version="3" timestamp="2025-01-18T20:07:05Z" changeset="161504409" uid="8857" user="philipcullen">
    <nd ref="4816838744"/>
    <nd ref="4816838742"/>
    <nd ref="4816838741"/>
    <nd ref="4816838743"/>
    <nd ref="4816838744"/>
    <tag k="addr:housenumber" v="33"/>
    <tag k="addr:postcode" v="LE12 5ND"/>
    <tag k="addr:street" v="Main Street"/>
    <tag k="building" v="house"/>
    <tag k="house" v="terraced"/>
    <tag k="ref:GB:uprn" v="3040000142"/>
    <tag k="source:addr" v="survey"/>
    <tag k="source:addr:postcode" v="OS Opendata Codepoint"/>
  </way>
  <way id="489450752" version="2" timestamp="2021-04-01T20:11:37Z" changeset="102147141" uid="7037" user="Gregory Williams">
    <nd ref="4816838755"/>
    <nd ref="4816838756"/>
    <nd ref="1204261915"/>
    <nd ref="1204265799"/>
    <nd ref="1204265993"/>
    <nd ref="1204264185"/>
    <nd ref="4816838755"/>
    <tag k="addr:housenumber" v="31"/>
    <tag k="addr:postcode" v="LE12 5NW"/>
    <tag k="addr:street" v="Gables Lea"/>
    <tag k="building" v="detached"/>
    <tag k="ref:GB:uprn" v="3040000226"/>
    <tag k="source:addr" v="survey"/>
    <tag k="source:addr:postcode" v="OS Opendata Codepoint"/>
    <tag k="source:building" v="Bing"/>
  </way>
  <way id="489450762" version="1" timestamp="2017-04-25T23:34:01Z" changeset="48144886" uid="207845" user="will_p">
    <nd ref="4816838812"/>
    <nd ref="258726331"/>
    <nd ref="4816838811"/>
    <tag k="highway" v="residential"/>
    <tag k="name" v="Gables Lea"/>
    <tag k="postal_code" v="LE12 5NW"/>
  </way>
  <way id="489673110" version="3" timestamp="2021-04-01T20:11:37Z" changeset="102147141" uid="7037" user="Gregory Williams">
    <nd ref="1204265946"/>
    <nd ref="1204264235"/>
    <nd ref="1204263437"/>
    <nd ref="1204266343"/>
    <nd ref="1204265946"/>
    <tag k="HE_ref" v="1260057"/>
    <tag k="addr:housenumber" v="40"/>
    <tag k="addr:postcode" v="LE12 5NE"/>
    <tag k="addr:street" v="Main Street"/>
    <tag k="building" v="detached"/>
    <tag k="listed_status" v="Grade II"/>
    <tag k="ref:GB:uprn" v="3040000166"/>
    <tag k="source:addr" v="survey"/>
    <tag k="source:addr:postcode" v="OS Opendata Codepoint"/>
    <tag k="source:building" v="Bing"/>
    <tag k="source:listed_status" v="Historic England"/>
    <tag k="wikidata" v="Q26551119"/>
  </way>
  <way id="489673214" version="1" timestamp="2017-04-26T22:45:34Z" changeset="48177362" uid="207845" user="will_p">
    <nd ref="4818948228"/>
    <nd ref="4818948227"/>
    <nd ref="4818948226"/>
    <nd ref="4818948225"/>
    <nd ref="4818948228"/>
    <tag k="addr:housenumber" v="19"/>
    <tag k="addr:postcode" v="LE12 5EQ"/>
    <tag k="addr:street" v="Main Street"/>
    <tag k="building" v="detached"/>
    <tag k="source:addr" v="survey"/>
    <tag k="source:addr:postcode" v="OS Opendata Codepoint"/>
  </way>
  <way id="489673235" version="2" timestamp="2025-01-18T22:01:37Z" changeset="161507263" uid="8857" user="philipcullen">
    <nd ref="4818948431"/>
    <nd ref="4818948430"/>
    <nd ref="4818948462"/>
    <nd ref="4818948463"/>
    <nd ref="4818948431"/>
    <tag k="addr:housenumber" v="4"/>
    <tag k="addr:postcode" v="LE12 5EU"/>
    <tag k="addr:street" v="Woods Mews"/>
    <tag k="building" v="residential"/>
    <tag k="ref:GB:uprn" v="3040059596"/>
    <tag k="source:addr" v="survey"/>
    <tag k="source:addr:postcode" v="OS Opendata Codepoint"/>
  </way>
  <way id="489673245" version="1" timestamp="2017-04-26T22:45:36Z" changeset="48177362" uid="207845" user="will_p">
    <nd ref="4818948455"/>
    <nd ref="4818948320"/>
    <nd ref="4818948318"/>
    <nd ref="4818948319"/>
    <nd ref="4818948421"/>
    <nd ref="1711536554"/>
    <nd ref="4818948424"/>
    <nd ref="1711536505"/>
    <nd ref="4818948454"/>
    <nd ref="4818948455"/>
    <tag k="addr:housenumber" v="22"/>
    <tag k="addr:postcode" v="LE12 5EQ"/>
    <tag k="addr:street" v="Main Street"/>
    <tag k="building" v="residential"/>
    <tag k="source" v="Bing"/>
    <tag k="source:addr:postcode" v="OS Opendata Codepoint"/>
  </way>
  <way id="489673246" version="2" timestamp="2025-01-18T22:01:37Z" changeset="161507263" uid="8857" user="philipcullen">
    <nd ref="4818948466"/>
    <nd ref="4818948465"/>
    <nd ref="1711543044"/>
    <nd ref="4084073476"/>
    <nd ref="4818948466"/>
    <tag k="addr:housename" v="Waterside"/>
    <tag k="addr:housenumber" v="1"/>
    <tag k="addr:postcode" v="LE12 5EU"/>
    <tag k="addr:street" v="Woods Mews"/>
    <tag k="building" v="residential"/>
    <tag k="ref:GB:uprn" v="3040000100"/>
    <tag k="source:addr" v="survey"/>
    <tag k="source:addr:postcode" v="OS Opendata Codepoint"/>
  </way>
  <way id="489673247" version="2" timestamp="2025-01-18T22:01:37Z" changeset="161507263" uid="8857" user="philipcullen">
    <nd ref="4818948470"/>
    <nd ref="4818948467"/>
    <nd ref="1711543042"/>
    <nd ref="4818948459"/>
    <nd ref="4818948460"/>
    <nd ref="1711543045"/>
    <nd ref="4818948470"/>
    <tag k="addr:housenumber" v="7"/>
    <tag k="addr:postcode" v="LE12 5EU"/>
    <tag k="addr:street" v="Woods Mews"/>
    <tag k="building" v="residential"/>
    <tag k="ref:GB:uprn" v="3040059124"/>
    <tag k="source:addr" v="survey"/>
    <tag k="source:addr:postcode" v="OS Opendata Codepoint"/>
  </way>
  <way id="489673249" version="1" timestamp="2017-04-26T22:45:37Z" changeset="48177362" uid="207845" user="will_p">
    <nd ref="4818948462"/>
    <nd ref="4818948468"/>
    <nd ref="4818948469"/>
    <nd ref="4818948463"/>
    <nd ref="4818948462"/>
    <tag k="addr:housenumber" v="5"/>
    <tag k="addr:postcode" v="LE12 5EU"/>
    <tag k="addr:street" v="Woods Mews"/>
    <tag k="building" v="residential"/>
    <tag k="source:addr" v="survey"/>
    <tag k="source:addr:postcode" v="OS Opendata Codepoint"/>
  </way>
  <way id="489673251" version="2" timestamp="2025-01-18T22:01:37Z" changeset="161507263" uid="8857" user="philipcullen">
    <nd ref="4818948431"/>
    <nd ref="1711543050"/>
    <nd ref="4084073472"/>
    <nd ref="4084073480"/>
    <nd ref="4818948430"/>
    <nd ref="4818948431"/>
    <tag k="addr:housenumber" v="3"/>
    <tag k="addr:postcode" v="LE12 5EU"/>
    <tag k="addr:street" v="Woods Mews"/>
    <tag k="building" v="residential"/>
    <tag k="ref:GB:uprn" v="3040060258"/>
    <tag k="source:addr" v="survey"/>
    <tag k="source:addr:postcode" v="OS Opendata Codepoint"/>
  </way>
  <way id="489673253" version="2" timestamp="2025-01-18T22:01:37Z" changeset="161507263" uid="8857" user="philipcullen">
    <nd ref="4818948468"/>
    <nd ref="4818948467"/>
    <nd ref="4818948470"/>
    <nd ref="4818948471"/>
    <nd ref="4818948469"/>
    <nd ref="4818948468"/>
    <tag k="addr:housenumber" v="6"/>
    <tag k="addr:postcode" v="LE12 5EU"/>
    <tag k="addr:street" v="Woods Mews"/>
    <tag k="building" v="residential"/>
    <tag k="ref:GB:uprn" v="3040060259"/>
    <tag k="source:addr" v="survey"/>
    <tag k="source:addr:postcode" v="OS Opendata Codepoint"/>
  </way>
  <way id="489673256" version="2" timestamp="2025-01-18T22:15:21Z" changeset="161507263" uid="8857" user="philipcullen">
    <nd ref="4818948489"/>
    <nd ref="4818948488"/>
    <nd ref="4818948487"/>
    <nd ref="4818948486"/>
    <nd ref="4818948489"/>
    <tag k="addr:housenumber" v="21"/>
    <tag k="addr:postcode" v="LE12 5EQ"/>
    <tag k="addr:street" v="Main Street"/>
    <tag k="building" v="detached"/>
    <tag k="ref:GB:uprn" v="3040000102"/>
    <tag k="source:addr" v="survey"/>
    <tag k="source:addr:postcode" v="OS Opendata Codepoint"/>
  </way>
  <way id="489673258" version="2" timestamp="2025-01-18T22:42:17Z" changeset="161507263" uid="8857" user="philipcullen">
    <nd ref="4818948498"/>
    <nd ref="4818948494"/>
    <nd ref="4818948495"/>
    <nd ref="4818948496"/>
    <nd ref="4818948497"/>
    <nd ref="4818948500"/>
    <nd ref="4818948499"/>
    <nd ref="4818948498"/>
    <tag k="addr:housenumber" v="29"/>
    <tag k="addr:postcode" v="LE12 5EQ"/>
    <tag k="addr:street" v="Main Street"/>
    <tag k="building" v="detached"/>
    <tag k="ref:GB:uprn" v="3040000105"/>
    <tag k="source:addr" v="survey"/>
    <tag k="source:addr:postcode" v="OS Opendata Codepoint"/>
  </way>
  <way id="489673259" version="2" timestamp="2025-01-18T22:15:21Z" changeset="161507263" uid="8857" user="philipcullen">
    <nd ref="4818948504"/>
    <nd ref="4818948503"/>
    <nd ref="4818948502"/>
    <nd ref="4818948501"/>
    <nd ref="4818948504"/>
    <tag k="addr:housenumber" v="25"/>
    <tag k="addr:postcode" v="LE12 5EQ"/>
    <tag k="addr:street" v="Main Street"/>
    <tag k="building" v="detached"/>
    <tag k="ref:GB:uprn" v="3040000103"/>
    <tag k="source:addr" v="survey"/>
    <tag k="source:addr:postcode" v="OS Opendata Codepoint"/>
  </way>
  <way id="489673262" version="1" timestamp="2017-04-26T22:45:38Z" changeset="48177362" uid="207845" user="will_p">
    <nd ref="4818948514"/>
    <nd ref="4818948507"/>
    <nd ref="4818948508"/>
    <nd ref="4818948509"/>
    <nd ref="4818948510"/>
    <nd ref="4818948511"/>
    <nd ref="4818948512"/>
    <nd ref="4818948513"/>
    <nd ref="4818948515"/>
    <nd ref="4818948514"/>
    <tag k="addr:housenumber" v="27"/>
    <tag k="addr:postcode" v="LE12 5EQ"/>
    <tag k="addr:street" v="Main Street"/>
    <tag k="building" v="detached"/>
    <tag k="source:addr" v="survey"/>
    <tag k="source:addr:postcode" v="OS Opendata Codepoint"/>
  </way>
  <way id="1292747970" version="2" timestamp="2025-03-07T14:56:13Z" changeset="163330715" uid="357453" user="syewoolhouse">
    <nd ref="11984380077"/>
    <nd ref="11984380078"/>
    <nd ref="11984380079"/>
    <nd ref="11984380080"/>
    <nd ref="11984380081"/>
    <nd ref="11984380082"/>
    <nd ref="11984380083"/>
    <nd ref="11984380084"/>
    <nd ref="11984380085"/>
    <nd ref="11984380129"/>
    <nd ref="11984380086"/>
    <nd ref="11984380087"/>
    <nd ref="11984380088"/>
    <nd ref="11984380089"/>
    <nd ref="11984380130"/>
    <nd ref="11984380090"/>
    <nd ref="11984380091"/>
    <nd ref="11984380092"/>
    <nd ref="11984380093"/>
    <nd ref="11984380094"/>
    <nd ref="11984380095"/>
    <nd ref="11984380096"/>
    <nd ref="11984380137"/>
    <nd ref="11984380097"/>
    <nd ref="11984380098"/>
    <nd ref="11984380099"/>
    <nd ref="11984380100"/>
    <tag k="highway" v="residential"/>
    <tag k="name" v="Kiln Drive"/>
    <tag k="surface" v="asphalt"/>
  </way>
  <way id="1338855591" version="2" timestamp="2025-01-18T22:01:37Z" changeset="161507263" uid="8857" user="philipcullen">
    <nd ref="12384411251"/>
    <nd ref="12384411252"/>
    <nd ref="12384411253"/>
    <nd ref="12384411254"/>
    <nd ref="12384411255"/>
    <nd ref="12384411256"/>
    <nd ref="12384411257"/>
    <nd ref="12384411258"/>
    <nd ref="12384411251"/>
    <tag k="building" v="university"/>
    <tag k="name" v="Hounsfield Facility"/>
    <tag k="ref:GB:uprn" v="3040086407"/>
  </way>
  <relation id="5480366" version="2" timestamp="2016-03-29T20:31:26Z" changeset="38152465" uid="207845" user="will_p">
    <member type="way" ref="368824840" role="outer"/>
    <member type="way" ref="368824842" role="inner"/>
    <tag k="building" v="university"/>
    <tag k="name" v="School of Veterinary Medicine and Science"/>
    <tag k="source:building" v="Bing"/>
    <tag k="source:name" v="survey"/>
    <tag k="type" v="multipolygon"/>
  </relation>

</osm>
