<?xml version="1.0" encoding="UTF-8"?>
<osm version="0.6" generator="Overpass API 0.7.62.8 e802775f">
<note>The data included in this document is from www.openstreetmap.org. The data is made available under ODbL.</note>
<meta osm_base="2025-10-23T17:12:12Z" areas="2025-10-23T12:46:58Z"/>

  <node id="7548289" lat="52.1136796" lon="-1.9414836" version="4" timestamp="2018-08-02T07:47:48Z" changeset="61287684" uid="9065" user="brianboru"/>
  <node id="21294010" lat="52.1603957" lon="-1.8809699" version="4" timestamp="2022-11-09T21:45:57Z" changeset="128705209" uid="13341565" user="Falsernet"/>
  <node id="21294024" lat="52.1598822" lon="-1.8813747" version="2" timestamp="2022-11-09T21:45:57Z" changeset="128705209" uid="13341565" user="Falsernet"/>
  <node id="26125397" lat="52.1607364" lon="-1.8803425" version="3" timestamp="2011-09-29T20:03:56Z" changeset="9430423" uid="9065" user="brianboru"/>
  <node id="26125454" lat="52.1566114" lon="-1.8512435" version="6" timestamp="2013-06-23T10:52:51Z" changeset="16667557" uid="9065" user="brianboru"/>
  <node id="249496322" lat="52.1795524" lon="-1.8218379" version="5" timestamp="2021-03-19T19:08:10Z" changeset="101348310" uid="9065" user="brianboru"/>
  <node id="254002678" lat="52.1605182" lon="-1.8254251" version="3" timestamp="2013-09-04T09:20:06Z" changeset="17667885" uid="9065" user="brianboru"/>
  <node id="459848066" lat="52.1599747" lon="-1.8300841" version="2" timestamp="2013-04-29T11:16:39Z" changeset="15906981" uid="213451" user="Richard Phillips"/>
  <node id="494015267" lat="52.1408153" lon="-1.8732329" version="3" timestamp="2011-03-20T18:03:44Z" changeset="7619553" uid="213451" user="Richard Phillips"/>
  <node id="523052975" lat="52.1795094" lon="-1.8617658" version="4" timestamp="2021-03-21T15:35:07Z" changeset="101444889" uid="9065" user="brianboru"/>
  <node id="597262132" lat="52.1781613" lon="-1.8744754" version="3" timestamp="2017-12-29T22:25:30Z" changeset="55022093" uid="9065" user="brianboru"/>
  <node id="760314253" lat="52.1480123" lon="-1.8517792" version="2" timestamp="2011-01-02T18:29:26Z" changeset="6841670" uid="213451" user="Richard Phillips"/>
  <node id="760314256" lat="52.1486781" lon="-1.8475722" version="3" timestamp="2017-04-22T10:21:12Z" changeset="48028564" uid="76617" user="robbieonsea"/>
  <node id="1545771474" lat="52.1769552" lon="-1.8187075" version="3" timestamp="2021-03-20T16:13:36Z" changeset="101393524" uid="9065" user="brianboru"/>
  <node id="1585089161" lat="52.1732414" lon="-1.8545187" version="1" timestamp="2012-01-10T21:38:38Z" changeset="10355797" uid="64" user="lsces">
    <tag k="building" v="yes"/>
    <tag k="name" v="Bidavon Industrial Estate"/>
  </node>
  <node id="2323161358" lat="52.1779249" lon="-1.8595475" version="2" timestamp="2013-09-13T16:35:33Z" changeset="17820522" uid="9065" user="brianboru"/>
  <node id="2455477149" lat="52.1827708" lon="-1.8348830" version="2" timestamp="2020-08-12T07:37:44Z" changeset="89287258" uid="9065" user="brianboru"/>
  <way id="4017529" version="20" timestamp="2023-12-30T14:24:01Z" changeset="145699260" uid="5589" user="user_5589">
    <nd ref="7548289"/>
    <nd ref="21294004"/>
    <nd ref="21293998"/>
    <nd ref="5803289402"/>
    <nd ref="21293999"/>
    <nd ref="21294080"/>
    <nd ref="21294239"/>
    <nd ref="5803289404"/>
    <nd ref="21294241"/>
    <nd ref="5803289407"/>
    <nd ref="21294243"/>
    <nd ref="5803289408"/>
    <nd ref="21294245"/>
    <nd ref="21294247"/>
    <nd ref="21294250"/>
    <nd ref="21294251"/>
    <nd ref="5803289410"/>
    <nd ref="21294253"/>
    <nd ref="5803289412"/>
    <nd ref="21294256"/>
    <nd ref="21294257"/>
    <nd ref="21294260"/>
    <nd ref="21294261"/>
    <nd ref="21294263"/>
    <nd ref="2303731377"/>
    <nd ref="21294265"/>
    <nd ref="21294267"/>
    <nd ref="21294269"/>
    <nd ref="21294052"/>
    <nd ref="2303731419"/>
    <nd ref="21294053"/>
    <nd ref="983580929"/>
    <nd ref="21294054"/>
    <nd ref="21294055"/>
    <nd ref="21294056"/>
    <nd ref="21294057"/>
    <nd ref="21294058"/>
    <nd ref="21294059"/>
    <nd ref="21294068"/>
    <nd ref="21294069"/>
    <nd ref="21294070"/>
    <nd ref="2361011933"/>
    <nd ref="21294071"/>
    <nd ref="2361011960"/>
    <nd ref="21294072"/>
    <nd ref="2361011996"/>
    <nd ref="21294073"/>
    <nd ref="21294051"/>
    <nd ref="21294036"/>
    <nd ref="2361012023"/>
    <nd ref="21294037"/>
    <nd ref="21294038"/>
    <nd ref="21294039"/>
    <nd ref="21294040"/>
    <nd ref="21294041"/>
    <nd ref="21294042"/>
    <nd ref="1497448076"/>
    <nd ref="1497448052"/>
    <nd ref="21294034"/>
    <nd ref="21294033"/>
    <nd ref="1449082594"/>
    <nd ref="21294030"/>
    <nd ref="1449082598"/>
    <nd ref="21294029"/>
    <nd ref="21294017"/>
    <nd ref="21294018"/>
    <nd ref="10172383923"/>
    <nd ref="21294019"/>
    <nd ref="2323161109"/>
    <nd ref="21294020"/>
    <nd ref="21294021"/>
    <nd ref="21294022"/>
    <nd ref="10172383924"/>
    <nd ref="10172383925"/>
    <nd ref="10172383926"/>
    <nd ref="10172383927"/>
    <nd ref="21294013"/>
    <tag k="highway" v="trunk"/>
    <tag k="lanes" v="2"/>
    <tag k="maxheight" v="default"/>
    <tag k="maxspeed" v="70 mph"/>
    <tag k="national_highways:area" v="9"/>
    <tag k="oneway" v="yes"/>
    <tag k="operator" v="National Highways"/>
    <tag k="operator:wikidata" v="Q5760006"/>
    <tag k="ref" v="A46"/>
    <tag k="restriction" v="no_stopping"/>
    <tag k="shoulder" v="both"/>
    <tag k="sidewalk" v="no"/>
    <tag k="source" v="survey"/>
    <tag k="source:maxspeed" v="survey"/>
    <tag k="surface" v="asphalt"/>
  </way>
  <way id="4017530" version="23" timestamp="2023-12-30T14:24:06Z" changeset="145699260" uid="5589" user="user_5589">
    <nd ref="21294024"/>
    <nd ref="21294025"/>
    <nd ref="10172383966"/>
    <nd ref="21294026"/>
    <nd ref="21294027"/>
    <nd ref="10172383967"/>
    <nd ref="1449082599"/>
    <nd ref="21294028"/>
    <nd ref="10172383968"/>
    <nd ref="1449082595"/>
    <nd ref="21294031"/>
    <nd ref="21294032"/>
    <nd ref="21294035"/>
    <nd ref="1497448078"/>
    <nd ref="1449082593"/>
    <nd ref="21294043"/>
    <nd ref="21294044"/>
    <nd ref="21294045"/>
    <nd ref="21294046"/>
    <nd ref="1449082592"/>
    <nd ref="21294047"/>
    <nd ref="1449082591"/>
    <nd ref="21294048"/>
    <nd ref="2361012022"/>
    <nd ref="21294049"/>
    <nd ref="2361012013"/>
    <nd ref="21294050"/>
    <nd ref="21294074"/>
    <nd ref="2361011969"/>
    <nd ref="21294075"/>
    <nd ref="2361011957"/>
    <nd ref="21294076"/>
    <nd ref="2361011930"/>
    <nd ref="21294077"/>
    <nd ref="21294078"/>
    <nd ref="21294079"/>
    <nd ref="21294067"/>
    <nd ref="21294066"/>
    <nd ref="21294065"/>
    <nd ref="21294064"/>
    <nd ref="21294063"/>
    <nd ref="21294062"/>
    <nd ref="2303731423"/>
    <nd ref="21294061"/>
    <nd ref="21294060"/>
    <nd ref="21294270"/>
    <nd ref="21294268"/>
    <nd ref="21294266"/>
    <nd ref="2303731382"/>
    <nd ref="2303731391"/>
    <nd ref="21294262"/>
    <nd ref="21294259"/>
    <nd ref="21294258"/>
    <nd ref="21294255"/>
    <nd ref="21294254"/>
    <nd ref="5803289411"/>
    <nd ref="21294252"/>
    <nd ref="21294249"/>
    <nd ref="21294248"/>
    <nd ref="21294246"/>
    <nd ref="5803289409"/>
    <nd ref="21294244"/>
    <nd ref="5803289406"/>
    <nd ref="21294242"/>
    <nd ref="5803289405"/>
    <nd ref="21294240"/>
    <nd ref="21294081"/>
    <nd ref="21294000"/>
    <nd ref="21294001"/>
    <nd ref="5803289403"/>
    <nd ref="21294002"/>
    <nd ref="1449087223"/>
    <tag k="highway" v="trunk"/>
    <tag k="lanes" v="2"/>
    <tag k="maxheight" v="default"/>
    <tag k="maxspeed" v="70 mph"/>
    <tag k="national_highways:area" v="9"/>
    <tag k="oneway" v="yes"/>
    <tag k="operator" v="National Highways"/>
    <tag k="operator:wikidata" v="Q5760006"/>
    <tag k="ref" v="A46"/>
    <tag k="restriction" v="no_stopping"/>
    <tag k="shoulder" v="both"/>
    <tag k="sidewalk" v="no"/>
    <tag k="source" v="survey"/>
    <tag k="source:maxspeed" v="survey"/>
    <tag k="surface" v="asphalt"/>
  </way>
  <way id="4312290" version="9" timestamp="2009-12-20T13:30:00Z" changeset="3413488" uid="182099" user="Shamoo">
    <nd ref="26125397"/>
    <nd ref="597262130"/>
    <tag k="highway" v="secondary"/>
    <tag k="name" v="Salford Road"/>
    <tag k="old_ref" v="A439"/>
    <tag k="ref" v="B439"/>
  </way>
  <way id="4312293" version="9" timestamp="2011-08-17T16:50:00Z" changeset="9049621" uid="9065" user="brianboru">
    <nd ref="26125439"/>
    <nd ref="300918414"/>
    <tag k="highway" v="secondary"/>
    <tag k="maxspeed" v="30 mph"/>
    <tag k="name" v="Honeybourne Road"/>
    <tag k="ref" v="B4085"/>
    <tag k="source:maxspeed" v="survey"/>
  </way>
  <way id="23092158" version="11" timestamp="2017-04-22T10:21:12Z" changeset="48028564" uid="76617" user="robbieonsea">
    <nd ref="26125454"/>
    <nd ref="2357049620"/>
    <nd ref="26125455"/>
    <nd ref="26125456"/>
    <nd ref="26125457"/>
    <nd ref="26125458"/>
    <nd ref="26125459"/>
    <nd ref="2357049532"/>
    <nd ref="26125460"/>
    <nd ref="1235177083"/>
    <nd ref="26125461"/>
    <nd ref="26125462"/>
    <nd ref="4809496895"/>
    <tag k="highway" v="tertiary"/>
    <tag k="name" v="Honeybourne Road"/>
  </way>
  <way id="23109957" version="17" timestamp="2025-01-12T20:44:44Z" changeset="161287141" uid="1782504" user="corgicity">
    <nd ref="249496322"/>
    <nd ref="2578659654"/>
    <nd ref="2578659660"/>
    <nd ref="2578659681"/>
    <nd ref="767435374"/>
    <nd ref="249496341"/>
    <nd ref="8066313770"/>
    <nd ref="12272788084"/>
    <nd ref="249496342"/>
    <nd ref="12272788083"/>
    <nd ref="2457005926"/>
    <nd ref="2457005927"/>
    <nd ref="8086854000"/>
    <nd ref="2323161410"/>
    <nd ref="249496343"/>
    <nd ref="7523086881"/>
    <nd ref="6776661839"/>
    <nd ref="767435375"/>
    <nd ref="2323161436"/>
    <nd ref="767435376"/>
    <nd ref="2323161437"/>
    <nd ref="249496344"/>
    <nd ref="2455477149"/>
    <nd ref="2323161442"/>
    <nd ref="298529679"/>
    <nd ref="2455477158"/>
    <nd ref="298529680"/>
    <nd ref="7987832680"/>
    <nd ref="7987832665"/>
    <nd ref="298529681"/>
    <nd ref="12496812862"/>
    <nd ref="298529682"/>
    <nd ref="2323161450"/>
    <nd ref="354560198"/>
    <tag k="highway" v="unclassified"/>
    <tag k="name" v="Wixford Road"/>
    <tag k="source" v="npe; NPE"/>
    <tag k="source:name" v="OS_OpenData_Locator"/>
  </way>
  <way id="23171384" version="12" timestamp="2023-08-24T19:53:18Z" changeset="140340504" uid="165" user="Richard">
    <nd ref="2455477149"/>
    <nd ref="250535260"/>
    <nd ref="250535261"/>
    <nd ref="2455477124"/>
    <nd ref="250535262"/>
    <nd ref="250535263"/>
    <nd ref="2457005856"/>
    <nd ref="2457005855"/>
    <nd ref="2457005851"/>
    <nd ref="250535264"/>
    <nd ref="2457005839"/>
    <nd ref="2457005835"/>
    <nd ref="2457005832"/>
    <nd ref="250535265"/>
    <nd ref="2457005816"/>
    <nd ref="250535266"/>
    <nd ref="2457005812"/>
    <nd ref="2457005810"/>
    <nd ref="250535267"/>
    <nd ref="250535268"/>
    <nd ref="2457005801"/>
    <nd ref="250535269"/>
    <nd ref="2457005796"/>
    <nd ref="2457005787"/>
    <nd ref="250535270"/>
    <nd ref="2457005776"/>
    <tag k="highway" v="tertiary"/>
    <tag k="name" v="Grafton Lane"/>
  </way>
  <way id="23453742" version="10" timestamp="2020-09-28T14:43:32Z" changeset="91647348" uid="11286310" user="Manateedriver">
    <nd ref="523021309"/>
    <nd ref="1443113215"/>
    <nd ref="1402484339"/>
    <tag k="highway" v="secondary"/>
    <tag k="maxspeed" v="30 mph"/>
    <tag k="oneway" v="yes"/>
    <tag k="ref" v="B4085"/>
    <tag k="source:maxspeed" v="survey"/>
    <tag k="surface" v="asphalt"/>
  </way>
  <way id="23453744" version="16" timestamp="2024-08-15T08:20:35Z" changeset="155271413" uid="7819986" user="Howling0">
    <nd ref="254002678"/>
    <nd ref="11964811743"/>
    <nd ref="11012848866"/>
    <nd ref="254002680"/>
    <nd ref="11012848865"/>
    <nd ref="8256840771"/>
    <nd ref="254002682"/>
    <nd ref="2451077820"/>
    <nd ref="11964519151"/>
    <nd ref="254002683"/>
    <nd ref="254002684"/>
    <nd ref="2451077807"/>
    <nd ref="11964811693"/>
    <nd ref="254002685"/>
    <nd ref="11012848857"/>
    <nd ref="7352584210"/>
    <nd ref="2451077797"/>
    <nd ref="254002686"/>
    <nd ref="11964811703"/>
    <nd ref="254002687"/>
    <nd ref="254002688"/>
    <nd ref="459856036"/>
    <nd ref="254002689"/>
    <nd ref="254002690"/>
    <nd ref="6477158340"/>
    <nd ref="2582255890"/>
    <nd ref="254002691"/>
    <nd ref="1443099301"/>
    <nd ref="254002692"/>
    <nd ref="254002693"/>
    <nd ref="254002694"/>
    <tag k="highway" v="unclassified"/>
    <tag k="name" v="Dorsington Road"/>
  </way>
  <way id="23453748" version="11" timestamp="2023-08-21T20:04:15Z" changeset="140199061" uid="411244" user="RobJN">
    <nd ref="254002678"/>
    <nd ref="249328403"/>
    <nd ref="2445488740"/>
    <nd ref="249328404"/>
    <nd ref="2445488744"/>
    <nd ref="7352575664"/>
    <nd ref="2285546666"/>
    <nd ref="2582256286"/>
    <nd ref="7980044439"/>
    <nd ref="249328405"/>
    <nd ref="11134908919"/>
    <nd ref="6536572797"/>
    <nd ref="249328406"/>
    <nd ref="249328407"/>
    <tag k="highway" v="tertiary"/>
    <tag k="name" v="Barton Road"/>
    <tag k="source" v="survey"/>
  </way>
  <way id="27411021" version="3" timestamp="2009-10-06T19:09:00Z" changeset="2762129" uid="182099" user="Shamoo">
    <nd ref="300909807"/>
    <nd ref="523028103"/>
    <tag k="highway" v="residential"/>
  </way>
  <way id="27411022" version="25" timestamp="2025-06-14T09:08:19Z" changeset="167604249" uid="21657267" user="catgirlseraid">
    <nd ref="26125439"/>
    <nd ref="3877208651"/>
    <nd ref="26125438"/>
    <tag k="bicycle" v="yes"/>
    <tag k="bridge" v="yes"/>
    <tag k="foot" v="yes"/>
    <tag k="heritage" v="2"/>
    <tag k="heritage:operator" v="Historic England"/>
    <tag k="highway" v="secondary"/>
    <tag k="horse" v="yes"/>
    <tag k="lanes" v="1"/>
    <tag k="layer" v="1"/>
    <tag k="listed_status" v="Grade I"/>
    <tag k="maxspeed" v="30 mph"/>
    <tag k="maxweight" v="10"/>
    <tag k="maxwidth:bus" v="13.5"/>
    <tag k="motor_vehicle" v="yes"/>
    <tag k="name" v="Bidford Bridge"/>
    <tag k="oneway" v="alternating"/>
    <tag k="ref" v="B4085"/>
    <tag k="source:maxspeed" v="survey"/>
    <tag k="surface" v="asphalt"/>
    <tag k="survey:date" v="2024-08-10"/>
    <tag k="wikidata" v="Q17528376"/>
  </way>
  <way id="27411887" version="4" timestamp="2024-02-23T08:58:44Z" changeset="147802616" uid="84263" user="Robert Whittaker">
    <nd ref="254002654"/>
    <nd ref="1321916866"/>
    <nd ref="300918370"/>
    <nd ref="1321916841"/>
    <nd ref="300918372"/>
    <nd ref="1321916884"/>
    <nd ref="300918374"/>
    <tag k="designation" v="public_footpath"/>
    <tag k="foot" v="designated"/>
    <tag k="highway" v="residential"/>
    <tag k="prow_ref" v="AL27"/>
    <tag k="source:designation" v="warwickshire_county_council_prow_gis_data"/>
    <tag k="source:prow_ref" v="warwickshire_county_council_prow_gis_data"/>
  </way>
  <way id="31671459" version="25" timestamp="2022-03-23T14:24:16Z" changeset="118824145" uid="705850" user="Cebderby">
    <nd ref="1402615492"/>
    <nd ref="8541225070"/>
    <nd ref="1585066199"/>
    <nd ref="6385834753"/>
    <nd ref="298848540"/>
    <nd ref="1585066281"/>
    <nd ref="8871590008"/>
    <nd ref="9599909356"/>
    <nd ref="1585066215"/>
    <nd ref="1402615487"/>
    <nd ref="9599909357"/>
    <nd ref="6817174220"/>
    <nd ref="5109853046"/>
    <tag k="highway" v="tertiary"/>
    <tag k="maxspeed" v="30 mph"/>
    <tag k="name" v="Waterloo Road"/>
    <tag k="source" v="survey"/>
  </way>
  <way id="31671460" version="17" timestamp="2019-04-05T14:57:26Z" changeset="68925181" uid="346039" user="fitzsimons">
    <nd ref="1545771417"/>
    <nd ref="522943892"/>
    <nd ref="522944277"/>
    <nd ref="354560178"/>
    <nd ref="1402635504"/>
    <nd ref="522959975"/>
    <tag k="highway" v="unclassified"/>
    <tag k="motor_vehicle" v="designated"/>
    <tag k="name" v="High Street"/>
    <tag k="note" v="buses and access to properties only"/>
  </way>
  <way id="38040465" version="4" timestamp="2020-09-28T14:08:15Z" changeset="91647348" uid="11286310" user="Manateedriver">
    <nd ref="254002638"/>
    <nd ref="26125438"/>
    <tag k="highway" v="secondary"/>
    <tag k="maxspeed" v="30 mph"/>
    <tag k="ref" v="B4085"/>
    <tag k="source:maxspeed" v="survey"/>
    <tag k="surface" v="asphalt"/>
  </way>
  <way id="40860063" version="4" timestamp="2018-01-24T13:34:16Z" changeset="55712930" uid="9065" user="brianboru">
    <nd ref="497182092"/>
    <nd ref="5358967428"/>
    <nd ref="497182093"/>
    <nd ref="5358967429"/>
    <nd ref="1402484366"/>
    <nd ref="5358967430"/>
    <nd ref="5358967431"/>
    <nd ref="523134876"/>
    <nd ref="1402484394"/>
    <nd ref="523134881"/>
    <tag k="highway" v="residential"/>
    <tag k="name" v="Court Way"/>
    <tag k="source" v="survey"/>
  </way>
  <way id="40860064" version="6" timestamp="2020-10-29T10:51:41Z" changeset="93231227" uid="11286310" user="Manateedriver">
    <nd ref="497182095"/>
    <nd ref="523187662"/>
    <nd ref="497182096"/>
    <nd ref="523187665"/>
    <nd ref="497182097"/>
    <tag k="highway" v="residential"/>
    <tag k="lit" v="yes"/>
    <tag k="name" v="Bramley Way"/>
    <tag k="source" v="survey"/>
    <tag k="surface" v="asphalt"/>
  </way>
  <way id="40860065" version="5" timestamp="2023-09-18T19:28:20Z" changeset="141439176" uid="10310366" user="Eddthechip">
    <nd ref="497182085"/>
    <nd ref="497182086"/>
    <nd ref="1402484438"/>
    <nd ref="11200737287"/>
    <nd ref="497182087"/>
    <nd ref="1402484429"/>
    <nd ref="1402484421"/>
    <nd ref="497182089"/>
    <nd ref="523088128"/>
    <nd ref="497182091"/>
    <nd ref="523088135"/>
    <nd ref="1402484374"/>
    <nd ref="497182092"/>
    <tag k="highway" v="residential"/>
    <tag k="name" v="Westholme Road"/>
    <tag k="source" v="survey"/>
  </way>
  <way id="40860066" version="6" timestamp="2025-05-03T19:32:17Z" changeset="165774392" uid="10310366" user="Eddthechip">
    <nd ref="497182079"/>
    <nd ref="12806666264"/>
    <nd ref="497182080"/>
    <tag k="bridge" v="yes"/>
    <tag k="highway" v="tertiary"/>
    <tag k="layer" v="1"/>
    <tag k="maxspeed" v="40 mph"/>
    <tag k="source" v="survey"/>
    <tag k="source:maxspeed" v="survey"/>
  </way>
  <way id="40860069" version="9" timestamp="2011-08-17T16:50:03Z" changeset="9049621" uid="9065" user="brianboru">
    <nd ref="497182080"/>
    <nd ref="1402484513"/>
    <tag k="highway" v="tertiary"/>
    <tag k="maxspeed" v="40 mph"/>
    <tag k="name" v="Victoria Road"/>
    <tag k="source" v="survey"/>
    <tag k="source:maxspeed" v="survey"/>
  </way>
  <way id="40860071" version="4" timestamp="2017-12-29T22:25:31Z" changeset="55022093" uid="9065" user="brianboru">
    <nd ref="497182101"/>
    <nd ref="5310986063"/>
    <nd ref="1402484447"/>
    <nd ref="1402484454"/>
    <nd ref="497182102"/>
    <tag k="highway" v="residential"/>
    <tag k="name" v="Steppes Piece"/>
    <tag k="source" v="survey"/>
  </way>
  <way id="42050174" version="7" timestamp="2018-01-02T15:49:17Z" changeset="55104390" uid="9065" user="brianboru">
    <nd ref="522959975"/>
    <nd ref="522963205"/>
    <nd ref="5316594250"/>
    <nd ref="5316594249"/>
    <nd ref="522104354"/>
    <tag k="highway" v="residential"/>
    <tag k="name" v="Icknield Street"/>
    <tag k="oneway" v="yes"/>
  </way>
  <way id="42050402" version="5" timestamp="2013-05-01T18:18:32Z" changeset="15937141" uid="213451" user="Richard Phillips">
    <nd ref="522104354"/>
    <nd ref="2288321836"/>
    <nd ref="522104330"/>
    <tag k="highway" v="residential"/>
    <tag k="name" v="Church Street"/>
  </way>
  <way id="42050403" version="9" timestamp="2018-01-01T15:27:33Z" changeset="55078550" uid="9065" user="brianboru">
    <nd ref="522104354"/>
    <nd ref="1402635498"/>
    <nd ref="2285872501"/>
    <nd ref="1402615413"/>
    <nd ref="522104356"/>
    <nd ref="5314879447"/>
    <nd ref="1402615402"/>
    <nd ref="5314879448"/>
    <nd ref="5314879449"/>
    <nd ref="522104358"/>
    <nd ref="5314879450"/>
    <nd ref="1402615383"/>
    <nd ref="522104363"/>
    <nd ref="522104368"/>
    <tag k="highway" v="residential"/>
    <tag k="name" v="Grange Road"/>
  </way>
  <way id="42051806" version="5" timestamp="2020-09-22T06:12:56Z" changeset="91265806" uid="10219369" user="pjij">
    <nd ref="522139866"/>
    <nd ref="7930294569"/>
    <nd ref="522139889"/>
    <nd ref="4255752173"/>
    <nd ref="522139869"/>
    <nd ref="522139880"/>
    <nd ref="522139883"/>
    <tag k="highway" v="unclassified"/>
    <tag k="name" v="Saxon Fields"/>
    <tag k="surface" v="asphalt"/>
  </way>
  <way id="42051807" version="5" timestamp="2020-09-11T19:48:23Z" changeset="90774612" uid="11286310" user="Manateedriver">
    <nd ref="522139889"/>
    <nd ref="4255752179"/>
    <nd ref="1402615420"/>
    <nd ref="522139892"/>
    <tag k="highway" v="unclassified"/>
    <tag k="name" v="Saxon Fields"/>
    <tag k="surface" v="asphalt"/>
  </way>
  <way id="42051809" version="8" timestamp="2020-09-11T19:48:23Z" changeset="90774612" uid="11286310" user="Manateedriver">
    <nd ref="871735370"/>
    <nd ref="522139897"/>
    <nd ref="4255752128"/>
    <nd ref="522139900"/>
    <nd ref="5316594313"/>
    <nd ref="522139892"/>
    <nd ref="523257392"/>
    <nd ref="522139903"/>
    <tag k="highway" v="unclassified"/>
    <tag k="name" v="The Bank"/>
    <tag k="surface" v="asphalt"/>
  </way>
  <way id="42051811" version="14" timestamp="2020-09-22T06:12:56Z" changeset="91265806" uid="10219369" user="pjij">
    <nd ref="522944277"/>
    <nd ref="1402635518"/>
    <nd ref="522139922"/>
    <nd ref="522139927"/>
    <nd ref="5316594361"/>
    <nd ref="1402635521"/>
    <nd ref="1402635528"/>
    <nd ref="7930294575"/>
    <nd ref="522139932"/>
    <nd ref="4255752218"/>
    <nd ref="4255752217"/>
    <nd ref="1402615431"/>
    <nd ref="522139947"/>
    <nd ref="4255752214"/>
    <nd ref="1402635520"/>
    <nd ref="4255752210"/>
    <nd ref="522139957"/>
    <nd ref="522139970"/>
    <nd ref="522139962"/>
    <tag k="highway" v="residential"/>
    <tag k="name" v="Quinneys Lane"/>
  </way>
  <way id="42051819" version="5" timestamp="2012-01-06T20:14:21Z" changeset="10315323" uid="232621" user="vnjones">
    <nd ref="522139970"/>
    <nd ref="522139971"/>
    <tag k="highway" v="residential"/>
    <tag k="name" v="Quinneys Court"/>
  </way>
  <way id="42051965" version="2" timestamp="2009-10-06T17:28:37Z" changeset="2762129" uid="182099" user="Shamoo">
    <nd ref="522143061"/>
    <nd ref="523028103"/>
    <tag k="highway" v="residential"/>
    <tag k="name" v="Sallieforth Place"/>
  </way>
  <way id="42091714" version="7" timestamp="2020-09-22T06:12:56Z" changeset="91265806" uid="10219369" user="pjij">
    <nd ref="522963205"/>
    <nd ref="5316594251"/>
    <nd ref="5316594032"/>
    <nd ref="7930294573"/>
    <nd ref="522963666"/>
    <nd ref="522963210"/>
    <nd ref="522963213"/>
    <tag k="highway" v="residential"/>
    <tag k="name" v="Icknield Close"/>
  </way>
  <way id="42091729" version="3" timestamp="2011-08-17T19:37:34Z" changeset="9051130" uid="9065" user="brianboru">
    <nd ref="522963582"/>
    <nd ref="1402615425"/>
    <nd ref="522963210"/>
    <tag k="highway" v="residential"/>
    <tag k="name" v="Icknield Close"/>
  </way>
  <way id="42091736" version="4" timestamp="2020-09-28T14:43:34Z" changeset="91649440" uid="11286310" user="Manateedriver">
    <nd ref="522963659"/>
    <nd ref="522964823"/>
    <nd ref="522963666"/>
    <tag k="highway" v="residential"/>
    <tag k="name" v="Roman Close"/>
    <tag k="surface" v="asphalt"/>
  </way>
  <way id="42091779" version="4" timestamp="2020-09-28T14:43:35Z" changeset="91649440" uid="11286310" user="Manateedriver">
    <nd ref="522964799"/>
    <nd ref="522964807"/>
    <nd ref="522964814"/>
    <nd ref="522964823"/>
    <tag k="highway" v="residential"/>
    <tag k="name" v="Icknield Court"/>
    <tag k="surface" v="asphalt"/>
  </way>
  <way id="42094617" version="1" timestamp="2009-10-06T17:23:37Z" changeset="2762129" uid="182099" user="Shamoo">
    <nd ref="522122498"/>
    <nd ref="523021282"/>
    <nd ref="523021287"/>
    <nd ref="523021291"/>
    <tag k="highway" v="residential"/>
    <tag k="name" v="Chapel Close"/>
  </way>
  <way id="42096234" version="3" timestamp="2018-01-01T15:27:33Z" changeset="55078550" uid="9065" user="brianboru">
    <nd ref="523056535"/>
    <nd ref="5314879703"/>
    <nd ref="5310986064"/>
    <nd ref="523056536"/>
    <nd ref="523056541"/>
    <tag k="highway" v="residential"/>
    <tag k="name" v="Burnell Close"/>
  </way>
  <way id="42097134" version="3" timestamp="2017-12-29T22:25:31Z" changeset="55022093" uid="9065" user="brianboru">
    <nd ref="523067732"/>
    <nd ref="1402484445"/>
    <nd ref="5310986053"/>
    <nd ref="523067733"/>
    <nd ref="523067734"/>
    <nd ref="523067748"/>
    <nd ref="523067749"/>
    <nd ref="5310986052"/>
    <tag k="highway" v="residential"/>
    <tag k="name" v="Stepping Stones"/>
  </way>
  <way id="42097135" version="1" timestamp="2009-10-06T18:00:40Z" changeset="2762129" uid="182099" user="Shamoo">
    <nd ref="523067734"/>
    <nd ref="523067736"/>
    <nd ref="523067750"/>
    <nd ref="523067761"/>
    <nd ref="523067753"/>
    <nd ref="523067755"/>
    <tag k="highway" v="residential"/>
    <tag k="name" v="Paddock Close"/>
  </way>
  <way id="42097136" version="1" timestamp="2009-10-06T18:00:40Z" changeset="2762129" uid="182099" user="Shamoo">
    <nd ref="523067761"/>
    <nd ref="523067763"/>
    <nd ref="523067766"/>
    <nd ref="523067769"/>
    <tag k="highway" v="residential"/>
    <tag k="name" v="Paddock Close"/>
  </way>
  <way id="42097138" version="3" timestamp="2018-01-24T13:34:16Z" changeset="55712930" uid="9065" user="brianboru">
    <nd ref="523067739"/>
    <nd ref="1402615457"/>
    <nd ref="523067742"/>
    <nd ref="523067744"/>
    <nd ref="1402615454"/>
    <nd ref="5358967277"/>
    <nd ref="1402615453"/>
    <nd ref="5358967276"/>
    <nd ref="523067715"/>
    <nd ref="523067717"/>
    <nd ref="5358967275"/>
    <nd ref="523067712"/>
    <tag k="highway" v="residential"/>
    <tag k="name" v="Dugdale Avenue"/>
  </way>
  <way id="42097139" version="1" timestamp="2009-10-06T18:00:40Z" changeset="2762129" uid="182099" user="Shamoo">
    <nd ref="523067744"/>
    <nd ref="523067746"/>
    <tag k="highway" v="residential"/>
    <tag k="name" v="Dugdale Avenue"/>
  </way>
  <way id="42097141" version="3" timestamp="2012-01-06T20:14:23Z" changeset="10315323" uid="232621" user="vnjones">
    <nd ref="523067742"/>
    <nd ref="523067718"/>
    <nd ref="1402615451"/>
    <nd ref="523067719"/>
    <nd ref="523067720"/>
    <tag k="highway" v="residential"/>
    <tag k="name" v="Elliott Close"/>
  </way>
  <way id="42097142" version="3" timestamp="2018-01-24T13:34:16Z" changeset="55712930" uid="9065" user="brianboru">
    <nd ref="523067715"/>
    <nd ref="523067727"/>
    <nd ref="5358967278"/>
    <nd ref="5358967279"/>
    <nd ref="523067723"/>
    <nd ref="5358967274"/>
    <tag k="highway" v="residential"/>
    <tag k="name" v="Drayton Close"/>
  </way>
  <way id="42098213" version="1" timestamp="2009-10-06T18:13:36Z" changeset="2762129" uid="182099" user="Shamoo">
    <nd ref="523088113"/>
    <nd ref="523088115"/>
    <tag k="highway" v="residential"/>
    <tag k="name" v="Lambert Court"/>
  </way>
  <way id="42098214" version="2" timestamp="2012-01-06T20:14:24Z" changeset="10315323" uid="232621" user="vnjones">
    <nd ref="523088117"/>
    <nd ref="523088075"/>
    <nd ref="523088079"/>
    <tag k="highway" v="residential"/>
    <tag k="name" v="Queensway"/>
  </way>
  <way id="42098215" version="3" timestamp="2020-09-28T14:08:16Z" changeset="91647348" uid="11286310" user="Manateedriver">
    <nd ref="523088096"/>
    <nd ref="523088100"/>
    <tag k="highway" v="residential"/>
    <tag k="name" v="Scott Close"/>
    <tag k="surface" v="asphalt"/>
  </way>
  <way id="42098216" version="5" timestamp="2020-09-28T14:08:16Z" changeset="91647348" uid="11286310" user="Manateedriver">
    <nd ref="523088102"/>
    <nd ref="5314879687"/>
    <nd ref="523088104"/>
    <nd ref="5314879686"/>
    <nd ref="523088106"/>
    <nd ref="523088086"/>
    <nd ref="5314879689"/>
    <nd ref="5314879688"/>
    <nd ref="1402615426"/>
    <nd ref="523088088"/>
    <nd ref="523088090"/>
    <nd ref="523088092"/>
    <nd ref="523088094"/>
    <nd ref="7272097073"/>
    <nd ref="523088079"/>
    <tag k="highway" v="residential"/>
    <tag k="name" v="The Meadows"/>
    <tag k="surface" v="asphalt"/>
  </way>
  <way id="42098217" version="2" timestamp="2020-09-28T14:08:17Z" changeset="91647348" uid="11286310" user="Manateedriver">
    <nd ref="523088104"/>
    <nd ref="523088058"/>
    <tag k="highway" v="residential"/>
    <tag k="name" v="The Meadows"/>
    <tag k="surface" v="asphalt"/>
  </way>
  <way id="42098218" version="3" timestamp="2020-09-28T14:08:18Z" changeset="91647348" uid="11286310" user="Manateedriver">
    <nd ref="523088086"/>
    <nd ref="5314879685"/>
    <nd ref="5314879684"/>
    <nd ref="523088041"/>
    <nd ref="523088043"/>
    <tag k="highway" v="residential"/>
    <tag k="name" v="The Meadows"/>
    <tag k="surface" v="asphalt"/>
  </way>
  <way id="42098219" version="2" timestamp="2020-09-28T14:08:18Z" changeset="91647348" uid="11286310" user="Manateedriver">
    <nd ref="523088106"/>
    <nd ref="523088107"/>
    <tag k="highway" v="residential"/>
    <tag k="name" v="The Meadows"/>
    <tag k="surface" v="asphalt"/>
  </way>
  <way id="42098220" version="1" timestamp="2009-10-06T18:13:37Z" changeset="2762129" uid="182099" user="Shamoo">
    <nd ref="523088109"/>
    <nd ref="523088125"/>
    <nd ref="523088133"/>
    <nd ref="523088130"/>
    <nd ref="523088126"/>
    <nd ref="523088118"/>
    <nd ref="523088120"/>
    <tag k="highway" v="residential"/>
    <tag k="name" v="Glebe Close"/>
  </way>
  <way id="42098221" version="1" timestamp="2009-10-06T18:13:37Z" changeset="2762129" uid="182099" user="Shamoo">
    <nd ref="523088118"/>
    <nd ref="523088123"/>
    <tag k="highway" v="residential"/>
    <tag k="name" v="Glebe Close"/>
  </way>
  <way id="42098225" version="3" timestamp="2018-01-24T12:59:19Z" changeset="55712135" uid="9065" user="brianboru">
    <nd ref="523088060"/>
    <nd ref="523088062"/>
    <nd ref="5358908920"/>
    <nd ref="5358909121"/>
    <nd ref="523088063"/>
    <nd ref="1402615403"/>
    <nd ref="523088065"/>
    <nd ref="5358909129"/>
    <nd ref="5358909130"/>
    <nd ref="523088046"/>
    <nd ref="5358909125"/>
    <nd ref="5358909126"/>
    <nd ref="5358909127"/>
    <nd ref="5358909128"/>
    <nd ref="523088070"/>
    <nd ref="5358909124"/>
    <nd ref="5358909123"/>
    <nd ref="5358909122"/>
    <nd ref="523088067"/>
    <nd ref="523088062"/>
    <tag k="highway" v="residential"/>
    <tag k="name" v="Old School Mead"/>
  </way>
  <way id="42098681" version="5" timestamp="2020-09-11T20:26:51Z" changeset="90777021" uid="11286310" user="Manateedriver">
    <nd ref="497182082"/>
    <nd ref="1402484459"/>
    <nd ref="5310986392"/>
    <nd ref="523095954"/>
    <nd ref="523095955"/>
    <nd ref="1402484457"/>
    <nd ref="5310986166"/>
    <nd ref="523095956"/>
    <tag k="highway" v="residential"/>
    <tag k="lit" v="yes"/>
    <tag k="name" v="Jacksons Meadow"/>
    <tag k="surface" v="asphalt"/>
  </way>
  <way id="42099039" version="4" timestamp="2018-05-27T12:47:59Z" changeset="59312875" uid="346039" user="fitzsimons">
    <nd ref="523102343"/>
    <nd ref="523102356"/>
    <tag k="highway" v="residential"/>
    <tag k="name" v="Holland Close"/>
  </way>
  <way id="42099040" version="4" timestamp="2018-01-02T15:49:17Z" changeset="55104390" uid="9065" user="brianboru">
    <nd ref="26125432"/>
    <nd ref="5316594535"/>
    <nd ref="523102351"/>
    <nd ref="5316594492"/>
    <nd ref="5316594536"/>
    <nd ref="5316594493"/>
    <nd ref="523102353"/>
    <nd ref="5316594534"/>
    <nd ref="523120186"/>
    <nd ref="523102355"/>
    <tag k="highway" v="residential"/>
    <tag k="name" v="The Pleck"/>
  </way>
  <way id="42099041" version="1" timestamp="2009-10-06T18:23:41Z" changeset="2762129" uid="182099" user="Shamoo">
    <nd ref="523102351"/>
    <nd ref="523102356"/>
    <tag k="highway" v="residential"/>
  </way>
  <way id="42099855" version="1" timestamp="2009-10-06T18:32:23Z" changeset="2762129" uid="182099" user="Shamoo">
    <nd ref="523102353"/>
    <nd ref="523120184"/>
    <tag k="highway" v="residential"/>
    <tag k="name" v="The Pleck"/>
  </way>
  <way id="42101894" version="1" timestamp="2009-10-06T18:41:11Z" changeset="2762129" uid="182099" user="Shamoo">
    <nd ref="497182091"/>
    <nd ref="523134868"/>
    <nd ref="523134870"/>
    <nd ref="523134872"/>
    <tag k="highway" v="residential"/>
    <tag k="name" v="The Crescent"/>
  </way>
  <way id="42101895" version="2" timestamp="2009-10-06T19:28:57Z" changeset="2762129" uid="182099" user="Shamoo">
    <nd ref="523134870"/>
    <nd ref="523134874"/>
    <tag k="bicycle" v="no"/>
    <tag k="highway" v="residential"/>
    <tag k="name" v="The Crescent"/>
  </way>
  <way id="42101896" version="3" timestamp="2011-08-17T17:44:30Z" changeset="9049966" uid="70696" user="xybot">
    <nd ref="523134878"/>
    <nd ref="523134880"/>
    <nd ref="1402484388"/>
    <nd ref="523134845"/>
    <nd ref="523134847"/>
    <tag k="highway" v="residential"/>
    <tag k="name" v="Trafalgar Court"/>
  </way>
  <way id="42101897" version="2" timestamp="2016-06-28T14:31:28Z" changeset="40345212" uid="9065" user="brianboru">
    <nd ref="523134876"/>
    <nd ref="523134848"/>
    <nd ref="523134849"/>
    <nd ref="4269919648"/>
    <nd ref="523134850"/>
    <tag k="highway" v="residential"/>
    <tag k="name" v="Orchard Close"/>
  </way>
  <way id="42101898" version="1" timestamp="2009-10-06T18:41:11Z" changeset="2762129" uid="182099" user="Shamoo">
    <nd ref="523134849"/>
    <nd ref="523134851"/>
    <nd ref="523134843"/>
    <tag k="highway" v="residential"/>
    <tag k="name" v="Orchard Close"/>
  </way>
  <way id="42101899" version="1" timestamp="2009-10-06T18:41:11Z" changeset="2762129" uid="182099" user="Shamoo">
    <nd ref="523134851"/>
    <nd ref="523134852"/>
    <tag k="highway" v="residential"/>
    <tag k="name" v="Orchard Close"/>
  </way>
  <way id="42101903" version="3" timestamp="2020-09-28T14:43:35Z" changeset="91649440" uid="11286310" user="Manateedriver">
    <nd ref="522143745"/>
    <nd ref="1402484337"/>
    <tag k="highway" v="residential"/>
    <tag k="name" v="Rivermead Court"/>
    <tag k="surface" v="asphalt"/>
  </way>
  <way id="42103589" version="8" timestamp="2022-03-23T14:24:16Z" changeset="118824145" uid="705850" user="Cebderby">
    <nd ref="523187662"/>
    <nd ref="523195935"/>
    <nd ref="523187666"/>
    <nd ref="523211049"/>
    <nd ref="6476230523"/>
    <nd ref="6476230534"/>
    <nd ref="523211053"/>
    <nd ref="523187660"/>
    <nd ref="523211047"/>
    <nd ref="523187661"/>
    <nd ref="9599907631"/>
    <nd ref="9599907630"/>
    <nd ref="4459313891"/>
    <tag k="highway" v="residential"/>
    <tag k="name" v="Bramley Way"/>
    <tag k="surface" v="asphalt"/>
  </way>
  <way id="42103590" version="3" timestamp="2011-08-17T19:59:44Z" changeset="9051346" uid="9065" user="brianboru">
    <nd ref="523187665"/>
    <nd ref="523187670"/>
    <nd ref="1402635510"/>
    <nd ref="523195946"/>
    <nd ref="1402635509"/>
    <nd ref="523187672"/>
    <nd ref="523187674"/>
    <nd ref="523187683"/>
    <nd ref="523187697"/>
    <nd ref="523187690"/>
    <tag k="highway" v="residential"/>
    <tag k="name" v="Wards Lane"/>
  </way>
  <way id="42103595" version="2" timestamp="2018-02-05T12:59:04Z" changeset="56084250" uid="9065" user="brianboru">
    <nd ref="523187666"/>
    <nd ref="523187668"/>
    <nd ref="5389728550"/>
    <nd ref="523187659"/>
    <tag k="highway" v="residential"/>
    <tag k="name" v="Wilkes Way"/>
  </way>
  <way id="42103875" version="3" timestamp="2011-08-17T19:59:41Z" changeset="9051346" uid="9065" user="brianboru">
    <nd ref="523195935"/>
    <nd ref="1402635522"/>
    <nd ref="523195952"/>
    <nd ref="523195954"/>
    <nd ref="523211050"/>
    <nd ref="523195949"/>
    <tag k="highway" v="residential"/>
    <tag k="name" v="Blenheim Close"/>
  </way>
  <way id="42103876" version="1" timestamp="2009-10-06T19:16:28Z" changeset="2762129" uid="182099" user="Shamoo">
    <nd ref="523195952"/>
    <nd ref="523195939"/>
    <tag k="highway" v="residential"/>
    <tag k="name" v="Blenheim Close"/>
  </way>
  <way id="42104451" version="2" timestamp="2020-09-28T18:00:16Z" changeset="91660326" uid="11286310" user="Manateedriver">
    <nd ref="523211047"/>
    <nd ref="523211048"/>
    <tag k="highway" v="residential"/>
    <tag k="name" v="Bramley Way"/>
    <tag k="surface" v="asphalt"/>
  </way>
  <way id="42104452" version="1" timestamp="2009-10-06T19:28:56Z" changeset="2762129" uid="182099" user="Shamoo">
    <nd ref="523211050"/>
    <nd ref="523211051"/>
    <tag k="highway" v="residential"/>
    <tag k="name" v="Blenheim Close"/>
  </way>
  <way id="42104454" version="5" timestamp="2012-01-06T20:14:23Z" changeset="10315323" uid="232621" user="vnjones">
    <nd ref="523211053"/>
    <nd ref="523211055"/>
    <tag k="highway" v="residential"/>
    <tag k="name" v="St Laurence Way"/>
  </way>
  <way id="42104456" version="2" timestamp="2011-08-17T19:59:43Z" changeset="9051346" uid="9065" user="brianboru">
    <nd ref="523211069"/>
    <nd ref="523211067"/>
    <nd ref="1402635545"/>
    <nd ref="523211065"/>
    <nd ref="523211074"/>
    <nd ref="523211063"/>
    <nd ref="523211056"/>
    <nd ref="523211055"/>
    <tag k="highway" v="residential"/>
    <tag k="name" v="Pippin Close"/>
  </way>
  <way id="42104457" version="2" timestamp="2021-11-10T16:50:37Z" changeset="113616994" uid="9065" user="brianboru">
    <nd ref="523211060"/>
    <nd ref="9241162113"/>
    <nd ref="523211061"/>
    <tag k="highway" v="residential"/>
    <tag k="name" v="Lambourne Close"/>
  </way>
  <way id="42104458" version="1" timestamp="2009-10-06T19:28:56Z" changeset="2762129" uid="182099" user="Shamoo">
    <nd ref="523211067"/>
    <nd ref="523211071"/>
    <tag k="highway" v="residential"/>
    <tag k="name" v="Pippin Close"/>
  </way>
  <way id="42104460" version="2" timestamp="2018-02-07T19:29:31Z" changeset="56158681" uid="9065" user="brianboru">
    <nd ref="523211055"/>
    <nd ref="5396437702"/>
    <nd ref="523211060"/>
    <nd ref="523211058"/>
    <tag k="highway" v="residential"/>
    <tag k="name" v="Lambourne Close"/>
  </way>
  <way id="42105023" version="5" timestamp="2020-09-11T19:32:18Z" changeset="90774612" uid="11286310" user="Manateedriver">
    <nd ref="5390493454"/>
    <nd ref="523225416"/>
    <nd ref="523225411"/>
    <nd ref="523225418"/>
    <nd ref="523225406"/>
    <nd ref="523225404"/>
    <tag k="highway" v="residential"/>
    <tag k="name" v="Wadleys Close"/>
    <tag k="source:name" v="OS_OpenData_Locator"/>
    <tag k="surface" v="asphalt"/>
  </way>
  <way id="42105024" version="1" timestamp="2009-10-06T19:41:38Z" changeset="2762129" uid="182099" user="Shamoo">
    <nd ref="523225406"/>
    <nd ref="523225422"/>
    <tag k="highway" v="residential"/>
    <tag k="name" v="Watleys Close"/>
  </way>
  <way id="42105025" version="1" timestamp="2009-10-06T19:41:38Z" changeset="2762129" uid="182099" user="Shamoo">
    <nd ref="523225414"/>
    <nd ref="523225432"/>
    <nd ref="523225436"/>
    <nd ref="523225439"/>
    <tag k="highway" v="residential"/>
  </way>
  <way id="42105026" version="1" timestamp="2009-10-06T19:41:38Z" changeset="2762129" uid="182099" user="Shamoo">
    <nd ref="523225436"/>
    <nd ref="523225441"/>
    <tag k="highway" v="residential"/>
  </way>
  <way id="42105027" version="1" timestamp="2009-10-06T19:41:38Z" changeset="2762129" uid="182099" user="Shamoo">
    <nd ref="523225430"/>
    <nd ref="523225457"/>
    <nd ref="523225425"/>
    <tag k="highway" v="residential"/>
  </way>
  <way id="42105028" version="1" timestamp="2009-10-06T19:41:38Z" changeset="2762129" uid="182099" user="Shamoo">
    <nd ref="523225457"/>
    <nd ref="523225461"/>
    <tag k="highway" v="residential"/>
  </way>
  <way id="42105029" version="4" timestamp="2018-02-01T16:08:15Z" changeset="55970057" uid="9065" user="brianboru">
    <nd ref="523225464"/>
    <nd ref="523225465"/>
    <nd ref="5375421384"/>
    <nd ref="1585089157"/>
    <nd ref="523225467"/>
    <nd ref="5375421385"/>
    <nd ref="1585089156"/>
    <nd ref="523225469"/>
    <nd ref="5375421382"/>
    <nd ref="523225472"/>
    <nd ref="5375421383"/>
    <nd ref="523225475"/>
    <nd ref="5378270677"/>
    <nd ref="5378270676"/>
    <nd ref="5378270675"/>
    <nd ref="523225477"/>
    <nd ref="523225454"/>
    <tag k="highway" v="residential"/>
    <tag k="name" v="Ebsdorf Close"/>
  </way>
  <way id="42105030" version="1" timestamp="2009-10-06T19:41:38Z" changeset="2762129" uid="182099" user="Shamoo">
    <nd ref="523225477"/>
    <nd ref="523225478"/>
    <nd ref="523225480"/>
    <tag k="highway" v="residential"/>
  </way>
  <way id="42105031" version="2" timestamp="2020-07-19T09:33:14Z" changeset="88195011" uid="11286310" user="Manateedriver">
    <nd ref="523225478"/>
    <nd ref="523225483"/>
    <tag k="highway" v="residential"/>
    <tag k="surface" v="asphalt"/>
  </way>
  <way id="42105032" version="3" timestamp="2018-02-07T19:29:31Z" changeset="56158681" uid="9065" user="brianboru">
    <nd ref="523225490"/>
    <nd ref="5396437743"/>
    <nd ref="5396437742"/>
    <nd ref="5375421410"/>
    <nd ref="523225493"/>
    <nd ref="523225496"/>
    <nd ref="523225499"/>
    <tag k="highway" v="residential"/>
    <tag k="name" v="The Poplars"/>
  </way>
  <way id="42105033" version="3" timestamp="2018-01-31T13:37:00Z" changeset="55932844" uid="9065" user="brianboru">
    <nd ref="523225496"/>
    <nd ref="1585089166"/>
    <nd ref="5375421409"/>
    <nd ref="523225501"/>
    <tag k="highway" v="residential"/>
    <tag k="name" v="The Poplars"/>
  </way>
  <way id="42105034" version="1" timestamp="2009-10-06T19:41:38Z" changeset="2762129" uid="182099" user="Shamoo">
    <nd ref="523225493"/>
    <nd ref="523225503"/>
    <nd ref="523225507"/>
    <tag k="highway" v="residential"/>
    <tag k="name" v="The Poplars"/>
  </way>
  <way id="42105035" version="3" timestamp="2018-01-31T13:37:00Z" changeset="55932844" uid="9065" user="brianboru">
    <nd ref="523225503"/>
    <nd ref="1585089146"/>
    <tag k="highway" v="residential"/>
    <tag k="name" v="The Poplars"/>
  </way>
  <way id="42106216" version="6" timestamp="2018-02-05T08:37:29Z" changeset="56078124" uid="9065" user="brianboru">
    <nd ref="523249084"/>
    <nd ref="523249087"/>
    <nd ref="523249068"/>
    <nd ref="5389166903"/>
    <nd ref="5389166902"/>
    <nd ref="523249070"/>
    <nd ref="5316592847"/>
    <nd ref="523249072"/>
    <nd ref="5316592848"/>
    <nd ref="523249075"/>
    <nd ref="523249054"/>
    <nd ref="523249055"/>
    <nd ref="5378278282"/>
    <nd ref="1402484435"/>
    <nd ref="523249026"/>
    <nd ref="5316592846"/>
    <nd ref="523249029"/>
    <nd ref="523249051"/>
    <nd ref="523249032"/>
    <nd ref="523249035"/>
    <nd ref="523249052"/>
    <nd ref="5378270632"/>
    <nd ref="523249038"/>
    <nd ref="5378270633"/>
    <nd ref="523249053"/>
    <nd ref="5378270634"/>
    <nd ref="523249012"/>
    <nd ref="5378270635"/>
    <nd ref="523249061"/>
    <nd ref="523249056"/>
    <nd ref="5316592850"/>
    <nd ref="523249064"/>
    <nd ref="5316592851"/>
    <nd ref="523249058"/>
    <nd ref="5316592849"/>
    <nd ref="523249059"/>
    <nd ref="523249075"/>
    <tag k="highway" v="residential"/>
    <tag k="name" v="Marleigh Road"/>
  </way>
  <way id="42106218" version="3" timestamp="2020-09-11T19:48:23Z" changeset="90774612" uid="11286310" user="Manateedriver">
    <nd ref="523249052"/>
    <nd ref="5378279829"/>
    <nd ref="523249009"/>
    <tag k="highway" v="residential"/>
    <tag k="name" v="Friday Close"/>
    <tag k="surface" v="asphalt"/>
  </way>
  <way id="42106219" version="2" timestamp="2020-09-11T19:48:23Z" changeset="90774612" uid="11286310" user="Manateedriver">
    <nd ref="523249015"/>
    <nd ref="523249017"/>
    <nd ref="523249021"/>
    <nd ref="523249053"/>
    <tag k="highway" v="residential"/>
    <tag k="name" v="Holder Close"/>
    <tag k="surface" v="asphalt"/>
  </way>
  <way id="42106220" version="2" timestamp="2020-09-11T19:48:24Z" changeset="90774612" uid="11286310" user="Manateedriver">
    <nd ref="523249021"/>
    <nd ref="523249024"/>
    <tag k="highway" v="residential"/>
    <tag k="name" v="Holder Close"/>
    <tag k="surface" v="asphalt"/>
  </way>
  <way id="42106221" version="2" timestamp="2020-07-19T09:21:21Z" changeset="88195011" uid="11286310" user="Manateedriver">
    <nd ref="523249061"/>
    <nd ref="523249062"/>
    <tag k="highway" v="residential"/>
    <tag k="name" v="Marleigh Road"/>
    <tag k="surface" v="asphalt"/>
  </way>
  <way id="42106222" version="2" timestamp="2018-01-02T15:49:17Z" changeset="55104390" uid="9065" user="brianboru">
    <nd ref="523249064"/>
    <nd ref="523249065"/>
    <nd ref="5316592845"/>
    <nd ref="523249077"/>
    <nd ref="523249078"/>
    <tag k="highway" v="residential"/>
    <tag k="name" v="Cox Close"/>
  </way>
  <way id="42106223" version="1" timestamp="2009-10-06T20:02:03Z" changeset="2762129" uid="182099" user="Shamoo">
    <nd ref="523249077"/>
    <nd ref="523249080"/>
    <tag k="highway" v="residential"/>
    <tag k="name" v="Cox Close"/>
  </way>
  <way id="42106224" version="1" timestamp="2009-10-06T20:02:03Z" changeset="2762129" uid="182099" user="Shamoo">
    <nd ref="523249087"/>
    <nd ref="523249089"/>
    <nd ref="523249082"/>
    <tag k="highway" v="residential"/>
    <tag k="name" v="Mason Close"/>
  </way>
  <way id="42106306" version="1" timestamp="2009-10-06T20:03:45Z" changeset="2762129" uid="182099" user="Shamoo">
    <nd ref="523251093"/>
    <nd ref="523251098"/>
    <nd ref="523251101"/>
    <nd ref="523251104"/>
    <nd ref="523251107"/>
    <nd ref="523251111"/>
    <tag k="highway" v="residential"/>
    <tag k="name" v="Wharrad Close"/>
  </way>
  <way id="42106307" version="1" timestamp="2009-10-06T20:03:45Z" changeset="2762129" uid="182099" user="Shamoo">
    <nd ref="523251107"/>
    <nd ref="523251115"/>
    <tag k="highway" v="residential"/>
    <tag k="name" v="Wharrad Close"/>
  </way>
  <way id="46710581" version="2" timestamp="2022-03-23T13:56:04Z" changeset="118822940" uid="705850" user="Cebderby">
    <nd ref="597199152"/>
    <nd ref="597199153"/>
    <nd ref="9599859052"/>
    <nd ref="597199154"/>
    <nd ref="597199155"/>
    <tag k="highway" v="residential"/>
    <tag k="name" v="Harbour Close"/>
  </way>
  <way id="46710585" version="3" timestamp="2020-09-11T20:35:51Z" changeset="90774612" uid="11286310" user="Manateedriver">
    <nd ref="597199162"/>
    <nd ref="597199163"/>
    <nd ref="597199165"/>
    <nd ref="597199166"/>
    <tag k="highway" v="residential"/>
    <tag k="name" v="Gable Mews"/>
    <tag k="surface" v="asphalt"/>
  </way>
  <way id="46711797" version="4" timestamp="2020-09-11T19:24:12Z" changeset="90774612" uid="11286310" user="Manateedriver">
    <nd ref="597215012"/>
    <nd ref="5378271183"/>
    <nd ref="597215018"/>
    <tag k="highway" v="residential"/>
    <tag k="name" v="Crompton Avenue"/>
    <tag k="surface" v="asphalt"/>
  </way>
  <way id="46711798" version="5" timestamp="2020-09-11T19:24:13Z" changeset="90774612" uid="11286310" user="Manateedriver">
    <nd ref="597215007"/>
    <nd ref="5378271184"/>
    <nd ref="597215012"/>
    <nd ref="597215008"/>
    <nd ref="597215009"/>
    <nd ref="597215013"/>
    <nd ref="2288399016"/>
    <nd ref="597215014"/>
    <nd ref="1402615440"/>
    <nd ref="2288399025"/>
    <nd ref="597215015"/>
    <nd ref="597215016"/>
    <nd ref="1402615442"/>
    <nd ref="597215017"/>
    <nd ref="597215009"/>
    <tag k="highway" v="residential"/>
    <tag k="name" v="Crompton Avenue"/>
    <tag k="surface" v="asphalt"/>
  </way>
  <way id="46711799" version="2" timestamp="2018-01-01T15:27:33Z" changeset="55078550" uid="9065" user="brianboru">
    <nd ref="597215004"/>
    <nd ref="597215005"/>
    <nd ref="5314879297"/>
    <nd ref="5314879296"/>
    <nd ref="597215006"/>
    <nd ref="5314879295"/>
    <nd ref="5314879272"/>
    <nd ref="5314879294"/>
    <nd ref="597215010"/>
    <nd ref="597215011"/>
    <tag k="highway" v="residential"/>
    <tag k="name" v="Falcon Crescent"/>
  </way>
  <way id="46713993" version="6" timestamp="2020-09-22T06:12:56Z" changeset="91265806" uid="10219369" user="pjij">
    <nd ref="597234269"/>
    <nd ref="597234271"/>
    <nd ref="5375421942"/>
    <nd ref="5375421941"/>
    <nd ref="597234274"/>
    <nd ref="5378271093"/>
    <nd ref="7930294577"/>
    <nd ref="5375421940"/>
    <nd ref="597234272"/>
    <nd ref="5375421939"/>
    <nd ref="597234286"/>
    <nd ref="5375421938"/>
    <nd ref="597234288"/>
    <nd ref="5375421936"/>
    <nd ref="597234287"/>
    <nd ref="5375421935"/>
    <nd ref="597234284"/>
    <nd ref="597234291"/>
    <nd ref="597234253"/>
    <nd ref="597234256"/>
    <nd ref="5372787953"/>
    <nd ref="597234255"/>
    <tag k="highway" v="residential"/>
    <tag k="name" v="The Leys"/>
  </way>
  <way id="46713995" version="3" timestamp="2018-01-31T14:45:33Z" changeset="55935379" uid="9065" user="brianboru">
    <nd ref="597234256"/>
    <nd ref="5372787952"/>
    <nd ref="597234257"/>
    <nd ref="5375568812"/>
    <nd ref="5375568806"/>
    <nd ref="5375568813"/>
    <nd ref="597234258"/>
    <nd ref="5372787951"/>
    <tag k="highway" v="residential"/>
    <tag k="name" v="Jubilee Close"/>
  </way>
  <way id="46713997" version="4" timestamp="2018-01-30T15:50:27Z" changeset="55898195" uid="9065" user="brianboru">
    <nd ref="2288399041"/>
    <nd ref="597234261"/>
    <nd ref="597234262"/>
    <tag k="highway" v="residential"/>
    <tag k="name" v="Longford Close"/>
  </way>
  <way id="46713998" version="2" timestamp="2018-01-30T16:23:05Z" changeset="55899182" uid="9065" user="brianboru">
    <nd ref="597234263"/>
    <nd ref="597234265"/>
    <nd ref="597234266"/>
    <tag k="highway" v="residential"/>
  </way>
  <way id="46713999" version="3" timestamp="2020-09-11T19:23:36Z" changeset="90775164" uid="11286310" user="Manateedriver">
    <nd ref="597234275"/>
    <nd ref="597234277"/>
    <nd ref="597234279"/>
    <nd ref="597234280"/>
    <nd ref="597234297"/>
    <tag k="highway" v="residential"/>
    <tag k="lit" v="yes"/>
    <tag k="name" v="Waterloo Crescent"/>
    <tag k="surface" v="asphalt"/>
  </way>
  <way id="46714000" version="1" timestamp="2009-12-20T12:36:19Z" changeset="3413159" uid="182099" user="Shamoo">
    <nd ref="597234280"/>
    <nd ref="597234282"/>
    <tag k="highway" v="residential"/>
  </way>
  <way id="46714001" version="2" timestamp="2018-01-31T13:37:01Z" changeset="55932844" uid="9065" user="brianboru">
    <nd ref="597234288"/>
    <nd ref="5375421937"/>
    <nd ref="597234289"/>
    <nd ref="597234290"/>
    <tag k="highway" v="residential"/>
    <tag k="name" v="The Leys"/>
  </way>
  <way id="46714002" version="3" timestamp="2021-06-28T09:14:00Z" changeset="107074909" uid="10455637" user="mounicb">
    <nd ref="597234305"/>
    <nd ref="597234292"/>
    <nd ref="5375568261"/>
    <nd ref="5375568260"/>
    <nd ref="8871540971"/>
    <nd ref="5375568259"/>
    <nd ref="5375568258"/>
    <nd ref="5375568257"/>
    <nd ref="597234294"/>
    <nd ref="597234295"/>
    <nd ref="597234291"/>
    <tag k="highway" v="residential"/>
    <tag k="name" v="The Leys"/>
  </way>
  <way id="46714003" version="3" timestamp="2021-03-25T11:11:16Z" changeset="101713192" uid="10170574" user="asnghpi">
    <nd ref="597234295"/>
    <nd ref="597234298"/>
    <nd ref="5375568264"/>
    <nd ref="5375568265"/>
    <nd ref="8560140476"/>
    <nd ref="597234300"/>
    <nd ref="5375568262"/>
    <nd ref="5375568263"/>
    <nd ref="597234302"/>
    <tag k="highway" v="residential"/>
    <tag k="name" v="Wessons Road"/>
  </way>
  <way id="46714004" version="1" timestamp="2009-12-20T12:36:19Z" changeset="3413159" uid="182099" user="Shamoo">
    <nd ref="597234305"/>
    <nd ref="597234302"/>
    <nd ref="597234303"/>
    <tag k="highway" v="residential"/>
    <tag k="name" v="Hill View Road"/>
  </way>
  <way id="46714834" version="1" timestamp="2009-12-20T13:05:09Z" changeset="3413339" uid="182099" user="Shamoo">
    <nd ref="597242756"/>
    <nd ref="597242757"/>
    <nd ref="597242759"/>
    <nd ref="597242758"/>
    <tag k="highway" v="residential"/>
    <tag k="name" v="Tower Croft"/>
  </way>
  <way id="46717645" version="15" timestamp="2020-10-07T11:16:04Z" changeset="92107681" uid="11734032" user="daitv">
    <nd ref="26125403"/>
    <nd ref="26125407"/>
    <nd ref="1449082601"/>
    <nd ref="7984741304"/>
    <nd ref="26125411"/>
    <nd ref="1449082602"/>
    <nd ref="26125414"/>
    <nd ref="6804886551"/>
    <nd ref="26125415"/>
    <nd ref="1449082604"/>
    <nd ref="2677250325"/>
    <nd ref="26125419"/>
    <nd ref="1402484293"/>
    <nd ref="26125422"/>
    <nd ref="5358908785"/>
    <tag k="highway" v="secondary"/>
    <tag k="lanes" v="2"/>
    <tag k="maxspeed" v="50 mph"/>
    <tag k="name" v="Salford Road"/>
    <tag k="old_ref" v="A439"/>
    <tag k="ref" v="B439"/>
  </way>
  <way id="46717647" version="3" timestamp="2017-04-29T15:31:03Z" changeset="48258464" uid="1778799" user="SomeoneElse_Revert">
    <nd ref="597262130"/>
    <nd ref="26125403"/>
    <tag k="bridge" v="yes"/>
    <tag k="highway" v="secondary"/>
    <tag k="name" v="Salford Road"/>
    <tag k="old_ref" v="A439"/>
    <tag k="ref" v="B439"/>
  </way>
  <way id="46717648" version="10" timestamp="2023-03-05T22:12:59Z" changeset="133342383" uid="493595" user="Yorvik Prestigitator">
    <nd ref="597262131"/>
    <nd ref="10713152390"/>
    <nd ref="5310985842"/>
    <nd ref="597265156"/>
    <nd ref="6572292278"/>
    <nd ref="2426962364"/>
    <nd ref="497182068"/>
    <nd ref="2427278116"/>
    <nd ref="1402484597"/>
    <nd ref="5310986038"/>
    <nd ref="298848502"/>
    <nd ref="5756707542"/>
    <nd ref="5756707540"/>
    <nd ref="354560173"/>
    <tag k="highway" v="unclassified"/>
    <tag k="maxspeed" v="30 mph"/>
    <tag k="name" v="High Street"/>
    <tag k="source" v="survey"/>
  </way>
  <way id="46717649" version="4" timestamp="2017-05-05T07:22:44Z" changeset="48415713" uid="1778799" user="SomeoneElse_Revert">
    <nd ref="597262132"/>
    <nd ref="597262131"/>
    <tag k="bridge" v="yes"/>
    <tag k="highway" v="unclassified"/>
    <tag k="source" v="survey"/>
  </way>
  <way id="46717981" version="7" timestamp="2013-08-22T14:24:29Z" changeset="17456422" uid="213451" user="Richard Phillips">
    <nd ref="597265163"/>
    <nd ref="597265147"/>
    <nd ref="2426962336"/>
    <nd ref="2426962335"/>
    <nd ref="497182076"/>
    <nd ref="597265148"/>
    <nd ref="597265146"/>
    <nd ref="2428139664"/>
    <nd ref="1402484543"/>
    <nd ref="2428139663"/>
    <nd ref="597265145"/>
    <nd ref="597265143"/>
    <nd ref="2426921096"/>
    <nd ref="1402484542"/>
    <nd ref="2426939661"/>
    <nd ref="1402484541"/>
    <nd ref="597265144"/>
    <nd ref="2426939664"/>
    <nd ref="2426939670"/>
    <nd ref="2426939679"/>
    <tag k="highway" v="residential"/>
    <tag k="name" v="King's Lane"/>
  </way>
  <way id="46717982" version="3" timestamp="2017-12-29T22:25:31Z" changeset="55022093" uid="9065" user="brianboru">
    <nd ref="597265164"/>
    <nd ref="1402484568"/>
    <nd ref="597265149"/>
    <nd ref="5310985907"/>
    <nd ref="597265150"/>
    <nd ref="5310985875"/>
    <nd ref="597265151"/>
    <tag k="highway" v="residential"/>
    <tag k="name" v="Albion Terrace"/>
  </way>
  <way id="46717983" version="7" timestamp="2019-10-22T14:25:29Z" changeset="76054339" uid="10170569" user="poodoshi">
    <nd ref="597265166"/>
    <nd ref="6906074631"/>
    <nd ref="5310986041"/>
    <nd ref="597265167"/>
    <nd ref="1402484623"/>
    <nd ref="2426962377"/>
    <nd ref="2426962378"/>
    <tag k="highway" v="unclassified"/>
    <tag k="name" v="Mill Lane"/>
  </way>
  <way id="46717984" version="2" timestamp="2013-08-21T16:32:51Z" changeset="17443367" uid="213451" user="Richard Phillips">
    <nd ref="597265155"/>
    <nd ref="2426939762"/>
    <nd ref="2426939768"/>
    <nd ref="597265157"/>
    <nd ref="597265158"/>
    <nd ref="597265159"/>
    <tag k="highway" v="residential"/>
    <tag k="name" v="Millers Bank"/>
  </way>
  <way id="46717985" version="2" timestamp="2017-12-29T22:25:32Z" changeset="55022093" uid="9065" user="brianboru">
    <nd ref="597265153"/>
    <nd ref="597265160"/>
    <nd ref="597265161"/>
    <nd ref="5310985844"/>
    <nd ref="5310985854"/>
    <nd ref="5310985855"/>
    <nd ref="5310985856"/>
    <nd ref="597265162"/>
    <tag k="highway" v="residential"/>
    <tag k="name" v="Mill Close"/>
  </way>
  <way id="60732298" version="16" timestamp="2021-11-16T15:41:28Z" changeset="113857411" uid="9065" user="brianboru">
    <nd ref="494015267"/>
    <nd ref="1210843280"/>
    <nd ref="249265647"/>
    <nd ref="760314191"/>
    <nd ref="760289076"/>
    <nd ref="760289075"/>
    <nd ref="1210843407"/>
    <nd ref="1210843563"/>
    <nd ref="457817679"/>
    <nd ref="1210843594"/>
    <nd ref="1210843413"/>
    <nd ref="1210843464"/>
    <nd ref="1210843525"/>
    <nd ref="760289072"/>
    <nd ref="1210843261"/>
    <nd ref="249265646"/>
    <nd ref="1091974470"/>
    <nd ref="760289074"/>
    <nd ref="249265643"/>
    <nd ref="6307922329"/>
    <nd ref="760289078"/>
    <nd ref="1079311135"/>
    <nd ref="249265642"/>
    <nd ref="1079311257"/>
    <nd ref="1093481293"/>
    <nd ref="1079311376"/>
    <nd ref="249265641"/>
    <nd ref="1093481165"/>
    <nd ref="249265640"/>
    <nd ref="1285216914"/>
    <nd ref="2364128488"/>
    <nd ref="1093481163"/>
    <nd ref="249265639"/>
    <nd ref="1093481192"/>
    <nd ref="1093481094"/>
    <nd ref="2364128525"/>
    <nd ref="249265638"/>
    <nd ref="2364128527"/>
    <nd ref="1093481317"/>
    <nd ref="2364128534"/>
    <nd ref="457817678"/>
    <nd ref="1093481185"/>
    <nd ref="2364128540"/>
    <nd ref="2364128544"/>
    <nd ref="457817676"/>
    <nd ref="1093480712"/>
    <nd ref="249265637"/>
    <nd ref="760314247"/>
    <nd ref="1093481125"/>
    <nd ref="249265636"/>
    <nd ref="2357049539"/>
    <nd ref="249265635"/>
    <nd ref="2357049551"/>
    <nd ref="9257045656"/>
    <nd ref="249265633"/>
    <nd ref="760314291"/>
    <nd ref="249265632"/>
    <nd ref="9257045798"/>
    <nd ref="1234659377"/>
    <nd ref="1234659443"/>
    <nd ref="8821244907"/>
    <nd ref="760314307"/>
    <tag k="highway" v="secondary"/>
    <tag k="name" v="Cleeve Road"/>
    <tag k="ref" v="B4085"/>
    <tag k="source" v="npe"/>
  </way>
  <way id="60734457" version="4" timestamp="2020-10-08T06:47:03Z" changeset="92149924" uid="10475960" user="sharagar">
    <nd ref="760314253"/>
    <nd ref="6904608435"/>
    <nd ref="760314254"/>
    <nd ref="1079137953"/>
    <nd ref="760314255"/>
    <nd ref="7987006208"/>
    <nd ref="760314256"/>
    <tag k="highway" v="unclassified"/>
    <tag k="name" v="Sixteen Acres Lane"/>
  </way>
  <way id="60734458" version="5" timestamp="2021-11-16T15:41:28Z" changeset="113857411" uid="9065" user="brianboru">
    <nd ref="249265635"/>
    <nd ref="9257045649"/>
    <nd ref="1235177061"/>
    <nd ref="760314245"/>
    <nd ref="1235177075"/>
    <nd ref="2357049521"/>
    <nd ref="760314242"/>
    <nd ref="2357049467"/>
    <nd ref="760314243"/>
    <nd ref="2357049446"/>
    <nd ref="1079137980"/>
    <nd ref="2357049437"/>
    <nd ref="760314248"/>
    <nd ref="1079137692"/>
    <nd ref="760314250"/>
    <nd ref="1079137973"/>
    <nd ref="1079137937"/>
    <nd ref="1079137848"/>
    <nd ref="760314251"/>
    <nd ref="1079137799"/>
    <nd ref="760314252"/>
    <nd ref="1079137716"/>
    <nd ref="760314253"/>
    <tag k="highway" v="unclassified"/>
    <tag k="name" v="Bickmarsh Lane"/>
  </way>
  <way id="60734460" version="4" timestamp="2021-06-10T14:43:20Z" changeset="106162525" uid="10126818" user="remoh10">
    <nd ref="249265632"/>
    <nd ref="1234890266"/>
    <nd ref="1234659314"/>
    <nd ref="8821244904"/>
    <nd ref="760314292"/>
    <nd ref="760314294"/>
    <nd ref="1234890162"/>
    <nd ref="497186341"/>
    <nd ref="1234890271"/>
    <nd ref="760314306"/>
    <nd ref="760314305"/>
    <nd ref="1234890293"/>
    <nd ref="497186343"/>
    <tag k="designation" v="public_footpath"/>
    <tag k="highway" v="unclassified"/>
    <tag k="name" v="The Bank"/>
    <tag k="source" v="survey"/>
  </way>
  <way id="107447890" version="1" timestamp="2011-04-06T16:47:07Z" changeset="7786725" uid="213451" user="Richard Phillips">
    <nd ref="1234848065"/>
    <nd ref="1234848051"/>
    <nd ref="1234848018"/>
    <nd ref="1234847977"/>
    <nd ref="1234848065"/>
    <tag k="building" v="yes"/>
    <tag k="name" v="Bidford Sports Pavillion"/>
  </way>
  <way id="107453872" version="4" timestamp="2020-10-13T10:09:52Z" changeset="92407518" uid="10252538" user="Raihas">
    <nd ref="1234890242"/>
    <nd ref="1234806033"/>
    <nd ref="1234890184"/>
    <nd ref="2357049573"/>
    <nd ref="249265631"/>
    <nd ref="2357049579"/>
    <nd ref="2357049588"/>
    <nd ref="8002905437"/>
    <nd ref="1234659457"/>
    <nd ref="249265630"/>
    <nd ref="1234659330"/>
    <nd ref="249265629"/>
    <nd ref="1234659398"/>
    <nd ref="26125454"/>
    <tag k="highway" v="secondary"/>
    <tag k="name" v="Cleeve Road"/>
    <tag k="ref" v="B4085"/>
    <tag k="source" v="npe"/>
  </way>
  <way id="107453887" version="2" timestamp="2015-12-04T22:16:40Z" changeset="35758298" uid="207845" user="will_p">
    <nd ref="760314307"/>
    <nd ref="1234890242"/>
    <tag k="bridge" v="yes"/>
    <tag k="highway" v="secondary"/>
    <tag k="layer" v="1"/>
    <tag k="name" v="Cleeve Road"/>
    <tag k="ref" v="B4085"/>
    <tag k="source" v="npe"/>
  </way>
  <way id="126531313" version="3" timestamp="2020-09-28T14:43:36Z" changeset="91649440" uid="11286310" user="Manateedriver">
    <nd ref="254002637"/>
    <nd ref="1402484353"/>
    <nd ref="1402484352"/>
    <nd ref="1402484348"/>
    <tag k="highway" v="secondary"/>
    <tag k="oneway" v="yes"/>
    <tag k="ref" v="B349"/>
    <tag k="source" v="survey"/>
    <tag k="surface" v="asphalt"/>
  </way>
  <way id="126531314" version="5" timestamp="2020-09-28T14:43:36Z" changeset="91649440" uid="11286310" user="Manateedriver">
    <nd ref="635891984"/>
    <nd ref="4509156876"/>
    <nd ref="1402484379"/>
    <nd ref="29940387"/>
    <tag k="highway" v="secondary"/>
    <tag k="maxspeed" v="30 mph"/>
    <tag k="name" v="Tower Hill"/>
    <tag k="oneway" v="yes"/>
    <tag k="ref" v="B439"/>
    <tag k="surface" v="asphalt"/>
  </way>
  <way id="126531316" version="5" timestamp="2020-09-28T14:43:37Z" changeset="91649440" uid="11286310" user="Manateedriver">
    <nd ref="29940387"/>
    <nd ref="1402484370"/>
    <nd ref="4509156878"/>
    <nd ref="254002633"/>
    <tag k="highway" v="secondary"/>
    <tag k="maxspeed" v="30 mph"/>
    <tag k="name" v="Tower Hill"/>
    <tag k="oneway" v="yes"/>
    <tag k="ref" v="B439"/>
    <tag k="surface" v="asphalt"/>
  </way>
  <way id="126531318" version="2" timestamp="2021-04-01T15:27:27Z" changeset="102136393" uid="30587" user="IknowJoseph">
    <nd ref="1402484609"/>
    <nd ref="1402484608"/>
    <nd ref="1402484601"/>
    <nd ref="1402484604"/>
    <nd ref="1402484609"/>
    <tag k="amenity" v="pub"/>
    <tag k="building" v="yes"/>
    <tag k="name" v="Broom Tavern"/>
    <tag k="source" v="visual survey;bing"/>
    <tag k="wikidata" v="Q26496539"/>
  </way>
  <way id="126531319" version="7" timestamp="2023-09-07T22:33:13Z" changeset="140960613" uid="6816132" user="CjMalone">
    <nd ref="1402484311"/>
    <nd ref="1402484321"/>
    <nd ref="1402484313"/>
    <nd ref="1402484316"/>
    <nd ref="1402484304"/>
    <nd ref="1402484299"/>
    <nd ref="1402484302"/>
    <nd ref="1402484296"/>
    <nd ref="1402484309"/>
    <nd ref="1402484307"/>
    <nd ref="1402484311"/>
    <tag k="addr:city" v="Bidford on Avon"/>
    <tag k="addr:postcode" v="B50 4EH"/>
    <tag k="addr:street" v="Salford Road"/>
    <tag k="brand" v="Co-op Food"/>
    <tag k="brand:website" v="https://www.midcounties.coop/"/>
    <tag k="brand:wikidata" v="Q3277439"/>
    <tag k="brand:wikipedia" v="en:Co-op Food"/>
    <tag k="building" v="retail"/>
    <tag k="fhrs:id" v="503022"/>
    <tag k="name" v="Co-op Food"/>
    <tag k="operator" v="Midcounties Co-operative"/>
    <tag k="operator:wikidata" v="Q6841138"/>
    <tag k="shop" v="supermarket"/>
    <tag k="source" v="visual survey;bing"/>
  </way>
  <way id="126531320" version="1" timestamp="2011-08-17T16:49:36Z" changeset="9049621" uid="9065" user="brianboru">
    <nd ref="523134881"/>
    <nd ref="523134878"/>
    <nd ref="497182095"/>
    <tag k="highway" v="residential"/>
    <tag k="name" v="Court Way"/>
    <tag k="source" v="survey"/>
  </way>
  <way id="126531321" version="5" timestamp="2021-11-16T15:54:38Z" changeset="113857852" uid="9065" user="brianboru">
    <nd ref="254002638"/>
    <nd ref="9257073023"/>
    <nd ref="2288317316"/>
    <nd ref="522122495"/>
    <nd ref="2288317309"/>
    <nd ref="523021258"/>
    <tag k="highway" v="unclassified"/>
    <tag k="name" v="High Street"/>
  </way>
  <way id="126531322" version="1" timestamp="2011-08-17T16:49:36Z" changeset="9049621" uid="9065" user="brianboru">
    <nd ref="523021258"/>
    <nd ref="522122498"/>
    <nd ref="523120188"/>
    <nd ref="522122501"/>
    <nd ref="522122505"/>
    <tag k="highway" v="unclassified"/>
    <tag k="name" v="High Street"/>
  </way>
  <way id="126531324" version="4" timestamp="2016-04-04T09:32:41Z" changeset="38285834" uid="64" user="lsces">
    <nd ref="1234829383"/>
    <nd ref="26125440"/>
    <nd ref="4096989764"/>
    <nd ref="1234659245"/>
    <nd ref="26125444"/>
    <nd ref="1321934171"/>
    <nd ref="26125445"/>
    <nd ref="2445488734"/>
    <nd ref="26125447"/>
    <nd ref="2445488722"/>
    <nd ref="26125448"/>
    <nd ref="2445488643"/>
    <nd ref="26125449"/>
    <nd ref="26125451"/>
    <nd ref="1234659445"/>
    <nd ref="1321934170"/>
    <nd ref="26125452"/>
    <nd ref="26125454"/>
    <tag k="highway" v="secondary"/>
    <tag k="name" v="Honeybourne Road"/>
    <tag k="ref" v="B4085"/>
  </way>
  <way id="126531326" version="3" timestamp="2021-11-16T15:54:38Z" changeset="113857852" uid="9065" user="brianboru">
    <nd ref="300918414"/>
    <nd ref="9257073027"/>
    <nd ref="300909809"/>
    <tag k="highway" v="secondary"/>
    <tag k="maxspeed" v="30 mph"/>
    <tag k="name" v="Honeybourne Road"/>
    <tag k="ref" v="B4085"/>
    <tag k="source:maxspeed" v="survey"/>
  </way>
  <way id="126531328" version="4" timestamp="2022-08-23T03:54:06Z" changeset="125250488" uid="14513069" user="fgupanki">
    <nd ref="523225411"/>
    <nd ref="9971276277"/>
    <nd ref="523225414"/>
    <nd ref="523225430"/>
    <nd ref="5378270672"/>
    <nd ref="523225444"/>
    <nd ref="5378270673"/>
    <nd ref="523225464"/>
    <nd ref="523225448"/>
    <nd ref="5378270674"/>
    <nd ref="523225451"/>
    <nd ref="523225454"/>
    <nd ref="523225486"/>
    <nd ref="523225490"/>
    <nd ref="523225513"/>
    <tag k="highway" v="residential"/>
    <tag k="name" v="St Laurence Way"/>
  </way>
  <way id="126531331" version="8" timestamp="2021-06-10T17:30:04Z" changeset="106170006" uid="10305810" user="peddil">
    <nd ref="497182082"/>
    <nd ref="5310986401"/>
    <nd ref="497182098"/>
    <nd ref="497182099"/>
    <nd ref="1402615470"/>
    <nd ref="5310986066"/>
    <nd ref="1402615468"/>
    <nd ref="1402484451"/>
    <nd ref="5310986065"/>
    <nd ref="1402484449"/>
    <nd ref="497182101"/>
    <nd ref="523056541"/>
    <nd ref="523067732"/>
    <nd ref="5310986054"/>
    <nd ref="523067739"/>
    <nd ref="5310986055"/>
    <nd ref="523067729"/>
    <nd ref="5314879668"/>
    <nd ref="497182100"/>
    <nd ref="523088113"/>
    <nd ref="523088117"/>
    <nd ref="8622648526"/>
    <nd ref="523056538"/>
    <nd ref="523088102"/>
    <nd ref="5358968295"/>
    <nd ref="523088111"/>
    <nd ref="523088109"/>
    <nd ref="8821698640"/>
    <nd ref="523056537"/>
    <nd ref="523088060"/>
    <nd ref="5358909132"/>
    <nd ref="5358909131"/>
    <nd ref="26125432"/>
    <tag k="highway" v="tertiary"/>
    <tag k="maxspeed" v="30 mph"/>
    <tag k="name" v="Victoria Road"/>
    <tag k="source" v="survey"/>
    <tag k="source:maxspeed" v="survey"/>
  </way>
  <way id="126531333" version="2" timestamp="2020-12-24T11:43:21Z" changeset="96382560" uid="9196086" user="spavulur">
    <nd ref="1402484513"/>
    <nd ref="497182081"/>
    <nd ref="8257417472"/>
    <nd ref="497182082"/>
    <tag k="highway" v="tertiary"/>
    <tag k="maxspeed" v="40 mph"/>
    <tag k="name" v="Victoria Road"/>
    <tag k="source" v="survey"/>
    <tag k="source:maxspeed" v="survey"/>
  </way>
  <way id="126531334" version="1" timestamp="2011-08-17T16:49:39Z" changeset="9049621" uid="9065" user="brianboru">
    <nd ref="497182092"/>
    <nd ref="1402484345"/>
    <nd ref="523095946"/>
    <nd ref="523095947"/>
    <tag k="highway" v="residential"/>
    <tag k="name" v="Westholme Road"/>
    <tag k="source" v="survey"/>
  </way>
  <way id="126531350" version="3" timestamp="2017-12-29T22:25:32Z" changeset="55022093" uid="9065" user="brianboru">
    <nd ref="2426962378"/>
    <nd ref="497182067"/>
    <tag k="highway" v="unclassified"/>
    <tag k="name" v="Mill Lane"/>
    <tag k="source" v="survey"/>
  </way>
  <way id="126531353" version="5" timestamp="2020-10-29T10:51:59Z" changeset="93231227" uid="11286310" user="Manateedriver">
    <nd ref="1402484364"/>
    <nd ref="1402484372"/>
    <nd ref="1402484386"/>
    <nd ref="497182097"/>
    <tag k="highway" v="residential"/>
    <tag k="lit" v="yes"/>
    <tag k="name" v="Bramley Way"/>
    <tag k="oneway" v="yes"/>
    <tag k="source" v="bing"/>
    <tag k="surface" v="asphalt"/>
  </way>
  <way id="126531358" version="2" timestamp="2020-03-06T14:04:07Z" changeset="81871934" uid="346039" user="fitzsimons">
    <nd ref="1402484330"/>
    <nd ref="1402484332"/>
    <nd ref="1402484329"/>
    <nd ref="1402484323"/>
    <nd ref="1402484330"/>
    <tag k="amenity" v="place_of_worship"/>
    <tag k="building" v="yes"/>
    <tag k="denomination" v="methodist"/>
    <tag k="name" v="Methodist Church"/>
    <tag k="religion" v="christian"/>
    <tag k="source" v="visual survey;bing"/>
  </way>
  <way id="126550981" version="4" timestamp="2023-11-30T20:41:20Z" changeset="144639610" uid="504708" user="HillWithSmallFields">
    <nd ref="1402615408"/>
    <nd ref="1402615405"/>
    <nd ref="1402615401"/>
    <nd ref="1402615397"/>
    <nd ref="1402615391"/>
    <nd ref="1402615394"/>
    <nd ref="1402615389"/>
    <nd ref="1402615393"/>
    <nd ref="1402615396"/>
    <nd ref="1402615400"/>
    <nd ref="1402615407"/>
    <nd ref="1402615404"/>
    <nd ref="1402615408"/>
    <tag k="amenity" v="place_of_worship"/>
    <tag k="building" v="yes"/>
    <tag k="denomination" v="anglican"/>
    <tag k="name" v="St Laurence"/>
    <tag k="ref:dove" v="13339"/>
    <tag k="religion" v="christian"/>
    <tag k="source" v="visual survey;bing"/>
    <tag k="website" v="https://www.stlaurencebidford.org.uk/"/>
    <tag k="wikidata" v="Q26496461"/>
  </way>
  <way id="126550982" version="3" timestamp="2019-04-05T16:16:36Z" changeset="68927678" uid="346039" user="fitzsimons">
    <nd ref="1402615381"/>
    <nd ref="1402615382"/>
    <nd ref="1402615380"/>
    <nd ref="1402615377"/>
    <nd ref="1402615381"/>
    <tag k="addr:city" v="Bidford on Avon"/>
    <tag k="addr:postcode" v="B50 4BG"/>
    <tag k="addr:street" v="High Street"/>
    <tag k="amenity" v="restaurant"/>
    <tag k="building" v="yes"/>
    <tag k="fhrs:id" v="503554"/>
    <tag k="name" v="The Bridge"/>
    <tag k="source" v="bing"/>
  </way>
  <way id="126550983" version="3" timestamp="2019-04-05T16:16:36Z" changeset="68927678" uid="346039" user="fitzsimons">
    <nd ref="1402615384"/>
    <nd ref="1402615385"/>
    <nd ref="1402615376"/>
    <nd ref="1402615375"/>
    <nd ref="1402615372"/>
    <nd ref="1402615371"/>
    <nd ref="1402615379"/>
    <nd ref="1402615378"/>
    <nd ref="1402615374"/>
    <nd ref="1402615373"/>
    <nd ref="1402615384"/>
    <tag k="addr:city" v="Bidford on Avon"/>
    <tag k="addr:housenumber" v="65"/>
    <tag k="addr:postcode" v="B50 4BG"/>
    <tag k="addr:street" v="High Street"/>
    <tag k="amenity" v="pub"/>
    <tag k="building" v="yes"/>
    <tag k="fhrs:id" v="504073"/>
    <tag k="internet_access" v="wlan"/>
    <tag k="internet_access:fee" v="no"/>
    <tag k="name" v="The Frog"/>
    <tag k="outdoor_seating" v="yes"/>
  </way>
  <way id="126550986" version="1" timestamp="2011-08-17T19:37:29Z" changeset="9051130" uid="9065" user="brianboru">
    <nd ref="1402615410"/>
    <nd ref="523021291"/>
    <nd ref="1402615409"/>
    <tag k="highway" v="residential"/>
    <tag k="source" v="bing"/>
  </way>
  <way id="126552601" version="2" timestamp="2012-01-06T20:14:21Z" changeset="10315323" uid="232621" user="vnjones">
    <nd ref="523211056"/>
    <nd ref="523225409"/>
    <nd ref="523225418"/>
    <tag k="highway" v="residential"/>
    <tag k="name" v="St Laurence Way"/>
  </way>
  <way id="131039220" version="12" timestamp="2022-06-22T13:31:53Z" changeset="122712896" uid="9065" user="brianboru">
    <nd ref="254002654"/>
    <nd ref="1321916747"/>
    <nd ref="1321916796"/>
    <nd ref="254002655"/>
    <nd ref="7756960301"/>
    <nd ref="1321916851"/>
    <nd ref="254002656"/>
    <nd ref="1321916845"/>
    <nd ref="8280256640"/>
    <nd ref="254002657"/>
    <nd ref="2582256137"/>
    <nd ref="1321916789"/>
    <nd ref="1321916913"/>
    <nd ref="1321916758"/>
    <nd ref="254002668"/>
    <nd ref="1321916822"/>
    <nd ref="1321916873"/>
    <nd ref="254002669"/>
    <nd ref="6477623616"/>
    <nd ref="6477623614"/>
    <nd ref="6477623615"/>
    <nd ref="254002671"/>
    <nd ref="2451103217"/>
    <nd ref="254002672"/>
    <nd ref="6477623631"/>
    <nd ref="254002673"/>
    <nd ref="2285546642"/>
    <nd ref="6900650489"/>
    <nd ref="2285546640"/>
    <nd ref="6900650497"/>
    <nd ref="254002674"/>
    <nd ref="1321934155"/>
    <nd ref="459848066"/>
    <tag k="highway" v="tertiary"/>
    <tag k="name" v="Welford Road"/>
  </way>
  <way id="131039227" version="3" timestamp="2018-08-06T09:15:57Z" changeset="61396679" uid="165" user="Richard">
    <nd ref="254002651"/>
    <nd ref="2451077925"/>
    <nd ref="254002652"/>
    <nd ref="254002653"/>
    <nd ref="254002654"/>
    <tag k="highway" v="tertiary"/>
  </way>
  <way id="131042926" version="2" timestamp="2016-12-23T16:57:51Z" changeset="44627101" uid="346039" user="fitzsimons">
    <nd ref="1443099470"/>
    <nd ref="1443099478"/>
    <nd ref="1443099453"/>
    <nd ref="1443099450"/>
    <nd ref="1443099455"/>
    <nd ref="1443099459"/>
    <nd ref="1443099466"/>
    <nd ref="1443099463"/>
    <nd ref="1443099470"/>
    <tag k="addr:city" v="Bidford"/>
    <tag k="addr:housenumber" v="15"/>
    <tag k="addr:postcode" v="B50 4NP"/>
    <tag k="addr:street" v="Welford Road"/>
    <tag k="amenity" v="pub"/>
    <tag k="building" v="yes"/>
    <tag k="fhrs:id" v="504072"/>
    <tag k="name" v="Cottage of Content"/>
    <tag k="source" v="visual survey;bing"/>
    <tag k="website" v="http://www.cottageofcontent.com/"/>
  </way>
  <way id="131045391" version="2" timestamp="2020-09-28T14:43:38Z" changeset="91649440" uid="11286310" user="Manateedriver">
    <nd ref="1402484339"/>
    <nd ref="1443113216"/>
    <nd ref="1443113217"/>
    <tag k="highway" v="secondary"/>
    <tag k="maxspeed" v="30 mph"/>
    <tag k="oneway" v="yes"/>
    <tag k="ref" v="B4085"/>
    <tag k="source" v="survey"/>
    <tag k="source:maxspeed" v="survey"/>
    <tag k="surface" v="asphalt"/>
  </way>
  <way id="131045393" version="6" timestamp="2021-11-16T15:54:38Z" changeset="113857852" uid="9065" user="brianboru">
    <nd ref="1402484339"/>
    <nd ref="1402484337"/>
    <nd ref="300909807"/>
    <nd ref="7272069100"/>
    <nd ref="9257073022"/>
    <nd ref="522987420"/>
    <nd ref="254002638"/>
    <tag k="highway" v="secondary"/>
    <tag k="maxspeed" v="30 mph"/>
    <tag k="ref" v="B4085"/>
    <tag k="source:maxspeed" v="survey"/>
  </way>
  <way id="140836810" version="6" timestamp="2021-03-21T15:35:07Z" changeset="101444889" uid="9065" user="brianboru">
    <nd ref="523052975"/>
    <nd ref="8544493667"/>
    <nd ref="2323161383"/>
    <nd ref="1542123461"/>
    <nd ref="2426962424"/>
    <nd ref="1542123710"/>
    <nd ref="1542123668"/>
    <nd ref="2323161427"/>
    <nd ref="1542123680"/>
    <nd ref="1402484656"/>
    <nd ref="1542123714"/>
    <nd ref="2455477174"/>
    <nd ref="1542123460"/>
    <nd ref="1542123686"/>
    <nd ref="1542123578"/>
    <nd ref="1542123515"/>
    <nd ref="1542123684"/>
    <nd ref="1542123625"/>
    <tag k="highway" v="tertiary"/>
  </way>
  <way id="140836816" version="8" timestamp="2021-06-28T14:44:11Z" changeset="107094512" uid="9641456" user="rababdul">
    <nd ref="497182079"/>
    <nd ref="1542123616"/>
    <nd ref="1402484528"/>
    <nd ref="1402484534"/>
    <nd ref="8559832594"/>
    <nd ref="597265163"/>
    <nd ref="8872579492"/>
    <nd ref="2427277982"/>
    <nd ref="597265164"/>
    <nd ref="2427278034"/>
    <nd ref="298848508"/>
    <nd ref="5756707541"/>
    <nd ref="354560173"/>
    <nd ref="5756707543"/>
    <nd ref="5756707544"/>
    <nd ref="298848512"/>
    <nd ref="1542123374"/>
    <nd ref="597265166"/>
    <nd ref="597265165"/>
    <nd ref="5756707539"/>
    <nd ref="298848518"/>
    <nd ref="5756707536"/>
    <nd ref="1402484626"/>
    <nd ref="8544493670"/>
    <nd ref="8544493669"/>
    <nd ref="523052975"/>
    <tag k="highway" v="tertiary"/>
    <tag k="name" v="Bidford Road"/>
  </way>
  <way id="141209605" version="9" timestamp="2021-04-02T15:49:35Z" changeset="102203916" uid="10252548" user="singhiyv">
    <nd ref="1545771474"/>
    <nd ref="8541240797"/>
    <nd ref="1545771448"/>
    <nd ref="1545771587"/>
    <nd ref="1545771403"/>
    <nd ref="1545771589"/>
    <nd ref="1545771574"/>
    <nd ref="1545771590"/>
    <nd ref="1545771582"/>
    <nd ref="1545771544"/>
    <nd ref="1545771388"/>
    <nd ref="1545771396"/>
    <nd ref="1402516808"/>
    <nd ref="1545771517"/>
    <nd ref="1402516806"/>
    <nd ref="1402516797"/>
    <nd ref="6776811285"/>
    <nd ref="1545771463"/>
    <nd ref="1545771445"/>
    <nd ref="8586954548"/>
    <nd ref="1545771354"/>
    <nd ref="8541235036"/>
    <nd ref="1545771467"/>
    <nd ref="8541235034"/>
    <nd ref="1545771522"/>
    <nd ref="8541234998"/>
    <nd ref="6572697418"/>
    <nd ref="1545771476"/>
    <nd ref="1545771524"/>
    <nd ref="1545771510"/>
    <nd ref="1545771450"/>
    <nd ref="1402516773"/>
    <nd ref="1545771348"/>
    <nd ref="1545771498"/>
    <nd ref="29940379"/>
    <nd ref="1545771406"/>
    <nd ref="1545771411"/>
    <nd ref="1545771558"/>
    <nd ref="1545771536"/>
    <nd ref="5378271574"/>
    <nd ref="1402512911"/>
    <nd ref="1545771505"/>
    <tag k="highway" v="secondary"/>
    <tag k="lanes" v="2"/>
    <tag k="name" v="Stratford Road"/>
    <tag k="ref" v="B439"/>
  </way>
  <way id="141209608" version="6" timestamp="2020-02-16T21:55:44Z" changeset="81082716" uid="69025" user="Peter Oliver">
    <nd ref="1545771424"/>
    <nd ref="1402512910"/>
    <nd ref="597242756"/>
    <nd ref="1545771364"/>
    <nd ref="5372787954"/>
    <nd ref="1545771385"/>
    <nd ref="1545771376"/>
    <nd ref="1545771415"/>
    <nd ref="2288398977"/>
    <nd ref="1545771511"/>
    <nd ref="1402635525"/>
    <nd ref="2288398965"/>
    <nd ref="1402512905"/>
    <nd ref="1402635524"/>
    <nd ref="7217244279"/>
    <nd ref="1545771417"/>
    <tag k="highway" v="secondary"/>
    <tag k="maxspeed" v="30 mph"/>
    <tag k="name" v="Tower Hill"/>
    <tag k="ref" v="B439"/>
  </way>
  <way id="144448636" version="1" timestamp="2012-01-06T20:14:18Z" changeset="10315323" uid="232621" user="vnjones">
    <nd ref="301523679"/>
    <nd ref="1579962750"/>
    <tag k="highway" v="unclassified"/>
    <tag k="name" v="Wellington Road"/>
    <tag k="source" v="bing"/>
    <tag k="source:name" v="OS_OpenData_StreetView"/>
  </way>
  <way id="144448638" version="2" timestamp="2020-09-11T20:26:50Z" changeset="90774612" uid="11286310" user="Manateedriver">
    <nd ref="523088079"/>
    <nd ref="523088077"/>
    <nd ref="523088096"/>
    <nd ref="523088098"/>
    <tag k="highway" v="residential"/>
    <tag k="name" v="Scott Close"/>
    <tag k="surface" v="asphalt"/>
  </way>
  <way id="144449054" version="3" timestamp="2018-01-01T14:57:44Z" changeset="55077860" uid="9065" user="brianboru">
    <nd ref="1579970439"/>
    <nd ref="5314844867"/>
    <nd ref="1579970462"/>
    <nd ref="5314844868"/>
    <nd ref="1579970443"/>
    <nd ref="1579970463"/>
    <nd ref="2427278066"/>
    <nd ref="5314844869"/>
    <nd ref="1579970435"/>
    <nd ref="1579970459"/>
    <tag k="highway" v="residential"/>
    <tag k="name" v="Malt House Close"/>
    <tag k="source" v="OS opendata streetview"/>
  </way>
  <way id="144449056" version="2" timestamp="2013-08-21T21:45:37Z" changeset="17447515" uid="213451" user="Richard Phillips">
    <nd ref="1579970439"/>
    <nd ref="1579970459"/>
    <nd ref="1579970437"/>
    <nd ref="2427278052"/>
    <nd ref="298848508"/>
    <tag k="highway" v="residential"/>
    <tag k="name" v="Malt House Close"/>
    <tag k="source" v="OS opendata streetview"/>
  </way>
  <way id="145039251" version="2" timestamp="2021-03-20T16:13:37Z" changeset="101393524" uid="9065" user="brianboru">
    <nd ref="1585066309"/>
    <nd ref="1585066341"/>
    <nd ref="1585066183"/>
    <nd ref="1585066133"/>
    <nd ref="1585066309"/>
    <tag k="amenity" v="place_of_worship"/>
    <tag k="building" v="yes"/>
    <tag k="denomination" v="baptist"/>
    <tag k="name" v="theBarn — home of Bidford Baptist Church"/>
    <tag k="religion" v="christian"/>
    <tag k="source" v="http://www.thebarn.org.uk"/>
  </way>
  <way id="145039263" version="3" timestamp="2022-08-30T10:14:35Z" changeset="125561259" uid="9065" user="brianboru">
    <nd ref="1585066156"/>
    <nd ref="1585066178"/>
    <nd ref="1585066258"/>
    <nd ref="1585066193"/>
    <nd ref="1585066156"/>
    <tag k="addr:city" v="Bidford on Avon"/>
    <tag k="addr:postcode" v="B50 4JH"/>
    <tag k="addr:street" v="Wellington Road"/>
    <tag k="building" v="yes"/>
    <tag k="name" v="Branson Tractors"/>
    <tag k="website" v="https://www.bransontractor.co.uk/"/>
  </way>
  <way id="145039267" version="5" timestamp="2020-01-07T08:52:35Z" changeset="79284630" uid="10219384" user="chepurb">
    <nd ref="1585066173"/>
    <nd ref="1585066212"/>
    <nd ref="301523679"/>
    <nd ref="1585066347"/>
    <nd ref="1585066334"/>
    <nd ref="7113991009"/>
    <nd ref="1585066213"/>
    <nd ref="5109853048"/>
    <tag k="highway" v="unclassified"/>
    <tag k="name" v="Wellington Road"/>
  </way>
  <way id="145039273" version="2" timestamp="2019-04-05T17:16:40Z" changeset="68930188" uid="346039" user="fitzsimons">
    <nd ref="1585066191"/>
    <nd ref="1585066252"/>
    <nd ref="1585066319"/>
    <nd ref="1585066293"/>
    <nd ref="1585066191"/>
    <tag k="addr:city" v="Bidford on Avon"/>
    <tag k="addr:postcode" v="B50 4JN"/>
    <tag k="addr:street" v="Waterloo Road"/>
    <tag k="building" v="yes"/>
    <tag k="name" v="Techsil"/>
  </way>
  <way id="145039275" version="8" timestamp="2021-03-26T09:12:40Z" changeset="101777799" uid="10173439" user="gilasri">
    <nd ref="1585066304"/>
    <nd ref="1585066310"/>
    <nd ref="1585066269"/>
    <nd ref="1585066347"/>
    <nd ref="8563132247"/>
    <nd ref="7116623630"/>
    <nd ref="2041533050"/>
    <nd ref="1585066214"/>
    <nd ref="7896888454"/>
    <nd ref="4258379735"/>
    <tag k="highway" v="unclassified"/>
    <tag k="name" v="Wellington Road"/>
  </way>
  <way id="145039282" version="3" timestamp="2019-09-25T14:13:02Z" changeset="74912879" uid="5359" user="user_5359">
    <nd ref="1585066323"/>
    <nd ref="1585066247"/>
    <nd ref="1585066189"/>
    <nd ref="1585066206"/>
    <nd ref="1585066307"/>
    <nd ref="1585066132"/>
    <nd ref="1585066243"/>
    <nd ref="1585066217"/>
    <nd ref="1585066323"/>
    <tag k="addr:city" v="Bidford on Avon"/>
    <tag k="addr:postcode" v="B50 4JN"/>
    <tag k="addr:street" v="Waterloo Road"/>
    <tag k="building" v="yes"/>
    <tag k="name" v="Automotive Brands"/>
    <tag k="website" v="https://automotivebrands.co.uk/"/>
  </way>
  <way id="145039291" version="2" timestamp="2019-04-05T17:16:40Z" changeset="68930188" uid="346039" user="fitzsimons">
    <nd ref="1585066313"/>
    <nd ref="1585066224"/>
    <nd ref="1585066311"/>
    <nd ref="1585066110"/>
    <nd ref="1585066282"/>
    <nd ref="1585066159"/>
    <nd ref="1585066219"/>
    <nd ref="1585066167"/>
    <nd ref="1585066349"/>
    <nd ref="1585066316"/>
    <nd ref="1585066120"/>
    <nd ref="1585066218"/>
    <nd ref="1585066313"/>
    <tag k="addr:city" v="Bidford on Avon"/>
    <tag k="addr:housenumber" v="31"/>
    <tag k="addr:postcode" v="B50 4JN"/>
    <tag k="addr:street" v="Waterloo Road"/>
    <tag k="building" v="yes"/>
    <tag k="name" v="Viezu Technologies"/>
  </way>
  <way id="147068844" version="4" timestamp="2019-09-25T04:29:32Z" changeset="74885692" uid="5359" user="user_5359">
    <nd ref="1602603404"/>
    <nd ref="1602603376"/>
    <nd ref="1602603436"/>
    <nd ref="1602603540"/>
    <nd ref="1602603404"/>
    <tag k="addr:city" v="Bidford on Avon"/>
    <tag k="addr:postcode" v="B50 4JN"/>
    <tag k="addr:street" v="Waterloo Road"/>
    <tag k="building" v="yes"/>
    <tag k="name" v="Prestige &amp; Performance Centre"/>
    <tag k="shop" v="car_service"/>
    <tag k="website" v="https://www.eurorepar.co.uk/centre-prestige-performance-warwickshire-ltd-bidford-on-avon-warwickshire-5868-uk.html"/>
  </way>
  <way id="154844981" version="1" timestamp="2012-03-13T10:11:04Z" changeset="10964802" uid="112997" user="sobbomapper">
    <nd ref="300909809"/>
    <nd ref="1234829383"/>
    <tag k="highway" v="secondary"/>
    <tag k="maxspeed" v="30 mph"/>
    <tag k="name" v="Honeybourne Road"/>
    <tag k="ref" v="B4085"/>
    <tag k="source:maxspeed" v="survey"/>
  </way>
  <way id="154846319" version="6" timestamp="2024-06-08T18:12:59Z" changeset="152426766" uid="411244" user="RobJN">
    <nd ref="459848066"/>
    <nd ref="254002675"/>
    <nd ref="2470022782"/>
    <nd ref="254002676"/>
    <nd ref="1321934189"/>
    <nd ref="2445488705"/>
    <nd ref="254002677"/>
    <nd ref="254002678"/>
    <tag k="highway" v="tertiary"/>
    <tag k="name" v="Welford Road"/>
  </way>
  <way id="191439043" version="3" timestamp="2020-11-02T07:28:03Z" changeset="93400434" uid="10252541" user="thadad">
    <nd ref="760314256"/>
    <nd ref="26125463"/>
    <nd ref="1079137903"/>
    <nd ref="1079137642"/>
    <nd ref="26125464"/>
    <nd ref="1079137959"/>
    <nd ref="26125465"/>
    <nd ref="1079137776"/>
    <nd ref="300915586"/>
    <nd ref="26125466"/>
    <nd ref="26125467"/>
    <nd ref="1079137683"/>
    <nd ref="26125468"/>
    <nd ref="1079137843"/>
    <nd ref="8073677284"/>
    <nd ref="1079137846"/>
    <nd ref="2759215452"/>
    <nd ref="26125469"/>
    <nd ref="1079137978"/>
    <tag k="highway" v="tertiary"/>
    <tag k="name" v="Buckle Street"/>
    <tag k="source:name" v="OS_OpenData_Locator"/>
  </way>
  <way id="193627795" version="1" timestamp="2012-11-30T06:57:29Z" changeset="14095178" uid="4951" user="PeterEastern">
    <nd ref="2041533044"/>
    <nd ref="2041533040"/>
    <nd ref="2041533056"/>
    <nd ref="1321916780"/>
    <tag k="highway" v="residential"/>
    <tag k="name" v="Owlets End"/>
    <tag k="source" v="OS_OpenData_StreetView"/>
    <tag k="source:name" v="OS_OpenData_Locator"/>
  </way>
  <way id="219701252" version="1" timestamp="2013-05-01T19:44:09Z" changeset="15938265" uid="213451" user="Richard Phillips">
    <nd ref="522943190"/>
    <nd ref="1402635508"/>
    <nd ref="354560178"/>
    <tag k="highway" v="residential"/>
    <tag k="name" v="Tower Close"/>
  </way>
  <way id="226968195" version="4" timestamp="2019-08-29T06:34:18Z" changeset="73866949" uid="10219386" user="bathines">
    <nd ref="2357049620"/>
    <nd ref="254002641"/>
    <nd ref="254002645"/>
    <nd ref="254002646"/>
    <nd ref="254002647"/>
    <nd ref="1321934137"/>
    <nd ref="254002648"/>
    <nd ref="6755206855"/>
    <nd ref="254002649"/>
    <nd ref="1321916908"/>
    <nd ref="254002650"/>
    <nd ref="2451077902"/>
    <nd ref="1321916722"/>
    <nd ref="254002651"/>
    <tag k="highway" v="tertiary"/>
    <tag k="name" v="Welford Road"/>
  </way>
  <way id="234443991" version="3" timestamp="2020-10-23T10:06:28Z" changeset="92943023" uid="9641464" user="tmmanish">
    <nd ref="497182067"/>
    <nd ref="8039370371"/>
    <nd ref="2426962379"/>
    <nd ref="597265152"/>
    <nd ref="597265153"/>
    <nd ref="5310985853"/>
    <nd ref="5310985852"/>
    <nd ref="5310985851"/>
    <nd ref="597265154"/>
    <nd ref="597265155"/>
    <nd ref="5310985841"/>
    <nd ref="597265156"/>
    <tag k="highway" v="residential"/>
    <tag k="name" v="Mill Lane"/>
  </way>
  <way id="234443994" version="2" timestamp="2018-02-12T16:50:50Z" changeset="56299635" uid="9065" user="brianboru">
    <nd ref="497182067"/>
    <nd ref="5407672321"/>
    <nd ref="1402484616"/>
    <nd ref="497182068"/>
    <tag k="highway" v="unclassified"/>
    <tag k="source" v="survey"/>
  </way>
  <way id="234481704" version="1" timestamp="2013-08-21T21:45:34Z" changeset="17447515" uid="213451" user="Richard Phillips">
    <nd ref="2427278038"/>
    <nd ref="2427278036"/>
    <nd ref="2427277998"/>
    <nd ref="2427277999"/>
    <nd ref="2427278011"/>
    <nd ref="2427278015"/>
    <nd ref="2427278038"/>
    <tag k="building" v="industrial"/>
    <tag k="name" v="Plato Catering Hire"/>
  </way>
  <way id="234481706" version="2" timestamp="2023-03-05T22:12:59Z" changeset="133342383" uid="493595" user="Yorvik Prestigitator">
    <nd ref="2427278093"/>
    <nd ref="2427278094"/>
    <nd ref="2427278087"/>
    <nd ref="2427278085"/>
    <nd ref="2427278093"/>
    <tag k="amenity" v="community_centre"/>
    <tag k="building" v="public"/>
    <tag k="community_centre" v="village_hall"/>
    <tag k="name" v="Broom Village Hall"/>
  </way>
  <way id="237838188" version="5" timestamp="2021-06-10T09:20:01Z" changeset="106143901" uid="10219386" user="bathines">
    <nd ref="2323161358"/>
    <nd ref="2457005857"/>
    <nd ref="6895012910"/>
    <nd ref="354560182"/>
    <nd ref="8820403477"/>
    <nd ref="2457005867"/>
    <nd ref="2457005868"/>
    <nd ref="354560184"/>
    <nd ref="5860354916"/>
    <nd ref="2457005879"/>
    <nd ref="2457005882"/>
    <nd ref="354560185"/>
    <nd ref="354560186"/>
    <nd ref="354560188"/>
    <nd ref="354560189"/>
    <nd ref="2323161399"/>
    <nd ref="7805323381"/>
    <nd ref="1585066137"/>
    <nd ref="354560191"/>
    <nd ref="2323161415"/>
    <nd ref="2457005936"/>
    <nd ref="354560193"/>
    <nd ref="354560195"/>
    <nd ref="2455477150"/>
    <nd ref="354560197"/>
    <nd ref="354560198"/>
    <tag k="highway" v="unclassified"/>
    <tag k="name" v="George's Elm Lane"/>
    <tag k="source" v="survey"/>
  </way>
  <way id="239187528" version="5" timestamp="2024-08-08T13:00:00Z" changeset="154978176" uid="84263" user="Robert Whittaker">
    <nd ref="2469991436"/>
    <nd ref="2469991438"/>
    <nd ref="2469991414"/>
    <nd ref="2469991416"/>
    <nd ref="2469991409"/>
    <nd ref="2469991407"/>
    <nd ref="2469991401"/>
    <nd ref="12098778686"/>
    <nd ref="2469991399"/>
    <nd ref="2469991436"/>
    <tag k="addr:city" v="Bidford-on-Avon"/>
    <tag k="addr:postcode" v="B50 4LX"/>
    <tag k="addr:street" v="Stratford Road"/>
    <tag k="amenity" v="doctors"/>
    <tag k="building" v="yes"/>
    <tag k="healthcare" v="doctor"/>
    <tag k="name" v="Bidford Health Centre"/>
    <tag k="source" v="bing"/>
  </way>
  <way id="407670966" version="1" timestamp="2016-04-04T09:32:41Z" changeset="38285834" uid="64" user="lsces">
    <nd ref="4096989769"/>
    <nd ref="4096989777"/>
    <nd ref="4096989781"/>
    <nd ref="4096989773"/>
    <nd ref="4096989770"/>
    <nd ref="4096989787"/>
    <nd ref="4096989765"/>
    <nd ref="4096989766"/>
    <nd ref="4096989764"/>
    <tag k="highway" v="residential"/>
  </way>
  <way id="422703273" version="5" timestamp="2025-06-11T22:50:42Z" changeset="167511425" uid="461130" user="Fizzie-DWG">
    <nd ref="254002629"/>
    <nd ref="1402484364"/>
    <nd ref="635891982"/>
    <nd ref="254002630"/>
    <nd ref="635891983"/>
    <nd ref="254002631"/>
    <tag k="highway" v="secondary"/>
    <tag k="junction" v="roundabout"/>
    <tag k="maxspeed" v="30 mph"/>
    <tag k="source:maxspeed" v="survey"/>
    <tag k="surface" v="asphalt"/>
  </way>
  <way id="422703277" version="4" timestamp="2018-01-02T15:49:21Z" changeset="55104390" uid="9065" user="brianboru">
    <nd ref="1545771417"/>
    <nd ref="5316594357"/>
    <nd ref="298848555"/>
    <tag k="highway" v="secondary"/>
    <tag k="maxspeed" v="30 mph"/>
    <tag k="name" v="Tower Hill"/>
    <tag k="ref" v="B439"/>
  </way>
  <way id="422703288" version="3" timestamp="2020-09-28T14:43:39Z" changeset="91649440" uid="11286310" user="Manateedriver">
    <nd ref="254002637"/>
    <nd ref="635891995"/>
    <nd ref="254002627"/>
    <nd ref="635891981"/>
    <nd ref="3773280304"/>
    <nd ref="254002629"/>
    <tag k="highway" v="secondary"/>
    <tag k="junction" v="roundabout"/>
    <tag k="maxspeed" v="30 mph"/>
    <tag k="source:maxspeed" v="survey"/>
    <tag k="surface" v="asphalt"/>
  </way>
  <way id="422703292" version="3" timestamp="2020-09-28T14:43:39Z" changeset="91649440" uid="11286310" user="Manateedriver">
    <nd ref="1443113217"/>
    <nd ref="254002637"/>
    <tag k="highway" v="secondary"/>
    <tag k="junction" v="roundabout"/>
    <tag k="maxspeed" v="30 mph"/>
    <tag k="source:maxspeed" v="survey"/>
    <tag k="surface" v="asphalt"/>
  </way>
  <way id="422703299" version="3" timestamp="2020-09-28T14:43:40Z" changeset="91649440" uid="11286310" user="Manateedriver">
    <nd ref="523021309"/>
    <nd ref="1443113218"/>
    <nd ref="635891994"/>
    <nd ref="3773280311"/>
    <nd ref="1443113217"/>
    <tag k="highway" v="secondary"/>
    <tag k="junction" v="roundabout"/>
    <tag k="maxspeed" v="30 mph"/>
    <tag k="source:maxspeed" v="survey"/>
    <tag k="surface" v="asphalt"/>
  </way>
  <way id="426128594" version="2" timestamp="2019-04-05T14:57:25Z" changeset="68925181" uid="346039" user="fitzsimons">
    <nd ref="4254408193"/>
    <nd ref="4254408194"/>
    <nd ref="4254408191"/>
    <nd ref="4254408192"/>
    <nd ref="4254408188"/>
    <nd ref="4254408187"/>
    <nd ref="4254408189"/>
    <nd ref="4254408190"/>
    <nd ref="6385825051"/>
    <nd ref="4254408193"/>
    <tag k="amenity" v="fire_station"/>
    <tag k="building" v="yes"/>
    <tag k="name" v="Bidford Fire Station"/>
  </way>
  <way id="426270373" version="2" timestamp="2019-04-05T16:16:37Z" changeset="68927678" uid="346039" user="fitzsimons">
    <nd ref="4255752215"/>
    <nd ref="4255752216"/>
    <nd ref="4255752212"/>
    <nd ref="4255752209"/>
    <nd ref="4255752211"/>
    <nd ref="4255752213"/>
    <nd ref="6385983112"/>
    <nd ref="4255752215"/>
    <tag k="amenity" v="place_of_worship"/>
    <tag k="building" v="yes"/>
    <tag k="denomination" v="catholic"/>
    <tag k="name" v="St. Joseph The Worker"/>
    <tag k="religion" v="christian"/>
    <tag k="url" v="www.stjosephs-bidford.org.uk"/>
  </way>
  <way id="426270376" version="5" timestamp="2022-04-24T11:04:35Z" changeset="120119765" uid="84263" user="Robert Whittaker">
    <nd ref="4255751990"/>
    <nd ref="4255751686"/>
    <nd ref="4255751687"/>
    <nd ref="4255751989"/>
    <nd ref="4255751684"/>
    <nd ref="4255751679"/>
    <nd ref="4255751682"/>
    <nd ref="4255751678"/>
    <nd ref="5358909182"/>
    <nd ref="9689465186"/>
    <nd ref="4255751990"/>
    <tag k="addr:city" v="Bidford on Avon"/>
    <tag k="addr:postcode" v="B50 4BD"/>
    <tag k="addr:street" v="Salford Road"/>
    <tag k="building" v="yes"/>
    <tag k="name" v="Bidford Motor Company"/>
    <tag k="shop" v="car_service"/>
    <tag k="source" v="Warwicks CC Aerial Imagery 2013"/>
  </way>
  <way id="426270405" version="4" timestamp="2019-04-05T17:16:41Z" changeset="68930188" uid="346039" user="fitzsimons">
    <nd ref="4255751683"/>
    <nd ref="4255751685"/>
    <nd ref="4255751677"/>
    <nd ref="4255751675"/>
    <nd ref="4255751680"/>
    <nd ref="4255751681"/>
    <nd ref="4255751683"/>
    <tag k="addr:city" v="Bidford on Avon"/>
    <tag k="addr:postcode" v="B50 4EZ"/>
    <tag k="addr:street" v="Salford Road"/>
    <tag k="building" v="yes"/>
    <tag k="fhrs:id" v="503573"/>
    <tag k="name" v="The Crawford Hall"/>
    <tag k="source" v="Warwicks CC Aerial Imagery 2013"/>
  </way>
  <way id="426544733" version="3" timestamp="2022-08-30T10:14:35Z" changeset="125561259" uid="9065" user="brianboru">
    <nd ref="4258344403"/>
    <nd ref="4258344406"/>
    <nd ref="4258344400"/>
    <nd ref="4258344397"/>
    <nd ref="4258344403"/>
    <tag k="addr:city" v="Bidford on Avon"/>
    <tag k="addr:postcode" v="B50 4JH"/>
    <tag k="addr:street" v="Wellington Road"/>
    <tag k="building" v="industrial"/>
    <tag k="name" v="Peak Dynamics"/>
    <tag k="website" v="https://www.peakdynamics.co.uk/"/>
  </way>
  <way id="426544740" version="3" timestamp="2022-08-30T10:14:35Z" changeset="125561259" uid="9065" user="brianboru">
    <nd ref="4258344411"/>
    <nd ref="4258344412"/>
    <nd ref="4258344408"/>
    <nd ref="4258344407"/>
    <nd ref="4258344411"/>
    <tag k="addr:city" v="Bidford on Avon"/>
    <tag k="addr:postcode" v="B50 4JH"/>
    <tag k="addr:street" v="Wellington Road"/>
    <tag k="building" v="industrial"/>
    <tag k="name" v="Pipetek"/>
    <tag k="website" v="https://pipetek.co.uk/"/>
  </way>
  <way id="426544755" version="4" timestamp="2023-10-24T06:51:29Z" changeset="143049255" uid="9451067" user="b-jazz-bot">
    <nd ref="4258344424"/>
    <nd ref="4258344420"/>
    <nd ref="4258344422"/>
    <nd ref="4258344416"/>
    <nd ref="4258344415"/>
    <nd ref="4258344413"/>
    <nd ref="4258344410"/>
    <nd ref="4258344418"/>
    <nd ref="4258344424"/>
    <tag k="addr:city" v="Bidford on Avon"/>
    <tag k="addr:postcode" v="B50 4JG"/>
    <tag k="addr:street" v="Wellington Road"/>
    <tag k="addr:suburb" v="Coughton"/>
    <tag k="building" v="industrial"/>
    <tag k="name" v="Warwick Design"/>
    <tag k="website" v="https://www.warwickdesign.com/"/>
  </way>
  <way id="426549306" version="1" timestamp="2016-06-22T10:21:02Z" changeset="40201309" uid="9065" user="brianboru">
    <nd ref="1585066214"/>
    <nd ref="1585066212"/>
    <tag k="highway" v="unclassified"/>
    <tag k="name" v="Wellington Road"/>
  </way>
  <way id="427815007" version="1" timestamp="2016-06-28T14:31:26Z" changeset="40345212" uid="9065" user="brianboru">
    <nd ref="4269919648"/>
    <nd ref="4269919644"/>
    <tag k="highway" v="residential"/>
    <tag k="name" v="Orchard Close"/>
  </way>
  <way id="448963757" version="2" timestamp="2019-09-23T10:39:11Z" changeset="74799830" uid="705850" user="Cebderby">
    <nd ref="4459313920"/>
    <nd ref="4459313921"/>
    <nd ref="6817174241"/>
    <tag k="highway" v="residential"/>
    <tag k="name" v="Ash Place"/>
    <tag k="source" v="GPS survey"/>
  </way>
  <way id="448963759" version="11" timestamp="2022-03-23T14:24:16Z" changeset="118824145" uid="705850" user="Cebderby">
    <nd ref="5109853045"/>
    <nd ref="4459313920"/>
    <nd ref="5640159104"/>
    <nd ref="6149318666"/>
    <nd ref="4459313915"/>
    <nd ref="5640159105"/>
    <nd ref="9599909359"/>
    <nd ref="9599909360"/>
    <nd ref="4459313905"/>
    <nd ref="7731264283"/>
    <nd ref="7731266711"/>
    <nd ref="6817174214"/>
    <nd ref="4459313901"/>
    <nd ref="9599909362"/>
    <nd ref="7731266712"/>
    <nd ref="7731266713"/>
    <nd ref="6817174282"/>
    <nd ref="6817174276"/>
    <nd ref="5640159100"/>
    <nd ref="6817174203"/>
    <nd ref="9599909363"/>
    <nd ref="9599909380"/>
    <nd ref="4459313900"/>
    <nd ref="5640159103"/>
    <nd ref="6817174218"/>
    <nd ref="6817174301"/>
    <nd ref="9599909364"/>
    <nd ref="9241165676"/>
    <nd ref="6149318663"/>
    <nd ref="6905778442"/>
    <nd ref="6817174265"/>
    <nd ref="7731264279"/>
    <nd ref="4459313895"/>
    <tag k="highway" v="residential"/>
    <tag k="lit" v="yes"/>
    <tag k="name" v="Chestnut Way"/>
    <tag k="source" v="GPS survey"/>
    <tag k="surface" v="asphalt"/>
  </way>
  <way id="448963761" version="2" timestamp="2020-07-20T13:11:06Z" changeset="88248917" uid="9065" user="brianboru">
    <nd ref="4459313906"/>
    <nd ref="4459313909"/>
    <nd ref="4459313911"/>
    <nd ref="7731266498"/>
    <nd ref="7731266404"/>
    <nd ref="4459313914"/>
    <nd ref="4459313916"/>
    <nd ref="7731266405"/>
    <nd ref="7731266406"/>
    <nd ref="7731266409"/>
    <nd ref="7731266408"/>
    <nd ref="7731266407"/>
    <nd ref="4459313918"/>
    <nd ref="4459313913"/>
    <nd ref="4459313910"/>
    <nd ref="7731261868"/>
    <tag k="highway" v="residential"/>
    <tag k="name" v="Copenhagen Way"/>
    <tag k="source" v="GPS survey"/>
  </way>
  <way id="448963762" version="3" timestamp="2022-03-23T14:24:16Z" changeset="118824145" uid="705850" user="Cebderby">
    <nd ref="4459313900"/>
    <nd ref="9599909383"/>
    <nd ref="9599909382"/>
    <nd ref="9599909381"/>
    <nd ref="4459313899"/>
    <nd ref="9599909373"/>
    <nd ref="7731235380"/>
    <nd ref="7731235381"/>
    <nd ref="9599909372"/>
    <nd ref="9599909371"/>
    <nd ref="4459313896"/>
    <tag k="highway" v="residential"/>
    <tag k="name" v="Elm Place"/>
    <tag k="source" v="GPS survey"/>
  </way>
  <way id="448963764" version="2" timestamp="2020-07-20T13:11:06Z" changeset="88248917" uid="9065" user="brianboru">
    <nd ref="7731266495"/>
    <nd ref="4459313904"/>
    <nd ref="7731266493"/>
    <nd ref="7731266496"/>
    <tag k="highway" v="residential"/>
    <tag k="name" v="Langston Way"/>
    <tag k="source" v="GPS survey"/>
  </way>
  <way id="448963767" version="3" timestamp="2022-03-23T14:24:16Z" changeset="118824145" uid="705850" user="Cebderby">
    <nd ref="9599909360"/>
    <nd ref="9599909361"/>
    <nd ref="4459313912"/>
    <nd ref="4459313903"/>
    <tag k="highway" v="residential"/>
    <tag k="name" v="Rowan Place"/>
    <tag k="source" v="GPS survey"/>
    <tag k="surface" v="asphalt"/>
  </way>
  <way id="448963769" version="3" timestamp="2020-09-28T18:00:17Z" changeset="91660326" uid="11286310" user="Manateedriver">
    <nd ref="6817174306"/>
    <nd ref="4459313894"/>
    <nd ref="6817174255"/>
    <tag k="highway" v="residential"/>
    <tag k="name" v="Russet Way"/>
    <tag k="source" v="GPS survey"/>
    <tag k="surface" v="asphalt"/>
  </way>
  <way id="449000645" version="1" timestamp="2016-10-22T21:29:38Z" changeset="43089890" uid="346039" user="fitzsimons">
    <nd ref="4459656286"/>
    <nd ref="4459656287"/>
    <tag k="highway" v="residential"/>
    <tag k="name" v="Nelson Way"/>
    <tag k="source" v="survey"/>
  </way>
  <way id="449000646" version="1" timestamp="2016-10-22T21:29:38Z" changeset="43089890" uid="346039" user="fitzsimons">
    <nd ref="4459656285"/>
    <nd ref="4459656286"/>
    <nd ref="4459656288"/>
    <tag k="highway" v="residential"/>
    <tag k="name" v="Nelson Way"/>
    <tag k="source" v="survey"/>
  </way>
  <way id="454349934" version="4" timestamp="2020-10-29T10:52:01Z" changeset="93231227" uid="11286310" user="Manateedriver">
    <nd ref="497182097"/>
    <nd ref="1402484385"/>
    <nd ref="4509156877"/>
    <nd ref="254002631"/>
    <tag k="highway" v="residential"/>
    <tag k="lit" v="yes"/>
    <tag k="name" v="Bramley Way"/>
    <tag k="oneway" v="yes"/>
    <tag k="source" v="bing"/>
    <tag k="surface" v="asphalt"/>
  </way>
  <way id="456770383" version="1" timestamp="2016-11-30T12:43:34Z" changeset="44059008" uid="2606200" user="GEES +40">
    <nd ref="4530082208"/>
    <nd ref="4530082209"/>
    <nd ref="4530082210"/>
    <nd ref="4530082211"/>
    <nd ref="4530082212"/>
    <nd ref="4530082213"/>
    <nd ref="4530082214"/>
    <nd ref="4530082215"/>
    <nd ref="4530082216"/>
    <nd ref="4530082217"/>
    <nd ref="4530082218"/>
    <nd ref="4530082219"/>
    <nd ref="4530082220"/>
    <nd ref="4530082221"/>
    <nd ref="4530082222"/>
    <nd ref="4530082223"/>
    <nd ref="4530082224"/>
    <nd ref="4530082208"/>
    <tag k="addr:city" v="Stratford-on-Avon"/>
    <tag k="addr:housename" v="Bush House"/>
    <tag k="addr:housenumber" v="36"/>
    <tag k="addr:postcode" v="B50 4HL"/>
    <tag k="addr:street" v="High Street"/>
    <tag k="building" v="house"/>
    <tag k="building:levels" v="2"/>
    <tag k="description" v="Grade 2 Listed"/>
    <tag k="name" v="Bush House // Best House in Warwickshire"/>
  </way>
  <way id="488648875" version="2" timestamp="2021-06-28T09:23:24Z" changeset="107075534" uid="10457692" user="pravallg">
    <nd ref="2443837268"/>
    <nd ref="2443837245"/>
    <nd ref="8871590012"/>
    <nd ref="298848536"/>
    <nd ref="2456993705"/>
    <nd ref="1402615492"/>
    <tag k="highway" v="tertiary"/>
    <tag k="maxspeed" v="40 mph"/>
    <tag k="name" v="Waterloo Road"/>
    <tag k="source" v="survey"/>
  </way>
  <way id="488648877" version="2" timestamp="2021-03-21T15:35:07Z" changeset="101444889" uid="9065" user="brianboru">
    <nd ref="523052975"/>
    <nd ref="298848522"/>
    <nd ref="2323161374"/>
    <nd ref="298848526"/>
    <nd ref="2427278103"/>
    <nd ref="2323161358"/>
    <nd ref="8544478292"/>
    <nd ref="298848530"/>
    <nd ref="2443837268"/>
    <tag k="highway" v="tertiary"/>
    <tag k="name" v="Waterloo Road"/>
    <tag k="source" v="survey"/>
  </way>
  <way id="497933743" version="1" timestamp="2017-06-03T19:39:56Z" changeset="49227878" uid="6117578" user="Topiary">
    <nd ref="4096989769"/>
    <nd ref="4894292739"/>
    <nd ref="4894292738"/>
    <tag k="highway" v="residential"/>
  </way>
  <way id="497933744" version="1" timestamp="2017-06-03T19:39:56Z" changeset="49227878" uid="6117578" user="Topiary">
    <nd ref="4894292740"/>
    <nd ref="4894292739"/>
    <tag k="highway" v="residential"/>
  </way>
  <way id="497933745" version="1" timestamp="2017-06-03T19:39:56Z" changeset="49227878" uid="6117578" user="Topiary">
    <nd ref="4894292741"/>
    <nd ref="4894292742"/>
    <nd ref="4894292743"/>
    <nd ref="4894292744"/>
    <nd ref="4894292745"/>
    <nd ref="4894292740"/>
    <tag k="highway" v="residential"/>
  </way>
  <way id="525220169" version="7" timestamp="2024-02-01T21:57:24Z" changeset="146963499" uid="20727137" user="JXL56JLI0B">
    <nd ref="5109853052"/>
    <nd ref="6817174260"/>
    <nd ref="4459313919"/>
    <nd ref="11096610377"/>
    <nd ref="4459656287"/>
    <nd ref="4459313906"/>
    <nd ref="9838017069"/>
    <nd ref="11577662846"/>
    <nd ref="523225513"/>
    <nd ref="298848548"/>
    <nd ref="597234275"/>
    <nd ref="523225511"/>
    <nd ref="597234269"/>
    <nd ref="523249084"/>
    <nd ref="5378271129"/>
    <nd ref="5314879278"/>
    <nd ref="298848553"/>
    <nd ref="597215007"/>
    <nd ref="523251093"/>
    <nd ref="5314879298"/>
    <nd ref="597215004"/>
    <nd ref="298848555"/>
    <tag k="highway" v="tertiary"/>
    <tag k="maxspeed" v="30 mph"/>
    <tag k="name" v="Waterloo Road"/>
    <tag k="source" v="survey"/>
  </way>
  <way id="525220172" version="2" timestamp="2022-03-23T14:24:16Z" changeset="118824145" uid="705850" user="Cebderby">
    <nd ref="5109853052"/>
    <nd ref="9599909358"/>
    <nd ref="5109853051"/>
    <nd ref="5109853055"/>
    <nd ref="5109853043"/>
    <nd ref="5109853045"/>
    <nd ref="5109853044"/>
    <nd ref="5109853047"/>
    <nd ref="5109853053"/>
    <nd ref="5109853046"/>
    <nd ref="5109853049"/>
    <nd ref="5109853057"/>
    <nd ref="5109853054"/>
    <nd ref="5109853048"/>
    <nd ref="5109853056"/>
    <nd ref="5109853050"/>
    <nd ref="5109853058"/>
    <nd ref="5109853052"/>
    <tag k="highway" v="tertiary"/>
    <tag k="junction" v="roundabout"/>
  </way>
  <way id="525220173" version="2" timestamp="2018-01-02T15:49:22Z" changeset="55104390" uid="9065" user="brianboru">
    <nd ref="298848555"/>
    <nd ref="1402512909"/>
    <nd ref="5316594358"/>
    <nd ref="29940385"/>
    <nd ref="1402512908"/>
    <nd ref="1402512907"/>
    <nd ref="1402512903"/>
    <nd ref="29940386"/>
    <nd ref="523187692"/>
    <nd ref="523255318"/>
    <nd ref="29940387"/>
    <tag k="highway" v="secondary"/>
    <tag k="maxspeed" v="30 mph"/>
    <tag k="name" v="Tower Hill"/>
    <tag k="ref" v="B439"/>
  </way>
  <way id="525220174" version="2" timestamp="2020-09-28T14:43:40Z" changeset="91649440" uid="11286310" user="Manateedriver">
    <nd ref="1402484348"/>
    <nd ref="1402484355"/>
    <nd ref="1402484357"/>
    <nd ref="254002629"/>
    <tag k="highway" v="secondary"/>
    <tag k="oneway" v="yes"/>
    <tag k="ref" v="B349"/>
    <tag k="source" v="survey"/>
    <tag k="surface" v="asphalt"/>
  </way>
  <way id="542830721" version="2" timestamp="2020-09-28T14:08:19Z" changeset="91647348" uid="11286310" user="Manateedriver">
    <nd ref="254002633"/>
    <nd ref="635891987"/>
    <nd ref="254002635"/>
    <nd ref="635891990"/>
    <nd ref="523021309"/>
    <tag k="highway" v="secondary"/>
    <tag k="junction" v="roundabout"/>
    <tag k="maxspeed" v="30 mph"/>
    <tag k="source:maxspeed" v="survey"/>
    <tag k="surface" v="asphalt"/>
  </way>
  <way id="542830724" version="4" timestamp="2021-11-16T15:54:38Z" changeset="113857852" uid="9065" user="brianboru">
    <nd ref="522104330"/>
    <nd ref="871735370"/>
    <nd ref="5316594299"/>
    <nd ref="354560175"/>
    <nd ref="522139866"/>
    <nd ref="254002639"/>
    <nd ref="7272069097"/>
    <nd ref="9257073024"/>
    <nd ref="254002638"/>
    <tag k="highway" v="unclassified"/>
    <tag k="name" v="High Street"/>
  </way>
  <way id="549812658" version="1" timestamp="2017-12-29T22:25:24Z" changeset="55022093" uid="9065" user="brianboru">
    <nd ref="5310985846"/>
    <nd ref="597265162"/>
    <nd ref="5310985845"/>
    <tag k="highway" v="residential"/>
    <tag k="name" v="Mill Close"/>
    <tag k="source" v="Warwicks CC Aerial Imagery 2013"/>
  </way>
  <way id="549812660" version="1" timestamp="2017-12-29T22:25:24Z" changeset="55022093" uid="9065" user="brianboru">
    <nd ref="5310985867"/>
    <nd ref="597265159"/>
    <nd ref="5310985866"/>
    <tag k="highway" v="residential"/>
    <tag k="name" v="Millers Bank"/>
    <tag k="source" v="Warwicks CC Aerial Imagery 2013"/>
  </way>
  <way id="549812662" version="1" timestamp="2017-12-29T22:25:24Z" changeset="55022093" uid="9065" user="brianboru">
    <nd ref="5310985875"/>
    <nd ref="5310985874"/>
    <tag k="highway" v="residential"/>
    <tag k="name" v="Albion Terrace"/>
    <tag k="source" v="Warwicks CC Aerial Imagery 2013"/>
  </way>
  <way id="549812670" version="3" timestamp="2022-03-14T10:29:34Z" changeset="118464072" uid="9065" user="brianboru">
    <nd ref="5310986035"/>
    <nd ref="5310986034"/>
    <nd ref="5310986033"/>
    <nd ref="5310986032"/>
    <nd ref="5310986031"/>
    <nd ref="5310986030"/>
    <nd ref="5310986029"/>
    <nd ref="5310986028"/>
    <nd ref="5310986027"/>
    <nd ref="5310986026"/>
    <nd ref="5310986025"/>
    <nd ref="5310986024"/>
    <nd ref="5310986023"/>
    <nd ref="5310986022"/>
    <nd ref="5310986021"/>
    <nd ref="5310982220"/>
    <nd ref="5310982219"/>
    <nd ref="5310982218"/>
    <nd ref="5310982217"/>
    <nd ref="5310982216"/>
    <nd ref="5310982215"/>
    <nd ref="5310982214"/>
    <nd ref="5310982213"/>
    <nd ref="5310982212"/>
    <nd ref="5310982211"/>
    <nd ref="5310982210"/>
    <nd ref="5310986035"/>
    <tag k="addr:city" v="Alcester"/>
    <tag k="addr:postcode" v="B50 4HE"/>
    <tag k="addr:street" v="Bidford Road"/>
    <tag k="addr:suburb" v="Broom"/>
    <tag k="building" v="yes"/>
    <tag k="name" v="Broom Hall"/>
    <tag k="source" v="Warwicks CC Aerial Imagery 2013"/>
    <tag k="tourism" v="hotel"/>
    <tag k="wikidata" v="Q26275574"/>
  </way>
  <way id="549812691" version="1" timestamp="2017-12-29T22:25:28Z" changeset="55022093" uid="9065" user="brianboru">
    <nd ref="5310986166"/>
    <nd ref="5310986165"/>
    <tag k="highway" v="residential"/>
    <tag k="name" v="Jacksons Meadow"/>
    <tag k="source" v="Warwicks CC Aerial Imagery 2013"/>
  </way>
  <way id="550261798" version="2" timestamp="2020-09-28T14:08:09Z" changeset="91647341" uid="11286310" user="Manateedriver">
    <nd ref="5314879697"/>
    <nd ref="5314879692"/>
    <nd ref="5314879691"/>
    <nd ref="5314879690"/>
    <nd ref="5314879696"/>
    <nd ref="5314879697"/>
    <tag k="addr:city" v="Bidford on Avon"/>
    <tag k="addr:housenumber" v="7"/>
    <tag k="addr:postcode" v="B50 4AP"/>
    <tag k="addr:street" v="The Meadows"/>
    <tag k="building" v="residential"/>
    <tag k="source" v="Warwicks CC Aerial Imagery 2013"/>
  </way>
  <way id="550261799" version="2" timestamp="2020-09-28T14:08:10Z" changeset="91647341" uid="11286310" user="Manateedriver">
    <nd ref="5314879698"/>
    <nd ref="5314879697"/>
    <nd ref="5314879696"/>
    <nd ref="5314879695"/>
    <nd ref="5314879694"/>
    <nd ref="5314879693"/>
    <nd ref="5314879698"/>
    <tag k="addr:city" v="Bidford on Avon"/>
    <tag k="addr:housenumber" v="8"/>
    <tag k="addr:postcode" v="B50 4AP"/>
    <tag k="addr:street" v="The Meadows"/>
    <tag k="building" v="residential"/>
    <tag k="source" v="Warwicks CC Aerial Imagery 2013"/>
  </way>
  <way id="550261800" version="1" timestamp="2018-01-01T15:27:31Z" changeset="55078550" uid="9065" user="brianboru">
    <nd ref="5314879703"/>
    <nd ref="5314879702"/>
    <tag k="highway" v="residential"/>
    <tag k="name" v="Burnell Close"/>
    <tag k="source" v="Warwicks CC Aerial Imagery 2013"/>
  </way>
  <way id="550449600" version="3" timestamp="2020-07-10T16:25:51Z" changeset="87825972" uid="11286310" user="Manateedriver">
    <nd ref="5316591957"/>
    <nd ref="5316591956"/>
    <nd ref="5316591955"/>
    <nd ref="5316591954"/>
    <nd ref="5316591957"/>
    <tag k="addr:city" v="Bidford on Avon"/>
    <tag k="addr:housenumber" v="5"/>
    <tag k="addr:postcode" v="B50 4EG"/>
    <tag k="addr:street" v="Holder Close"/>
    <tag k="building" v="residential"/>
    <tag k="source" v="Warwicks CC Aerial Imagery 2013"/>
  </way>
  <way id="555440811" version="4" timestamp="2024-04-22T22:51:38Z" changeset="150369039" uid="6816132" user="CjMalone">
    <nd ref="4255751995"/>
    <nd ref="9689465185"/>
    <nd ref="4255751996"/>
    <nd ref="4255751997"/>
    <nd ref="4255751991"/>
    <nd ref="4255751990"/>
    <nd ref="9689465186"/>
    <nd ref="4255751995"/>
    <tag k="addr:city" v="Bidford on Avon"/>
    <tag k="addr:housenumber" v="95"/>
    <tag k="addr:postcode" v="B50 4BD"/>
    <tag k="addr:street" v="Salford Road"/>
    <tag k="amenity" v="fuel"/>
    <tag k="brand" v="Esso"/>
    <tag k="brand:wikidata" v="Q867662"/>
    <tag k="building" v="yes"/>
    <tag k="fhrs:id" v="502884"/>
    <tag k="name" v="Bidford Motor Company"/>
    <tag k="operator" v="Motor Fuel Group"/>
    <tag k="operator:website" v="https://www.motorfuelgroup.com/locations/bidford-on-avon-fs844/"/>
    <tag k="operator:wikidata" v="Q107271358"/>
    <tag k="source" v="Warwicks CC Aerial Imagery 2013"/>
  </way>
  <way id="555447371" version="2" timestamp="2018-02-07T08:09:28Z" changeset="56141339" uid="9065" user="brianboru">
    <nd ref="523067723"/>
    <nd ref="5314879675"/>
    <nd ref="5395237016"/>
    <nd ref="5395237017"/>
    <nd ref="523067725"/>
    <tag k="highway" v="residential"/>
    <tag k="name" v="Drayton Close"/>
  </way>
  <way id="555447425" version="3" timestamp="2020-09-28T14:08:11Z" changeset="91647344" uid="11286310" user="Manateedriver">
    <nd ref="5358967688"/>
    <nd ref="5358967687"/>
    <nd ref="5358967686"/>
    <nd ref="5358967685"/>
    <nd ref="5358967684"/>
    <nd ref="5358967683"/>
    <nd ref="5358967682"/>
    <nd ref="5358967681"/>
    <nd ref="5358967680"/>
    <nd ref="5358967679"/>
    <nd ref="5358967688"/>
    <tag k="addr:housenumber" v="1"/>
    <tag k="addr:street" v="The Meadows"/>
    <tag k="building" v="residential"/>
    <tag k="source" v="Warwicks CC Aerial Imagery 2013"/>
  </way>
  <way id="555447426" version="3" timestamp="2020-09-28T14:08:11Z" changeset="91647344" uid="11286310" user="Manateedriver">
    <nd ref="5358967692"/>
    <nd ref="5358967691"/>
    <nd ref="5358967690"/>
    <nd ref="5358967689"/>
    <nd ref="5358967692"/>
    <tag k="addr:housenumber" v="2,3"/>
    <tag k="addr:street" v="The Meadows"/>
    <tag k="building" v="residential"/>
    <tag k="source" v="Warwicks CC Aerial Imagery 2013"/>
  </way>
  <way id="555447427" version="3" timestamp="2020-09-28T14:08:12Z" changeset="91647344" uid="11286310" user="Manateedriver">
    <nd ref="5358967696"/>
    <nd ref="5358967695"/>
    <nd ref="5358967694"/>
    <nd ref="5358967693"/>
    <nd ref="5358967696"/>
    <tag k="addr:housenumber" v="4"/>
    <tag k="addr:street" v="The Meadows"/>
    <tag k="building" v="residential"/>
    <tag k="source" v="Warwicks CC Aerial Imagery 2013"/>
  </way>
  <way id="555447428" version="3" timestamp="2020-09-28T14:08:13Z" changeset="91647344" uid="11286310" user="Manateedriver">
    <nd ref="5358967466"/>
    <nd ref="5358967465"/>
    <nd ref="5358967464"/>
    <nd ref="5358967697"/>
    <nd ref="5358967466"/>
    <tag k="addr:housenumber" v="5"/>
    <tag k="addr:street" v="The Meadows"/>
    <tag k="building" v="residential"/>
    <tag k="source" v="Warwicks CC Aerial Imagery 2013"/>
  </way>
  <way id="555447429" version="3" timestamp="2020-09-28T14:08:13Z" changeset="91647344" uid="11286310" user="Manateedriver">
    <nd ref="5358967472"/>
    <nd ref="5358967471"/>
    <nd ref="5358967470"/>
    <nd ref="5358967469"/>
    <nd ref="5358967468"/>
    <nd ref="5358967467"/>
    <nd ref="5358967472"/>
    <tag k="addr:housenumber" v="6"/>
    <tag k="addr:street" v="The Meadows"/>
    <tag k="building" v="residential"/>
    <tag k="source" v="Warwicks CC Aerial Imagery 2013"/>
  </way>
  <way id="557052976" version="1" timestamp="2018-01-30T15:50:25Z" changeset="55898195" uid="9065" user="brianboru">
    <nd ref="597234260"/>
    <nd ref="2288399041"/>
    <nd ref="5372787950"/>
    <tag k="highway" v="residential"/>
    <tag k="name" v="Longford Close"/>
  </way>
  <way id="557052977" version="1" timestamp="2018-01-30T15:50:25Z" changeset="55898195" uid="9065" user="brianboru">
    <nd ref="597234258"/>
    <nd ref="597234259"/>
    <tag k="highway" v="residential"/>
    <tag k="name" v="Jubilee Close"/>
  </way>
  <way id="557058965" version="1" timestamp="2018-01-30T16:22:59Z" changeset="55899182" uid="9065" user="brianboru">
    <nd ref="597234265"/>
    <nd ref="5372842769"/>
    <tag k="highway" v="residential"/>
    <tag k="source" v="Warwicks CC Aerial Imagery 2013"/>
  </way>
  <way id="557691528" version="3" timestamp="2022-03-14T14:03:01Z" changeset="118471418" uid="9065" user="brianboru">
    <nd ref="5378271150"/>
    <nd ref="5378271149"/>
    <nd ref="5378271148"/>
    <nd ref="5378271147"/>
    <nd ref="5378271150"/>
    <tag k="addr:city" v="Bidford on Avon"/>
    <tag k="addr:housenumber" v="8,6"/>
    <tag k="addr:postcode" v="B50 4DP"/>
    <tag k="addr:street" v="Waterloo Crescent"/>
    <tag k="building" v="residential"/>
    <tag k="source" v="Warwicks CC Aerial Imagery 2013"/>
  </way>
  <way id="557691636" version="1" timestamp="2018-02-01T16:08:13Z" changeset="55970057" uid="9065" user="brianboru">
    <nd ref="1545771505"/>
    <nd ref="2443806453"/>
    <nd ref="1545771338"/>
    <nd ref="1545771424"/>
    <tag k="highway" v="secondary"/>
    <tag k="maxspeed" v="30 mph"/>
    <tag k="name" v="Stratford Road"/>
    <tag k="ref" v="B439"/>
  </way>
  <way id="557692410" version="3" timestamp="2020-07-19T09:21:12Z" changeset="88195017" uid="11286310" user="Manateedriver">
    <nd ref="5378278280"/>
    <nd ref="5378278278"/>
    <tag k="highway" v="residential"/>
    <tag k="lit" v="yes"/>
    <tag k="source" v="Warwicks CC Aerial Imagery 2013"/>
    <tag k="surface" v="asphalt"/>
  </way>
  <way id="557692411" version="3" timestamp="2020-07-19T09:21:10Z" changeset="88195017" uid="11286310" user="Manateedriver">
    <nd ref="5378278282"/>
    <nd ref="5378278281"/>
    <nd ref="5378278280"/>
    <nd ref="5378278279"/>
    <tag k="highway" v="residential"/>
    <tag k="lit" v="yes"/>
    <tag k="source" v="Warwicks CC Aerial Imagery 2013"/>
    <tag k="surface" v="asphalt"/>
  </way>
  <way id="557692421" version="2" timestamp="2020-07-19T09:21:26Z" changeset="88195011" uid="11286310" user="Manateedriver">
    <nd ref="5378279829"/>
    <nd ref="5378279828"/>
    <tag k="highway" v="residential"/>
    <tag k="name" v="Friday Close"/>
    <tag k="source" v="Warwicks CC Aerial Imagery 2013"/>
    <tag k="surface" v="asphalt"/>
  </way>
  <way id="558803775" version="1" timestamp="2018-02-05T12:59:01Z" changeset="56084250" uid="9065" user="brianboru">
    <nd ref="5389728550"/>
    <nd ref="5389728549"/>
    <tag k="highway" v="residential"/>
    <tag k="name" v="Wilkes Way"/>
    <tag k="source" v="Warwicks CC Aerial Imagery 2013"/>
  </way>
  <way id="559515045" version="4" timestamp="2025-01-21T20:26:57Z" changeset="161614451" uid="2902870" user="gseglenieks">
    <nd ref="5396387339"/>
    <nd ref="5396387338"/>
    <nd ref="5396387335"/>
    <nd ref="5396387334"/>
    <nd ref="5396387333"/>
    <nd ref="5396387332"/>
    <nd ref="5396387339"/>
    <tag k="addr:city" v="Bidford-on-Avon"/>
    <tag k="addr:housenumber" v="5"/>
    <tag k="addr:postcode" v="B50 4BA"/>
    <tag k="addr:street" v="Queensway"/>
    <tag k="building" v="residential"/>
    <tag k="source" v="Warwicks CC Aerial Imagery 2013"/>
  </way>
  <way id="590834853" version="4" timestamp="2020-07-20T13:21:54Z" changeset="88249399" uid="9065" user="brianboru">
    <nd ref="5640186165"/>
    <nd ref="7731275412"/>
    <nd ref="5759000737"/>
    <nd ref="7731275411"/>
    <tag k="highway" v="residential"/>
    <tag k="name" v="Boss Way"/>
    <tag k="source" v="GPS survey"/>
    <tag k="surface" v="asphalt"/>
  </way>
  <way id="590834854" version="4" timestamp="2021-11-10T17:23:38Z" changeset="113618467" uid="9065" user="brianboru">
    <nd ref="5640186165"/>
    <nd ref="9241234528"/>
    <nd ref="5640186168"/>
    <tag k="highway" v="residential"/>
    <tag k="name" v="Hipbag Lane"/>
    <tag k="source" v="GPS survey"/>
    <tag k="surface" v="asphalt"/>
  </way>
  <way id="590835178" version="4" timestamp="2022-03-23T13:36:33Z" changeset="118822220" uid="705850" user="Cebderby">
    <nd ref="26125425"/>
    <nd ref="5640191123"/>
    <nd ref="5640191124"/>
    <nd ref="5640191125"/>
    <nd ref="5640191126"/>
    <nd ref="9599809442"/>
    <nd ref="5640191127"/>
    <tag k="highway" v="residential"/>
    <tag k="name" v="Avon Way"/>
    <tag k="source" v="GPS survey"/>
    <tag k="surface" v="asphalt"/>
  </way>
  <way id="590835179" version="3" timestamp="2020-08-27T16:43:04Z" changeset="90037826" uid="705850" user="Cebderby">
    <nd ref="5640191128"/>
    <nd ref="5640191130"/>
    <tag k="highway" v="residential"/>
    <tag k="name" v="Arrow Way"/>
    <tag k="source" v="GPS survey"/>
    <tag k="surface" v="paving_stones"/>
  </way>
  <way id="591357924" version="2" timestamp="2020-10-04T16:19:33Z" changeset="91938651" uid="11286310" user="Manateedriver">
    <nd ref="5645771836"/>
    <nd ref="26125433"/>
    <nd ref="523095953"/>
    <nd ref="523095951"/>
    <nd ref="1402484325"/>
    <nd ref="26125434"/>
    <nd ref="523134858"/>
    <nd ref="1402484348"/>
    <tag k="highway" v="secondary"/>
    <tag k="lanes" v="2"/>
    <tag k="name" v="Salford Road"/>
    <tag k="old_ref" v="A439"/>
    <tag k="ref" v="B439"/>
    <tag k="surface" v="asphalt"/>
  </way>
  <way id="591357931" version="2" timestamp="2020-10-04T16:19:25Z" changeset="91938651" uid="11286310" user="Manateedriver">
    <nd ref="523102343"/>
    <nd ref="5645771836"/>
    <tag k="highway" v="secondary"/>
    <tag k="lanes" v="2"/>
    <tag k="name" v="Salford Road"/>
    <tag k="old_ref" v="A439"/>
    <tag k="ref" v="B439"/>
    <tag k="surface" v="asphalt"/>
  </way>
  <way id="591357936" version="1" timestamp="2018-05-27T12:47:59Z" changeset="59312875" uid="346039" user="fitzsimons">
    <nd ref="2041533054"/>
    <nd ref="523102345"/>
    <nd ref="523102347"/>
    <nd ref="5316594562"/>
    <tag k="highway" v="residential"/>
    <tag k="name" v="Holland Close"/>
  </way>
  <way id="591357940" version="1" timestamp="2018-05-27T12:47:59Z" changeset="59312875" uid="346039" user="fitzsimons">
    <nd ref="523102356"/>
    <nd ref="2041533054"/>
    <tag k="highway" v="residential"/>
    <tag k="name" v="Holland Close"/>
  </way>
  <way id="607747069" version="3" timestamp="2021-11-10T17:23:38Z" changeset="113618467" uid="9065" user="brianboru">
    <nd ref="9241234489"/>
    <nd ref="5759000735"/>
    <nd ref="5640186164"/>
    <tag k="highway" v="residential"/>
    <tag k="name" v="Spangle Way"/>
    <tag k="source" v="GPS survey"/>
    <tag k="surface" v="asphalt"/>
  </way>
  <way id="627924718" version="1" timestamp="2018-09-25T02:49:05Z" changeset="62899184" uid="8476262" user="mohapd">
    <nd ref="1321916780"/>
    <nd ref="254002651"/>
    <tag k="designation" v="public_footpath"/>
    <tag k="highway" v="residential"/>
    <tag k="surface" v="unpaved"/>
    <tag k="tracktype" v="grade2"/>
  </way>
  <way id="673090351" version="5" timestamp="2021-11-10T17:23:38Z" changeset="113618467" uid="9065" user="brianboru">
    <nd ref="523095956"/>
    <nd ref="6303311526"/>
    <nd ref="6303311527"/>
    <nd ref="6303311528"/>
    <nd ref="6303311529"/>
    <nd ref="6303311530"/>
    <nd ref="6303311536"/>
    <nd ref="6303311531"/>
    <nd ref="6303311532"/>
    <nd ref="9241234890"/>
    <nd ref="6303311533"/>
    <nd ref="6303311534"/>
    <nd ref="6303311535"/>
    <tag k="highway" v="residential"/>
    <tag k="lit" v="yes"/>
    <tag k="name" v="Jacksons Meadow"/>
    <tag k="surface" v="asphalt"/>
  </way>
  <way id="673090352" version="4" timestamp="2020-09-11T20:26:51Z" changeset="90777021" uid="11286310" user="Manateedriver">
    <nd ref="6303311536"/>
    <nd ref="6303311537"/>
    <tag k="highway" v="residential"/>
    <tag k="lit" v="no"/>
    <tag k="name" v="Jacksons Meadow"/>
    <tag k="surface" v="asphalt"/>
  </way>
  <way id="681881669" version="7" timestamp="2022-03-23T13:56:04Z" changeset="118822940" uid="705850" user="Cebderby">
    <nd ref="6385797414"/>
    <nd ref="9599859024"/>
    <nd ref="9241142870"/>
    <nd ref="9241234437"/>
    <nd ref="9241234624"/>
    <nd ref="6385797416"/>
    <nd ref="9241142876"/>
    <nd ref="6385797417"/>
    <nd ref="6385797418"/>
    <nd ref="9241234655"/>
    <nd ref="6385797419"/>
    <nd ref="9241234432"/>
    <nd ref="7272097076"/>
    <nd ref="6385797420"/>
    <nd ref="9241234657"/>
    <nd ref="6385797421"/>
    <nd ref="9241234656"/>
    <nd ref="9241234654"/>
    <nd ref="6385797422"/>
    <nd ref="9241142879"/>
    <nd ref="6817189656"/>
    <nd ref="6817189624"/>
    <nd ref="7731275414"/>
    <nd ref="6817189639"/>
    <tag k="highway" v="residential"/>
    <tag k="name" v="Shield Way"/>
    <tag k="source" v="GPS survey"/>
    <tag k="surface" v="asphalt"/>
  </way>
  <way id="681884355" version="2" timestamp="2020-09-11T20:43:45Z" changeset="90774612" uid="11286310" user="Manateedriver">
    <nd ref="522959975"/>
    <nd ref="1402635502"/>
    <nd ref="1402635501"/>
    <nd ref="354560177"/>
    <nd ref="522104330"/>
    <tag k="highway" v="unclassified"/>
    <tag k="name" v="High Street"/>
    <tag k="surface" v="asphalt"/>
  </way>
  <way id="681885299" version="7" timestamp="2022-03-23T14:24:16Z" changeset="118824145" uid="705850" user="Cebderby">
    <nd ref="6905778448"/>
    <nd ref="8544493941"/>
    <nd ref="6817174193"/>
    <nd ref="6817174317"/>
    <nd ref="6817174290"/>
    <nd ref="8871589991"/>
    <nd ref="6385834755"/>
    <nd ref="6385834754"/>
    <nd ref="7731265720"/>
    <nd ref="9599909389"/>
    <nd ref="7731265731"/>
    <nd ref="7731265732"/>
    <nd ref="6817174188"/>
    <nd ref="7731203981"/>
    <nd ref="6385834753"/>
    <tag k="highway" v="residential"/>
    <tag k="name" v="Damson Way"/>
    <tag k="source" v="GPs survey;Maxar-Premium"/>
  </way>
  <way id="681885300" version="4" timestamp="2022-03-23T14:24:16Z" changeset="118824145" uid="705850" user="Cebderby">
    <nd ref="6385834756"/>
    <nd ref="9599909391"/>
    <nd ref="7731265685"/>
    <nd ref="6385834754"/>
    <tag k="highway" v="residential"/>
    <tag k="name" v="Mirabelle Close"/>
    <tag k="source" v="GPS survey"/>
    <tag k="surface" v="paving_stones"/>
  </way>
  <way id="681899801" version="6" timestamp="2022-03-23T13:36:33Z" changeset="118822220" uid="705850" user="Cebderby">
    <nd ref="5358908785"/>
    <nd ref="2443836860"/>
    <nd ref="26125425"/>
    <nd ref="9238905537"/>
    <nd ref="9599809424"/>
    <nd ref="26125426"/>
    <nd ref="9599809427"/>
    <nd ref="7127549436"/>
    <nd ref="597199152"/>
    <nd ref="9599809443"/>
    <nd ref="26125428"/>
    <nd ref="5640186166"/>
    <nd ref="1402615365"/>
    <nd ref="7127549439"/>
    <nd ref="597199162"/>
    <nd ref="597199159"/>
    <nd ref="7850565778"/>
    <nd ref="597199169"/>
    <nd ref="523088048"/>
    <nd ref="4459343335"/>
    <nd ref="26125431"/>
    <nd ref="523088056"/>
    <nd ref="7930494490"/>
    <nd ref="26125432"/>
    <nd ref="523102343"/>
    <tag k="highway" v="secondary"/>
    <tag k="lanes" v="2"/>
    <tag k="name" v="Salford Road"/>
    <tag k="old_ref" v="A439"/>
    <tag k="ref" v="B439"/>
  </way>
  <way id="681914537" version="2" timestamp="2022-08-30T10:14:35Z" changeset="125561259" uid="9065" user="brianboru">
    <nd ref="6386119764"/>
    <nd ref="6386119765"/>
    <nd ref="6386119766"/>
    <nd ref="6386119767"/>
    <nd ref="6386119764"/>
    <tag k="addr:city" v="Bidford on Avon"/>
    <tag k="addr:postcode" v="B50 4JH"/>
    <tag k="addr:street" v="Wellington Road"/>
    <tag k="building" v="yes"/>
    <tag k="name" v="Proplant"/>
    <tag k="shop" v="plant_hire"/>
  </way>
  <way id="681915267" version="3" timestamp="2022-03-23T13:36:33Z" changeset="118822220" uid="705850" user="Cebderby">
    <nd ref="5640191127"/>
    <nd ref="5640191128"/>
    <nd ref="9599809426"/>
    <nd ref="7850592003"/>
    <nd ref="5640191129"/>
    <tag k="highway" v="residential"/>
    <tag k="name" v="Avon Way"/>
    <tag k="source" v="GPS survey"/>
    <tag k="surface" v="paving_stones"/>
  </way>
  <way id="681915268" version="4" timestamp="2022-03-23T13:36:33Z" changeset="118822220" uid="705850" user="Cebderby">
    <nd ref="5640191129"/>
    <nd ref="9599809433"/>
    <nd ref="8278607252"/>
    <tag k="highway" v="residential"/>
    <tag k="name" v="Avon Way"/>
    <tag k="source" v="GPS survey"/>
    <tag k="surface" v="asphalt"/>
  </way>
  <way id="694746641" version="3" timestamp="2022-06-22T07:54:56Z" changeset="122698608" uid="9065" user="brianboru">
    <nd ref="6524802787"/>
    <nd ref="6524802788"/>
    <nd ref="6524802789"/>
    <nd ref="6524802792"/>
    <tag k="highway" v="residential"/>
  </way>
  <way id="722510239" version="3" timestamp="2021-11-10T16:50:37Z" changeset="113616994" uid="9065" user="brianboru">
    <nd ref="4459313890"/>
    <nd ref="6777235218"/>
    <nd ref="7731275458"/>
    <nd ref="6777235219"/>
    <nd ref="7731275457"/>
    <nd ref="6777235220"/>
    <nd ref="6777235221"/>
    <nd ref="6777235222"/>
    <nd ref="6777235224"/>
    <tag k="highway" v="residential"/>
  </way>
  <way id="727438088" version="4" timestamp="2022-03-23T14:24:16Z" changeset="118824145" uid="705850" user="Cebderby">
    <nd ref="6817174308"/>
    <nd ref="6817174207"/>
    <nd ref="6817174299"/>
    <nd ref="9599907710"/>
    <nd ref="9599907648"/>
    <nd ref="6817174231"/>
    <nd ref="9599907706"/>
    <nd ref="6817174240"/>
    <tag k="highway" v="residential"/>
    <tag k="name" v="Laxton Way"/>
    <tag k="source" v="Maxar-Premium"/>
    <tag k="source:name" v="OS_OpenMap_Local"/>
  </way>
  <way id="727438089" version="3" timestamp="2022-03-23T14:24:16Z" changeset="118824145" uid="705850" user="Cebderby">
    <nd ref="6817174193"/>
    <nd ref="6817174243"/>
    <nd ref="9599909396"/>
    <nd ref="6817150181"/>
    <nd ref="9599909395"/>
    <nd ref="6817174261"/>
    <nd ref="6817174233"/>
    <tag k="fixme" v="name?"/>
    <tag k="highway" v="residential"/>
    <tag k="source" v="Maxar-Premium"/>
  </way>
  <way id="727438090" version="5" timestamp="2022-03-23T14:24:16Z" changeset="118824145" uid="705850" user="Cebderby">
    <nd ref="4459313894"/>
    <nd ref="7731275461"/>
    <nd ref="7731275462"/>
    <nd ref="9599907635"/>
    <nd ref="6817174297"/>
    <nd ref="9241165715"/>
    <nd ref="4459313891"/>
    <nd ref="7731275460"/>
    <nd ref="9599907632"/>
    <nd ref="6817174245"/>
    <nd ref="4459313890"/>
    <tag k="highway" v="residential"/>
    <tag k="name" v="Russet Way"/>
    <tag k="source" v="GPS survey"/>
    <tag k="surface" v="asphalt"/>
  </way>
  <way id="727438093" version="2" timestamp="2021-11-09T19:54:32Z" changeset="113581621" uid="9065" user="brianboru">
    <nd ref="6817174271"/>
    <nd ref="6817174319"/>
    <nd ref="6817174267"/>
    <nd ref="6817174204"/>
    <tag k="highway" v="residential"/>
    <tag k="source" v="Maxar-Premium"/>
  </way>
  <way id="727438094" version="2" timestamp="2020-07-20T13:11:06Z" changeset="88248917" uid="9065" user="brianboru">
    <nd ref="4459313921"/>
    <nd ref="7731265763"/>
    <nd ref="7731265764"/>
    <nd ref="4459313922"/>
    <tag k="highway" v="residential"/>
    <tag k="name" v="Ash Place"/>
    <tag k="source" v="GPS survey"/>
  </way>
  <way id="727438098" version="4" timestamp="2022-03-23T14:24:16Z" changeset="118824145" uid="705850" user="Cebderby">
    <nd ref="6817174195"/>
    <nd ref="6817174207"/>
    <tag k="highway" v="residential"/>
    <tag k="name" v="Laxton Way"/>
    <tag k="source" v="Maxar-Premium"/>
    <tag k="source:name" v="OS_OpenMap_Local"/>
  </way>
  <way id="727438099" version="3" timestamp="2022-03-23T14:24:16Z" changeset="118824145" uid="705850" user="Cebderby">
    <nd ref="6817174246"/>
    <nd ref="9599907651"/>
    <nd ref="6817174313"/>
    <nd ref="6817174204"/>
    <nd ref="6817174197"/>
    <nd ref="9599909331"/>
    <nd ref="6817174287"/>
    <tag k="highway" v="residential"/>
    <tag k="name" v="Valor Drive"/>
    <tag k="source" v="Maxar-Premium"/>
    <tag k="source:name" v="OS_OpenMap_Local"/>
  </way>
  <way id="727438100" version="2" timestamp="2021-11-09T19:54:32Z" changeset="113581621" uid="9065" user="brianboru">
    <nd ref="6817150183"/>
    <nd ref="6817174261"/>
    <tag k="highway" v="residential"/>
    <tag k="source" v="Maxar-Premium"/>
  </way>
  <way id="727438101" version="2" timestamp="2021-11-09T19:54:32Z" changeset="113581621" uid="9065" user="brianboru">
    <nd ref="6817174268"/>
    <nd ref="6817174319"/>
    <tag k="highway" v="residential"/>
    <tag k="source" v="Maxar-Premium"/>
  </way>
  <way id="727438102" version="5" timestamp="2022-03-23T14:24:16Z" changeset="118824145" uid="705850" user="Cebderby">
    <nd ref="6817174270"/>
    <nd ref="6817174240"/>
    <nd ref="9599907707"/>
    <nd ref="6817174269"/>
    <nd ref="6817174249"/>
    <nd ref="6817174239"/>
    <nd ref="6817174237"/>
    <nd ref="9599909327"/>
    <nd ref="6817174236"/>
    <nd ref="9599909328"/>
    <nd ref="6817174234"/>
    <nd ref="9599909329"/>
    <nd ref="6817174238"/>
    <nd ref="6817174229"/>
    <nd ref="6817174287"/>
    <nd ref="9599909330"/>
    <nd ref="6817174284"/>
    <nd ref="9599907685"/>
    <nd ref="6817174253"/>
    <nd ref="9238921406"/>
    <nd ref="6817174262"/>
    <nd ref="9599909397"/>
    <nd ref="6817174259"/>
    <nd ref="6905778448"/>
    <tag k="highway" v="residential"/>
    <tag k="name" v="Damson Way"/>
    <tag k="source" v="Maxar-Premium"/>
  </way>
  <way id="727438104" version="3" timestamp="2022-06-22T07:09:59Z" changeset="122696599" uid="9065" user="brianboru">
    <nd ref="6817174239"/>
    <nd ref="6817174257"/>
    <nd ref="6817174196"/>
    <nd ref="6817174210"/>
    <nd ref="6817174314"/>
    <nd ref="6817174313"/>
    <tag k="highway" v="residential"/>
    <tag k="name" v="Opal Row"/>
    <tag k="source" v="Maxar-Premium"/>
  </way>
  <way id="727440022" version="3" timestamp="2022-03-23T13:56:04Z" changeset="118822940" uid="705850" user="Cebderby">
    <nd ref="6817189662"/>
    <nd ref="6817189616"/>
    <tag k="fixme" v="name?"/>
    <tag k="highway" v="residential"/>
    <tag k="source" v="maxar"/>
  </way>
  <way id="727440024" version="1" timestamp="2019-09-23T10:49:13Z" changeset="74800360" uid="705850" user="Cebderby">
    <nd ref="6817189621"/>
    <nd ref="5640186168"/>
    <nd ref="5640186169"/>
    <tag k="highway" v="residential"/>
    <tag k="name" v="Hipbag Lane"/>
    <tag k="source" v="GPS survey"/>
  </way>
  <way id="727440026" version="4" timestamp="2022-06-22T06:52:34Z" changeset="122695841" uid="9065" user="brianboru">
    <nd ref="6817189632"/>
    <nd ref="6817189662"/>
    <nd ref="6817189636"/>
    <nd ref="6817189667"/>
    <nd ref="6817189664"/>
    <nd ref="6817189618"/>
    <nd ref="9241234431"/>
    <nd ref="6817189628"/>
    <nd ref="9599859040"/>
    <tag k="highway" v="residential"/>
    <tag k="name" v="Spearhead Road"/>
    <tag k="source" v="maxar"/>
  </way>
  <way id="727440027" version="3" timestamp="2021-11-10T17:23:38Z" changeset="113618467" uid="9065" user="brianboru">
    <nd ref="6817189663"/>
    <nd ref="6817189633"/>
    <nd ref="6817189623"/>
    <nd ref="6817189613"/>
    <nd ref="5640186166"/>
    <tag k="highway" v="residential"/>
    <tag k="name" v="Spearhead Road"/>
    <tag k="source" v="GPS survey"/>
    <tag k="surface" v="asphalt"/>
  </way>
  <way id="727440029" version="6" timestamp="2022-03-23T13:56:04Z" changeset="118822940" uid="705850" user="Cebderby">
    <nd ref="6817189632"/>
    <nd ref="6385797415"/>
    <nd ref="6385797414"/>
    <nd ref="6817189666"/>
    <nd ref="9241234565"/>
    <nd ref="6385797413"/>
    <nd ref="5640186164"/>
    <nd ref="5759000736"/>
    <nd ref="9599859046"/>
    <nd ref="5640186165"/>
    <nd ref="9599859045"/>
    <nd ref="6817189663"/>
    <tag k="highway" v="residential"/>
    <tag k="name" v="Spearhead Road"/>
    <tag k="source" v="Maxar-Premium;GPS survey"/>
    <tag k="surface" v="asphalt"/>
  </way>
  <way id="727440030" version="3" timestamp="2022-03-23T13:56:04Z" changeset="118822940" uid="705850" user="Cebderby">
    <nd ref="6817189631"/>
    <nd ref="6817189649"/>
    <nd ref="6817189646"/>
    <tag k="highway" v="residential"/>
    <tag k="name" v="Quern Stone Lane"/>
    <tag k="source" v="maxar"/>
    <tag k="source:name" v="OS_OpenMap_Local"/>
  </way>
  <way id="737582303" version="3" timestamp="2022-03-23T14:24:16Z" changeset="118824145" uid="705850" user="Cebderby">
    <nd ref="6905778441"/>
    <nd ref="9599909384"/>
    <nd ref="9599909379"/>
    <nd ref="5640159103"/>
    <tag k="highway" v="residential"/>
    <tag k="name" v="Birch Place"/>
    <tag k="source" v="GPS survey"/>
    <tag k="surface" v="asphalt"/>
  </way>
  <way id="737582305" version="1" timestamp="2019-10-22T13:30:57Z" changeset="76051819" uid="346039" user="fitzsimons">
    <nd ref="6905778451"/>
    <nd ref="6905778452"/>
    <nd ref="6905778453"/>
    <nd ref="6905778454"/>
    <nd ref="6905778451"/>
    <tag k="building" v="apartments"/>
    <tag k="construction" v="residential"/>
    <tag k="landuse" v="construction"/>
    <tag k="name" v="River Views"/>
    <tag k="source" v="drive-by survey"/>
  </way>
  <way id="828145443" version="1" timestamp="2020-07-20T13:11:05Z" changeset="88248917" uid="9065" user="brianboru">
    <nd ref="7731265686"/>
    <nd ref="7731265685"/>
    <tag k="highway" v="residential"/>
    <tag k="name" v="Mirabelle Close"/>
    <tag k="source" v="bing"/>
  </way>
  <way id="828145574" version="1" timestamp="2020-07-20T13:11:06Z" changeset="88248917" uid="9065" user="brianboru">
    <nd ref="7731266494"/>
    <nd ref="4459313910"/>
    <tag k="highway" v="residential"/>
    <tag k="name" v="Langston Way"/>
    <tag k="source" v="GPS survey"/>
  </way>
  <way id="828145575" version="1" timestamp="2020-07-20T13:11:06Z" changeset="88248917" uid="9065" user="brianboru">
    <nd ref="4459313914"/>
    <nd ref="7731266497"/>
    <nd ref="4459313904"/>
    <tag k="highway" v="residential"/>
    <tag k="name" v="Langston Way"/>
    <tag k="source" v="GPS survey"/>
  </way>
  <way id="828145577" version="2" timestamp="2020-09-11T20:53:51Z" changeset="90774612" uid="11286310" user="Manateedriver">
    <nd ref="7731266504"/>
    <nd ref="4459313903"/>
    <nd ref="7731266503"/>
    <tag k="highway" v="residential"/>
    <tag k="name" v="Rowan Place"/>
    <tag k="source" v="bing"/>
    <tag k="surface" v="asphalt"/>
  </way>
  <way id="828145598" version="1" timestamp="2020-07-20T13:11:06Z" changeset="88248917" uid="9065" user="brianboru">
    <nd ref="6905778447"/>
    <nd ref="4459313892"/>
    <nd ref="7731264278"/>
    <tag k="highway" v="residential"/>
    <tag k="lit" v="yes"/>
    <tag k="name" v="Oak Place"/>
    <tag k="source" v="GPS survey"/>
    <tag k="surface" v="asphalt"/>
  </way>
  <way id="828145600" version="2" timestamp="2020-09-11T20:53:52Z" changeset="90774612" uid="11286310" user="Manateedriver">
    <nd ref="7731266688"/>
    <nd ref="6905778441"/>
    <nd ref="7731266687"/>
    <tag k="highway" v="residential"/>
    <tag k="name" v="Birch Place"/>
    <tag k="source" v="bing"/>
    <tag k="surface" v="asphalt"/>
  </way>
  <way id="828145622" version="1" timestamp="2020-07-20T13:11:06Z" changeset="88248917" uid="9065" user="brianboru">
    <nd ref="4459313898"/>
    <nd ref="4459313896"/>
    <nd ref="7731235379"/>
    <tag k="highway" v="residential"/>
    <tag k="name" v="Elm Place"/>
    <tag k="source" v="GPS survey"/>
  </way>
  <way id="828145626" version="1" timestamp="2020-07-20T13:11:06Z" changeset="88248917" uid="9065" user="brianboru">
    <nd ref="597234282"/>
    <nd ref="6524802785"/>
    <nd ref="6524802786"/>
    <nd ref="6524802787"/>
    <nd ref="7731266808"/>
    <tag k="highway" v="residential"/>
  </way>
  <way id="828147759" version="1" timestamp="2020-07-20T13:21:54Z" changeset="88249399" uid="9065" user="brianboru">
    <nd ref="5759000737"/>
    <nd ref="5640186167"/>
    <tag k="highway" v="residential"/>
    <tag k="name" v="Boss Way"/>
    <tag k="source" v="GPS survey"/>
    <tag k="surface" v="asphalt"/>
  </way>
  <way id="828147761" version="1" timestamp="2020-07-20T13:21:54Z" changeset="88249399" uid="9065" user="brianboru">
    <nd ref="7731275414"/>
    <nd ref="7731275413"/>
    <tag k="highway" v="residential"/>
    <tag k="name" v="Shield Way"/>
    <tag k="source" v="bing"/>
  </way>
  <way id="841410608" version="2" timestamp="2021-11-09T19:42:48Z" changeset="113581231" uid="9065" user="brianboru">
    <nd ref="7850565783"/>
    <nd ref="7850565782"/>
    <nd ref="7850565781"/>
    <nd ref="7850565780"/>
    <nd ref="7850565779"/>
    <nd ref="7850565778"/>
    <tag k="highway" v="residential"/>
    <tag k="name" v="Marine Drive"/>
  </way>
  <way id="841410611" version="1" timestamp="2020-08-27T16:43:04Z" changeset="90037826" uid="705850" user="Cebderby">
    <nd ref="7850591994"/>
    <nd ref="5640191130"/>
    <nd ref="7850591995"/>
    <tag k="highway" v="residential"/>
    <tag k="name" v="Arrow Way"/>
    <tag k="source" v="GPS survey"/>
    <tag k="surface" v="paving_stones"/>
  </way>
  <way id="850012462" version="1" timestamp="2020-09-22T06:12:56Z" changeset="91265806" uid="10219369" user="pjij">
    <nd ref="7930294574"/>
    <nd ref="7930294571"/>
    <nd ref="7930294572"/>
    <nd ref="7930294573"/>
    <tag k="highway" v="residential"/>
    <tag k="source" v="maxar"/>
  </way>
  <way id="850012463" version="1" timestamp="2020-09-22T06:12:56Z" changeset="91265806" uid="10219369" user="pjij">
    <nd ref="7930294575"/>
    <nd ref="7930294576"/>
    <tag k="highway" v="residential"/>
    <tag k="source" v="maxar"/>
  </way>
  <way id="850012464" version="1" timestamp="2020-09-22T06:12:56Z" changeset="91265806" uid="10219369" user="pjij">
    <nd ref="7930294577"/>
    <nd ref="7930294578"/>
    <nd ref="7930294579"/>
    <tag k="highway" v="residential"/>
    <tag k="source" v="maxar"/>
  </way>
  <way id="862975818" version="1" timestamp="2020-10-23T10:06:28Z" changeset="92943023" uid="9641464" user="tmmanish">
    <nd ref="8039370371"/>
    <nd ref="8039370372"/>
    <nd ref="8039370373"/>
    <nd ref="8039370374"/>
    <nd ref="8039370375"/>
    <tag k="highway" v="residential"/>
    <tag k="source" v="maxar"/>
  </way>
  <way id="918583763" version="2" timestamp="2021-03-21T15:35:07Z" changeset="101444889" uid="9065" user="brianboru">
    <nd ref="5756707536"/>
    <nd ref="5756707535"/>
    <nd ref="8544492558"/>
    <nd ref="8544492614"/>
    <nd ref="5756707534"/>
    <tag k="highway" v="residential"/>
    <tag k="name" v="Aspley Close"/>
    <tag k="note" v="no street sign 12/07/18. Street name from a resident"/>
    <tag k="source" v="GPs survey"/>
  </way>
  <way id="920170332" version="1" timestamp="2021-03-21T15:35:06Z" changeset="101444889" uid="9065" user="brianboru">
    <nd ref="8544493670"/>
    <nd ref="8544493668"/>
    <nd ref="8544493667"/>
    <tag k="highway" v="tertiary"/>
    <tag k="source" v="bing"/>
  </way>
  <way id="920170348" version="1" timestamp="2021-03-21T15:35:06Z" changeset="101444889" uid="9065" user="brianboru">
    <nd ref="8531208885"/>
    <nd ref="8531208884"/>
    <nd ref="5756707534"/>
    <nd ref="8544492539"/>
    <nd ref="8544492613"/>
    <tag k="highway" v="residential"/>
    <tag k="name" v="Aspley Close"/>
    <tag k="note" v="no street sign 12/07/18. Street name from a resident"/>
    <tag k="source" v="GPs survey"/>
  </way>
  <way id="1000899138" version="2" timestamp="2024-06-22T16:25:22Z" changeset="153036753" uid="186212" user="srbrook">
    <nd ref="9238905534"/>
    <nd ref="9238905533"/>
    <nd ref="9238905532"/>
    <nd ref="9238905531"/>
    <nd ref="9238905534"/>
    <tag k="building" v="substation"/>
    <tag k="name" v="Salford Road 11kV"/>
    <tag k="power" v="substation"/>
    <tag k="ref" v="779492"/>
    <tag k="source" v="wpd_opendata"/>
  </way>
  <way id="1000899197" version="2" timestamp="2022-03-23T13:36:33Z" changeset="118822220" uid="705850" user="Cebderby">
    <nd ref="5759000738"/>
    <nd ref="9599809441"/>
    <nd ref="8278607252"/>
    <nd ref="9238905813"/>
    <tag k="highway" v="residential"/>
    <tag k="name" v="Avon Way"/>
    <tag k="source" v="GPS survey"/>
    <tag k="surface" v="asphalt"/>
  </way>
  <way id="1000899211" version="1" timestamp="2021-11-09T19:42:48Z" changeset="113581231" uid="9065" user="brianboru">
    <nd ref="7850565784"/>
    <nd ref="7850565783"/>
    <nd ref="9238905885"/>
    <tag k="highway" v="residential"/>
    <tag k="name" v="Marine Drive"/>
  </way>
  <way id="1001158717" version="2" timestamp="2022-03-23T14:24:16Z" changeset="118824145" uid="705850" user="Cebderby">
    <nd ref="9241165823"/>
    <nd ref="4459313895"/>
    <nd ref="9599909367"/>
    <nd ref="4459313892"/>
    <tag k="highway" v="residential"/>
    <tag k="lit" v="yes"/>
    <tag k="name" v="Oak Place"/>
    <tag k="source" v="GPS survey"/>
    <tag k="surface" v="asphalt"/>
  </way>
  <way id="1001166134" version="1" timestamp="2021-11-10T17:23:38Z" changeset="113618467" uid="9065" user="brianboru">
    <nd ref="9241234683"/>
    <nd ref="9241234682"/>
    <nd ref="9241234681"/>
    <nd ref="9241234680"/>
    <nd ref="9241234683"/>
    <tag k="addr:city" v="Bidford on Avon"/>
    <tag k="addr:housenumber" v="31"/>
    <tag k="addr:postcode" v="B50 4HA"/>
    <tag k="addr:street" v="Shield Way"/>
    <tag k="building" v="residential"/>
    <tag k="source" v="bing"/>
  </way>
  <way id="1001166147" version="1" timestamp="2021-11-10T17:23:38Z" changeset="113618467" uid="9065" user="brianboru">
    <nd ref="6817189643"/>
    <nd ref="6817189616"/>
    <nd ref="9241234740"/>
    <tag k="highway" v="residential"/>
    <tag k="source" v="maxar"/>
  </way>
  <way id="1001166184" version="1" timestamp="2021-11-10T17:23:38Z" changeset="113618467" uid="9065" user="brianboru">
    <nd ref="8239230945"/>
    <nd ref="6303311535"/>
    <nd ref="9241234889"/>
    <nd ref="9241234888"/>
    <tag k="highway" v="residential"/>
  </way>
  <way id="1042953074" version="1" timestamp="2022-03-23T13:56:04Z" changeset="118822940" uid="705850" user="Cebderby">
    <nd ref="6817189649"/>
    <nd ref="6817189632"/>
    <tag k="highway" v="residential"/>
    <tag k="name" v="Quern Stone Lane"/>
    <tag k="source" v="maxar"/>
    <tag k="source:name" v="OS_OpenMap_Local"/>
  </way>
  <way id="1042953080" version="2" timestamp="2022-06-22T06:52:34Z" changeset="122695841" uid="9065" user="brianboru">
    <nd ref="6817189628"/>
    <nd ref="9599859041"/>
    <tag k="highway" v="residential"/>
    <tag k="name" v="Spearhead Road"/>
    <tag k="source" v="maxar"/>
  </way>
  <way id="1042953081" version="1" timestamp="2022-03-23T13:56:04Z" changeset="118822940" uid="705850" user="Cebderby">
    <nd ref="5759000735"/>
    <nd ref="8039320747"/>
    <tag k="highway" v="residential"/>
    <tag k="name" v="Spangle Way"/>
  </way>
  <way id="1042953084" version="1" timestamp="2022-03-23T13:56:04Z" changeset="118822940" uid="705850" user="Cebderby">
    <nd ref="9599859052"/>
    <nd ref="9599859051"/>
    <tag k="highway" v="residential"/>
    <tag k="name" v="Harbour Close"/>
  </way>
  <way id="1042959726" version="2" timestamp="2022-06-22T07:09:59Z" changeset="122696599" uid="9065" user="brianboru">
    <nd ref="6817174325"/>
    <nd ref="6817174285"/>
    <nd ref="6817174270"/>
    <tag k="highway" v="residential"/>
    <tag k="source" v="Maxar-Premium"/>
  </way>
  <way id="1042959728" version="2" timestamp="2022-06-22T07:09:59Z" changeset="122696599" uid="9065" user="brianboru">
    <nd ref="9599907662"/>
    <nd ref="9599907670"/>
    <nd ref="9599907661"/>
    <tag k="highway" v="residential"/>
    <tag k="source" v="Maxar"/>
  </way>
  <way id="1042959729" version="2" timestamp="2022-06-22T07:09:59Z" changeset="122696599" uid="9065" user="brianboru">
    <nd ref="9599907670"/>
    <nd ref="9599907669"/>
    <nd ref="9599907668"/>
    <nd ref="9599907667"/>
    <nd ref="9599907666"/>
    <nd ref="9599907665"/>
    <nd ref="9599907664"/>
    <nd ref="9599907656"/>
    <nd ref="9599907663"/>
    <nd ref="6817174191"/>
    <nd ref="6817174285"/>
    <tag k="highway" v="residential"/>
    <tag k="source" v="Maxar"/>
  </way>
  <way id="1042959731" version="3" timestamp="2023-08-16T13:53:59Z" changeset="139966194" uid="7345137" user="magrej">
    <nd ref="6817174277"/>
    <nd ref="9599907680"/>
    <nd ref="6817174304"/>
    <nd ref="11119064128"/>
    <nd ref="11119064129"/>
    <nd ref="6817174248"/>
    <nd ref="9599907681"/>
    <nd ref="6817174246"/>
    <tag k="highway" v="residential"/>
    <tag k="name" v="Valor Drive"/>
    <tag k="source" v="Maxar"/>
  </way>
  <way id="1054370822" version="2" timestamp="2024-04-22T22:51:38Z" changeset="150369039" uid="6816132" user="CjMalone">
    <nd ref="9689465186"/>
    <nd ref="5358909182"/>
    <nd ref="4255751994"/>
    <nd ref="4255751995"/>
    <nd ref="9689465186"/>
    <tag k="addr:postcode" v="B50 4BD"/>
    <tag k="brand" v="Londis"/>
    <tag k="brand:wikidata" v="Q21008564"/>
    <tag k="building" v="yes"/>
    <tag k="fhrs:id" v="502884"/>
    <tag k="name" v="Londis"/>
    <tag k="operator" v="Motor Fuel Group"/>
    <tag k="operator:website" v="https://www.motorfuelgroup.com/locations/bidford-on-avon-fs844/"/>
    <tag k="operator:wikidata" v="Q107271358"/>
    <tag k="shop" v="convenience"/>
  </way>
  <way id="1072202923" version="1" timestamp="2022-06-22T07:54:56Z" changeset="122698608" uid="9065" user="brianboru">
    <nd ref="6524802794"/>
    <nd ref="6524802793"/>
    <nd ref="6524802792"/>
    <nd ref="9838017064"/>
    <tag k="highway" v="residential"/>
  </way>
  <way id="1102565598" version="3" timestamp="2023-12-30T14:24:13Z" changeset="145699260" uid="5589" user="user_5589">
    <nd ref="21294010"/>
    <nd ref="21294023"/>
    <nd ref="21294024"/>
    <tag k="highway" v="trunk"/>
    <tag k="lanes" v="2"/>
    <tag k="maxheight" v="default"/>
    <tag k="maxspeed" v="70 mph"/>
    <tag k="national_highways:area" v="9"/>
    <tag k="oneway" v="yes"/>
    <tag k="operator" v="National Highways"/>
    <tag k="operator:wikidata" v="Q5760006"/>
    <tag k="ref" v="A46"/>
    <tag k="restriction" v="no_stopping"/>
    <tag k="shoulder" v="both"/>
    <tag k="sidewalk" v="no"/>
    <tag k="source" v="survey"/>
    <tag k="source:maxspeed" v="survey"/>
    <tag k="surface" v="asphalt"/>
  </way>
  <way id="1195552335" version="1" timestamp="2023-08-07T09:07:08Z" changeset="139553148" uid="9026132" user="PulisakZ">
    <nd ref="11096610383"/>
    <nd ref="11096610382"/>
    <nd ref="11096610381"/>
    <nd ref="11096610380"/>
    <nd ref="11096610379"/>
    <nd ref="11096610378"/>
    <nd ref="11096610377"/>
    <tag k="highway" v="residential"/>
    <tag k="name" v="Willow Close"/>
  </way>
  <way id="1198648238" version="2" timestamp="2025-05-04T16:38:59Z" changeset="165808804" uid="10310366" user="Eddthechip">
    <nd ref="6817174277"/>
    <nd ref="12809865694"/>
    <nd ref="11119064135"/>
    <nd ref="11119064134"/>
    <nd ref="11119064133"/>
    <nd ref="11119064132"/>
    <nd ref="11119064131"/>
    <nd ref="11119064130"/>
    <tag k="highway" v="residential"/>
  </way>
  <way id="1198648239" version="2" timestamp="2025-05-04T16:38:59Z" changeset="165808804" uid="10310366" user="Eddthechip">
    <nd ref="11119064137"/>
    <nd ref="12809865691"/>
    <nd ref="11119064138"/>
    <nd ref="11119064136"/>
    <tag k="highway" v="residential"/>
  </way>
  <way id="1198648240" version="1" timestamp="2023-08-16T13:53:59Z" changeset="139966194" uid="7345137" user="magrej">
    <nd ref="11119064138"/>
    <nd ref="11119064139"/>
    <nd ref="11119064140"/>
    <nd ref="11119064141"/>
    <nd ref="6817174277"/>
    <tag k="highway" v="residential"/>
  </way>
  <way id="1201772211" version="1" timestamp="2023-08-24T19:53:18Z" changeset="140340504" uid="165" user="Richard">
    <nd ref="250535271"/>
    <nd ref="2457005765"/>
    <nd ref="1585066131"/>
    <nd ref="250535272"/>
    <nd ref="5378271462"/>
    <nd ref="250535273"/>
    <nd ref="250535274"/>
    <nd ref="597234303"/>
    <nd ref="5375568239"/>
    <nd ref="5375568238"/>
    <nd ref="1402615462"/>
    <nd ref="5372842770"/>
    <nd ref="1402615455"/>
    <nd ref="597234263"/>
    <nd ref="597234260"/>
    <nd ref="1545771424"/>
    <tag k="highway" v="tertiary"/>
    <tag k="name" v="Grafton Lane"/>
  </way>
  <way id="1201772214" version="1" timestamp="2023-08-24T19:53:18Z" changeset="140340504" uid="165" user="Richard">
    <nd ref="2457005776"/>
    <nd ref="250535271"/>
    <tag k="bridge" v="yes"/>
    <tag k="highway" v="tertiary"/>
    <tag k="layer" v="1"/>
    <tag k="name" v="Grafton Lane"/>
  </way>
  <way id="1254227367" version="1" timestamp="2024-02-24T02:52:25Z" changeset="147840096" uid="19354165" user="DracFury">
    <nd ref="11096610383"/>
    <nd ref="11658449911"/>
    <tag k="highway" v="residential"/>
    <tag k="name" v="Willow Close"/>
  </way>
  <way id="1353226864" version="2" timestamp="2025-01-21T20:27:15Z" changeset="161614456" uid="2902870" user="gseglenieks">
    <nd ref="12521304855"/>
    <nd ref="12521304856"/>
    <nd ref="12521304857"/>
    <nd ref="12521304858"/>
    <nd ref="12521304859"/>
    <nd ref="12521304860"/>
    <nd ref="12521304855"/>
    <tag k="addr:city" v="Bidford-on-Avon"/>
    <tag k="addr:housenumber" v="4"/>
    <tag k="addr:postcode" v="B50 4BA"/>
    <tag k="addr:street" v="Queensway"/>
    <tag k="building" v="residential"/>
    <tag k="source" v="Warwicks CC Aerial Imagery 2013"/>
  </way>
  <way id="1394435659" version="1" timestamp="2025-06-11T22:50:42Z" changeset="167511425" uid="461130" user="Fizzie-DWG">
    <nd ref="254002631"/>
    <nd ref="635891984"/>
    <tag k="highway" v="secondary"/>
    <tag k="junction" v="roundabout"/>
    <tag k="maxspeed" v="30 mph"/>
    <tag k="source:maxspeed" v="survey"/>
    <tag k="surface" v="asphalt"/>
  </way>
  <way id="1394435660" version="1" timestamp="2025-06-11T22:50:42Z" changeset="167511425" uid="461130" user="Fizzie-DWG">
    <nd ref="635891984"/>
    <nd ref="254002632"/>
    <nd ref="635891986"/>
    <nd ref="3773280303"/>
    <nd ref="254002633"/>
    <tag k="highway" v="secondary"/>
    <tag k="junction" v="roundabout"/>
    <tag k="maxspeed" v="30 mph"/>
    <tag k="source:maxspeed" v="survey"/>
    <tag k="surface" v="asphalt"/>
  </way>

</osm>
