<?xml version="1.0" encoding="UTF-8"?>
<osm version="0.6" generator="Overpass API 0.7.62.8 e802775f">
<note>The data included in this document is from www.openstreetmap.org. The data is made available under ODbL.</note>
<meta osm_base="2025-10-23T17:38:56Z" areas="2025-10-23T14:54:58Z"/>

  <node id="2270573" lat="52.3747002" lon="-1.4601295" version="2" timestamp="2012-06-08T17:21:13Z" changeset="11837330" uid="24119" user="Mauls"/>
  <node id="2272788" lat="52.3632975" lon="-1.4187559" version="4" timestamp="2025-01-08T17:27:40Z" changeset="161142179" uid="5229644" user="Nathan_A_RF"/>
  <node id="130154745" lat="52.3568143" lon="-1.4411885" version="1" timestamp="2007-11-23T23:57:52Z" changeset="605715" uid="661" user="mapcaster"/>
  <node id="412199890" lat="52.3570565" lon="-1.3989098" version="3" timestamp="2024-09-29T21:54:05Z" changeset="157272247" uid="230654" user="C2L"/>
  <node id="588149161" lat="52.3486801" lon="-1.4285535" version="5" timestamp="2024-09-29T22:59:21Z" changeset="157273477" uid="230654" user="C2L"/>
  <node id="588149167" lat="52.3534307" lon="-1.4144992" version="4" timestamp="2024-09-29T21:54:05Z" changeset="157272247" uid="230654" user="C2L"/>
  <node id="705773939" lat="52.3495405" lon="-1.4599120" version="4" timestamp="2014-11-04T19:46:44Z" changeset="26556349" uid="154484" user="PeterP"/>
  <node id="1614169239" lat="52.3647462" lon="-1.4258332" version="1" timestamp="2012-02-01T10:44:24Z" changeset="10557434" uid="9065" user="brianboru"/>
  <node id="2024658464" lat="52.3750523" lon="-1.4605432" version="1" timestamp="2012-11-21T11:37:53Z" changeset="13957495" uid="735" user="blackadder"/>
  <node id="2024658467" lat="52.3750747" lon="-1.4605081" version="1" timestamp="2012-11-21T11:37:53Z" changeset="13957495" uid="735" user="blackadder"/>
  <node id="12209852637" lat="52.3534280" lon="-1.4141156" version="1" timestamp="2024-09-29T21:54:05Z" changeset="157272247" uid="230654" user="C2L"/>
  <node id="12485088121" lat="52.3457683" lon="-1.4238911" version="1" timestamp="2025-01-08T20:10:53Z" changeset="161146840" uid="5229644" user="Nathan_A_RF"/>
  <way id="4288479" version="23" timestamp="2024-08-16T23:11:29Z" changeset="155347442" uid="5589" user="user_5589">
    <nd ref="1826446337"/>
    <nd ref="2272768"/>
    <nd ref="2030708891"/>
    <nd ref="2272765"/>
    <nd ref="1383128608"/>
    <nd ref="2272764"/>
    <nd ref="1383128576"/>
    <nd ref="1383128654"/>
    <nd ref="2270628"/>
    <nd ref="1354106877"/>
    <nd ref="1354106880"/>
    <nd ref="2270625"/>
    <nd ref="2270624"/>
    <nd ref="1383128595"/>
    <tag k="carriageway_ref" v="A"/>
    <tag k="highway" v="trunk"/>
    <tag k="lanes" v="2"/>
    <tag k="lit" v="yes"/>
    <tag k="maxspeed" v="50 mph"/>
    <tag k="name" v="London Road"/>
    <tag k="national_highways:area" v="9"/>
    <tag k="oneway" v="yes"/>
    <tag k="operator" v="National Highways"/>
    <tag k="operator:wikidata" v="Q5760006"/>
    <tag k="ref" v="A45"/>
    <tag k="shoulder" v="no"/>
  </way>
  <way id="4288485" version="20" timestamp="2025-01-08T17:27:40Z" changeset="161142179" uid="5229644" user="Nathan_A_RF">
    <nd ref="25880683"/>
    <nd ref="1826448068"/>
    <nd ref="1826448067"/>
    <nd ref="25880691"/>
    <nd ref="2272777"/>
    <nd ref="1826446309"/>
    <nd ref="2272776"/>
    <nd ref="1354106853"/>
    <nd ref="12209863546"/>
    <nd ref="2272779"/>
    <nd ref="2030692594"/>
    <tag k="carriageway_ref" v="B"/>
    <tag k="dual_carriageway" v="yes"/>
    <tag k="highway" v="trunk"/>
    <tag k="lanes" v="2"/>
    <tag k="lit" v="yes"/>
    <tag k="maxspeed" v="50 mph"/>
    <tag k="maxspeed:type" v="sign"/>
    <tag k="name" v="London Road"/>
    <tag k="national_highways:area" v="9"/>
    <tag k="oneway" v="yes"/>
    <tag k="operator" v="National Highways"/>
    <tag k="operator:wikidata" v="Q5760006"/>
    <tag k="ref" v="A45"/>
  </way>
  <way id="4288523" version="12" timestamp="2025-01-08T18:01:05Z" changeset="161143123" uid="5229644" user="Nathan_A_RF">
    <nd ref="25880282"/>
    <nd ref="25880285"/>
    <tag k="highway" v="trunk"/>
    <tag k="junction" v="roundabout"/>
    <tag k="lane_markings" v="no"/>
    <tag k="lit" v="yes"/>
    <tag k="maxspeed" v="50 mph"/>
    <tag k="maxspeed:type" v="sign"/>
    <tag k="oneway" v="yes"/>
    <tag k="sidewalk" v="left"/>
    <tag k="surface" v="asphalt"/>
  </way>
  <way id="4288524" version="14" timestamp="2025-01-08T18:01:05Z" changeset="161143123" uid="5229644" user="Nathan_A_RF">
    <nd ref="25880228"/>
    <nd ref="12378504420"/>
    <nd ref="971985414"/>
    <nd ref="705113409"/>
    <nd ref="705113411"/>
    <tag k="highway" v="trunk"/>
    <tag k="lanes" v="2"/>
    <tag k="maxspeed" v="60 mph"/>
    <tag k="maxspeed:type" v="GB:nsl_single"/>
    <tag k="name" v="Oxford Road"/>
    <tag k="oneway" v="yes"/>
    <tag k="ref" v="A423"/>
    <tag k="shoulder" v="no"/>
    <tag k="source" v="survey;OS_OpenData_StreetView"/>
    <tag k="surface" v="asphalt"/>
  </way>
  <way id="10275811" version="31" timestamp="2025-01-08T18:01:05Z" changeset="161143123" uid="5229644" user="Nathan_A_RF">
    <nd ref="2384330989"/>
    <nd ref="2384330963"/>
    <nd ref="2384331011"/>
    <nd ref="2384330991"/>
    <nd ref="25880282"/>
    <tag k="cycleway:left" v="no"/>
    <tag k="highway" v="primary"/>
    <tag k="lane_markings" v="no"/>
    <tag k="lit" v="yes"/>
    <tag k="maxspeed" v="50 mph"/>
    <tag k="maxspeed:type" v="sign"/>
    <tag k="name" v="Leamington Road"/>
    <tag k="oneway" v="yes"/>
    <tag k="ref" v="A445"/>
    <tag k="surface" v="asphalt"/>
  </way>
  <way id="13866022" version="24" timestamp="2025-01-08T18:01:05Z" changeset="161143123" uid="5229644" user="Nathan_A_RF">
    <nd ref="25880287"/>
    <nd ref="2384330954"/>
    <nd ref="2384330980"/>
    <nd ref="2384330964"/>
    <nd ref="2384330968"/>
    <tag k="cycleway:left" v="no"/>
    <tag k="highway" v="primary"/>
    <tag k="lane_markings" v="no"/>
    <tag k="lit" v="yes"/>
    <tag k="maxspeed" v="50 mph"/>
    <tag k="maxspeed:type" v="sign"/>
    <tag k="name" v="Leamington Road"/>
    <tag k="oneway" v="yes"/>
    <tag k="ref" v="A445"/>
    <tag k="surface" v="asphalt"/>
  </way>
  <way id="27617327" version="11" timestamp="2020-03-17T13:07:39Z" changeset="82303555" uid="10205154" user="mundlk">
    <nd ref="303263615"/>
    <nd ref="303263616"/>
    <nd ref="303263619"/>
    <nd ref="7302014751"/>
    <nd ref="1413053893"/>
    <nd ref="303263620"/>
    <nd ref="1413053895"/>
    <nd ref="6039181280"/>
    <nd ref="6039181281"/>
    <nd ref="705011365"/>
    <tag k="highway" v="unclassified"/>
    <tag k="maxspeed" v="20 mph"/>
    <tag k="name" v="High Street"/>
    <tag k="oneway" v="no"/>
  </way>
  <way id="46137099" version="18" timestamp="2025-01-08T20:10:53Z" changeset="161146840" uid="5229644" user="Nathan_A_RF">
    <nd ref="588149161"/>
    <nd ref="9562271552"/>
    <nd ref="3675310062"/>
    <nd ref="6527653663"/>
    <nd ref="3675313687"/>
    <nd ref="868326982"/>
    <nd ref="3675313696"/>
    <nd ref="588149165"/>
    <nd ref="2674985471"/>
    <nd ref="2434249467"/>
    <nd ref="751939993"/>
    <nd ref="3675313725"/>
    <nd ref="3675313553"/>
    <nd ref="588149167"/>
    <nd ref="12209852638"/>
    <nd ref="751939954"/>
    <nd ref="3675313699"/>
    <nd ref="868306563"/>
    <nd ref="3675313751"/>
    <nd ref="868306566"/>
    <nd ref="1383128581"/>
    <nd ref="751939983"/>
    <tag k="cycleway:both" v="no"/>
    <tag k="highway" v="unclassified"/>
    <tag k="lane_markings" v="no"/>
    <tag k="name" v="Freeboard Lane"/>
    <tag k="surface" v="asphalt"/>
  </way>
  <way id="46137100" version="7" timestamp="2024-09-29T22:59:21Z" changeset="157273477" uid="230654" user="C2L">
    <nd ref="588149167"/>
    <nd ref="12209901608"/>
    <nd ref="12209852637"/>
    <nd ref="588149169"/>
    <nd ref="12209852636"/>
    <nd ref="1065662644"/>
    <nd ref="868307968"/>
    <nd ref="588149170"/>
    <nd ref="12209852635"/>
    <nd ref="588149171"/>
    <nd ref="12209852634"/>
    <nd ref="12209852633"/>
    <nd ref="588149172"/>
    <nd ref="751940003"/>
    <nd ref="12209852632"/>
    <nd ref="588149173"/>
    <nd ref="588149174"/>
    <nd ref="12209852631"/>
    <nd ref="588149175"/>
    <nd ref="6642819189"/>
    <nd ref="588149176"/>
    <nd ref="588149178"/>
    <tag k="highway" v="unclassified"/>
    <tag k="name" v="Plott Lane"/>
  </way>
  <way id="56181092" version="3" timestamp="2014-08-08T11:28:03Z" changeset="24610741" uid="5589" user="user_5589">
    <nd ref="303263623"/>
    <nd ref="705011368"/>
    <nd ref="705013629"/>
    <tag k="highway" v="residential"/>
    <tag k="name" v="Fetherston Crescent"/>
    <tag k="oneway" v="no"/>
    <tag k="source" v="survey"/>
  </way>
  <way id="56181095" version="7" timestamp="2014-08-08T11:28:03Z" changeset="24610741" uid="5589" user="user_5589">
    <nd ref="705011377"/>
    <nd ref="1495845037"/>
    <nd ref="1495845019"/>
    <nd ref="705093938"/>
    <nd ref="1495845024"/>
    <nd ref="705093939"/>
    <nd ref="705011380"/>
    <nd ref="1495845013"/>
    <nd ref="1495845002"/>
    <nd ref="1495844988"/>
    <nd ref="705093942"/>
    <nd ref="1495845029"/>
    <nd ref="705011382"/>
    <nd ref="1495845031"/>
    <nd ref="705093941"/>
    <nd ref="303263626"/>
    <tag k="highway" v="residential"/>
    <tag k="maxspeed" v="20 mph"/>
    <tag k="name" v="Bagshaw Close"/>
    <tag k="oneway" v="no"/>
    <tag k="source" v="visual survey;OS_OpenData_StreetView"/>
  </way>
  <way id="56181097" version="5" timestamp="2011-10-28T03:44:38Z" changeset="9673378" uid="5589" user="user_5589">
    <nd ref="705011365"/>
    <nd ref="705013626"/>
    <tag k="highway" v="residential"/>
    <tag k="maxspeed" v="20 mph"/>
    <tag k="name" v="Warren Field"/>
    <tag k="source" v="visual survey;OS_OpenData_StreetView"/>
  </way>
  <way id="56181098" version="3" timestamp="2011-10-28T03:44:38Z" changeset="9673378" uid="5589" user="user_5589">
    <nd ref="705013627"/>
    <nd ref="705011363"/>
    <nd ref="705011362"/>
    <nd ref="705011364"/>
    <tag k="highway" v="residential"/>
    <tag k="maxspeed" v="20 mph"/>
    <tag k="source" v="visual survey;OS_OpenData_StreetView"/>
  </way>
  <way id="56181100" version="6" timestamp="2021-11-11T12:01:33Z" changeset="113648530" uid="34867" user="SammyTheSnake">
    <nd ref="705011348"/>
    <nd ref="1383146725"/>
    <nd ref="705011349"/>
    <nd ref="705011350"/>
    <tag k="highway" v="residential"/>
    <tag k="maxspeed" v="20 mph"/>
    <tag k="name" v="Warren Close"/>
    <tag k="sidewalk" v="no"/>
    <tag k="source" v="visual survey;OS_OpenData_StreetView"/>
    <tag k="surface" v="sett"/>
  </way>
  <way id="56181180" version="6" timestamp="2018-08-15T14:45:27Z" changeset="61687749" uid="9065" user="brianboru">
    <nd ref="705011356"/>
    <nd ref="705013624"/>
    <nd ref="5834517806"/>
    <nd ref="5834517807"/>
    <nd ref="705011785"/>
    <nd ref="705011782"/>
    <nd ref="705107648"/>
    <nd ref="705011775"/>
    <nd ref="705011776"/>
    <tag k="highway" v="residential"/>
    <tag k="maxspeed" v="20 mph"/>
    <tag k="name" v="Soden's Avenue"/>
    <tag k="source" v="OS_OpenData_StreetView"/>
  </way>
  <way id="56181181" version="5" timestamp="2021-11-11T14:27:27Z" changeset="113654990" uid="34867" user="SammyTheSnake">
    <nd ref="705011781"/>
    <nd ref="705011782"/>
    <tag k="highway" v="residential"/>
    <tag k="maxspeed" v="20 mph"/>
    <tag k="name" v="Handley's Close"/>
    <tag k="sidewalk" v="both"/>
    <tag k="source" v="OS_OpenData_StreetView"/>
    <tag k="surface" v="asphalt"/>
  </way>
  <way id="56181182" version="4" timestamp="2018-11-05T11:11:03Z" changeset="64193745" uid="9065" user="brianboru">
    <nd ref="705011777"/>
    <nd ref="705011784"/>
    <nd ref="705011778"/>
    <nd ref="705011780"/>
    <nd ref="705011781"/>
    <nd ref="6038994512"/>
    <nd ref="6038994509"/>
    <nd ref="6038994510"/>
    <nd ref="6038994511"/>
    <nd ref="705011786"/>
    <tag k="highway" v="residential"/>
    <tag k="maxspeed" v="20 mph"/>
    <tag k="name" v="Handley's Close"/>
    <tag k="source" v="OS_OpenData_StreetView"/>
  </way>
  <way id="56181183" version="3" timestamp="2011-10-28T03:44:39Z" changeset="9673378" uid="5589" user="user_5589">
    <nd ref="705011783"/>
    <nd ref="705011784"/>
    <tag k="highway" v="residential"/>
    <tag k="maxspeed" v="20 mph"/>
    <tag k="name" v="Handley's Close"/>
    <tag k="source" v="OS_OpenData_StreetView"/>
  </way>
  <way id="56181480" version="12" timestamp="2024-11-27T10:33:52Z" changeset="159652743" uid="5229644" user="Nathan_A_RF">
    <nd ref="12378504419"/>
    <nd ref="12378504418"/>
    <nd ref="705011381"/>
    <nd ref="303263626"/>
    <nd ref="8448364208"/>
    <nd ref="705011366"/>
    <nd ref="303263625"/>
    <nd ref="7954918554"/>
    <nd ref="5618085774"/>
    <nd ref="705011367"/>
    <nd ref="303263623"/>
    <tag k="highway" v="unclassified"/>
    <tag k="maxspeed" v="20 mph"/>
    <tag k="name" v="High Street"/>
    <tag k="source" v="survey"/>
  </way>
  <way id="56181481" version="5" timestamp="2018-11-05T11:11:03Z" changeset="64193745" uid="9065" user="brianboru">
    <nd ref="705013629"/>
    <nd ref="705011369"/>
    <nd ref="705011370"/>
    <nd ref="6038994419"/>
    <nd ref="705093934"/>
    <nd ref="705011377"/>
    <tag k="highway" v="residential"/>
    <tag k="maxspeed" v="20 mph"/>
    <tag k="name" v="Fetherston Crescent"/>
    <tag k="oneway" v="no"/>
    <tag k="source" v="survey"/>
  </way>
  <way id="56181482" version="4" timestamp="2011-10-28T03:44:39Z" changeset="9673378" uid="5589" user="user_5589">
    <nd ref="868390744"/>
    <nd ref="705013618"/>
    <tag k="highway" v="residential"/>
    <tag k="maxspeed" v="20 mph"/>
    <tag k="name" v="Alford Place"/>
    <tag k="source" v="OS_OpenData_StreetView"/>
  </way>
  <way id="56181483" version="10" timestamp="2021-11-19T14:52:12Z" changeset="113994166" uid="34867" user="SammyTheSnake">
    <nd ref="705011352"/>
    <nd ref="6038994102"/>
    <nd ref="705011354"/>
    <nd ref="890378674"/>
    <nd ref="705011355"/>
    <nd ref="5834517805"/>
    <nd ref="705011356"/>
    <nd ref="9267147407"/>
    <nd ref="705011362"/>
    <tag k="highway" v="residential"/>
    <tag k="maxspeed" v="20 mph"/>
    <tag k="name" v="St Leonard's Walk"/>
    <tag k="sidewalk" v="both"/>
    <tag k="source" v="visual survey;OS_OpenData_StreetView"/>
    <tag k="surface" v="asphalt"/>
  </way>
  <way id="56181485" version="7" timestamp="2021-11-19T14:49:38Z" changeset="113994063" uid="34867" user="SammyTheSnake">
    <nd ref="705013626"/>
    <nd ref="705011351"/>
    <nd ref="705011352"/>
    <nd ref="705011353"/>
    <nd ref="9267128020"/>
    <tag k="highway" v="residential"/>
    <tag k="maxspeed" v="20 mph"/>
    <tag k="name" v="Warren Field"/>
    <tag k="source" v="visual survey;OS_OpenData_StreetView"/>
  </way>
  <way id="56181486" version="14" timestamp="2024-11-27T10:33:52Z" changeset="159652743" uid="5229644" user="Nathan_A_RF">
    <nd ref="2270620"/>
    <nd ref="1383128681"/>
    <nd ref="705011383"/>
    <tag k="highway" v="unclassified"/>
    <tag k="lanes" v="2"/>
    <tag k="maxspeed" v="50 mph"/>
    <tag k="name" v="Church Road"/>
    <tag k="oneway" v="yes"/>
    <tag k="shoulder" v="no"/>
    <tag k="surface" v="asphalt"/>
  </way>
  <way id="56181593" version="9" timestamp="2025-01-08T18:01:05Z" changeset="161143123" uid="5229644" user="Nathan_A_RF">
    <nd ref="705014343"/>
    <nd ref="2384330965"/>
    <tag k="highway" v="trunk"/>
    <tag k="lanes" v="2"/>
    <tag k="maxspeed" v="60 mph"/>
    <tag k="maxspeed:type" v="GB:nsl_single"/>
    <tag k="name" v="Oxford Road"/>
    <tag k="ref" v="A423"/>
    <tag k="shoulder" v="no"/>
    <tag k="surface" v="asphalt"/>
  </way>
  <way id="56181595" version="10" timestamp="2025-01-08T18:01:05Z" changeset="161143123" uid="5229644" user="Nathan_A_RF">
    <nd ref="705013853"/>
    <nd ref="6527990281"/>
    <nd ref="705014343"/>
    <tag k="highway" v="trunk"/>
    <tag k="lanes" v="2"/>
    <tag k="maxspeed" v="60 mph"/>
    <tag k="maxspeed:type" v="GB:nsl_single"/>
    <tag k="name" v="Oxford Road"/>
    <tag k="ref" v="A423"/>
    <tag k="shoulder" v="no"/>
    <tag k="surface" v="asphalt"/>
  </way>
  <way id="56191197" version="3" timestamp="2025-07-12T23:49:17Z" changeset="168854943" uid="8857" user="philipcullen">
    <nd ref="705093946"/>
    <nd ref="10458574264"/>
    <nd ref="705093947"/>
    <nd ref="705093945"/>
    <nd ref="705093935"/>
    <nd ref="705093946"/>
    <tag k="amenity" v="community_centre"/>
    <tag k="building" v="public"/>
    <tag k="community_centre" v="village_hall"/>
    <tag k="name" v="Ryton Village Hall"/>
    <tag k="ref:GB:uprn" v="100071399463"/>
    <tag k="source" v="visual survey;OS_OpenData_StreetView"/>
  </way>
  <way id="56191476" version="3" timestamp="2018-11-05T11:11:04Z" changeset="64193745" uid="9065" user="brianboru">
    <nd ref="705107648"/>
    <nd ref="5834517808"/>
    <nd ref="705107651"/>
    <nd ref="705107649"/>
    <nd ref="705107660"/>
    <nd ref="6038993970"/>
    <nd ref="705011785"/>
    <tag k="highway" v="unclassified"/>
    <tag k="source" v="OS_OpenData_StreetView"/>
  </way>
  <way id="56191482" version="1" timestamp="2010-04-24T12:46:31Z" changeset="4511602" uid="9065" user="brianboru">
    <nd ref="705107649"/>
    <nd ref="705107652"/>
    <tag k="highway" v="unclassified"/>
    <tag k="source" v="OS_OpenData_StreetView"/>
  </way>
  <way id="56191562" version="10" timestamp="2025-01-08T18:01:05Z" changeset="161143123" uid="5229644" user="Nathan_A_RF">
    <nd ref="705113411"/>
    <nd ref="971985446"/>
    <nd ref="971985447"/>
    <nd ref="971985450"/>
    <nd ref="971985451"/>
    <nd ref="705113414"/>
    <tag k="highway" v="trunk"/>
    <tag k="junction" v="roundabout"/>
    <tag k="lane_markings" v="no"/>
    <tag k="maxspeed" v="60 mph"/>
    <tag k="maxspeed:type" v="GB:nsl_single"/>
    <tag k="oneway" v="yes"/>
    <tag k="source" v="OS_OpenData_StreetView;OS_OpenData_StreetView;survey;OS_OpenData_StreetView;survey;OS_OpenData_StreetView"/>
    <tag k="surface" v="asphalt"/>
  </way>
  <way id="56191563" version="8" timestamp="2025-01-08T18:01:05Z" changeset="161143123" uid="5229644" user="Nathan_A_RF">
    <nd ref="2270587"/>
    <nd ref="705113428"/>
    <nd ref="705113429"/>
    <nd ref="1354107001"/>
    <nd ref="2425060325"/>
    <nd ref="1354106999"/>
    <nd ref="705113431"/>
    <nd ref="2425060322"/>
    <nd ref="1354106996"/>
    <nd ref="2425060316"/>
    <nd ref="705113432"/>
    <nd ref="705113433"/>
    <nd ref="2425060306"/>
    <nd ref="1524495110"/>
    <nd ref="12484860937"/>
    <nd ref="25880264"/>
    <tag k="highway" v="trunk_link"/>
    <tag k="lanes" v="1"/>
    <tag k="maxspeed" v="50 mph"/>
    <tag k="maxspeed:type" v="sign"/>
    <tag k="oneway" v="yes"/>
    <tag k="source" v="OS_OpenData_StreetView"/>
    <tag k="surface" v="asphalt"/>
  </way>
  <way id="56238166" version="10" timestamp="2024-08-19T12:34:07Z" changeset="155454630" uid="5589" user="user_5589">
    <nd ref="705773939"/>
    <nd ref="12120025922"/>
    <nd ref="705773911"/>
    <nd ref="2675150748"/>
    <nd ref="12120025920"/>
    <nd ref="705773891"/>
    <nd ref="2675150745"/>
    <nd ref="12120025923"/>
    <nd ref="2675150764"/>
    <nd ref="705774076"/>
    <nd ref="12120025921"/>
    <nd ref="2675150762"/>
    <nd ref="705774052"/>
    <nd ref="705773919"/>
    <nd ref="705774028"/>
    <nd ref="2675250397"/>
    <nd ref="705774001"/>
    <nd ref="2675150727"/>
    <nd ref="2675150732"/>
    <nd ref="3166216227"/>
    <nd ref="705773976"/>
    <nd ref="705773954"/>
    <nd ref="2675150751"/>
    <nd ref="12120025924"/>
    <nd ref="2675150766"/>
    <nd ref="3512657793"/>
    <nd ref="3512657091"/>
    <nd ref="705773933"/>
    <nd ref="2675150775"/>
    <nd ref="3512657795"/>
    <nd ref="705773905"/>
    <nd ref="705774021"/>
    <nd ref="3512640891"/>
    <nd ref="3512642893"/>
    <nd ref="705773996"/>
    <nd ref="705773972"/>
    <nd ref="705773950"/>
    <nd ref="3445482491"/>
    <tag k="highway" v="unclassified"/>
    <tag k="maxspeed" v="15 mph"/>
    <tag k="surface" v="asphalt"/>
  </way>
  <way id="73202169" version="10" timestamp="2021-11-11T14:28:09Z" changeset="113655019" uid="34867" user="SammyTheSnake">
    <nd ref="868386771"/>
    <nd ref="1610796628"/>
    <nd ref="1610796631"/>
    <nd ref="868384576"/>
    <nd ref="1610796639"/>
    <nd ref="6039810951"/>
    <nd ref="1610796634"/>
    <nd ref="868384577"/>
    <nd ref="868384578"/>
    <nd ref="6039810949"/>
    <nd ref="1610796664"/>
    <nd ref="1610796692"/>
    <nd ref="6039810948"/>
    <nd ref="868384579"/>
    <nd ref="1610796725"/>
    <nd ref="6039810947"/>
    <nd ref="868384580"/>
    <nd ref="1610796759"/>
    <nd ref="868384586"/>
    <nd ref="1610796768"/>
    <nd ref="868384588"/>
    <nd ref="1610796769"/>
    <nd ref="1610796763"/>
    <nd ref="868384590"/>
    <nd ref="1610796765"/>
    <nd ref="6039181335"/>
    <nd ref="868384592"/>
    <nd ref="1610796777"/>
    <nd ref="6039181336"/>
    <nd ref="8390456539"/>
    <nd ref="868384595"/>
    <nd ref="1610796780"/>
    <nd ref="6039181337"/>
    <nd ref="868384596"/>
    <tag k="highway" v="residential"/>
    <tag k="lanes" v="2"/>
    <tag k="maxspeed" v="30 mph"/>
    <tag k="name" v="Holly Drive"/>
    <tag k="surface" v="asphalt"/>
  </way>
  <way id="73202207" version="12" timestamp="2021-11-11T14:28:51Z" changeset="113655019" uid="34867" user="SammyTheSnake">
    <nd ref="9243676794"/>
    <nd ref="6039181297"/>
    <nd ref="6039181296"/>
    <nd ref="1610796724"/>
    <nd ref="868384788"/>
    <nd ref="868384789"/>
    <nd ref="6039181292"/>
    <nd ref="6039181291"/>
    <nd ref="868384790"/>
    <nd ref="6039181290"/>
    <nd ref="1610796776"/>
    <nd ref="1610796782"/>
    <nd ref="6039181338"/>
    <nd ref="6039181339"/>
    <nd ref="868384596"/>
    <tag k="cycleway:both" v="no"/>
    <tag k="highway" v="residential"/>
    <tag k="maxspeed" v="30 mph"/>
    <tag k="name" v="Cedar Avenue"/>
    <tag k="sidewalk" v="both"/>
    <tag k="surface" v="asphalt"/>
  </way>
  <way id="73202238" version="9" timestamp="2021-11-11T14:29:01Z" changeset="113655019" uid="34867" user="SammyTheSnake">
    <nd ref="6039181286"/>
    <nd ref="868385047"/>
    <nd ref="1610796743"/>
    <nd ref="1610796736"/>
    <nd ref="1610796722"/>
    <nd ref="1610796717"/>
    <nd ref="6039181294"/>
    <nd ref="868385049"/>
    <tag k="cycleway:both" v="no"/>
    <tag k="highway" v="residential"/>
    <tag k="lane_markings" v="no"/>
    <tag k="maxspeed" v="30 mph"/>
    <tag k="name" v="Lea Walk"/>
    <tag k="sidewalk" v="no"/>
    <tag k="surface" v="sett"/>
  </way>
  <way id="73202388" version="12" timestamp="2025-05-01T09:06:20Z" changeset="165665629" uid="22417091" user="satchUK">
    <nd ref="868386400"/>
    <nd ref="1610796625"/>
    <nd ref="6039181061"/>
    <nd ref="130153901"/>
    <nd ref="3495071927"/>
    <nd ref="130153900"/>
    <nd ref="11156164395"/>
    <nd ref="1495845030"/>
    <tag k="highway" v="primary"/>
    <tag k="lanes" v="2"/>
    <tag k="lanes:backward" v="1"/>
    <tag k="lanes:forward" v="1"/>
    <tag k="lit" v="yes"/>
    <tag k="maxspeed" v="30 mph"/>
    <tag k="name" v="Leamington Road"/>
    <tag k="oneway" v="no"/>
    <tag k="ref" v="A445"/>
    <tag k="surface" v="asphalt"/>
  </way>
  <way id="73202450" version="12" timestamp="2024-08-21T09:57:08Z" changeset="155548266" uid="5589" user="user_5589">
    <nd ref="11557858771"/>
    <nd ref="868386446"/>
    <nd ref="890378704"/>
    <nd ref="890378703"/>
    <nd ref="868386628"/>
    <nd ref="890378702"/>
    <nd ref="868386771"/>
    <nd ref="890378700"/>
    <nd ref="868386629"/>
    <nd ref="890378695"/>
    <nd ref="890378693"/>
    <nd ref="11557858770"/>
    <nd ref="868386400"/>
    <nd ref="890378690"/>
    <nd ref="868386630"/>
    <nd ref="890378689"/>
    <nd ref="890378686"/>
    <nd ref="868386633"/>
    <nd ref="890378682"/>
    <nd ref="890378680"/>
    <nd ref="11557858771"/>
    <tag k="highway" v="primary"/>
    <tag k="junction" v="roundabout"/>
    <tag k="lanes" v="1"/>
    <tag k="lit" v="yes"/>
    <tag k="maxspeed" v="30 mph"/>
    <tag k="name" v="Leamington Road"/>
    <tag k="oneway" v="yes"/>
    <tag k="ref" v="A445"/>
    <tag k="surface" v="asphalt"/>
  </way>
  <way id="73202605" version="4" timestamp="2024-08-21T09:57:06Z" changeset="155548188" uid="5589" user="user_5589">
    <nd ref="868387597"/>
    <nd ref="868386633"/>
    <tag k="highway" v="residential"/>
    <tag k="lit" v="yes"/>
    <tag k="maxspeed" v="30 mph"/>
    <tag k="name" v="Mann's Close"/>
    <tag k="surface" v="asphalt"/>
  </way>
  <way id="73202629" version="3" timestamp="2021-05-14T14:35:44Z" changeset="104690946" uid="10205154" user="mundlk">
    <nd ref="868388043"/>
    <nd ref="303263615"/>
    <tag k="highway" v="residential"/>
    <tag k="name" v="Coppice Close"/>
  </way>
  <way id="73202813" version="5" timestamp="2021-11-11T14:27:22Z" changeset="113654990" uid="34867" user="SammyTheSnake">
    <nd ref="705013618"/>
    <nd ref="705013619"/>
    <nd ref="705011776"/>
    <nd ref="705013620"/>
    <nd ref="705013621"/>
    <nd ref="705013622"/>
    <nd ref="705013623"/>
    <tag k="highway" v="residential"/>
    <tag k="maxspeed" v="20 mph"/>
    <tag k="name" v="Soden's Avenue"/>
    <tag k="sidewalk" v="both"/>
    <tag k="source" v="OS_OpenData_StreetView"/>
    <tag k="surface" v="asphalt"/>
  </way>
  <way id="73203335" version="3" timestamp="2013-05-11T16:43:12Z" changeset="16082537" uid="154484" user="PeterP">
    <nd ref="868395054"/>
    <nd ref="868395055"/>
    <nd ref="2299848724"/>
    <nd ref="868395058"/>
    <nd ref="2299848727"/>
    <nd ref="890377425"/>
    <nd ref="890377431"/>
    <nd ref="2299848716"/>
    <nd ref="890377436"/>
    <nd ref="2299848713"/>
    <tag k="access" v="private"/>
    <tag k="highway" v="residential"/>
    <tag k="name" v="Redland Lane"/>
  </way>
  <way id="73203688" version="3" timestamp="2013-05-11T16:43:11Z" changeset="16082537" uid="154484" user="PeterP">
    <nd ref="868397834"/>
    <nd ref="2299848702"/>
    <nd ref="2299848687"/>
    <nd ref="303263630"/>
    <tag k="highway" v="residential"/>
    <tag k="maxspeed" v="30 mph"/>
    <tag k="name" v="Church Close"/>
  </way>
  <way id="73204099" version="6" timestamp="2022-12-22T16:59:26Z" changeset="130384905" uid="983460" user="JamesHartw">
    <nd ref="868401142"/>
    <nd ref="868401143"/>
    <nd ref="2024658441"/>
    <nd ref="868401145"/>
    <tag k="access" v="private"/>
    <tag k="highway" v="residential"/>
    <tag k="lit" v="no"/>
    <tag k="name" v="Glenfern Gardens"/>
    <tag k="sidewalk" v="no"/>
    <tag k="surface" v="asphalt"/>
  </way>
  <way id="75402727" version="5" timestamp="2018-11-05T13:02:15Z" changeset="64197048" uid="9065" user="brianboru">
    <nd ref="868384596"/>
    <nd ref="6039181289"/>
    <nd ref="6039181288"/>
    <nd ref="6039181287"/>
    <nd ref="868384791"/>
    <nd ref="4899905591"/>
    <nd ref="868384793"/>
    <nd ref="4899905588"/>
    <nd ref="4899905590"/>
    <tag k="highway" v="residential"/>
    <tag k="maxspeed" v="30 mph"/>
    <tag k="name" v="Poplar Grove"/>
  </way>
  <way id="75402772" version="10" timestamp="2021-11-11T14:28:14Z" changeset="113655019" uid="34867" user="SammyTheSnake">
    <nd ref="890378717"/>
    <nd ref="1610796702"/>
    <nd ref="9243670959"/>
    <tag k="cycleway:both" v="no"/>
    <tag k="highway" v="residential"/>
    <tag k="lanes" v="2"/>
    <tag k="maxspeed" v="30 mph"/>
    <tag k="name" v="Holly Drive"/>
    <tag k="sidewalk" v="right"/>
    <tag k="surface" v="sett"/>
  </way>
  <way id="75402773" version="2" timestamp="2011-10-28T03:44:41Z" changeset="9673378" uid="5589" user="user_5589">
    <nd ref="890378723"/>
    <nd ref="890378725"/>
    <nd ref="890378674"/>
    <tag k="highway" v="residential"/>
    <tag k="maxspeed" v="20 mph"/>
  </way>
  <way id="83475792" version="7" timestamp="2025-01-08T18:01:05Z" changeset="161143123" uid="5229644" user="Nathan_A_RF">
    <nd ref="971985347"/>
    <nd ref="971985350"/>
    <nd ref="971985351"/>
    <nd ref="705113423"/>
    <nd ref="12378504422"/>
    <nd ref="12378504421"/>
    <nd ref="25880228"/>
    <tag k="highway" v="trunk"/>
    <tag k="lanes" v="1"/>
    <tag k="maxspeed" v="60 mph"/>
    <tag k="maxspeed:type" v="GB:nsl_single"/>
    <tag k="name" v="Oxford Road"/>
    <tag k="oneway" v="yes"/>
    <tag k="ref" v="A423"/>
    <tag k="shoulder" v="no"/>
    <tag k="source" v="survey;OS_OpenData_StreetView"/>
    <tag k="surface" v="asphalt"/>
  </way>
  <way id="83475793" version="9" timestamp="2025-01-08T18:01:05Z" changeset="161143123" uid="5229644" user="Nathan_A_RF">
    <nd ref="705113414"/>
    <nd ref="25880263"/>
    <nd ref="1354106975"/>
    <nd ref="25880262"/>
    <nd ref="1354106977"/>
    <nd ref="25880250"/>
    <tag k="highway" v="trunk_link"/>
    <tag k="lanes" v="2"/>
    <tag k="maxspeed" v="50 mph"/>
    <tag k="maxspeed:type" v="sign"/>
    <tag k="name" v="Oxford Road"/>
    <tag k="oneway" v="yes"/>
    <tag k="ref" v="A423"/>
    <tag k="source" v="survey;OS_OpenData_StreetView"/>
    <tag k="surface" v="asphalt"/>
  </way>
  <way id="86021043" version="7" timestamp="2025-01-08T18:01:05Z" changeset="161143123" uid="5229644" user="Nathan_A_RF">
    <nd ref="705113414"/>
    <nd ref="971985463"/>
    <nd ref="971985466"/>
    <nd ref="705113416"/>
    <nd ref="971985470"/>
    <nd ref="705113417"/>
    <nd ref="971985474"/>
    <nd ref="971985476"/>
    <nd ref="971985478"/>
    <nd ref="705113418"/>
    <tag k="highway" v="trunk"/>
    <tag k="junction" v="roundabout"/>
    <tag k="lane_markings" v="no"/>
    <tag k="maxspeed" v="60 mph"/>
    <tag k="maxspeed:type" v="GB:nsl_single"/>
    <tag k="oneway" v="yes"/>
    <tag k="shoulder" v="no"/>
    <tag k="source" v="OS_OpenData_StreetView;OS_OpenData_StreetView;survey;OS_OpenData_StreetView;survey;OS_OpenData_StreetView"/>
    <tag k="surface" v="asphalt"/>
  </way>
  <way id="86021046" version="17" timestamp="2024-08-16T22:46:59Z" changeset="155347442" uid="5589" user="user_5589">
    <nd ref="2270579"/>
    <nd ref="1524497502"/>
    <nd ref="25880583"/>
    <nd ref="6482099978"/>
    <nd ref="2270576"/>
    <nd ref="6482099982"/>
    <nd ref="25880582"/>
    <nd ref="2299865992"/>
    <nd ref="2270573"/>
    <tag k="carriageway_ref" v="A"/>
    <tag k="highway" v="trunk"/>
    <tag k="lanes" v="2"/>
    <tag k="lit" v="yes"/>
    <tag k="maxspeed" v="50 mph"/>
    <tag k="name" v="London Road"/>
    <tag k="national_highways:area" v="9"/>
    <tag k="oneway" v="yes"/>
    <tag k="operator" v="National Highways"/>
    <tag k="operator:wikidata" v="Q5760006"/>
    <tag k="ref" v="A45"/>
    <tag k="shoulder" v="no"/>
    <tag k="source" v="survey"/>
  </way>
  <way id="86021062" version="6" timestamp="2025-01-08T18:01:05Z" changeset="161143123" uid="5229644" user="Nathan_A_RF">
    <nd ref="971985347"/>
    <nd ref="971985490"/>
    <nd ref="705113424"/>
    <nd ref="971985492"/>
    <nd ref="705113420"/>
    <nd ref="971985495"/>
    <nd ref="971985497"/>
    <nd ref="971985508"/>
    <nd ref="705113421"/>
    <nd ref="971985512"/>
    <nd ref="705113411"/>
    <tag k="highway" v="trunk"/>
    <tag k="junction" v="roundabout"/>
    <tag k="lane_markings" v="no"/>
    <tag k="maxspeed" v="60 mph"/>
    <tag k="maxspeed:type" v="GB:nsl_single"/>
    <tag k="oneway" v="yes"/>
    <tag k="source" v="OS_OpenData_StreetView;OS_OpenData_StreetView;survey;OS_OpenData_StreetView;survey;OS_OpenData_StreetView"/>
    <tag k="surface" v="asphalt"/>
  </way>
  <way id="86021067" version="7" timestamp="2025-02-05T17:16:02Z" changeset="162174376" uid="5589" user="user_5589">
    <nd ref="705113418"/>
    <nd ref="971985382"/>
    <nd ref="705113406"/>
    <nd ref="971985484"/>
    <nd ref="971985486"/>
    <nd ref="971985487"/>
    <nd ref="1524492300"/>
    <nd ref="971985378"/>
    <nd ref="971985347"/>
    <tag k="highway" v="trunk"/>
    <tag k="junction" v="roundabout"/>
    <tag k="lane_markings" v="no"/>
    <tag k="lanes" v="2"/>
    <tag k="maxspeed" v="60 mph"/>
    <tag k="maxspeed:type" v="GB:nsl_single"/>
    <tag k="oneway" v="yes"/>
    <tag k="source" v="OS_OpenData_StreetView;OS_OpenData_StreetView;survey;OS_OpenData_StreetView;survey;OS_OpenData_StreetView"/>
    <tag k="surface" v="asphalt"/>
  </way>
  <way id="86021091" version="15" timestamp="2025-01-08T17:27:40Z" changeset="161142179" uid="5229644" user="Nathan_A_RF">
    <nd ref="25880680"/>
    <nd ref="890378647"/>
    <nd ref="25880678"/>
    <tag k="highway" v="trunk"/>
    <tag k="junction" v="roundabout"/>
    <tag k="lanes" v="2"/>
    <tag k="lit" v="yes"/>
    <tag k="maxspeed" v="50 mph"/>
    <tag k="maxspeed:type" v="sign"/>
    <tag k="name" v="Ryton Island"/>
    <tag k="national_highways:area" v="9"/>
    <tag k="oneway" v="yes"/>
    <tag k="operator" v="National Highways"/>
    <tag k="operator:wikidata" v="Q5760006"/>
    <tag k="shoulder" v="no"/>
  </way>
  <way id="86021094" version="3" timestamp="2011-11-08T22:01:05Z" changeset="9777491" uid="5589" user="user_5589">
    <nd ref="705011377"/>
    <nd ref="1495844984"/>
    <nd ref="1495845039"/>
    <nd ref="1495845021"/>
    <nd ref="705011373"/>
    <nd ref="1495845023"/>
    <nd ref="1495844993"/>
    <nd ref="1495845009"/>
    <nd ref="705011374"/>
    <nd ref="1495845025"/>
    <nd ref="1495845035"/>
    <nd ref="1495845001"/>
    <nd ref="1495845027"/>
    <nd ref="705011375"/>
    <nd ref="1495845011"/>
    <nd ref="1495844995"/>
    <nd ref="1495844991"/>
    <nd ref="1495844977"/>
    <nd ref="705011376"/>
    <nd ref="1495844999"/>
    <nd ref="1495845028"/>
    <nd ref="1495845033"/>
    <nd ref="1495844997"/>
    <nd ref="705011357"/>
    <nd ref="1495844986"/>
    <nd ref="705011358"/>
    <nd ref="1495844982"/>
    <nd ref="1495845026"/>
    <nd ref="1495844980"/>
    <nd ref="705011359"/>
    <nd ref="705011360"/>
    <tag k="highway" v="residential"/>
    <tag k="maxspeed" v="20 mph"/>
    <tag k="name" v="Bagshaw Close"/>
    <tag k="source" v="visual survey;OS_OpenData_StreetView"/>
  </way>
  <way id="86023442" version="13" timestamp="2025-01-08T17:27:40Z" changeset="161142179" uid="5229644" user="Nathan_A_RF">
    <nd ref="890378645"/>
    <nd ref="998303883"/>
    <nd ref="295824603"/>
    <tag k="highway" v="trunk"/>
    <tag k="junction" v="roundabout"/>
    <tag k="lanes" v="2"/>
    <tag k="lit" v="yes"/>
    <tag k="maxspeed" v="50 mph"/>
    <tag k="maxspeed:type" v="sign"/>
    <tag k="name" v="Ryton Island"/>
    <tag k="national_highways:area" v="9"/>
    <tag k="oneway" v="yes"/>
    <tag k="operator" v="National Highways"/>
    <tag k="operator:wikidata" v="Q5760006"/>
  </way>
  <way id="86023443" version="15" timestamp="2025-01-08T17:27:40Z" changeset="161142179" uid="5229644" user="Nathan_A_RF">
    <nd ref="25880683"/>
    <nd ref="890378649"/>
    <nd ref="890378648"/>
    <nd ref="998304028"/>
    <nd ref="25880680"/>
    <tag k="highway" v="trunk"/>
    <tag k="junction" v="roundabout"/>
    <tag k="lanes" v="2"/>
    <tag k="lit" v="yes"/>
    <tag k="maxspeed" v="50 mph"/>
    <tag k="maxspeed:type" v="sign"/>
    <tag k="name" v="Ryton Island"/>
    <tag k="national_highways:area" v="9"/>
    <tag k="oneway" v="yes"/>
    <tag k="operator" v="National Highways"/>
    <tag k="operator:wikidata" v="Q5760006"/>
    <tag k="shoulder" v="no"/>
  </way>
  <way id="107454151" version="19" timestamp="2024-11-27T10:33:52Z" changeset="159652743" uid="5229644" user="Nathan_A_RF">
    <nd ref="2270573"/>
    <nd ref="1234891784"/>
    <tag k="bridge" v="yes"/>
    <tag k="bridge:name" v="Ryton Bridge"/>
    <tag k="carriageway_ref" v="A"/>
    <tag k="highway" v="trunk"/>
    <tag k="lanes" v="2"/>
    <tag k="layer" v="1"/>
    <tag k="lit" v="yes"/>
    <tag k="maxspeed" v="50 mph"/>
    <tag k="maxweight:signed" v="no"/>
    <tag k="name" v="London Road"/>
    <tag k="national_highways:area" v="9"/>
    <tag k="oneway" v="yes"/>
    <tag k="operator" v="National Highways"/>
    <tag k="operator:wikidata" v="Q5760006"/>
    <tag k="ref" v="A45"/>
    <tag k="source" v="survey"/>
  </way>
  <way id="107454152" version="17" timestamp="2024-08-16T22:46:47Z" changeset="155347442" uid="5589" user="user_5589">
    <nd ref="2270575"/>
    <nd ref="25880581"/>
    <nd ref="2270577"/>
    <nd ref="25880584"/>
    <nd ref="2270578"/>
    <nd ref="2270582"/>
    <nd ref="2270585"/>
    <nd ref="2270586"/>
    <nd ref="1354106990"/>
    <nd ref="2270589"/>
    <nd ref="6902487915"/>
    <nd ref="2270592"/>
    <nd ref="1354106973"/>
    <nd ref="8387648954"/>
    <nd ref="2270593"/>
    <nd ref="1354106963"/>
    <nd ref="2270596"/>
    <nd ref="25880585"/>
    <nd ref="25880588"/>
    <nd ref="2270599"/>
    <nd ref="1354106950"/>
    <nd ref="1354106944"/>
    <nd ref="1354106938"/>
    <nd ref="2270601"/>
    <nd ref="25880591"/>
    <nd ref="25880592"/>
    <nd ref="2083713949"/>
    <nd ref="2270604"/>
    <nd ref="1354106931"/>
    <nd ref="2270606"/>
    <nd ref="1354106917"/>
    <nd ref="2270609"/>
    <nd ref="1354106912"/>
    <nd ref="2270611"/>
    <nd ref="1354106905"/>
    <nd ref="2270614"/>
    <nd ref="5764428568"/>
    <nd ref="1354106909"/>
    <nd ref="2270616"/>
    <nd ref="868396246"/>
    <nd ref="2270617"/>
    <nd ref="5764428575"/>
    <nd ref="25880593"/>
    <nd ref="705011383"/>
    <nd ref="2270621"/>
    <nd ref="6483627606"/>
    <nd ref="2030708869"/>
    <nd ref="5764428573"/>
    <nd ref="2270623"/>
    <nd ref="2270626"/>
    <nd ref="1354106885"/>
    <nd ref="2270627"/>
    <nd ref="2270629"/>
    <nd ref="1354106857"/>
    <nd ref="2272767"/>
    <nd ref="25880673"/>
    <nd ref="1224562549"/>
    <nd ref="25880672"/>
    <nd ref="1826446343"/>
    <nd ref="25880671"/>
    <nd ref="1224562554"/>
    <nd ref="295824605"/>
    <tag k="carriageway_ref" v="B"/>
    <tag k="highway" v="trunk"/>
    <tag k="lanes" v="2"/>
    <tag k="lit" v="yes"/>
    <tag k="maxspeed" v="50 mph"/>
    <tag k="name" v="London Road"/>
    <tag k="national_highways:area" v="9"/>
    <tag k="oneway" v="yes"/>
    <tag k="operator" v="National Highways"/>
    <tag k="operator:wikidata" v="Q5760006"/>
    <tag k="ref" v="A45"/>
    <tag k="source" v="OS_OpenData_StreetView;survey"/>
  </way>
  <way id="107454154" version="9" timestamp="2025-01-08T18:01:05Z" changeset="161143123" uid="5229644" user="Nathan_A_RF">
    <nd ref="1234891782"/>
    <nd ref="2024658461"/>
    <nd ref="25880258"/>
    <nd ref="2024658458"/>
    <nd ref="1234891783"/>
    <nd ref="705113426"/>
    <nd ref="2425060364"/>
    <nd ref="25880252"/>
    <nd ref="2425060359"/>
    <nd ref="25880259"/>
    <nd ref="998241736"/>
    <nd ref="25880260"/>
    <nd ref="2425060349"/>
    <nd ref="2425060346"/>
    <nd ref="25880257"/>
    <tag k="highway" v="trunk_link"/>
    <tag k="lanes" v="2"/>
    <tag k="maxspeed" v="50 mph"/>
    <tag k="maxspeed:type" v="sign"/>
    <tag k="name" v="Oxford Road"/>
    <tag k="oneway" v="yes"/>
    <tag k="ref" v="A423"/>
    <tag k="shoulder" v="no"/>
    <tag k="source" v="survey;OS_OpenData_StreetView"/>
    <tag k="surface" v="asphalt"/>
  </way>
  <way id="120859095" version="15" timestamp="2025-01-08T17:27:40Z" changeset="161142179" uid="5229644" user="Nathan_A_RF">
    <nd ref="2272789"/>
    <nd ref="12209863554"/>
    <nd ref="2272787"/>
    <nd ref="12209863553"/>
    <nd ref="2272784"/>
    <nd ref="12209863552"/>
    <nd ref="1354106847"/>
    <nd ref="12209863551"/>
    <nd ref="2272782"/>
    <nd ref="2030692585"/>
    <nd ref="2030692610"/>
    <tag k="carriageway_ref" v="A"/>
    <tag k="dual_carriageway" v="yes"/>
    <tag k="highway" v="trunk"/>
    <tag k="lanes" v="2"/>
    <tag k="lit" v="no"/>
    <tag k="maxspeed" v="50 mph"/>
    <tag k="maxspeed:type" v="sign"/>
    <tag k="name" v="London Road"/>
    <tag k="national_highways:area" v="9"/>
    <tag k="oneway" v="yes"/>
    <tag k="operator" v="National Highways"/>
    <tag k="operator:wikidata" v="Q5760006"/>
    <tag k="ref" v="A45"/>
    <tag k="shoulder" v="no"/>
  </way>
  <way id="120859098" version="22" timestamp="2025-01-08T17:27:40Z" changeset="161142179" uid="5229644" user="Nathan_A_RF">
    <nd ref="2272788"/>
    <nd ref="12209863541"/>
    <nd ref="1354106845"/>
    <nd ref="2272791"/>
    <nd ref="2272793"/>
    <nd ref="12209863540"/>
    <nd ref="12209863539"/>
    <nd ref="2272797"/>
    <nd ref="12209863538"/>
    <nd ref="2272798"/>
    <nd ref="12209863537"/>
    <nd ref="2272752"/>
    <nd ref="12209863536"/>
    <nd ref="25880692"/>
    <nd ref="2272751"/>
    <nd ref="2153174887"/>
    <nd ref="1354106819"/>
    <nd ref="2272290"/>
    <nd ref="1354106814"/>
    <nd ref="2272289"/>
    <nd ref="12209863535"/>
    <nd ref="25880695"/>
    <nd ref="2272285"/>
    <nd ref="7353550406"/>
    <nd ref="7353550411"/>
    <nd ref="2272284"/>
    <nd ref="1354106792"/>
    <nd ref="1354106789"/>
    <nd ref="2272280"/>
    <nd ref="1354106785"/>
    <nd ref="2432294444"/>
    <nd ref="2272279"/>
    <nd ref="12209863608"/>
    <nd ref="2432294278"/>
    <nd ref="868303639"/>
    <nd ref="2272275"/>
    <nd ref="12209863534"/>
    <nd ref="1354106780"/>
    <nd ref="12209863533"/>
    <nd ref="2272269"/>
    <nd ref="1383426276"/>
    <nd ref="2272268"/>
    <nd ref="1383426266"/>
    <tag k="carriageway_ref" v="B"/>
    <tag k="dual_carriageway" v="yes"/>
    <tag k="highway" v="trunk"/>
    <tag k="lanes" v="2"/>
    <tag k="lit" v="no"/>
    <tag k="maxspeed" v="60 mph"/>
    <tag k="maxspeed:type" v="sign"/>
    <tag k="name" v="London Road"/>
    <tag k="national_highways:area" v="9"/>
    <tag k="oneway" v="yes"/>
    <tag k="operator" v="National Highways"/>
    <tag k="operator:wikidata" v="Q5760006"/>
    <tag k="ref" v="A45"/>
    <tag k="source" v="survey"/>
    <tag k="surface" v="asphalt"/>
  </way>
  <way id="123218580" version="7" timestamp="2018-11-05T11:11:04Z" changeset="64193745" uid="9065" user="brianboru">
    <nd ref="705011365"/>
    <nd ref="3375029562"/>
    <nd ref="303263621"/>
    <nd ref="6038994027"/>
    <nd ref="303263623"/>
    <tag k="highway" v="unclassified"/>
    <tag k="maxspeed" v="20 mph"/>
    <tag k="name" v="High Street"/>
    <tag k="oneway" v="no"/>
  </way>
  <way id="124208841" version="18" timestamp="2025-01-08T17:27:40Z" changeset="161142179" uid="5229644" user="Nathan_A_RF">
    <nd ref="3733395024"/>
    <nd ref="2276512221"/>
    <nd ref="2272775"/>
    <nd ref="1826446298"/>
    <nd ref="1354106855"/>
    <nd ref="12209863550"/>
    <nd ref="2272774"/>
    <nd ref="12209863549"/>
    <nd ref="2272772"/>
    <nd ref="1826448065"/>
    <nd ref="1826448066"/>
    <nd ref="25880680"/>
    <tag k="carriageway_ref" v="A"/>
    <tag k="dual_carriageway" v="yes"/>
    <tag k="highway" v="trunk"/>
    <tag k="lanes" v="2"/>
    <tag k="lit" v="yes"/>
    <tag k="maxspeed" v="50 mph"/>
    <tag k="maxspeed:type" v="sign"/>
    <tag k="name" v="London Road"/>
    <tag k="national_highways:area" v="9"/>
    <tag k="oneway" v="yes"/>
    <tag k="operator" v="National Highways"/>
    <tag k="operator:wikidata" v="Q5760006"/>
    <tag k="ref" v="A45"/>
  </way>
  <way id="124208867" version="15" timestamp="2025-01-08T17:27:40Z" changeset="161142179" uid="5229644" user="Nathan_A_RF">
    <nd ref="295824603"/>
    <nd ref="1614172829"/>
    <nd ref="1614172830"/>
    <nd ref="1826448069"/>
    <nd ref="1614172831"/>
    <nd ref="295824605"/>
    <tag k="highway" v="trunk"/>
    <tag k="junction" v="roundabout"/>
    <tag k="lanes" v="2"/>
    <tag k="lit" v="yes"/>
    <tag k="maxspeed" v="50 mph"/>
    <tag k="maxspeed:type" v="sign"/>
    <tag k="name" v="Ryton Island"/>
    <tag k="national_highways:area" v="9"/>
    <tag k="oneway" v="yes"/>
    <tag k="operator" v="National Highways"/>
    <tag k="operator:wikidata" v="Q5760006"/>
  </way>
  <way id="124212483" version="18" timestamp="2024-11-27T10:33:52Z" changeset="159652743" uid="5229644" user="Nathan_A_RF">
    <nd ref="1383128595"/>
    <nd ref="1383128610"/>
    <nd ref="12378504419"/>
    <nd ref="2270620"/>
    <nd ref="5764428574"/>
    <nd ref="25880594"/>
    <nd ref="2270618"/>
    <nd ref="5764428569"/>
    <nd ref="5764428570"/>
    <nd ref="2270615"/>
    <nd ref="1354106899"/>
    <nd ref="5764428566"/>
    <nd ref="2270613"/>
    <nd ref="5764428567"/>
    <nd ref="1354106891"/>
    <nd ref="2270610"/>
    <nd ref="1354106902"/>
    <nd ref="2270607"/>
    <nd ref="1354106914"/>
    <nd ref="2270605"/>
    <nd ref="1354106920"/>
    <nd ref="2270603"/>
    <nd ref="2008124098"/>
    <nd ref="25880590"/>
    <nd ref="25880589"/>
    <nd ref="2270602"/>
    <nd ref="1354106935"/>
    <nd ref="1354106941"/>
    <nd ref="1354106947"/>
    <nd ref="2270598"/>
    <nd ref="25880587"/>
    <nd ref="25880586"/>
    <nd ref="2270595"/>
    <nd ref="1354106960"/>
    <nd ref="1354106965"/>
    <nd ref="2270594"/>
    <nd ref="2425060269"/>
    <nd ref="1354106970"/>
    <nd ref="2270591"/>
    <nd ref="2270588"/>
    <nd ref="1354106987"/>
    <nd ref="1524497501"/>
    <nd ref="12378504417"/>
    <nd ref="2270587"/>
    <nd ref="2425060319"/>
    <nd ref="2270583"/>
    <nd ref="2030708966"/>
    <nd ref="2270580"/>
    <nd ref="2270579"/>
    <tag k="carriageway_ref" v="A"/>
    <tag k="highway" v="trunk"/>
    <tag k="lanes" v="2"/>
    <tag k="lit" v="yes"/>
    <tag k="maxheight" v="default"/>
    <tag k="maxspeed" v="50 mph"/>
    <tag k="name" v="London Road"/>
    <tag k="national_highways:area" v="9"/>
    <tag k="oneway" v="yes"/>
    <tag k="operator" v="National Highways"/>
    <tag k="operator:wikidata" v="Q5760006"/>
    <tag k="ref" v="A45"/>
  </way>
  <way id="131416649" version="9" timestamp="2025-01-08T18:01:05Z" changeset="161143123" uid="5229644" user="Nathan_A_RF">
    <nd ref="25880250"/>
    <nd ref="25880249"/>
    <nd ref="25880247"/>
    <nd ref="1354107003"/>
    <nd ref="2425060336"/>
    <nd ref="25880261"/>
    <nd ref="1354107018"/>
    <nd ref="25880246"/>
    <nd ref="1524497500"/>
    <nd ref="2024658455"/>
    <nd ref="2270579"/>
    <tag k="highway" v="trunk_link"/>
    <tag k="lanes" v="1"/>
    <tag k="maxspeed" v="50 mph"/>
    <tag k="maxspeed:type" v="sign"/>
    <tag k="name" v="Oxford Road"/>
    <tag k="oneway" v="yes"/>
    <tag k="ref" v="A423"/>
    <tag k="shoulder" v="no"/>
    <tag k="source" v="survey;OS_OpenData_StreetView"/>
    <tag k="surface" v="asphalt"/>
  </way>
  <way id="134985095" version="6" timestamp="2025-01-08T18:01:05Z" changeset="161143123" uid="5229644" user="Nathan_A_RF">
    <nd ref="971985435"/>
    <nd ref="705113404"/>
    <nd ref="705113418"/>
    <tag k="highway" v="trunk_link"/>
    <tag k="lanes" v="2"/>
    <tag k="maxspeed" v="50 mph"/>
    <tag k="maxspeed:type" v="sign"/>
    <tag k="name" v="Oxford Road"/>
    <tag k="oneway" v="yes"/>
    <tag k="ref" v="A423"/>
    <tag k="shoulder" v="no"/>
    <tag k="source" v="survey;OS_OpenData_StreetView"/>
    <tag k="surface" v="asphalt"/>
  </way>
  <way id="136354885" version="5" timestamp="2024-05-06T08:49:37Z" changeset="150953412" uid="5589" user="user_5589">
    <nd ref="1495845015"/>
    <nd ref="130153904"/>
    <nd ref="130153903"/>
    <nd ref="303263615"/>
    <tag k="highway" v="primary"/>
    <tag k="lanes" v="2"/>
    <tag k="lanes:backward" v="1"/>
    <tag k="lanes:forward" v="1"/>
    <tag k="maxspeed" v="30 mph"/>
    <tag k="name" v="Leamington Road"/>
    <tag k="oneway" v="no"/>
    <tag k="ref" v="A445"/>
    <tag k="surface" v="asphalt"/>
  </way>
  <way id="136354886" version="5" timestamp="2024-11-27T10:33:52Z" changeset="159652743" uid="5229644" user="Nathan_A_RF">
    <nd ref="705011383"/>
    <nd ref="2140415286"/>
    <nd ref="303263630"/>
    <nd ref="2299848693"/>
    <nd ref="868396153"/>
    <nd ref="303263631"/>
    <nd ref="2299848718"/>
    <nd ref="2083713917"/>
    <nd ref="303263632"/>
    <nd ref="2299848696"/>
    <nd ref="868395151"/>
    <tag k="highway" v="unclassified"/>
    <tag k="maxspeed" v="30 mph"/>
    <tag k="name" v="Church Road"/>
    <tag k="oneway" v="no"/>
  </way>
  <way id="136354887" version="9" timestamp="2025-01-08T17:27:40Z" changeset="161142179" uid="5229644" user="Nathan_A_RF">
    <nd ref="1495845030"/>
    <nd ref="1610802614"/>
    <nd ref="1610802615"/>
    <tag k="cycleway:both" v="no"/>
    <tag k="highway" v="primary"/>
    <tag k="lanes" v="2"/>
    <tag k="lit" v="yes"/>
    <tag k="maxspeed" v="50 mph"/>
    <tag k="maxspeed:type" v="sign"/>
    <tag k="name" v="Leamington Road"/>
    <tag k="oneway" v="no"/>
    <tag k="ref" v="A445"/>
    <tag k="sidewalk" v="right"/>
    <tag k="surface" v="asphalt"/>
  </way>
  <way id="148057576" version="8" timestamp="2025-01-08T18:01:05Z" changeset="161143123" uid="5229644" user="Nathan_A_RF">
    <nd ref="25880257"/>
    <nd ref="2024658451"/>
    <nd ref="1611666663"/>
    <tag k="bridge" v="yes"/>
    <tag k="highway" v="trunk_link"/>
    <tag k="lanes" v="2"/>
    <tag k="layer" v="1"/>
    <tag k="maxspeed" v="50 mph"/>
    <tag k="maxspeed:type" v="sign"/>
    <tag k="maxweight:signed" v="no"/>
    <tag k="name" v="Oxford Road"/>
    <tag k="oneway" v="yes"/>
    <tag k="ref" v="A423"/>
    <tag k="shoulder" v="no"/>
    <tag k="source" v="survey;OS_OpenData_StreetView"/>
    <tag k="surface" v="asphalt"/>
  </way>
  <way id="148057579" version="7" timestamp="2025-01-08T18:01:05Z" changeset="161143123" uid="5229644" user="Nathan_A_RF">
    <nd ref="1611666663"/>
    <nd ref="1611666662"/>
    <nd ref="25880264"/>
    <nd ref="1611666661"/>
    <nd ref="2425060290"/>
    <nd ref="1611666660"/>
    <nd ref="1611666659"/>
    <nd ref="12378504416"/>
    <nd ref="971985435"/>
    <tag k="highway" v="trunk_link"/>
    <tag k="lanes" v="2"/>
    <tag k="maxspeed" v="50 mph"/>
    <tag k="maxspeed:type" v="sign"/>
    <tag k="name" v="Oxford Road"/>
    <tag k="oneway" v="yes"/>
    <tag k="ref" v="A423"/>
    <tag k="shoulder" v="no"/>
    <tag k="source" v="survey;OS_OpenData_StreetView"/>
    <tag k="surface" v="asphalt"/>
  </way>
  <way id="148057581" version="11" timestamp="2025-01-08T18:01:05Z" changeset="161143123" uid="5229644" user="Nathan_A_RF">
    <nd ref="2291258088"/>
    <nd ref="2291258079"/>
    <nd ref="2008099816"/>
    <tag k="highway" v="trunk"/>
    <tag k="lane_markings" v="no"/>
    <tag k="maxspeed" v="60 mph"/>
    <tag k="maxspeed:type" v="GB:nsl_single"/>
    <tag k="name" v="Oxford Road"/>
    <tag k="oneway" v="yes"/>
    <tag k="ref" v="A423"/>
    <tag k="source" v="survey;Warwicks CC aerial imagery"/>
    <tag k="surface" v="asphalt"/>
  </way>
  <way id="148309384" version="9" timestamp="2020-12-29T14:35:55Z" changeset="96608601" uid="10252558" user="prddym">
    <nd ref="1614169239"/>
    <nd ref="1826446373"/>
    <nd ref="1614169240"/>
    <nd ref="1826446375"/>
    <nd ref="1614169238"/>
    <nd ref="1614169235"/>
    <nd ref="1614169230"/>
    <nd ref="1614169229"/>
    <nd ref="1614169225"/>
    <nd ref="1614169232"/>
    <nd ref="1614169236"/>
    <nd ref="1614169241"/>
    <nd ref="1614169242"/>
    <nd ref="1614169244"/>
    <nd ref="1614169246"/>
    <nd ref="1614169253"/>
    <nd ref="1614169268"/>
    <nd ref="8270266741"/>
    <nd ref="663409826"/>
    <nd ref="1614169298"/>
    <nd ref="4449120152"/>
    <nd ref="1614169381"/>
    <nd ref="1614169739"/>
    <nd ref="1614170046"/>
    <nd ref="663409828"/>
    <nd ref="663409794"/>
    <nd ref="1614170076"/>
    <nd ref="1614170079"/>
    <nd ref="1614170081"/>
    <nd ref="1614170084"/>
    <nd ref="1614170087"/>
    <nd ref="1614170089"/>
    <nd ref="1614170090"/>
    <nd ref="1614170099"/>
    <nd ref="1614170101"/>
    <nd ref="1614170107"/>
    <nd ref="1614170109"/>
    <nd ref="705009935"/>
    <nd ref="1614170111"/>
    <nd ref="1614170113"/>
    <nd ref="1614170117"/>
    <nd ref="1614170131"/>
    <nd ref="528261365"/>
    <nd ref="528261331"/>
    <nd ref="528261353"/>
    <nd ref="1614170134"/>
    <nd ref="528261300"/>
    <nd ref="1614170138"/>
    <nd ref="3096195949"/>
    <nd ref="528261539"/>
    <tag k="highway" v="tertiary"/>
    <tag k="name" v="Wolston Lane"/>
    <tag k="source" v="survey"/>
  </way>
  <way id="148309387" version="8" timestamp="2024-08-21T09:58:14Z" changeset="155547951" uid="5589" user="user_5589">
    <nd ref="25880685"/>
    <nd ref="1614169231"/>
    <nd ref="1826446365"/>
    <nd ref="1614169237"/>
    <nd ref="1614169239"/>
    <tag k="highway" v="tertiary"/>
    <tag k="junction" v="approach"/>
    <tag k="lanes" v="1"/>
    <tag k="lit" v="yes"/>
    <tag k="maxspeed" v="50 mph"/>
    <tag k="name" v="Wolston Lane"/>
    <tag k="oneway" v="yes"/>
    <tag k="source" v="survey"/>
    <tag k="surface" v="asphalt"/>
  </way>
  <way id="148309512" version="10" timestamp="2025-01-08T17:27:40Z" changeset="161142179" uid="5229644" user="Nathan_A_RF">
    <nd ref="25880678"/>
    <nd ref="1614172339"/>
    <nd ref="1614172341"/>
    <nd ref="1614172342"/>
    <nd ref="890378645"/>
    <tag k="highway" v="trunk"/>
    <tag k="junction" v="roundabout"/>
    <tag k="lanes" v="2"/>
    <tag k="lit" v="yes"/>
    <tag k="maxspeed" v="50 mph"/>
    <tag k="maxspeed:type" v="sign"/>
    <tag k="name" v="Ryton Island"/>
    <tag k="national_highways:area" v="9"/>
    <tag k="oneway" v="yes"/>
    <tag k="operator" v="National Highways"/>
    <tag k="operator:wikidata" v="Q5760006"/>
  </way>
  <way id="148309545" version="6" timestamp="2025-01-08T17:27:40Z" changeset="161142179" uid="5229644" user="Nathan_A_RF">
    <nd ref="1610802615"/>
    <nd ref="1614172827"/>
    <nd ref="1614172828"/>
    <nd ref="890378645"/>
    <tag k="highway" v="primary"/>
    <tag k="lit" v="yes"/>
    <tag k="maxspeed" v="50 mph"/>
    <tag k="maxspeed:type" v="sign"/>
    <tag k="name" v="Leamington Road"/>
    <tag k="oneway" v="yes"/>
    <tag k="ref" v="A445"/>
    <tag k="surface" v="asphalt"/>
  </way>
  <way id="190216177" version="11" timestamp="2025-01-08T18:01:05Z" changeset="161143123" uid="5229644" user="Nathan_A_RF">
    <nd ref="2008099813"/>
    <nd ref="2619799943"/>
    <nd ref="2291258069"/>
    <nd ref="2291258090"/>
    <nd ref="2291258085"/>
    <nd ref="2291258062"/>
    <nd ref="2008099812"/>
    <nd ref="2291258076"/>
    <nd ref="2008099809"/>
    <nd ref="2291258059"/>
    <nd ref="2008099807"/>
    <nd ref="2291258042"/>
    <tag k="highway" v="trunk"/>
    <tag k="junction" v="roundabout"/>
    <tag k="lane_markings" v="no"/>
    <tag k="maxspeed" v="60 mph"/>
    <tag k="maxspeed:type" v="GB:nsl_single"/>
    <tag k="oneway" v="yes"/>
    <tag k="shoulder" v="no"/>
    <tag k="source" v="survey;Warwicks CC aerial imagery"/>
    <tag k="surface" v="asphalt"/>
  </way>
  <way id="190216180" version="9" timestamp="2025-01-08T18:01:05Z" changeset="161143123" uid="5229644" user="Nathan_A_RF">
    <nd ref="2291258042"/>
    <nd ref="2291258081"/>
    <nd ref="2008099799"/>
    <tag k="highway" v="trunk"/>
    <tag k="lane_markings" v="no"/>
    <tag k="maxspeed" v="60 mph"/>
    <tag k="maxspeed:type" v="GB:nsl_single"/>
    <tag k="name" v="Oxford Road"/>
    <tag k="oneway" v="yes"/>
    <tag k="ref" v="A423"/>
    <tag k="source" v="survey;Warwicks CC aerial imagery"/>
    <tag k="surface" v="asphalt"/>
  </way>
  <way id="191905333" version="13" timestamp="2024-11-27T10:33:52Z" changeset="159652743" uid="5229644" user="Nathan_A_RF">
    <nd ref="2024658464"/>
    <nd ref="2270575"/>
    <tag k="bridge" v="yes"/>
    <tag k="bridge:name" v="Ryton Bridge"/>
    <tag k="carriageway_ref" v="B"/>
    <tag k="highway" v="trunk"/>
    <tag k="lanes" v="2"/>
    <tag k="layer" v="1"/>
    <tag k="lit" v="yes"/>
    <tag k="maxspeed" v="50 mph"/>
    <tag k="maxweight:signed" v="no"/>
    <tag k="name" v="London Road"/>
    <tag k="national_highways:area" v="9"/>
    <tag k="oneway" v="yes"/>
    <tag k="operator" v="National Highways"/>
    <tag k="operator:wikidata" v="Q5760006"/>
    <tag k="ref" v="A45"/>
  </way>
  <way id="191905335" version="8" timestamp="2025-01-08T18:01:05Z" changeset="161143123" uid="5229644" user="Nathan_A_RF">
    <nd ref="2024658467"/>
    <nd ref="1234891782"/>
    <tag k="bridge" v="yes"/>
    <tag k="bridge:name" v="Ryton Bridge"/>
    <tag k="highway" v="trunk_link"/>
    <tag k="lanes" v="1"/>
    <tag k="layer" v="1"/>
    <tag k="maxspeed" v="50 mph"/>
    <tag k="maxspeed:type" v="sign"/>
    <tag k="maxweight:signed" v="no"/>
    <tag k="name" v="Oxford Road"/>
    <tag k="oneway" v="yes"/>
    <tag k="ref" v="A423"/>
    <tag k="source" v="survey;OS_OpenData_StreetView"/>
    <tag k="surface" v="asphalt"/>
  </way>
  <way id="191905340" version="3" timestamp="2022-12-22T16:59:26Z" changeset="130384905" uid="983460" user="JamesHartw">
    <nd ref="2024658436"/>
    <nd ref="9585910764"/>
    <nd ref="2024658428"/>
    <nd ref="2024658420"/>
    <nd ref="2024658398"/>
    <nd ref="2024658403"/>
    <nd ref="2024658416"/>
    <nd ref="2024658424"/>
    <nd ref="2024658432"/>
    <nd ref="2024658413"/>
    <nd ref="2024658410"/>
    <nd ref="2024658407"/>
    <tag k="access" v="private"/>
    <tag k="highway" v="residential"/>
    <tag k="source" v="BING"/>
  </way>
  <way id="192516313" version="10" timestamp="2025-01-08T17:27:40Z" changeset="161142179" uid="5229644" user="Nathan_A_RF">
    <nd ref="2030692594"/>
    <nd ref="2030692612"/>
    <nd ref="2272781"/>
    <nd ref="12209863544"/>
    <nd ref="2272783"/>
    <nd ref="12209863543"/>
    <nd ref="2272786"/>
    <nd ref="12209863542"/>
    <nd ref="2272788"/>
    <tag k="carriageway_ref" v="B"/>
    <tag k="dual_carriageway" v="yes"/>
    <tag k="highway" v="trunk"/>
    <tag k="lanes" v="2"/>
    <tag k="lit" v="no"/>
    <tag k="maxspeed" v="50 mph"/>
    <tag k="maxspeed:type" v="sign"/>
    <tag k="name" v="London Road"/>
    <tag k="national_highways:area" v="9"/>
    <tag k="oneway" v="yes"/>
    <tag k="operator" v="National Highways"/>
    <tag k="operator:wikidata" v="Q5760006"/>
    <tag k="ref" v="A45"/>
  </way>
  <way id="192516316" version="15" timestamp="2025-01-08T17:27:40Z" changeset="161142179" uid="5229644" user="Nathan_A_RF">
    <nd ref="2030692610"/>
    <nd ref="9947788384"/>
    <nd ref="2272780"/>
    <nd ref="3733395024"/>
    <tag k="carriageway_ref" v="A"/>
    <tag k="dual_carriageway" v="yes"/>
    <tag k="foot" v="yes"/>
    <tag k="highway" v="trunk"/>
    <tag k="lanes" v="2"/>
    <tag k="lit" v="yes"/>
    <tag k="maxspeed" v="50 mph"/>
    <tag k="maxspeed:type" v="sign"/>
    <tag k="name" v="London Road"/>
    <tag k="national_highways:area" v="9"/>
    <tag k="oneway" v="yes"/>
    <tag k="operator" v="National Highways"/>
    <tag k="operator:wikidata" v="Q5760006"/>
    <tag k="ref" v="A45"/>
    <tag k="shoulder" v="no"/>
    <tag k="sidewalk" v="no"/>
  </way>
  <way id="208760153" version="10" timestamp="2025-01-08T18:01:05Z" changeset="161143123" uid="5229644" user="Nathan_A_RF">
    <nd ref="2008099799"/>
    <nd ref="2291258071"/>
    <nd ref="2291258048"/>
    <nd ref="2008099798"/>
    <nd ref="1611666653"/>
    <nd ref="8239036700"/>
    <nd ref="2008099796"/>
    <nd ref="6276276936"/>
    <nd ref="1611666652"/>
    <nd ref="6276276937"/>
    <nd ref="6276276814"/>
    <nd ref="705013853"/>
    <tag k="highway" v="trunk"/>
    <tag k="lanes" v="2"/>
    <tag k="maxspeed" v="60 mph"/>
    <tag k="maxspeed:type" v="GB:nsl_single"/>
    <tag k="name" v="Oxford Road"/>
    <tag k="ref" v="A423"/>
    <tag k="shoulder" v="no"/>
    <tag k="source" v="visual survey;estimate;survey"/>
    <tag k="surface" v="asphalt"/>
  </way>
  <way id="209166644" version="5" timestamp="2025-07-12T23:49:17Z" changeset="168854943" uid="8857" user="philipcullen">
    <nd ref="2194019592"/>
    <nd ref="2194019590"/>
    <nd ref="2194019598"/>
    <nd ref="2619799957"/>
    <nd ref="2194019589"/>
    <nd ref="2619799931"/>
    <nd ref="2619799934"/>
    <nd ref="2619799951"/>
    <nd ref="2619799947"/>
    <nd ref="2619799950"/>
    <nd ref="2619799955"/>
    <nd ref="2194019592"/>
    <tag k="addr:housename" v="Network Rail"/>
    <tag k="addr:street" v="Imperial Road"/>
    <tag k="building" v="warehouse"/>
    <tag k="name" v="DHL"/>
    <tag k="ref:GB:uprn" v="10010517167"/>
    <tag k="source" v="Warwicks CC Aerial Imagery"/>
  </way>
  <way id="217298724" version="3" timestamp="2025-01-01T02:04:15Z" changeset="160852219" uid="230654" user="C2L">
    <nd ref="2265760939"/>
    <nd ref="2265760938"/>
    <nd ref="2265760934"/>
    <nd ref="2265760937"/>
    <nd ref="2265760939"/>
    <tag k="building" v="yes"/>
    <tag k="leisure" v="fitness_centre"/>
    <tag k="name" v="Sports Connexion"/>
    <tag k="source" v="visual survey;bing"/>
  </way>
  <way id="217298727" version="3" timestamp="2025-01-01T02:04:15Z" changeset="160852219" uid="230654" user="C2L">
    <nd ref="2265760936"/>
    <nd ref="2265760932"/>
    <nd ref="2265760928"/>
    <nd ref="2265760929"/>
    <nd ref="2265760930"/>
    <nd ref="2265760931"/>
    <nd ref="2265760936"/>
    <tag k="building" v="yes"/>
    <tag k="leisure" v="fitness_centre"/>
    <tag k="name" v="Sports Connexion"/>
    <tag k="source" v="visual survey;bing"/>
  </way>
  <way id="218407304" version="21" timestamp="2025-01-08T20:10:53Z" changeset="161146840" uid="5229644" user="Nathan_A_RF">
    <nd ref="12485088121"/>
    <nd ref="12209901622"/>
    <nd ref="12209901621"/>
    <nd ref="2434275049"/>
    <nd ref="12209901612"/>
    <nd ref="3675313597"/>
    <nd ref="12209901611"/>
    <nd ref="588149161"/>
    <nd ref="2276494005"/>
    <nd ref="2276494015"/>
    <nd ref="25880245"/>
    <nd ref="2384330949"/>
    <nd ref="2276494028"/>
    <nd ref="25880229"/>
    <nd ref="2276494034"/>
    <nd ref="2384330966"/>
    <nd ref="2384331019"/>
    <nd ref="2384331008"/>
    <nd ref="3722687094"/>
    <nd ref="2276494035"/>
    <nd ref="2384330992"/>
    <nd ref="3722687093"/>
    <nd ref="3092701400"/>
    <nd ref="2276512130"/>
    <nd ref="6725932180"/>
    <nd ref="2384331003"/>
    <nd ref="2384330955"/>
    <tag k="highway" v="trunk"/>
    <tag k="lanes" v="2"/>
    <tag k="maxspeed" v="60 mph"/>
    <tag k="maxspeed:type" v="GB:nsl_single"/>
    <tag k="name" v="Oxford Road"/>
    <tag k="ref" v="A423"/>
    <tag k="shoulder" v="no"/>
    <tag k="surface" v="asphalt"/>
  </way>
  <way id="220002717" version="6" timestamp="2025-01-08T18:01:05Z" changeset="161143123" uid="5229644" user="Nathan_A_RF">
    <nd ref="2008099799"/>
    <nd ref="9585910766"/>
    <nd ref="2291258061"/>
    <nd ref="2008099802"/>
    <tag k="highway" v="trunk"/>
    <tag k="lane_markings" v="no"/>
    <tag k="maxspeed" v="60 mph"/>
    <tag k="maxspeed:type" v="GB:nsl_single"/>
    <tag k="name" v="Oxford Road"/>
    <tag k="oneway" v="yes"/>
    <tag k="ref" v="A423"/>
    <tag k="source" v="survey;Warwicks CC aerial imagery"/>
    <tag k="surface" v="asphalt"/>
  </way>
  <way id="220002718" version="8" timestamp="2025-01-08T18:01:05Z" changeset="161143123" uid="5229644" user="Nathan_A_RF">
    <nd ref="2008099816"/>
    <nd ref="2619799960"/>
    <nd ref="11528379729"/>
    <nd ref="2619799965"/>
    <nd ref="2024658436"/>
    <nd ref="1611666657"/>
    <nd ref="868401145"/>
    <nd ref="7104769788"/>
    <nd ref="7104748282"/>
    <nd ref="25880228"/>
    <tag k="highway" v="trunk"/>
    <tag k="lanes" v="2"/>
    <tag k="maxspeed" v="60 mph"/>
    <tag k="maxspeed:type" v="GB:nsl_single"/>
    <tag k="name" v="Oxford Road"/>
    <tag k="ref" v="A423"/>
    <tag k="shoulder" v="no"/>
    <tag k="source" v="survey"/>
    <tag k="surface" v="asphalt"/>
  </way>
  <way id="220002719" version="7" timestamp="2025-01-08T18:01:05Z" changeset="161143123" uid="5229644" user="Nathan_A_RF">
    <nd ref="2008099816"/>
    <nd ref="2291258041"/>
    <nd ref="2619799944"/>
    <nd ref="2008099813"/>
    <tag k="highway" v="trunk"/>
    <tag k="lanes" v="2"/>
    <tag k="maxspeed" v="60 mph"/>
    <tag k="maxspeed:type" v="GB:nsl_single"/>
    <tag k="name" v="Oxford Road"/>
    <tag k="oneway" v="yes"/>
    <tag k="ref" v="A423"/>
    <tag k="shoulder" v="no"/>
    <tag k="source" v="survey;Warwicks CC aerial imagery"/>
    <tag k="surface" v="asphalt"/>
  </way>
  <way id="220002720" version="6" timestamp="2025-01-08T18:01:05Z" changeset="161143123" uid="5229644" user="Nathan_A_RF">
    <nd ref="2291258042"/>
    <nd ref="4395016959"/>
    <nd ref="2008099803"/>
    <nd ref="2291258053"/>
    <nd ref="2008099801"/>
    <nd ref="2291258077"/>
    <nd ref="2008099800"/>
    <nd ref="2008099802"/>
    <tag k="highway" v="trunk"/>
    <tag k="junction" v="roundabout"/>
    <tag k="lane_markings" v="no"/>
    <tag k="maxspeed" v="60 mph"/>
    <tag k="maxspeed:type" v="GB:nsl_single"/>
    <tag k="oneway" v="yes"/>
    <tag k="source" v="survey;Warwicks CC aerial imagery"/>
    <tag k="surface" v="asphalt"/>
  </way>
  <way id="220002721" version="6" timestamp="2025-01-08T18:01:05Z" changeset="161143123" uid="5229644" user="Nathan_A_RF">
    <nd ref="2291258088"/>
    <nd ref="4395016960"/>
    <nd ref="2008099808"/>
    <nd ref="2008099810"/>
    <nd ref="2291258055"/>
    <nd ref="2008099811"/>
    <nd ref="2008099813"/>
    <tag k="highway" v="trunk"/>
    <tag k="junction" v="roundabout"/>
    <tag k="lane_markings" v="no"/>
    <tag k="maxspeed" v="60 mph"/>
    <tag k="maxspeed:type" v="GB:nsl_single"/>
    <tag k="oneway" v="yes"/>
    <tag k="source" v="survey;Warwicks CC aerial imagery"/>
    <tag k="surface" v="asphalt"/>
  </way>
  <way id="220002722" version="6" timestamp="2025-01-08T18:01:05Z" changeset="161143123" uid="5229644" user="Nathan_A_RF">
    <nd ref="2008099802"/>
    <nd ref="2291258070"/>
    <nd ref="2291258084"/>
    <nd ref="2008099804"/>
    <nd ref="2291258087"/>
    <nd ref="2008099806"/>
    <nd ref="2291258088"/>
    <tag k="highway" v="trunk"/>
    <tag k="junction" v="roundabout"/>
    <tag k="lane_markings" v="no"/>
    <tag k="maxspeed" v="60 mph"/>
    <tag k="maxspeed:type" v="GB:nsl_single"/>
    <tag k="oneway" v="yes"/>
    <tag k="source" v="survey;Warwicks CC aerial imagery"/>
    <tag k="surface" v="asphalt"/>
  </way>
  <way id="220912890" version="2" timestamp="2022-05-12T13:35:03Z" changeset="120890128" uid="15339642" user="IlyaZaprudski">
    <nd ref="9735092344"/>
    <nd ref="2299848729"/>
    <nd ref="2299848702"/>
    <tag k="highway" v="residential"/>
    <tag k="maxspeed" v="30 mph"/>
    <tag k="name" v="Church Close"/>
  </way>
  <way id="220912891" version="1" timestamp="2013-05-11T16:43:11Z" changeset="16082537" uid="154484" user="PeterP">
    <nd ref="2299848713"/>
    <nd ref="868395151"/>
    <tag k="highway" v="residential"/>
    <tag k="name" v="Redland Lane"/>
  </way>
  <way id="229896479" version="6" timestamp="2021-09-28T19:17:58Z" changeset="111834495" uid="5589" user="user_5589">
    <nd ref="2384330968"/>
    <nd ref="3487015031"/>
    <nd ref="3487015032"/>
    <nd ref="3096071687"/>
    <nd ref="130153905"/>
    <nd ref="1495845015"/>
    <tag k="cycleway:both" v="no"/>
    <tag k="highway" v="primary"/>
    <tag k="maxspeed" v="50 mph"/>
    <tag k="name" v="Leamington Road"/>
    <tag k="oneway" v="no"/>
    <tag k="ref" v="A445"/>
    <tag k="surface" v="asphalt"/>
  </way>
  <way id="229896480" version="6" timestamp="2025-01-08T18:01:05Z" changeset="161143123" uid="5229644" user="Nathan_A_RF">
    <nd ref="2384330968"/>
    <nd ref="2384331001"/>
    <nd ref="2384330967"/>
    <nd ref="2384330998"/>
    <nd ref="25880290"/>
    <tag k="cycleway:left" v="no"/>
    <tag k="highway" v="primary"/>
    <tag k="lane_markings" v="no"/>
    <tag k="lit" v="yes"/>
    <tag k="maxspeed" v="50 mph"/>
    <tag k="maxspeed:type" v="sign"/>
    <tag k="name" v="Leamington Road"/>
    <tag k="oneway" v="yes"/>
    <tag k="ref" v="A445"/>
    <tag k="surface" v="asphalt"/>
  </way>
  <way id="229896481" version="6" timestamp="2025-01-08T18:01:05Z" changeset="161143123" uid="5229644" user="Nathan_A_RF">
    <nd ref="2384330955"/>
    <nd ref="2384331013"/>
    <nd ref="2384330999"/>
    <nd ref="2384330996"/>
    <nd ref="25880280"/>
    <tag k="highway" v="trunk"/>
    <tag k="lanes" v="2"/>
    <tag k="lit" v="yes"/>
    <tag k="maxspeed" v="50 mph"/>
    <tag k="maxspeed:type" v="sign"/>
    <tag k="name" v="Oxford Road"/>
    <tag k="oneway" v="yes"/>
    <tag k="ref" v="A423"/>
    <tag k="shoulder" v="no"/>
    <tag k="surface" v="asphalt"/>
  </way>
  <way id="229896482" version="5" timestamp="2024-02-02T12:10:08Z" changeset="146982726" uid="14728801" user="Grintovec">
    <nd ref="2384330995"/>
    <nd ref="2384331010"/>
    <nd ref="2384330981"/>
    <nd ref="2384330959"/>
    <nd ref="2384330997"/>
    <nd ref="2384330994"/>
    <nd ref="2384330971"/>
    <nd ref="2384330951"/>
    <nd ref="2384331005"/>
    <nd ref="2384330960"/>
    <nd ref="2384330979"/>
    <nd ref="2384330972"/>
    <nd ref="2384330977"/>
    <nd ref="11578842827"/>
    <nd ref="11578842825"/>
    <nd ref="11578842823"/>
    <nd ref="11578842821"/>
    <nd ref="11578842819"/>
    <nd ref="2384330995"/>
    <nd ref="2384330961"/>
    <nd ref="2384330962"/>
    <nd ref="2384330993"/>
    <nd ref="2384331020"/>
    <nd ref="2384331014"/>
    <nd ref="2384330978"/>
    <nd ref="2384331015"/>
    <nd ref="2384331016"/>
    <nd ref="2384330985"/>
    <nd ref="2384331004"/>
    <nd ref="2384331002"/>
    <nd ref="2384330970"/>
    <nd ref="2384330952"/>
    <nd ref="2384330949"/>
    <tag k="cycleway:both" v="no"/>
    <tag k="highway" v="unclassified"/>
    <tag k="lane_markings" v="no"/>
    <tag k="name" v="Woodside Park"/>
    <tag k="surface" v="asphalt"/>
  </way>
  <way id="229896483" version="6" timestamp="2025-01-08T18:01:05Z" changeset="161143123" uid="5229644" user="Nathan_A_RF">
    <nd ref="2384330965"/>
    <nd ref="2384331000"/>
    <nd ref="2384331009"/>
    <nd ref="2384331007"/>
    <nd ref="2384330990"/>
    <tag k="highway" v="trunk"/>
    <tag k="lanes" v="2"/>
    <tag k="lit" v="yes"/>
    <tag k="maxspeed" v="50 mph"/>
    <tag k="maxspeed:type" v="sign"/>
    <tag k="name" v="Oxford Road"/>
    <tag k="oneway" v="yes"/>
    <tag k="ref" v="A423"/>
    <tag k="shoulder" v="no"/>
    <tag k="surface" v="asphalt"/>
  </way>
  <way id="229896484" version="7" timestamp="2025-01-08T18:01:05Z" changeset="161143123" uid="5229644" user="Nathan_A_RF">
    <nd ref="2384330969"/>
    <nd ref="2384330953"/>
    <nd ref="2384330956"/>
    <nd ref="2384330957"/>
    <nd ref="2384330948"/>
    <nd ref="2384330989"/>
    <tag k="cycleway:left" v="no"/>
    <tag k="highway" v="primary"/>
    <tag k="lanes" v="1"/>
    <tag k="lit" v="yes"/>
    <tag k="maxspeed" v="50 mph"/>
    <tag k="maxspeed:type" v="sign"/>
    <tag k="name" v="Leamington Road"/>
    <tag k="oneway" v="yes"/>
    <tag k="ref" v="A445"/>
    <tag k="shoulder" v="no"/>
    <tag k="surface" v="asphalt"/>
  </way>
  <way id="229896485" version="6" timestamp="2025-01-08T18:01:05Z" changeset="161143123" uid="5229644" user="Nathan_A_RF">
    <nd ref="25880285"/>
    <nd ref="2384330983"/>
    <nd ref="2384330976"/>
    <nd ref="2384330947"/>
    <nd ref="2384330965"/>
    <tag k="highway" v="trunk"/>
    <tag k="lanes" v="2"/>
    <tag k="lit" v="yes"/>
    <tag k="maxspeed" v="50 mph"/>
    <tag k="maxspeed:type" v="sign"/>
    <tag k="name" v="Oxford Road"/>
    <tag k="oneway" v="yes"/>
    <tag k="ref" v="A423"/>
    <tag k="shoulder" v="no"/>
    <tag k="surface" v="asphalt"/>
  </way>
  <way id="229896486" version="6" timestamp="2025-01-08T18:01:05Z" changeset="161143123" uid="5229644" user="Nathan_A_RF">
    <nd ref="25880279"/>
    <nd ref="2384330988"/>
    <nd ref="2384330975"/>
    <nd ref="2384331006"/>
    <nd ref="2384330955"/>
    <tag k="highway" v="trunk"/>
    <tag k="lanes" v="2"/>
    <tag k="lit" v="yes"/>
    <tag k="maxspeed" v="50 mph"/>
    <tag k="maxspeed:type" v="sign"/>
    <tag k="name" v="Oxford Road"/>
    <tag k="oneway" v="yes"/>
    <tag k="ref" v="A423"/>
    <tag k="shoulder" v="no"/>
    <tag k="surface" v="asphalt"/>
  </way>
  <way id="229896487" version="19" timestamp="2024-08-21T09:56:02Z" changeset="155548065" uid="5589" user="user_5589">
    <nd ref="130154745"/>
    <nd ref="2675082548"/>
    <nd ref="3095144077"/>
    <nd ref="3095144098"/>
    <nd ref="130154747"/>
    <nd ref="3092743004"/>
    <nd ref="2675081964"/>
    <nd ref="130154748"/>
    <nd ref="2619816444"/>
    <nd ref="2309686370"/>
    <nd ref="442922310"/>
    <nd ref="130154749"/>
    <nd ref="3167175040"/>
    <nd ref="130154750"/>
    <nd ref="130154751"/>
    <nd ref="130154752"/>
    <nd ref="2675150780"/>
    <nd ref="130154753"/>
    <nd ref="2291259641"/>
    <nd ref="2675150778"/>
    <nd ref="130154754"/>
    <nd ref="2675150772"/>
    <nd ref="130154755"/>
    <nd ref="705773939"/>
    <nd ref="130154756"/>
    <nd ref="130154757"/>
    <nd ref="3167175536"/>
    <nd ref="705774051"/>
    <nd ref="5853877385"/>
    <nd ref="11079042377"/>
    <nd ref="3168934192"/>
    <tag k="highway" v="primary"/>
    <tag k="lanes" v="2"/>
    <tag k="lit" v="no"/>
    <tag k="maxspeed" v="50 mph"/>
    <tag k="name" v="Leamington Road"/>
    <tag k="oneway" v="no"/>
    <tag k="ref" v="A445"/>
    <tag k="shoulder" v="no"/>
    <tag k="surface" v="asphalt"/>
  </way>
  <way id="229896488" version="7" timestamp="2025-01-08T18:01:05Z" changeset="161143123" uid="5229644" user="Nathan_A_RF">
    <nd ref="25880290"/>
    <nd ref="25880279"/>
    <nd ref="2384330987"/>
    <nd ref="25880293"/>
    <nd ref="2384330984"/>
    <nd ref="2384330950"/>
    <nd ref="25880294"/>
    <nd ref="2384330973"/>
    <nd ref="25880280"/>
    <nd ref="2384330969"/>
    <tag k="highway" v="trunk"/>
    <tag k="junction" v="roundabout"/>
    <tag k="lane_markings" v="no"/>
    <tag k="lit" v="yes"/>
    <tag k="maxspeed" v="50 mph"/>
    <tag k="maxspeed:type" v="sign"/>
    <tag k="oneway" v="yes"/>
    <tag k="shoulder" v="no"/>
    <tag k="surface" v="asphalt"/>
  </way>
  <way id="229896489" version="6" timestamp="2025-01-08T18:01:05Z" changeset="161143123" uid="5229644" user="Nathan_A_RF">
    <nd ref="25880287"/>
    <nd ref="25880288"/>
    <nd ref="2384330982"/>
    <nd ref="25880277"/>
    <nd ref="2384331012"/>
    <nd ref="25880289"/>
    <nd ref="25880290"/>
    <tag k="highway" v="trunk"/>
    <tag k="junction" v="roundabout"/>
    <tag k="lane_markings" v="no"/>
    <tag k="lit" v="yes"/>
    <tag k="maxspeed" v="50 mph"/>
    <tag k="maxspeed:type" v="sign"/>
    <tag k="oneway" v="yes"/>
    <tag k="shoulder" v="no"/>
    <tag k="surface" v="asphalt"/>
  </way>
  <way id="261881290" version="7" timestamp="2017-09-07T14:04:32Z" changeset="51813627" uid="873940" user="Mike Baggaley">
    <nd ref="2675003629"/>
    <nd ref="2675082214"/>
    <nd ref="2675003631"/>
    <nd ref="2675082209"/>
    <nd ref="2675003622"/>
    <nd ref="2675003617"/>
    <nd ref="2675003629"/>
    <tag k="building" v="college"/>
    <tag k="leisure" v="sports_centre"/>
    <tag k="name" v="Sports Hall"/>
    <tag k="source" v="Bing"/>
  </way>
  <way id="261883841" version="3" timestamp="2015-01-17T15:05:27Z" changeset="28210734" uid="24119" user="Mauls">
    <nd ref="2675082239"/>
    <nd ref="2675082229"/>
    <nd ref="2675082256"/>
    <nd ref="2675082243"/>
    <nd ref="2675082228"/>
    <nd ref="2675082196"/>
    <nd ref="2675082179"/>
    <nd ref="2675082152"/>
    <nd ref="2675082150"/>
    <nd ref="2675082134"/>
    <nd ref="2675082192"/>
    <nd ref="2675082216"/>
    <nd ref="2675082199"/>
    <nd ref="2675082205"/>
    <nd ref="2675082225"/>
    <nd ref="2675082239"/>
    <tag k="building" v="yes"/>
    <tag k="name" v="Housekeeping"/>
    <tag k="source" v="Bing"/>
  </way>
  <way id="261883844" version="3" timestamp="2015-01-17T15:05:27Z" changeset="28210734" uid="24119" user="Mauls">
    <nd ref="2675082480"/>
    <nd ref="2675082467"/>
    <nd ref="2675082455"/>
    <nd ref="2675082470"/>
    <nd ref="2675082480"/>
    <tag k="building" v="yes"/>
    <tag k="name" v="Security Lodge"/>
    <tag k="source" v="Bing"/>
  </way>
  <way id="261883853" version="2" timestamp="2014-09-25T06:57:32Z" changeset="25658753" uid="24119" user="Mauls">
    <nd ref="2675082050"/>
    <nd ref="2675082082"/>
    <nd ref="2675082052"/>
    <nd ref="2675082025"/>
    <nd ref="2675082036"/>
    <nd ref="2675082050"/>
    <tag k="building" v="yes"/>
    <tag k="name" v="Reprographics"/>
    <tag k="source" v="Warwicks CC Aerial Imagery OGLv2"/>
  </way>
  <way id="261883878" version="4" timestamp="2022-09-21T13:48:10Z" changeset="126466865" uid="17196839" user="KLS9188">
    <nd ref="2675082425"/>
    <nd ref="2675082376"/>
    <nd ref="2675082365"/>
    <nd ref="2675082337"/>
    <nd ref="2675082298"/>
    <nd ref="3096051139"/>
    <nd ref="2675082275"/>
    <nd ref="2675082238"/>
    <nd ref="2675082280"/>
    <nd ref="3096051019"/>
    <nd ref="2675082313"/>
    <nd ref="3096051072"/>
    <nd ref="2675082352"/>
    <nd ref="2675082385"/>
    <nd ref="2675082413"/>
    <nd ref="3096051031"/>
    <nd ref="2675082425"/>
    <tag k="access" v="private"/>
    <tag k="building" v="industrial"/>
    <tag k="name" v="Cannock Car Park"/>
    <tag k="parking" v="surface"/>
    <tag k="source" v="Warwicks CC Aerial Imagery OGLv2"/>
  </way>
  <way id="270589561" version="6" timestamp="2025-07-12T23:49:22Z" changeset="168854943" uid="8857" user="philipcullen">
    <nd ref="2756100281"/>
    <nd ref="4860454490"/>
    <nd ref="4860454489"/>
    <nd ref="2756100277"/>
    <nd ref="2756100267"/>
    <nd ref="2756100271"/>
    <nd ref="4860454486"/>
    <nd ref="4860454480"/>
    <nd ref="4860454481"/>
    <nd ref="4860454485"/>
    <nd ref="4860454484"/>
    <nd ref="4860454482"/>
    <nd ref="4860454483"/>
    <nd ref="4860454487"/>
    <nd ref="4860454488"/>
    <nd ref="4860454491"/>
    <nd ref="2756100281"/>
    <tag k="building" v="industrial"/>
    <tag k="man_made" v="works"/>
    <tag k="name" v="Jaguar Land Rover Specialist Vehicle Operations"/>
    <tag k="ref:GB:uprn" v="10010518462"/>
    <tag k="source" v="Digital Globe Standard"/>
  </way>
  <way id="270589562" version="4" timestamp="2025-07-12T23:49:22Z" changeset="168854943" uid="8857" user="philipcullen">
    <nd ref="2756100305"/>
    <nd ref="2756100299"/>
    <nd ref="2756100295"/>
    <nd ref="4860454471"/>
    <nd ref="4860454472"/>
    <nd ref="2756100303"/>
    <nd ref="2756100305"/>
    <tag k="building" v="industrial"/>
    <tag k="name" v="Freeman"/>
    <tag k="ref:GB:uprn" v="10010518194"/>
    <tag k="source" v="Digital Globe Standard"/>
  </way>
  <way id="296656046" version="5" timestamp="2025-01-08T18:01:05Z" changeset="161143123" uid="5229644" user="Nathan_A_RF">
    <nd ref="2384330969"/>
    <nd ref="25880295"/>
    <nd ref="2384330986"/>
    <nd ref="25880296"/>
    <nd ref="25880273"/>
    <nd ref="2384331017"/>
    <nd ref="25880281"/>
    <nd ref="25880282"/>
    <tag k="highway" v="trunk"/>
    <tag k="junction" v="roundabout"/>
    <tag k="lane_markings" v="no"/>
    <tag k="lit" v="yes"/>
    <tag k="maxspeed" v="50 mph"/>
    <tag k="maxspeed:type" v="sign"/>
    <tag k="oneway" v="yes"/>
    <tag k="surface" v="asphalt"/>
  </way>
  <way id="296656047" version="6" timestamp="2021-11-11T14:27:37Z" changeset="113654989" uid="34867" user="SammyTheSnake">
    <nd ref="303263615"/>
    <nd ref="1610796621"/>
    <nd ref="1610796624"/>
    <nd ref="868386446"/>
    <tag k="cycleway:both" v="no"/>
    <tag k="highway" v="primary"/>
    <tag k="lanes" v="2"/>
    <tag k="lit" v="yes"/>
    <tag k="maxspeed" v="30 mph"/>
    <tag k="name" v="Leamington Road"/>
    <tag k="oneway" v="no"/>
    <tag k="ref" v="A445"/>
    <tag k="sidewalk" v="both"/>
    <tag k="surface" v="asphalt"/>
  </way>
  <way id="304688596" version="5" timestamp="2017-09-07T14:04:32Z" changeset="51813627" uid="873940" user="Mike Baggaley">
    <nd ref="2675082214"/>
    <nd ref="3092701379"/>
    <nd ref="2675082244"/>
    <nd ref="3092701376"/>
    <nd ref="2675082272"/>
    <nd ref="2675082281"/>
    <nd ref="3092701385"/>
    <nd ref="3092701382"/>
    <nd ref="3092701372"/>
    <nd ref="2675082248"/>
    <nd ref="2675082209"/>
    <nd ref="2675003631"/>
    <nd ref="2675082214"/>
    <tag k="building" v="college"/>
    <tag k="leisure" v="sports_centre"/>
    <tag k="name" v="Gym"/>
    <tag k="source" v="Bing"/>
  </way>
  <way id="304944545" version="1" timestamp="2014-09-25T06:57:27Z" changeset="25658753" uid="24119" user="Mauls">
    <nd ref="3095143728"/>
    <nd ref="3095143694"/>
    <nd ref="1316647071"/>
    <nd ref="1316647075"/>
    <nd ref="2675082164"/>
    <nd ref="2675082173"/>
    <nd ref="1316647073"/>
    <nd ref="2675082190"/>
    <nd ref="2675082208"/>
    <nd ref="2675082221"/>
    <nd ref="2675082234"/>
    <nd ref="2675082236"/>
    <nd ref="2675082241"/>
    <nd ref="2675082253"/>
    <nd ref="2675082261"/>
    <nd ref="2675082259"/>
    <nd ref="2675082246"/>
    <nd ref="2675082249"/>
    <nd ref="2675082258"/>
    <nd ref="1316647074"/>
    <nd ref="3095144036"/>
    <nd ref="3095144104"/>
    <nd ref="3095143728"/>
    <tag k="addr:postcode" v="CV8 3EN"/>
    <tag k="amenity" v="bar"/>
    <tag k="building" v="yes"/>
    <tag k="name" v="Norwich Bar"/>
  </way>
  <way id="337459196" version="3" timestamp="2024-01-28T11:13:23Z" changeset="146774146" uid="3422" user="Milliams">
    <nd ref="3445475801"/>
    <nd ref="3445475802"/>
    <nd ref="3445475803"/>
    <nd ref="3445475804"/>
    <nd ref="3445475801"/>
    <tag k="amenity" v="bicycle_rental"/>
    <tag k="bicycle_rental" v="shop"/>
    <tag k="building" v="commercial"/>
    <tag k="name" v="Big Frank's Cycle Hire"/>
    <tag k="shop" v="rental"/>
    <tag k="source" v="survey"/>
  </way>
  <way id="342525827" version="4" timestamp="2025-07-12T23:49:22Z" changeset="168854943" uid="8857" user="philipcullen">
    <nd ref="3495071935"/>
    <nd ref="3495071936"/>
    <nd ref="3495071937"/>
    <nd ref="3495071938"/>
    <nd ref="3495071940"/>
    <nd ref="3495071939"/>
    <nd ref="3495071945"/>
    <nd ref="3495071944"/>
    <nd ref="3495071942"/>
    <nd ref="3495071941"/>
    <nd ref="3495071935"/>
    <tag k="building" v="yes"/>
    <tag k="heritage" v="2"/>
    <tag k="heritage:operator" v="Historic England"/>
    <tag k="listed_status" v="Grade II"/>
    <tag k="name" v="Ryton House"/>
    <tag k="ref:GB:uprn" v="100071236455"/>
    <tag k="source" v="Warwicks CC Aerial Imagery"/>
    <tag k="wikidata" v="Q26286444"/>
  </way>
  <way id="342525828" version="5" timestamp="2025-07-12T23:49:22Z" changeset="168854943" uid="8857" user="philipcullen">
    <nd ref="3495072819"/>
    <nd ref="3495072820"/>
    <nd ref="3495072823"/>
    <nd ref="3495072824"/>
    <nd ref="3495072821"/>
    <nd ref="3495072822"/>
    <nd ref="3495072818"/>
    <nd ref="3495072817"/>
    <nd ref="3495072814"/>
    <nd ref="3495072813"/>
    <nd ref="3495072816"/>
    <nd ref="3495072815"/>
    <nd ref="3495072819"/>
    <tag k="amenity" v="place_of_worship"/>
    <tag k="building" v="church"/>
    <tag k="denomination" v="anglican"/>
    <tag k="heritage" v="2"/>
    <tag k="heritage:operator" v="Historic England"/>
    <tag k="listed_status" v="Grade II*"/>
    <tag k="name" v="St Leonard's"/>
    <tag k="ref:GB:uprn" v="10010514132"/>
    <tag k="ref:dove" v="10794"/>
    <tag k="religion" v="christian"/>
    <tag k="wikidata" v="Q17550775"/>
  </way>
  <way id="344525566" version="3" timestamp="2024-08-19T14:00:05Z" changeset="155462545" uid="5589" user="user_5589">
    <nd ref="3512640891"/>
    <nd ref="3512640892"/>
    <tag k="highway" v="unclassified"/>
    <tag k="maxspeed" v="15 mph"/>
    <tag k="surface" v="asphalt"/>
  </way>
  <way id="344525567" version="3" timestamp="2024-08-19T13:59:54Z" changeset="155462545" uid="5589" user="user_5589">
    <nd ref="3512642893"/>
    <nd ref="3512642894"/>
    <nd ref="3512642895"/>
    <nd ref="3512642896"/>
    <tag k="highway" v="unclassified"/>
    <tag k="maxspeed" v="15 mph"/>
    <tag k="surface" v="asphalt"/>
  </way>
  <way id="358305867" version="5" timestamp="2025-07-12T23:49:22Z" changeset="168854943" uid="8857" user="philipcullen">
    <nd ref="3632462806"/>
    <nd ref="3632462807"/>
    <nd ref="3632462808"/>
    <nd ref="3632462809"/>
    <nd ref="3632462810"/>
    <nd ref="3632462811"/>
    <nd ref="3632462812"/>
    <nd ref="3632462806"/>
    <tag k="addr:city" v="Ryton on Dunsmore"/>
    <tag k="addr:housenumber" v="64"/>
    <tag k="addr:postcode" v="CV8 3FH"/>
    <tag k="addr:street" v="High Street"/>
    <tag k="brand" v="Co-op Food"/>
    <tag k="brand:wikidata" v="Q3277439"/>
    <tag k="brand:wikipedia" v="en:Co-op Food"/>
    <tag k="building" v="yes"/>
    <tag k="fhrs:id" v="210412"/>
    <tag k="name" v="Co-op Food"/>
    <tag k="operator" v="Heart of England Co-operative Society"/>
    <tag k="operator:wikidata" v="Q5692254"/>
    <tag k="ref:GB:uprn" v="10010518679"/>
    <tag k="shop" v="supermarket"/>
  </way>
  <way id="368432682" version="2" timestamp="2021-09-18T08:25:51Z" changeset="111365154" uid="6816132" user="CjMalone">
    <nd ref="3722687088"/>
    <nd ref="3722687080"/>
    <nd ref="3722687071"/>
    <nd ref="3722687100"/>
    <nd ref="3722687058"/>
    <nd ref="3722687098"/>
    <nd ref="3722687104"/>
    <nd ref="3722687082"/>
    <nd ref="3722687081"/>
    <nd ref="3722687070"/>
    <nd ref="3722687088"/>
    <tag k="addr:city" v="Ryton-on-Dunsmore"/>
    <tag k="addr:country" v="GB"/>
    <tag k="addr:housename" v="Home Farm"/>
    <tag k="addr:postcode" v="CV8 3EP"/>
    <tag k="addr:street" v="Oxford Road"/>
    <tag k="building" v="house"/>
    <tag k="fhrs:id" v="1092042"/>
    <tag k="guest_house" v="bed_and_breakfast"/>
    <tag k="name" v="Home Farm"/>
    <tag k="source" v="survey"/>
    <tag k="source:geometry" v="Bing"/>
    <tag k="survey:date" v="2018-11-22"/>
    <tag k="tourism" v="guest_house"/>
    <tag k="website" v="http://www.bandbcoventry.com/"/>
  </way>
  <way id="442977261" version="4" timestamp="2025-01-01T02:02:28Z" changeset="160852201" uid="230654" user="C2L">
    <nd ref="4406270819"/>
    <nd ref="4406270812"/>
    <nd ref="4406270834"/>
    <nd ref="7159053624"/>
    <nd ref="7159053623"/>
    <nd ref="4406270832"/>
    <nd ref="4406270818"/>
    <nd ref="4406270853"/>
    <nd ref="4406270854"/>
    <nd ref="4406270850"/>
    <nd ref="4406270819"/>
    <tag k="building" v="warehouse"/>
    <tag k="name" v="DHL"/>
    <tag k="source" v="Digital Globe Standard"/>
  </way>
  <way id="442977262" version="4" timestamp="2025-01-01T02:02:28Z" changeset="160852201" uid="230654" user="C2L">
    <nd ref="4406270841"/>
    <nd ref="9585910761"/>
    <nd ref="9585910762"/>
    <nd ref="4406270830"/>
    <nd ref="4406270845"/>
    <nd ref="4406270840"/>
    <nd ref="4406270841"/>
    <tag k="brand" v="Jaguar"/>
    <tag k="brand:wikidata" v="Q21170490"/>
    <tag k="building" v="warehouse"/>
    <tag k="name" v="Jaguar Land Rover Classic Works"/>
    <tag k="shop" v="car_repair"/>
  </way>
  <way id="442977266" version="4" timestamp="2025-07-12T23:49:23Z" changeset="168854943" uid="8857" user="philipcullen">
    <nd ref="4406270849"/>
    <nd ref="4406270826"/>
    <nd ref="4406270848"/>
    <nd ref="4860454476"/>
    <nd ref="4860454477"/>
    <nd ref="4860454478"/>
    <nd ref="4860454479"/>
    <nd ref="4860454473"/>
    <nd ref="4860454474"/>
    <nd ref="4860454475"/>
    <nd ref="4406270852"/>
    <nd ref="4406270849"/>
    <tag k="building" v="warehouse"/>
    <tag k="man_made" v="works"/>
    <tag k="name" v="Jaguar Land Rover Pilot Operations"/>
    <tag k="ref:GB:uprn" v="10010521084"/>
    <tag k="source" v="Digital Globe Standard"/>
  </way>
  <way id="494264464" version="5" timestamp="2025-07-12T23:49:23Z" changeset="168854943" uid="8857" user="philipcullen">
    <nd ref="4860454470"/>
    <nd ref="4860454469"/>
    <nd ref="4860454468"/>
    <nd ref="4860454467"/>
    <nd ref="4860454466"/>
    <nd ref="4860454465"/>
    <nd ref="4860454464"/>
    <nd ref="4860454463"/>
    <nd ref="4860454462"/>
    <nd ref="9585910747"/>
    <nd ref="9585910745"/>
    <nd ref="9585910746"/>
    <nd ref="9585910748"/>
    <nd ref="4860454461"/>
    <nd ref="4860454460"/>
    <nd ref="4860454459"/>
    <nd ref="4860454470"/>
    <tag k="building" v="office"/>
    <tag k="name" v="DHL"/>
    <tag k="ref:GB:uprn" v="10010519017"/>
    <tag k="source" v="Digital Globe Standard"/>
  </way>
  <way id="498603730" version="3" timestamp="2021-11-11T14:28:42Z" changeset="113655017" uid="34867" user="SammyTheSnake">
    <nd ref="4899905588"/>
    <nd ref="4899905587"/>
    <tag k="highway" v="residential"/>
    <tag k="name" v="Poplar Grove"/>
  </way>
  <way id="608436308" version="5" timestamp="2024-08-21T09:58:18Z" changeset="155547951" uid="5589" user="user_5589">
    <nd ref="1614169239"/>
    <nd ref="1614169234"/>
    <nd ref="1614169224"/>
    <nd ref="998303978"/>
    <tag k="highway" v="tertiary"/>
    <tag k="junction" v="approach"/>
    <tag k="lanes" v="1"/>
    <tag k="lit" v="yes"/>
    <tag k="maxspeed" v="50 mph"/>
    <tag k="name" v="Wolston Lane"/>
    <tag k="oneway" v="yes"/>
    <tag k="source" v="survey"/>
    <tag k="surface" v="asphalt"/>
  </way>
  <way id="608436309" version="5" timestamp="2025-01-08T17:27:40Z" changeset="161142179" uid="5229644" user="Nathan_A_RF">
    <nd ref="25880678"/>
    <nd ref="12209863548"/>
    <nd ref="1826446305"/>
    <nd ref="1610802615"/>
    <tag k="highway" v="primary"/>
    <tag k="lanes" v="1"/>
    <tag k="lit" v="yes"/>
    <tag k="maxspeed" v="50 mph"/>
    <tag k="maxspeed:type" v="sign"/>
    <tag k="name" v="Leamington Road"/>
    <tag k="oneway" v="yes"/>
    <tag k="ref" v="A445"/>
    <tag k="surface" v="asphalt"/>
  </way>
  <way id="617200686" version="4" timestamp="2025-07-12T23:49:29Z" changeset="168855231" uid="8857" user="philipcullen">
    <nd ref="5834569967"/>
    <nd ref="5834569966"/>
    <nd ref="5834569965"/>
    <nd ref="5834571715"/>
    <nd ref="5834571714"/>
    <nd ref="5834571713"/>
    <nd ref="5834569967"/>
    <tag k="addr:housenumber" v="2,4"/>
    <tag k="addr:street" v="Warren Field"/>
    <tag k="building" v="residential"/>
    <tag k="ref:GB:uprn" v="100070175249"/>
    <tag k="source" v="Warwicks CC Aerial Imagery 2013"/>
  </way>
  <way id="617200689" version="2" timestamp="2021-11-19T14:49:38Z" changeset="113994063" uid="34867" user="SammyTheSnake">
    <nd ref="705011347"/>
    <nd ref="5834569972"/>
    <tag k="highway" v="residential"/>
    <tag k="maxspeed" v="20 mph"/>
    <tag k="name" v="Warren Close"/>
    <tag k="source" v="Warwicks CC Aerial Imagery 2013"/>
  </way>
  <way id="617200692" version="2" timestamp="2021-11-19T14:49:38Z" changeset="113994063" uid="34867" user="SammyTheSnake">
    <nd ref="705011347"/>
    <nd ref="5834569973"/>
    <tag k="highway" v="residential"/>
    <tag k="maxspeed" v="20 mph"/>
    <tag k="name" v="Warren Close"/>
    <tag k="source" v="survey"/>
  </way>
  <way id="617200696" version="3" timestamp="2021-11-19T14:49:38Z" changeset="113994063" uid="34867" user="SammyTheSnake">
    <nd ref="5834569983"/>
    <nd ref="5834569982"/>
    <nd ref="5834569981"/>
    <nd ref="5834569980"/>
    <nd ref="5834569983"/>
    <tag k="addr:housenumber" v="14,16"/>
    <tag k="addr:street" v="Warren Close"/>
    <tag k="building" v="residential"/>
    <tag k="source" v="Warwicks CC Aerial Imagery 2013"/>
  </way>
  <way id="617200701" version="3" timestamp="2021-11-19T14:49:38Z" changeset="113994063" uid="34867" user="SammyTheSnake">
    <nd ref="5834571912"/>
    <nd ref="5834571911"/>
    <nd ref="5834571910"/>
    <nd ref="5834571909"/>
    <nd ref="5834571908"/>
    <nd ref="5834571907"/>
    <nd ref="5834571906"/>
    <nd ref="5834571905"/>
    <nd ref="5834571904"/>
    <nd ref="5834571903"/>
    <nd ref="5834571902"/>
    <nd ref="5834571901"/>
    <nd ref="5834571900"/>
    <nd ref="5834571899"/>
    <nd ref="5834571898"/>
    <nd ref="5834571897"/>
    <nd ref="5834571912"/>
    <tag k="addr:housenumber" v="5,7"/>
    <tag k="addr:street" v="Warren Close"/>
    <tag k="building" v="residential"/>
    <tag k="source" v="Warwicks CC Aerial Imagery 2013"/>
  </way>
  <way id="617200703" version="3" timestamp="2021-11-19T14:49:38Z" changeset="113994063" uid="34867" user="SammyTheSnake">
    <nd ref="5834571928"/>
    <nd ref="5834571927"/>
    <nd ref="5834571926"/>
    <nd ref="5834571925"/>
    <nd ref="5834571924"/>
    <nd ref="5834571923"/>
    <nd ref="5834571922"/>
    <nd ref="5834571921"/>
    <nd ref="5834571920"/>
    <nd ref="5834571919"/>
    <nd ref="5834571918"/>
    <nd ref="5834571917"/>
    <nd ref="5834571916"/>
    <nd ref="5834571915"/>
    <nd ref="5834571914"/>
    <nd ref="5834571913"/>
    <nd ref="5834571928"/>
    <tag k="addr:housenumber" v="1,3"/>
    <tag k="addr:street" v="Warren Close"/>
    <tag k="building" v="residential"/>
    <tag k="source" v="Warwicks CC Aerial Imagery 2013"/>
  </way>
  <way id="617200705" version="3" timestamp="2021-11-11T11:55:38Z" changeset="113648423" uid="34867" user="SammyTheSnake">
    <nd ref="5834571932"/>
    <nd ref="5834571931"/>
    <nd ref="5834571930"/>
    <nd ref="5834571929"/>
    <nd ref="5834571932"/>
    <tag k="addr:housenumber" v="5,6"/>
    <tag k="addr:street" v="Warren Field"/>
    <tag k="building" v="residential"/>
    <tag k="source" v="Warwicks CC Aerial Imagery 2013"/>
  </way>
  <way id="617200735" version="1" timestamp="2018-08-15T15:05:05Z" changeset="61688403" uid="9065" user="brianboru">
    <nd ref="5834571779"/>
    <nd ref="5834571765"/>
    <nd ref="5834571766"/>
    <nd ref="5834571767"/>
    <nd ref="5834571768"/>
    <nd ref="5834571769"/>
    <nd ref="5834571770"/>
    <nd ref="5834571771"/>
    <nd ref="5834571772"/>
    <nd ref="5834571773"/>
    <nd ref="5834571774"/>
    <nd ref="5834571775"/>
    <nd ref="5834571776"/>
    <nd ref="5834571777"/>
    <nd ref="5834571778"/>
    <nd ref="5834571782"/>
    <nd ref="5834571781"/>
    <nd ref="5834571780"/>
    <nd ref="5834571779"/>
    <tag k="amenity" v="pub"/>
    <tag k="building" v="yes"/>
    <tag k="name" v="Blacksmith's Arms"/>
    <tag k="source" v="survey"/>
  </way>
  <way id="620928990" version="2" timestamp="2021-09-18T08:25:51Z" changeset="111365154" uid="6816132" user="CjMalone">
    <nd ref="5866064785"/>
    <nd ref="5866064584"/>
    <nd ref="5866064583"/>
    <nd ref="5866064582"/>
    <nd ref="5866064581"/>
    <nd ref="5866064580"/>
    <nd ref="5866064579"/>
    <nd ref="5866064578"/>
    <nd ref="5866064577"/>
    <nd ref="5866064576"/>
    <nd ref="5866064575"/>
    <nd ref="5866064574"/>
    <nd ref="5866064573"/>
    <nd ref="5866064572"/>
    <nd ref="5866064571"/>
    <nd ref="5866064570"/>
    <nd ref="5866064569"/>
    <nd ref="5866064568"/>
    <nd ref="5866064567"/>
    <nd ref="5866064566"/>
    <nd ref="5866064565"/>
    <nd ref="5866064564"/>
    <nd ref="5866064785"/>
    <tag k="addr:country" v="GB"/>
    <tag k="addr:postcode" v="CV8 3DY"/>
    <tag k="addr:street" v="Southam Road"/>
    <tag k="building" v="yes"/>
    <tag k="fhrs:id" v="209893"/>
    <tag k="name" v="Citrus Hotel Coventry South"/>
    <tag k="source" v="Warwicks CC Aerial Imagery 2013"/>
    <tag k="survey:date" v="2020-02-19"/>
    <tag k="tourism" v="hotel"/>
  </way>
  <way id="641188168" version="3" timestamp="2021-11-11T14:27:31Z" changeset="113654983" uid="34867" user="SammyTheSnake">
    <nd ref="6038993682"/>
    <nd ref="6038993681"/>
    <nd ref="6038993680"/>
    <nd ref="6038993679"/>
    <nd ref="6038993678"/>
    <nd ref="6038993684"/>
    <nd ref="6038993677"/>
    <nd ref="6038993676"/>
    <nd ref="6038993682"/>
    <tag k="addr:housenumber" v="6,8"/>
    <tag k="addr:street" v="Soden's Avenue"/>
    <tag k="building" v="residential"/>
    <tag k="source" v="Warwicks CC Aerial Imagery 2013"/>
  </way>
  <way id="641188169" version="4" timestamp="2021-11-11T14:27:30Z" changeset="113654983" uid="34867" user="SammyTheSnake">
    <nd ref="6038994190"/>
    <nd ref="6038994189"/>
    <nd ref="6038994188"/>
    <nd ref="6038994187"/>
    <nd ref="6038994186"/>
    <nd ref="6038993677"/>
    <nd ref="6038993684"/>
    <nd ref="6038993683"/>
    <nd ref="6038994190"/>
    <tag k="addr:housenumber" v="2,4"/>
    <tag k="addr:street" v="Soden's Avenue"/>
    <tag k="building" v="residential"/>
    <tag k="source" v="Warwicks CC Aerial Imagery 2013"/>
  </way>
  <way id="641188172" version="3" timestamp="2021-11-11T14:27:25Z" changeset="113654983" uid="34867" user="SammyTheSnake">
    <nd ref="6038994202"/>
    <nd ref="6038994201"/>
    <nd ref="6038994200"/>
    <nd ref="6038994199"/>
    <nd ref="6038994202"/>
    <tag k="addr:housenumber" v="2,4,6,8,10,12"/>
    <tag k="addr:street" v="Handley's Close"/>
    <tag k="building" v="residential"/>
    <tag k="source" v="Warwicks CC Aerial Imagery 2013"/>
  </way>
  <way id="641188191" version="4" timestamp="2025-07-12T23:49:29Z" changeset="168855231" uid="8857" user="philipcullen">
    <nd ref="6038993722"/>
    <nd ref="6038993721"/>
    <nd ref="6038993720"/>
    <nd ref="6038993719"/>
    <nd ref="6038993722"/>
    <tag k="addr:housenumber" v="12"/>
    <tag k="addr:street" v="Poplar Grove"/>
    <tag k="building" v="residential"/>
    <tag k="ref:GB:uprn" v="10010503646"/>
    <tag k="source" v="Warwicks CC Aerial Imagery 2013"/>
  </way>
  <way id="641188192" version="4" timestamp="2025-07-12T23:49:29Z" changeset="168855231" uid="8857" user="philipcullen">
    <nd ref="6038993730"/>
    <nd ref="6038993729"/>
    <nd ref="6038993728"/>
    <nd ref="6038993727"/>
    <nd ref="6038993726"/>
    <nd ref="6038993725"/>
    <nd ref="6038993724"/>
    <nd ref="6038993723"/>
    <nd ref="6038993730"/>
    <tag k="addr:housenumber" v="14"/>
    <tag k="addr:street" v="Poplar Grove"/>
    <tag k="building" v="residential"/>
    <tag k="ref:GB:uprn" v="10010503647"/>
    <tag k="source" v="Warwicks CC Aerial Imagery 2013"/>
  </way>
  <way id="641188193" version="4" timestamp="2025-07-12T23:49:29Z" changeset="168855231" uid="8857" user="philipcullen">
    <nd ref="6038993734"/>
    <nd ref="6038993733"/>
    <nd ref="6038993732"/>
    <nd ref="6038993731"/>
    <nd ref="6038993734"/>
    <tag k="addr:housenumber" v="16"/>
    <tag k="addr:street" v="Poplar Grove"/>
    <tag k="building" v="residential"/>
    <tag k="ref:GB:uprn" v="10010503648"/>
    <tag k="source" v="Warwicks CC Aerial Imagery 2013"/>
  </way>
  <way id="641188194" version="4" timestamp="2025-07-12T23:49:29Z" changeset="168855231" uid="8857" user="philipcullen">
    <nd ref="6038993742"/>
    <nd ref="6038993741"/>
    <nd ref="6038993740"/>
    <nd ref="6038993739"/>
    <nd ref="6038993738"/>
    <nd ref="6038993737"/>
    <nd ref="6038993736"/>
    <nd ref="6038993735"/>
    <nd ref="6038993742"/>
    <tag k="addr:housenumber" v="18"/>
    <tag k="addr:street" v="Poplar Grove"/>
    <tag k="building" v="residential"/>
    <tag k="ref:GB:uprn" v="10010503649"/>
    <tag k="source" v="Warwicks CC Aerial Imagery 2013"/>
  </way>
  <way id="641188205" version="3" timestamp="2021-11-11T14:27:19Z" changeset="113654983" uid="34867" user="SammyTheSnake">
    <nd ref="6038993978"/>
    <nd ref="6038993977"/>
    <nd ref="6038993976"/>
    <nd ref="6038993975"/>
    <nd ref="6038993978"/>
    <tag k="addr:housenumber" v="23,25"/>
    <tag k="addr:street" v="Soden's Avenue"/>
    <tag k="building" v="residential"/>
    <tag k="source" v="Warwicks CC Aerial Imagery 2013"/>
  </way>
  <way id="641188212" version="3" timestamp="2021-11-11T14:27:20Z" changeset="113654983" uid="34867" user="SammyTheSnake">
    <nd ref="6038994406"/>
    <nd ref="6038994405"/>
    <nd ref="6038994404"/>
    <nd ref="6038994403"/>
    <nd ref="6038994406"/>
    <tag k="addr:housenumber" v="10,12,14,16,18,20,22,24,26,28,30,32"/>
    <tag k="addr:street" v="Soden's Avenue"/>
    <tag k="building" v="residential"/>
    <tag k="source" v="Warwicks CC Aerial Imagery 2013"/>
  </way>
  <way id="641188232" version="3" timestamp="2021-11-11T14:27:32Z" changeset="113654983" uid="34867" user="SammyTheSnake">
    <nd ref="6038994572"/>
    <nd ref="6038994571"/>
    <nd ref="6038994570"/>
    <nd ref="6038994569"/>
    <nd ref="6038994572"/>
    <tag k="addr:housenumber" v="2,4,6,8,10,12,14"/>
    <tag k="addr:street" v="St Leonard's Walk"/>
    <tag k="building" v="residential"/>
    <tag k="source" v="Warwicks CC Aerial Imagery 2013"/>
  </way>
  <way id="641213013" version="4" timestamp="2023-04-14T07:46:46Z" changeset="134889862" uid="6816132" user="CjMalone">
    <nd ref="6039181060"/>
    <nd ref="6039181059"/>
    <nd ref="6039181058"/>
    <nd ref="6039181057"/>
    <nd ref="6039181056"/>
    <nd ref="6039181055"/>
    <nd ref="7769765939"/>
    <nd ref="6039181054"/>
    <nd ref="6039181053"/>
    <nd ref="6039181052"/>
    <nd ref="6039181051"/>
    <nd ref="6039181050"/>
    <nd ref="6039181049"/>
    <nd ref="6039181048"/>
    <nd ref="6039181047"/>
    <nd ref="6039181046"/>
    <nd ref="6039181045"/>
    <nd ref="6039181044"/>
    <nd ref="6039181043"/>
    <nd ref="6039181042"/>
    <nd ref="6039181041"/>
    <nd ref="6039181060"/>
    <tag k="addr:city" v="Ryton-on-Dunsmore"/>
    <tag k="addr:street" v="Church Road"/>
    <tag k="amenity" v="pub"/>
    <tag k="building" v="pub"/>
    <tag k="contact:facebook" v="https://www.facebook.com/people/The-malt-shovel/100063484784795/"/>
    <tag k="name" v="The Malt Shovel"/>
  </way>
  <way id="641213032" version="3" timestamp="2021-11-11T14:28:55Z" changeset="113654990" uid="34867" user="SammyTheSnake">
    <nd ref="868385047"/>
    <nd ref="6039181285"/>
    <tag k="highway" v="residential"/>
    <tag k="name" v="Lea Walk"/>
    <tag k="sidewalk" v="no"/>
    <tag k="source" v="Warwicks CC Aerial Imagery 2013"/>
    <tag k="surface" v="sett"/>
  </way>
  <way id="641213039" version="4" timestamp="2025-07-12T23:49:30Z" changeset="168855231" uid="8857" user="philipcullen">
    <nd ref="6039181345"/>
    <nd ref="6039181344"/>
    <nd ref="6039181343"/>
    <nd ref="6039181342"/>
    <nd ref="6039181341"/>
    <nd ref="6039181340"/>
    <nd ref="6039181345"/>
    <tag k="addr:housenumber" v="75"/>
    <tag k="addr:street" v="Holly Drive"/>
    <tag k="building" v="residential"/>
    <tag k="ref:GB:uprn" v="10010508415"/>
    <tag k="source" v="Warwicks CC Aerial Imagery 2013"/>
  </way>
  <way id="641213040" version="4" timestamp="2025-07-12T23:49:30Z" changeset="168855231" uid="8857" user="philipcullen">
    <nd ref="6039181353"/>
    <nd ref="6039181352"/>
    <nd ref="6039181351"/>
    <nd ref="6039181350"/>
    <nd ref="6039181349"/>
    <nd ref="6039181348"/>
    <nd ref="6039181347"/>
    <nd ref="6039181346"/>
    <nd ref="6039181353"/>
    <tag k="addr:housenumber" v="73"/>
    <tag k="addr:street" v="Holly Drive"/>
    <tag k="building" v="residential"/>
    <tag k="ref:GB:uprn" v="10010508414"/>
    <tag k="source" v="Warwicks CC Aerial Imagery 2013"/>
  </way>
  <way id="641213041" version="3" timestamp="2021-11-11T14:28:26Z" changeset="113654983" uid="34867" user="SammyTheSnake">
    <nd ref="6039181367"/>
    <nd ref="6039181366"/>
    <nd ref="6039181365"/>
    <nd ref="6039181364"/>
    <nd ref="6039181363"/>
    <nd ref="6039181362"/>
    <nd ref="6039181361"/>
    <nd ref="6039181360"/>
    <nd ref="6039181359"/>
    <nd ref="6039181358"/>
    <nd ref="6039181357"/>
    <nd ref="6039181356"/>
    <nd ref="6039181355"/>
    <nd ref="6039181354"/>
    <nd ref="6039181367"/>
    <tag k="addr:housenumber" v="67,69,71"/>
    <tag k="addr:street" v="Holly Drive"/>
    <tag k="building" v="residential"/>
    <tag k="source" v="Warwicks CC Aerial Imagery 2013"/>
  </way>
  <way id="641213042" version="4" timestamp="2025-07-12T23:49:30Z" changeset="168855231" uid="8857" user="philipcullen">
    <nd ref="6039181377"/>
    <nd ref="6039181376"/>
    <nd ref="6039181375"/>
    <nd ref="6039181374"/>
    <nd ref="6039181373"/>
    <nd ref="6039181372"/>
    <nd ref="6039181371"/>
    <nd ref="6039181370"/>
    <nd ref="6039181369"/>
    <nd ref="6039181368"/>
    <nd ref="6039181377"/>
    <tag k="addr:housenumber" v="77"/>
    <tag k="addr:street" v="Holly Drive"/>
    <tag k="building" v="residential"/>
    <tag k="ref:GB:uprn" v="10010508416"/>
    <tag k="source" v="Warwicks CC Aerial Imagery 2013"/>
  </way>
  <way id="641213043" version="3" timestamp="2021-11-11T14:28:31Z" changeset="113654983" uid="34867" user="SammyTheSnake">
    <nd ref="6039181389"/>
    <nd ref="6039181388"/>
    <nd ref="6039181387"/>
    <nd ref="6039181386"/>
    <nd ref="6039181385"/>
    <nd ref="6039181384"/>
    <nd ref="6039181383"/>
    <nd ref="6039181382"/>
    <nd ref="6039181381"/>
    <nd ref="6039181380"/>
    <nd ref="6039181379"/>
    <nd ref="6039181378"/>
    <nd ref="6039181389"/>
    <tag k="addr:housenumber" v="79,81"/>
    <tag k="addr:street" v="Holly Drive"/>
    <tag k="building" v="residential"/>
    <tag k="source" v="Warwicks CC Aerial Imagery 2013"/>
  </way>
  <way id="641213044" version="4" timestamp="2025-07-12T23:49:30Z" changeset="168855231" uid="8857" user="philipcullen">
    <nd ref="6039181395"/>
    <nd ref="6039181394"/>
    <nd ref="6039181393"/>
    <nd ref="6039181392"/>
    <nd ref="6039181391"/>
    <nd ref="6039181390"/>
    <nd ref="6039181395"/>
    <tag k="addr:housenumber" v="83"/>
    <tag k="addr:street" v="Holly Drive"/>
    <tag k="building" v="residential"/>
    <tag k="ref:GB:uprn" v="10010508418"/>
    <tag k="source" v="Warwicks CC Aerial Imagery 2013"/>
  </way>
  <way id="641213045" version="4" timestamp="2025-07-12T23:49:30Z" changeset="168855231" uid="8857" user="philipcullen">
    <nd ref="6039181403"/>
    <nd ref="6039181402"/>
    <nd ref="6039181401"/>
    <nd ref="6039181400"/>
    <nd ref="6039181399"/>
    <nd ref="6039181398"/>
    <nd ref="6039181397"/>
    <nd ref="6039181396"/>
    <nd ref="6039181403"/>
    <tag k="addr:housenumber" v="85"/>
    <tag k="addr:street" v="Holly Drive"/>
    <tag k="building" v="residential"/>
    <tag k="ref:GB:uprn" v="10010508419"/>
    <tag k="source" v="Warwicks CC Aerial Imagery 2013"/>
  </way>
  <way id="641305513" version="4" timestamp="2025-07-12T23:49:30Z" changeset="168855231" uid="8857" user="philipcullen">
    <nd ref="6039810961"/>
    <nd ref="6039810960"/>
    <nd ref="6039810959"/>
    <nd ref="6039810958"/>
    <nd ref="6039810957"/>
    <nd ref="6039810956"/>
    <nd ref="6039810955"/>
    <nd ref="6039810954"/>
    <nd ref="6039810953"/>
    <nd ref="6039810952"/>
    <nd ref="6039810961"/>
    <tag k="addr:housenumber" v="11"/>
    <tag k="addr:street" v="Holly Drive"/>
    <tag k="building" v="residential"/>
    <tag k="ref:GB:uprn" v="10010508385"/>
    <tag k="source" v="Warwicks CC Aerial Imagery 2013"/>
  </way>
  <way id="641305514" version="4" timestamp="2025-07-12T23:49:30Z" changeset="168855231" uid="8857" user="philipcullen">
    <nd ref="6039810972"/>
    <nd ref="6039810971"/>
    <nd ref="6039810970"/>
    <nd ref="6039810969"/>
    <nd ref="6039810968"/>
    <nd ref="6039810967"/>
    <nd ref="6039810966"/>
    <nd ref="6039810965"/>
    <nd ref="6039810964"/>
    <nd ref="6039810963"/>
    <nd ref="6039810962"/>
    <nd ref="6039810972"/>
    <tag k="addr:housenumber" v="9"/>
    <tag k="addr:street" v="Holly Drive"/>
    <tag k="building" v="residential"/>
    <tag k="ref:GB:uprn" v="10010508384"/>
    <tag k="source" v="Warwicks CC Aerial Imagery 2013"/>
  </way>
  <way id="641305515" version="4" timestamp="2025-07-12T23:49:30Z" changeset="168855231" uid="8857" user="philipcullen">
    <nd ref="6039810978"/>
    <nd ref="6039810977"/>
    <nd ref="6039810976"/>
    <nd ref="6039810975"/>
    <nd ref="6039810974"/>
    <nd ref="6039810973"/>
    <nd ref="6039810978"/>
    <tag k="addr:housenumber" v="7"/>
    <tag k="addr:street" v="Holly Drive"/>
    <tag k="building" v="residential"/>
    <tag k="ref:GB:uprn" v="10010508383"/>
    <tag k="source" v="Warwicks CC Aerial Imagery 2013"/>
  </way>
  <way id="641305516" version="4" timestamp="2025-07-12T23:49:30Z" changeset="168855231" uid="8857" user="philipcullen">
    <nd ref="6039810984"/>
    <nd ref="6039810983"/>
    <nd ref="6039810982"/>
    <nd ref="6039810981"/>
    <nd ref="6039810980"/>
    <nd ref="6039810979"/>
    <nd ref="6039810984"/>
    <tag k="addr:housenumber" v="5"/>
    <tag k="addr:street" v="Holly Drive"/>
    <tag k="building" v="residential"/>
    <tag k="ref:GB:uprn" v="10010508382"/>
    <tag k="source" v="Warwicks CC Aerial Imagery 2013"/>
  </way>
  <way id="641305517" version="3" timestamp="2021-11-11T14:27:47Z" changeset="113654983" uid="34867" user="SammyTheSnake">
    <nd ref="6039810992"/>
    <nd ref="6039810991"/>
    <nd ref="6039810990"/>
    <nd ref="6039810989"/>
    <nd ref="6039810988"/>
    <nd ref="6039810987"/>
    <nd ref="6039810986"/>
    <nd ref="6039810985"/>
    <nd ref="6039810992"/>
    <tag k="addr:housenumber" v="3"/>
    <tag k="addr:street" v="Holly Drive"/>
    <tag k="building" v="residential"/>
    <tag k="source" v="Warwicks CC Aerial Imagery 2013"/>
  </way>
  <way id="641305518" version="4" timestamp="2025-07-12T23:49:30Z" changeset="168855231" uid="8857" user="philipcullen">
    <nd ref="6039811002"/>
    <nd ref="6039811001"/>
    <nd ref="6039811000"/>
    <nd ref="6039810999"/>
    <nd ref="6039810998"/>
    <nd ref="6039810997"/>
    <nd ref="6039810996"/>
    <nd ref="6039810995"/>
    <nd ref="6039810994"/>
    <nd ref="6039810993"/>
    <nd ref="6039811002"/>
    <tag k="addr:housenumber" v="1"/>
    <tag k="addr:street" v="Holly Drive"/>
    <tag k="building" v="residential"/>
    <tag k="ref:GB:uprn" v="10010508380"/>
    <tag k="source" v="Warwicks CC Aerial Imagery 2013"/>
  </way>
  <way id="641305527" version="3" timestamp="2021-11-11T14:27:38Z" changeset="113654983" uid="34867" user="SammyTheSnake">
    <nd ref="6039810743"/>
    <nd ref="6039810742"/>
    <nd ref="6039810741"/>
    <nd ref="6039810740"/>
    <nd ref="6039810743"/>
    <tag k="addr:housenumber" v="10,12"/>
    <tag k="addr:street" v="Leamington Road"/>
    <tag k="building" v="residential"/>
    <tag k="source" v="Warwicks CC Aerial Imagery 2013"/>
  </way>
  <way id="641305528" version="4" timestamp="2025-07-12T23:49:30Z" changeset="168855231" uid="8857" user="philipcullen">
    <nd ref="6039810747"/>
    <nd ref="6039810746"/>
    <nd ref="6039810745"/>
    <nd ref="6039810744"/>
    <nd ref="6039810747"/>
    <tag k="addr:housenumber" v="14,16,18,20"/>
    <tag k="addr:street" v="Leamington Road"/>
    <tag k="building" v="residential"/>
    <tag k="ref:GB:uprn" v="100070174084"/>
    <tag k="source" v="Warwicks CC Aerial Imagery 2013"/>
  </way>
  <way id="641305542" version="3" timestamp="2021-11-11T14:27:40Z" changeset="113654983" uid="34867" user="SammyTheSnake">
    <nd ref="6039810668"/>
    <nd ref="6039810667"/>
    <nd ref="6039810666"/>
    <nd ref="6039810665"/>
    <nd ref="6039810664"/>
    <nd ref="6039810663"/>
    <nd ref="6039810662"/>
    <nd ref="6039810661"/>
    <nd ref="6039810668"/>
    <tag k="addr:housenumber" v="42,44"/>
    <tag k="addr:street" v="Leamington Road"/>
    <tag k="building" v="residential"/>
    <tag k="source" v="Warwicks CC Aerial Imagery 2013"/>
  </way>
  <way id="641305543" version="3" timestamp="2021-11-11T14:27:41Z" changeset="113654983" uid="34867" user="SammyTheSnake">
    <nd ref="6039810672"/>
    <nd ref="6039810671"/>
    <nd ref="6039810670"/>
    <nd ref="6039810669"/>
    <nd ref="6039810672"/>
    <tag k="addr:housenumber" v="46,48"/>
    <tag k="addr:street" v="Leamington Road"/>
    <tag k="building" v="residential"/>
    <tag k="source" v="Warwicks CC Aerial Imagery 2013"/>
  </way>
  <way id="641305544" version="3" timestamp="2021-11-11T14:27:43Z" changeset="113654983" uid="34867" user="SammyTheSnake">
    <nd ref="6039810676"/>
    <nd ref="6039810675"/>
    <nd ref="6039810674"/>
    <nd ref="6039810673"/>
    <nd ref="6039810676"/>
    <tag k="addr:housenumber" v="50,52"/>
    <tag k="addr:street" v="Leamington Road"/>
    <tag k="building" v="residential"/>
    <tag k="source" v="Warwicks CC Aerial Imagery 2013"/>
  </way>
  <way id="641874593" version="4" timestamp="2025-07-12T23:49:30Z" changeset="168855231" uid="8857" user="philipcullen">
    <nd ref="6044024637"/>
    <nd ref="6044024636"/>
    <nd ref="6044024635"/>
    <nd ref="6044024634"/>
    <nd ref="6044024633"/>
    <nd ref="6044024632"/>
    <nd ref="6044024631"/>
    <nd ref="6044024630"/>
    <nd ref="6044024637"/>
    <tag k="addr:housenumber" v="38"/>
    <tag k="addr:street" v="Cedar Avenue"/>
    <tag k="building" v="residential"/>
    <tag k="ref:GB:uprn" v="10010508960"/>
    <tag k="source" v="Warwicks CC Aerial Imagery"/>
  </way>
  <way id="641874594" version="4" timestamp="2025-07-12T23:49:30Z" changeset="168855231" uid="8857" user="philipcullen">
    <nd ref="6044024647"/>
    <nd ref="6044024646"/>
    <nd ref="6044024645"/>
    <nd ref="6044024644"/>
    <nd ref="6044024643"/>
    <nd ref="6044024642"/>
    <nd ref="6044024641"/>
    <nd ref="6044024640"/>
    <nd ref="6044024639"/>
    <nd ref="6044024638"/>
    <nd ref="6044024647"/>
    <tag k="addr:housenumber" v="40"/>
    <tag k="addr:street" v="Cedar Avenue"/>
    <tag k="building" v="residential"/>
    <tag k="ref:GB:uprn" v="10010508961"/>
    <tag k="source" v="Warwicks CC Aerial Imagery"/>
  </way>
  <way id="641874602" version="5" timestamp="2025-07-12T23:49:30Z" changeset="168855231" uid="8857" user="philipcullen">
    <nd ref="6044024674"/>
    <nd ref="6044024673"/>
    <nd ref="6044024672"/>
    <nd ref="6044024671"/>
    <nd ref="6044024670"/>
    <nd ref="6044024669"/>
    <nd ref="6044024674"/>
    <tag k="addr:housenumber" v="27"/>
    <tag k="addr:street" v="Cedar Avenue"/>
    <tag k="building" v="residential"/>
    <tag k="ref:GB:uprn" v="10010503658"/>
    <tag k="source" v="Warwicks CC Aerial Imagery"/>
  </way>
  <way id="641874620" version="4" timestamp="2025-07-12T23:49:30Z" changeset="168855231" uid="8857" user="philipcullen">
    <nd ref="6044026220"/>
    <nd ref="6044026219"/>
    <nd ref="6044026218"/>
    <nd ref="6044026217"/>
    <nd ref="6044026216"/>
    <nd ref="6044026215"/>
    <nd ref="6044026214"/>
    <nd ref="6044026213"/>
    <nd ref="6044026220"/>
    <tag k="addr:housenumber" v="39"/>
    <tag k="addr:street" v="Holly Drive"/>
    <tag k="building" v="residential"/>
    <tag k="ref:GB:uprn" v="10010508397"/>
    <tag k="source" v="Warwicks CC Aerial Imagery"/>
  </way>
  <way id="641874628" version="4" timestamp="2025-07-12T23:49:30Z" changeset="168855231" uid="8857" user="philipcullen">
    <nd ref="6044024871"/>
    <nd ref="6044024870"/>
    <nd ref="6044024869"/>
    <nd ref="6044024868"/>
    <nd ref="6044024867"/>
    <nd ref="6044024866"/>
    <nd ref="6044024865"/>
    <nd ref="6044024864"/>
    <nd ref="6044024871"/>
    <tag k="addr:housenumber" v="63"/>
    <tag k="addr:street" v="Holly Drive"/>
    <tag k="building" v="residential"/>
    <tag k="ref:GB:uprn" v="10010508409"/>
    <tag k="source" v="Warwicks CC Aerial Imagery"/>
  </way>
  <way id="641874629" version="4" timestamp="2025-07-12T23:49:30Z" changeset="168855231" uid="8857" user="philipcullen">
    <nd ref="6044024879"/>
    <nd ref="6044024878"/>
    <nd ref="6044024877"/>
    <nd ref="6044024876"/>
    <nd ref="6044024875"/>
    <nd ref="6044024874"/>
    <nd ref="6044024873"/>
    <nd ref="6044024872"/>
    <nd ref="6044024879"/>
    <tag k="addr:housenumber" v="65"/>
    <tag k="addr:street" v="Holly Drive"/>
    <tag k="building" v="residential"/>
    <tag k="ref:GB:uprn" v="10010508410"/>
    <tag k="source" v="Warwicks CC Aerial Imagery"/>
  </way>
  <way id="641875887" version="4" timestamp="2025-07-12T23:49:30Z" changeset="168855231" uid="8857" user="philipcullen">
    <nd ref="6044039615"/>
    <nd ref="6044039614"/>
    <nd ref="6044039613"/>
    <nd ref="6044039612"/>
    <nd ref="6044039615"/>
    <tag k="addr:housenumber" v="17"/>
    <tag k="addr:street" v="Cedar Avenue"/>
    <tag k="building" v="residential"/>
    <tag k="ref:GB:uprn" v="10010503672"/>
    <tag k="source" v="Warwicks CC Aerial Imagery"/>
  </way>
  <way id="641875899" version="4" timestamp="2025-07-12T23:49:30Z" changeset="168855231" uid="8857" user="philipcullen">
    <nd ref="6044039650"/>
    <nd ref="6044039649"/>
    <nd ref="6044039648"/>
    <nd ref="6044039647"/>
    <nd ref="6044039646"/>
    <nd ref="6044039645"/>
    <nd ref="6044039650"/>
    <tag k="addr:housenumber" v="4"/>
    <tag k="addr:street" v="Cedar Avenue"/>
    <tag k="building" v="residential"/>
    <tag k="ref:GB:uprn" v="10010503636"/>
    <tag k="source" v="Warwicks CC Aerial Imagery"/>
  </way>
  <way id="641875900" version="4" timestamp="2025-07-12T23:49:30Z" changeset="168855231" uid="8857" user="philipcullen">
    <nd ref="6044039658"/>
    <nd ref="6044039657"/>
    <nd ref="6044039656"/>
    <nd ref="6044039655"/>
    <nd ref="6044039654"/>
    <nd ref="6044039653"/>
    <nd ref="6044039652"/>
    <nd ref="6044039651"/>
    <nd ref="6044039658"/>
    <tag k="addr:housenumber" v="2"/>
    <tag k="addr:street" v="Cedar Avenue"/>
    <tag k="building" v="residential"/>
    <tag k="ref:GB:uprn" v="10010509012"/>
    <tag k="source" v="Warwicks CC Aerial Imagery"/>
  </way>
  <way id="641875903" version="4" timestamp="2025-07-12T23:49:30Z" changeset="168855231" uid="8857" user="philipcullen">
    <nd ref="6044039674"/>
    <nd ref="6044039673"/>
    <nd ref="6044039672"/>
    <nd ref="6044039671"/>
    <nd ref="6044039670"/>
    <nd ref="6044039669"/>
    <nd ref="6044039668"/>
    <nd ref="6044039667"/>
    <nd ref="6044039674"/>
    <tag k="addr:housenumber" v="1"/>
    <tag k="addr:street" v="Cedar Avenue"/>
    <tag k="building" v="residential"/>
    <tag k="ref:GB:uprn" v="10010503501"/>
    <tag k="source" v="Warwicks CC Aerial Imagery"/>
  </way>
  <way id="641875906" version="4" timestamp="2025-07-12T23:49:30Z" changeset="168855231" uid="8857" user="philipcullen">
    <nd ref="6044036484"/>
    <nd ref="6044040289"/>
    <nd ref="6044040288"/>
    <nd ref="6044040287"/>
    <nd ref="6044040286"/>
    <nd ref="6044040285"/>
    <nd ref="6044039684"/>
    <nd ref="6044039683"/>
    <nd ref="6044039682"/>
    <nd ref="6044039681"/>
    <nd ref="6044039680"/>
    <nd ref="6044039679"/>
    <nd ref="6044036484"/>
    <tag k="addr:housenumber" v="3"/>
    <tag k="addr:street" v="Cedar Avenue"/>
    <tag k="building" v="residential"/>
    <tag k="ref:GB:uprn" v="10010503502"/>
    <tag k="source" v="Warwicks CC Aerial Imagery"/>
  </way>
  <way id="641875916" version="4" timestamp="2025-07-12T23:49:30Z" changeset="168855231" uid="8857" user="philipcullen">
    <nd ref="6044040532"/>
    <nd ref="6044040531"/>
    <nd ref="6044040530"/>
    <nd ref="6044040529"/>
    <nd ref="6044040532"/>
    <tag k="addr:housenumber" v="18"/>
    <tag k="addr:street" v="Cedar Avenue"/>
    <tag k="building" v="residential"/>
    <tag k="ref:GB:uprn" v="10010509015"/>
    <tag k="source" v="Warwicks CC Aerial Imagery"/>
  </way>
  <way id="641875917" version="4" timestamp="2025-07-12T23:49:30Z" changeset="168855231" uid="8857" user="philipcullen">
    <nd ref="6044040538"/>
    <nd ref="6044040537"/>
    <nd ref="6044040536"/>
    <nd ref="6044040535"/>
    <nd ref="6044040534"/>
    <nd ref="6044040533"/>
    <nd ref="6044040538"/>
    <tag k="addr:housenumber" v="20"/>
    <tag k="addr:street" v="Cedar Avenue"/>
    <tag k="building" v="residential"/>
    <tag k="ref:GB:uprn" v="10010503683"/>
    <tag k="source" v="Warwicks CC Aerial Imagery"/>
  </way>
  <way id="641875919" version="4" timestamp="2025-07-12T23:49:30Z" changeset="168855231" uid="8857" user="philipcullen">
    <nd ref="6044040550"/>
    <nd ref="6044040549"/>
    <nd ref="6044040548"/>
    <nd ref="6044040547"/>
    <nd ref="6044040546"/>
    <nd ref="6044040545"/>
    <nd ref="6044040544"/>
    <nd ref="6044040543"/>
    <nd ref="6044040550"/>
    <tag k="addr:housenumber" v="24"/>
    <tag k="addr:street" v="Cedar Avenue"/>
    <tag k="building" v="residential"/>
    <tag k="ref:GB:uprn" v="10010509016"/>
    <tag k="source" v="Warwicks CC Aerial Imagery"/>
  </way>
  <way id="641875926" version="4" timestamp="2025-07-12T23:49:30Z" changeset="168855231" uid="8857" user="philipcullen">
    <nd ref="6044040582"/>
    <nd ref="6044040581"/>
    <nd ref="6044040580"/>
    <nd ref="6044040579"/>
    <nd ref="6044040582"/>
    <tag k="addr:housenumber" v="12"/>
    <tag k="addr:street" v="Lea Walk"/>
    <tag k="building" v="residential"/>
    <tag k="ref:GB:uprn" v="10010503682"/>
    <tag k="source" v="Warwicks CC Aerial Imagery"/>
  </way>
  <way id="641875927" version="4" timestamp="2025-07-12T23:49:30Z" changeset="168855231" uid="8857" user="philipcullen">
    <nd ref="6044040294"/>
    <nd ref="6044040293"/>
    <nd ref="6044040292"/>
    <nd ref="6044040291"/>
    <nd ref="6044040290"/>
    <nd ref="6044040583"/>
    <nd ref="6044040294"/>
    <tag k="addr:housenumber" v="10"/>
    <tag k="addr:street" v="Lea Walk"/>
    <tag k="building" v="residential"/>
    <tag k="ref:GB:uprn" v="10010503681"/>
    <tag k="source" v="Warwicks CC Aerial Imagery"/>
  </way>
  <way id="641875928" version="4" timestamp="2025-07-12T23:49:30Z" changeset="168855231" uid="8857" user="philipcullen">
    <nd ref="6044040298"/>
    <nd ref="6044040297"/>
    <nd ref="6044040296"/>
    <nd ref="6044040295"/>
    <nd ref="6044040298"/>
    <tag k="addr:housenumber" v="8"/>
    <tag k="addr:street" v="Lea Walk"/>
    <tag k="building" v="residential"/>
    <tag k="ref:GB:uprn" v="10010503680"/>
    <tag k="source" v="Warwicks CC Aerial Imagery"/>
  </way>
  <way id="641877392" version="3" timestamp="2021-11-11T11:51:29Z" changeset="113648423" uid="34867" user="SammyTheSnake">
    <nd ref="6044051150"/>
    <nd ref="6044051149"/>
    <nd ref="6044051148"/>
    <nd ref="6044051147"/>
    <nd ref="6044051146"/>
    <nd ref="6044051145"/>
    <nd ref="6044051150"/>
    <tag k="addr:housenumber" v="88,90"/>
    <tag k="addr:street" v="High Street"/>
    <tag k="building" v="residential"/>
    <tag k="source" v="Warwicks CC Aerial Imagery"/>
  </way>
  <way id="641877403" version="4" timestamp="2025-07-12T23:49:30Z" changeset="168855231" uid="8857" user="philipcullen">
    <nd ref="6044051324"/>
    <nd ref="6044051323"/>
    <nd ref="6044051322"/>
    <nd ref="6044051321"/>
    <nd ref="6044051320"/>
    <nd ref="6044051319"/>
    <nd ref="6044051318"/>
    <nd ref="6044051317"/>
    <nd ref="6044051316"/>
    <nd ref="6044051315"/>
    <nd ref="6044051324"/>
    <tag k="addr:housenumber" v="29"/>
    <tag k="addr:street" v="Holly Drive"/>
    <tag k="building" v="residential"/>
    <tag k="ref:GB:uprn" v="10010508393"/>
    <tag k="source" v="Warwicks CC Aerial Imagery"/>
  </way>
  <way id="641877404" version="4" timestamp="2025-07-12T23:49:30Z" changeset="168855231" uid="8857" user="philipcullen">
    <nd ref="6044051328"/>
    <nd ref="6044051327"/>
    <nd ref="6044051326"/>
    <nd ref="6044051325"/>
    <nd ref="6044051328"/>
    <tag k="addr:housenumber" v="27"/>
    <tag k="addr:street" v="Holly Drive"/>
    <tag k="building" v="residential"/>
    <tag k="ref:GB:uprn" v="10010508392"/>
    <tag k="source" v="Warwicks CC Aerial Imagery"/>
  </way>
  <way id="641877406" version="4" timestamp="2025-07-12T23:49:30Z" changeset="168855231" uid="8857" user="philipcullen">
    <nd ref="6044051334"/>
    <nd ref="6044051333"/>
    <nd ref="6044051332"/>
    <nd ref="6044051331"/>
    <nd ref="6044051330"/>
    <nd ref="6044051329"/>
    <nd ref="6044051334"/>
    <tag k="addr:housenumber" v="25"/>
    <tag k="addr:street" v="Holly Drive"/>
    <tag k="building" v="residential"/>
    <tag k="ref:GB:uprn" v="10010508391"/>
    <tag k="source" v="Warwicks CC Aerial Imagery"/>
  </way>
  <way id="641877408" version="4" timestamp="2025-07-12T23:49:30Z" changeset="168855231" uid="8857" user="philipcullen">
    <nd ref="6044051342"/>
    <nd ref="6044051341"/>
    <nd ref="6044051340"/>
    <nd ref="6044051339"/>
    <nd ref="6044051338"/>
    <nd ref="6044051337"/>
    <nd ref="6044051336"/>
    <nd ref="6044051335"/>
    <nd ref="6044051342"/>
    <tag k="addr:housenumber" v="23"/>
    <tag k="addr:street" v="Holly Drive"/>
    <tag k="building" v="residential"/>
    <tag k="ref:GB:uprn" v="10010508390"/>
    <tag k="source" v="Warwicks CC Aerial Imagery"/>
  </way>
  <way id="641877413" version="4" timestamp="2025-07-12T23:49:30Z" changeset="168855231" uid="8857" user="philipcullen">
    <nd ref="6044051356"/>
    <nd ref="6044051355"/>
    <nd ref="6044051354"/>
    <nd ref="6044051353"/>
    <nd ref="6044051352"/>
    <nd ref="6044051351"/>
    <nd ref="6044051350"/>
    <nd ref="6044051349"/>
    <nd ref="6044051356"/>
    <tag k="addr:housenumber" v="19"/>
    <tag k="addr:street" v="Holly Drive"/>
    <tag k="building" v="residential"/>
    <tag k="ref:GB:uprn" v="10010508388"/>
    <tag k="source" v="Warwicks CC Aerial Imagery"/>
  </way>
  <way id="641877415" version="4" timestamp="2025-07-12T23:49:30Z" changeset="168855231" uid="8857" user="philipcullen">
    <nd ref="6044051364"/>
    <nd ref="6044051363"/>
    <nd ref="6044051362"/>
    <nd ref="6044051361"/>
    <nd ref="6044051360"/>
    <nd ref="6044051359"/>
    <nd ref="6044051358"/>
    <nd ref="6044051357"/>
    <nd ref="6044051364"/>
    <tag k="addr:housenumber" v="17"/>
    <tag k="addr:street" v="Holly Drive"/>
    <tag k="building" v="residential"/>
    <tag k="ref:GB:uprn" v="10010508387"/>
    <tag k="source" v="Warwicks CC Aerial Imagery"/>
  </way>
  <way id="641877418" version="4" timestamp="2025-07-12T23:49:30Z" changeset="168855231" uid="8857" user="philipcullen">
    <nd ref="6044051372"/>
    <nd ref="6044051371"/>
    <nd ref="6044051370"/>
    <nd ref="6044051369"/>
    <nd ref="6044051368"/>
    <nd ref="6044051367"/>
    <nd ref="6044051366"/>
    <nd ref="6044051365"/>
    <nd ref="6044051372"/>
    <tag k="addr:housenumber" v="15"/>
    <tag k="addr:street" v="Holly Drive"/>
    <tag k="building" v="residential"/>
    <tag k="ref:GB:uprn" v="10010508386"/>
    <tag k="source" v="Warwicks CC Aerial Imagery"/>
  </way>
  <way id="641877442" version="4" timestamp="2025-07-12T23:49:30Z" changeset="168855231" uid="8857" user="philipcullen">
    <nd ref="6044051525"/>
    <nd ref="6044051524"/>
    <nd ref="6044051523"/>
    <nd ref="6044051522"/>
    <nd ref="6044051525"/>
    <tag k="addr:housenumber" v="14"/>
    <tag k="addr:street" v="Holly Drive"/>
    <tag k="building" v="residential"/>
    <tag k="ref:GB:uprn" v="10010508426"/>
    <tag k="source" v="Warwicks CC Aerial Imagery"/>
  </way>
  <way id="641877454" version="4" timestamp="2025-07-12T23:49:30Z" changeset="168855231" uid="8857" user="philipcullen">
    <nd ref="6044051553"/>
    <nd ref="6044051552"/>
    <nd ref="6044051551"/>
    <nd ref="6044051550"/>
    <nd ref="6044051549"/>
    <nd ref="6044051548"/>
    <nd ref="6044051553"/>
    <tag k="addr:housenumber" v="32"/>
    <tag k="addr:street" v="Holly Drive"/>
    <tag k="building" v="residential"/>
    <tag k="ref:GB:uprn" v="10010508435"/>
    <tag k="source" v="Warwicks CC Aerial Imagery"/>
  </way>
  <way id="641877456" version="4" timestamp="2025-07-12T23:49:30Z" changeset="168855231" uid="8857" user="philipcullen">
    <nd ref="6044051559"/>
    <nd ref="6044051558"/>
    <nd ref="6044051557"/>
    <nd ref="6044051556"/>
    <nd ref="6044051555"/>
    <nd ref="6044051554"/>
    <nd ref="6044051559"/>
    <tag k="addr:housenumber" v="30"/>
    <tag k="addr:street" v="Holly Drive"/>
    <tag k="building" v="residential"/>
    <tag k="ref:GB:uprn" v="10010508434"/>
    <tag k="source" v="Warwicks CC Aerial Imagery"/>
  </way>
  <way id="688499105" version="8" timestamp="2025-01-08T17:27:40Z" changeset="161142179" uid="5229644" user="Nathan_A_RF">
    <nd ref="412199890"/>
    <nd ref="12209863606"/>
    <nd ref="2432294464"/>
    <nd ref="12209863584"/>
    <nd ref="1354106782"/>
    <nd ref="12209863583"/>
    <nd ref="12209863582"/>
    <nd ref="1354106787"/>
    <nd ref="12209863581"/>
    <nd ref="12209863580"/>
    <nd ref="12209863579"/>
    <nd ref="2272282"/>
    <nd ref="12209863578"/>
    <nd ref="1354106810"/>
    <nd ref="12209863577"/>
    <nd ref="2272286"/>
    <nd ref="12209863576"/>
    <nd ref="12209863575"/>
    <nd ref="25880694"/>
    <nd ref="12209863574"/>
    <nd ref="12209863585"/>
    <nd ref="12209863573"/>
    <nd ref="1383398101"/>
    <nd ref="1354106813"/>
    <nd ref="12209863572"/>
    <nd ref="2272287"/>
    <nd ref="12209863571"/>
    <nd ref="12209863570"/>
    <nd ref="2030692606"/>
    <nd ref="12209863569"/>
    <nd ref="12209863568"/>
    <nd ref="2272291"/>
    <nd ref="12209863567"/>
    <nd ref="1383426250"/>
    <nd ref="2272749"/>
    <nd ref="12209863566"/>
    <nd ref="12209863565"/>
    <nd ref="2272753"/>
    <nd ref="12209863564"/>
    <nd ref="12209863563"/>
    <nd ref="2272799"/>
    <nd ref="12209863562"/>
    <nd ref="12209863561"/>
    <nd ref="12209863560"/>
    <nd ref="2272796"/>
    <nd ref="12209863559"/>
    <nd ref="2272794"/>
    <nd ref="12209863558"/>
    <nd ref="12209863557"/>
    <nd ref="2272792"/>
    <nd ref="12209863556"/>
    <nd ref="1354106842"/>
    <nd ref="12209863555"/>
    <nd ref="2272789"/>
    <tag k="carriageway_ref" v="A"/>
    <tag k="dual_carriageway" v="yes"/>
    <tag k="highway" v="trunk"/>
    <tag k="lanes" v="2"/>
    <tag k="lit" v="no"/>
    <tag k="maxspeed" v="60 mph"/>
    <tag k="maxspeed:type" v="sign"/>
    <tag k="name" v="London Road"/>
    <tag k="national_highways:area" v="9"/>
    <tag k="oneway" v="yes"/>
    <tag k="operator" v="National Highways"/>
    <tag k="operator:wikidata" v="Q5760006"/>
    <tag k="ref" v="A45"/>
    <tag k="shoulder" v="no"/>
    <tag k="source" v="survey"/>
    <tag k="surface" v="asphalt"/>
  </way>
  <way id="691016393" version="1" timestamp="2019-05-19T10:57:02Z" changeset="70407012" uid="9259465" user="alivelis">
    <nd ref="303263630"/>
    <nd ref="6483627614"/>
    <nd ref="6483627615"/>
    <nd ref="6483627616"/>
    <nd ref="6483627617"/>
    <nd ref="6483627618"/>
    <tag k="highway" v="residential"/>
  </way>
  <way id="799311460" version="3" timestamp="2024-08-03T23:16:09Z" changeset="154792331" uid="12667" user="Curran1980">
    <nd ref="5834569972"/>
    <nd ref="7475518861"/>
    <nd ref="12091114886"/>
    <nd ref="7475518862"/>
    <nd ref="7475518863"/>
    <nd ref="7475518864"/>
    <nd ref="12091114957"/>
    <nd ref="7475518865"/>
    <nd ref="12091038146"/>
    <nd ref="12091114944"/>
    <nd ref="7475518866"/>
    <nd ref="7475518867"/>
    <nd ref="7475518868"/>
    <nd ref="12091114916"/>
    <nd ref="7475518869"/>
    <tag k="highway" v="residential"/>
    <tag k="maxspeed" v="20 mph"/>
    <tag k="name" v="Warren Close"/>
  </way>
  <way id="849725018" version="3" timestamp="2021-11-19T14:49:38Z" changeset="113994063" uid="34867" user="SammyTheSnake">
    <nd ref="7927732764"/>
    <nd ref="7927732765"/>
    <nd ref="7927732766"/>
    <nd ref="7927732767"/>
    <tag k="highway" v="residential"/>
    <tag k="maxspeed" v="20 mph"/>
    <tag k="name" v="Warren Close"/>
    <tag k="source" v="maxar"/>
    <tag k="surface" v="sett"/>
  </way>
  <way id="909893369" version="3" timestamp="2024-08-03T23:16:09Z" changeset="154792331" uid="12667" user="Curran1980">
    <nd ref="8448364208"/>
    <nd ref="8448364209"/>
    <nd ref="8448364210"/>
    <nd ref="12091114920"/>
    <nd ref="12091038141"/>
    <nd ref="12091038140"/>
    <nd ref="12091038138"/>
    <nd ref="8448364211"/>
    <nd ref="12091038152"/>
    <nd ref="12091114883"/>
    <nd ref="12091114969"/>
    <nd ref="9507233942"/>
    <nd ref="12091114884"/>
    <nd ref="9507233943"/>
    <nd ref="12091114869"/>
    <tag k="highway" v="residential"/>
    <tag k="name" v="Coal Yard Road"/>
  </way>
  <way id="972561174" version="7" timestamp="2025-01-08T17:27:40Z" changeset="161142179" uid="5229644" user="Nathan_A_RF">
    <nd ref="295824605"/>
    <nd ref="25880687"/>
    <nd ref="998303930"/>
    <nd ref="998303937"/>
    <nd ref="25880685"/>
    <nd ref="998303965"/>
    <nd ref="890378651"/>
    <nd ref="998303978"/>
    <nd ref="12209863547"/>
    <nd ref="25880683"/>
    <tag k="highway" v="trunk"/>
    <tag k="junction" v="roundabout"/>
    <tag k="lanes" v="2"/>
    <tag k="lit" v="yes"/>
    <tag k="maxspeed" v="50 mph"/>
    <tag k="maxspeed:type" v="sign"/>
    <tag k="name" v="Ryton Island"/>
    <tag k="national_highways:area" v="9"/>
    <tag k="oneway" v="yes"/>
    <tag k="operator" v="National Highways"/>
    <tag k="operator:wikidata" v="Q5760006"/>
  </way>
  <way id="977450498" version="5" timestamp="2025-01-08T18:01:05Z" changeset="161143123" uid="5229644" user="Nathan_A_RF">
    <nd ref="2384330990"/>
    <nd ref="25880287"/>
    <tag k="highway" v="trunk"/>
    <tag k="junction" v="roundabout"/>
    <tag k="lane_markings" v="no"/>
    <tag k="lit" v="yes"/>
    <tag k="maxspeed" v="50 mph"/>
    <tag k="maxspeed:type" v="sign"/>
    <tag k="oneway" v="yes"/>
    <tag k="surface" v="asphalt"/>
  </way>
  <way id="977450501" version="5" timestamp="2025-01-08T18:01:05Z" changeset="161143123" uid="5229644" user="Nathan_A_RF">
    <nd ref="25880285"/>
    <nd ref="2384331018"/>
    <nd ref="2384330974"/>
    <nd ref="2384330958"/>
    <nd ref="25880265"/>
    <nd ref="25880286"/>
    <nd ref="2384330990"/>
    <tag k="highway" v="trunk"/>
    <tag k="junction" v="roundabout"/>
    <tag k="lane_markings" v="no"/>
    <tag k="lit" v="yes"/>
    <tag k="maxspeed" v="50 mph"/>
    <tag k="maxspeed:type" v="sign"/>
    <tag k="oneway" v="yes"/>
    <tag k="surface" v="asphalt"/>
  </way>
  <way id="1001468317" version="5" timestamp="2021-11-11T14:28:15Z" changeset="113655019" uid="34867" user="SammyTheSnake">
    <nd ref="9243670959"/>
    <nd ref="868384579"/>
    <tag k="cycleway:both" v="no"/>
    <tag k="highway" v="residential"/>
    <tag k="lanes" v="2"/>
    <tag k="maxspeed" v="30 mph"/>
    <tag k="name" v="Holly Drive"/>
    <tag k="sidewalk" v="both"/>
    <tag k="surface" v="asphalt"/>
  </way>
  <way id="1001468318" version="2" timestamp="2021-11-11T14:28:12Z" changeset="113655019" uid="34867" user="SammyTheSnake">
    <nd ref="890378713"/>
    <nd ref="890378717"/>
    <tag k="highway" v="residential"/>
    <tag k="lane_markings" v="no"/>
    <tag k="maxspeed" v="30 mph"/>
    <tag k="name" v="Holly Drive"/>
    <tag k="surface" v="sett"/>
  </way>
  <way id="1001468419" version="1" timestamp="2021-11-11T14:28:51Z" changeset="113655019" uid="34867" user="SammyTheSnake">
    <nd ref="868384576"/>
    <nd ref="1610796642"/>
    <nd ref="6039810950"/>
    <nd ref="868384786"/>
    <nd ref="1610796652"/>
    <nd ref="1610796656"/>
    <nd ref="868384787"/>
    <nd ref="1610796686"/>
    <tag k="cycleway:both" v="no"/>
    <tag k="highway" v="residential"/>
    <tag k="maxspeed" v="30 mph"/>
    <tag k="name" v="Cedar Avenue"/>
    <tag k="sidewalk" v="both"/>
    <tag k="surface" v="asphalt"/>
  </way>
  <way id="1001468420" version="2" timestamp="2021-11-11T14:29:05Z" changeset="113655019" uid="34867" user="SammyTheSnake">
    <nd ref="1610796686"/>
    <nd ref="6039181293"/>
    <nd ref="868385049"/>
    <nd ref="6039181295"/>
    <nd ref="6039181298"/>
    <nd ref="9243676794"/>
    <tag k="cycleway:both" v="no"/>
    <tag k="highway" v="residential"/>
    <tag k="lanes" v="2"/>
    <tag k="maxspeed" v="30 mph"/>
    <tag k="name" v="Cedar Avenue"/>
    <tag k="sidewalk" v="both"/>
    <tag k="surface" v="asphalt"/>
  </way>
  <way id="1004381780" version="1" timestamp="2021-11-19T14:49:38Z" changeset="113994063" uid="34867" user="SammyTheSnake">
    <nd ref="9267128020"/>
    <nd ref="7927732767"/>
    <nd ref="1383146724"/>
    <nd ref="705011348"/>
    <nd ref="705011347"/>
    <tag k="highway" v="residential"/>
    <tag k="maxspeed" v="20 mph"/>
    <tag k="name" v="Warren Close"/>
    <tag k="source" v="visual survey;OS_OpenData_StreetView"/>
  </way>
  <way id="1025138660" version="1" timestamp="2022-01-27T10:04:38Z" changeset="116658296" uid="14082056" user="tomkynaston">
    <nd ref="9452340618"/>
    <nd ref="9452340619"/>
    <nd ref="9452340620"/>
    <nd ref="9452340621"/>
    <nd ref="9452340622"/>
    <nd ref="9452340623"/>
    <nd ref="9452340618"/>
    <tag k="building" v="industrial"/>
    <tag k="name" v="DC8 - Furnolic"/>
  </way>
  <way id="1031584548" version="2" timestamp="2024-08-03T23:16:09Z" changeset="154792331" uid="12667" user="Curran1980">
    <nd ref="8448364211"/>
    <nd ref="9507233944"/>
    <tag k="highway" v="residential"/>
    <tag k="name" v="Coal Yard Road"/>
  </way>
  <way id="1059586069" version="1" timestamp="2022-05-12T13:35:03Z" changeset="120890128" uid="15339642" user="IlyaZaprudski">
    <nd ref="9735092343"/>
    <nd ref="9735092345"/>
    <tag k="highway" v="residential"/>
    <tag k="maxspeed" v="30 mph"/>
    <tag k="name" v="Church Close"/>
  </way>
  <way id="1059586070" version="1" timestamp="2022-05-12T13:35:03Z" changeset="120890128" uid="15339642" user="IlyaZaprudski">
    <nd ref="9735092345"/>
    <nd ref="9735092344"/>
    <tag k="highway" v="residential"/>
    <tag k="maxheight" v="2.4"/>
    <tag k="maxspeed" v="30 mph"/>
    <tag k="name" v="Church Close"/>
    <tag k="tunnel" v="building_passage"/>
  </way>
  <way id="1096711232" version="2" timestamp="2025-07-12T23:49:33Z" changeset="168855231" uid="8857" user="philipcullen">
    <nd ref="10042703368"/>
    <nd ref="10042703369"/>
    <nd ref="10042703370"/>
    <nd ref="10042703371"/>
    <nd ref="10042703368"/>
    <tag k="building" v="industrial"/>
    <tag k="name" v="DC9 - Ceva Logistics"/>
    <tag k="ref:GB:uprn" v="10094755090"/>
    <tag k="source" v="Digital Globe Standard"/>
  </way>
  <way id="1100686683" version="3" timestamp="2024-08-16T23:11:37Z" changeset="155347442" uid="5589" user="user_5589">
    <nd ref="295824603"/>
    <nd ref="2272771"/>
    <nd ref="1826446334"/>
    <nd ref="2272770"/>
    <nd ref="1826446337"/>
    <tag k="carriageway_ref" v="A"/>
    <tag k="highway" v="trunk"/>
    <tag k="lanes" v="2"/>
    <tag k="lit" v="yes"/>
    <tag k="maxspeed" v="50 mph"/>
    <tag k="name" v="London Road"/>
    <tag k="national_highways:area" v="9"/>
    <tag k="oneway" v="yes"/>
    <tag k="operator" v="National Highways"/>
    <tag k="operator:wikidata" v="Q5760006"/>
    <tag k="ref" v="A45"/>
    <tag k="shoulder" v="no"/>
  </way>
  <way id="1305474546" version="1" timestamp="2024-08-03T23:16:09Z" changeset="154792331" uid="12667" user="Curran1980">
    <nd ref="12091114941"/>
    <nd ref="12091114884"/>
    <tag k="highway" v="residential"/>
    <tag k="name" v="Coal Yard Road"/>
  </way>
  <way id="1305474563" version="1" timestamp="2024-08-03T23:16:09Z" changeset="154792331" uid="12667" user="Curran1980">
    <nd ref="12091114916"/>
    <nd ref="7475518875"/>
    <tag k="highway" v="residential"/>
    <tag k="maxspeed" v="20 mph"/>
    <tag k="name" v="Warren Close"/>
  </way>
  <way id="1309283272" version="2" timestamp="2024-08-21T09:56:13Z" changeset="155548266" uid="5589" user="user_5589">
    <nd ref="2384330989"/>
    <nd ref="6996905465"/>
    <nd ref="130154744"/>
    <nd ref="130154745"/>
    <tag k="highway" v="primary"/>
    <tag k="lanes" v="2"/>
    <tag k="lit" v="yes"/>
    <tag k="maxspeed" v="50 mph"/>
    <tag k="name" v="Leamington Road"/>
    <tag k="oneway" v="no"/>
    <tag k="ref" v="A445"/>
    <tag k="shoulder" v="no"/>
    <tag k="surface" v="asphalt"/>
  </way>
  <way id="1319349567" version="2" timestamp="2024-09-29T22:59:21Z" changeset="157273477" uid="230654" user="C2L">
    <nd ref="12209852637"/>
    <nd ref="12209901609"/>
    <nd ref="12209852638"/>
    <tag k="highway" v="unclassified"/>
  </way>

</osm>
