<?xml version="1.0" encoding="UTF-8"?>
<osm version="0.6" generator="Overpass API 0.7.62.8 e802775f">
<note>The data included in this document is from www.openstreetmap.org. The data is made available under ODbL.</note>
<meta osm_base="2025-10-23T17:26:30Z" areas="2025-10-23T14:54:58Z"/>

  <node id="331415" lat="52.3380841" lon="-1.2253764" version="13" timestamp="2024-06-11T18:15:05Z" changeset="152556032" uid="13341565" user="Falsernet"/>
  <node id="13782049" lat="52.3554309" lon="-1.3073332" version="2" timestamp="2010-07-16T11:08:31Z" changeset="5233973" uid="112997" user="sobbomapper"/>
  <node id="13782150" lat="52.3562668" lon="-1.3049357" version="10" timestamp="2019-06-28T08:12:14Z" changeset="71698101" uid="6274199" user="gnesss"/>
  <node id="13782154" lat="52.3558734" lon="-1.3062742" version="5" timestamp="2019-06-28T08:12:14Z" changeset="71698101" uid="6274199" user="gnesss"/>
  <node id="13782332" lat="52.3581978" lon="-1.2975720" version="8" timestamp="2016-07-21T15:37:10Z" changeset="40923778" uid="608760" user="gregrs"/>
  <node id="13783575" lat="52.3469240" lon="-1.2757925" version="5" timestamp="2020-08-10T13:33:08Z" changeset="89202406" uid="6274199" user="gnesss"/>
  <node id="153422307" lat="52.3521885" lon="-1.3200648" version="3" timestamp="2013-10-15T12:38:34Z" changeset="18367897" uid="9065" user="brianboru"/>
  <node id="153425903" lat="52.3560578" lon="-1.3057891" version="4" timestamp="2019-06-28T08:12:14Z" changeset="71698101" uid="6274199" user="gnesss"/>
  <node id="153432902" lat="52.3585569" lon="-1.2946014" version="10" timestamp="2015-10-20T18:33:56Z" changeset="34762515" uid="608760" user="gregrs"/>
  <node id="278294791" lat="52.3395509" lon="-1.3057765" version="3" timestamp="2019-01-21T17:06:55Z" changeset="66511423" uid="9065" user="brianboru"/>
  <node id="278782029" lat="52.3356083" lon="-1.3029933" version="6" timestamp="2011-10-24T11:31:43Z" changeset="9642519" uid="185805" user="Jon Iles"/>
  <node id="295825816" lat="52.3440107" lon="-1.3362890" version="6" timestamp="2025-01-08T17:27:40Z" changeset="161142179" uid="5229644" user="Nathan_A_RF"/>
  <node id="295883168" lat="52.3444382" lon="-1.3379701" version="6" timestamp="2020-04-29T10:35:04Z" changeset="84330716" uid="705850" user="Cebderby"/>
  <node id="487161000" lat="52.3373070" lon="-1.2906584" version="6" timestamp="2023-04-03T20:35:27Z" changeset="134470202" uid="13001300" user="simonc11">
    <tag k="building" v="yes"/>
    <tag k="bus" v="yes"/>
    <tag k="highway" v="bus_stop"/>
    <tag k="mapillary" v="1000250177456426"/>
    <tag k="material" v="wood"/>
    <tag k="memorial" v="war_memorial"/>
    <tag k="name" v="School Street"/>
    <tag k="naptan:AtcoCode" v="4200F019800"/>
    <tag k="naptan:Bearing" v="NW"/>
    <tag k="naptan:CommonName" v="School Street"/>
    <tag k="naptan:Indicator" v="Adj"/>
    <tag k="naptan:NaptanCode" v="warajwad"/>
    <tag k="naptan:PlusbusZoneRef" v="RUGBY"/>
    <tag k="naptan:Street" v="Coventry Road"/>
    <tag k="naptan:verified" v="no"/>
    <tag k="public_transport" v="platform"/>
    <tag k="roof:material" v="thatch"/>
    <tag k="shelter" v="yes"/>
    <tag k="source" v="naptan_import"/>
    <tag k="wikidata" v="Q26671532"/>
  </node>
  <node id="620046069" lat="52.3567517" lon="-1.2971576" version="3" timestamp="2011-08-12T11:37:34Z" changeset="8995083" uid="112997" user="sobbomapper"/>
  <node id="637554564" lat="52.3490442" lon="-1.2725957" version="3" timestamp="2019-02-21T14:31:34Z" changeset="67431682" uid="8683362" user="riteshaw"/>
  <node id="750913772" lat="52.3470104" lon="-1.2770024" version="3" timestamp="2013-08-15T12:35:40Z" changeset="17358704" uid="260682" user="monxton"/>
  <node id="786404171" lat="52.3522917" lon="-1.3204045" version="7" timestamp="2020-12-13T21:57:13Z" changeset="95772322" uid="5589" user="user_5589"/>
  <node id="820498284" lat="52.3563420" lon="-1.3053971" version="2" timestamp="2019-06-28T08:12:14Z" changeset="71698101" uid="6274199" user="gnesss"/>
  <node id="887168377" lat="52.3399553" lon="-1.3044413" version="1" timestamp="2010-08-29T23:51:54Z" changeset="5632004" uid="44659" user="Phil Shipley"/>
  <node id="899514925" lat="52.3112030" lon="-1.3135347" version="4" timestamp="2016-07-23T18:29:11Z" changeset="40977064" uid="608760" user="gregrs"/>
  <node id="924561477" lat="52.3475870" lon="-1.2766919" version="3" timestamp="2020-06-28T17:04:44Z" changeset="87256014" uid="6274199" user="gnesss"/>
  <node id="1244800774" lat="52.3320571" lon="-1.2745048" version="3" timestamp="2018-07-16T19:06:14Z" changeset="60773808" uid="9065" user="brianboru"/>
  <node id="1447299347" lat="52.3435536" lon="-1.3360813" version="2" timestamp="2012-04-22T16:25:03Z" changeset="11386076" uid="12667" user="Curran1980"/>
  <node id="1481420580" lat="52.3443784" lon="-1.3366560" version="2" timestamp="2018-07-16T19:06:14Z" changeset="60773808" uid="9065" user="brianboru"/>
  <node id="1550945066" lat="52.3394942" lon="-1.3175284" version="2" timestamp="2013-09-27T15:08:13Z" changeset="18063200" uid="9065" user="brianboru"/>
  <node id="2031425117" lat="52.3456154" lon="-1.3431589" version="2" timestamp="2024-11-03T21:03:07Z" changeset="158717240" uid="230654" user="C2L"/>
  <node id="2505528478" lat="52.3529466" lon="-1.3201070" version="1" timestamp="2013-10-23T05:10:44Z" changeset="18496669" uid="9065" user="brianboru"/>
  <node id="4592754023" lat="52.3271039" lon="-1.2729667" version="1" timestamp="2017-01-06T15:28:10Z" changeset="44955959" uid="9065" user="brianboru"/>
  <node id="12484830050" lat="52.3447095" lon="-1.3392698" version="1" timestamp="2025-01-08T17:27:40Z" changeset="161142179" uid="5229644" user="Nathan_A_RF"/>
  <way id="4288585" version="15" timestamp="2024-10-24T20:33:07Z" changeset="158312858" uid="5229644" user="Nathan_A_RF">
    <nd ref="331494"/>
    <nd ref="6208502187"/>
    <nd ref="1373925364"/>
    <nd ref="1373925324"/>
    <nd ref="7453201994"/>
    <nd ref="8239232060"/>
    <nd ref="1373937349"/>
    <nd ref="6145486776"/>
    <nd ref="1373935062"/>
    <nd ref="331659"/>
    <nd ref="9034155282"/>
    <nd ref="25881130"/>
    <nd ref="25881129"/>
    <nd ref="12286171849"/>
    <nd ref="7550766087"/>
    <nd ref="331657"/>
    <tag k="highway" v="secondary"/>
    <tag k="lanes" v="2"/>
    <tag k="maxspeed" v="30 mph"/>
    <tag k="name" v="Daventry Road"/>
    <tag k="ref" v="B4429"/>
  </way>
  <way id="4288586" version="14" timestamp="2024-10-24T20:33:07Z" changeset="158312858" uid="5229644" user="Nathan_A_RF">
    <nd ref="25881121"/>
    <nd ref="2021630600"/>
    <nd ref="1614180828"/>
    <nd ref="2495065112"/>
    <nd ref="2021630570"/>
    <nd ref="2495065128"/>
    <nd ref="2021630589"/>
    <nd ref="331655"/>
    <tag k="dual_carriageway" v="yes"/>
    <tag k="highway" v="secondary"/>
    <tag k="lanes" v="2"/>
    <tag k="maxspeed" v="40 mph"/>
    <tag k="name" v="Daventry Road"/>
    <tag k="oneway" v="yes"/>
    <tag k="ref" v="B4429"/>
    <tag k="surface" v="asphalt"/>
  </way>
  <way id="4288587" version="17" timestamp="2024-10-24T20:33:07Z" changeset="158312858" uid="5229644" user="Nathan_A_RF">
    <nd ref="331657"/>
    <nd ref="11613619456"/>
    <nd ref="739455488"/>
    <nd ref="2495065214"/>
    <nd ref="2495065205"/>
    <nd ref="739455489"/>
    <nd ref="2169407831"/>
    <nd ref="739455490"/>
    <nd ref="8163779600"/>
    <nd ref="1614180833"/>
    <nd ref="2495065139"/>
    <nd ref="2021630598"/>
    <nd ref="2021630590"/>
    <nd ref="1614180830"/>
    <nd ref="2021630601"/>
    <nd ref="2021630584"/>
    <nd ref="2021630575"/>
    <nd ref="331654"/>
    <tag k="dual_carriageway" v="yes"/>
    <tag k="highway" v="secondary"/>
    <tag k="lanes" v="2"/>
    <tag k="maxspeed" v="40 mph"/>
    <tag k="name" v="Daventry Road"/>
    <tag k="oneway" v="yes"/>
    <tag k="ref" v="B4429"/>
    <tag k="surface" v="asphalt"/>
  </way>
  <way id="4288588" version="14" timestamp="2024-10-24T20:33:07Z" changeset="158312858" uid="5229644" user="Nathan_A_RF">
    <nd ref="1475563253"/>
    <nd ref="331674"/>
    <nd ref="1475563255"/>
    <nd ref="331670"/>
    <nd ref="5764370480"/>
    <nd ref="1475563261"/>
    <nd ref="1475563260"/>
    <nd ref="2495064986"/>
    <nd ref="331672"/>
    <nd ref="5764370476"/>
    <nd ref="5764370481"/>
    <nd ref="1447286169"/>
    <tag k="dual_carriageway" v="yes"/>
    <tag k="highway" v="trunk"/>
    <tag k="lanes" v="2"/>
    <tag k="maxspeed" v="70 mph"/>
    <tag k="maxspeed:type" v="GB:nsl_dual"/>
    <tag k="name" v="Daventry Road"/>
    <tag k="oneway" v="yes"/>
    <tag k="ref" v="A45"/>
    <tag k="sidewalk" v="no"/>
    <tag k="surface" v="asphalt"/>
  </way>
  <way id="4288590" version="19" timestamp="2024-10-24T20:33:07Z" changeset="158312858" uid="5229644" user="Nathan_A_RF">
    <nd ref="2495064990"/>
    <nd ref="5764370477"/>
    <nd ref="1475563254"/>
    <nd ref="5764370478"/>
    <nd ref="25881131"/>
    <nd ref="331668"/>
    <nd ref="1475563257"/>
    <nd ref="331667"/>
    <nd ref="1475563259"/>
    <nd ref="5764386147"/>
    <nd ref="12286171841"/>
    <nd ref="331666"/>
    <tag k="highway" v="motorway_link"/>
    <tag k="lanes" v="2"/>
    <tag k="lit" v="no"/>
    <tag k="maxspeed" v="70 mph"/>
    <tag k="maxspeed:type" v="GB:motorway"/>
    <tag k="national_highways:area" v="7"/>
    <tag k="oneway" v="yes"/>
    <tag k="operator" v="National Highways"/>
    <tag k="operator:wikidata" v="Q5760006"/>
    <tag k="ref" v="M45"/>
    <tag k="surface" v="asphalt"/>
  </way>
  <way id="4288591" version="22" timestamp="2024-10-24T20:33:07Z" changeset="158312858" uid="5229644" user="Nathan_A_RF">
    <nd ref="5764386150"/>
    <nd ref="1478952171"/>
    <nd ref="1478952177"/>
    <nd ref="1478952148"/>
    <nd ref="1912257445"/>
    <nd ref="5027099156"/>
    <nd ref="1614180824"/>
    <nd ref="2021630587"/>
    <nd ref="8163779590"/>
    <nd ref="2021630572"/>
    <nd ref="25881120"/>
    <tag k="destination" v="Daventry"/>
    <tag k="destination:ref" v="A45"/>
    <tag k="highway" v="motorway_link"/>
    <tag k="lanes" v="2"/>
    <tag k="lit" v="no"/>
    <tag k="maxspeed" v="70 mph"/>
    <tag k="maxspeed:type" v="GB:motorway"/>
    <tag k="national_highways:area" v="7"/>
    <tag k="oneway" v="yes"/>
    <tag k="operator" v="National Highways"/>
    <tag k="operator:wikidata" v="Q5760006"/>
    <tag k="ref" v="M45"/>
    <tag k="surface" v="asphalt"/>
  </way>
  <way id="4288593" version="16" timestamp="2024-10-24T20:33:07Z" changeset="158312858" uid="5229644" user="Nathan_A_RF">
    <nd ref="1443453093"/>
    <nd ref="331669"/>
    <nd ref="1475563258"/>
    <nd ref="5764370482"/>
    <nd ref="1475563250"/>
    <nd ref="5764370479"/>
    <nd ref="1475563252"/>
    <nd ref="1475563256"/>
    <nd ref="331673"/>
    <nd ref="10137639277"/>
    <tag k="dual_carriageway" v="yes"/>
    <tag k="highway" v="trunk"/>
    <tag k="lanes" v="2"/>
    <tag k="maxspeed" v="70 mph"/>
    <tag k="maxspeed:type" v="GB:nsl_dual"/>
    <tag k="name" v="Daventry Road"/>
    <tag k="oneway" v="yes"/>
    <tag k="ref" v="A45"/>
    <tag k="sidewalk" v="no"/>
    <tag k="surface" v="asphalt"/>
  </way>
  <way id="4815583" version="17" timestamp="2025-04-07T15:13:42Z" changeset="164639978" uid="5589" user="user_5589">
    <nd ref="331499"/>
    <nd ref="13783560"/>
    <nd ref="331498"/>
    <nd ref="13783559"/>
    <nd ref="7687792269"/>
    <nd ref="539909010"/>
    <nd ref="1782536682"/>
    <nd ref="331497"/>
    <nd ref="2803916188"/>
    <nd ref="13783558"/>
    <nd ref="3269142562"/>
    <nd ref="3269142561"/>
    <nd ref="537642849"/>
    <nd ref="3269136355"/>
    <nd ref="331496"/>
    <nd ref="2803916182"/>
    <nd ref="539909003"/>
    <nd ref="2900573013"/>
    <nd ref="331494"/>
    <tag k="highway" v="primary"/>
    <tag k="lanes" v="2"/>
    <tag k="maxspeed" v="30 mph"/>
    <tag k="name" v="Rugby Road"/>
    <tag k="ref" v="A426"/>
    <tag k="source" v="Warwicks CC Aerial Imagery 2013"/>
    <tag k="surface" v="asphalt"/>
  </way>
  <way id="4815749" version="13" timestamp="2025-08-16T16:59:09Z" changeset="170532641" uid="5589" user="user_5589">
    <nd ref="12286171838"/>
    <nd ref="875604487"/>
    <tag k="bridge" v="yes"/>
    <tag k="highway" v="primary"/>
    <tag k="lanes" v="2"/>
    <tag k="lanes:backward" v="1"/>
    <tag k="lanes:forward" v="1"/>
    <tag k="layer" v="1"/>
    <tag k="maxspeed" v="30 mph"/>
    <tag k="maxspeed:type" v="sign"/>
    <tag k="maxweight:signed" v="no"/>
    <tag k="ref" v="A426"/>
    <tag k="surface" v="asphalt"/>
  </way>
  <way id="8003661" version="35" timestamp="2021-08-25T05:31:41Z" changeset="110205030" uid="10127749" user="nbhiss">
    <nd ref="153432902"/>
    <nd ref="779039903"/>
    <nd ref="3677902995"/>
    <nd ref="620046064"/>
    <nd ref="7461678113"/>
    <nd ref="7461678114"/>
    <nd ref="3795746441"/>
    <nd ref="295883161"/>
    <nd ref="3794815770"/>
    <nd ref="779039904"/>
    <nd ref="7461670035"/>
    <nd ref="779039905"/>
    <nd ref="3794812529"/>
    <nd ref="295883162"/>
    <nd ref="7539997880"/>
    <nd ref="875585949"/>
    <nd ref="2273512062"/>
    <nd ref="875586016"/>
    <nd ref="2273512063"/>
    <nd ref="295883163"/>
    <nd ref="2273512060"/>
    <nd ref="2273512061"/>
    <nd ref="3675918762"/>
    <nd ref="295883164"/>
    <nd ref="775542286"/>
    <nd ref="620796664"/>
    <nd ref="3795100758"/>
    <nd ref="820349061"/>
    <nd ref="9033767194"/>
    <nd ref="620070522"/>
    <nd ref="566198446"/>
    <tag k="highway" v="tertiary"/>
    <tag k="name" v="Alwyn Road"/>
  </way>
  <way id="10857158" version="18" timestamp="2025-08-16T16:56:04Z" changeset="170532565" uid="5589" user="user_5589">
    <nd ref="331509"/>
    <nd ref="2349730203"/>
    <nd ref="7661179666"/>
    <nd ref="13783575"/>
    <tag k="highway" v="secondary"/>
    <tag k="lanes" v="1"/>
    <tag k="lit" v="yes"/>
    <tag k="maxspeed" v="40 mph"/>
    <tag k="name" v="Ashlawn Road"/>
    <tag k="oneway" v="yes"/>
    <tag k="ref" v="B4429"/>
    <tag k="surface" v="asphalt"/>
  </way>
  <way id="10858618" version="20" timestamp="2025-02-25T19:25:42Z" changeset="162946309" uid="3432400" user="GinaroZ">
    <nd ref="153423131"/>
    <nd ref="13782039"/>
    <nd ref="13782023"/>
    <nd ref="13782022"/>
    <nd ref="13782046"/>
    <nd ref="13782021"/>
    <nd ref="12618909047"/>
    <nd ref="13782018"/>
    <nd ref="13782019"/>
    <nd ref="13782017"/>
    <nd ref="13782016"/>
    <nd ref="13782012"/>
    <nd ref="13782013"/>
    <nd ref="13782011"/>
    <nd ref="13782014"/>
    <nd ref="1365174227"/>
    <nd ref="13782010"/>
    <nd ref="762202183"/>
    <nd ref="13782009"/>
    <nd ref="13782008"/>
    <nd ref="13782007"/>
    <nd ref="13782006"/>
    <nd ref="1217733673"/>
    <nd ref="13782004"/>
    <nd ref="13782003"/>
    <nd ref="3772081479"/>
    <nd ref="3772081472"/>
    <nd ref="1365164387"/>
    <nd ref="739446119"/>
    <nd ref="13782002"/>
    <nd ref="13782001"/>
    <nd ref="13782000"/>
    <nd ref="13781966"/>
    <nd ref="13781998"/>
    <nd ref="620796659"/>
    <nd ref="13781997"/>
    <nd ref="13781996"/>
    <nd ref="3823077412"/>
    <tag k="highway" v="tertiary"/>
    <tag k="maxspeed" v="40 mph"/>
    <tag k="name" v="Cawston Lane"/>
    <tag k="surface" v="asphalt"/>
  </way>
  <way id="15455906" version="26" timestamp="2024-02-12T15:21:45Z" changeset="147371871" uid="13341565" user="Falsernet">
    <nd ref="13782154"/>
    <nd ref="13782051"/>
    <nd ref="2607618923"/>
    <nd ref="13782050"/>
    <nd ref="13782049"/>
    <nd ref="2607618914"/>
    <nd ref="8764324910"/>
    <nd ref="13782047"/>
    <nd ref="13782028"/>
    <nd ref="13782027"/>
    <nd ref="153423131"/>
    <nd ref="4303251100"/>
    <nd ref="153422013"/>
    <nd ref="153422303"/>
    <nd ref="7202652278"/>
    <nd ref="1217733674"/>
    <nd ref="153422304"/>
    <nd ref="7202707986"/>
    <nd ref="2497233745"/>
    <nd ref="153422305"/>
    <nd ref="2497233735"/>
    <nd ref="2497233729"/>
    <nd ref="153422306"/>
    <nd ref="2497233725"/>
    <nd ref="2497233727"/>
    <nd ref="777438602"/>
    <nd ref="6505428201"/>
    <nd ref="6606340043"/>
    <nd ref="6606340044"/>
    <nd ref="777438606"/>
    <tag k="highway" v="secondary"/>
    <tag k="maxspeed" v="40 mph"/>
    <tag k="name" v="Coventry Road"/>
    <tag k="ref" v="B4642"/>
    <tag k="surface" v="asphalt"/>
  </way>
  <way id="15456140" version="10" timestamp="2022-10-20T10:46:26Z" changeset="127830987" uid="5589" user="user_5589">
    <nd ref="13782150"/>
    <nd ref="6576229618"/>
    <nd ref="1477771520"/>
    <nd ref="153425911"/>
    <tag k="highway" v="secondary"/>
    <tag k="maxspeed" v="40 mph"/>
    <tag k="name" v="Bilton Road"/>
    <tag k="oneway" v="yes"/>
    <tag k="ref" v="B4642"/>
    <tag k="surface" v="asphalt"/>
  </way>
  <way id="25534835" version="10" timestamp="2025-01-08T16:30:27Z" changeset="161140243" uid="5229644" user="Nathan_A_RF">
    <nd ref="278294791"/>
    <nd ref="887168382"/>
    <nd ref="278294795"/>
    <nd ref="278294797"/>
    <nd ref="278294799"/>
    <nd ref="12484727375"/>
    <nd ref="278294800"/>
    <nd ref="1365168763"/>
    <tag k="bicycle" v="designated"/>
    <tag k="highway" v="unclassified"/>
    <tag k="maxspeed" v="60 mph"/>
    <tag k="maxspeed:type" v="GB:nsl_single"/>
    <tag k="name" v="Windmill Lane"/>
    <tag k="source" v="survey"/>
    <tag k="source:maxspeed" v="sign"/>
  </way>
  <way id="25534836" version="6" timestamp="2019-07-23T18:45:38Z" changeset="72572108" uid="115894" user="DaveF">
    <nd ref="278294791"/>
    <nd ref="1711777313"/>
    <nd ref="278294784"/>
    <tag k="highway" v="secondary"/>
    <tag k="name" v="Coventry Road"/>
    <tag k="ref" v="B4429"/>
  </way>
  <way id="25534837" version="10" timestamp="2020-12-24T09:35:07Z" changeset="96373968" uid="12265997" user="ShinkarevPavel">
    <nd ref="278294784"/>
    <nd ref="7862114077"/>
    <nd ref="331487"/>
    <nd ref="2495065440"/>
    <nd ref="13781782"/>
    <nd ref="331488"/>
    <nd ref="13781783"/>
    <nd ref="331489"/>
    <nd ref="13781784"/>
    <nd ref="13781785"/>
    <nd ref="13781786"/>
    <nd ref="13781787"/>
    <nd ref="6878892722"/>
    <tag k="highway" v="secondary"/>
    <tag k="name" v="Coventry Road"/>
    <tag k="ref" v="B4429"/>
  </way>
  <way id="25534838" version="10" timestamp="2024-08-21T15:03:38Z" changeset="155563184" uid="5589" user="user_5589">
    <nd ref="620796649"/>
    <nd ref="2473623696"/>
    <nd ref="278294830"/>
    <nd ref="2473623692"/>
    <nd ref="681548113"/>
    <nd ref="3823077411"/>
    <nd ref="278294828"/>
    <nd ref="7521318333"/>
    <nd ref="3823077408"/>
    <nd ref="278294826"/>
    <nd ref="3823077405"/>
    <nd ref="278294804"/>
    <tag k="highway" v="tertiary"/>
    <tag k="lanes" v="2"/>
    <tag k="lanes:backward" v="1"/>
    <tag k="lanes:forward" v="1"/>
    <tag k="maxspeed:type" v="GB:nsl_restricted"/>
    <tag k="name" v="Northampton Lane"/>
    <tag k="surface" v="asphalt"/>
  </way>
  <way id="25534839" version="13" timestamp="2024-08-21T15:03:11Z" changeset="155563184" uid="5589" user="user_5589">
    <nd ref="278294835"/>
    <nd ref="2419773117"/>
    <nd ref="278294838"/>
    <nd ref="2419773114"/>
    <nd ref="7287500194"/>
    <nd ref="278294840"/>
    <nd ref="762202066"/>
    <nd ref="278294842"/>
    <nd ref="278294844"/>
    <nd ref="620796649"/>
    <tag k="highway" v="tertiary"/>
    <tag k="lanes" v="2"/>
    <tag k="lanes:backward" v="1"/>
    <tag k="lanes:forward" v="1"/>
    <tag k="maxspeed" v="30 mph"/>
    <tag k="maxspeed:type" v="sign"/>
    <tag k="name" v="Northampton Lane"/>
    <tag k="source" v="survey"/>
    <tag k="surface" v="asphalt"/>
  </way>
  <way id="25574833" version="16" timestamp="2024-10-24T20:33:07Z" changeset="158312858" uid="5229644" user="Nathan_A_RF">
    <nd ref="278782027"/>
    <nd ref="278782028"/>
    <tag k="bridge" v="yes"/>
    <tag k="highway" v="motorway"/>
    <tag k="lanes" v="2"/>
    <tag k="layer" v="1"/>
    <tag k="lit" v="no"/>
    <tag k="maxspeed" v="70 mph"/>
    <tag k="maxspeed:type" v="GB:motorway"/>
    <tag k="national_highways:area" v="7"/>
    <tag k="oneway" v="yes"/>
    <tag k="operator" v="National Highways"/>
    <tag k="operator:wikidata" v="Q5760006"/>
    <tag k="ref" v="M45"/>
    <tag k="surface" v="asphalt"/>
  </way>
  <way id="25574835" version="16" timestamp="2024-10-24T20:33:07Z" changeset="158312858" uid="5229644" user="Nathan_A_RF">
    <nd ref="278782030"/>
    <nd ref="278782029"/>
    <tag k="bridge" v="yes"/>
    <tag k="highway" v="motorway"/>
    <tag k="lanes" v="2"/>
    <tag k="layer" v="1"/>
    <tag k="lit" v="no"/>
    <tag k="maxspeed" v="70 mph"/>
    <tag k="maxspeed:type" v="GB:motorway"/>
    <tag k="national_highways:area" v="7"/>
    <tag k="oneway" v="yes"/>
    <tag k="operator" v="National Highways"/>
    <tag k="operator:wikidata" v="Q5760006"/>
    <tag k="ref" v="M45"/>
    <tag k="surface" v="asphalt"/>
  </way>
  <way id="25574836" version="23" timestamp="2024-10-24T20:33:07Z" changeset="158312858" uid="5229644" user="Nathan_A_RF">
    <nd ref="278782029"/>
    <nd ref="331451"/>
    <nd ref="2473627027"/>
    <tag k="highway" v="motorway"/>
    <tag k="lanes" v="2"/>
    <tag k="lit" v="no"/>
    <tag k="maxheight" v="default"/>
    <tag k="maxspeed" v="70 mph"/>
    <tag k="maxspeed:type" v="GB:motorway"/>
    <tag k="national_highways:area" v="7"/>
    <tag k="oneway" v="yes"/>
    <tag k="operator" v="National Highways"/>
    <tag k="operator:wikidata" v="Q5760006"/>
    <tag k="ref" v="M45"/>
    <tag k="surface" v="asphalt"/>
  </way>
  <way id="25985213" version="13" timestamp="2023-05-10T21:49:53Z" changeset="135953394" uid="5229644" user="Nathan_A_RF">
    <nd ref="750913772"/>
    <nd ref="750913768"/>
    <nd ref="2349730204"/>
    <nd ref="2349730206"/>
    <nd ref="10885249410"/>
    <nd ref="13783574"/>
    <tag k="highway" v="trunk"/>
    <tag k="junction" v="circular"/>
    <tag k="lit" v="yes"/>
    <tag k="maxspeed" v="40 mph"/>
    <tag k="oneway" v="yes"/>
  </way>
  <way id="26989344" version="15" timestamp="2025-01-08T17:27:40Z" changeset="161142179" uid="5229644" user="Nathan_A_RF">
    <nd ref="12484830050"/>
    <nd ref="5764429257"/>
    <nd ref="295883168"/>
    <nd ref="1481420583"/>
    <nd ref="12484830051"/>
    <tag k="expressway" v="yes"/>
    <tag k="highway" v="trunk_link"/>
    <tag k="lanes" v="1"/>
    <tag k="lit" v="yes"/>
    <tag k="maxspeed" v="70 mph"/>
    <tag k="maxspeed:type" v="GB:nsl_dual"/>
    <tag k="oneway" v="yes"/>
    <tag k="sidewalk" v="left"/>
    <tag k="source" v="Warwicks CC Aerial Imagery 2013"/>
    <tag k="surface" v="asphalt"/>
  </way>
  <way id="26989346" version="12" timestamp="2025-10-05T13:45:22Z" changeset="172868358" uid="17128620" user="Pineajelly">
    <nd ref="153418527"/>
    <nd ref="2349725579"/>
    <nd ref="2021634983"/>
    <nd ref="2021634972"/>
    <nd ref="1484820317"/>
    <tag k="cycleway:both" v="no"/>
    <tag k="highway" v="trunk_link"/>
    <tag k="lanes" v="1"/>
    <tag k="maxspeed" v="50 mph"/>
    <tag k="name" v="Blue Boar Flyover"/>
    <tag k="oneway" v="yes"/>
    <tag k="ref" v="A4071"/>
    <tag k="shoulder" v="no"/>
    <tag k="surface" v="asphalt"/>
  </way>
  <way id="26989427" version="10" timestamp="2024-02-12T15:21:45Z" changeset="147371871" uid="13341565" user="Falsernet">
    <nd ref="153425903"/>
    <nd ref="6576223334"/>
    <nd ref="13782154"/>
    <tag k="highway" v="secondary"/>
    <tag k="maxspeed" v="40 mph"/>
    <tag k="name" v="Coventry Road"/>
    <tag k="oneway" v="yes"/>
    <tag k="ref" v="B4642"/>
    <tag k="surface" v="asphalt"/>
  </way>
  <way id="28430940" version="23" timestamp="2024-10-24T20:33:07Z" changeset="158312858" uid="5229644" user="Nathan_A_RF">
    <nd ref="278782028"/>
    <nd ref="331448"/>
    <nd ref="1478952140"/>
    <nd ref="331449"/>
    <nd ref="5764386149"/>
    <nd ref="331450"/>
    <nd ref="1478952163"/>
    <nd ref="12286171840"/>
    <nd ref="331665"/>
    <nd ref="331441"/>
    <nd ref="331025079"/>
    <tag k="highway" v="motorway"/>
    <tag k="lanes" v="2"/>
    <tag k="lit" v="no"/>
    <tag k="maxheight" v="default"/>
    <tag k="maxheight:signed" v="no"/>
    <tag k="maxspeed" v="70 mph"/>
    <tag k="maxspeed:type" v="GB:motorway"/>
    <tag k="national_highways:area" v="7"/>
    <tag k="oneway" v="yes"/>
    <tag k="operator" v="National Highways"/>
    <tag k="operator:wikidata" v="Q5760006"/>
    <tag k="ref" v="M45"/>
    <tag k="surface" v="asphalt"/>
  </way>
  <way id="28718429" version="14" timestamp="2025-10-05T13:45:22Z" changeset="172868358" uid="17128620" user="Pineajelly">
    <nd ref="153422327"/>
    <nd ref="1726754113"/>
    <nd ref="1726754111"/>
    <nd ref="2349725574"/>
    <nd ref="315743497"/>
    <tag k="cycleway:both" v="no"/>
    <tag k="highway" v="trunk"/>
    <tag k="lanes" v="2"/>
    <tag k="maxspeed" v="50 mph"/>
    <tag k="name" v="Blue Boar Flyover"/>
    <tag k="oneway" v="yes"/>
    <tag k="ref" v="A4071"/>
    <tag k="surface" v="asphalt"/>
  </way>
  <way id="30053504" version="18" timestamp="2024-10-24T20:33:07Z" changeset="158312858" uid="5229644" user="Nathan_A_RF">
    <nd ref="331442"/>
    <nd ref="1478952173"/>
    <nd ref="5764386152"/>
    <nd ref="331443"/>
    <nd ref="1244800774"/>
    <tag k="highway" v="motorway"/>
    <tag k="lanes" v="2"/>
    <tag k="maxspeed" v="70 mph"/>
    <tag k="maxspeed:type" v="GB:motorway"/>
    <tag k="national_highways:area" v="7"/>
    <tag k="oneway" v="yes"/>
    <tag k="operator" v="National Highways"/>
    <tag k="operator:wikidata" v="Q5760006"/>
    <tag k="ref" v="M45"/>
    <tag k="surface" v="asphalt"/>
  </way>
  <way id="30053508" version="16" timestamp="2024-10-24T20:33:07Z" changeset="158312858" uid="5229644" user="Nathan_A_RF">
    <nd ref="331439"/>
    <nd ref="331025104"/>
    <tag k="bridge" v="yes"/>
    <tag k="highway" v="motorway"/>
    <tag k="lanes" v="2"/>
    <tag k="layer" v="1"/>
    <tag k="lit" v="no"/>
    <tag k="maxspeed" v="70 mph"/>
    <tag k="maxspeed:type" v="GB:motorway"/>
    <tag k="national_highways:area" v="7"/>
    <tag k="oneway" v="yes"/>
    <tag k="operator" v="National Highways"/>
    <tag k="operator:wikidata" v="Q5760006"/>
    <tag k="ref" v="M45"/>
    <tag k="surface" v="asphalt"/>
  </way>
  <way id="30053509" version="19" timestamp="2024-10-24T20:33:07Z" changeset="158312858" uid="5229644" user="Nathan_A_RF">
    <nd ref="331025104"/>
    <nd ref="331666"/>
    <nd ref="12286171842"/>
    <nd ref="5764386148"/>
    <nd ref="1614180826"/>
    <nd ref="1614180832"/>
    <nd ref="1478952142"/>
    <nd ref="331446"/>
    <nd ref="1478952169"/>
    <nd ref="331447"/>
    <nd ref="278782030"/>
    <tag k="highway" v="motorway"/>
    <tag k="lanes" v="2"/>
    <tag k="lit" v="no"/>
    <tag k="maxheight" v="default"/>
    <tag k="maxspeed" v="70 mph"/>
    <tag k="maxspeed:type" v="GB:motorway"/>
    <tag k="national_highways:area" v="7"/>
    <tag k="oneway" v="yes"/>
    <tag k="operator" v="National Highways"/>
    <tag k="operator:wikidata" v="Q5760006"/>
    <tag k="ref" v="M45"/>
    <tag k="surface" v="asphalt"/>
  </way>
  <way id="30053511" version="14" timestamp="2024-10-24T20:33:07Z" changeset="158312858" uid="5229644" user="Nathan_A_RF">
    <nd ref="331025079"/>
    <nd ref="331442"/>
    <tag k="bridge" v="yes"/>
    <tag k="highway" v="motorway"/>
    <tag k="lanes" v="2"/>
    <tag k="layer" v="1"/>
    <tag k="lit" v="no"/>
    <tag k="maxspeed" v="70 mph"/>
    <tag k="maxspeed:type" v="GB:motorway"/>
    <tag k="national_highways:area" v="7"/>
    <tag k="oneway" v="yes"/>
    <tag k="operator" v="National Highways"/>
    <tag k="operator:wikidata" v="Q5760006"/>
    <tag k="ref" v="M45"/>
    <tag k="surface" v="asphalt"/>
  </way>
  <way id="30076518" version="6" timestamp="2023-05-10T21:56:38Z" changeset="135953514" uid="5229644" user="Nathan_A_RF">
    <nd ref="1481420580"/>
    <nd ref="1481420594"/>
    <nd ref="10885225635"/>
    <nd ref="331275364"/>
    <tag k="highway" v="tertiary"/>
    <tag k="lanes" v="1"/>
    <tag k="name" v="Lawford Heath Lane"/>
    <tag k="oneway" v="yes"/>
  </way>
  <way id="33531891" version="24" timestamp="2024-10-24T20:33:07Z" changeset="158312858" uid="5229644" user="Nathan_A_RF">
    <nd ref="331415"/>
    <nd ref="11973695276"/>
    <nd ref="2489971738"/>
    <nd ref="1244800563"/>
    <nd ref="331419"/>
    <nd ref="2747462106"/>
    <nd ref="1244800788"/>
    <nd ref="2747462086"/>
    <nd ref="331420"/>
    <nd ref="2747462077"/>
    <nd ref="1244800496"/>
    <nd ref="331421"/>
    <nd ref="1244800758"/>
    <nd ref="1244800494"/>
    <nd ref="331425"/>
    <nd ref="1244800515"/>
    <nd ref="331426"/>
    <nd ref="1244800644"/>
    <nd ref="331427"/>
    <nd ref="1244800773"/>
    <nd ref="331431"/>
    <nd ref="1244800745"/>
    <nd ref="1244800725"/>
    <nd ref="331433"/>
    <nd ref="1244800807"/>
    <nd ref="331435"/>
    <nd ref="1244800624"/>
    <nd ref="1244800676"/>
    <nd ref="331437"/>
    <nd ref="1244800687"/>
    <nd ref="1614180819"/>
    <nd ref="5764386151"/>
    <nd ref="1509691794"/>
    <nd ref="331439"/>
    <tag k="highway" v="motorway"/>
    <tag k="lanes" v="2"/>
    <tag k="lit" v="no"/>
    <tag k="maxspeed" v="70 mph"/>
    <tag k="maxspeed:type" v="GB:motorway"/>
    <tag k="national_highways:area" v="7"/>
    <tag k="oneway" v="yes"/>
    <tag k="operator" v="National Highways"/>
    <tag k="operator:wikidata" v="Q5760006"/>
    <tag k="ref" v="M45"/>
    <tag k="surface" v="asphalt"/>
  </way>
  <way id="42881168" version="13" timestamp="2022-11-23T22:47:44Z" changeset="129300028" uid="705850" user="Cebderby">
    <nd ref="331502"/>
    <nd ref="762202046"/>
    <nd ref="762202055"/>
    <nd ref="10213088653"/>
    <nd ref="536801466"/>
    <nd ref="2307181036"/>
    <nd ref="536801467"/>
    <nd ref="762202261"/>
    <nd ref="278294830"/>
    <tag k="highway" v="residential"/>
    <tag k="lit" v="yes"/>
    <tag k="maxspeed" v="30 mph"/>
    <tag k="maxspeed:type" v="sign"/>
    <tag k="name" v="Bilton Lane"/>
    <tag k="oneway" v="yes"/>
    <tag k="surface" v="asphalt"/>
  </way>
  <way id="42926609" version="5" timestamp="2019-01-18T20:11:06Z" changeset="66438630" uid="9065" user="brianboru">
    <nd ref="13783563"/>
    <nd ref="6219370167"/>
    <nd ref="762202076"/>
    <nd ref="537638491"/>
    <nd ref="537638496"/>
    <nd ref="3269142705"/>
    <nd ref="537638499"/>
    <nd ref="537638502"/>
    <nd ref="537638505"/>
    <nd ref="3269142679"/>
    <nd ref="537638507"/>
    <nd ref="537638509"/>
    <nd ref="539909017"/>
    <nd ref="537638510"/>
    <tag k="highway" v="residential"/>
    <tag k="name" v="Waring Way"/>
  </way>
  <way id="42926658" version="1" timestamp="2009-10-21T11:42:04Z" changeset="2910860" uid="5049" user="gistutor">
    <nd ref="537638510"/>
    <nd ref="537639132"/>
    <tag k="highway" v="residential"/>
    <tag k="name" v="Vicarage Lane segment"/>
  </way>
  <way id="42926983" version="4" timestamp="2015-01-04T16:38:43Z" changeset="27913900" uid="9065" user="brianboru">
    <nd ref="537639132"/>
    <nd ref="2234975495"/>
    <nd ref="537642850"/>
    <nd ref="1772440810"/>
    <nd ref="3269136357"/>
    <nd ref="537642849"/>
    <tag k="highway" v="residential"/>
    <tag k="name" v="Vicarage Lane"/>
  </way>
  <way id="42927002" version="6" timestamp="2013-02-21T17:27:24Z" changeset="15114586" uid="5049" user="gistutor">
    <nd ref="537638510"/>
    <nd ref="1772440813"/>
    <nd ref="537643764"/>
    <nd ref="739454785"/>
    <nd ref="2165643567"/>
    <nd ref="1215072836"/>
    <tag k="highway" v="residential"/>
    <tag k="name" v="Homefield Lane"/>
  </way>
  <way id="42927049" version="7" timestamp="2015-11-07T17:43:33Z" changeset="35154389" uid="608760" user="gregrs">
    <nd ref="13781988"/>
    <nd ref="875596029"/>
    <nd ref="3269142726"/>
    <nd ref="1782551575"/>
    <nd ref="539909015"/>
    <nd ref="1772440823"/>
    <nd ref="3269142696"/>
    <nd ref="3269142693"/>
    <nd ref="331499"/>
    <tag k="highway" v="tertiary"/>
    <tag k="maxspeed" v="30 mph"/>
    <tag k="name" v="Cawston Lane"/>
  </way>
  <way id="42941606" version="4" timestamp="2020-08-31T14:55:01Z" changeset="90198506" uid="6274199" user="gnesss">
    <nd ref="537957622"/>
    <nd ref="537957623"/>
    <tag k="highway" v="residential"/>
    <tag k="name" v="Done Cerce Close"/>
    <tag k="surface" v="asphalt"/>
  </way>
  <way id="42941607" version="4" timestamp="2020-08-31T14:55:01Z" changeset="90198506" uid="6274199" user="gnesss">
    <nd ref="537957623"/>
    <nd ref="1365166962"/>
    <nd ref="1365166963"/>
    <nd ref="537957621"/>
    <tag k="foot" v="designated"/>
    <tag k="highway" v="residential"/>
    <tag k="name" v="Done Cerce Close"/>
    <tag k="prow_ref" v="R174a"/>
    <tag k="surface" v="asphalt"/>
  </way>
  <way id="42941754" version="6" timestamp="2015-01-04T16:38:42Z" changeset="27913900" uid="9065" user="brianboru">
    <nd ref="537958333"/>
    <nd ref="539056692"/>
    <nd ref="537958334"/>
    <nd ref="537958335"/>
    <nd ref="537958323"/>
    <nd ref="537958324"/>
    <nd ref="1659101959"/>
    <nd ref="537958326"/>
    <nd ref="537958327"/>
    <nd ref="537958329"/>
    <nd ref="537958331"/>
    <nd ref="2234975499"/>
    <nd ref="2234975488"/>
    <tag k="highway" v="residential"/>
    <tag k="name" v="School Street"/>
    <tag k="source" v="Warwicks CC Aerial Imagery 2013"/>
  </way>
  <way id="42941755" version="2" timestamp="2009-10-21T17:44:10Z" changeset="2914154" uid="185805" user="Jon Iles">
    <nd ref="537958332"/>
    <nd ref="537958324"/>
    <tag k="highway" v="unclassified"/>
  </way>
  <way id="42946611" version="18" timestamp="2024-08-16T23:20:36Z" changeset="155347442" uid="5589" user="user_5589">
    <nd ref="538005348"/>
    <nd ref="538005350"/>
    <nd ref="6145432497"/>
    <nd ref="538005351"/>
    <nd ref="6208501564"/>
    <nd ref="538005352"/>
    <nd ref="6208501565"/>
    <nd ref="6208501567"/>
    <nd ref="538007155"/>
    <nd ref="6208501566"/>
    <nd ref="538007154"/>
    <nd ref="2495065271"/>
    <nd ref="538005346"/>
    <nd ref="2495065255"/>
    <nd ref="538005347"/>
    <nd ref="2495065249"/>
    <nd ref="538014848"/>
    <nd ref="538005338"/>
    <nd ref="538005333"/>
    <nd ref="2498122797"/>
    <nd ref="538005334"/>
    <nd ref="2498122793"/>
    <nd ref="538005335"/>
    <nd ref="2498122790"/>
    <nd ref="2498122787"/>
    <nd ref="538005336"/>
    <nd ref="2498122785"/>
    <nd ref="538005339"/>
    <nd ref="6208445924"/>
    <nd ref="538005340"/>
    <nd ref="5896997514"/>
    <nd ref="5896997515"/>
    <nd ref="6208445923"/>
    <nd ref="538005341"/>
    <nd ref="538005342"/>
    <nd ref="5896997516"/>
    <nd ref="538005343"/>
    <tag k="cycleway:both" v="no"/>
    <tag k="highway" v="residential"/>
    <tag k="lanes" v="2"/>
    <tag k="maxspeed" v="30 mph"/>
    <tag k="name" v="Sandford Way"/>
    <tag k="sidewalk" v="both"/>
    <tag k="surface" v="asphalt"/>
  </way>
  <way id="42946701" version="5" timestamp="2019-01-14T18:39:32Z" changeset="66310838" uid="9065" user="brianboru">
    <nd ref="538007155"/>
    <nd ref="538007156"/>
    <nd ref="6208501568"/>
    <nd ref="6208501570"/>
    <nd ref="538007157"/>
    <tag k="highway" v="residential"/>
    <tag k="name" v="New Combe Close"/>
  </way>
  <way id="42948194" version="3" timestamp="2019-01-18T19:59:04Z" changeset="66438403" uid="9065" user="brianboru">
    <nd ref="538005333"/>
    <nd ref="6219350169"/>
    <nd ref="538013970"/>
    <tag k="highway" v="residential"/>
    <tag k="name" v="Hazelwood Close"/>
  </way>
  <way id="42948195" version="4" timestamp="2019-01-18T19:59:04Z" changeset="66438403" uid="9065" user="brianboru">
    <nd ref="538005346"/>
    <nd ref="2495065273"/>
    <nd ref="538013983"/>
    <nd ref="2495065283"/>
    <nd ref="538013980"/>
    <nd ref="6219349867"/>
    <nd ref="2495065276"/>
    <nd ref="6219349869"/>
    <nd ref="538013982"/>
    <tag k="highway" v="residential"/>
    <tag k="name" v="Dew Close"/>
    <tag k="surface" v="asphalt"/>
  </way>
  <way id="42948248" version="3" timestamp="2019-01-18T19:59:05Z" changeset="66438403" uid="9065" user="brianboru">
    <nd ref="538014848"/>
    <nd ref="6219350127"/>
    <nd ref="6219350126"/>
    <nd ref="538014845"/>
    <tag k="highway" v="residential"/>
    <tag k="name" v="Medhurst Close"/>
    <tag k="surface" v="asphalt"/>
  </way>
  <way id="42948249" version="2" timestamp="2018-12-18T15:19:56Z" changeset="65583771" uid="9065" user="brianboru">
    <nd ref="538005347"/>
    <nd ref="6145432549"/>
    <nd ref="6145432548"/>
    <nd ref="538014850"/>
    <nd ref="6145432551"/>
    <nd ref="538014853"/>
    <tag k="highway" v="residential"/>
    <tag k="name" v="Mill Farm Close"/>
    <tag k="surface" v="asphalt"/>
  </way>
  <way id="42948395" version="4" timestamp="2019-01-18T20:11:06Z" changeset="66438630" uid="9065" user="brianboru">
    <nd ref="538013980"/>
    <nd ref="2495065293"/>
    <nd ref="2495065295"/>
    <nd ref="538013978"/>
    <nd ref="2495065314"/>
    <nd ref="2495065316"/>
    <nd ref="538013971"/>
    <nd ref="2495065308"/>
    <nd ref="2495065291"/>
    <nd ref="6219369936"/>
    <nd ref="875596176"/>
    <nd ref="2495065280"/>
    <nd ref="538013973"/>
    <nd ref="2495065270"/>
    <nd ref="538013975"/>
    <tag k="highway" v="residential"/>
    <tag k="name" v="Brook View"/>
    <tag k="surface" v="asphalt"/>
  </way>
  <way id="43029920" version="2" timestamp="2015-01-04T16:38:43Z" changeset="27913900" uid="9065" user="brianboru">
    <nd ref="539056690"/>
    <nd ref="539056692"/>
    <tag k="highway" v="unclassified"/>
    <tag k="source" v="Warwicks CC Aerial Imagery 2013"/>
  </way>
  <way id="43093842" version="4" timestamp="2023-12-27T13:50:12Z" changeset="145576053" uid="11360996" user="ADAC Kartographie">
    <nd ref="539909017"/>
    <nd ref="539909004"/>
    <tag k="highway" v="residential"/>
    <tag k="name" v="Critchley Drive"/>
    <tag k="surface" v="asphalt"/>
  </way>
  <way id="43093843" version="3" timestamp="2018-12-18T15:19:56Z" changeset="65583771" uid="9065" user="brianboru">
    <nd ref="13783559"/>
    <nd ref="3269142643"/>
    <nd ref="3269142639"/>
    <nd ref="539909009"/>
    <tag k="highway" v="residential"/>
    <tag k="name" v="Ferrieres Close"/>
    <tag k="surface" v="asphalt"/>
  </way>
  <way id="43093844" version="3" timestamp="2019-01-14T18:39:32Z" changeset="66310838" uid="9065" user="brianboru">
    <nd ref="539909010"/>
    <nd ref="1782541017"/>
    <nd ref="1782541016"/>
    <nd ref="539909011"/>
    <nd ref="1782541015"/>
    <nd ref="6208502060"/>
    <nd ref="539909012"/>
    <tag k="highway" v="residential"/>
    <tag k="name" v="Dunsmore Heath"/>
    <tag k="surface" v="asphalt"/>
  </way>
  <way id="43093846" version="4" timestamp="2015-01-04T16:38:42Z" changeset="27913900" uid="9065" user="brianboru">
    <nd ref="539909011"/>
    <nd ref="1782541018"/>
    <nd ref="3269142592"/>
    <nd ref="3269142594"/>
    <nd ref="539909002"/>
    <tag k="highway" v="residential"/>
    <tag k="name" v="Dunsmore Heath"/>
    <tag k="surface" v="asphalt"/>
  </way>
  <way id="48867550" version="6" timestamp="2020-08-31T14:55:01Z" changeset="90198506" uid="6274199" user="gnesss">
    <nd ref="620046065"/>
    <nd ref="4316044962"/>
    <nd ref="620046066"/>
    <nd ref="620046067"/>
    <nd ref="620046068"/>
    <nd ref="620046069"/>
    <tag k="designation" v="public_footpath"/>
    <tag k="foot" v="designated"/>
    <tag k="highway" v="residential"/>
    <tag k="name" v="Lime Tree Avenue"/>
    <tag k="prow_ref" v="R167"/>
    <tag k="source" v="survey"/>
    <tag k="source:geometry" v="Warwickshire CC Aerial Imagery 2013"/>
  </way>
  <way id="50154657" version="5" timestamp="2020-08-10T13:33:08Z" changeset="89202406" uid="6274199" user="gnesss">
    <nd ref="637554564"/>
    <nd ref="2625002632"/>
    <nd ref="2625002628"/>
    <nd ref="637554569"/>
    <nd ref="637577164"/>
    <nd ref="7801151178"/>
    <nd ref="13783579"/>
    <tag k="highway" v="residential"/>
    <tag k="name" v="Bilton Fields Farm Lane"/>
  </way>
  <way id="50308192" version="12" timestamp="2020-10-12T10:23:43Z" changeset="92345885" uid="10126647" user="ansukess">
    <nd ref="25881111"/>
    <nd ref="7376293624"/>
    <nd ref="639172735"/>
    <nd ref="7159595695"/>
    <nd ref="639172736"/>
    <nd ref="7862114068"/>
    <nd ref="2234988073"/>
    <nd ref="762201973"/>
    <nd ref="6336907468"/>
    <nd ref="2495065086"/>
    <nd ref="7999643506"/>
    <nd ref="639172737"/>
    <nd ref="2495065080"/>
    <nd ref="762201975"/>
    <tag k="highway" v="unclassified"/>
    <tag k="name" v="Toft Lane"/>
  </way>
  <way id="59611479" version="8" timestamp="2024-08-16T23:20:47Z" changeset="155347442" uid="5589" user="user_5589">
    <nd ref="6616892082"/>
    <nd ref="6616892081"/>
    <nd ref="6616892080"/>
    <nd ref="7862114042"/>
    <nd ref="739454370"/>
    <nd ref="9811056923"/>
    <tag k="access" v="destination"/>
    <tag k="highway" v="residential"/>
    <tag k="maxspeed" v="30 mph"/>
    <tag k="name" v="Dunchurch Hall"/>
  </way>
  <way id="59611487" version="5" timestamp="2024-08-16T23:20:44Z" changeset="155347442" uid="5589" user="user_5589">
    <nd ref="739454425"/>
    <nd ref="6208446316"/>
    <nd ref="6208446314"/>
    <nd ref="739454438"/>
    <nd ref="739454450"/>
    <nd ref="6208446315"/>
    <nd ref="8962777517"/>
    <nd ref="739454459"/>
    <nd ref="739454465"/>
    <nd ref="30931204"/>
    <tag k="highway" v="residential"/>
    <tag k="maxspeed" v="30 mph"/>
    <tag k="name" v="The Hall Close"/>
  </way>
  <way id="59611488" version="2" timestamp="2019-01-14T18:17:42Z" changeset="66310263" uid="9065" user="brianboru">
    <nd ref="739454497"/>
    <nd ref="6208446098"/>
    <nd ref="739454465"/>
    <tag k="highway" v="residential"/>
  </way>
  <way id="60357034" version="9" timestamp="2022-02-16T11:40:22Z" changeset="117472834" uid="11043386" user="Paul_Grosvenor">
    <nd ref="750913478"/>
    <nd ref="7661179716"/>
    <nd ref="2349730198"/>
    <nd ref="750913431"/>
    <tag k="highway" v="primary"/>
    <tag k="lit" v="yes"/>
    <tag k="maxspeed" v="40 mph"/>
    <tag k="oneway" v="yes"/>
    <tag k="surface" v="asphalt"/>
  </way>
  <way id="60357036" version="12" timestamp="2022-02-16T11:40:22Z" changeset="117472834" uid="11043386" user="Paul_Grosvenor">
    <nd ref="278294835"/>
    <nd ref="7661179710"/>
    <nd ref="7661179709"/>
    <nd ref="7687792242"/>
    <tag k="highway" v="primary"/>
    <tag k="lanes" v="2"/>
    <tag k="maxspeed" v="30 mph"/>
    <tag k="name" v="Rugby Road"/>
    <tag k="ref" v="A426"/>
    <tag k="surface" v="asphalt"/>
  </way>
  <way id="60899995" version="5" timestamp="2024-08-16T23:20:29Z" changeset="155347442" uid="5589" user="user_5589">
    <nd ref="762201953"/>
    <nd ref="1782549452"/>
    <nd ref="762201956"/>
    <nd ref="762201958"/>
    <nd ref="762201961"/>
    <nd ref="762201965"/>
    <nd ref="3269142690"/>
    <nd ref="3269142693"/>
    <tag k="highway" v="residential"/>
    <tag k="maxspeed" v="30 mph"/>
    <tag k="name" v="The Heath"/>
  </way>
  <way id="60900016" version="5" timestamp="2020-08-17T11:34:22Z" changeset="89511286" uid="11662436" user="Poisonadder1">
    <nd ref="762201989"/>
    <nd ref="762201991"/>
    <nd ref="762201992"/>
    <nd ref="762201994"/>
    <nd ref="762201996"/>
    <nd ref="278294828"/>
    <tag k="highway" v="residential"/>
    <tag k="lit" v="yes"/>
    <tag k="maxspeed:type" v="GB:nsl_restricted"/>
    <tag k="name" v="Barnwell Close"/>
    <tag k="surface" v="asphalt"/>
  </way>
  <way id="60900023" version="6" timestamp="2020-08-17T10:26:20Z" changeset="89511286" uid="11662436" user="Poisonadder1">
    <nd ref="762202002"/>
    <nd ref="762202004"/>
    <nd ref="762202005"/>
    <nd ref="762202007"/>
    <nd ref="762202009"/>
    <nd ref="1772440827"/>
    <nd ref="762202010"/>
    <nd ref="6491705832"/>
    <nd ref="681548104"/>
    <tag k="highway" v="residential"/>
    <tag k="lit" v="yes"/>
    <tag k="maxspeed:type" v="GB:nsl_restricted"/>
    <tag k="name" v="Weston Close"/>
    <tag k="surface" v="asphalt"/>
  </way>
  <way id="60900029" version="6" timestamp="2020-08-17T10:26:22Z" changeset="89511286" uid="11662436" user="Poisonadder1">
    <nd ref="536801466"/>
    <nd ref="681548104"/>
    <nd ref="681548109"/>
    <nd ref="762202113"/>
    <nd ref="762202173"/>
    <nd ref="681548113"/>
    <tag k="highway" v="residential"/>
    <tag k="lit" v="yes"/>
    <tag k="maxspeed:type" v="GB:nsl_restricted"/>
    <tag k="name" v="Bilton Lane"/>
    <tag k="surface" v="asphalt"/>
  </way>
  <way id="60900032" version="1" timestamp="2010-06-02T13:18:55Z" changeset="4883957" uid="112997" user="sobbomapper">
    <nd ref="762202025"/>
    <nd ref="762202027"/>
    <tag k="highway" v="residential"/>
    <tag k="name" v="Cox Crescent"/>
  </way>
  <way id="60900041" version="8" timestamp="2020-08-17T10:47:55Z" changeset="89511286" uid="11662436" user="Poisonadder1">
    <nd ref="762202031"/>
    <nd ref="6225499201"/>
    <nd ref="762202032"/>
    <nd ref="762202034"/>
    <nd ref="762202036"/>
    <nd ref="762202039"/>
    <nd ref="762202041"/>
    <nd ref="762202043"/>
    <nd ref="762202046"/>
    <tag k="highway" v="residential"/>
    <tag k="lit" v="yes"/>
    <tag k="maxspeed:type" v="GB:nsl_restricted"/>
    <tag k="name" v="Edmondson Close"/>
    <tag k="surface" v="asphalt"/>
  </way>
  <way id="60900048" version="2" timestamp="2019-05-22T17:28:52Z" changeset="70523653" uid="9065" user="brianboru">
    <nd ref="762202055"/>
    <nd ref="762202057"/>
    <nd ref="6491705874"/>
    <nd ref="762202059"/>
    <nd ref="6491705873"/>
    <nd ref="762202060"/>
    <nd ref="762202062"/>
    <nd ref="762202063"/>
    <nd ref="6491705872"/>
    <nd ref="762202064"/>
    <nd ref="762202066"/>
    <tag k="highway" v="residential"/>
    <tag k="name" v="Russell Avenue"/>
  </way>
  <way id="60900051" version="2" timestamp="2010-08-23T10:15:47Z" changeset="5568981" uid="44659" user="Phil Shipley">
    <nd ref="762202069"/>
    <nd ref="762202060"/>
    <tag k="highway" v="residential"/>
    <tag k="name" v="Howard Close"/>
  </way>
  <way id="60900068" version="6" timestamp="2020-08-17T11:34:22Z" changeset="89511286" uid="11662436" user="Poisonadder1">
    <nd ref="762202096"/>
    <nd ref="6491705831"/>
    <nd ref="762202099"/>
    <nd ref="762202113"/>
    <tag k="highway" v="residential"/>
    <tag k="lit" v="yes"/>
    <tag k="maxspeed:type" v="GB:nsl_restricted"/>
    <tag k="name" v="Buccleuch Close"/>
    <tag k="surface" v="asphalt"/>
  </way>
  <way id="60900072" version="5" timestamp="2024-08-21T15:03:13Z" changeset="155563033" uid="5589" user="user_5589">
    <nd ref="681548131"/>
    <nd ref="2473623707"/>
    <nd ref="2473623700"/>
    <nd ref="278294830"/>
    <tag k="highway" v="tertiary"/>
    <tag k="name" v="Alwyn Road"/>
    <tag k="surface" v="asphalt"/>
  </way>
  <way id="60900122" version="5" timestamp="2010-08-23T10:00:18Z" changeset="5568981" uid="44659" user="Phil Shipley">
    <nd ref="762202209"/>
    <nd ref="762202211"/>
    <nd ref="875582529"/>
    <tag k="highway" v="residential"/>
    <tag k="name" v="Salemorton Court"/>
  </way>
  <way id="60900126" version="3" timestamp="2020-05-25T14:02:35Z" changeset="85720407" uid="9065" user="brianboru">
    <nd ref="762202247"/>
    <nd ref="7556390626"/>
    <nd ref="762202250"/>
    <nd ref="7556390625"/>
    <nd ref="762202253"/>
    <nd ref="7556390624"/>
    <nd ref="7556390622"/>
    <nd ref="762202255"/>
    <nd ref="7556390621"/>
    <nd ref="7556390623"/>
    <nd ref="762202214"/>
    <tag k="highway" v="residential"/>
    <tag k="name" v="Thurlaston Drive"/>
  </way>
  <way id="62469226" version="13" timestamp="2024-02-12T15:21:45Z" changeset="147371871" uid="13341565" user="Falsernet">
    <nd ref="1223224739"/>
    <nd ref="2505528429"/>
    <nd ref="2505528423"/>
    <nd ref="2505528421"/>
    <tag k="highway" v="trunk"/>
    <tag k="lanes" v="2"/>
    <tag k="maxspeed" v="40 mph"/>
    <tag k="name" v="Coventry Road"/>
    <tag k="old_ref" v="A427"/>
    <tag k="oneway" v="yes"/>
    <tag k="ref" v="A4071"/>
    <tag k="shoulder" v="no"/>
    <tag k="source:maxheight" v="Warwickshire OpenData"/>
  </way>
  <way id="62708872" version="2" timestamp="2020-06-28T17:04:44Z" changeset="87256014" uid="6274199" user="gnesss">
    <nd ref="739454823"/>
    <nd ref="739454832"/>
    <nd ref="7661179708"/>
    <tag k="highway" v="residential"/>
    <tag k="name" v="The Drive"/>
  </way>
  <way id="63510678" version="11" timestamp="2024-08-21T15:07:53Z" changeset="155563184" uid="5589" user="user_5589">
    <nd ref="786404168"/>
    <nd ref="1223224763"/>
    <nd ref="1330586932"/>
    <nd ref="786404169"/>
    <nd ref="786404245"/>
    <tag k="highway" v="trunk"/>
    <tag k="junction" v="roundabout"/>
    <tag k="lane_markings" v="no"/>
    <tag k="lanes" v="2"/>
    <tag k="maxspeed" v="40 mph"/>
    <tag k="oneway" v="yes"/>
    <tag k="ref" v="A4071"/>
  </way>
  <way id="65083106" version="13" timestamp="2022-10-20T10:46:59Z" changeset="127830987" uid="5589" user="user_5589">
    <nd ref="13782150"/>
    <nd ref="2607618937"/>
    <nd ref="13782173"/>
    <nd ref="13782149"/>
    <nd ref="13782174"/>
    <nd ref="13782054"/>
    <nd ref="13782175"/>
    <nd ref="2607618941"/>
    <nd ref="13782176"/>
    <nd ref="2607618947"/>
    <nd ref="13782177"/>
    <nd ref="7540015966"/>
    <nd ref="13782178"/>
    <nd ref="2607618966"/>
    <nd ref="13782180"/>
    <nd ref="13782179"/>
    <nd ref="13782328"/>
    <nd ref="13782330"/>
    <nd ref="13782331"/>
    <nd ref="2607618970"/>
    <nd ref="13782332"/>
    <tag k="highway" v="secondary"/>
    <tag k="maxspeed" v="40 mph"/>
    <tag k="name" v="Bilton Road"/>
    <tag k="ref" v="B4642"/>
    <tag k="surface" v="asphalt"/>
  </way>
  <way id="73993427" version="5" timestamp="2020-05-25T14:02:35Z" changeset="85720407" uid="9065" user="brianboru">
    <nd ref="762202255"/>
    <nd ref="3795930621"/>
    <nd ref="3795930619"/>
    <nd ref="875582680"/>
    <nd ref="3795930618"/>
    <nd ref="7556390505"/>
    <nd ref="875582287"/>
    <tag k="highway" v="residential"/>
    <tag k="name" v="Napton Court"/>
  </way>
  <way id="73993442" version="1" timestamp="2010-08-23T10:00:04Z" changeset="5568981" uid="44659" user="Phil Shipley">
    <nd ref="762202211"/>
    <nd ref="762202214"/>
    <tag k="highway" v="residential"/>
    <tag k="name" v="Salemorton Court"/>
  </way>
  <way id="73993488" version="3" timestamp="2015-10-20T20:07:38Z" changeset="34764618" uid="608760" user="gregrs">
    <nd ref="762202226"/>
    <nd ref="3795930623"/>
    <nd ref="875582583"/>
    <tag k="highway" v="residential"/>
    <tag k="name" v="Thurlaston Drive"/>
  </way>
  <way id="73993509" version="2" timestamp="2010-08-23T10:00:56Z" changeset="5568981" uid="44659" user="Phil Shipley">
    <nd ref="875582680"/>
    <nd ref="875582719"/>
    <tag k="highway" v="residential"/>
    <tag k="name" v="Compton Court"/>
  </way>
  <way id="73993570" version="2" timestamp="2020-05-25T14:02:35Z" changeset="85720407" uid="9065" user="brianboru">
    <nd ref="875583154"/>
    <nd ref="875582719"/>
    <nd ref="7556390735"/>
    <nd ref="7556390734"/>
    <nd ref="875583156"/>
    <nd ref="875583158"/>
    <tag k="highway" v="residential"/>
    <tag k="name" v="Compton Court"/>
  </way>
  <way id="73993790" version="2" timestamp="2015-10-20T20:07:38Z" changeset="34764618" uid="608760" user="gregrs">
    <nd ref="762202253"/>
    <nd ref="875584257"/>
    <nd ref="3795930622"/>
    <tag k="highway" v="residential"/>
    <tag k="name" v="Wolston Court"/>
  </way>
  <way id="73994192" version="2" timestamp="2015-10-20T18:33:55Z" changeset="34762515" uid="608760" user="gregrs">
    <nd ref="762202247"/>
    <nd ref="3795494771"/>
    <nd ref="3795494772"/>
    <nd ref="3795494773"/>
    <nd ref="875585851"/>
    <tag k="highway" v="residential"/>
    <tag k="name" v="Marton Court"/>
  </way>
  <way id="73996483" version="16" timestamp="2025-08-16T16:59:06Z" changeset="170532641" uid="5589" user="user_5589">
    <nd ref="875604487"/>
    <nd ref="538005343"/>
    <nd ref="30931198"/>
    <nd ref="6208446312"/>
    <nd ref="30931206"/>
    <nd ref="2165637052"/>
    <nd ref="30931204"/>
    <nd ref="3687368660"/>
    <nd ref="30931202"/>
    <nd ref="538005348"/>
    <nd ref="3269136324"/>
    <nd ref="30931199"/>
    <nd ref="1659101967"/>
    <nd ref="7550753568"/>
    <nd ref="3269136328"/>
    <nd ref="4326818775"/>
    <nd ref="537958333"/>
    <nd ref="6208502186"/>
    <nd ref="331494"/>
    <tag k="cycleway:both" v="no"/>
    <tag k="highway" v="primary"/>
    <tag k="lanes" v="2"/>
    <tag k="maxspeed" v="30 mph"/>
    <tag k="maxspeed:type" v="sign"/>
    <tag k="name" v="Southam Road"/>
    <tag k="ref" v="A426"/>
    <tag k="source" v="Warwicks CC Aerial Imagery 2013"/>
    <tag k="surface" v="asphalt"/>
  </way>
  <way id="73996634" version="14" timestamp="2024-08-16T23:21:01Z" changeset="155347442" uid="5589" user="user_5589">
    <nd ref="30931208"/>
    <nd ref="2509063612"/>
    <nd ref="25881108"/>
    <nd ref="25881109"/>
    <nd ref="1443453002"/>
    <tag k="cycleway:both" v="no"/>
    <tag k="highway" v="primary"/>
    <tag k="lanes" v="2"/>
    <tag k="maxspeed" v="50 mph"/>
    <tag k="name" v="Toft Hill"/>
    <tag k="ref" v="A426"/>
    <tag k="surface" v="asphalt"/>
  </way>
  <way id="75179611" version="1" timestamp="2010-08-29T23:51:54Z" changeset="5632004" uid="44659" user="Phil Shipley">
    <nd ref="887168377"/>
    <nd ref="887168382"/>
    <tag k="highway" v="residential"/>
    <tag k="name" v="Miller's Close"/>
  </way>
  <way id="79129102" version="9" timestamp="2025-01-08T16:30:27Z" changeset="161140243" uid="5229644" user="Nathan_A_RF">
    <nd ref="25881125"/>
    <nd ref="2173849303"/>
    <nd ref="25881126"/>
    <nd ref="331663"/>
    <nd ref="2021630577"/>
    <nd ref="2173849301"/>
    <nd ref="2173849297"/>
    <nd ref="2021630585"/>
    <tag k="highway" v="trunk"/>
    <tag k="junction" v="roundabout"/>
    <tag k="lanes" v="2"/>
    <tag k="maxspeed" v="60 mph"/>
    <tag k="maxspeed:type" v="GB:nsl_single"/>
    <tag k="name" v="Dunchurch Interchange"/>
    <tag k="oneway" v="yes"/>
    <tag k="surface" v="asphalt"/>
  </way>
  <way id="79129112" version="12" timestamp="2022-02-16T11:40:22Z" changeset="117472834" uid="11043386" user="Paul_Grosvenor">
    <nd ref="331499"/>
    <nd ref="13783561"/>
    <nd ref="3269142715"/>
    <nd ref="13783562"/>
    <nd ref="3269142722"/>
    <nd ref="3269142724"/>
    <nd ref="331500"/>
    <nd ref="13783563"/>
    <nd ref="6869623464"/>
    <nd ref="13783564"/>
    <nd ref="30931209"/>
    <nd ref="2296554803"/>
    <nd ref="6145487824"/>
    <nd ref="13783565"/>
    <nd ref="331502"/>
    <nd ref="2165656737"/>
    <nd ref="13783566"/>
    <nd ref="2165656735"/>
    <nd ref="6301771520"/>
    <nd ref="331503"/>
    <nd ref="750913694"/>
    <nd ref="6213536177"/>
    <nd ref="278294835"/>
    <tag k="highway" v="primary"/>
    <tag k="lanes" v="2"/>
    <tag k="maxspeed" v="30 mph"/>
    <tag k="name" v="Rugby Road"/>
    <tag k="ref" v="A426"/>
    <tag k="surface" v="asphalt"/>
  </way>
  <way id="79129116" version="7" timestamp="2020-05-23T07:39:45Z" changeset="85641984" uid="10219386" user="bathines">
    <nd ref="331494"/>
    <nd ref="6208502185"/>
    <nd ref="539056690"/>
    <nd ref="1782540981"/>
    <nd ref="1614180840"/>
    <nd ref="3269136351"/>
    <nd ref="537958332"/>
    <nd ref="1614180843"/>
    <nd ref="7550753584"/>
    <nd ref="1782549448"/>
    <nd ref="13781789"/>
    <tag k="highway" v="secondary"/>
    <tag k="name" v="Coventry Road"/>
    <tag k="source" v="Warwicks CC Aerial Imagery 2013"/>
  </way>
  <way id="79129117" version="9" timestamp="2025-01-08T16:30:27Z" changeset="161140243" uid="5229644" user="Nathan_A_RF">
    <nd ref="2021630585"/>
    <nd ref="25881116"/>
    <nd ref="25881119"/>
    <nd ref="331661"/>
    <nd ref="25881120"/>
    <nd ref="2021630593"/>
    <nd ref="25881114"/>
    <nd ref="2173849305"/>
    <nd ref="25881121"/>
    <tag k="highway" v="trunk"/>
    <tag k="junction" v="roundabout"/>
    <tag k="lanes" v="2"/>
    <tag k="maxspeed" v="60 mph"/>
    <tag k="maxspeed:type" v="GB:nsl_single"/>
    <tag k="name" v="Dunchurch Interchange"/>
    <tag k="oneway" v="yes"/>
    <tag k="surface" v="asphalt"/>
  </way>
  <way id="79129119" version="10" timestamp="2025-01-08T16:30:27Z" changeset="161140243" uid="5229644" user="Nathan_A_RF">
    <nd ref="331654"/>
    <nd ref="25881127"/>
    <nd ref="2021630596"/>
    <nd ref="25881124"/>
    <nd ref="25881125"/>
    <tag k="highway" v="trunk"/>
    <tag k="junction" v="roundabout"/>
    <tag k="lanes" v="2"/>
    <tag k="maxspeed" v="60 mph"/>
    <tag k="maxspeed:type" v="GB:nsl_single"/>
    <tag k="name" v="Dunchurch Interchange"/>
    <tag k="oneway" v="yes"/>
    <tag k="surface" v="asphalt"/>
  </way>
  <way id="79129126" version="5" timestamp="2016-07-23T21:30:04Z" changeset="40979865" uid="608760" user="gregrs">
    <nd ref="750913772"/>
    <nd ref="2349730205"/>
    <nd ref="2349730208"/>
    <nd ref="2349730212"/>
    <nd ref="2349730216"/>
    <nd ref="924561477"/>
    <tag k="highway" v="trunk"/>
    <tag k="lit" v="yes"/>
    <tag k="maxspeed" v="40 mph"/>
    <tag k="name" v="Dunchurch Road"/>
    <tag k="oneway" v="yes"/>
    <tag k="ref" v="A426"/>
  </way>
  <way id="79129127" version="9" timestamp="2023-05-10T21:49:53Z" changeset="135953394" uid="5229644" user="Nathan_A_RF">
    <nd ref="750913431"/>
    <nd ref="2349730199"/>
    <nd ref="7661179713"/>
    <nd ref="2169407812"/>
    <nd ref="283479139"/>
    <tag k="highway" v="primary"/>
    <tag k="lit" v="yes"/>
    <tag k="maxspeed" v="40 mph"/>
    <tag k="name" v="Dunchurch Road"/>
    <tag k="note" v="This is not actually a roundabout, but a gyratory"/>
    <tag k="oneway" v="yes"/>
    <tag k="ref" v="A426"/>
  </way>
  <way id="79129132" version="8" timestamp="2025-08-16T16:56:10Z" changeset="170532565" uid="5589" user="user_5589">
    <nd ref="13783575"/>
    <nd ref="2349730201"/>
    <nd ref="10885249413"/>
    <nd ref="750913815"/>
    <tag k="highway" v="secondary"/>
    <tag k="lanes" v="2"/>
    <tag k="lit" v="yes"/>
    <tag k="maxspeed" v="40 mph"/>
    <tag k="name" v="Ashlawn Road"/>
    <tag k="oneway" v="yes"/>
    <tag k="ref" v="B4429"/>
    <tag k="surface" v="asphalt"/>
  </way>
  <way id="79129133" version="6" timestamp="2025-04-07T17:01:44Z" changeset="164644420" uid="5589" user="user_5589">
    <nd ref="924561477"/>
    <nd ref="2349730214"/>
    <nd ref="2349730210"/>
    <nd ref="2349730207"/>
    <nd ref="13783574"/>
    <tag k="highway" v="trunk"/>
    <tag k="lanes" v="1"/>
    <tag k="lit" v="yes"/>
    <tag k="maxspeed" v="40 mph"/>
    <tag k="name" v="Dunchurch Road"/>
    <tag k="oneway" v="yes"/>
    <tag k="ref" v="A426"/>
  </way>
  <way id="86008707" version="10" timestamp="2025-10-05T13:51:00Z" changeset="172868618" uid="17128620" user="Pineajelly">
    <nd ref="1481420580"/>
    <nd ref="10885225634"/>
    <nd ref="1481420579"/>
    <tag k="highway" v="trunk"/>
    <tag k="lanes" v="2"/>
    <tag k="maxspeed" v="50 mph"/>
    <tag k="maxspeed:type" v="sign"/>
    <tag k="name" v="Rugby Road"/>
    <tag k="oneway" v="no"/>
    <tag k="ref" v="A4071"/>
    <tag k="shoulder" v="no"/>
  </way>
  <way id="86008709" version="11" timestamp="2025-10-05T13:51:00Z" changeset="172868618" uid="17128620" user="Pineajelly">
    <nd ref="1481420579"/>
    <nd ref="10885225632"/>
    <nd ref="1481420578"/>
    <nd ref="12484830055"/>
    <nd ref="2021634979"/>
    <nd ref="12484830056"/>
    <nd ref="1481420572"/>
    <tag k="expressway" v="yes"/>
    <tag k="highway" v="trunk_link"/>
    <tag k="lanes" v="1"/>
    <tag k="lit" v="yes"/>
    <tag k="maxspeed" v="50 mph"/>
    <tag k="maxspeed:type" v="sign"/>
    <tag k="name" v="Rugby Road"/>
    <tag k="oneway" v="yes"/>
    <tag k="ref" v="A4071"/>
    <tag k="source" v="Warwicks CC Aerial Imagery 2013"/>
  </way>
  <way id="86008791" version="7" timestamp="2023-05-10T21:49:53Z" changeset="135953394" uid="5229644" user="Nathan_A_RF">
    <nd ref="750913478"/>
    <nd ref="6491703953"/>
    <nd ref="750913786"/>
    <nd ref="10885249414"/>
    <nd ref="750913782"/>
    <nd ref="2349730200"/>
    <nd ref="283479139"/>
    <tag k="highway" v="trunk"/>
    <tag k="junction" v="circular"/>
    <tag k="lit" v="yes"/>
    <tag k="maxspeed" v="40 mph"/>
    <tag k="oneway" v="yes"/>
  </way>
  <way id="86008801" version="7" timestamp="2023-05-10T21:49:53Z" changeset="135953394" uid="5229644" user="Nathan_A_RF">
    <nd ref="13783574"/>
    <nd ref="10885249411"/>
    <nd ref="331509"/>
    <tag k="highway" v="trunk"/>
    <tag k="junction" v="circular"/>
    <tag k="lit" v="yes"/>
    <tag k="oneway" v="yes"/>
  </way>
  <way id="105504254" version="3" timestamp="2019-10-15T06:35:44Z" changeset="75699666" uid="10219385" user="ramsaivr">
    <nd ref="1215072836"/>
    <nd ref="739454790"/>
    <nd ref="739454795"/>
    <nd ref="739454799"/>
    <nd ref="6880639305"/>
    <nd ref="6557061223"/>
    <nd ref="739454807"/>
    <nd ref="6557061220"/>
    <nd ref="739454811"/>
    <nd ref="739454816"/>
    <nd ref="739454823"/>
    <tag k="access" v="private"/>
    <tag k="highway" v="residential"/>
    <tag k="name" v="Homefield Lane"/>
  </way>
  <way id="106282083" version="5" timestamp="2024-02-12T15:21:45Z" changeset="147371871" uid="13341565" user="Falsernet">
    <nd ref="153422307"/>
    <nd ref="153422308"/>
    <nd ref="1223224732"/>
    <tag k="highway" v="secondary"/>
    <tag k="maxspeed" v="40 mph"/>
    <tag k="name" v="Coventry Road"/>
    <tag k="oneway" v="yes"/>
    <tag k="ref" v="B4642"/>
    <tag k="surface" v="asphalt"/>
  </way>
  <way id="106282918" version="13" timestamp="2025-10-05T13:51:00Z" changeset="172868618" uid="17128620" user="Pineajelly">
    <nd ref="786404168"/>
    <nd ref="2505528476"/>
    <nd ref="11613747178"/>
    <nd ref="2505528478"/>
    <tag k="highway" v="trunk"/>
    <tag k="lanes" v="1"/>
    <tag k="maxspeed" v="50 mph"/>
    <tag k="name" v="Western Relief Road"/>
    <tag k="oneway" v="yes"/>
    <tag k="ref" v="A4071"/>
  </way>
  <way id="108513607" version="18" timestamp="2024-10-24T20:33:07Z" changeset="158312858" uid="5229644" user="Nathan_A_RF">
    <nd ref="1244800774"/>
    <nd ref="331444"/>
    <nd ref="1244800541"/>
    <nd ref="331436"/>
    <nd ref="1244800522"/>
    <nd ref="1478952150"/>
    <nd ref="331434"/>
    <nd ref="1244800696"/>
    <nd ref="331432"/>
    <nd ref="1244800723"/>
    <nd ref="1244800536"/>
    <nd ref="1244800742"/>
    <nd ref="331428"/>
    <nd ref="1244800822"/>
    <nd ref="331429"/>
    <nd ref="1244800599"/>
    <nd ref="331430"/>
    <nd ref="1244800810"/>
    <nd ref="1244800728"/>
    <nd ref="331422"/>
    <nd ref="1244800617"/>
    <nd ref="1244800539"/>
    <nd ref="2747462097"/>
    <nd ref="331423"/>
    <nd ref="1244800796"/>
    <nd ref="1244800568"/>
    <nd ref="1244800558"/>
    <nd ref="331424"/>
    <nd ref="1244800734"/>
    <nd ref="1244800547"/>
    <nd ref="11973695277"/>
    <nd ref="331416"/>
    <tag k="highway" v="motorway"/>
    <tag k="lanes" v="2"/>
    <tag k="lit" v="no"/>
    <tag k="maxspeed" v="70 mph"/>
    <tag k="maxspeed:type" v="GB:motorway"/>
    <tag k="national_highways:area" v="7"/>
    <tag k="oneway" v="yes"/>
    <tag k="operator" v="National Highways"/>
    <tag k="operator:wikidata" v="Q5760006"/>
    <tag k="ref" v="M45"/>
    <tag k="surface" v="asphalt"/>
  </way>
  <way id="123111343" version="1" timestamp="2011-07-25T16:25:39Z" changeset="8827671" uid="112997" user="sobbomapper">
    <nd ref="1373925333"/>
    <nd ref="1373925316"/>
    <nd ref="1373925326"/>
    <nd ref="1373925344"/>
    <nd ref="1373925313"/>
    <tag k="highway" v="residential"/>
  </way>
  <way id="123111344" version="1" timestamp="2011-07-25T16:25:39Z" changeset="8827671" uid="112997" user="sobbomapper">
    <nd ref="1373925336"/>
    <nd ref="1373925351"/>
    <tag k="designation" v="unadopted"/>
    <tag k="highway" v="residential"/>
    <tag k="name" v="Rye Close"/>
    <tag k="source" v="survey"/>
  </way>
  <way id="123111346" version="2" timestamp="2019-07-08T20:01:39Z" changeset="72028529" uid="9065" user="brianboru">
    <nd ref="1373925338"/>
    <nd ref="1373925330"/>
    <nd ref="1373925369"/>
    <nd ref="1373925331"/>
    <nd ref="1373925338"/>
    <tag k="building" v="yes"/>
    <tag k="name" v="Almshouses"/>
    <tag k="source" v="survey"/>
    <tag k="wikidata" v="Q26286497"/>
  </way>
  <way id="123111347" version="1" timestamp="2011-07-25T16:25:39Z" changeset="8827671" uid="112997" user="sobbomapper">
    <nd ref="1373925347"/>
    <nd ref="1373925334"/>
    <tag k="designation" v="Unadopted"/>
    <tag k="highway" v="residential"/>
    <tag k="name" v="Terry John Close"/>
    <tag k="source" v="survey"/>
  </way>
  <way id="123111348" version="1" timestamp="2011-07-25T16:25:40Z" changeset="8827671" uid="112997" user="sobbomapper">
    <nd ref="1373925315"/>
    <nd ref="1373925313"/>
    <nd ref="1373925317"/>
    <nd ref="1373925332"/>
    <nd ref="1373925312"/>
    <nd ref="1373925373"/>
    <tag k="highway" v="residential"/>
    <tag k="source" v="survey"/>
  </way>
  <way id="123111349" version="2" timestamp="2025-04-07T17:04:29Z" changeset="164639978" uid="5589" user="user_5589">
    <nd ref="1373925349"/>
    <nd ref="1373925315"/>
    <tag k="highway" v="residential"/>
    <tag k="name" v="Almshouses"/>
    <tag k="source" v="survey"/>
    <tag k="surface" v="asphalt"/>
  </way>
  <way id="123111350" version="2" timestamp="2014-06-05T09:29:36Z" changeset="22751755" uid="20007" user="Julian Gibson">
    <nd ref="539909003"/>
    <nd ref="1373925360"/>
    <nd ref="1373925365"/>
    <nd ref="1373925340"/>
    <nd ref="1373925362"/>
    <nd ref="1373925349"/>
    <tag k="highway" v="residential"/>
    <tag k="oneway" v="yes"/>
    <tag k="source" v="survey"/>
  </way>
  <way id="123111351" version="1" timestamp="2011-07-25T16:25:40Z" changeset="8827671" uid="112997" user="sobbomapper">
    <nd ref="1373925332"/>
    <nd ref="1373925314"/>
    <nd ref="1373925333"/>
    <nd ref="1373925345"/>
    <nd ref="1373925358"/>
    <nd ref="1373925324"/>
    <tag k="highway" v="residential"/>
  </way>
  <way id="123111572" version="2" timestamp="2020-08-17T16:20:21Z" changeset="89528613" uid="11662436" user="Poisonadder1">
    <nd ref="13781974"/>
    <nd ref="1373928682"/>
    <tag k="access" v="private"/>
    <tag k="highway" v="residential"/>
    <tag k="layer" v="-1"/>
    <tag k="name" v="Winchester Court"/>
    <tag k="source" v="survey"/>
  </way>
  <way id="123112067" version="4" timestamp="2018-12-18T15:58:08Z" changeset="65584792" uid="9065" user="brianboru">
    <nd ref="1373935062"/>
    <nd ref="1373937347"/>
    <nd ref="6145486778"/>
    <nd ref="6145486777"/>
    <nd ref="6145486780"/>
    <nd ref="6145486776"/>
    <tag k="access" v="private"/>
    <tag k="highway" v="residential"/>
    <tag k="name" v="Guy's Common"/>
    <tag k="source" v="survey"/>
  </way>
  <way id="123112401" version="5" timestamp="2024-08-16T23:20:26Z" changeset="155347442" uid="5589" user="user_5589">
    <nd ref="13781978"/>
    <nd ref="3269142721"/>
    <nd ref="13781979"/>
    <nd ref="3269142730"/>
    <nd ref="3269142732"/>
    <nd ref="13781980"/>
    <nd ref="3269142734"/>
    <nd ref="13781982"/>
    <tag k="highway" v="residential"/>
    <tag k="maxspeed" v="20 mph"/>
    <tag k="name" v="Adkinson Avenue"/>
    <tag k="surface" v="asphalt"/>
  </way>
  <way id="123112402" version="5" timestamp="2024-08-16T23:20:21Z" changeset="155347442" uid="5589" user="user_5589">
    <nd ref="13781789"/>
    <nd ref="13781969"/>
    <nd ref="13781973"/>
    <nd ref="13781974"/>
    <nd ref="1373925336"/>
    <nd ref="13781971"/>
    <nd ref="1373925334"/>
    <nd ref="13781975"/>
    <nd ref="13781977"/>
    <nd ref="3269142704"/>
    <nd ref="3269142712"/>
    <nd ref="13781978"/>
    <nd ref="1373937350"/>
    <nd ref="1373937346"/>
    <nd ref="1373937348"/>
    <nd ref="3269142729"/>
    <nd ref="13781982"/>
    <nd ref="13781988"/>
    <tag k="highway" v="residential"/>
    <tag k="maxspeed" v="20 mph"/>
    <tag k="name" v="Adkinson Avenue"/>
  </way>
  <way id="130005834" version="3" timestamp="2024-08-21T15:03:15Z" changeset="155563033" uid="5589" user="user_5589">
    <nd ref="620796649"/>
    <nd ref="2473623705"/>
    <nd ref="2473623709"/>
    <nd ref="681548131"/>
    <nd ref="566198446"/>
    <tag k="highway" v="tertiary"/>
    <tag k="name" v="Alwyn Road"/>
    <tag k="surface" v="asphalt"/>
  </way>
  <way id="131109072" version="6" timestamp="2020-04-06T14:46:01Z" changeset="83148135" uid="5049" user="gistutor">
    <nd ref="1443453199"/>
    <nd ref="1443453213"/>
    <nd ref="1443453197"/>
    <nd ref="1443453114"/>
    <nd ref="1443453184"/>
    <nd ref="6010864812"/>
    <nd ref="1475549552"/>
    <nd ref="1478952178"/>
    <nd ref="2495064944"/>
    <nd ref="1478952180"/>
    <tag k="access" v="private"/>
    <tag k="highway" v="unclassified"/>
    <tag k="name" v="Laurel Lane"/>
  </way>
  <way id="131513547" version="6" timestamp="2024-10-24T20:33:07Z" changeset="158312858" uid="5229644" user="Nathan_A_RF">
    <nd ref="331655"/>
    <nd ref="2021630573"/>
    <nd ref="739455491"/>
    <nd ref="739455492"/>
    <nd ref="11613619455"/>
    <nd ref="331657"/>
    <tag k="dual_carriageway" v="yes"/>
    <tag k="highway" v="secondary"/>
    <tag k="lanes" v="1"/>
    <tag k="maxspeed" v="40 mph"/>
    <tag k="name" v="Daventry Road"/>
    <tag k="oneway" v="yes"/>
    <tag k="ref" v="B4429"/>
    <tag k="surface" v="asphalt"/>
  </way>
  <way id="131513549" version="9" timestamp="2024-10-24T20:33:07Z" changeset="158312858" uid="5229644" user="Nathan_A_RF">
    <nd ref="1447286169"/>
    <nd ref="2495064963"/>
    <nd ref="1478952161"/>
    <nd ref="1478952175"/>
    <nd ref="1475563262"/>
    <nd ref="1478952160"/>
    <nd ref="11931092401"/>
    <nd ref="12286171854"/>
    <nd ref="25880774"/>
    <tag k="dual_carriageway" v="yes"/>
    <tag k="highway" v="trunk"/>
    <tag k="lanes" v="1"/>
    <tag k="maxspeed" v="70 mph"/>
    <tag k="maxspeed:type" v="GB:nsl_dual"/>
    <tag k="name" v="Daventry Road"/>
    <tag k="oneway" v="yes"/>
    <tag k="ref" v="A45"/>
    <tag k="surface" v="asphalt"/>
  </way>
  <way id="131518747" version="6" timestamp="2025-10-05T13:45:22Z" changeset="172868358" uid="17128620" user="Pineajelly">
    <nd ref="1447299347"/>
    <nd ref="1447299343"/>
    <tag k="bridge" v="yes"/>
    <tag k="cycleway:both" v="no"/>
    <tag k="highway" v="trunk"/>
    <tag k="lanes" v="2"/>
    <tag k="layer" v="1"/>
    <tag k="maxspeed" v="50 mph"/>
    <tag k="maxweight:signed" v="no"/>
    <tag k="name" v="Blue Boar Flyover"/>
    <tag k="ref" v="A4071"/>
    <tag k="shoulder" v="no"/>
    <tag k="surface" v="asphalt"/>
  </way>
  <way id="131518751" version="6" timestamp="2025-10-05T13:45:22Z" changeset="172868358" uid="17128620" user="Pineajelly">
    <nd ref="1447299343"/>
    <nd ref="153422328"/>
    <nd ref="1726754123"/>
    <nd ref="153422327"/>
    <tag k="cycleway:both" v="no"/>
    <tag k="highway" v="trunk"/>
    <tag k="lanes" v="2"/>
    <tag k="maxspeed" v="50 mph"/>
    <tag k="name" v="Blue Boar Flyover"/>
    <tag k="ref" v="A4071"/>
    <tag k="shoulder" v="no"/>
    <tag k="surface" v="asphalt"/>
  </way>
  <way id="134397762" version="6" timestamp="2024-02-12T15:21:45Z" changeset="147371871" uid="13341565" user="Falsernet">
    <nd ref="820498284"/>
    <nd ref="153425913"/>
    <nd ref="820498291"/>
    <nd ref="153425911"/>
    <nd ref="820498295"/>
    <nd ref="6576223292"/>
    <nd ref="820498298"/>
    <nd ref="6576223288"/>
    <nd ref="153425903"/>
    <nd ref="153425899"/>
    <nd ref="295826615"/>
    <nd ref="13782146"/>
    <nd ref="6576223289"/>
    <nd ref="153425890"/>
    <nd ref="820498315"/>
    <nd ref="6576223290"/>
    <nd ref="13782168"/>
    <nd ref="6576223291"/>
    <nd ref="13782157"/>
    <nd ref="1477771525"/>
    <nd ref="13782156"/>
    <nd ref="820498323"/>
    <tag k="highway" v="secondary"/>
    <tag k="junction" v="roundabout"/>
    <tag k="maxspeed" v="40 mph"/>
    <tag k="oneway" v="yes"/>
    <tag k="ref" v="B4642"/>
    <tag k="surface" v="asphalt"/>
  </way>
  <way id="134796994" version="10" timestamp="2025-10-05T13:51:00Z" changeset="172868618" uid="17128620" user="Pineajelly">
    <nd ref="1481420583"/>
    <nd ref="2021634981"/>
    <nd ref="1481420581"/>
    <nd ref="2021634976"/>
    <nd ref="1481420587"/>
    <nd ref="1481420580"/>
    <tag k="expressway" v="yes"/>
    <tag k="highway" v="trunk_link"/>
    <tag k="lanes" v="1"/>
    <tag k="lit" v="yes"/>
    <tag k="maxspeed" v="70 mph"/>
    <tag k="maxspeed:type" v="GB:nsl_dual"/>
    <tag k="name" v="Rugby Road"/>
    <tag k="oneway" v="yes"/>
    <tag k="ref" v="A4071"/>
    <tag k="source" v="Warwicks CC Aerial Imagery 2013"/>
    <tag k="surface" v="asphalt"/>
  </way>
  <way id="135182640" version="8" timestamp="2025-10-05T13:45:22Z" changeset="172868358" uid="17128620" user="Pineajelly">
    <nd ref="315743497"/>
    <nd ref="2349725575"/>
    <nd ref="2349725577"/>
    <nd ref="1484820313"/>
    <nd ref="1484820319"/>
    <nd ref="1484820322"/>
    <nd ref="1484820321"/>
    <tag k="cycleway:both" v="no"/>
    <tag k="highway" v="trunk_link"/>
    <tag k="lanes" v="1"/>
    <tag k="maxspeed" v="50 mph"/>
    <tag k="name" v="Blue Boar Flyover"/>
    <tag k="oneway" v="yes"/>
    <tag k="ref" v="A4071"/>
    <tag k="surface" v="asphalt"/>
  </way>
  <way id="135182641" version="8" timestamp="2025-10-05T13:45:22Z" changeset="172868358" uid="17128620" user="Pineajelly">
    <nd ref="1484820340"/>
    <nd ref="7462745633"/>
    <nd ref="1484820337"/>
    <nd ref="1484820334"/>
    <nd ref="1484820323"/>
    <nd ref="1484820317"/>
    <tag k="cycleway:both" v="no"/>
    <tag k="highway" v="trunk"/>
    <tag k="lanes" v="1"/>
    <tag k="maxspeed" v="50 mph"/>
    <tag k="name" v="Blue Boar Flyover"/>
    <tag k="oneway" v="yes"/>
    <tag k="ref" v="A4071"/>
    <tag k="surface" v="asphalt"/>
  </way>
  <way id="141689790" version="15" timestamp="2024-10-24T20:33:07Z" changeset="158312858" uid="5229644" user="Nathan_A_RF">
    <nd ref="1550945066"/>
    <nd ref="30931784"/>
    <nd ref="30931458"/>
    <nd ref="331453"/>
    <nd ref="1478952162"/>
    <nd ref="283486532"/>
    <nd ref="1478952158"/>
    <nd ref="331454"/>
    <nd ref="1478952144"/>
    <nd ref="278782027"/>
    <tag k="highway" v="motorway"/>
    <tag k="lanes" v="2"/>
    <tag k="lit" v="no"/>
    <tag k="maxheight" v="default"/>
    <tag k="maxheight:signed" v="no"/>
    <tag k="maxspeed" v="70 mph"/>
    <tag k="maxspeed:type" v="GB:motorway"/>
    <tag k="national_highways:area" v="7"/>
    <tag k="oneway" v="yes"/>
    <tag k="operator" v="National Highways"/>
    <tag k="operator:wikidata" v="Q5760006"/>
    <tag k="ref" v="M45"/>
    <tag k="surface" v="asphalt"/>
  </way>
  <way id="148310036" version="21" timestamp="2021-07-30T09:45:00Z" changeset="108879597" uid="10170582" user="priymose">
    <nd ref="295883168"/>
    <nd ref="1614176348"/>
    <nd ref="1614176349"/>
    <nd ref="331275364"/>
    <nd ref="1614176350"/>
    <nd ref="6817585359"/>
    <nd ref="1614176351"/>
    <nd ref="1614176352"/>
    <nd ref="1614176353"/>
    <nd ref="1614176354"/>
    <nd ref="1614176355"/>
    <nd ref="1614176356"/>
    <nd ref="7151183724"/>
    <nd ref="295883170"/>
    <nd ref="7151183725"/>
    <nd ref="7151183726"/>
    <nd ref="1614176357"/>
    <nd ref="1614176358"/>
    <nd ref="1614176359"/>
    <nd ref="1614176360"/>
    <nd ref="2612522865"/>
    <nd ref="1614176361"/>
    <nd ref="1614176362"/>
    <nd ref="2497198636"/>
    <nd ref="1614176363"/>
    <nd ref="1614176364"/>
    <nd ref="778633532"/>
    <nd ref="1614176365"/>
    <nd ref="778633346"/>
    <nd ref="1614176366"/>
    <nd ref="6527988341"/>
    <nd ref="1614176367"/>
    <nd ref="7690882242"/>
    <nd ref="1614176368"/>
    <nd ref="6694956830"/>
    <nd ref="6550665248"/>
    <nd ref="1614176369"/>
    <nd ref="1614176370"/>
    <nd ref="1614176371"/>
    <nd ref="2497214333"/>
    <nd ref="6881539173"/>
    <nd ref="1614176372"/>
    <nd ref="1614176373"/>
    <nd ref="8950989555"/>
    <nd ref="295883200"/>
    <nd ref="1614176374"/>
    <nd ref="1614176375"/>
    <nd ref="1614176376"/>
    <nd ref="1614176377"/>
    <nd ref="1614176378"/>
    <nd ref="1614176379"/>
    <nd ref="8256949004"/>
    <nd ref="1614176380"/>
    <nd ref="2496076281"/>
    <nd ref="1614176381"/>
    <nd ref="2496076286"/>
    <nd ref="1614176382"/>
    <nd ref="6890229659"/>
    <nd ref="8962715550"/>
    <nd ref="1614176383"/>
    <nd ref="2496076343"/>
    <nd ref="1581103308"/>
    <nd ref="1614176384"/>
    <nd ref="2496076374"/>
    <nd ref="1614176385"/>
    <nd ref="1614176386"/>
    <nd ref="1614176387"/>
    <nd ref="8025717702"/>
    <nd ref="1614176388"/>
    <nd ref="1614176389"/>
    <nd ref="1614176390"/>
    <nd ref="1068489592"/>
    <nd ref="1614176391"/>
    <nd ref="1614176392"/>
    <nd ref="1614176393"/>
    <nd ref="2496076436"/>
    <nd ref="1614176394"/>
    <nd ref="7926867189"/>
    <nd ref="350519300"/>
    <tag k="highway" v="tertiary"/>
    <tag k="lanes" v="1"/>
    <tag k="name" v="Lawford Heath Lane"/>
    <tag k="source" v="OS_OpenData_StreetView"/>
  </way>
  <way id="160625029" version="7" timestamp="2025-10-05T13:51:00Z" changeset="172868618" uid="17128620" user="Pineajelly">
    <nd ref="1484820321"/>
    <nd ref="5764428942"/>
    <tag k="highway" v="trunk"/>
    <tag k="lanes" v="2"/>
    <tag k="maxspeed" v="50 mph"/>
    <tag k="maxspeed:type" v="sign"/>
    <tag k="name" v="Rugby Road"/>
    <tag k="old_ref" v="A427"/>
    <tag k="ref" v="A4071"/>
    <tag k="shoulder" v="no"/>
  </way>
  <way id="160625033" version="7" timestamp="2025-10-05T13:45:22Z" changeset="172868358" uid="17128620" user="Pineajelly">
    <nd ref="315743497"/>
    <nd ref="2349725576"/>
    <nd ref="315743499"/>
    <nd ref="315743500"/>
    <tag k="cycleway:both" v="no"/>
    <tag k="highway" v="trunk"/>
    <tag k="lanes" v="2"/>
    <tag k="maxspeed" v="50 mph"/>
    <tag k="name" v="Blue Boar Flyover"/>
    <tag k="oneway" v="yes"/>
    <tag k="ref" v="A4071"/>
    <tag k="surface" v="asphalt"/>
  </way>
  <way id="160625037" version="8" timestamp="2025-10-05T13:51:00Z" changeset="172868618" uid="17128620" user="Pineajelly">
    <nd ref="1484820321"/>
    <nd ref="315743500"/>
    <tag k="highway" v="trunk"/>
    <tag k="lanes" v="3"/>
    <tag k="lanes:backward" v="1"/>
    <tag k="lanes:forward" v="2"/>
    <tag k="maxspeed" v="50 mph"/>
    <tag k="name" v="Rugby Road"/>
    <tag k="old_ref" v="A427"/>
    <tag k="ref" v="A4071"/>
    <tag k="shoulder" v="no"/>
  </way>
  <way id="166822346" version="4" timestamp="2025-07-12T23:58:37Z" changeset="168855231" uid="8857" user="philipcullen">
    <nd ref="1782537075"/>
    <nd ref="1782537070"/>
    <nd ref="1782537073"/>
    <nd ref="1782537071"/>
    <nd ref="1782537069"/>
    <nd ref="1782537068"/>
    <nd ref="1782537074"/>
    <nd ref="1782537076"/>
    <nd ref="1782537075"/>
    <tag k="addr:housenumber" v="15"/>
    <tag k="addr:postcode" v="CV22 6QP"/>
    <tag k="addr:street" v="Vicarage Lane"/>
    <tag k="building" v="house"/>
    <tag k="ref:GB:uprn" v="100070200738"/>
    <tag k="source" v="field observation"/>
  </way>
  <way id="166822438" version="5" timestamp="2025-07-12T23:58:37Z" changeset="168855231" uid="8857" user="philipcullen">
    <nd ref="1782537840"/>
    <nd ref="1782537842"/>
    <nd ref="1782537839"/>
    <nd ref="3269142563"/>
    <nd ref="1782537844"/>
    <nd ref="1782537840"/>
    <tag k="addr:street" v="The Heath"/>
    <tag k="amenity" v="doctors"/>
    <tag k="building" v="yes"/>
    <tag k="healthcare" v="doctor"/>
    <tag k="name" v="Dunchurch Surgery"/>
    <tag k="ref:GB:uprn" v="200001049874"/>
  </way>
  <way id="166823028" version="5" timestamp="2025-01-27T01:40:19Z" changeset="161800892" uid="493595" user="Yorvik Prestigitator">
    <nd ref="1782543467"/>
    <nd ref="12535267862"/>
    <nd ref="12535267864"/>
    <nd ref="12535267865"/>
    <nd ref="12535267863"/>
    <nd ref="12535267860"/>
    <nd ref="12535267859"/>
    <nd ref="12535267858"/>
    <nd ref="12535267857"/>
    <nd ref="12535267856"/>
    <nd ref="7668597080"/>
    <nd ref="1782543467"/>
    <tag k="amenity" v="community_centre"/>
    <tag k="building" v="public"/>
    <tag k="community_centre" v="village_hall"/>
    <tag k="name" v="Dunchurch Village Hall"/>
  </way>
  <way id="174836559" version="7" timestamp="2025-01-08T16:30:27Z" changeset="161140243" uid="5229644" user="Nathan_A_RF">
    <nd ref="25881121"/>
    <nd ref="2173849307"/>
    <nd ref="2173849309"/>
    <nd ref="1854891305"/>
    <nd ref="11613619452"/>
    <nd ref="331654"/>
    <tag k="highway" v="trunk"/>
    <tag k="junction" v="roundabout"/>
    <tag k="maxspeed" v="60 mph"/>
    <tag k="maxspeed:type" v="GB:nsl_single"/>
    <tag k="name" v="Dunchurch Interchange"/>
    <tag k="oneway" v="yes"/>
    <tag k="surface" v="asphalt"/>
  </way>
  <way id="174836561" version="8" timestamp="2024-10-24T20:33:07Z" changeset="158312858" uid="5229644" user="Nathan_A_RF">
    <nd ref="25881125"/>
    <nd ref="1854891310"/>
    <nd ref="553101440"/>
    <nd ref="1475563253"/>
    <tag k="dual_carriageway" v="yes"/>
    <tag k="highway" v="trunk"/>
    <tag k="lanes" v="2"/>
    <tag k="maxspeed" v="70 mph"/>
    <tag k="maxspeed:type" v="GB:nsl_dual"/>
    <tag k="name" v="Daventry Road"/>
    <tag k="oneway" v="yes"/>
    <tag k="ref" v="A45"/>
    <tag k="sidewalk" v="no"/>
    <tag k="source" v="OS_OpenData_StreetView"/>
    <tag k="surface" v="asphalt"/>
  </way>
  <way id="192592820" version="14" timestamp="2025-01-08T17:27:40Z" changeset="161142179" uid="5229644" user="Nathan_A_RF">
    <nd ref="2031425117"/>
    <nd ref="1481424413"/>
    <nd ref="12310377569"/>
    <nd ref="1480174943"/>
    <nd ref="331275333"/>
    <nd ref="12310377568"/>
    <nd ref="331275358"/>
    <nd ref="5764429258"/>
    <nd ref="2272846"/>
    <nd ref="12310377567"/>
    <nd ref="2272849"/>
    <nd ref="295825821"/>
    <tag k="carriageway_ref" v="B"/>
    <tag k="dual_carriageway" v="yes"/>
    <tag k="expressway" v="yes"/>
    <tag k="highway" v="trunk"/>
    <tag k="lanes" v="2"/>
    <tag k="lit" v="yes"/>
    <tag k="maxheight" v="default"/>
    <tag k="maxheight:signed" v="no"/>
    <tag k="maxspeed" v="60 mph"/>
    <tag k="maxspeed:type" v="sign"/>
    <tag k="name" v="London Road"/>
    <tag k="national_highways:area" v="9"/>
    <tag k="oneway" v="yes"/>
    <tag k="operator" v="National Highways"/>
    <tag k="operator:wikidata" v="Q5760006"/>
    <tag k="ref" v="A45"/>
    <tag k="sidewalk" v="no"/>
    <tag k="source" v="Warwicks CC Aerial Imagery 2013"/>
    <tag k="surface" v="asphalt"/>
  </way>
  <way id="209170934" version="1" timestamp="2013-03-10T10:39:57Z" changeset="15312421" uid="192532" user="TheKeymeister">
    <nd ref="2194035243"/>
    <nd ref="2194035235"/>
    <nd ref="2194035239"/>
    <nd ref="2194035240"/>
    <nd ref="2194035242"/>
    <nd ref="2194035236"/>
    <nd ref="2194035243"/>
    <tag k="addr:housename" v="Dunchurch Telephone Exchange"/>
    <tag k="addr:street" v="Northampton Lane"/>
    <tag k="building" v="yes"/>
    <tag k="name" v="Dunchurch Telephone Exchange"/>
  </way>
  <way id="213865330" version="1" timestamp="2013-03-29T15:27:20Z" changeset="15540043" uid="5049" user="gistutor">
    <nd ref="2234975498"/>
    <nd ref="2234975494"/>
    <nd ref="2234975495"/>
    <tag k="highway" v="residential"/>
  </way>
  <way id="213865471" version="1" timestamp="2013-03-29T15:30:33Z" changeset="15540043" uid="5049" user="gistutor">
    <nd ref="2234978596"/>
    <nd ref="1365166962"/>
    <tag k="highway" v="residential"/>
  </way>
  <way id="226116613" version="6" timestamp="2025-10-05T13:51:00Z" changeset="172868618" uid="17128620" user="Pineajelly">
    <nd ref="315743500"/>
    <nd ref="1484820340"/>
    <tag k="highway" v="trunk"/>
    <tag k="lanes" v="3"/>
    <tag k="lanes:backward" v="1"/>
    <tag k="lanes:forward" v="2"/>
    <tag k="maxspeed" v="50 mph"/>
    <tag k="name" v="Rugby Road"/>
    <tag k="old_ref" v="A427"/>
    <tag k="ref" v="A4071"/>
    <tag k="shoulder" v="no"/>
    <tag k="turn:lanes:forward" v="through|right"/>
  </way>
  <way id="226116614" version="5" timestamp="2025-10-05T13:51:00Z" changeset="172868618" uid="17128620" user="Pineajelly">
    <nd ref="1484820340"/>
    <nd ref="11613721004"/>
    <nd ref="2349725578"/>
    <nd ref="153418527"/>
    <tag k="highway" v="trunk"/>
    <tag k="lanes" v="2"/>
    <tag k="maxspeed" v="50 mph"/>
    <tag k="name" v="Rugby Road"/>
    <tag k="old_ref" v="A427"/>
    <tag k="ref" v="A4071"/>
    <tag k="shoulder" v="no"/>
  </way>
  <way id="226117639" version="6" timestamp="2023-05-10T21:49:53Z" changeset="135953394" uid="5229644" user="Nathan_A_RF">
    <nd ref="750913815"/>
    <nd ref="750913809"/>
    <nd ref="6491703952"/>
    <nd ref="750913478"/>
    <tag k="highway" v="trunk"/>
    <tag k="junction" v="circular"/>
    <tag k="lit" v="yes"/>
    <tag k="oneway" v="yes"/>
  </way>
  <way id="226117640" version="5" timestamp="2023-05-10T21:49:53Z" changeset="135953394" uid="5229644" user="Nathan_A_RF">
    <nd ref="331509"/>
    <nd ref="2349730202"/>
    <nd ref="750913819"/>
    <nd ref="10885249412"/>
    <nd ref="750913815"/>
    <tag k="highway" v="trunk"/>
    <tag k="junction" v="circular"/>
    <tag k="lit" v="yes"/>
    <tag k="oneway" v="yes"/>
  </way>
  <way id="241936545" version="1" timestamp="2013-10-13T15:13:32Z" changeset="18334136" uid="9065" user="brianboru">
    <nd ref="2495065270"/>
    <nd ref="2495065264"/>
    <tag k="highway" v="residential"/>
    <tag k="name" v="Brook View"/>
    <tag k="source" v="bing"/>
  </way>
  <way id="243120264" version="6" timestamp="2024-08-21T15:08:41Z" changeset="155561962" uid="5589" user="user_5589">
    <nd ref="2505528421"/>
    <nd ref="153422310"/>
    <nd ref="1223224741"/>
    <nd ref="153422313"/>
    <nd ref="9039356973"/>
    <nd ref="153422315"/>
    <nd ref="2505528403"/>
    <nd ref="2505528397"/>
    <nd ref="153422318"/>
    <nd ref="153422320"/>
    <nd ref="1221695919"/>
    <nd ref="153422321"/>
    <nd ref="2505528350"/>
    <nd ref="11613747176"/>
    <tag k="cycleway:both" v="no"/>
    <tag k="highway" v="trunk"/>
    <tag k="lanes" v="2"/>
    <tag k="maxspeed" v="40 mph"/>
    <tag k="name" v="Coventry Road"/>
    <tag k="old_ref" v="A427"/>
    <tag k="ref" v="A4071"/>
    <tag k="shoulder" v="no"/>
    <tag k="source:maxheight" v="Warwickshire OpenData"/>
  </way>
  <way id="243120266" version="5" timestamp="2025-10-05T13:51:00Z" changeset="172868618" uid="17128620" user="Pineajelly">
    <nd ref="2505528478"/>
    <nd ref="1223233013"/>
    <nd ref="1223233045"/>
    <nd ref="1223233024"/>
    <nd ref="1223233009"/>
    <nd ref="1223233016"/>
    <nd ref="1223233011"/>
    <nd ref="1223233018"/>
    <nd ref="1223233020"/>
    <nd ref="1223233014"/>
    <nd ref="2496094725"/>
    <nd ref="1223233019"/>
    <nd ref="1223233008"/>
    <nd ref="1223233006"/>
    <nd ref="1223233007"/>
    <nd ref="1223233043"/>
    <nd ref="1223233041"/>
    <nd ref="1223233034"/>
    <nd ref="1223233042"/>
    <nd ref="1223233025"/>
    <nd ref="1223233044"/>
    <nd ref="1223233026"/>
    <nd ref="2294554177"/>
    <tag k="bicycle" v="yes"/>
    <tag k="highway" v="trunk"/>
    <tag k="maxspeed" v="50 mph"/>
    <tag k="name" v="Western Relief Road"/>
    <tag k="ref" v="A4071"/>
  </way>
  <way id="243120267" version="5" timestamp="2025-10-05T13:51:00Z" changeset="172868618" uid="17128620" user="Pineajelly">
    <nd ref="2505528478"/>
    <nd ref="2505528474"/>
    <nd ref="786404245"/>
    <tag k="bicycle" v="yes"/>
    <tag k="highway" v="trunk"/>
    <tag k="maxspeed" v="50 mph"/>
    <tag k="name" v="Western Relief Road"/>
    <tag k="oneway" v="yes"/>
    <tag k="ref" v="A4071"/>
  </way>
  <way id="256010432" version="6" timestamp="2025-07-12T23:58:37Z" changeset="168855231" uid="8857" user="philipcullen">
    <nd ref="2617138103"/>
    <nd ref="2617138110"/>
    <nd ref="2617138112"/>
    <nd ref="2617138113"/>
    <nd ref="2617138115"/>
    <nd ref="3269136343"/>
    <nd ref="3269136339"/>
    <nd ref="3269136338"/>
    <nd ref="3269136342"/>
    <nd ref="2617138117"/>
    <nd ref="3269136345"/>
    <nd ref="3269136344"/>
    <nd ref="3269136346"/>
    <nd ref="3269136347"/>
    <nd ref="2617138103"/>
    <tag k="amenity" v="place_of_worship"/>
    <tag k="building" v="church"/>
    <tag k="denomination" v="anglican"/>
    <tag k="heritage" v="2"/>
    <tag k="heritage:operator" v="Historic England"/>
    <tag k="listed_status" v="Grade II*"/>
    <tag k="name" v="St Peter"/>
    <tag k="ref:GB:uprn" v="10010512586"/>
    <tag k="ref:dove" v="17020"/>
    <tag k="religion" v="christian"/>
    <tag k="source" v="Warwicks CC Aerial Imagery 2013"/>
    <tag k="wikidata" v="Q17550889"/>
  </way>
  <way id="256017790" version="3" timestamp="2025-07-12T23:58:37Z" changeset="168855231" uid="8857" user="philipcullen">
    <nd ref="2617213248"/>
    <nd ref="2617213249"/>
    <nd ref="2617213250"/>
    <nd ref="2617213251"/>
    <nd ref="2617213252"/>
    <nd ref="2617213253"/>
    <nd ref="2617213254"/>
    <nd ref="2617213255"/>
    <nd ref="2617213248"/>
    <tag k="amenity" v="place_of_worship"/>
    <tag k="building" v="church"/>
    <tag k="denomination" v="methodist"/>
    <tag k="name" v="Dunchurch Methodist Church"/>
    <tag k="ref:GB:uprn" v="10010515439"/>
    <tag k="religion" v="christian"/>
    <tag k="source" v="Bing, local knowledge"/>
  </way>
  <way id="286395692" version="1" timestamp="2014-06-05T09:29:35Z" changeset="22751755" uid="20007" user="Julian Gibson">
    <nd ref="1373925349"/>
    <nd ref="1373925364"/>
    <tag k="highway" v="residential"/>
    <tag k="source" v="survey"/>
  </way>
  <way id="320400995" version="1" timestamp="2015-01-04T16:38:39Z" changeset="27913900" uid="9065" user="brianboru">
    <nd ref="3269142594"/>
    <nd ref="3269142577"/>
    <tag k="highway" v="residential"/>
    <tag k="name" v="Dunsmore Heath"/>
    <tag k="source" v="Warwicks CC Aerial Imagery 2013"/>
  </way>
  <way id="372087726" version="8" timestamp="2025-01-08T17:27:40Z" changeset="161142179" uid="5229644" user="Nathan_A_RF">
    <nd ref="295825816"/>
    <nd ref="12484830052"/>
    <nd ref="5764386117"/>
    <nd ref="295825821"/>
    <tag k="expressway" v="yes"/>
    <tag k="highway" v="trunk_link"/>
    <tag k="lanes" v="1"/>
    <tag k="lit" v="yes"/>
    <tag k="maxheight" v="default"/>
    <tag k="maxheight:signed" v="no"/>
    <tag k="maxspeed" v="60 mph"/>
    <tag k="maxspeed:type" v="sign"/>
    <tag k="oneway" v="yes"/>
    <tag k="sidewalk" v="left"/>
    <tag k="surface" v="asphalt"/>
  </way>
  <way id="376132286" version="4" timestamp="2022-02-01T20:28:18Z" changeset="116884023" uid="9065" user="brianboru">
    <nd ref="3795494784"/>
    <nd ref="3795494789"/>
    <nd ref="3795494790"/>
    <nd ref="3795494791"/>
    <nd ref="3795494786"/>
    <nd ref="3795494785"/>
    <nd ref="3795494784"/>
    <tag k="addr:city" v="Rugby"/>
    <tag k="addr:postcode" v="CV22 7QT"/>
    <tag k="addr:street" v="Lime Tree Avenue"/>
    <tag k="addr:suburb" v="Bilton"/>
    <tag k="building" v="yes"/>
    <tag k="leisure" v="sports_centre"/>
    <tag k="name" v="Old Laurentians RFC"/>
    <tag k="source:geometry" v="Warwickshire CC Aerial Imagery 2013"/>
    <tag k="sport" v="rugby_union"/>
  </way>
  <way id="376132289" version="5" timestamp="2022-02-01T20:28:18Z" changeset="116884023" uid="9065" user="brianboru">
    <nd ref="3795494781"/>
    <nd ref="3795494778"/>
    <nd ref="3795494776"/>
    <nd ref="3795494779"/>
    <nd ref="3795494781"/>
    <tag k="addr:city" v="Rugby"/>
    <tag k="addr:housenumber" v="65"/>
    <tag k="addr:street" v="Lime Tree Avenue"/>
    <tag k="addr:suburb" v="Bilton"/>
    <tag k="building" v="house"/>
    <tag k="source:geometry" v="Warwickshire CC Aerial Imagery 2013"/>
  </way>
  <way id="376138579" version="2" timestamp="2022-02-01T20:28:18Z" changeset="116884023" uid="9065" user="brianboru">
    <nd ref="3795692212"/>
    <nd ref="3795692208"/>
    <nd ref="3795692209"/>
    <nd ref="3795692207"/>
    <nd ref="3795692210"/>
    <nd ref="3795692214"/>
    <nd ref="3795692216"/>
    <nd ref="3795692217"/>
    <nd ref="3795692212"/>
    <tag k="addr:city" v="Rugby"/>
    <tag k="addr:housenumber" v="40"/>
    <tag k="addr:street" v="Lime Tree Avenue"/>
    <tag k="addr:suburb" v="Bilton"/>
    <tag k="building" v="house"/>
    <tag k="source:geometry" v="Warwickshire CC Aerial Imagery 2013"/>
  </way>
  <way id="376138581" version="2" timestamp="2022-02-01T20:28:18Z" changeset="116884023" uid="9065" user="brianboru">
    <nd ref="3795692205"/>
    <nd ref="3795692202"/>
    <nd ref="3795692200"/>
    <nd ref="3795692203"/>
    <nd ref="3795692206"/>
    <nd ref="3795692204"/>
    <nd ref="3795692205"/>
    <tag k="addr:city" v="Rugby"/>
    <tag k="addr:housenumber" v="42"/>
    <tag k="addr:street" v="Lime Tree Avenue"/>
    <tag k="addr:suburb" v="Bilton"/>
    <tag k="building" v="house"/>
    <tag k="source:geometry" v="Warwickshire CC Aerial Imagery 2013"/>
  </way>
  <way id="376138583" version="2" timestamp="2022-02-01T20:28:18Z" changeset="116884023" uid="9065" user="brianboru">
    <nd ref="3795692201"/>
    <nd ref="3795692197"/>
    <nd ref="3795692187"/>
    <nd ref="3795692192"/>
    <nd ref="3795692194"/>
    <nd ref="3795692199"/>
    <nd ref="3795692195"/>
    <nd ref="3795692201"/>
    <tag k="addr:city" v="Rugby"/>
    <tag k="addr:housenumber" v="44"/>
    <tag k="addr:street" v="Lime Tree Avenue"/>
    <tag k="addr:suburb" v="Bilton"/>
    <tag k="building" v="house"/>
    <tag k="source:geometry" v="Warwickshire CC Aerial Imagery 2013"/>
  </way>
  <way id="376138585" version="2" timestamp="2022-02-01T20:28:18Z" changeset="116884023" uid="9065" user="brianboru">
    <nd ref="3795692186"/>
    <nd ref="3795692190"/>
    <nd ref="3795692182"/>
    <nd ref="3795692185"/>
    <nd ref="3795692181"/>
    <nd ref="3795692178"/>
    <nd ref="3795692180"/>
    <nd ref="3795692176"/>
    <nd ref="3795692186"/>
    <tag k="addr:city" v="Rugby"/>
    <tag k="addr:housenumber" v="46"/>
    <tag k="addr:street" v="Lime Tree Avenue"/>
    <tag k="addr:suburb" v="Bilton"/>
    <tag k="building" v="house"/>
    <tag k="source:geometry" v="Warwickshire CC Aerial Imagery 2013"/>
  </way>
  <way id="376138587" version="2" timestamp="2022-02-01T20:28:18Z" changeset="116884023" uid="9065" user="brianboru">
    <nd ref="3795692177"/>
    <nd ref="3795692173"/>
    <nd ref="3795692164"/>
    <nd ref="3795692168"/>
    <nd ref="3795692163"/>
    <nd ref="3795692169"/>
    <nd ref="3795692174"/>
    <nd ref="3795692170"/>
    <nd ref="3795692177"/>
    <tag k="addr:city" v="Rugby"/>
    <tag k="addr:housenumber" v="48"/>
    <tag k="addr:street" v="Lime Tree Avenue"/>
    <tag k="addr:suburb" v="Bilton"/>
    <tag k="building" v="house"/>
    <tag k="source:geometry" v="Warwickshire CC Aerial Imagery 2013"/>
  </way>
  <way id="376138590" version="2" timestamp="2022-02-01T20:28:18Z" changeset="116884023" uid="9065" user="brianboru">
    <nd ref="3795692175"/>
    <nd ref="3795692159"/>
    <nd ref="3795692157"/>
    <nd ref="3795692162"/>
    <nd ref="3795692156"/>
    <nd ref="3795692161"/>
    <nd ref="3795692166"/>
    <nd ref="3795692172"/>
    <nd ref="3795692175"/>
    <tag k="addr:city" v="Rugby"/>
    <tag k="addr:housenumber" v="50"/>
    <tag k="addr:street" v="Lime Tree Avenue"/>
    <tag k="addr:suburb" v="Bilton"/>
    <tag k="building" v="house"/>
    <tag k="source:geometry" v="Warwickshire CC Aerial Imagery 2013"/>
  </way>
  <way id="376138592" version="2" timestamp="2022-02-01T20:28:18Z" changeset="116884023" uid="9065" user="brianboru">
    <nd ref="3795692146"/>
    <nd ref="3795692140"/>
    <nd ref="3795692145"/>
    <nd ref="3795692141"/>
    <nd ref="3795692151"/>
    <nd ref="3795692158"/>
    <nd ref="3795692146"/>
    <tag k="addr:city" v="Rugby"/>
    <tag k="addr:housenumber" v="52"/>
    <tag k="addr:street" v="Lime Tree Avenue"/>
    <tag k="addr:suburb" v="Bilton"/>
    <tag k="building" v="house"/>
    <tag k="source:geometry" v="Warwickshire CC Aerial Imagery 2013"/>
  </way>
  <way id="376138594" version="2" timestamp="2022-02-01T20:28:18Z" changeset="116884023" uid="9065" user="brianboru">
    <nd ref="3795692149"/>
    <nd ref="3795692139"/>
    <nd ref="3795692136"/>
    <nd ref="3795692135"/>
    <nd ref="3795692118"/>
    <nd ref="3795692124"/>
    <nd ref="3795692129"/>
    <nd ref="3795692132"/>
    <nd ref="3795692123"/>
    <nd ref="3795692131"/>
    <nd ref="3795692134"/>
    <nd ref="3795692137"/>
    <nd ref="3795692148"/>
    <nd ref="3795692142"/>
    <nd ref="3795692149"/>
    <tag k="addr:city" v="Rugby"/>
    <tag k="addr:housenumber" v="54"/>
    <tag k="addr:street" v="Lime Tree Avenue"/>
    <tag k="addr:suburb" v="Bilton"/>
    <tag k="building" v="house"/>
    <tag k="source:geometry" v="Warwickshire CC Aerial Imagery 2013"/>
  </way>
  <way id="376138596" version="4" timestamp="2022-02-01T20:28:18Z" changeset="116884023" uid="9065" user="brianboru">
    <nd ref="3795692089"/>
    <nd ref="3795692096"/>
    <nd ref="3795692098"/>
    <nd ref="3795692103"/>
    <nd ref="3795692102"/>
    <nd ref="3795692108"/>
    <nd ref="3795692114"/>
    <nd ref="3795692105"/>
    <nd ref="3795692109"/>
    <nd ref="3795692100"/>
    <nd ref="3795692089"/>
    <tag k="addr:city" v="Rugby"/>
    <tag k="addr:housename" v="Creston"/>
    <tag k="addr:housenumber" v="56"/>
    <tag k="addr:street" v="Lime Tree Avenue"/>
    <tag k="addr:suburb" v="Bilton"/>
    <tag k="building" v="house"/>
    <tag k="source:geometry" v="Warwickshire CC Aerial Imagery 2013"/>
  </way>
  <way id="376138598" version="3" timestamp="2022-02-01T20:28:18Z" changeset="116884023" uid="9065" user="brianboru">
    <nd ref="3795692078"/>
    <nd ref="3795692083"/>
    <nd ref="3795692082"/>
    <nd ref="3795692085"/>
    <nd ref="3795692088"/>
    <nd ref="3795692090"/>
    <nd ref="3795692099"/>
    <nd ref="3795692095"/>
    <nd ref="3795692092"/>
    <nd ref="3795692084"/>
    <nd ref="3795692078"/>
    <tag k="addr:city" v="Rugby"/>
    <tag k="addr:housenumber" v="58"/>
    <tag k="addr:street" v="Lime Tree Avenue"/>
    <tag k="addr:suburb" v="Bilton"/>
    <tag k="building" v="house"/>
    <tag k="source:geometry" v="Warwickshire CC Aerial Imagery 2013"/>
  </way>
  <way id="376138600" version="4" timestamp="2022-02-01T20:28:18Z" changeset="116884023" uid="9065" user="brianboru">
    <nd ref="3795692066"/>
    <nd ref="3795692076"/>
    <nd ref="3795692070"/>
    <nd ref="3795692079"/>
    <nd ref="3795692087"/>
    <nd ref="3795692073"/>
    <nd ref="3795692066"/>
    <tag k="addr:city" v="Rugby"/>
    <tag k="addr:housename" v="Cedar House"/>
    <tag k="addr:housenumber" v="60"/>
    <tag k="addr:street" v="Lime Tree Avenue"/>
    <tag k="addr:suburb" v="Bilton"/>
    <tag k="building" v="house"/>
    <tag k="source:geometry" v="Warwickshire CC Aerial Imagery 2013"/>
  </way>
  <way id="376138602" version="3" timestamp="2022-02-01T20:28:18Z" changeset="116884023" uid="9065" user="brianboru">
    <nd ref="3795692063"/>
    <nd ref="3795691756"/>
    <nd ref="3795692059"/>
    <nd ref="3795692067"/>
    <nd ref="3795692062"/>
    <nd ref="3795692071"/>
    <nd ref="3795692069"/>
    <nd ref="3795692074"/>
    <nd ref="3795692063"/>
    <tag k="addr:city" v="Rugby"/>
    <tag k="addr:housenumber" v="62"/>
    <tag k="addr:street" v="Lime Tree Avenue"/>
    <tag k="addr:suburb" v="Bilton"/>
    <tag k="building" v="house"/>
    <tag k="source:geometry" v="Warwickshire CC Aerial Imagery 2013"/>
  </way>
  <way id="376138604" version="3" timestamp="2022-02-01T20:28:18Z" changeset="116884023" uid="9065" user="brianboru">
    <nd ref="3795691754"/>
    <nd ref="3795691750"/>
    <nd ref="3795691755"/>
    <nd ref="3795692061"/>
    <nd ref="3795691754"/>
    <tag k="addr:city" v="Rugby"/>
    <tag k="addr:housenumber" v="64"/>
    <tag k="addr:street" v="Lime Tree Avenue"/>
    <tag k="addr:suburb" v="Bilton"/>
    <tag k="building" v="house"/>
    <tag k="source:geometry" v="Warwickshire CC Aerial Imagery 2013"/>
  </way>
  <way id="376138606" version="3" timestamp="2022-02-01T20:28:18Z" changeset="116884023" uid="9065" user="brianboru">
    <nd ref="3795691732"/>
    <nd ref="3795691743"/>
    <nd ref="3795691749"/>
    <nd ref="3795691745"/>
    <nd ref="3795691748"/>
    <nd ref="3795691744"/>
    <nd ref="3795691740"/>
    <nd ref="3795691737"/>
    <nd ref="3795691732"/>
    <tag k="addr:city" v="Rugby"/>
    <tag k="addr:housenumber" v="66"/>
    <tag k="addr:street" v="Lime Tree Avenue"/>
    <tag k="addr:suburb" v="Bilton"/>
    <tag k="building" v="house"/>
    <tag k="source:geometry" v="Warwickshire CC Aerial Imagery 2013"/>
  </way>
  <way id="376138608" version="3" timestamp="2022-02-01T20:28:18Z" changeset="116884023" uid="9065" user="brianboru">
    <nd ref="3795691734"/>
    <nd ref="3795691724"/>
    <nd ref="3795691727"/>
    <nd ref="3795691736"/>
    <nd ref="3795691734"/>
    <tag k="addr:city" v="Rugby"/>
    <tag k="addr:housenumber" v="68"/>
    <tag k="addr:street" v="Lime Tree Avenue"/>
    <tag k="addr:suburb" v="Bilton"/>
    <tag k="building" v="house"/>
    <tag k="source:geometry" v="Warwickshire CC Aerial Imagery 2013"/>
  </way>
  <way id="376138610" version="3" timestamp="2022-02-01T20:28:18Z" changeset="116884023" uid="9065" user="brianboru">
    <nd ref="3795691722"/>
    <nd ref="3795691709"/>
    <nd ref="3795691719"/>
    <nd ref="3795691730"/>
    <nd ref="3795691726"/>
    <nd ref="3795691729"/>
    <nd ref="3795691722"/>
    <tag k="addr:city" v="Rugby"/>
    <tag k="addr:housenumber" v="70"/>
    <tag k="addr:street" v="Lime Tree Avenue"/>
    <tag k="addr:suburb" v="Bilton"/>
    <tag k="building" v="house"/>
    <tag k="source:geometry" v="Warwickshire CC Aerial Imagery 2013"/>
  </way>
  <way id="376138612" version="3" timestamp="2022-02-01T20:28:18Z" changeset="116884023" uid="9065" user="brianboru">
    <nd ref="3795691710"/>
    <nd ref="3795691703"/>
    <nd ref="3795691708"/>
    <nd ref="3795691706"/>
    <nd ref="3795691711"/>
    <nd ref="3795691717"/>
    <nd ref="3795691710"/>
    <tag k="addr:city" v="Rugby"/>
    <tag k="addr:housenumber" v="72"/>
    <tag k="addr:street" v="Lime Tree Avenue"/>
    <tag k="addr:suburb" v="Bilton"/>
    <tag k="building" v="house"/>
    <tag k="source:geometry" v="Warwickshire CC Aerial Imagery 2013"/>
  </way>
  <way id="376138614" version="3" timestamp="2022-02-01T20:28:18Z" changeset="116884023" uid="9065" user="brianboru">
    <nd ref="3795691698"/>
    <nd ref="3795691691"/>
    <nd ref="3795691693"/>
    <nd ref="3795691700"/>
    <nd ref="3795691698"/>
    <tag k="addr:city" v="Rugby"/>
    <tag k="addr:housenumber" v="74"/>
    <tag k="addr:street" v="Lime Tree Avenue"/>
    <tag k="addr:suburb" v="Bilton"/>
    <tag k="building" v="house"/>
    <tag k="source:geometry" v="Warwickshire CC Aerial Imagery 2013"/>
  </way>
  <way id="376138617" version="4" timestamp="2022-02-01T20:28:18Z" changeset="116884023" uid="9065" user="brianboru">
    <nd ref="3795691731"/>
    <nd ref="3795691725"/>
    <nd ref="3795691721"/>
    <nd ref="3795691718"/>
    <nd ref="3795691716"/>
    <nd ref="3795691714"/>
    <nd ref="3795691713"/>
    <nd ref="3795691715"/>
    <nd ref="3795691707"/>
    <nd ref="3795691712"/>
    <nd ref="3795691731"/>
    <tag k="addr:housenumber" v="59"/>
    <tag k="addr:street" v="Lime Tree Avenue"/>
    <tag k="addr:suburb" v="Bilton"/>
    <tag k="building" v="house"/>
    <tag k="source:geometry" v="Warwickshire CC Aerial Imagery 2013"/>
  </way>
  <way id="376138618" version="3" timestamp="2022-02-01T20:28:18Z" changeset="116884023" uid="9065" user="brianboru">
    <nd ref="3795692165"/>
    <nd ref="3795692160"/>
    <nd ref="3795692152"/>
    <nd ref="3795692155"/>
    <nd ref="3795692165"/>
    <tag k="addr:city" v="Rugby"/>
    <tag k="addr:housenumber" v="39"/>
    <tag k="addr:street" v="Lime Tree Avenue"/>
    <tag k="addr:suburb" v="Bilton"/>
    <tag k="building" v="house"/>
    <tag k="source:geometry" v="Warwickshire CC Aerial Imagery 2013"/>
  </way>
  <way id="376138620" version="3" timestamp="2022-02-01T20:28:18Z" changeset="116884023" uid="9065" user="brianboru">
    <nd ref="3795692183"/>
    <nd ref="3795692179"/>
    <nd ref="3795692167"/>
    <nd ref="3795692171"/>
    <nd ref="3795692183"/>
    <tag k="addr:city" v="Rugby"/>
    <tag k="addr:housenumber" v="37"/>
    <tag k="addr:street" v="Lime Tree Avenue"/>
    <tag k="addr:suburb" v="Bilton"/>
    <tag k="building" v="house"/>
    <tag k="source:geometry" v="Warwickshire CC Aerial Imagery 2013"/>
  </way>
  <way id="376138621" version="3" timestamp="2022-02-01T20:28:18Z" changeset="116884023" uid="9065" user="brianboru">
    <nd ref="3795692224"/>
    <nd ref="3795692219"/>
    <nd ref="3795692223"/>
    <nd ref="3795692226"/>
    <nd ref="3795692224"/>
    <tag k="addr:city" v="Rugby"/>
    <tag k="addr:housenumber" v="32"/>
    <tag k="addr:street" v="Lime Tree Avenue"/>
    <tag k="addr:suburb" v="Bilton"/>
    <tag k="building" v="house"/>
    <tag k="source:geometry" v="Warwickshire CC Aerial Imagery 2013"/>
  </way>
  <way id="376138623" version="3" timestamp="2022-02-01T20:28:18Z" changeset="116884023" uid="9065" user="brianboru">
    <nd ref="3795692198"/>
    <nd ref="3795692189"/>
    <nd ref="3795692184"/>
    <nd ref="3795692191"/>
    <nd ref="3795692198"/>
    <tag k="addr:city" v="Rugby"/>
    <tag k="addr:housenumber" v="35"/>
    <tag k="addr:street" v="Lime Tree Avenue"/>
    <tag k="addr:suburb" v="Bilton"/>
    <tag k="building" v="house"/>
    <tag k="source:geometry" v="Warwickshire CC Aerial Imagery 2013"/>
  </way>
  <way id="376138629" version="4" timestamp="2022-02-01T20:28:18Z" changeset="116884023" uid="9065" user="brianboru">
    <nd ref="3795692058"/>
    <nd ref="3795691753"/>
    <nd ref="3795691747"/>
    <nd ref="3795691751"/>
    <nd ref="3795692058"/>
    <tag k="addr:housename" v="The Arches"/>
    <tag k="addr:housenumber" v="51"/>
    <tag k="addr:street" v="Lime Tree Avenue"/>
    <tag k="addr:suburb" v="Bilton"/>
    <tag k="building" v="house"/>
    <tag k="source:geometry" v="Warwickshire CC Aerial Imagery 2013"/>
  </way>
  <way id="376138631" version="4" timestamp="2022-02-01T20:28:18Z" changeset="116884023" uid="9065" user="brianboru">
    <nd ref="3795692077"/>
    <nd ref="3795692060"/>
    <nd ref="3795692057"/>
    <nd ref="3795692068"/>
    <nd ref="3795692077"/>
    <tag k="addr:housenumber" v="49"/>
    <tag k="addr:street" v="Lime Tree Avenue"/>
    <tag k="addr:suburb" v="Bilton"/>
    <tag k="building" v="house"/>
    <tag k="source:geometry" v="Warwickshire CC Aerial Imagery 2013"/>
  </way>
  <way id="376138634" version="3" timestamp="2022-02-01T20:28:18Z" changeset="116884023" uid="9065" user="brianboru">
    <nd ref="3795692107"/>
    <nd ref="3795692097"/>
    <nd ref="3795692091"/>
    <nd ref="3795692086"/>
    <nd ref="3795692081"/>
    <nd ref="3795692093"/>
    <nd ref="3795692107"/>
    <tag k="addr:housenumber" v="47"/>
    <tag k="addr:street" v="Lime Tree Avenue"/>
    <tag k="addr:suburb" v="Bilton"/>
    <tag k="building" v="house"/>
    <tag k="source:geometry" v="Warwickshire CC Aerial Imagery 2013"/>
  </way>
  <way id="376138635" version="4" timestamp="2022-02-01T20:28:18Z" changeset="116884023" uid="9065" user="brianboru">
    <nd ref="3795691694"/>
    <nd ref="3795691690"/>
    <nd ref="3795691687"/>
    <nd ref="3795691688"/>
    <nd ref="3795691685"/>
    <nd ref="3795691686"/>
    <nd ref="3795691694"/>
    <tag k="addr:housenumber" v="63"/>
    <tag k="addr:street" v="Lime Tree Avenue"/>
    <tag k="addr:suburb" v="Bilton"/>
    <tag k="building" v="house"/>
    <tag k="source:geometry" v="Warwickshire CC Aerial Imagery 2013"/>
  </way>
  <way id="376138637" version="3" timestamp="2022-02-01T20:28:18Z" changeset="116884023" uid="9065" user="brianboru">
    <nd ref="3795692218"/>
    <nd ref="3795692215"/>
    <nd ref="3795692213"/>
    <nd ref="3795692211"/>
    <nd ref="3795692220"/>
    <nd ref="3795692221"/>
    <nd ref="3795692222"/>
    <nd ref="3795692225"/>
    <nd ref="3795692218"/>
    <tag k="addr:city" v="Rugby"/>
    <tag k="addr:housenumber" v="34"/>
    <tag k="addr:street" v="Lime Tree Avenue"/>
    <tag k="addr:suburb" v="Bilton"/>
    <tag k="building" v="house"/>
    <tag k="source:geometry" v="Warwickshire CC Aerial Imagery 2013"/>
  </way>
  <way id="376138639" version="3" timestamp="2022-02-01T20:28:18Z" changeset="116884023" uid="9065" user="brianboru">
    <nd ref="3795692112"/>
    <nd ref="3795692106"/>
    <nd ref="3795692116"/>
    <nd ref="3795692119"/>
    <nd ref="3795692121"/>
    <nd ref="3795692125"/>
    <nd ref="3795692120"/>
    <nd ref="3795692117"/>
    <nd ref="3795692112"/>
    <tag k="addr:housenumber" v="43"/>
    <tag k="addr:street" v="Lime Tree Avenue"/>
    <tag k="addr:suburb" v="Bilton"/>
    <tag k="building" v="house"/>
    <tag k="source:geometry" v="Warwickshire CC Aerial Imagery 2013"/>
  </way>
  <way id="376138640" version="4" timestamp="2022-02-01T20:28:18Z" changeset="116884023" uid="9065" user="brianboru">
    <nd ref="3795691705"/>
    <nd ref="3795691702"/>
    <nd ref="3795691704"/>
    <nd ref="3795691701"/>
    <nd ref="3795691695"/>
    <nd ref="3795691696"/>
    <nd ref="3795691692"/>
    <nd ref="3795691697"/>
    <nd ref="3795691705"/>
    <tag k="addr:housename" v="The Headlands"/>
    <tag k="addr:housenumber" v="61"/>
    <tag k="addr:street" v="Lime Tree Avenue"/>
    <tag k="addr:suburb" v="Bilton"/>
    <tag k="building" v="house"/>
    <tag k="source:geometry" v="Warwickshire CC Aerial Imagery 2013"/>
  </way>
  <way id="376138642" version="4" timestamp="2022-02-01T20:28:18Z" changeset="116884023" uid="9065" user="brianboru">
    <nd ref="3795691742"/>
    <nd ref="3795691735"/>
    <nd ref="3795691723"/>
    <nd ref="3795691728"/>
    <nd ref="3795691733"/>
    <nd ref="3795691741"/>
    <nd ref="3795691746"/>
    <nd ref="3795691739"/>
    <nd ref="3795691742"/>
    <tag k="addr:housenumber" v="57"/>
    <tag k="addr:street" v="Lime Tree Avenue"/>
    <tag k="addr:suburb" v="Bilton"/>
    <tag k="building" v="house"/>
    <tag k="source:geometry" v="Warwickshire CC Aerial Imagery 2013"/>
  </way>
  <way id="376143290" version="2" timestamp="2022-02-01T20:28:18Z" changeset="116884023" uid="9065" user="brianboru">
    <nd ref="3795746376"/>
    <nd ref="3795746369"/>
    <nd ref="3795746368"/>
    <nd ref="3795746370"/>
    <nd ref="3795746372"/>
    <nd ref="3795746374"/>
    <nd ref="3795746376"/>
    <tag k="addr:city" v="Rugby"/>
    <tag k="addr:housenumber" v="33"/>
    <tag k="addr:street" v="Lime Tree Avenue"/>
    <tag k="addr:suburb" v="Bilton"/>
    <tag k="building" v="house"/>
    <tag k="source:geometry" v="Warwickshire CC Aerial Imagery 2013"/>
  </way>
  <way id="376151105" version="3" timestamp="2020-05-25T14:02:35Z" changeset="85720407" uid="9065" user="brianboru">
    <nd ref="762202214"/>
    <nd ref="762202223"/>
    <nd ref="3795930626"/>
    <nd ref="762202224"/>
    <nd ref="762202226"/>
    <nd ref="7556375871"/>
    <nd ref="762202228"/>
    <nd ref="7556375872"/>
    <nd ref="762202229"/>
    <nd ref="762202231"/>
    <nd ref="6606382984"/>
    <nd ref="6606382982"/>
    <nd ref="6606382983"/>
    <nd ref="762202183"/>
    <tag k="highway" v="residential"/>
    <tag k="name" v="Thurlaston Drive"/>
  </way>
  <way id="376453296" version="2" timestamp="2022-10-20T10:47:16Z" changeset="127830987" uid="5589" user="user_5589">
    <nd ref="13782332"/>
    <nd ref="2295912778"/>
    <nd ref="1369837483"/>
    <nd ref="2607618972"/>
    <nd ref="13782334"/>
    <nd ref="3677902996"/>
    <nd ref="3677902997"/>
    <nd ref="13782335"/>
    <nd ref="13782337"/>
    <nd ref="13782336"/>
    <nd ref="13782338"/>
    <nd ref="153432902"/>
    <tag k="highway" v="secondary"/>
    <tag k="maxspeed" v="30 mph"/>
    <tag k="name" v="Bilton Road"/>
    <tag k="ref" v="B4642"/>
    <tag k="surface" v="asphalt"/>
  </way>
  <way id="378945262" version="2" timestamp="2020-08-17T10:30:44Z" changeset="89511413" uid="11662436" user="Poisonadder1">
    <nd ref="3823077412"/>
    <nd ref="278294804"/>
    <nd ref="13781995"/>
    <nd ref="13781993"/>
    <nd ref="13781967"/>
    <nd ref="762202027"/>
    <nd ref="13781990"/>
    <nd ref="13781988"/>
    <tag k="highway" v="tertiary"/>
    <tag k="maxspeed" v="30 mph"/>
    <tag k="name" v="Cawston Lane"/>
    <tag k="surface" v="asphalt"/>
  </way>
  <way id="410090887" version="3" timestamp="2024-02-12T15:21:45Z" changeset="147371871" uid="13341565" user="Falsernet">
    <nd ref="2505528421"/>
    <nd ref="1223224737"/>
    <nd ref="2505528441"/>
    <nd ref="786404165"/>
    <tag k="highway" v="trunk"/>
    <tag k="lanes" v="2"/>
    <tag k="maxspeed" v="40 mph"/>
    <tag k="name" v="Coventry Road"/>
    <tag k="old_ref" v="A427"/>
    <tag k="oneway" v="yes"/>
    <tag k="ref" v="A4071"/>
    <tag k="shoulder" v="no"/>
    <tag k="source:maxheight" v="Warwickshire OpenData"/>
  </way>
  <way id="464124115" version="5" timestamp="2024-05-06T08:58:57Z" changeset="150953706" uid="5589" user="user_5589">
    <nd ref="4592754023"/>
    <nd ref="1611666650"/>
    <nd ref="4592754022"/>
    <tag k="bridge" v="yes"/>
    <tag k="highway" v="trunk"/>
    <tag k="lanes" v="2"/>
    <tag k="layer" v="1"/>
    <tag k="maxspeed" v="50 mph"/>
    <tag k="maxweight:signed" v="no"/>
    <tag k="name" v="Daventry Road"/>
    <tag k="ref" v="A45"/>
    <tag k="sidewalk" v="right"/>
    <tag k="surface" v="asphalt"/>
  </way>
  <way id="464124116" version="5" timestamp="2024-10-24T20:33:07Z" changeset="158312858" uid="5229644" user="Nathan_A_RF">
    <nd ref="25880774"/>
    <nd ref="12286171852"/>
    <nd ref="12286171851"/>
    <nd ref="5764370485"/>
    <nd ref="12286171850"/>
    <nd ref="1611666651"/>
    <nd ref="4592754023"/>
    <tag k="highway" v="trunk"/>
    <tag k="lanes" v="2"/>
    <tag k="maxspeed" v="50 mph"/>
    <tag k="name" v="Daventry Road"/>
    <tag k="ref" v="A45"/>
    <tag k="sidewalk" v="right"/>
    <tag k="surface" v="asphalt"/>
  </way>
  <way id="573324763" version="2" timestamp="2025-07-12T23:58:37Z" changeset="168855231" uid="8857" user="philipcullen">
    <nd ref="5506788475"/>
    <nd ref="5506788476"/>
    <nd ref="5506788477"/>
    <nd ref="5506788478"/>
    <nd ref="5506788475"/>
    <tag k="addr:housenumber" v="17"/>
    <tag k="addr:street" v="Vicarage Lane"/>
    <tag k="building" v="house"/>
    <tag k="building:levels" v="2"/>
    <tag k="ref:GB:uprn" v="100070200740"/>
  </way>
  <way id="580456538" version="3" timestamp="2020-01-17T06:13:12Z" changeset="79679480" uid="8446889" user="nimmalab">
    <nd ref="820498295"/>
    <nd ref="6576223300"/>
    <nd ref="6576223293"/>
    <tag k="highway" v="residential"/>
    <tag k="lanes" v="1"/>
    <tag k="maxspeed" v="30 mph"/>
    <tag k="name" v="Elborow Way"/>
    <tag k="oneway" v="yes"/>
    <tag k="surface" v="asphalt"/>
  </way>
  <way id="580456540" version="4" timestamp="2022-03-10T11:19:47Z" changeset="118319414" uid="9065" user="brianboru">
    <nd ref="5556559515"/>
    <nd ref="5556559516"/>
    <nd ref="5556559517"/>
    <nd ref="5556559518"/>
    <nd ref="5556559519"/>
    <nd ref="5556559520"/>
    <nd ref="5556559515"/>
    <tag k="addr:city" v="Rugby"/>
    <tag k="addr:housenumber" v="2"/>
    <tag k="addr:postcode" v="CV22 7XD"/>
    <tag k="addr:street" v="Elborow Way"/>
    <tag k="addr:suburb" v="Cawston"/>
    <tag k="building" v="house"/>
  </way>
  <way id="597874245" version="3" timestamp="2023-08-27T21:15:19Z" changeset="140468526" uid="13001300" user="simonc11">
    <nd ref="5691357979"/>
    <nd ref="8209627329"/>
    <nd ref="5691357978"/>
    <nd ref="5691357977"/>
    <nd ref="5691357976"/>
    <nd ref="5691357975"/>
    <nd ref="5691357974"/>
    <nd ref="5691357979"/>
    <tag k="addr:city" v="Dunchurch"/>
    <tag k="addr:postcode" v="CV22 6PA"/>
    <tag k="addr:street" v="School Street"/>
    <tag k="amenity" v="library"/>
    <tag k="building" v="yes"/>
    <tag k="name" v="Dunchurch Community Library"/>
    <tag k="operator" v="Warwickshire County Council"/>
    <tag k="operator:type" v="government"/>
    <tag k="source" v="Warwicks CC Aerial Imagery 2013"/>
    <tag k="wikidata" v="Q55113075"/>
  </way>
  <way id="597874253" version="2" timestamp="2024-10-17T13:41:52Z" changeset="158008791" uid="346039" user="fitzsimons">
    <nd ref="5691358010"/>
    <nd ref="5691358006"/>
    <nd ref="5691358000"/>
    <nd ref="5691357999"/>
    <nd ref="5691358005"/>
    <nd ref="5691358004"/>
    <nd ref="5691358003"/>
    <nd ref="5691358002"/>
    <nd ref="5691358007"/>
    <nd ref="5691358010"/>
    <tag k="building" v="yes"/>
    <tag k="name" v="Dunchurch Social Club"/>
    <tag k="source" v="Warwicks CC Aerial Imagery 2013"/>
  </way>
  <way id="608430591" version="4" timestamp="2024-10-24T20:33:07Z" changeset="158312858" uid="5229644" user="Nathan_A_RF">
    <nd ref="331669"/>
    <nd ref="12286171843"/>
    <nd ref="2495064990"/>
    <tag k="highway" v="motorway_link"/>
    <tag k="lanes" v="1"/>
    <tag k="lit" v="no"/>
    <tag k="maxspeed" v="70 mph"/>
    <tag k="maxspeed:type" v="GB:motorway"/>
    <tag k="national_highways:area" v="7"/>
    <tag k="oneway" v="yes"/>
    <tag k="operator" v="National Highways"/>
    <tag k="operator:wikidata" v="Q5760006"/>
    <tag k="ref" v="M45"/>
  </way>
  <way id="608432120" version="6" timestamp="2024-10-24T20:33:07Z" changeset="158312858" uid="5229644" user="Nathan_A_RF">
    <nd ref="331665"/>
    <nd ref="12286171839"/>
    <nd ref="5764386150"/>
    <tag k="destination" v="Daventry"/>
    <tag k="destination:ref" v="A45"/>
    <tag k="highway" v="motorway_link"/>
    <tag k="lanes" v="1"/>
    <tag k="lit" v="no"/>
    <tag k="maxspeed" v="70 mph"/>
    <tag k="maxspeed:type" v="GB:motorway"/>
    <tag k="national_highways:area" v="7"/>
    <tag k="oneway" v="yes"/>
    <tag k="operator" v="National Highways"/>
    <tag k="operator:wikidata" v="Q5760006"/>
    <tag k="ref" v="M45"/>
    <tag k="surface" v="asphalt"/>
  </way>
  <way id="608436320" version="6" timestamp="2025-10-05T13:51:00Z" changeset="172868618" uid="17128620" user="Pineajelly">
    <nd ref="5764428942"/>
    <nd ref="1481420579"/>
    <tag k="highway" v="trunk"/>
    <tag k="lanes" v="3"/>
    <tag k="lanes:backward" v="1"/>
    <tag k="lanes:forward" v="2"/>
    <tag k="maxspeed" v="50 mph"/>
    <tag k="maxspeed:type" v="sign"/>
    <tag k="name" v="Rugby Road"/>
    <tag k="old_ref" v="A427"/>
    <tag k="ref" v="A4071"/>
    <tag k="shoulder" v="no"/>
    <tag k="turn:lanes:forward" v="slight_left|slight_right"/>
  </way>
  <way id="655979071" version="1" timestamp="2018-12-18T15:19:52Z" changeset="65583771" uid="9065" user="brianboru">
    <nd ref="6145431932"/>
    <nd ref="539909009"/>
    <nd ref="539909014"/>
    <tag k="highway" v="residential"/>
    <tag k="name" v="Ferrieres Close"/>
    <tag k="surface" v="asphalt"/>
  </way>
  <way id="655979084" version="6" timestamp="2021-10-13T16:46:25Z" changeset="112470475" uid="34867" user="SammyTheSnake">
    <nd ref="6145432415"/>
    <nd ref="6145432414"/>
    <nd ref="6145432413"/>
    <nd ref="6145432412"/>
    <nd ref="6145432415"/>
    <tag k="addr:housenumber" v="1,2,3"/>
    <tag k="addr:street" v="Rugby Road"/>
    <tag k="building" v="semidetached_house"/>
    <tag k="building:levels" v="2"/>
    <tag k="roof:levels" v="0"/>
    <tag k="roof:shape" v="half-hipped"/>
    <tag k="source" v="Warwicks CC Aerial Imagery 2013"/>
  </way>
  <way id="655979088" version="3" timestamp="2021-10-02T10:20:38Z" changeset="111994790" uid="34867" user="SammyTheSnake">
    <nd ref="6145431780"/>
    <nd ref="6145431779"/>
    <nd ref="6145431778"/>
    <nd ref="6145431777"/>
    <nd ref="6145431776"/>
    <nd ref="6145431775"/>
    <nd ref="6145431780"/>
    <tag k="addr:housenumber" v="6"/>
    <tag k="addr:street" v="Southam Road"/>
    <tag k="building" v="residential"/>
    <tag k="source" v="Warwicks CC Aerial Imagery 2013"/>
  </way>
  <way id="655979099" version="1" timestamp="2018-12-18T15:19:54Z" changeset="65583771" uid="9065" user="brianboru">
    <nd ref="6145432551"/>
    <nd ref="6145432550"/>
    <tag k="highway" v="residential"/>
    <tag k="name" v="Mill Farm Close"/>
    <tag k="source" v="Warwicks CC Aerial Imagery 2013"/>
  </way>
  <way id="655985249" version="1" timestamp="2018-12-18T15:58:03Z" changeset="65584792" uid="9065" user="brianboru">
    <nd ref="6145486780"/>
    <nd ref="6145486779"/>
    <nd ref="6145486781"/>
    <nd ref="1373935063"/>
    <tag k="access" v="private"/>
    <tag k="highway" v="residential"/>
    <tag k="name" v="Guy's Common"/>
    <tag k="source" v="survey"/>
  </way>
  <way id="655985266" version="3" timestamp="2020-08-17T11:34:22Z" changeset="89515944" uid="11662436" user="Poisonadder1">
    <nd ref="6145487823"/>
    <nd ref="6145487822"/>
    <nd ref="6145487821"/>
    <nd ref="6145487820"/>
    <nd ref="6145487819"/>
    <nd ref="6145487818"/>
    <nd ref="6145487817"/>
    <nd ref="6145487816"/>
    <nd ref="6145487815"/>
    <nd ref="6145487814"/>
    <nd ref="6145487813"/>
    <nd ref="6145487812"/>
    <nd ref="6145487823"/>
    <tag k="addr:housenumber" v="59,61"/>
    <tag k="addr:street" v="Rugby Road"/>
    <tag k="building" v="residential"/>
    <tag k="source" v="Warwicks CC Aerial Imagery 2013"/>
  </way>
  <way id="655985267" version="3" timestamp="2020-08-17T11:34:23Z" changeset="89515944" uid="11662436" user="Poisonadder1">
    <nd ref="6145487832"/>
    <nd ref="6145487831"/>
    <nd ref="6145487830"/>
    <nd ref="6145487829"/>
    <nd ref="6145487828"/>
    <nd ref="6145487827"/>
    <nd ref="6145487826"/>
    <nd ref="6145487825"/>
    <nd ref="6145487832"/>
    <tag k="addr:housenumber" v="55,57"/>
    <tag k="addr:street" v="Rugby Road"/>
    <tag k="building" v="residential"/>
    <tag k="source" v="Warwicks CC Aerial Imagery 2013"/>
  </way>
  <way id="655985268" version="3" timestamp="2020-08-17T11:34:23Z" changeset="89515944" uid="11662436" user="Poisonadder1">
    <nd ref="6145487842"/>
    <nd ref="6145487841"/>
    <nd ref="6145487840"/>
    <nd ref="6145487839"/>
    <nd ref="6145487838"/>
    <nd ref="6145487837"/>
    <nd ref="6145487836"/>
    <nd ref="6145487835"/>
    <nd ref="6145487834"/>
    <nd ref="6145487833"/>
    <nd ref="6145487842"/>
    <tag k="addr:housenumber" v="51,53"/>
    <tag k="addr:street" v="Rugby Road"/>
    <tag k="building" v="residential"/>
    <tag k="source" v="Warwicks CC Aerial Imagery 2013"/>
  </way>
  <way id="655985269" version="3" timestamp="2020-08-17T11:34:23Z" changeset="89515944" uid="11662436" user="Poisonadder1">
    <nd ref="6145487854"/>
    <nd ref="6145487853"/>
    <nd ref="6145487852"/>
    <nd ref="6145487851"/>
    <nd ref="6145487850"/>
    <nd ref="6145487849"/>
    <nd ref="6145487848"/>
    <nd ref="6145487847"/>
    <nd ref="6145487846"/>
    <nd ref="6145487845"/>
    <nd ref="6145487844"/>
    <nd ref="6145487843"/>
    <nd ref="6145487854"/>
    <tag k="addr:housenumber" v="47,49"/>
    <tag k="addr:street" v="Rugby Road"/>
    <tag k="building" v="residential"/>
    <tag k="source" v="Warwicks CC Aerial Imagery 2013"/>
  </way>
  <way id="655985270" version="3" timestamp="2020-08-17T11:34:24Z" changeset="89515944" uid="11662436" user="Poisonadder1">
    <nd ref="6145487864"/>
    <nd ref="6145487863"/>
    <nd ref="6145487862"/>
    <nd ref="6145487861"/>
    <nd ref="6145487860"/>
    <nd ref="6145487859"/>
    <nd ref="6145487858"/>
    <nd ref="6145487857"/>
    <nd ref="6145487856"/>
    <nd ref="6145487855"/>
    <nd ref="6145487864"/>
    <tag k="addr:housenumber" v="43,45"/>
    <tag k="addr:street" v="Rugby Road"/>
    <tag k="building" v="residential"/>
    <tag k="source" v="Warwicks CC Aerial Imagery 2013"/>
  </way>
  <way id="655985271" version="3" timestamp="2020-08-17T11:34:24Z" changeset="89515944" uid="11662436" user="Poisonadder1">
    <nd ref="6145487870"/>
    <nd ref="6145487869"/>
    <nd ref="6145487868"/>
    <nd ref="6145487867"/>
    <nd ref="6145487866"/>
    <nd ref="6145487865"/>
    <nd ref="6145487870"/>
    <tag k="addr:housenumber" v="41"/>
    <tag k="addr:street" v="Rugby Road"/>
    <tag k="building" v="residential"/>
    <tag k="source" v="Warwicks CC Aerial Imagery 2013"/>
  </way>
  <way id="655985272" version="4" timestamp="2025-07-12T23:58:37Z" changeset="168855231" uid="8857" user="philipcullen">
    <nd ref="6145487733"/>
    <nd ref="6145487732"/>
    <nd ref="6145487731"/>
    <nd ref="6145487730"/>
    <nd ref="6145487733"/>
    <tag k="addr:housenumber" v="39"/>
    <tag k="addr:street" v="Rugby Road"/>
    <tag k="building" v="residential"/>
    <tag k="ref:GB:uprn" v="100070197229"/>
    <tag k="source" v="Warwicks CC Aerial Imagery 2013"/>
  </way>
  <way id="655985273" version="3" timestamp="2022-02-28T21:09:32Z" changeset="117959416" uid="1239242" user="Sami Kerola">
    <nd ref="6145487767"/>
    <nd ref="6145487766"/>
    <nd ref="6145487765"/>
    <nd ref="6145487764"/>
    <nd ref="6145487763"/>
    <nd ref="6145487762"/>
    <nd ref="6145487761"/>
    <nd ref="6145487760"/>
    <nd ref="6145487759"/>
    <nd ref="6145487758"/>
    <nd ref="6145487757"/>
    <nd ref="6145487756"/>
    <nd ref="6145487755"/>
    <nd ref="6145487754"/>
    <nd ref="6145487753"/>
    <nd ref="6145487752"/>
    <nd ref="6145487751"/>
    <nd ref="6145487750"/>
    <nd ref="6145487749"/>
    <nd ref="6145487748"/>
    <nd ref="6145487747"/>
    <nd ref="6145487746"/>
    <nd ref="6145487745"/>
    <nd ref="6145487744"/>
    <nd ref="6145487743"/>
    <nd ref="6145487742"/>
    <nd ref="6145487741"/>
    <nd ref="6145487740"/>
    <nd ref="6145487739"/>
    <nd ref="6145487738"/>
    <nd ref="6145487737"/>
    <nd ref="6145487736"/>
    <nd ref="6145487735"/>
    <nd ref="6145487734"/>
    <nd ref="6145487767"/>
    <tag k="addr:city" v="Rugby"/>
    <tag k="addr:housename" v="Bilton Grange Preparatory School,"/>
    <tag k="addr:postcode" v="CV22 6QU"/>
    <tag k="addr:street" v="Dunchur h"/>
    <tag k="building" v="school"/>
    <tag k="heritage" v="2"/>
    <tag k="heritage:operator" v="Historic England"/>
    <tag k="listed_status" v="Grade II*"/>
    <tag k="name" v="Bilton Grange Preparatory School"/>
    <tag k="source" v="Warwicks CC Aerial Imagery 2013"/>
  </way>
  <way id="655985277" version="5" timestamp="2020-08-17T11:34:25Z" changeset="89515944" uid="11662436" user="Poisonadder1">
    <nd ref="6145487999"/>
    <nd ref="7819914625"/>
    <nd ref="7819914626"/>
    <nd ref="7819914627"/>
    <nd ref="6145487997"/>
    <nd ref="6145487996"/>
    <nd ref="6145487999"/>
    <tag k="addr:housenumber" v="35,37"/>
    <tag k="addr:street" v="Rugby Road"/>
    <tag k="building" v="residential"/>
    <tag k="source" v="Warwicks CC Aerial Imagery 2013"/>
  </way>
  <way id="655985278" version="4" timestamp="2025-07-12T23:58:37Z" changeset="168855231" uid="8857" user="philipcullen">
    <nd ref="6145488005"/>
    <nd ref="6145488004"/>
    <nd ref="6145488003"/>
    <nd ref="6145488002"/>
    <nd ref="6145488001"/>
    <nd ref="6145488000"/>
    <nd ref="6145488005"/>
    <tag k="addr:housenumber" v="33"/>
    <tag k="addr:street" v="Rugby Road"/>
    <tag k="building" v="residential"/>
    <tag k="ref:GB:uprn" v="100070197223"/>
    <tag k="source" v="Warwicks CC Aerial Imagery 2013"/>
  </way>
  <way id="655985279" version="4" timestamp="2025-07-12T23:58:37Z" changeset="168855231" uid="8857" user="philipcullen">
    <nd ref="6145488011"/>
    <nd ref="6145488010"/>
    <nd ref="6145488009"/>
    <nd ref="6145488008"/>
    <nd ref="6145488007"/>
    <nd ref="6145488006"/>
    <nd ref="6145488011"/>
    <tag k="addr:housenumber" v="31"/>
    <tag k="addr:street" v="Rugby Road"/>
    <tag k="building" v="residential"/>
    <tag k="ref:GB:uprn" v="100070197221"/>
    <tag k="source" v="Warwicks CC Aerial Imagery 2013"/>
  </way>
  <way id="655985280" version="4" timestamp="2025-07-12T23:58:37Z" changeset="168855231" uid="8857" user="philipcullen">
    <nd ref="6145488015"/>
    <nd ref="6145488014"/>
    <nd ref="6145488013"/>
    <nd ref="6145488012"/>
    <nd ref="6145488015"/>
    <tag k="addr:housenumber" v="29"/>
    <tag k="addr:street" v="Rugby Road"/>
    <tag k="building" v="residential"/>
    <tag k="ref:GB:uprn" v="100070197219"/>
    <tag k="source" v="Warwicks CC Aerial Imagery 2013"/>
  </way>
  <way id="655985281" version="3" timestamp="2020-08-17T11:34:27Z" changeset="89515944" uid="11662436" user="Poisonadder1">
    <nd ref="6145488019"/>
    <nd ref="6145488018"/>
    <nd ref="6145488017"/>
    <nd ref="6145488016"/>
    <nd ref="6145488019"/>
    <tag k="addr:housenumber" v="25,27"/>
    <tag k="addr:street" v="Rugby Road"/>
    <tag k="building" v="residential"/>
    <tag k="source" v="Warwicks CC Aerial Imagery 2013"/>
  </way>
  <way id="655985282" version="3" timestamp="2020-08-17T11:34:27Z" changeset="89515944" uid="11662436" user="Poisonadder1">
    <nd ref="6145488023"/>
    <nd ref="6145488022"/>
    <nd ref="6145488021"/>
    <nd ref="6145488020"/>
    <nd ref="6145488023"/>
    <tag k="addr:housenumber" v="21,23"/>
    <tag k="addr:street" v="Rugby Road"/>
    <tag k="building" v="residential"/>
    <tag k="source" v="Warwicks CC Aerial Imagery 2013"/>
  </way>
  <way id="655985283" version="4" timestamp="2020-08-17T11:34:27Z" changeset="89515944" uid="11662436" user="Poisonadder1">
    <nd ref="6145488028"/>
    <nd ref="6145488027"/>
    <nd ref="6145488026"/>
    <nd ref="6145488025"/>
    <nd ref="6145488028"/>
    <tag k="addr:housenumber" v="19"/>
    <tag k="addr:street" v="Rugby Road"/>
    <tag k="building" v="residential"/>
    <tag k="source" v="Warwicks CC Aerial Imagery 2013"/>
  </way>
  <way id="655985284" version="3" timestamp="2020-08-17T11:34:28Z" changeset="89515944" uid="11662436" user="Poisonadder1">
    <nd ref="6145487318"/>
    <nd ref="6145487317"/>
    <nd ref="6145487316"/>
    <nd ref="6145487315"/>
    <nd ref="6145487314"/>
    <nd ref="6145487313"/>
    <nd ref="6145487312"/>
    <nd ref="6145488029"/>
    <nd ref="6145487318"/>
    <tag k="addr:housenumber" v="15,17"/>
    <tag k="addr:street" v="Rugby Road"/>
    <tag k="building" v="residential"/>
    <tag k="source" v="Warwicks CC Aerial Imagery 2013"/>
  </way>
  <way id="655985299" version="3" timestamp="2021-10-08T09:48:45Z" changeset="112254836" uid="34867" user="SammyTheSnake">
    <nd ref="6145488211"/>
    <nd ref="6145488210"/>
    <nd ref="6145488209"/>
    <nd ref="6145488208"/>
    <nd ref="6145488207"/>
    <nd ref="6145488206"/>
    <nd ref="6145488211"/>
    <tag k="addr:housenumber" v="24"/>
    <tag k="addr:street" v="Southam Road"/>
    <tag k="building" v="residential"/>
    <tag k="source" v="Warwicks CC Aerial Imagery 2013"/>
  </way>
  <way id="655985302" version="3" timestamp="2021-10-08T09:48:38Z" changeset="112254836" uid="34867" user="SammyTheSnake">
    <nd ref="6145488293"/>
    <nd ref="6145488290"/>
    <nd ref="6145488289"/>
    <nd ref="6145488288"/>
    <nd ref="6145488287"/>
    <nd ref="6145488292"/>
    <nd ref="6145488293"/>
    <tag k="addr:housenumber" v="14,T Tiddlywinks Cottage, 16,17"/>
    <tag k="addr:street" v="Southam Road"/>
    <tag k="building" v="residential"/>
    <tag k="source" v="Warwicks CC Aerial Imagery 2013"/>
  </way>
  <way id="663256185" version="1" timestamp="2019-01-14T18:17:40Z" changeset="66310263" uid="9065" user="brianboru">
    <nd ref="6208446098"/>
    <nd ref="6208446097"/>
    <tag k="highway" v="residential"/>
    <tag k="source" v="Warwicks CC Aerial Imagery 2013"/>
  </way>
  <way id="663256193" version="1" timestamp="2019-01-14T18:17:41Z" changeset="66310263" uid="9065" user="brianboru">
    <nd ref="6208446314"/>
    <nd ref="6208446313"/>
    <tag k="highway" v="residential"/>
    <tag k="name" v="The Hall Close"/>
    <tag k="source" v="Warwicks CC Aerial Imagery 2013"/>
  </way>
  <way id="663263336" version="1" timestamp="2019-01-14T18:39:29Z" changeset="66310838" uid="9065" user="brianboru">
    <nd ref="6208501570"/>
    <nd ref="6208501569"/>
    <tag k="highway" v="residential"/>
    <tag k="name" v="New Combe Close"/>
    <tag k="source" v="Warwicks CC Aerial Imagery 2013"/>
  </way>
  <way id="664488769" version="1" timestamp="2019-01-18T19:59:00Z" changeset="66438403" uid="9065" user="brianboru">
    <nd ref="6219349869"/>
    <nd ref="6219349868"/>
    <tag k="highway" v="residential"/>
    <tag k="name" v="Dew Close"/>
    <tag k="source" v="Warwicks CC Aerial Imagery 2013"/>
  </way>
  <way id="664488770" version="1" timestamp="2019-01-18T19:59:00Z" changeset="66438403" uid="9065" user="brianboru">
    <nd ref="6219350126"/>
    <nd ref="6219349870"/>
    <tag k="highway" v="residential"/>
    <tag k="name" v="Medhurst Close"/>
    <tag k="source" v="Warwicks CC Aerial Imagery 2013"/>
  </way>
  <way id="664488811" version="1" timestamp="2019-01-18T19:59:02Z" changeset="66438403" uid="9065" user="brianboru">
    <nd ref="6219350169"/>
    <nd ref="6219350168"/>
    <tag k="highway" v="residential"/>
    <tag k="name" v="Hazelwood Close"/>
    <tag k="source" v="Warwicks CC Aerial Imagery 2013"/>
  </way>
  <way id="665119818" version="3" timestamp="2025-07-12T23:58:37Z" changeset="168855231" uid="8857" user="philipcullen">
    <nd ref="6225478742"/>
    <nd ref="6225478739"/>
    <nd ref="6225478738"/>
    <nd ref="6225478737"/>
    <nd ref="6225478736"/>
    <nd ref="6225478735"/>
    <nd ref="8209627340"/>
    <nd ref="8209627339"/>
    <nd ref="6225478742"/>
    <tag k="amenity" v="place_of_worship"/>
    <tag k="building" v="church"/>
    <tag k="name" v="Dunchurch Baptist Church"/>
    <tag k="note" v="new church, approx shape from photos"/>
    <tag k="ref:GB:uprn" v="10010512698"/>
    <tag k="religion" v="christian"/>
    <tag k="source" v="survey"/>
  </way>
  <way id="665121831" version="3" timestamp="2020-08-17T11:34:28Z" changeset="89515944" uid="11662436" user="Poisonadder1">
    <nd ref="6225499233"/>
    <nd ref="6225499232"/>
    <nd ref="6225499231"/>
    <nd ref="6225499230"/>
    <nd ref="6225499229"/>
    <nd ref="6225499228"/>
    <nd ref="6225499227"/>
    <nd ref="6225499226"/>
    <nd ref="6225499233"/>
    <tag k="addr:housenumber" v="11"/>
    <tag k="addr:street" v="Bilton Lane"/>
    <tag k="building" v="residential"/>
    <tag k="source" v="Warwicks CC Aerial Imagery 2013"/>
  </way>
  <way id="665121832" version="5" timestamp="2020-08-18T17:16:04Z" changeset="89588097" uid="11662436" user="Poisonadder1">
    <nd ref="6225499241"/>
    <nd ref="6225499240"/>
    <nd ref="6225499239"/>
    <nd ref="6225499238"/>
    <nd ref="6225499237"/>
    <nd ref="6225499236"/>
    <nd ref="6225499235"/>
    <nd ref="6225499234"/>
    <nd ref="6225499241"/>
    <tag k="addr:housenumber" v="9"/>
    <tag k="addr:street" v="Bilton Lane"/>
    <tag k="building" v="residential"/>
    <tag k="source" v="Warwicks CC Aerial Imagery 2013"/>
  </way>
  <way id="665121833" version="3" timestamp="2020-08-17T11:34:29Z" changeset="89515944" uid="11662436" user="Poisonadder1">
    <nd ref="6225499247"/>
    <nd ref="6225499246"/>
    <nd ref="6225499245"/>
    <nd ref="6225499244"/>
    <nd ref="6225499243"/>
    <nd ref="6225499242"/>
    <nd ref="6225499247"/>
    <tag k="addr:housenumber" v="5,7"/>
    <tag k="addr:street" v="Bilton Lane"/>
    <tag k="building" v="residential"/>
    <tag k="source" v="Warwicks CC Aerial Imagery 2013"/>
  </way>
  <way id="665121834" version="4" timestamp="2020-08-17T11:34:30Z" changeset="89515944" uid="11662436" user="Poisonadder1">
    <nd ref="6225499251"/>
    <nd ref="6225499248"/>
    <nd ref="6225499249"/>
    <nd ref="6225499250"/>
    <nd ref="6225499254"/>
    <nd ref="6225499253"/>
    <nd ref="6225499252"/>
    <nd ref="6225499251"/>
    <tag k="addr:housenumber" v="1,3"/>
    <tag k="addr:street" v="Bilton Lane"/>
    <tag k="building" v="residential"/>
    <tag k="source" v="Warwicks CC Aerial Imagery 2013"/>
  </way>
  <way id="665675477" version="1" timestamp="2019-01-23T19:04:42Z" changeset="66579345" uid="9065" user="brianboru">
    <nd ref="6230980983"/>
    <nd ref="762202025"/>
    <nd ref="6230980982"/>
    <tag k="highway" v="residential"/>
    <tag k="name" v="Cox Crescent"/>
    <tag k="source" v="Warwicks CC Aerial Imagery 2013"/>
  </way>
  <way id="665676346" version="4" timestamp="2020-08-17T11:34:30Z" changeset="89515944" uid="11662436" user="Poisonadder1">
    <nd ref="6230987233"/>
    <nd ref="6230987232"/>
    <nd ref="6230987231"/>
    <nd ref="6230987230"/>
    <nd ref="6230987233"/>
    <tag k="addr:housenumber" v="17,18"/>
    <tag k="addr:street" v="Weston Close"/>
    <tag k="building" v="residential"/>
    <tag k="building:levels" v="2"/>
    <tag k="source" v="Warwicks CC Aerial Imagery 2013"/>
  </way>
  <way id="665676347" version="4" timestamp="2020-08-17T11:34:31Z" changeset="89515944" uid="11662436" user="Poisonadder1">
    <nd ref="6230987236"/>
    <nd ref="6230987235"/>
    <nd ref="6230987234"/>
    <nd ref="6230987237"/>
    <nd ref="6230987236"/>
    <tag k="addr:housenumber" v="15,16"/>
    <tag k="addr:street" v="Weston Close"/>
    <tag k="building" v="residential"/>
    <tag k="building:levels" v="2"/>
    <tag k="source" v="Warwicks CC Aerial Imagery 2013"/>
  </way>
  <way id="665676348" version="5" timestamp="2020-08-17T11:34:31Z" changeset="89515944" uid="11662436" user="Poisonadder1">
    <nd ref="6230987240"/>
    <nd ref="6230987239"/>
    <nd ref="6230987238"/>
    <nd ref="6230987237"/>
    <nd ref="6230987236"/>
    <nd ref="6230987240"/>
    <tag k="addr:housenumber" v="13,14"/>
    <tag k="addr:street" v="Weston Close"/>
    <tag k="building" v="residential"/>
    <tag k="building:levels" v="2"/>
    <tag k="source" v="Warwicks CC Aerial Imagery 2013"/>
  </way>
  <way id="665676349" version="4" timestamp="2020-08-17T11:34:32Z" changeset="89515944" uid="11662436" user="Poisonadder1">
    <nd ref="6230987246"/>
    <nd ref="6230987242"/>
    <nd ref="6230987241"/>
    <nd ref="6230987243"/>
    <nd ref="6230987246"/>
    <tag k="addr:housenumber" v="12"/>
    <tag k="addr:street" v="Weston Close"/>
    <tag k="building" v="residential"/>
    <tag k="building:levels" v="1"/>
    <tag k="roof:levels" v="1"/>
    <tag k="source" v="Warwicks CC Aerial Imagery 2013"/>
  </way>
  <way id="665676350" version="4" timestamp="2020-08-17T11:34:32Z" changeset="89515944" uid="11662436" user="Poisonadder1">
    <nd ref="6230987246"/>
    <nd ref="6230987245"/>
    <nd ref="6230987244"/>
    <nd ref="6230987243"/>
    <nd ref="6230987246"/>
    <tag k="addr:housenumber" v="11"/>
    <tag k="addr:street" v="Weston Close"/>
    <tag k="building" v="residential"/>
    <tag k="building:levels" v="1"/>
    <tag k="generator:method" v="photovoltaic"/>
    <tag k="generator:output:electricity" v="yes"/>
    <tag k="generator:source" v="solar"/>
    <tag k="generator:type" v="solar_photovoltaic_panel"/>
    <tag k="power" v="generator"/>
    <tag k="roof:levels" v="1"/>
    <tag k="source" v="Warwicks CC Aerial Imagery 2013"/>
  </way>
  <way id="665676351" version="4" timestamp="2020-08-17T11:34:33Z" changeset="89515944" uid="11662436" user="Poisonadder1">
    <nd ref="6230987250"/>
    <nd ref="6230987249"/>
    <nd ref="6230987248"/>
    <nd ref="6230987247"/>
    <nd ref="6230987250"/>
    <tag k="addr:housenumber" v="9,10"/>
    <tag k="addr:street" v="Weston Close"/>
    <tag k="building" v="residential"/>
    <tag k="building:levels" v="1"/>
    <tag k="roof:levels" v="1"/>
    <tag k="source" v="Warwicks CC Aerial Imagery 2013"/>
  </way>
  <way id="665676352" version="4" timestamp="2020-08-17T11:34:33Z" changeset="89515944" uid="11662436" user="Poisonadder1">
    <nd ref="6230987254"/>
    <nd ref="6230987253"/>
    <nd ref="6230987252"/>
    <nd ref="6230987251"/>
    <nd ref="6230987254"/>
    <tag k="addr:housenumber" v="7,8"/>
    <tag k="addr:street" v="Weston Close"/>
    <tag k="building" v="residential"/>
    <tag k="building:levels" v="1"/>
    <tag k="roof:levels" v="1"/>
    <tag k="source" v="Warwicks CC Aerial Imagery 2013"/>
  </way>
  <way id="665676353" version="4" timestamp="2020-08-17T11:34:34Z" changeset="89515944" uid="11662436" user="Poisonadder1">
    <nd ref="6230987260"/>
    <nd ref="6230987259"/>
    <nd ref="6230987258"/>
    <nd ref="6230987257"/>
    <nd ref="6230987256"/>
    <nd ref="6230987255"/>
    <nd ref="6230987260"/>
    <tag k="addr:housenumber" v="5,6"/>
    <tag k="addr:street" v="Weston Close"/>
    <tag k="building" v="residential"/>
    <tag k="building:levels" v="1"/>
    <tag k="roof:levels" v="1"/>
    <tag k="source" v="Warwicks CC Aerial Imagery 2013"/>
  </way>
  <way id="665676354" version="4" timestamp="2020-08-17T11:34:34Z" changeset="89515944" uid="11662436" user="Poisonadder1">
    <nd ref="6230987268"/>
    <nd ref="6230987267"/>
    <nd ref="6230987266"/>
    <nd ref="6230987265"/>
    <nd ref="6230987264"/>
    <nd ref="6230987263"/>
    <nd ref="6230987262"/>
    <nd ref="6230987261"/>
    <nd ref="6230987268"/>
    <tag k="addr:housenumber" v="3,4"/>
    <tag k="addr:street" v="Weston Close"/>
    <tag k="building" v="residential"/>
    <tag k="building:levels" v="1"/>
    <tag k="roof:levels" v="1"/>
    <tag k="source" v="Warwicks CC Aerial Imagery 2013"/>
  </way>
  <way id="665676355" version="4" timestamp="2020-08-17T11:34:34Z" changeset="89515944" uid="11662436" user="Poisonadder1">
    <nd ref="6230987274"/>
    <nd ref="6230987273"/>
    <nd ref="6230987272"/>
    <nd ref="6230987271"/>
    <nd ref="6230987270"/>
    <nd ref="6230987269"/>
    <nd ref="6230987274"/>
    <tag k="addr:housenumber" v="1,2"/>
    <tag k="addr:street" v="Weston Close"/>
    <tag k="building" v="residential"/>
    <tag k="building:levels" v="1"/>
    <tag k="roof:levels" v="1"/>
    <tag k="source" v="Warwicks CC Aerial Imagery 2013"/>
  </way>
  <way id="672943805" version="1" timestamp="2019-02-25T17:43:53Z" changeset="67556667" uid="346039" user="fitzsimons">
    <nd ref="6301771512"/>
    <nd ref="6301771515"/>
    <tag k="highway" v="residential"/>
    <tag k="name" v="Ale Close"/>
    <tag k="source" v="GPS survey"/>
  </way>
  <way id="672943806" version="1" timestamp="2019-02-25T17:43:53Z" changeset="67556667" uid="346039" user="fitzsimons">
    <nd ref="6301771511"/>
    <nd ref="6301771516"/>
    <tag k="highway" v="residential"/>
    <tag k="name" v="Grange Mews"/>
    <tag k="source" v="GPS survey"/>
  </way>
  <way id="672943807" version="3" timestamp="2025-01-27T01:40:19Z" changeset="161800892" uid="493595" user="Yorvik Prestigitator">
    <nd ref="6301771510"/>
    <nd ref="6491705680"/>
    <nd ref="6301771517"/>
    <nd ref="6491705679"/>
    <nd ref="6301771518"/>
    <nd ref="6301771519"/>
    <nd ref="12535267878"/>
    <nd ref="6491705678"/>
    <tag k="highway" v="residential"/>
    <tag k="name" v="Boughton Close"/>
    <tag k="source" v="survey"/>
  </way>
  <way id="672943808" version="4" timestamp="2025-01-27T01:40:19Z" changeset="161800892" uid="493595" user="Yorvik Prestigitator">
    <nd ref="6301771513"/>
    <nd ref="12535267875"/>
    <nd ref="6491705675"/>
    <nd ref="6491705308"/>
    <nd ref="6301771512"/>
    <nd ref="6491705309"/>
    <nd ref="6491705676"/>
    <nd ref="6491705677"/>
    <nd ref="6301771511"/>
    <nd ref="6491705681"/>
    <nd ref="12535267866"/>
    <nd ref="6491705682"/>
    <nd ref="6301771510"/>
    <nd ref="12535267877"/>
    <nd ref="6301771523"/>
    <nd ref="7687792252"/>
    <nd ref="6301771520"/>
    <tag k="highway" v="residential"/>
    <tag k="name" v="Earle Gardens"/>
    <tag k="source" v="GPS survey"/>
  </way>
  <way id="691721839" version="3" timestamp="2020-08-17T11:34:35Z" changeset="89515944" uid="11662436" user="Poisonadder1">
    <nd ref="6491705790"/>
    <nd ref="6491705787"/>
    <nd ref="6491705786"/>
    <nd ref="6491705785"/>
    <nd ref="6491705684"/>
    <nd ref="6491705683"/>
    <nd ref="6491705790"/>
    <tag k="addr:housenumber" v="37,38"/>
    <tag k="addr:street" v="Weston Close"/>
    <tag k="building" v="residential"/>
    <tag k="source" v="Warwicks CC Aerial Imagery 2013"/>
  </way>
  <way id="691721840" version="3" timestamp="2020-08-17T11:34:35Z" changeset="89515944" uid="11662436" user="Poisonadder1">
    <nd ref="6491705793"/>
    <nd ref="6491705790"/>
    <nd ref="6491705683"/>
    <nd ref="6491705789"/>
    <nd ref="6491705788"/>
    <nd ref="6491705793"/>
    <tag k="addr:housenumber" v="35,36"/>
    <tag k="addr:street" v="Weston Close"/>
    <tag k="building" v="residential"/>
    <tag k="source" v="Warwicks CC Aerial Imagery 2013"/>
  </way>
  <way id="691721841" version="3" timestamp="2020-08-17T11:34:35Z" changeset="89515944" uid="11662436" user="Poisonadder1">
    <nd ref="6491705796"/>
    <nd ref="6491705795"/>
    <nd ref="6491705794"/>
    <nd ref="6491705793"/>
    <nd ref="6491705788"/>
    <nd ref="6491705792"/>
    <nd ref="6491705791"/>
    <nd ref="6491705796"/>
    <tag k="addr:housenumber" v="33,34"/>
    <tag k="addr:street" v="Weston Close"/>
    <tag k="building" v="residential"/>
    <tag k="source" v="Warwicks CC Aerial Imagery 2013"/>
  </way>
  <way id="691721842" version="3" timestamp="2020-08-17T11:34:35Z" changeset="89515944" uid="11662436" user="Poisonadder1">
    <nd ref="6491705800"/>
    <nd ref="6491705798"/>
    <nd ref="6491705797"/>
    <nd ref="6491705799"/>
    <nd ref="6491705800"/>
    <tag k="addr:housenumber" v="31,32"/>
    <tag k="addr:street" v="Weston Close"/>
    <tag k="building" v="residential"/>
    <tag k="source" v="Warwicks CC Aerial Imagery 2013"/>
  </way>
  <way id="691721843" version="3" timestamp="2020-08-17T11:34:36Z" changeset="89515944" uid="11662436" user="Poisonadder1">
    <nd ref="6491705802"/>
    <nd ref="6491705801"/>
    <nd ref="6491705800"/>
    <nd ref="6491705799"/>
    <nd ref="6491705802"/>
    <tag k="addr:housenumber" v="29,30"/>
    <tag k="addr:street" v="Weston Close"/>
    <tag k="building" v="residential"/>
    <tag k="source" v="Warwicks CC Aerial Imagery 2013"/>
  </way>
  <way id="691721844" version="3" timestamp="2020-08-17T11:34:36Z" changeset="89515944" uid="11662436" user="Poisonadder1">
    <nd ref="6491705813"/>
    <nd ref="6491705808"/>
    <nd ref="6491705807"/>
    <nd ref="6491705806"/>
    <nd ref="6491705805"/>
    <nd ref="6491705804"/>
    <nd ref="6491705803"/>
    <nd ref="6491705812"/>
    <nd ref="6491705813"/>
    <tag k="addr:housenumber" v="27,28"/>
    <tag k="addr:street" v="Weston Close"/>
    <tag k="building" v="residential"/>
    <tag k="source" v="Warwicks CC Aerial Imagery 2013"/>
  </way>
  <way id="691721845" version="3" timestamp="2020-08-17T11:34:37Z" changeset="89515944" uid="11662436" user="Poisonadder1">
    <nd ref="6491705816"/>
    <nd ref="6491705815"/>
    <nd ref="6491705814"/>
    <nd ref="6491705813"/>
    <nd ref="6491705812"/>
    <nd ref="6491705811"/>
    <nd ref="6491705810"/>
    <nd ref="6491705809"/>
    <nd ref="6491705816"/>
    <tag k="addr:housenumber" v="25,26"/>
    <tag k="addr:street" v="Weston Close"/>
    <tag k="building" v="residential"/>
    <tag k="source" v="Warwicks CC Aerial Imagery 2013"/>
  </way>
  <way id="691721846" version="4" timestamp="2020-08-17T11:34:37Z" changeset="89515944" uid="11662436" user="Poisonadder1">
    <nd ref="6491705824"/>
    <nd ref="6491705820"/>
    <nd ref="6491705819"/>
    <nd ref="6491705818"/>
    <nd ref="6491705817"/>
    <nd ref="6491705823"/>
    <nd ref="6491705824"/>
    <tag k="addr:housenumber" v="23,24"/>
    <tag k="addr:street" v="Weston Close"/>
    <tag k="building" v="residential"/>
    <tag k="building:levels" v="2"/>
    <tag k="source" v="Warwicks CC Aerial Imagery 2013"/>
  </way>
  <way id="691721847" version="4" timestamp="2020-08-17T11:34:37Z" changeset="89515944" uid="11662436" user="Poisonadder1">
    <nd ref="6491705829"/>
    <nd ref="6491705824"/>
    <nd ref="6491705823"/>
    <nd ref="6491705822"/>
    <nd ref="6491705821"/>
    <nd ref="6491705830"/>
    <nd ref="6491705829"/>
    <tag k="addr:housenumber" v="21,22"/>
    <tag k="addr:street" v="Weston Close"/>
    <tag k="building" v="residential"/>
    <tag k="building:levels" v="2"/>
    <tag k="source" v="Warwicks CC Aerial Imagery 2013"/>
  </way>
  <way id="691721848" version="4" timestamp="2020-08-17T11:34:38Z" changeset="89515944" uid="11662436" user="Poisonadder1">
    <nd ref="6491705830"/>
    <nd ref="6491705829"/>
    <nd ref="6491705828"/>
    <nd ref="6491705827"/>
    <nd ref="6491705826"/>
    <nd ref="6491705825"/>
    <nd ref="6491705830"/>
    <tag k="addr:housenumber" v="19,20"/>
    <tag k="addr:street" v="Weston Close"/>
    <tag k="building" v="residential"/>
    <tag k="building:levels" v="2"/>
    <tag k="source" v="Warwicks CC Aerial Imagery 2013"/>
  </way>
  <way id="691721900" version="3" timestamp="2025-07-12T23:58:37Z" changeset="168855231" uid="8857" user="philipcullen">
    <nd ref="6491706656"/>
    <nd ref="6491706655"/>
    <nd ref="6491706654"/>
    <nd ref="6491706653"/>
    <nd ref="6491706652"/>
    <nd ref="6491706651"/>
    <nd ref="6491706650"/>
    <nd ref="6491706649"/>
    <nd ref="6491706656"/>
    <tag k="building" v="residential"/>
    <tag k="name" v="The White House"/>
    <tag k="ref:GB:uprn" v="100071240499"/>
    <tag k="source" v="W"/>
  </way>
  <way id="700278716" version="1" timestamp="2019-06-28T08:12:14Z" changeset="71698101" uid="6274199" user="gnesss">
    <nd ref="6576223293"/>
    <nd ref="6576223301"/>
    <nd ref="6576223294"/>
    <nd ref="6576223288"/>
    <tag k="highway" v="residential"/>
    <tag k="name" v="Elborow Way"/>
    <tag k="oneway" v="yes"/>
  </way>
  <way id="700278719" version="7" timestamp="2025-02-25T19:25:42Z" changeset="162946309" uid="3432400" user="GinaroZ">
    <nd ref="5556559513"/>
    <nd ref="6576229625"/>
    <nd ref="5556559509"/>
    <nd ref="5556559510"/>
    <nd ref="6576229600"/>
    <nd ref="5556559511"/>
    <nd ref="6576229607"/>
    <nd ref="6576229603"/>
    <nd ref="6576229605"/>
    <nd ref="5556559512"/>
    <nd ref="6576229599"/>
    <nd ref="6996893088"/>
    <nd ref="6576223384"/>
    <nd ref="12618909060"/>
    <nd ref="6996893089"/>
    <nd ref="7154596580"/>
    <nd ref="6576229585"/>
    <nd ref="6996893090"/>
    <nd ref="6576229586"/>
    <nd ref="7154596579"/>
    <nd ref="6576229587"/>
    <nd ref="7154596569"/>
    <nd ref="6576365723"/>
    <nd ref="7154596568"/>
    <nd ref="6576229588"/>
    <nd ref="6576229589"/>
    <nd ref="12618909073"/>
    <nd ref="12618909074"/>
    <nd ref="6576365718"/>
    <nd ref="6576365719"/>
    <nd ref="6576365727"/>
    <nd ref="6576365722"/>
    <nd ref="11029851881"/>
    <nd ref="11029851880"/>
    <nd ref="6576365721"/>
    <tag k="highway" v="residential"/>
    <tag k="lanes" v="1"/>
    <tag k="maxspeed" v="30 mph"/>
    <tag k="name" v="Elborow Way"/>
    <tag k="oneway" v="no"/>
    <tag k="surface" v="asphalt"/>
  </way>
  <way id="700278724" version="2" timestamp="2021-07-29T23:20:26Z" changeset="108850215" uid="13842284" user="KeithB374">
    <nd ref="5556559509"/>
    <nd ref="6576229590"/>
    <nd ref="6576229591"/>
    <nd ref="6576229592"/>
    <nd ref="6576229593"/>
    <nd ref="6576229594"/>
    <nd ref="6576229595"/>
    <nd ref="6576229596"/>
    <nd ref="6576229597"/>
    <nd ref="6576229598"/>
    <nd ref="6576229599"/>
    <tag k="highway" v="residential"/>
    <tag k="maxspeed" v="30 mph"/>
    <tag k="name" v="Hannah Twining Crescent"/>
  </way>
  <way id="700278725" version="3" timestamp="2025-02-25T19:25:42Z" changeset="162946309" uid="3432400" user="GinaroZ">
    <nd ref="6576229600"/>
    <nd ref="6576229634"/>
    <nd ref="6750026860"/>
    <nd ref="6576229601"/>
    <tag k="highway" v="residential"/>
  </way>
  <way id="700278726" version="4" timestamp="2022-12-02T04:18:19Z" changeset="129627830" uid="10219386" user="bathines">
    <nd ref="6576229601"/>
    <nd ref="6996893087"/>
    <nd ref="6996893085"/>
    <nd ref="6576229602"/>
    <tag k="highway" v="residential"/>
    <tag k="maxspeed" v="30 mph"/>
    <tag k="name" v="Richard Walker Way"/>
    <tag k="surface" v="asphalt"/>
  </way>
  <way id="700294306" version="3" timestamp="2023-01-13T11:27:15Z" changeset="131225398" uid="3306" user="Russ">
    <nd ref="13782049"/>
    <nd ref="6576365603"/>
    <nd ref="6576365604"/>
    <nd ref="6576365605"/>
    <nd ref="6576365606"/>
    <nd ref="6576365607"/>
    <nd ref="6576365608"/>
    <nd ref="7545155487"/>
    <nd ref="7545155486"/>
    <nd ref="7545155485"/>
    <nd ref="7545149884"/>
    <tag k="highway" v="residential"/>
    <tag k="name" v="Grange Cottage Close"/>
  </way>
  <way id="700294324" version="3" timestamp="2019-11-21T16:35:10Z" changeset="77389509" uid="8270424" user="theArchDruid">
    <nd ref="6576365723"/>
    <nd ref="6576365724"/>
    <nd ref="6576365725"/>
    <nd ref="6576365726"/>
    <tag k="highway" v="residential"/>
  </way>
  <way id="700294326" version="4" timestamp="2023-01-13T11:35:42Z" changeset="131225718" uid="3306" user="Russ">
    <nd ref="6576365727"/>
    <nd ref="6576365728"/>
    <nd ref="6576365729"/>
    <nd ref="6576365731"/>
    <tag k="highway" v="residential"/>
    <tag k="name" v="Trustees Close"/>
  </way>
  <way id="703475518" version="1" timestamp="2019-07-11T19:49:04Z" changeset="72150488" uid="9065" user="brianboru">
    <nd ref="6606399526"/>
    <nd ref="6606399524"/>
    <nd ref="6606399523"/>
    <tag k="highway" v="residential"/>
    <tag k="source" v="Maxar Imagery"/>
  </way>
  <way id="703475519" version="2" timestamp="2021-07-29T23:17:15Z" changeset="108850158" uid="13842284" user="KeithB374">
    <nd ref="6606382982"/>
    <nd ref="6606382981"/>
    <nd ref="6606382980"/>
    <nd ref="6606382979"/>
    <nd ref="6606382978"/>
    <nd ref="6606382977"/>
    <nd ref="6606382976"/>
    <nd ref="6606382975"/>
    <nd ref="6606382974"/>
    <nd ref="6606382973"/>
    <nd ref="6606382972"/>
    <nd ref="6606399531"/>
    <nd ref="6606399530"/>
    <nd ref="6606399529"/>
    <nd ref="6606399528"/>
    <nd ref="6606399527"/>
    <nd ref="6606399526"/>
    <nd ref="6606399525"/>
    <tag k="highway" v="residential"/>
    <tag k="name" v="Polo Drive"/>
    <tag k="source" v="Maxar Imagery"/>
    <tag k="surface" v="asphalt"/>
  </way>
  <way id="703475532" version="3" timestamp="2023-08-27T21:15:18Z" changeset="140468526" uid="13001300" user="simonc11">
    <nd ref="6606399656"/>
    <nd ref="6606399655"/>
    <nd ref="6606399654"/>
    <nd ref="6606399653"/>
    <nd ref="6606399652"/>
    <nd ref="6606399651"/>
    <nd ref="6606399650"/>
    <nd ref="6606399649"/>
    <nd ref="6606399648"/>
    <nd ref="6606399647"/>
    <nd ref="6606399656"/>
    <tag k="addr:city" v="Rugby"/>
    <tag k="addr:housename" v="Cawston Farm House"/>
    <tag k="addr:postcode" v="CV22 7RY"/>
    <tag k="addr:street" v="Coventry Road"/>
    <tag k="amenity" v="childcare"/>
    <tag k="building" v="yes"/>
    <tag k="email" v="naturetrails@childbase.com"/>
    <tag k="name" v="Nature Trails Day Nursery"/>
    <tag k="operator" v="Childbase Partnership"/>
    <tag k="phone" v="+44 1788 815445"/>
    <tag k="source" v="Warwicks CC Aerial Imagery 2013"/>
    <tag k="website" v="https://childbasepartnership.com/nature-trails-day-nursery"/>
    <tag k="wikidata" v="Q26670366"/>
  </way>
  <way id="703916751" version="3" timestamp="2020-08-17T11:34:39Z" changeset="89515944" uid="11662436" user="Poisonadder1">
    <nd ref="6609748064"/>
    <nd ref="6609748063"/>
    <nd ref="6609748062"/>
    <nd ref="6609748061"/>
    <nd ref="6609748060"/>
    <nd ref="6609748059"/>
    <nd ref="6609748064"/>
    <tag k="addr:housenumber" v="9"/>
    <tag k="addr:street" v="Buccleuch Close"/>
    <tag k="building" v="residential"/>
    <tag k="source" v="Warwicks CC Aerial Imagery 2013"/>
  </way>
  <way id="703916752" version="3" timestamp="2020-08-17T11:34:39Z" changeset="89515944" uid="11662436" user="Poisonadder1">
    <nd ref="6609748074"/>
    <nd ref="6609748073"/>
    <nd ref="6609748072"/>
    <nd ref="6609748071"/>
    <nd ref="6609748070"/>
    <nd ref="6609748069"/>
    <nd ref="6609748068"/>
    <nd ref="6609748067"/>
    <nd ref="6609748066"/>
    <nd ref="6609748065"/>
    <nd ref="6609748074"/>
    <tag k="addr:housenumber" v="10"/>
    <tag k="addr:street" v="Buccleuch Close"/>
    <tag k="building" v="residential"/>
    <tag k="source" v="Warwicks CC Aerial Imagery 2013"/>
  </way>
  <way id="703916753" version="3" timestamp="2020-08-17T11:34:40Z" changeset="89515944" uid="11662436" user="Poisonadder1">
    <nd ref="6609748078"/>
    <nd ref="6609748077"/>
    <nd ref="6609748076"/>
    <nd ref="6609748075"/>
    <nd ref="6609748078"/>
    <tag k="addr:housenumber" v="11"/>
    <tag k="addr:street" v="Buccleuch Close"/>
    <tag k="building" v="residential"/>
    <tag k="source" v="Warwicks CC Aerial Imagery 2013"/>
  </way>
  <way id="703916754" version="3" timestamp="2020-08-17T11:34:40Z" changeset="89515944" uid="11662436" user="Poisonadder1">
    <nd ref="6609748084"/>
    <nd ref="6609748083"/>
    <nd ref="6609748082"/>
    <nd ref="6609748081"/>
    <nd ref="6609748080"/>
    <nd ref="6609748079"/>
    <nd ref="6609748084"/>
    <tag k="addr:housenumber" v="12"/>
    <tag k="addr:street" v="Buccleuch Close"/>
    <tag k="building" v="residential"/>
    <tag k="source" v="Warwicks CC Aerial Imagery 2013"/>
  </way>
  <way id="703916755" version="3" timestamp="2020-08-17T11:34:40Z" changeset="89515944" uid="11662436" user="Poisonadder1">
    <nd ref="6609774988"/>
    <nd ref="6609774987"/>
    <nd ref="6609774986"/>
    <nd ref="6609774985"/>
    <nd ref="6609774988"/>
    <tag k="addr:housenumber" v="13"/>
    <tag k="addr:street" v="Buccleuch Close"/>
    <tag k="building" v="residential"/>
    <tag k="source" v="Warwicks CC Aerial Imagery 2013"/>
  </way>
  <way id="703916756" version="3" timestamp="2020-08-17T11:34:41Z" changeset="89515944" uid="11662436" user="Poisonadder1">
    <nd ref="6609774992"/>
    <nd ref="6609774991"/>
    <nd ref="6609774990"/>
    <nd ref="6609774989"/>
    <nd ref="6609774992"/>
    <tag k="addr:housenumber" v="14"/>
    <tag k="addr:street" v="Buccleuch Close"/>
    <tag k="building" v="residential"/>
    <tag k="source" v="Warwicks CC Aerial Imagery 2013"/>
  </way>
  <way id="703916757" version="3" timestamp="2020-08-17T11:34:41Z" changeset="89515944" uid="11662436" user="Poisonadder1">
    <nd ref="6609774997"/>
    <nd ref="6609774996"/>
    <nd ref="6609774995"/>
    <nd ref="6609774994"/>
    <nd ref="6609774993"/>
    <nd ref="6609774997"/>
    <tag k="addr:housenumber" v="15"/>
    <tag k="addr:street" v="Buccleuch Close"/>
    <tag k="building" v="residential"/>
    <tag k="source" v="Warwicks CC Aerial Imagery 2013"/>
  </way>
  <way id="703916758" version="3" timestamp="2020-08-17T11:34:42Z" changeset="89515944" uid="11662436" user="Poisonadder1">
    <nd ref="6609775001"/>
    <nd ref="6609775000"/>
    <nd ref="6609774999"/>
    <nd ref="6609774998"/>
    <nd ref="6609775001"/>
    <tag k="addr:housenumber" v="14"/>
    <tag k="addr:street" v="Barnwell Close"/>
    <tag k="building" v="residential"/>
    <tag k="source" v="Warwicks CC Aerial Imagery 2013"/>
  </way>
  <way id="703916759" version="3" timestamp="2020-08-17T11:34:42Z" changeset="89515944" uid="11662436" user="Poisonadder1">
    <nd ref="6609775005"/>
    <nd ref="6609775004"/>
    <nd ref="6609775003"/>
    <nd ref="6609775002"/>
    <nd ref="6609775005"/>
    <tag k="addr:housenumber" v="13"/>
    <tag k="addr:street" v="Barnwell Close"/>
    <tag k="building" v="residential"/>
    <tag k="source" v="Warwicks CC Aerial Imagery 2013"/>
  </way>
  <way id="703916760" version="3" timestamp="2020-08-17T11:34:43Z" changeset="89515944" uid="11662436" user="Poisonadder1">
    <nd ref="6609775009"/>
    <nd ref="6609775008"/>
    <nd ref="6609775007"/>
    <nd ref="6609775006"/>
    <nd ref="6609775009"/>
    <tag k="addr:housenumber" v="12"/>
    <tag k="addr:street" v="Barnwell Close"/>
    <tag k="building" v="residential"/>
    <tag k="source" v="Warwicks CC Aerial Imagery 2013"/>
  </way>
  <way id="703916761" version="3" timestamp="2020-08-17T11:34:43Z" changeset="89515944" uid="11662436" user="Poisonadder1">
    <nd ref="6609775013"/>
    <nd ref="6609775012"/>
    <nd ref="6609775011"/>
    <nd ref="6609775010"/>
    <nd ref="6609775013"/>
    <tag k="addr:housenumber" v="11"/>
    <tag k="addr:street" v="Barnwell Close"/>
    <tag k="building" v="residential"/>
    <tag k="source" v="Warwicks CC Aerial Imagery 2013"/>
  </way>
  <way id="703916762" version="3" timestamp="2020-08-17T11:34:43Z" changeset="89515944" uid="11662436" user="Poisonadder1">
    <nd ref="6609775017"/>
    <nd ref="6609775016"/>
    <nd ref="6609775015"/>
    <nd ref="6609775014"/>
    <nd ref="6609775017"/>
    <tag k="addr:housenumber" v="10"/>
    <tag k="addr:street" v="Barnwell Close"/>
    <tag k="building" v="residential"/>
    <tag k="source" v="Warwicks CC Aerial Imagery 2013"/>
  </way>
  <way id="703916763" version="3" timestamp="2020-08-17T11:34:43Z" changeset="89515944" uid="11662436" user="Poisonadder1">
    <nd ref="6609775021"/>
    <nd ref="6609775020"/>
    <nd ref="6609775019"/>
    <nd ref="6609775018"/>
    <nd ref="6609775021"/>
    <tag k="addr:housenumber" v="9"/>
    <tag k="addr:street" v="Barnwell Close"/>
    <tag k="building" v="residential"/>
    <tag k="source" v="Warwicks CC Aerial Imagery 2013"/>
  </way>
  <way id="703916772" version="3" timestamp="2020-08-17T11:34:44Z" changeset="89515944" uid="11662436" user="Poisonadder1">
    <nd ref="6609759883"/>
    <nd ref="6609759882"/>
    <nd ref="6609759881"/>
    <nd ref="6609759880"/>
    <nd ref="6609759879"/>
    <nd ref="6609759878"/>
    <nd ref="6609759883"/>
    <tag k="addr:housenumber" v="60,62"/>
    <tag k="addr:street" v="Cawston Lane"/>
    <tag k="building" v="residential"/>
    <tag k="source" v="Warwicks CC Aerial Imagery 2013"/>
  </way>
  <way id="703916773" version="4" timestamp="2020-08-17T11:34:44Z" changeset="89515944" uid="11662436" user="Poisonadder1">
    <nd ref="6609775089"/>
    <nd ref="6609775088"/>
    <nd ref="6609775087"/>
    <nd ref="6609775086"/>
    <nd ref="6609775085"/>
    <nd ref="6609759884"/>
    <nd ref="6609775089"/>
    <tag k="addr:housenumber" v="64,66"/>
    <tag k="addr:street" v="Cawston Lane"/>
    <tag k="building" v="residential"/>
    <tag k="source" v="Warwicks CC Aerial Imagery 2013"/>
  </way>
  <way id="703916775" version="3" timestamp="2020-08-17T11:34:45Z" changeset="89515944" uid="11662436" user="Poisonadder1">
    <nd ref="6609775097"/>
    <nd ref="6609775096"/>
    <nd ref="6609775095"/>
    <nd ref="6609775094"/>
    <nd ref="6609775097"/>
    <tag k="addr:housenumber" v="15"/>
    <tag k="addr:street" v="Barnwell Close"/>
    <tag k="building" v="residential"/>
    <tag k="source" v="Warwicks CC Aerial Imagery 2013"/>
  </way>
  <way id="703916779" version="3" timestamp="2020-08-17T11:34:45Z" changeset="89515944" uid="11662436" user="Poisonadder1">
    <nd ref="6609775124"/>
    <nd ref="6609775123"/>
    <nd ref="6609775122"/>
    <nd ref="6609775121"/>
    <nd ref="6609775120"/>
    <nd ref="6609775119"/>
    <nd ref="6609775118"/>
    <nd ref="6609775117"/>
    <nd ref="6609775124"/>
    <tag k="addr:housenumber" v="8"/>
    <tag k="addr:street" v="Barnwell Close"/>
    <tag k="building" v="residential"/>
    <tag k="source" v="Warwicks CC Aerial Imagery 2013"/>
  </way>
  <way id="703916780" version="3" timestamp="2020-08-17T11:34:45Z" changeset="89515944" uid="11662436" user="Poisonadder1">
    <nd ref="6609775130"/>
    <nd ref="6609775129"/>
    <nd ref="6609775128"/>
    <nd ref="6609775127"/>
    <nd ref="6609775126"/>
    <nd ref="6609775125"/>
    <nd ref="6609775130"/>
    <tag k="addr:housenumber" v="7"/>
    <tag k="addr:street" v="Barnwell Close"/>
    <tag k="building" v="residential"/>
    <tag k="source" v="Warwicks CC Aerial Imagery 2013"/>
  </way>
  <way id="703916781" version="3" timestamp="2020-08-17T11:34:46Z" changeset="89515944" uid="11662436" user="Poisonadder1">
    <nd ref="6609768953"/>
    <nd ref="6609768952"/>
    <nd ref="6609768951"/>
    <nd ref="6609768950"/>
    <nd ref="6609768949"/>
    <nd ref="6609768948"/>
    <nd ref="6609768953"/>
    <tag k="addr:housenumber" v="6"/>
    <tag k="addr:street" v="Barnwell Close"/>
    <tag k="building" v="residential"/>
    <tag k="source" v="Warwicks CC Aerial Imagery 2013"/>
  </way>
  <way id="703916782" version="3" timestamp="2020-08-17T11:34:46Z" changeset="89515944" uid="11662436" user="Poisonadder1">
    <nd ref="6609768957"/>
    <nd ref="6609768956"/>
    <nd ref="6609768955"/>
    <nd ref="6609768954"/>
    <nd ref="6609768957"/>
    <tag k="addr:housenumber" v="5"/>
    <tag k="addr:street" v="Barnwell Close"/>
    <tag k="building" v="residential"/>
    <tag k="source" v="Warwicks CC Aerial Imagery 2013"/>
  </way>
  <way id="703916783" version="3" timestamp="2020-08-17T11:34:47Z" changeset="89515944" uid="11662436" user="Poisonadder1">
    <nd ref="6609768963"/>
    <nd ref="6609768962"/>
    <nd ref="6609768961"/>
    <nd ref="6609768960"/>
    <nd ref="6609768959"/>
    <nd ref="6609768958"/>
    <nd ref="6609768963"/>
    <tag k="addr:housenumber" v="4"/>
    <tag k="addr:street" v="Barnwell Close"/>
    <tag k="building" v="residential"/>
    <tag k="source" v="Warwicks CC Aerial Imagery 2013"/>
  </way>
  <way id="703916788" version="3" timestamp="2020-08-17T11:34:47Z" changeset="89515944" uid="11662436" user="Poisonadder1">
    <nd ref="6609775192"/>
    <nd ref="6609775191"/>
    <nd ref="6609775190"/>
    <nd ref="6609775189"/>
    <nd ref="6609775192"/>
    <tag k="addr:housenumber" v="25"/>
    <tag k="addr:street" v="Bilton Lane"/>
    <tag k="building" v="residential"/>
    <tag k="source" v="Warwicks CC Aerial Imagery 2013"/>
  </way>
  <way id="703916789" version="3" timestamp="2020-08-17T11:34:47Z" changeset="89515944" uid="11662436" user="Poisonadder1">
    <nd ref="6609775196"/>
    <nd ref="6609775195"/>
    <nd ref="6609775194"/>
    <nd ref="6609775193"/>
    <nd ref="6609775196"/>
    <tag k="addr:housenumber" v="23"/>
    <tag k="addr:street" v="Bilton Lane"/>
    <tag k="building" v="residential"/>
    <tag k="source" v="Warwicks CC Aerial Imagery 2013"/>
  </way>
  <way id="703916790" version="3" timestamp="2020-08-17T11:34:48Z" changeset="89515944" uid="11662436" user="Poisonadder1">
    <nd ref="6609775200"/>
    <nd ref="6609775199"/>
    <nd ref="6609775198"/>
    <nd ref="6609775197"/>
    <nd ref="6609775200"/>
    <tag k="addr:housenumber" v="21"/>
    <tag k="addr:street" v="Bilton Lane"/>
    <tag k="building" v="residential"/>
    <tag k="source" v="Warwicks CC Aerial Imagery 2013"/>
  </way>
  <way id="703916791" version="3" timestamp="2020-08-17T11:34:48Z" changeset="89515944" uid="11662436" user="Poisonadder1">
    <nd ref="6609775204"/>
    <nd ref="6609775203"/>
    <nd ref="6609775202"/>
    <nd ref="6609775201"/>
    <nd ref="6609775204"/>
    <tag k="addr:housenumber" v="19"/>
    <tag k="addr:street" v="Bilton Lane"/>
    <tag k="building" v="residential"/>
    <tag k="source" v="Warwicks CC Aerial Imagery 2013"/>
  </way>
  <way id="722239163" version="2" timestamp="2022-06-11T14:56:40Z" changeset="122252744" uid="346039" user="fitzsimons">
    <nd ref="9811056922"/>
    <nd ref="6774741362"/>
    <tag k="access" v="destination"/>
    <tag k="highway" v="residential"/>
  </way>
  <way id="747855290" version="2" timestamp="2023-01-13T11:35:42Z" changeset="131225718" uid="3306" user="Russ">
    <nd ref="6996890882"/>
    <nd ref="6996893085"/>
    <nd ref="6996890884"/>
    <nd ref="6996890883"/>
    <tag k="highway" v="residential"/>
    <tag k="name" v="Sidney Wolfe Close"/>
  </way>
  <way id="747855291" version="2" timestamp="2023-01-13T11:35:42Z" changeset="131225718" uid="3306" user="Russ">
    <nd ref="6996893087"/>
    <nd ref="6996893086"/>
    <tag k="highway" v="residential"/>
    <tag k="name" v="Ernest Harvey Close"/>
  </way>
  <way id="747855292" version="2" timestamp="2023-01-13T11:35:42Z" changeset="131225718" uid="3306" user="Russ">
    <nd ref="6576365729"/>
    <nd ref="6576365730"/>
    <tag k="highway" v="residential"/>
    <tag k="name" v="Trustees Close"/>
  </way>
  <way id="764086614" version="1" timestamp="2020-01-17T06:13:12Z" changeset="79679480" uid="8446889" user="nimmalab">
    <nd ref="6576223293"/>
    <nd ref="5556559513"/>
    <tag k="highway" v="residential"/>
    <tag k="lanes" v="1"/>
    <tag k="maxspeed" v="30 mph"/>
    <tag k="name" v="Elborow Way"/>
    <tag k="surface" v="asphalt"/>
  </way>
  <way id="766575898" version="1" timestamp="2020-01-25T23:56:31Z" changeset="80086550" uid="5049" user="gistutor">
    <nd ref="7159595695"/>
    <nd ref="7159595696"/>
    <tag k="highway" v="residential"/>
  </way>
  <way id="806301379" version="1" timestamp="2020-05-20T06:37:48Z" changeset="85479055" uid="9065" user="brianboru">
    <nd ref="7540015953"/>
    <nd ref="7540015954"/>
    <nd ref="7540015952"/>
    <tag k="highway" v="residential"/>
    <tag k="source" v="bing"/>
  </way>
  <way id="806301381" version="2" timestamp="2023-01-13T11:35:42Z" changeset="131225718" uid="3306" user="Russ">
    <nd ref="7540015962"/>
    <nd ref="7540015963"/>
    <nd ref="7540015961"/>
    <tag k="highway" v="residential"/>
    <tag k="name" v="Shustoke Lane"/>
    <tag k="source" v="bing"/>
  </way>
  <way id="806301382" version="2" timestamp="2023-01-13T11:35:42Z" changeset="131225718" uid="3306" user="Russ">
    <nd ref="7540015965"/>
    <nd ref="7540015964"/>
    <nd ref="7540015963"/>
    <tag k="highway" v="residential"/>
    <tag k="name" v="Shustoke Lane"/>
    <tag k="source" v="bing"/>
  </way>
  <way id="806301383" version="2" timestamp="2023-01-13T11:35:42Z" changeset="131225718" uid="3306" user="Russ">
    <nd ref="7540015982"/>
    <nd ref="7540015976"/>
    <nd ref="7540015975"/>
    <nd ref="7540015974"/>
    <nd ref="7540015965"/>
    <nd ref="7540015973"/>
    <nd ref="7540015972"/>
    <nd ref="7540015971"/>
    <nd ref="7540015970"/>
    <nd ref="7540015969"/>
    <nd ref="7540015960"/>
    <nd ref="10290977068"/>
    <nd ref="7540015959"/>
    <nd ref="7540015958"/>
    <nd ref="7540015957"/>
    <nd ref="7540015956"/>
    <nd ref="7540015955"/>
    <nd ref="7540015954"/>
    <tag k="highway" v="residential"/>
    <tag k="name" v="Potsford Road"/>
    <tag k="source" v="bing"/>
  </way>
  <way id="806301384" version="1" timestamp="2020-05-20T06:37:48Z" changeset="85479055" uid="9065" user="brianboru">
    <nd ref="7540015978"/>
    <nd ref="7540015979"/>
    <nd ref="7540015977"/>
    <tag k="highway" v="residential"/>
    <tag k="source" v="bing"/>
  </way>
  <way id="806301385" version="2" timestamp="2023-01-13T11:35:42Z" changeset="131225718" uid="3306" user="Russ">
    <nd ref="7540015982"/>
    <nd ref="7540015981"/>
    <nd ref="7540015980"/>
    <nd ref="7540015979"/>
    <tag k="highway" v="residential"/>
    <tag k="name" v="Oldbury Close"/>
    <tag k="source" v="bing"/>
  </way>
  <way id="820455891" version="1" timestamp="2020-06-28T17:04:44Z" changeset="87256014" uid="6274199" user="gnesss">
    <nd ref="7661179708"/>
    <nd ref="278294835"/>
    <tag k="highway" v="residential"/>
    <tag k="name" v="The Drive"/>
  </way>
  <way id="823449012" version="2" timestamp="2022-02-16T11:40:22Z" changeset="117472834" uid="11043386" user="Paul_Grosvenor">
    <nd ref="7687792242"/>
    <nd ref="2419773104"/>
    <nd ref="2169407931"/>
    <nd ref="2349730197"/>
    <nd ref="750913431"/>
    <tag k="highway" v="primary"/>
    <tag k="lanes" v="2"/>
    <tag k="maxspeed" v="40 mph"/>
    <tag k="name" v="Rugby Road"/>
    <tag k="ref" v="A426"/>
    <tag k="surface" v="asphalt"/>
  </way>
  <way id="842769872" version="4" timestamp="2024-10-24T20:33:07Z" changeset="158312858" uid="5229644" user="Nathan_A_RF">
    <nd ref="25881111"/>
    <nd ref="25881112"/>
    <nd ref="30932445"/>
    <nd ref="1772440818"/>
    <nd ref="12286171838"/>
    <tag k="highway" v="primary"/>
    <tag k="lanes" v="2"/>
    <tag k="maxspeed" v="30 mph"/>
    <tag k="name" v="Toft Hill"/>
    <tag k="ref" v="A426"/>
    <tag k="surface" v="asphalt"/>
  </way>
  <way id="842769873" version="12" timestamp="2024-08-16T23:20:54Z" changeset="155347442" uid="5589" user="user_5589">
    <nd ref="1443453002"/>
    <nd ref="6877572653"/>
    <nd ref="25881077"/>
    <nd ref="2495065009"/>
    <nd ref="25881078"/>
    <nd ref="7097374387"/>
    <nd ref="11998837698"/>
    <nd ref="2495065030"/>
    <nd ref="8583295294"/>
    <nd ref="25881110"/>
    <nd ref="1481465937"/>
    <nd ref="25881111"/>
    <tag k="highway" v="primary"/>
    <tag k="lanes" v="2"/>
    <tag k="maxspeed" v="50 mph"/>
    <tag k="name" v="Toft Hill"/>
    <tag k="ref" v="A426"/>
    <tag k="sidewalk" v="separate"/>
    <tag k="surface" v="asphalt"/>
  </way>
  <way id="842769874" version="4" timestamp="2021-09-28T09:59:08Z" changeset="111809396" uid="34867" user="SammyTheSnake">
    <nd ref="899514925"/>
    <nd ref="899514931"/>
    <nd ref="899514936"/>
    <nd ref="1482182989"/>
    <nd ref="899514940"/>
    <nd ref="899514942"/>
    <nd ref="25881096"/>
    <nd ref="25881074"/>
    <nd ref="25881097"/>
    <nd ref="1481504964"/>
    <nd ref="25881098"/>
    <nd ref="25881079"/>
    <nd ref="1481504928"/>
    <nd ref="899514760"/>
    <nd ref="25881101"/>
    <nd ref="899514591"/>
    <nd ref="1481504954"/>
    <nd ref="25881102"/>
    <nd ref="3269062103"/>
    <nd ref="30931196"/>
    <nd ref="899514605"/>
    <nd ref="899514639"/>
    <nd ref="25881075"/>
    <nd ref="25881076"/>
    <nd ref="3267494361"/>
    <nd ref="25881104"/>
    <nd ref="25881105"/>
    <nd ref="2509063534"/>
    <nd ref="25881106"/>
    <nd ref="1475518662"/>
    <nd ref="25881107"/>
    <nd ref="2509063582"/>
    <nd ref="7862114043"/>
    <nd ref="875606092"/>
    <nd ref="30931208"/>
    <tag k="cycleway:both" v="no"/>
    <tag k="highway" v="primary"/>
    <tag k="lanes" v="2"/>
    <tag k="maxspeed" v="50 mph"/>
    <tag k="ref" v="A426"/>
    <tag k="sidewalk" v="no"/>
    <tag k="surface" v="asphalt"/>
  </way>
  <way id="842769882" version="1" timestamp="2020-08-31T14:55:01Z" changeset="90198506" uid="6274199" user="gnesss">
    <nd ref="762201975"/>
    <nd ref="639172738"/>
    <tag k="designation" v="public_bridleway"/>
    <tag k="highway" v="unclassified"/>
    <tag k="horse" v="designated"/>
    <tag k="name" v="Toft Lane"/>
    <tag k="prow_ref" v="R175a"/>
  </way>
  <way id="842769885" version="2" timestamp="2020-12-17T11:08:24Z" changeset="96000603" uid="11734041" user="gnischa">
    <nd ref="537957623"/>
    <nd ref="8237206514"/>
    <nd ref="537957620"/>
    <tag k="highway" v="residential"/>
    <tag k="name" v="Done Cerce Close"/>
    <tag k="surface" v="asphalt"/>
  </way>
  <way id="842769887" version="1" timestamp="2020-08-31T14:55:01Z" changeset="90198506" uid="6274199" user="gnesss">
    <nd ref="620046069"/>
    <nd ref="620046070"/>
    <nd ref="3795746444"/>
    <nd ref="620046071"/>
    <nd ref="779039893"/>
    <nd ref="3795494799"/>
    <nd ref="620046072"/>
    <nd ref="620046064"/>
    <tag k="highway" v="residential"/>
    <tag k="name" v="Lime Tree Avenue"/>
    <tag k="source" v="survey"/>
    <tag k="source:geometry" v="Warwickshire CC Aerial Imagery 2013"/>
  </way>
  <way id="884518137" version="3" timestamp="2024-08-21T15:07:55Z" changeset="155563184" uid="5589" user="user_5589">
    <nd ref="1223224739"/>
    <nd ref="786404174"/>
    <nd ref="1223224759"/>
    <nd ref="2505528455"/>
    <nd ref="786404165"/>
    <tag k="highway" v="trunk"/>
    <tag k="junction" v="roundabout"/>
    <tag k="lane_markings" v="no"/>
    <tag k="lanes" v="2"/>
    <tag k="maxspeed" v="40 mph"/>
    <tag k="oneway" v="yes"/>
    <tag k="ref" v="A4071"/>
  </way>
  <way id="884518138" version="3" timestamp="2024-08-21T15:07:53Z" changeset="155563184" uid="5589" user="user_5589">
    <nd ref="786404165"/>
    <nd ref="1223224727"/>
    <nd ref="786404167"/>
    <nd ref="1223224731"/>
    <nd ref="786404168"/>
    <tag k="highway" v="trunk"/>
    <tag k="junction" v="roundabout"/>
    <tag k="lane_markings" v="no"/>
    <tag k="lanes" v="2"/>
    <tag k="maxspeed" v="40 mph"/>
    <tag k="oneway" v="yes"/>
    <tag k="ref" v="A4071"/>
  </way>
  <way id="884518139" version="2" timestamp="2024-02-12T15:21:45Z" changeset="147371871" uid="13341565" user="Falsernet">
    <nd ref="786404245"/>
    <nd ref="1223235103"/>
    <nd ref="786404171"/>
    <nd ref="786404246"/>
    <nd ref="1330586935"/>
    <nd ref="786404172"/>
    <nd ref="1223224732"/>
    <nd ref="786404173"/>
    <nd ref="1223224739"/>
    <tag k="highway" v="trunk"/>
    <tag k="junction" v="roundabout"/>
    <tag k="maxspeed" v="40 mph"/>
    <tag k="oneway" v="yes"/>
    <tag k="ref" v="A4071"/>
  </way>
  <way id="888088484" version="1" timestamp="2020-12-24T09:35:07Z" changeset="96373968" uid="12265997" user="ShinkarevPavel">
    <nd ref="8256920550"/>
    <nd ref="13781789"/>
    <tag k="highway" v="secondary"/>
    <tag k="name" v="Coventry Road"/>
    <tag k="ref" v="B4429"/>
  </way>
  <way id="888088485" version="1" timestamp="2020-12-24T09:35:07Z" changeset="96373968" uid="12265997" user="ShinkarevPavel">
    <nd ref="537957622"/>
    <nd ref="8256920550"/>
    <tag k="highway" v="secondary"/>
    <tag k="name" v="Coventry Road"/>
    <tag k="ref" v="B4429"/>
  </way>
  <way id="888088486" version="1" timestamp="2020-12-24T09:35:07Z" changeset="96373968" uid="12265997" user="ShinkarevPavel">
    <nd ref="6878892722"/>
    <nd ref="537957622"/>
    <tag k="highway" v="secondary"/>
    <tag k="name" v="Coventry Road"/>
    <tag k="ref" v="B4429"/>
  </way>
  <way id="937058305" version="3" timestamp="2021-10-08T09:53:27Z" changeset="112255117" uid="34867" user="SammyTheSnake">
    <nd ref="13783575"/>
    <nd ref="331510"/>
    <nd ref="13783576"/>
    <nd ref="13783577"/>
    <nd ref="13783578"/>
    <nd ref="1614188116"/>
    <nd ref="1614188118"/>
    <nd ref="7801199541"/>
    <nd ref="1614188120"/>
    <nd ref="13783579"/>
    <nd ref="7801199540"/>
    <nd ref="331515"/>
    <nd ref="331516"/>
    <nd ref="2625002619"/>
    <nd ref="2491458060"/>
    <nd ref="13783582"/>
    <nd ref="7164732195"/>
    <tag k="highway" v="secondary"/>
    <tag k="lanes" v="2"/>
    <tag k="lit" v="yes"/>
    <tag k="maxspeed" v="40 mph"/>
    <tag k="name" v="Ashlawn Road"/>
    <tag k="ref" v="B4429"/>
    <tag k="sidewalk" v="separate"/>
    <tag k="surface" v="asphalt"/>
  </way>
  <way id="1068811033" version="1" timestamp="2022-06-11T14:56:40Z" changeset="122252744" uid="346039" user="fitzsimons">
    <nd ref="6774741361"/>
    <nd ref="9811056922"/>
    <tag k="highway" v="residential"/>
  </way>
  <way id="1068811034" version="2" timestamp="2024-08-16T23:20:40Z" changeset="155347442" uid="5589" user="user_5589">
    <nd ref="9811056923"/>
    <nd ref="6774741361"/>
    <nd ref="7862114041"/>
    <nd ref="30931202"/>
    <tag k="highway" v="residential"/>
    <tag k="maxspeed" v="30 mph"/>
    <tag k="name" v="Dunchurch Hall"/>
  </way>
  <way id="1068812828" version="2" timestamp="2022-10-06T11:45:35Z" changeset="127098899" uid="17299016" user="Russ (mechanical edit account)">
    <nd ref="9811039190"/>
    <nd ref="9811039191"/>
    <nd ref="9811039192"/>
    <nd ref="9811039193"/>
    <nd ref="9811039190"/>
    <tag k="brand" v="National Grid"/>
    <tag k="brand:wikidata" v="Q1465461"/>
    <tag k="building" v="yes"/>
    <tag k="name" v="Rugby Road"/>
    <tag k="operator" v="National Grid Electricity Distribution Plc"/>
    <tag k="operator:old" v="Western Power Distribution"/>
    <tag k="operator:wikidata" v="Q7988183"/>
    <tag k="owner" v="National Grid Electricity Distribution (East Midlands) Plc"/>
    <tag k="owner:wikidata" v="Q114348127"/>
    <tag k="power" v="substation"/>
    <tag k="ref" v="42D1792"/>
    <tag k="source" v="survey"/>
  </way>
  <way id="1105569313" version="4" timestamp="2024-08-21T15:07:53Z" changeset="155563184" uid="5589" user="user_5589">
    <nd ref="786404171"/>
    <nd ref="153422307"/>
    <tag k="highway" v="secondary"/>
    <tag k="lanes" v="1"/>
    <tag k="maxspeed" v="40 mph"/>
    <tag k="name" v="Coventry Road"/>
    <tag k="oneway" v="yes"/>
    <tag k="ref" v="B4642"/>
    <tag k="surface" v="asphalt"/>
  </way>
  <way id="1107953277" version="4" timestamp="2024-10-24T20:33:07Z" changeset="158312858" uid="5229644" user="Nathan_A_RF">
    <nd ref="1478952180"/>
    <nd ref="1478952146"/>
    <nd ref="5764370483"/>
    <nd ref="2495064948"/>
    <nd ref="1475563263"/>
    <nd ref="1447286164"/>
    <nd ref="2495064966"/>
    <nd ref="1443453093"/>
    <tag k="dual_carriageway" v="yes"/>
    <tag k="highway" v="trunk"/>
    <tag k="lanes" v="2"/>
    <tag k="maxspeed" v="70 mph"/>
    <tag k="maxspeed:type" v="GB:nsl_dual"/>
    <tag k="name" v="Daventry Road"/>
    <tag k="oneway" v="yes"/>
    <tag k="ref" v="A45"/>
    <tag k="sidewalk" v="left"/>
    <tag k="surface" v="asphalt"/>
  </way>
  <way id="1107953760" version="6" timestamp="2025-03-28T14:37:37Z" changeset="164210751" uid="251543" user="ChrissW-R1">
    <nd ref="10137639277"/>
    <nd ref="1475563249"/>
    <nd ref="1475563248"/>
    <nd ref="1475563251"/>
    <nd ref="2021630579"/>
    <nd ref="2021630592"/>
    <nd ref="2021630585"/>
    <tag k="dual_carriageway" v="yes"/>
    <tag k="highway" v="trunk"/>
    <tag k="lanes" v="2"/>
    <tag k="maxspeed" v="70 mph"/>
    <tag k="maxspeed:type" v="GB:nsl_dual"/>
    <tag k="name" v="Daventry Road"/>
    <tag k="oneway" v="yes"/>
    <tag k="ref" v="A45"/>
    <tag k="sidewalk:left" v="separate"/>
    <tag k="surface" v="asphalt"/>
  </way>
  <way id="1131554517" version="1" timestamp="2023-01-13T11:35:42Z" changeset="131225718" uid="3306" user="Russ">
    <nd ref="13782328"/>
    <nd ref="7540015982"/>
    <tag k="highway" v="residential"/>
    <tag k="source" v="bing"/>
  </way>
  <way id="1131554518" version="2" timestamp="2023-07-10T05:44:19Z" changeset="138320642" uid="16163350" user="bommidma">
    <nd ref="7540015969"/>
    <nd ref="7540015968"/>
    <nd ref="7540015967"/>
    <tag k="highway" v="residential"/>
    <tag k="source" v="bing"/>
  </way>
  <way id="1171438036" version="1" timestamp="2023-05-10T21:49:53Z" changeset="135953394" uid="5229644" user="Nathan_A_RF">
    <nd ref="283479139"/>
    <nd ref="750913772"/>
    <tag k="highway" v="trunk"/>
    <tag k="junction" v="circular"/>
    <tag k="lit" v="yes"/>
    <tag k="maxspeed" v="40 mph"/>
    <tag k="oneway" v="yes"/>
  </way>
  <way id="1171438622" version="4" timestamp="2025-10-05T13:45:22Z" changeset="172868358" uid="17128620" user="Pineajelly">
    <nd ref="1484820317"/>
    <nd ref="2349725573"/>
    <nd ref="153422327"/>
    <tag k="cycleway:both" v="no"/>
    <tag k="highway" v="trunk"/>
    <tag k="lanes" v="1"/>
    <tag k="maxspeed" v="50 mph"/>
    <tag k="name" v="Blue Boar Flyover"/>
    <tag k="oneway" v="yes"/>
    <tag k="ref" v="A4071"/>
    <tag k="shoulder" v="no"/>
    <tag k="surface" v="asphalt"/>
  </way>
  <way id="1234601745" version="1" timestamp="2023-12-27T13:50:12Z" changeset="145576053" uid="11360996" user="ADAC Kartographie">
    <nd ref="11459564655"/>
    <nd ref="11459564656"/>
    <nd ref="539909004"/>
    <nd ref="3269142619"/>
    <nd ref="1782536681"/>
    <nd ref="3269142612"/>
    <nd ref="539909005"/>
    <nd ref="3269142614"/>
    <nd ref="11459564651"/>
    <nd ref="11459564652"/>
    <nd ref="11459564653"/>
    <nd ref="11459564654"/>
    <nd ref="539909006"/>
    <nd ref="3269142617"/>
    <nd ref="539909007"/>
    <nd ref="3269142622"/>
    <nd ref="539909008"/>
    <nd ref="3269142626"/>
    <nd ref="3269142623"/>
    <nd ref="11459564655"/>
    <tag k="highway" v="residential"/>
    <tag k="name" v="Critchley Drive"/>
    <tag k="surface" v="asphalt"/>
  </way>
  <way id="1249522850" version="3" timestamp="2024-10-24T20:33:07Z" changeset="158312858" uid="5229644" user="Nathan_A_RF">
    <nd ref="25880774"/>
    <nd ref="12286171853"/>
    <nd ref="1478952180"/>
    <tag k="dual_carriageway" v="yes"/>
    <tag k="highway" v="trunk"/>
    <tag k="lanes" v="1"/>
    <tag k="maxspeed" v="70 mph"/>
    <tag k="maxspeed:type" v="GB:nsl_dual"/>
    <tag k="name" v="Daventry Road"/>
    <tag k="oneway" v="yes"/>
    <tag k="ref" v="A45"/>
    <tag k="sidewalk" v="left"/>
    <tag k="surface" v="asphalt"/>
  </way>
  <way id="1249535166" version="4" timestamp="2025-10-05T13:51:00Z" changeset="172868618" uid="17128620" user="Pineajelly">
    <nd ref="1481420572"/>
    <nd ref="2021634968"/>
    <nd ref="1481420589"/>
    <nd ref="295825816"/>
    <tag k="expressway" v="yes"/>
    <tag k="highway" v="trunk_link"/>
    <tag k="lanes" v="1"/>
    <tag k="lit" v="yes"/>
    <tag k="maxspeed" v="60 mph"/>
    <tag k="maxspeed:type" v="sign"/>
    <tag k="name" v="Rugby Road"/>
    <tag k="oneway" v="yes"/>
    <tag k="ref" v="A4071"/>
    <tag k="source" v="Warwicks CC Aerial Imagery 2013"/>
    <tag k="surface" v="asphalt"/>
  </way>
  <way id="1249543048" version="2" timestamp="2024-08-21T15:08:48Z" changeset="155561962" uid="5589" user="user_5589">
    <nd ref="11613747176"/>
    <nd ref="153422322"/>
    <nd ref="1481430279"/>
    <nd ref="1481430278"/>
    <nd ref="153422323"/>
    <nd ref="153422325"/>
    <nd ref="10885225631"/>
    <nd ref="153418527"/>
    <tag k="cycleway:both" v="no"/>
    <tag k="highway" v="trunk"/>
    <tag k="lanes" v="2"/>
    <tag k="maxspeed" v="50 mph"/>
    <tag k="name" v="Coventry Road"/>
    <tag k="old_ref" v="A427"/>
    <tag k="ref" v="A4071"/>
    <tag k="shoulder" v="no"/>
    <tag k="source:maxheight" v="Warwickshire OpenData"/>
  </way>
  <way id="1286325159" version="2" timestamp="2024-10-24T20:33:07Z" changeset="158312858" uid="5229644" user="Nathan_A_RF">
    <nd ref="1478952180"/>
    <nd ref="11931092401"/>
    <tag k="highway" v="unclassified"/>
    <tag k="maxspeed" v="60 mph"/>
    <tag k="maxspeed:type" v="GB:nsl_single"/>
  </way>
  <way id="1349593641" version="1" timestamp="2025-01-08T17:27:40Z" changeset="161142179" uid="5229644" user="Nathan_A_RF">
    <nd ref="12484830051"/>
    <nd ref="10885225633"/>
    <nd ref="295825816"/>
    <tag k="expressway" v="yes"/>
    <tag k="highway" v="trunk_link"/>
    <tag k="lanes" v="1"/>
    <tag k="lit" v="yes"/>
    <tag k="maxspeed" v="60 mph"/>
    <tag k="maxspeed:type" v="sign"/>
    <tag k="oneway" v="yes"/>
    <tag k="sidewalk" v="left"/>
    <tag k="source" v="Warwicks CC Aerial Imagery 2013"/>
    <tag k="surface" v="asphalt"/>
  </way>
  <way id="1354536028" version="1" timestamp="2025-01-27T01:40:19Z" changeset="161800892" uid="493595" user="Yorvik Prestigitator">
    <nd ref="12535267875"/>
    <nd ref="12535267876"/>
    <tag k="highway" v="residential"/>
  </way>
  <way id="1354536029" version="1" timestamp="2025-01-27T01:40:19Z" changeset="161800892" uid="493595" user="Yorvik Prestigitator">
    <nd ref="12535267878"/>
    <nd ref="12535267879"/>
    <tag k="highway" v="residential"/>
  </way>
  <relation id="5603869" version="3" timestamp="2022-02-01T20:28:18Z" changeset="116884023" uid="9065" user="brianboru">
    <member type="way" ref="376138577" role="inner"/>
    <member type="way" ref="376138578" role="outer"/>
    <tag k="addr:housenumber" v="41"/>
    <tag k="addr:street" v="Lime Tree Avenue"/>
    <tag k="addr:suburb" v="Bilton"/>
    <tag k="building" v="house"/>
    <tag k="source:geometry" v="Warwickshire CC Aerial Imagery 2013"/>
    <tag k="type" v="multipolygon"/>
  </relation>
  <relation id="8382344" version="3" timestamp="2024-08-26T16:42:50Z" changeset="155792515" uid="21425661" user="CjMalone">
    <member type="way" ref="338380358" role="outer"/>
    <member type="way" ref="597874249" role="inner"/>
    <tag k="addr:city" v="Dunchurch"/>
    <tag k="addr:postcode" v="CV22 6NJ"/>
    <tag k="addr:street" v="The Green"/>
    <tag k="amenity" v="pub"/>
    <tag k="brand" v="Vintage Inns"/>
    <tag k="brand:wikidata" v="Q87067899"/>
    <tag k="building" v="pub"/>
    <tag k="check_date" v="2024-08-20"/>
    <tag k="check_date:opening_hours" v="2024-08-20"/>
    <tag k="contact:website" v="https://www.vintageinn.co.uk/restaurants/midlands/theduncowdunchurch"/>
    <tag k="fhrs:authority" v="Rugby"/>
    <tag k="fhrs:id" v="209935"/>
    <tag k="name" v="The Dun Cow"/>
    <tag k="opening_hours" v="Mo-Sa 09:00-23:00; Su 09:00-22:30"/>
    <tag k="phone" v="+44 1788 810305"/>
    <tag k="source" v="Warwicks CC Aerial Imagery 2013"/>
    <tag k="source:addr" v="fhrs"/>
    <tag k="type" v="multipolygon"/>
  </relation>

</osm>
