<?xml version="1.0" encoding="UTF-8"?>
<osm version="0.6" generator="Overpass API 0.7.62.8 e802775f">
<note>The data included in this document is from www.openstreetmap.org. The data is made available under ODbL.</note>
<meta osm_base="2025-10-23T17:30:41Z" areas="2025-10-23T14:54:58Z"/>

  <node id="217024" lat="52.5880734" lon="-1.6572345" version="1" timestamp="2005-10-19T21:42:18Z" changeset="504" uid="179" user="Alex Willmer"/>
  <node id="222864" lat="52.5451043" lon="-1.7205721" version="4" timestamp="2016-04-12T02:10:32Z" changeset="38489049" uid="178626" user="Rovastar"/>
  <node id="270019" lat="52.5675579" lon="-1.7238883" version="4" timestamp="2020-01-06T08:11:02Z" changeset="79237308" uid="9065" user="brianboru"/>
  <node id="278114" lat="52.5621839" lon="-1.7025306" version="4" timestamp="2014-02-26T22:08:16Z" changeset="20799542" uid="69984" user="richardwest"/>
  <node id="665873" lat="52.5503075" lon="-1.6926846" version="4" timestamp="2014-12-07T21:13:07Z" changeset="27320968" uid="735" user="blackadder"/>
  <node id="671292" lat="52.5501029" lon="-1.6336261" version="3" timestamp="2013-05-08T08:56:15Z" changeset="16025679" uid="9065" user="brianboru"/>
  <node id="671429" lat="52.5497623" lon="-1.6068812" version="4" timestamp="2013-06-04T16:08:00Z" changeset="16421423" uid="9065" user="brianboru"/>
  <node id="671485" lat="52.5492830" lon="-1.5961954" version="4" timestamp="2013-06-05T05:23:34Z" changeset="16427455" uid="9065" user="brianboru"/>
  <node id="21422742" lat="52.5957809" lon="-1.6512370" version="2" timestamp="2008-12-22T14:43:14Z" changeset="545797" uid="9065" user="brianboru"/>
  <node id="60330698" lat="52.5983114" lon="-1.6683074" version="4" timestamp="2014-10-28T12:46:29Z" changeset="26386874" uid="735" user="blackadder"/>
  <node id="82703142" lat="52.5468709" lon="-1.6743855" version="2" timestamp="2010-01-03T14:57:39Z" changeset="3528458" uid="57932" user="Strange but untrue"/>
  <node id="98101639" lat="52.5814518" lon="-1.6419902" version="5" timestamp="2016-12-23T22:58:03Z" changeset="44635495" uid="735" user="blackadder"/>
  <node id="247223117" lat="52.5879984" lon="-1.6561524" version="4" timestamp="2020-10-08T23:29:51Z" changeset="92199107" uid="498071" user="BabBabBabBab"/>
  <node id="253222619" lat="52.5716093" lon="-1.6223362" version="4" timestamp="2024-11-29T09:24:04Z" changeset="159733330" uid="20144448" user="World_Winner"/>
  <node id="254680103" lat="52.5617564" lon="-1.6304110" version="2" timestamp="2011-04-02T17:50:21Z" changeset="7746358" uid="735" user="blackadder"/>
  <node id="603364045" lat="52.5960763" lon="-1.6554022" version="3" timestamp="2011-12-23T19:38:28Z" changeset="10189542" uid="498071" user="BabBabBabBab"/>
  <node id="1295499903" lat="52.5935257" lon="-1.6812764" version="2" timestamp="2020-01-06T10:53:18Z" changeset="79244521" uid="9065" user="brianboru"/>
  <node id="1295499942" lat="52.5936915" lon="-1.6855248" version="3" timestamp="2014-10-14T09:10:58Z" changeset="26067463" uid="735" user="blackadder"/>
  <node id="1295500035" lat="52.5937492" lon="-1.6816643" version="2" timestamp="2011-05-21T23:36:09Z" changeset="8211658" uid="105474" user="Miked29"/>
  <node id="1547036894" lat="52.5892312" lon="-1.6855766" version="2" timestamp="2013-05-27T14:05:57Z" changeset="16310127" uid="9065" user="brianboru"/>
  <node id="1547037033" lat="52.5927766" lon="-1.6791194" version="2" timestamp="2014-10-14T09:10:58Z" changeset="26067463" uid="735" user="blackadder"/>
  <node id="1641071330" lat="52.5700387" lon="-1.6942124" version="1" timestamp="2012-02-20T21:31:09Z" changeset="10745268" uid="498071" user="BabBabBabBab"/>
  <node id="7955956215" lat="52.5964140" lon="-1.6563743" version="1" timestamp="2020-09-29T18:30:51Z" changeset="91724610" uid="498071" user="BabBabBabBab"/>
  <way id="2364" version="20" timestamp="2022-10-09T13:49:13Z" changeset="127248728" uid="139424" user="pigsonthewing">
    <nd ref="270019"/>
    <nd ref="1291059683"/>
    <nd ref="270020"/>
    <nd ref="270021"/>
    <nd ref="1316145258"/>
    <nd ref="680356247"/>
    <nd ref="270023"/>
    <nd ref="603666883"/>
    <nd ref="270024"/>
    <nd ref="270025"/>
    <nd ref="680356252"/>
    <nd ref="603666890"/>
    <nd ref="270026"/>
    <nd ref="270027"/>
    <nd ref="6580983414"/>
    <nd ref="2647405439"/>
    <nd ref="270028"/>
    <nd ref="1544334431"/>
    <nd ref="1544334410"/>
    <nd ref="270029"/>
    <nd ref="1544334408"/>
    <nd ref="270035"/>
    <nd ref="258880486"/>
    <nd ref="1544334406"/>
    <nd ref="270034"/>
    <nd ref="6887825997"/>
    <nd ref="258880487"/>
    <nd ref="258880485"/>
    <tag k="cycleway:both" v="no"/>
    <tag k="gritting" v="priority_1"/>
    <tag k="gritting_depot" v="Coleshill Heath Road"/>
    <tag k="gritting_operator" v="Warwickshire County Council"/>
    <tag k="gritting_route_ref" v="1"/>
    <tag k="gritting_route_revision" v="201110"/>
    <tag k="highway" v="unclassified"/>
    <tag k="highway_authority_ref" v="C125"/>
    <tag k="lanes" v="2"/>
    <tag k="maintenance" v="gritting"/>
    <tag k="maxspeed" v="60 mph"/>
    <tag k="maxspeed:type" v="GB:nsl_single"/>
    <tag k="name" v="Bodymoor Heath Road"/>
    <tag k="shoulder" v="no"/>
    <tag k="source" v="OS_Locator"/>
    <tag k="source:maxspeed" v="survey"/>
    <tag k="surface" v="asphalt"/>
  </way>
  <way id="2365" version="9" timestamp="2014-09-29T12:30:26Z" changeset="25745617" uid="735" user="blackadder">
    <nd ref="2305050335"/>
    <nd ref="603668097"/>
    <nd ref="278109"/>
    <nd ref="278110"/>
    <nd ref="2691843581"/>
    <nd ref="278111"/>
    <nd ref="278112"/>
    <nd ref="2305050310"/>
    <nd ref="278113"/>
    <tag k="gritting" v="priority_1"/>
    <tag k="gritting_depot" v="Coleshill Heath Road"/>
    <tag k="gritting_operator" v="Warwickshire County Council"/>
    <tag k="gritting_route_ref" v="1"/>
    <tag k="gritting_route_revision" v="201110"/>
    <tag k="highway" v="unclassified"/>
    <tag k="highway_authority_ref" v="C125"/>
    <tag k="maintenance" v="gritting"/>
    <tag k="maxspeed" v="60 mph"/>
    <tag k="maxspeed:type" v="GB:nsl_single"/>
    <tag k="name" v="Bodymoor Heath Road"/>
    <tag k="source:maxspeed" v="survey"/>
  </way>
  <way id="4044209" version="21" timestamp="2023-03-13T21:07:06Z" changeset="133641799" uid="5589" user="user_5589">
    <nd ref="222864"/>
    <nd ref="222863"/>
    <nd ref="222862"/>
    <nd ref="222861"/>
    <nd ref="222860"/>
    <nd ref="222859"/>
    <nd ref="427927681"/>
    <nd ref="222858"/>
    <nd ref="222857"/>
    <nd ref="222856"/>
    <nd ref="222855"/>
    <nd ref="2594051466"/>
    <nd ref="2594051828"/>
    <nd ref="222854"/>
    <nd ref="1641071327"/>
    <tag k="bicycle" v="no"/>
    <tag k="carriageway_ref" v="A"/>
    <tag k="foot" v="no"/>
    <tag k="highway" v="motorway"/>
    <tag k="lanes" v="2"/>
    <tag k="lit" v="no"/>
    <tag k="maxheight" v="default"/>
    <tag k="maxspeed" v="70 mph"/>
    <tag k="maxspeed:type" v="GB:motorway"/>
    <tag k="national_highways:area" v="9"/>
    <tag k="oneway" v="yes"/>
    <tag k="operator" v="National Highways"/>
    <tag k="operator:wikidata" v="Q5760006"/>
    <tag k="parking:both" v="no"/>
    <tag k="parking:both:restriction" v="no_stopping"/>
    <tag k="ref" v="M42"/>
    <tag k="surface" v="asphalt"/>
  </way>
  <way id="4844495" version="4" timestamp="2020-12-04T05:53:27Z" changeset="95268170" uid="11734151" user="aniaswin">
    <nd ref="31199662"/>
    <nd ref="3186302898"/>
    <nd ref="31199664"/>
    <nd ref="251326618"/>
    <nd ref="31199665"/>
    <nd ref="31199668"/>
    <nd ref="31199669"/>
    <nd ref="31199670"/>
    <nd ref="31199671"/>
    <nd ref="3186302909"/>
    <nd ref="8192923579"/>
    <nd ref="31199672"/>
    <tag k="abutters" v="residential"/>
    <tag k="highway" v="residential"/>
    <tag k="name" v="Church Lane"/>
  </way>
  <way id="4844521" version="11" timestamp="2025-01-15T12:44:05Z" changeset="161379570" uid="5229644" user="Nathan_A_RF">
    <nd ref="665883"/>
    <nd ref="31199771"/>
    <nd ref="243677607"/>
    <nd ref="31199772"/>
    <nd ref="243677608"/>
    <nd ref="3539770482"/>
    <nd ref="31199773"/>
    <tag k="highway" v="primary"/>
    <tag k="junction" v="roundabout"/>
    <tag k="oneway" v="yes"/>
    <tag k="surface" v="asphalt"/>
  </way>
  <way id="4844522" version="13" timestamp="2024-12-31T16:02:40Z" changeset="160837920" uid="13078383" user="Keith Barnett">
    <nd ref="31199773"/>
    <nd ref="2871271290"/>
    <nd ref="2871271295"/>
    <nd ref="1075197869"/>
    <nd ref="31199775"/>
    <tag k="DfT_AADF" v="10059"/>
    <tag k="DfT_AADF_bus" v="77"/>
    <tag k="DfT_AADF_car" v="8293"/>
    <tag k="DfT_AADF_hgv" v="378"/>
    <tag k="DfT_AADF_lgv" v="1191"/>
    <tag k="DfT_AADF_year" v="2013"/>
    <tag k="DfT_traffic_counter_ref" v="8522"/>
    <tag k="gritting" v="priority_1"/>
    <tag k="gritting_depot" v="Coleshill Heath Road"/>
    <tag k="gritting_operator" v="Warwickshire County Council"/>
    <tag k="gritting_route_ref" v="1"/>
    <tag k="gritting_route_revision" v="201110"/>
    <tag k="highway" v="primary"/>
    <tag k="maintenance" v="gritting"/>
    <tag k="name" v="Coventry Road"/>
    <tag k="oneway" v="yes"/>
    <tag k="ref" v="A51"/>
    <tag k="surface" v="asphalt"/>
  </way>
  <way id="4844523" version="9" timestamp="2025-01-15T12:44:05Z" changeset="161379570" uid="5229644" user="Nathan_A_RF">
    <nd ref="31199771"/>
    <nd ref="665882"/>
    <nd ref="2871271278"/>
    <nd ref="665881"/>
    <tag k="DfT_AADF" v="12332"/>
    <tag k="DfT_AADF_bus" v="89"/>
    <tag k="DfT_AADF_car" v="9569"/>
    <tag k="DfT_AADF_hgv" v="1099"/>
    <tag k="DfT_AADF_lgv" v="1515"/>
    <tag k="DfT_AADF_year" v="2013"/>
    <tag k="DfT_traffic_counter_ref" v="7639"/>
    <tag k="highway" v="primary"/>
    <tag k="name" v="Kingsbury Road"/>
    <tag k="oneway" v="yes"/>
    <tag k="ref" v="A4097"/>
    <tag k="surface" v="asphalt"/>
  </way>
  <way id="4844745" version="8" timestamp="2014-02-26T22:07:53Z" changeset="20799542" uid="69984" user="richardwest">
    <nd ref="2305050335"/>
    <nd ref="2691843610"/>
    <nd ref="270110"/>
    <nd ref="2691843618"/>
    <nd ref="2691843624"/>
    <nd ref="270111"/>
    <nd ref="270112"/>
    <nd ref="270113"/>
    <tag k="highway" v="unclassified"/>
    <tag k="maxspeed" v="60 mph"/>
    <tag k="maxspeed:type" v="GB:nsl_single"/>
    <tag k="name" v="Bodymoor Heath Lane"/>
    <tag k="source" v="OS OpenData StreetView"/>
    <tag k="source:maxspeed" v="survey"/>
  </way>
  <way id="8066822" version="18" timestamp="2024-06-30T16:54:42Z" changeset="153376000" uid="13078383" user="Keith Barnett">
    <nd ref="31199783"/>
    <nd ref="2595672088"/>
    <nd ref="2595672170"/>
    <nd ref="3137531307"/>
    <nd ref="3130065993"/>
    <nd ref="1893507462"/>
    <tag k="abutters" v="residential"/>
    <tag k="gritting" v="priority_1"/>
    <tag k="gritting_depot" v="Coleshill Heath Road"/>
    <tag k="gritting_operator" v="Warwickshire County Council"/>
    <tag k="gritting_route_ref" v="1"/>
    <tag k="gritting_route_revision" v="201110"/>
    <tag k="highway" v="tertiary"/>
    <tag k="highway_authority_ref" v="C122"/>
    <tag k="lanes" v="2"/>
    <tag k="maintenance" v="gritting"/>
    <tag k="maxspeed" v="30 mph"/>
    <tag k="maxweight" v="7.5"/>
    <tag k="name" v="Trinity Road"/>
    <tag k="sidewalk" v="both"/>
    <tag k="surface" v="asphalt"/>
  </way>
  <way id="8468394" version="12" timestamp="2025-01-15T12:44:05Z" changeset="161379570" uid="5229644" user="Nathan_A_RF">
    <nd ref="665884"/>
    <nd ref="2871271274"/>
    <nd ref="2871271275"/>
    <nd ref="2871271277"/>
    <nd ref="665883"/>
    <tag k="highway" v="secondary"/>
    <tag k="name" v="Coventry Road"/>
    <tag k="oneway" v="yes"/>
    <tag k="ref" v="B4098"/>
    <tag k="surface" v="asphalt"/>
  </way>
  <way id="8468395" version="12" timestamp="2025-01-15T12:44:05Z" changeset="161379570" uid="5229644" user="Nathan_A_RF">
    <nd ref="31199769"/>
    <nd ref="2871271276"/>
    <nd ref="665884"/>
    <tag k="gritting" v="priority_1"/>
    <tag k="gritting_depot" v="Coleshill Heath Road"/>
    <tag k="gritting_operator" v="Warwickshire County Council"/>
    <tag k="gritting_route_ref" v="1"/>
    <tag k="gritting_route_revision" v="201110"/>
    <tag k="highway" v="secondary"/>
    <tag k="maintenance" v="gritting"/>
    <tag k="name" v="Coventry Road"/>
    <tag k="oneway" v="yes"/>
    <tag k="ref" v="B4098"/>
    <tag k="surface" v="asphalt"/>
  </way>
  <way id="10063095" version="13" timestamp="2024-12-31T16:03:38Z" changeset="160839211" uid="13078383" user="Keith Barnett">
    <nd ref="665873"/>
    <nd ref="3224044992"/>
    <nd ref="665874"/>
    <nd ref="665875"/>
    <nd ref="665876"/>
    <nd ref="2321995115"/>
    <nd ref="665877"/>
    <nd ref="2321995116"/>
    <nd ref="665878"/>
    <tag k="DfT_AADF" v="12332"/>
    <tag k="DfT_AADF_bus" v="89"/>
    <tag k="DfT_AADF_car" v="9569"/>
    <tag k="DfT_AADF_hgv" v="1099"/>
    <tag k="DfT_AADF_lgv" v="1515"/>
    <tag k="DfT_AADF_year" v="2013"/>
    <tag k="DfT_traffic_counter_ref" v="7639"/>
    <tag k="gritting" v="priority_1"/>
    <tag k="gritting_depot" v="Coleshill Heath Road"/>
    <tag k="gritting_operator" v="Warwickshire County Council"/>
    <tag k="gritting_route_ref" v="1"/>
    <tag k="gritting_route_revision" v="201110"/>
    <tag k="highway" v="primary"/>
    <tag k="lanes" v="2"/>
    <tag k="maintenance" v="gritting"/>
    <tag k="maxspeed" v="50 mph"/>
    <tag k="name" v="Kingsbury Road"/>
    <tag k="ref" v="A4097"/>
    <tag k="surface" v="asphalt"/>
  </way>
  <way id="10063223" version="11" timestamp="2024-12-31T16:02:24Z" changeset="160837920" uid="13078383" user="Keith Barnett">
    <nd ref="31199775"/>
    <nd ref="2871271503"/>
    <nd ref="31199767"/>
    <tag k="DfT_AADF" v="10059"/>
    <tag k="DfT_AADF_bus" v="77"/>
    <tag k="DfT_AADF_car" v="8293"/>
    <tag k="DfT_AADF_hgv" v="378"/>
    <tag k="DfT_AADF_lgv" v="1191"/>
    <tag k="DfT_AADF_year" v="2013"/>
    <tag k="DfT_traffic_counter_ref" v="8522"/>
    <tag k="highway" v="primary"/>
    <tag k="name" v="Coventry Road"/>
    <tag k="oneway" v="yes"/>
    <tag k="ref" v="A51"/>
    <tag k="surface" v="asphalt"/>
  </way>
  <way id="10063225" version="8" timestamp="2025-01-15T12:44:05Z" changeset="161379570" uid="5229644" user="Nathan_A_RF">
    <nd ref="665881"/>
    <nd ref="2871271279"/>
    <nd ref="2871271281"/>
    <nd ref="3539770482"/>
    <tag k="DfT_AADF" v="12332"/>
    <tag k="DfT_AADF_bus" v="89"/>
    <tag k="DfT_AADF_car" v="9569"/>
    <tag k="DfT_AADF_hgv" v="1099"/>
    <tag k="DfT_AADF_lgv" v="1515"/>
    <tag k="DfT_AADF_year" v="2013"/>
    <tag k="DfT_traffic_counter_ref" v="7639"/>
    <tag k="gritting" v="priority_1"/>
    <tag k="gritting_depot" v="Coleshill Heath Road"/>
    <tag k="gritting_operator" v="Warwickshire County Council"/>
    <tag k="gritting_route_ref" v="1"/>
    <tag k="gritting_route_revision" v="201110"/>
    <tag k="highway" v="primary"/>
    <tag k="maintenance" v="gritting"/>
    <tag k="name" v="Kingsbury Road"/>
    <tag k="oneway" v="yes"/>
    <tag k="ref" v="A4097"/>
    <tag k="surface" v="asphalt"/>
  </way>
  <way id="11014160" version="15" timestamp="2022-07-03T16:12:15Z" changeset="123157024" uid="9065" user="brianboru">
    <nd ref="671189"/>
    <nd ref="2296649919"/>
    <nd ref="98101500"/>
    <nd ref="9864135433"/>
    <nd ref="98101501"/>
    <nd ref="6541686245"/>
    <nd ref="2295577265"/>
    <nd ref="2295577269"/>
    <nd ref="98101502"/>
    <nd ref="98101505"/>
    <nd ref="2295577280"/>
    <nd ref="98101536"/>
    <nd ref="2295577287"/>
    <nd ref="98101539"/>
    <nd ref="2295577296"/>
    <nd ref="2295577299"/>
    <nd ref="253222696"/>
    <nd ref="2295577308"/>
    <nd ref="98101540"/>
    <nd ref="253222693"/>
    <nd ref="428014589"/>
    <nd ref="253222691"/>
    <nd ref="427920507"/>
    <tag k="gritting" v="priority_1"/>
    <tag k="gritting_depot" v="Coleshill Heath Road"/>
    <tag k="gritting_operator" v="Warwickshire County Council"/>
    <tag k="gritting_route_ref" v="2"/>
    <tag k="gritting_route_revision" v="201105"/>
    <tag k="highway" v="tertiary"/>
    <tag k="maintenance" v="gritting"/>
  </way>
  <way id="11014161" version="9" timestamp="2020-06-26T14:45:41Z" changeset="87200968" uid="10252543" user="srikmar">
    <nd ref="98101548"/>
    <nd ref="1229542102"/>
    <nd ref="3126851893"/>
    <nd ref="7656442163"/>
    <nd ref="1229542365"/>
    <nd ref="5647447374"/>
    <nd ref="2296650048"/>
    <nd ref="98101558"/>
    <nd ref="2296650024"/>
    <nd ref="427920534"/>
    <tag k="highway" v="unclassified"/>
    <tag k="name" v="Dexter Lane"/>
  </way>
  <way id="11014167" version="9" timestamp="2021-09-09T14:24:45Z" changeset="110979830" uid="10271435" user="gujelapg">
    <nd ref="671280"/>
    <nd ref="671278"/>
    <nd ref="671277"/>
    <nd ref="7059362299"/>
    <nd ref="671276"/>
    <nd ref="7059362310"/>
    <nd ref="7059362298"/>
    <nd ref="671275"/>
    <nd ref="671274"/>
    <nd ref="7059352845"/>
    <nd ref="671273"/>
    <nd ref="7059352844"/>
    <nd ref="671272"/>
    <nd ref="7059352848"/>
    <nd ref="2295555481"/>
    <nd ref="671271"/>
    <nd ref="671270"/>
    <nd ref="2295555479"/>
    <nd ref="671253"/>
    <nd ref="2295555477"/>
    <nd ref="671252"/>
    <nd ref="7059362312"/>
    <nd ref="671251"/>
    <nd ref="671250"/>
    <nd ref="671249"/>
    <nd ref="7749791056"/>
    <nd ref="671248"/>
    <nd ref="7749791057"/>
    <nd ref="671247"/>
    <nd ref="671246"/>
    <nd ref="671245"/>
    <nd ref="671244"/>
    <nd ref="9077015829"/>
    <nd ref="671243"/>
    <nd ref="671242"/>
    <nd ref="671241"/>
    <tag k="highway" v="unclassified"/>
  </way>
  <way id="11014171" version="10" timestamp="2020-05-01T13:17:05Z" changeset="84472291" uid="6095563" user="Don Dapper">
    <nd ref="98101543"/>
    <nd ref="705281592"/>
    <nd ref="2035297545"/>
    <nd ref="3126851970"/>
    <nd ref="98101610"/>
    <nd ref="98101613"/>
    <nd ref="3126852022"/>
    <nd ref="3126852023"/>
    <nd ref="2301689276"/>
    <nd ref="3126852025"/>
    <nd ref="2301689290"/>
    <nd ref="98101622"/>
    <tag k="gritting" v="priority_1"/>
    <tag k="gritting_depot" v="Coleshill Heath Road"/>
    <tag k="gritting_operator" v="Warwickshire County Council"/>
    <tag k="gritting_route_ref" v="2"/>
    <tag k="gritting_route_revision" v="201105"/>
    <tag k="highway" v="tertiary"/>
    <tag k="maintenance" v="gritting"/>
    <tag k="name" v="Brick Kiln Lane"/>
  </way>
  <way id="15546945" version="13" timestamp="2018-11-26T07:26:51Z" changeset="64887435" uid="9065" user="brianboru">
    <nd ref="671485"/>
    <nd ref="671481"/>
    <nd ref="671478"/>
    <nd ref="671477"/>
    <nd ref="671476"/>
    <nd ref="671475"/>
    <nd ref="603832702"/>
    <nd ref="671474"/>
    <nd ref="671473"/>
    <nd ref="671472"/>
    <nd ref="671471"/>
    <nd ref="603832703"/>
    <nd ref="671470"/>
    <nd ref="671469"/>
    <nd ref="671468"/>
    <nd ref="671467"/>
    <nd ref="671465"/>
    <nd ref="671466"/>
    <nd ref="671464"/>
    <nd ref="671463"/>
    <nd ref="671462"/>
    <nd ref="671461"/>
    <nd ref="671460"/>
    <nd ref="671459"/>
    <nd ref="603834515"/>
    <nd ref="603834516"/>
    <nd ref="671458"/>
    <nd ref="603834517"/>
    <nd ref="671457"/>
    <nd ref="671456"/>
    <nd ref="671455"/>
    <nd ref="671454"/>
    <nd ref="671453"/>
    <nd ref="671452"/>
    <nd ref="671451"/>
    <nd ref="671450"/>
    <nd ref="671449"/>
    <nd ref="671448"/>
    <nd ref="671447"/>
    <nd ref="671446"/>
    <nd ref="671445"/>
    <nd ref="671444"/>
    <nd ref="671442"/>
    <nd ref="671441"/>
    <nd ref="671440"/>
    <nd ref="671437"/>
    <nd ref="603834523"/>
    <nd ref="671434"/>
    <nd ref="671433"/>
    <nd ref="603834526"/>
    <nd ref="671432"/>
    <nd ref="603834527"/>
    <nd ref="671430"/>
    <nd ref="671429"/>
    <nd ref="2118404181"/>
    <nd ref="2331915577"/>
    <nd ref="671424"/>
    <nd ref="671422"/>
    <nd ref="671421"/>
    <nd ref="671420"/>
    <nd ref="671419"/>
    <nd ref="671418"/>
    <nd ref="671417"/>
    <nd ref="671415"/>
    <nd ref="603834528"/>
    <nd ref="671411"/>
    <nd ref="671409"/>
    <nd ref="2331915587"/>
    <nd ref="671406"/>
    <nd ref="671405"/>
    <nd ref="603834531"/>
    <nd ref="603834532"/>
    <nd ref="671403"/>
    <nd ref="603834534"/>
    <nd ref="671402"/>
    <nd ref="671401"/>
    <nd ref="671400"/>
    <nd ref="671399"/>
    <nd ref="671398"/>
    <nd ref="671397"/>
    <nd ref="671396"/>
    <nd ref="2331915623"/>
    <nd ref="671395"/>
    <nd ref="671394"/>
    <nd ref="671393"/>
    <nd ref="671392"/>
    <nd ref="671390"/>
    <nd ref="671389"/>
    <nd ref="671388"/>
    <nd ref="671386"/>
    <nd ref="603834552"/>
    <nd ref="671385"/>
    <nd ref="671384"/>
    <nd ref="671383"/>
    <nd ref="671391"/>
    <nd ref="671381"/>
    <nd ref="671379"/>
    <nd ref="671378"/>
    <nd ref="6091888983"/>
    <nd ref="671377"/>
    <nd ref="603834560"/>
    <nd ref="671376"/>
    <nd ref="671375"/>
    <nd ref="603834729"/>
    <nd ref="603834737"/>
    <nd ref="671374"/>
    <nd ref="671373"/>
    <nd ref="671372"/>
    <nd ref="671370"/>
    <nd ref="671369"/>
    <nd ref="671367"/>
    <nd ref="671366"/>
    <nd ref="671365"/>
    <nd ref="671364"/>
    <nd ref="671363"/>
    <nd ref="671362"/>
    <nd ref="671361"/>
    <nd ref="671360"/>
    <nd ref="671359"/>
    <nd ref="671356"/>
    <nd ref="671355"/>
    <nd ref="671354"/>
    <nd ref="671353"/>
    <nd ref="671352"/>
    <nd ref="671351"/>
    <nd ref="671350"/>
    <nd ref="603840230"/>
    <nd ref="671349"/>
    <nd ref="603840248"/>
    <nd ref="671348"/>
    <nd ref="671347"/>
    <nd ref="671346"/>
    <nd ref="671345"/>
    <nd ref="603840285"/>
    <nd ref="603840293"/>
    <nd ref="6091935534"/>
    <nd ref="671344"/>
    <nd ref="6091935535"/>
    <nd ref="671343"/>
    <nd ref="671341"/>
    <nd ref="671342"/>
    <nd ref="603840323"/>
    <nd ref="671340"/>
    <nd ref="671339"/>
    <nd ref="671338"/>
    <nd ref="671337"/>
    <nd ref="671336"/>
    <nd ref="603840362"/>
    <nd ref="671335"/>
    <nd ref="671334"/>
    <nd ref="671333"/>
    <nd ref="671297"/>
    <nd ref="671296"/>
    <nd ref="671295"/>
    <nd ref="671294"/>
    <nd ref="671293"/>
    <nd ref="671292"/>
    <nd ref="671291"/>
    <nd ref="671290"/>
    <nd ref="671289"/>
    <nd ref="671287"/>
    <nd ref="671280"/>
    <tag k="highway" v="unclassified"/>
  </way>
  <way id="22946838" version="9" timestamp="2020-10-08T23:29:51Z" changeset="92199107" uid="498071" user="BabBabBabBab">
    <nd ref="247223117"/>
    <nd ref="603363426"/>
    <nd ref="247223120"/>
    <nd ref="603363438"/>
    <nd ref="247223121"/>
    <nd ref="603363443"/>
    <nd ref="247223122"/>
    <nd ref="603363455"/>
    <nd ref="247223124"/>
    <nd ref="603363124"/>
    <tag k="gritting" v="priority_1"/>
    <tag k="gritting_depot" v="Coleshill Heath Road"/>
    <tag k="gritting_operator" v="Warwickshire County Council"/>
    <tag k="gritting_route_ref" v="2"/>
    <tag k="gritting_route_revision" v="201105"/>
    <tag k="highway" v="tertiary"/>
    <tag k="highway_authority_ref" v="C8"/>
    <tag k="maintenance" v="gritting"/>
    <tag k="name" v="Edge Hill"/>
  </way>
  <way id="22946839" version="13" timestamp="2016-12-23T22:58:04Z" changeset="44635495" uid="735" user="blackadder">
    <nd ref="98101639"/>
    <nd ref="603361013"/>
    <nd ref="603361015"/>
    <nd ref="247223157"/>
    <nd ref="4569521404"/>
    <nd ref="247223159"/>
    <nd ref="4569521403"/>
    <nd ref="603361099"/>
    <nd ref="247223160"/>
    <nd ref="603361101"/>
    <nd ref="603361102"/>
    <nd ref="247223161"/>
    <nd ref="2163020248"/>
    <nd ref="247223164"/>
    <nd ref="247223165"/>
    <nd ref="603361103"/>
    <nd ref="4569521396"/>
    <nd ref="4569521405"/>
    <nd ref="603361105"/>
    <nd ref="247223168"/>
    <nd ref="247223169"/>
    <nd ref="4569521406"/>
    <nd ref="247223171"/>
    <nd ref="2624762962"/>
    <nd ref="2295605971"/>
    <nd ref="247223173"/>
    <nd ref="2295605966"/>
    <nd ref="247223175"/>
    <nd ref="4569521407"/>
    <nd ref="247223176"/>
    <nd ref="2295605961"/>
    <nd ref="4569521408"/>
    <nd ref="1206111978"/>
    <nd ref="4231716721"/>
    <nd ref="247223177"/>
    <nd ref="2302467127"/>
    <nd ref="247229692"/>
    <tag k="gritting" v="priority_1"/>
    <tag k="gritting_depot" v="Coleshill Heath Road"/>
    <tag k="gritting_operator" v="Warwickshire County Council"/>
    <tag k="gritting_route_ref" v="2"/>
    <tag k="gritting_route_revision" v="201105"/>
    <tag k="highway" v="tertiary"/>
    <tag k="highway_authority_ref" v="C7"/>
    <tag k="maintenance" v="gritting"/>
    <tag k="name" v="Boulters Lane"/>
    <tag k="source" v="survey; gps"/>
    <tag k="surface" v="paved"/>
  </way>
  <way id="22946851" version="7" timestamp="2017-04-08T18:25:31Z" changeset="47575294" uid="133272" user="wongataa">
    <nd ref="247223307"/>
    <nd ref="2871271289"/>
    <nd ref="3109359428"/>
    <nd ref="247223332"/>
    <nd ref="243677604"/>
    <tag k="highway" v="tertiary"/>
    <tag k="highway_authority_ref" v="D328"/>
    <tag k="name" v="Piccadilly Way"/>
    <tag k="oneway" v="yes"/>
    <tag k="surface" v="paved"/>
  </way>
  <way id="22947041" version="25" timestamp="2024-12-24T23:57:18Z" changeset="160590505" uid="493595" user="Yorvik Prestigitator">
    <nd ref="247229691"/>
    <nd ref="5363281739"/>
    <nd ref="603362212"/>
    <nd ref="5639464303"/>
    <nd ref="603362463"/>
    <nd ref="8007142984"/>
    <nd ref="5363281742"/>
    <nd ref="603362465"/>
    <nd ref="603362466"/>
    <nd ref="603362123"/>
    <nd ref="603362124"/>
    <nd ref="12450290682"/>
    <nd ref="5639464304"/>
    <nd ref="98101639"/>
    <tag k="gritting" v="priority_1"/>
    <tag k="gritting_depot" v="Coleshill Heath Road"/>
    <tag k="gritting_operator" v="Warwickshire County Council"/>
    <tag k="gritting_route_ref" v="2"/>
    <tag k="gritting_route_revision" v="201105"/>
    <tag k="highway" v="tertiary"/>
    <tag k="highway_authority_ref" v="C8"/>
    <tag k="lanes" v="2"/>
    <tag k="maintenance" v="gritting"/>
    <tag k="name" v="Tamworth Road"/>
    <tag k="sidewalk" v="both"/>
    <tag k="source" v="NPE;survey"/>
    <tag k="source:name" v="OS_OpenData_Open_Roads"/>
    <tag k="surface" v="asphalt"/>
  </way>
  <way id="23230603" version="3" timestamp="2014-10-17T09:36:57Z" changeset="26140155" uid="735" user="blackadder">
    <nd ref="251326619"/>
    <nd ref="3134796903"/>
    <nd ref="251326620"/>
    <nd ref="31199780"/>
    <tag k="abutters" v="residential"/>
    <tag k="highway" v="residential"/>
    <tag k="name" v="Lichfield Cottages"/>
    <tag k="surface" v="unpaved"/>
  </way>
  <way id="23230604" version="13" timestamp="2024-07-01T13:46:14Z" changeset="153413515" uid="13078383" user="Keith Barnett">
    <nd ref="31199778"/>
    <nd ref="3109362175"/>
    <nd ref="2871277721"/>
    <nd ref="251326621"/>
    <nd ref="3109362176"/>
    <nd ref="251326622"/>
    <nd ref="251326623"/>
    <nd ref="3121993265"/>
    <nd ref="251326624"/>
    <nd ref="251326625"/>
    <nd ref="2871277723"/>
    <nd ref="251326627"/>
    <nd ref="2871277722"/>
    <nd ref="251326629"/>
    <nd ref="251326630"/>
    <nd ref="251326632"/>
    <nd ref="251326635"/>
    <nd ref="251326636"/>
    <nd ref="251326638"/>
    <nd ref="251326640"/>
    <nd ref="251326641"/>
    <nd ref="3117579789"/>
    <nd ref="251326648"/>
    <nd ref="251326650"/>
    <nd ref="3121797734"/>
    <nd ref="3117579767"/>
    <nd ref="3109361963"/>
    <nd ref="251326607"/>
    <tag k="abutters" v="residential"/>
    <tag k="highway" v="residential"/>
    <tag k="lane_markings" v="no"/>
    <tag k="name" v="Mill Crescent"/>
    <tag k="sidewalk" v="both"/>
    <tag k="surface" v="asphalt"/>
  </way>
  <way id="23230605" version="5" timestamp="2024-07-01T14:22:12Z" changeset="153413527" uid="13078383" user="Keith Barnett">
    <nd ref="251326651"/>
    <nd ref="251326653"/>
    <tag k="abutters" v="residential"/>
    <tag k="created_by" v="JOSM"/>
    <tag k="highway" v="residential"/>
    <tag k="lane_markings" v="no"/>
    <tag k="name" v="Hill Side"/>
    <tag k="sidewalk" v="both"/>
    <tag k="surface" v="asphalt"/>
  </way>
  <way id="23230606" version="5" timestamp="2024-07-01T14:23:59Z" changeset="153413527" uid="13078383" user="Keith Barnett">
    <nd ref="251326655"/>
    <nd ref="251326657"/>
    <tag k="abutters" v="residential"/>
    <tag k="created_by" v="JOSM"/>
    <tag k="highway" v="residential"/>
    <tag k="lane_markings" v="no"/>
    <tag k="name" v="Hill Side"/>
    <tag k="sidewalk" v="both"/>
    <tag k="surface" v="asphalt"/>
  </way>
  <way id="23230607" version="5" timestamp="2024-07-01T14:24:16Z" changeset="153413527" uid="13078383" user="Keith Barnett">
    <nd ref="251326658"/>
    <nd ref="251326660"/>
    <tag k="abutters" v="residential"/>
    <tag k="created_by" v="JOSM"/>
    <tag k="highway" v="residential"/>
    <tag k="lane_markings" v="no"/>
    <tag k="name" v="Hill Side"/>
    <tag k="sidewalk" v="right"/>
    <tag k="surface" v="asphalt"/>
  </way>
  <way id="23230608" version="7" timestamp="2024-07-01T14:13:21Z" changeset="153413515" uid="13078383" user="Keith Barnett">
    <nd ref="251326662"/>
    <nd ref="251326660"/>
    <nd ref="251326663"/>
    <nd ref="251326657"/>
    <nd ref="251326653"/>
    <nd ref="251326692"/>
    <nd ref="3117579790"/>
    <nd ref="251326690"/>
    <nd ref="3109362172"/>
    <nd ref="251326689"/>
    <nd ref="251326687"/>
    <nd ref="251326635"/>
    <tag k="abutters" v="residential"/>
    <tag k="highway" v="residential"/>
    <tag k="lane_markings" v="no"/>
    <tag k="name" v="Hill Side"/>
    <tag k="sidewalk" v="both"/>
    <tag k="surface" v="asphalt"/>
  </way>
  <way id="23230609" version="3" timestamp="2024-12-31T16:02:30Z" changeset="160837920" uid="13078383" user="Keith Barnett">
    <nd ref="251326665"/>
    <nd ref="251326667"/>
    <nd ref="251326668"/>
    <nd ref="251326670"/>
    <nd ref="251326671"/>
    <tag k="abutters" v="residential"/>
    <tag k="created_by" v="JOSM"/>
    <tag k="highway" v="residential"/>
    <tag k="name" v="Hemlingford Road"/>
    <tag k="surface" v="asphalt"/>
  </way>
  <way id="23230610" version="3" timestamp="2014-05-20T20:53:02Z" changeset="22454390" uid="735" user="blackadder">
    <nd ref="251326673"/>
    <nd ref="2871244109"/>
    <nd ref="251326675"/>
    <nd ref="251326677"/>
    <tag k="abutters" v="residential"/>
    <tag k="highway" v="residential"/>
    <tag k="name" v="Hemlingford Road"/>
    <tag k="surface" v="paved"/>
  </way>
  <way id="23230611" version="2" timestamp="2008-03-09T14:35:07Z" changeset="292111" uid="735" user="blackadder">
    <nd ref="251326679"/>
    <nd ref="251326677"/>
    <nd ref="251326680"/>
    <tag k="abutters" v="residential"/>
    <tag k="created_by" v="JOSM"/>
    <tag k="highway" v="residential"/>
    <tag k="name" v="Hemlingford Road"/>
    <tag k="surface" v="paved"/>
  </way>
  <way id="23230612" version="5" timestamp="2024-07-01T14:30:51Z" changeset="153413511" uid="13078383" user="Keith Barnett">
    <nd ref="251326650"/>
    <nd ref="251326682"/>
    <nd ref="2871244144"/>
    <nd ref="251326684"/>
    <nd ref="251326671"/>
    <nd ref="251326685"/>
    <nd ref="251326675"/>
    <nd ref="251326663"/>
    <tag k="abutters" v="residential"/>
    <tag k="highway" v="residential"/>
    <tag k="name" v="Hemlingford Road"/>
    <tag k="sidewalk" v="both"/>
    <tag k="surface" v="asphalt"/>
  </way>
  <way id="23230613" version="3" timestamp="2014-05-20T21:04:47Z" changeset="22454583" uid="735" user="blackadder">
    <nd ref="251326694"/>
    <nd ref="251326695"/>
    <nd ref="251326697"/>
    <nd ref="251326699"/>
    <nd ref="2871277719"/>
    <nd ref="251326700"/>
    <nd ref="251326702"/>
    <nd ref="251326704"/>
    <nd ref="251326705"/>
    <nd ref="251326707"/>
    <nd ref="251326621"/>
    <tag k="abutters" v="residential"/>
    <tag k="highway" v="residential"/>
    <tag k="name" v="Coventry Road"/>
    <tag k="surface" v="paved"/>
  </way>
  <way id="23230614" version="5" timestamp="2024-07-01T14:06:23Z" changeset="153413527" uid="13078383" user="Keith Barnett">
    <nd ref="251326708"/>
    <nd ref="251326710"/>
    <nd ref="251326712"/>
    <tag k="abutters" v="residential"/>
    <tag k="created_by" v="JOSM"/>
    <tag k="highway" v="residential"/>
    <tag k="lane_markings" v="no"/>
    <tag k="name" v="Brook Close"/>
    <tag k="sidewalk" v="right"/>
    <tag k="surface" v="asphalt"/>
  </way>
  <way id="23230615" version="5" timestamp="2024-07-01T14:06:17Z" changeset="153413527" uid="13078383" user="Keith Barnett">
    <nd ref="251326710"/>
    <nd ref="251326625"/>
    <tag k="abutters" v="residential"/>
    <tag k="created_by" v="JOSM"/>
    <tag k="highway" v="residential"/>
    <tag k="lane_markings" v="no"/>
    <tag k="name" v="Brook Close"/>
    <tag k="sidewalk" v="both"/>
    <tag k="surface" v="asphalt"/>
  </way>
  <way id="23230616" version="5" timestamp="2024-07-01T13:42:53Z" changeset="153413527" uid="13078383" user="Keith Barnett">
    <nd ref="251326714"/>
    <nd ref="251326715"/>
    <nd ref="251326717"/>
    <tag k="abutters" v="residential"/>
    <tag k="created_by" v="JOSM"/>
    <tag k="highway" v="residential"/>
    <tag k="lane_markings" v="no"/>
    <tag k="name" v="South View"/>
    <tag k="sidewalk" v="left"/>
    <tag k="surface" v="asphalt"/>
  </way>
  <way id="23230617" version="6" timestamp="2024-07-01T13:42:40Z" changeset="153413527" uid="13078383" user="Keith Barnett">
    <nd ref="251326715"/>
    <nd ref="251326719"/>
    <nd ref="251326721"/>
    <nd ref="251326722"/>
    <nd ref="251326724"/>
    <nd ref="3117402225"/>
    <nd ref="251326648"/>
    <tag k="abutters" v="residential"/>
    <tag k="highway" v="residential"/>
    <tag k="lane_markings" v="no"/>
    <tag k="name" v="South View"/>
    <tag k="sidewalk" v="both"/>
    <tag k="surface" v="asphalt"/>
  </way>
  <way id="23230619" version="7" timestamp="2024-07-01T14:06:40Z" changeset="153413527" uid="13078383" user="Keith Barnett">
    <nd ref="3109362177"/>
    <nd ref="251326730"/>
    <nd ref="251326731"/>
    <nd ref="3126102125"/>
    <nd ref="251326732"/>
    <nd ref="251326733"/>
    <nd ref="251326734"/>
    <nd ref="251326735"/>
    <nd ref="251326736"/>
    <nd ref="251326630"/>
    <tag k="abutters" v="residential"/>
    <tag k="highway" v="residential"/>
    <tag k="lane_markings" v="no"/>
    <tag k="name" v="Range Way"/>
    <tag k="sidewalk" v="both"/>
    <tag k="surface" v="asphalt"/>
  </way>
  <way id="23230620" version="2" timestamp="2008-03-09T14:35:09Z" changeset="292111" uid="735" user="blackadder">
    <nd ref="251326737"/>
    <nd ref="251326738"/>
    <tag k="abutters" v="residential"/>
    <tag k="created_by" v="JOSM"/>
    <tag k="highway" v="residential"/>
    <tag k="name" v="Meadow Close"/>
    <tag k="surface" v="paved"/>
  </way>
  <way id="23230621" version="4" timestamp="2023-02-13T00:04:43Z" changeset="132466858" uid="493595" user="Yorvik Prestigitator">
    <nd ref="251326739"/>
    <nd ref="251326738"/>
    <nd ref="251326740"/>
    <nd ref="251326746"/>
    <nd ref="3130063450"/>
    <nd ref="251326747"/>
    <nd ref="251326748"/>
    <nd ref="251326749"/>
    <nd ref="10653210450"/>
    <nd ref="251326758"/>
    <tag k="abutters" v="residential"/>
    <tag k="highway" v="residential"/>
    <tag k="name" v="Meadow Close"/>
    <tag k="surface" v="paved"/>
  </way>
  <way id="23230622" version="5" timestamp="2023-02-13T00:04:43Z" changeset="132466858" uid="493595" user="Yorvik Prestigitator">
    <nd ref="251326750"/>
    <nd ref="7994199113"/>
    <nd ref="251326751"/>
    <nd ref="10653210452"/>
    <nd ref="3134817871"/>
    <nd ref="251326749"/>
    <tag k="abutters" v="residential"/>
    <tag k="highway" v="residential"/>
    <tag k="name" v="Wright Close"/>
    <tag k="surface" v="paved"/>
  </way>
  <way id="23230623" version="2" timestamp="2008-03-09T14:35:10Z" changeset="292111" uid="735" user="blackadder">
    <nd ref="251326752"/>
    <nd ref="251326751"/>
    <tag k="abutters" v="residential"/>
    <tag k="created_by" v="JOSM"/>
    <tag k="highway" v="residential"/>
    <tag k="name" v="Wright Close"/>
    <tag k="surface" v="paved"/>
  </way>
  <way id="23230624" version="2" timestamp="2008-03-09T14:35:10Z" changeset="292111" uid="735" user="blackadder">
    <nd ref="251326753"/>
    <nd ref="251326754"/>
    <nd ref="251326755"/>
    <tag k="abutters" v="residential"/>
    <tag k="created_by" v="JOSM"/>
    <tag k="highway" v="residential"/>
    <tag k="name" v="Hadleys Croft"/>
    <tag k="surface" v="paved"/>
  </way>
  <way id="23230625" version="2" timestamp="2008-03-09T14:35:10Z" changeset="292111" uid="735" user="blackadder">
    <nd ref="251326756"/>
    <nd ref="251326757"/>
    <nd ref="251326754"/>
    <tag k="abutters" v="residential"/>
    <tag k="created_by" v="JOSM"/>
    <tag k="highway" v="residential"/>
    <tag k="name" v="Hadleys Croft"/>
    <tag k="surface" v="paved"/>
  </way>
  <way id="23230627" version="6" timestamp="2020-03-06T06:13:01Z" changeset="81852771" uid="10252545" user="sunkarab">
    <nd ref="31199658"/>
    <nd ref="3130063497"/>
    <nd ref="3130063496"/>
    <nd ref="3135898329"/>
    <nd ref="251326762"/>
    <nd ref="251326764"/>
    <nd ref="251326758"/>
    <nd ref="7271149196"/>
    <nd ref="251326766"/>
    <nd ref="251326767"/>
    <nd ref="251326756"/>
    <nd ref="251326768"/>
    <nd ref="251326769"/>
    <nd ref="3137460220"/>
    <nd ref="3137460221"/>
    <nd ref="251326770"/>
    <nd ref="251326771"/>
    <nd ref="3130065150"/>
    <nd ref="251326772"/>
    <nd ref="251326773"/>
    <nd ref="251326774"/>
    <nd ref="3130065675"/>
    <nd ref="251326775"/>
    <nd ref="251326776"/>
    <nd ref="251326777"/>
    <nd ref="251326778"/>
    <nd ref="251326779"/>
    <nd ref="251326780"/>
    <tag k="abutters" v="residential"/>
    <tag k="highway" v="residential"/>
    <tag k="name" v="Pear Tree Avenue"/>
    <tag k="surface" v="paved"/>
  </way>
  <way id="23230631" version="5" timestamp="2014-10-14T20:36:53Z" changeset="26081838" uid="735" user="blackadder">
    <nd ref="251326786"/>
    <nd ref="3130064965"/>
    <nd ref="3130064958"/>
    <nd ref="3130064953"/>
    <nd ref="2595672091"/>
    <nd ref="3130064954"/>
    <nd ref="3130064962"/>
    <nd ref="251326792"/>
    <tag k="highway" v="unclassified"/>
    <tag k="name" v="Tamworth Road"/>
    <tag k="oneway" v="yes"/>
  </way>
  <way id="23230632" version="8" timestamp="2020-10-11T08:03:34Z" changeset="92294419" uid="10205154" user="mundlk">
    <nd ref="2595672140"/>
    <nd ref="7996639159"/>
    <nd ref="251326614"/>
    <nd ref="2595672201"/>
    <nd ref="251326792"/>
    <nd ref="251326793"/>
    <nd ref="3130065148"/>
    <nd ref="3135905362"/>
    <nd ref="251326794"/>
    <tag k="highway" v="unclassified"/>
    <tag k="name" v="Tamworth Road"/>
    <tag k="oneway" v="yes"/>
  </way>
  <way id="23230636" version="5" timestamp="2014-10-18T21:06:19Z" changeset="26179316" uid="735" user="blackadder">
    <nd ref="251326806"/>
    <nd ref="251326807"/>
    <nd ref="3137460228"/>
    <nd ref="3130065227"/>
    <nd ref="251326805"/>
    <nd ref="2595672172"/>
    <nd ref="251326808"/>
    <nd ref="251326774"/>
    <tag k="abutters" v="residential"/>
    <tag k="highway" v="residential"/>
    <tag k="name" v="Pear Tree Avenue"/>
    <tag k="surface" v="paved"/>
  </way>
  <way id="23230637" version="4" timestamp="2014-10-18T21:06:19Z" changeset="26179316" uid="735" user="blackadder">
    <nd ref="251326803"/>
    <nd ref="3130065192"/>
    <nd ref="3130065181"/>
    <nd ref="3130064978"/>
    <nd ref="3137460219"/>
    <nd ref="251326766"/>
    <tag k="abutters" v="residential"/>
    <tag k="highway" v="residential"/>
    <tag k="name" v="Pear Tree Avenue"/>
    <tag k="surface" v="paved"/>
  </way>
  <way id="23231059" version="3" timestamp="2014-10-14T20:36:51Z" changeset="26081838" uid="735" user="blackadder">
    <nd ref="251331800"/>
    <nd ref="251326783"/>
    <nd ref="3130065664"/>
    <nd ref="251331801"/>
    <nd ref="3130065722"/>
    <nd ref="3130065749"/>
    <nd ref="3130065089"/>
    <nd ref="251326784"/>
    <nd ref="2595672056"/>
    <nd ref="251326775"/>
    <tag k="abutters" v="residential"/>
    <tag k="highway" v="residential"/>
    <tag k="name" v="Pear Tree Avenue"/>
    <tag k="surface" v="paved"/>
  </way>
  <way id="23231061" version="8" timestamp="2014-11-11T14:04:04Z" changeset="26712134" uid="735" user="blackadder">
    <nd ref="31199779"/>
    <nd ref="31199778"/>
    <nd ref="3126156277"/>
    <nd ref="3109362173"/>
    <nd ref="251326605"/>
    <nd ref="251326606"/>
    <tag k="DfT_AADF" v="10059"/>
    <tag k="DfT_AADF_bus" v="77"/>
    <tag k="DfT_AADF_car" v="8293"/>
    <tag k="DfT_AADF_hgv" v="378"/>
    <tag k="DfT_AADF_lgv" v="1191"/>
    <tag k="DfT_AADF_year" v="2013"/>
    <tag k="DfT_traffic_counter_ref" v="8522"/>
    <tag k="gritting" v="priority_1"/>
    <tag k="gritting_depot" v="Coleshill Heath Road"/>
    <tag k="gritting_operator" v="Warwickshire County Council"/>
    <tag k="gritting_route_ref" v="1"/>
    <tag k="gritting_route_revision" v="201110"/>
    <tag k="highway" v="primary"/>
    <tag k="maintenance" v="gritting"/>
    <tag k="maxspeed" v="30 mph"/>
    <tag k="name" v="Coventry Road"/>
    <tag k="old_ref" v="A423"/>
    <tag k="ref" v="A51"/>
  </way>
  <way id="23231065" version="28" timestamp="2025-01-15T12:44:05Z" changeset="161379570" uid="5229644" user="Nathan_A_RF">
    <nd ref="247223331"/>
    <nd ref="1075225897"/>
    <nd ref="3126852096"/>
    <nd ref="811013834"/>
    <nd ref="3126852099"/>
    <nd ref="125978843"/>
    <nd ref="811014198"/>
    <nd ref="98150324"/>
    <nd ref="98150326"/>
    <nd ref="3126852131"/>
    <nd ref="1445498419"/>
    <nd ref="1445498408"/>
    <nd ref="1445498415"/>
    <nd ref="7952384169"/>
    <nd ref="98150327"/>
    <nd ref="1484674577"/>
    <nd ref="1445498422"/>
    <nd ref="1445498341"/>
    <nd ref="125970879"/>
    <nd ref="1445498417"/>
    <nd ref="391748382"/>
    <nd ref="125978840"/>
    <nd ref="1445498376"/>
    <nd ref="391748390"/>
    <nd ref="1445498406"/>
    <nd ref="98150328"/>
    <nd ref="1445498367"/>
    <nd ref="125978837"/>
    <nd ref="125978832"/>
    <nd ref="705792024"/>
    <tag k="gritting" v="priority_1"/>
    <tag k="gritting_depot" v="Coleshill Heath Road"/>
    <tag k="gritting_operator" v="Warwickshire County Council"/>
    <tag k="gritting_route_ref" v="1"/>
    <tag k="gritting_route_revision" v="201110"/>
    <tag k="highway" v="tertiary"/>
    <tag k="highway_authority_ref" v="C8"/>
    <tag k="lanes" v="2"/>
    <tag k="maintenance" v="gritting"/>
    <tag k="maxspeed" v="60 mph"/>
    <tag k="maxspeed:type" v="GB:nsl_single"/>
    <tag k="name" v="Trinity Road"/>
    <tag k="surface" v="asphalt"/>
  </way>
  <way id="23390775" version="17" timestamp="2024-11-29T09:24:04Z" changeset="159733330" uid="20144448" user="World_Winner">
    <nd ref="253222619"/>
    <nd ref="603352400"/>
    <nd ref="603359231"/>
    <nd ref="603352263"/>
    <nd ref="253222620"/>
    <nd ref="603359807"/>
    <nd ref="7991728492"/>
    <nd ref="9017893188"/>
    <nd ref="603359808"/>
    <nd ref="253222623"/>
    <nd ref="603359809"/>
    <nd ref="2301572956"/>
    <nd ref="603359810"/>
    <nd ref="253222625"/>
    <nd ref="603359811"/>
    <nd ref="603359812"/>
    <nd ref="253222627"/>
    <nd ref="8839685828"/>
    <nd ref="2301573063"/>
    <nd ref="603359814"/>
    <nd ref="603359815"/>
    <nd ref="253222634"/>
    <nd ref="8839685819"/>
    <nd ref="253222637"/>
    <nd ref="253222639"/>
    <nd ref="603359818"/>
    <nd ref="253222640"/>
    <nd ref="603359819"/>
    <nd ref="253222643"/>
    <nd ref="603359821"/>
    <nd ref="253222646"/>
    <nd ref="253222648"/>
    <nd ref="8038534981"/>
    <nd ref="603359823"/>
    <nd ref="603359972"/>
    <nd ref="253222650"/>
    <nd ref="603359977"/>
    <nd ref="603359981"/>
    <nd ref="253222652"/>
    <nd ref="603359987"/>
    <nd ref="603359988"/>
    <nd ref="253222654"/>
    <nd ref="603359990"/>
    <nd ref="253222656"/>
    <nd ref="603359991"/>
    <nd ref="253222658"/>
    <nd ref="603359994"/>
    <nd ref="253222660"/>
    <nd ref="603359996"/>
    <nd ref="253222662"/>
    <nd ref="603359999"/>
    <nd ref="253222666"/>
    <nd ref="603360000"/>
    <nd ref="253222668"/>
    <nd ref="5639464226"/>
    <nd ref="603360003"/>
    <nd ref="253222670"/>
    <nd ref="603360005"/>
    <nd ref="253222673"/>
    <nd ref="603360006"/>
    <nd ref="253222675"/>
    <tag k="highway" v="tertiary"/>
    <tag k="lanes" v="2"/>
    <tag k="name" v="Main Road"/>
    <tag k="source" v="survey; gps"/>
    <tag k="surface" v="asphalt"/>
  </way>
  <way id="23390776" version="13" timestamp="2022-07-12T17:01:35Z" changeset="123529387" uid="1782504" user="corgicity">
    <nd ref="98101622"/>
    <nd ref="3126852033"/>
    <nd ref="2301689309"/>
    <nd ref="9883590263"/>
    <nd ref="2295593826"/>
    <nd ref="7629151064"/>
    <nd ref="8025097872"/>
    <nd ref="253257030"/>
    <nd ref="3126852036"/>
    <nd ref="7470680538"/>
    <tag k="gritting" v="priority_1"/>
    <tag k="gritting_depot" v="Coleshill Heath Road"/>
    <tag k="gritting_operator" v="Warwickshire County Council"/>
    <tag k="gritting_route_ref" v="2"/>
    <tag k="gritting_route_revision" v="201105"/>
    <tag k="highway" v="tertiary"/>
    <tag k="maintenance" v="gritting"/>
    <tag k="name" v="Hurley Common"/>
  </way>
  <way id="23390777" version="14" timestamp="2024-11-29T09:24:04Z" changeset="159733330" uid="20144448" user="World_Winner">
    <nd ref="98101635"/>
    <nd ref="98101659"/>
    <nd ref="2301689657"/>
    <nd ref="2301689656"/>
    <nd ref="2301689651"/>
    <nd ref="98101662"/>
    <nd ref="2035297548"/>
    <nd ref="2035297587"/>
    <nd ref="2035297544"/>
    <nd ref="2301572740"/>
    <nd ref="2301572738"/>
    <nd ref="2301572736"/>
    <nd ref="2035297618"/>
    <nd ref="2301572730"/>
    <nd ref="2301572723"/>
    <nd ref="2301572721"/>
    <nd ref="2301572718"/>
    <nd ref="2301572716"/>
    <nd ref="98101667"/>
    <nd ref="2301572712"/>
    <nd ref="98101669"/>
    <nd ref="2301572687"/>
    <nd ref="2301572663"/>
    <nd ref="2035297625"/>
    <nd ref="2301572653"/>
    <nd ref="98101670"/>
    <nd ref="2301572633"/>
    <nd ref="2301572620"/>
    <nd ref="8514359108"/>
    <nd ref="2035297620"/>
    <nd ref="2035297604"/>
    <nd ref="2035297614"/>
    <nd ref="2301689475"/>
    <nd ref="2301689445"/>
    <nd ref="2301689438"/>
    <nd ref="98101672"/>
    <nd ref="2301689371"/>
    <nd ref="9883590246"/>
    <nd ref="98101673"/>
    <nd ref="9883590242"/>
    <nd ref="98101675"/>
    <nd ref="2301689317"/>
    <nd ref="98101676"/>
    <nd ref="2301689310"/>
    <nd ref="2035297626"/>
    <nd ref="2301689304"/>
    <nd ref="2301689297"/>
    <nd ref="2035297621"/>
    <nd ref="98101678"/>
    <nd ref="8025689930"/>
    <nd ref="2035297597"/>
    <nd ref="5340966774"/>
    <nd ref="2035297601"/>
    <nd ref="3126852019"/>
    <nd ref="3126852013"/>
    <nd ref="2035297560"/>
    <nd ref="6482390851"/>
    <nd ref="3126851994"/>
    <nd ref="2035297589"/>
    <nd ref="2296672692"/>
    <nd ref="2296672691"/>
    <nd ref="4229531548"/>
    <nd ref="98101556"/>
    <tag k="highway" v="residential"/>
    <tag k="name" v="Heanley Lane"/>
  </way>
  <way id="23390857" version="12" timestamp="2024-07-01T14:59:32Z" changeset="153413527" uid="13078383" user="Keith Barnett">
    <nd ref="31199776"/>
    <nd ref="251326607"/>
    <nd ref="251326609"/>
    <tag k="DfT_AADF" v="10059"/>
    <tag k="DfT_AADF_bus" v="77"/>
    <tag k="DfT_AADF_car" v="8293"/>
    <tag k="DfT_AADF_hgv" v="378"/>
    <tag k="DfT_AADF_lgv" v="1191"/>
    <tag k="DfT_AADF_year" v="2013"/>
    <tag k="DfT_traffic_counter_ref" v="8522"/>
    <tag k="gritting" v="priority_1"/>
    <tag k="gritting_depot" v="Coleshill Heath Road"/>
    <tag k="gritting_operator" v="Warwickshire County Council"/>
    <tag k="gritting_route_ref" v="1"/>
    <tag k="gritting_route_revision" v="201110"/>
    <tag k="highway" v="primary"/>
    <tag k="lanes" v="2"/>
    <tag k="maintenance" v="gritting"/>
    <tag k="name" v="Coventry Road"/>
    <tag k="old_ref" v="A423"/>
    <tag k="oneway" v="no"/>
    <tag k="ref" v="A51"/>
    <tag k="sidewalk:left" v="separate"/>
    <tag k="sidewalk:right" v="yes"/>
    <tag k="surface" v="asphalt"/>
  </way>
  <way id="23390858" version="16" timestamp="2025-08-06T13:18:44Z" changeset="170057709" uid="21488431" user="700RPB">
    <nd ref="671176"/>
    <nd ref="671175"/>
    <nd ref="2295555608"/>
    <nd ref="671174"/>
    <nd ref="671173"/>
    <nd ref="603681171"/>
    <nd ref="603681174"/>
    <nd ref="671172"/>
    <nd ref="671171"/>
    <nd ref="671170"/>
    <nd ref="6902029321"/>
    <nd ref="671169"/>
    <nd ref="671168"/>
    <nd ref="603681182"/>
    <nd ref="671167"/>
    <nd ref="671166"/>
    <nd ref="603681188"/>
    <nd ref="671165"/>
    <nd ref="671164"/>
    <nd ref="671163"/>
    <nd ref="671162"/>
    <nd ref="671161"/>
    <nd ref="7680293992"/>
    <nd ref="671160"/>
    <nd ref="4738773526"/>
    <tag k="gritting" v="priority_1"/>
    <tag k="gritting_depot" v="Coleshill Heath Road"/>
    <tag k="gritting_operator" v="Warwickshire County Council"/>
    <tag k="gritting_route_ref" v="1"/>
    <tag k="gritting_route_revision" v="201110"/>
    <tag k="highway" v="secondary"/>
    <tag k="lanes" v="2"/>
    <tag k="maintenance" v="gritting"/>
    <tag k="name" v="Coventry Road"/>
    <tag k="ref" v="B4098"/>
    <tag k="surface" v="asphalt"/>
  </way>
  <way id="23390859" version="7" timestamp="2021-03-18T06:04:11Z" changeset="101230341" uid="10170576" user="sabodige">
    <nd ref="671176"/>
    <nd ref="671177"/>
    <nd ref="671178"/>
    <nd ref="671179"/>
    <nd ref="671180"/>
    <nd ref="671181"/>
    <nd ref="671183"/>
    <nd ref="671184"/>
    <nd ref="671185"/>
    <nd ref="671186"/>
    <nd ref="8530818822"/>
    <nd ref="671187"/>
    <nd ref="671188"/>
    <nd ref="671189"/>
    <tag k="gritting" v="priority_1"/>
    <tag k="gritting_depot" v="Coleshill Heath Road"/>
    <tag k="gritting_operator" v="Warwickshire County Council"/>
    <tag k="gritting_route_ref" v="2"/>
    <tag k="gritting_route_revision" v="201105"/>
    <tag k="highway" v="tertiary"/>
    <tag k="maintenance" v="gritting"/>
  </way>
  <way id="23390860" version="10" timestamp="2025-03-16T16:19:26Z" changeset="163696344" uid="6774937" user="UMA5">
    <nd ref="671241"/>
    <nd ref="671240"/>
    <nd ref="4271527927"/>
    <nd ref="671238"/>
    <nd ref="671237"/>
    <nd ref="4271527925"/>
    <nd ref="671236"/>
    <nd ref="4271527924"/>
    <nd ref="671235"/>
    <nd ref="671239"/>
    <nd ref="671234"/>
    <nd ref="671233"/>
    <nd ref="671232"/>
    <nd ref="671231"/>
    <nd ref="671230"/>
    <nd ref="671229"/>
    <nd ref="671228"/>
    <nd ref="671227"/>
    <nd ref="671226"/>
    <nd ref="671225"/>
    <nd ref="1485295163"/>
    <nd ref="671224"/>
    <nd ref="2296649908"/>
    <nd ref="671223"/>
    <nd ref="671222"/>
    <nd ref="671221"/>
    <nd ref="12670386702"/>
    <nd ref="671220"/>
    <nd ref="1485295173"/>
    <nd ref="9021749510"/>
    <nd ref="671219"/>
    <nd ref="671218"/>
    <nd ref="671217"/>
    <nd ref="671216"/>
    <nd ref="671215"/>
    <nd ref="671214"/>
    <nd ref="671213"/>
    <nd ref="671212"/>
    <nd ref="2296649904"/>
    <nd ref="671211"/>
    <nd ref="671210"/>
    <nd ref="671209"/>
    <nd ref="671208"/>
    <nd ref="2322993254"/>
    <nd ref="671207"/>
    <nd ref="671206"/>
    <nd ref="2296649897"/>
    <nd ref="671205"/>
    <nd ref="671204"/>
    <nd ref="2296649892"/>
    <nd ref="671203"/>
    <nd ref="671202"/>
    <nd ref="671201"/>
    <nd ref="671200"/>
    <nd ref="671199"/>
    <nd ref="671198"/>
    <nd ref="671197"/>
    <nd ref="671196"/>
    <nd ref="671195"/>
    <nd ref="671194"/>
    <nd ref="671193"/>
    <nd ref="2296649874"/>
    <nd ref="671192"/>
    <nd ref="2296649888"/>
    <nd ref="671191"/>
    <nd ref="671190"/>
    <nd ref="671189"/>
    <tag k="highway" v="unclassified"/>
  </way>
  <way id="23517262" version="11" timestamp="2021-08-18T18:13:57Z" changeset="109890703" uid="9196086" user="spavulur">
    <nd ref="253222619"/>
    <nd ref="603359186"/>
    <nd ref="254679671"/>
    <nd ref="254679678"/>
    <nd ref="254679675"/>
    <nd ref="603351479"/>
    <nd ref="254679683"/>
    <nd ref="603353588"/>
    <nd ref="254679686"/>
    <nd ref="254679689"/>
    <nd ref="8514359092"/>
    <nd ref="254679693"/>
    <nd ref="603353589"/>
    <nd ref="254679696"/>
    <nd ref="254679722"/>
    <nd ref="603353590"/>
    <nd ref="603353591"/>
    <nd ref="254679725"/>
    <nd ref="603353592"/>
    <nd ref="254679729"/>
    <nd ref="603353593"/>
    <nd ref="254679732"/>
    <nd ref="9017893198"/>
    <nd ref="603353594"/>
    <nd ref="603353595"/>
    <nd ref="9017893203"/>
    <nd ref="603353596"/>
    <nd ref="254679737"/>
    <nd ref="254679740"/>
    <nd ref="603353597"/>
    <nd ref="603353598"/>
    <nd ref="254679775"/>
    <nd ref="254679779"/>
    <nd ref="254679782"/>
    <nd ref="254679787"/>
    <nd ref="603353599"/>
    <nd ref="603353600"/>
    <nd ref="254679790"/>
    <nd ref="254679793"/>
    <nd ref="603353601"/>
    <nd ref="254679797"/>
    <nd ref="254679804"/>
    <nd ref="603353602"/>
    <nd ref="254679807"/>
    <nd ref="254679811"/>
    <nd ref="603353603"/>
    <nd ref="254679815"/>
    <nd ref="254679819"/>
    <nd ref="603353604"/>
    <nd ref="254679822"/>
    <nd ref="8514359094"/>
    <nd ref="254679826"/>
    <nd ref="603353605"/>
    <nd ref="254679831"/>
    <nd ref="254679834"/>
    <nd ref="254679837"/>
    <nd ref="254679844"/>
    <nd ref="603353606"/>
    <nd ref="254679850"/>
    <nd ref="254679858"/>
    <nd ref="254679864"/>
    <nd ref="254679867"/>
    <nd ref="254679870"/>
    <nd ref="254679877"/>
    <nd ref="603356319"/>
    <nd ref="254679886"/>
    <nd ref="254679895"/>
    <nd ref="254679928"/>
    <nd ref="254679931"/>
    <nd ref="254679936"/>
    <nd ref="254679939"/>
    <nd ref="254679943"/>
    <nd ref="254679958"/>
    <nd ref="254679964"/>
    <nd ref="254679968"/>
    <nd ref="254679971"/>
    <nd ref="254679975"/>
    <nd ref="254679979"/>
    <nd ref="603356320"/>
    <nd ref="603356321"/>
    <nd ref="254679983"/>
    <nd ref="2329754317"/>
    <nd ref="254679986"/>
    <nd ref="254680005"/>
    <nd ref="603356323"/>
    <nd ref="254680008"/>
    <nd ref="603356324"/>
    <nd ref="254680012"/>
    <nd ref="254680019"/>
    <nd ref="254680023"/>
    <nd ref="603356326"/>
    <nd ref="254680028"/>
    <nd ref="603356327"/>
    <nd ref="254680031"/>
    <nd ref="254680064"/>
    <nd ref="254680092"/>
    <nd ref="254680097"/>
    <nd ref="254680100"/>
    <nd ref="254680103"/>
    <tag k="highway" v="unclassified"/>
    <tag k="name" v="Hipsley Lane"/>
    <tag k="surface" v="paved"/>
  </way>
  <way id="23525530" version="8" timestamp="2020-04-24T15:33:15Z" changeset="84068991" uid="133272" user="wongataa">
    <nd ref="254680206"/>
    <nd ref="254680210"/>
    <nd ref="254680214"/>
    <nd ref="254680218"/>
    <nd ref="603772896"/>
    <nd ref="254680222"/>
    <nd ref="3126851866"/>
    <nd ref="254680226"/>
    <nd ref="603772897"/>
    <nd ref="254680230"/>
    <nd ref="6527522236"/>
    <nd ref="254680234"/>
    <nd ref="603772898"/>
    <nd ref="254680256"/>
    <nd ref="254680260"/>
    <nd ref="254680263"/>
    <nd ref="254680266"/>
    <nd ref="254680270"/>
    <nd ref="254680274"/>
    <nd ref="254680278"/>
    <nd ref="254680281"/>
    <nd ref="254680285"/>
    <nd ref="603772899"/>
    <nd ref="254680289"/>
    <nd ref="254680292"/>
    <nd ref="254680296"/>
    <nd ref="254680376"/>
    <nd ref="603772900"/>
    <nd ref="254680407"/>
    <nd ref="254680411"/>
    <nd ref="254680415"/>
    <nd ref="603772901"/>
    <nd ref="603772902"/>
    <nd ref="603772903"/>
    <nd ref="603772904"/>
    <nd ref="254680422"/>
    <nd ref="254680430"/>
    <nd ref="254680465"/>
    <nd ref="7059362308"/>
    <nd ref="254680468"/>
    <nd ref="254680474"/>
    <nd ref="254680478"/>
    <nd ref="254680530"/>
    <nd ref="254680535"/>
    <nd ref="671280"/>
    <tag k="highway" v="unclassified"/>
    <tag k="name" v="Hurley Lane"/>
    <tag k="surface" v="paved"/>
  </way>
  <way id="23525531" version="14" timestamp="2021-08-19T10:20:13Z" changeset="109923884" uid="10170582" user="priymose">
    <nd ref="98101556"/>
    <nd ref="2296672690"/>
    <nd ref="1229541950"/>
    <nd ref="3126851946"/>
    <nd ref="1229541632"/>
    <nd ref="7059352808"/>
    <nd ref="9019653476"/>
    <nd ref="4229531528"/>
    <nd ref="6904975912"/>
    <nd ref="603771937"/>
    <nd ref="98101679"/>
    <nd ref="3126851907"/>
    <tag k="gritting" v="priority_1"/>
    <tag k="gritting_depot" v="Coleshill Heath Road"/>
    <tag k="gritting_operator" v="Warwickshire County Council"/>
    <tag k="gritting_route_ref" v="2"/>
    <tag k="gritting_route_revision" v="201105"/>
    <tag k="highway" v="tertiary"/>
    <tag k="maintenance" v="gritting"/>
    <tag k="maxspeed" v="30 mph"/>
    <tag k="name" v="Atherstone Road"/>
  </way>
  <way id="23525532" version="12" timestamp="2020-05-01T13:17:05Z" changeset="84472291" uid="6095563" user="Don Dapper">
    <nd ref="254680103"/>
    <nd ref="254680108"/>
    <nd ref="254680111"/>
    <nd ref="254680134"/>
    <nd ref="5340966777"/>
    <nd ref="254680139"/>
    <nd ref="603771629"/>
    <nd ref="254680174"/>
    <nd ref="254680178"/>
    <nd ref="254680182"/>
    <nd ref="603771738"/>
    <nd ref="6091935514"/>
    <nd ref="254680186"/>
    <nd ref="254680190"/>
    <tag k="gritting" v="priority_1"/>
    <tag k="gritting_depot" v="Coleshill Heath Road"/>
    <tag k="gritting_operator" v="Warwickshire County Council"/>
    <tag k="gritting_route_ref" v="2"/>
    <tag k="gritting_route_revision" v="201105"/>
    <tag k="highway" v="tertiary"/>
    <tag k="maintenance" v="gritting"/>
    <tag k="name" v="Atherstone Lane"/>
    <tag k="surface" v="paved"/>
  </way>
  <way id="23526810" version="16" timestamp="2021-02-09T03:40:23Z" changeset="98940700" uid="11734036" user="prreddyz">
    <nd ref="671292"/>
    <nd ref="2295555496"/>
    <nd ref="603773885"/>
    <nd ref="603773888"/>
    <nd ref="603773891"/>
    <nd ref="6552167400"/>
    <nd ref="603773894"/>
    <nd ref="603773897"/>
    <nd ref="254768936"/>
    <nd ref="603773902"/>
    <nd ref="254768938"/>
    <nd ref="603773913"/>
    <nd ref="254768939"/>
    <nd ref="603773918"/>
    <nd ref="603773921"/>
    <nd ref="2295555441"/>
    <nd ref="603773923"/>
    <nd ref="603773926"/>
    <nd ref="603773929"/>
    <nd ref="603773932"/>
    <nd ref="603773935"/>
    <nd ref="603773938"/>
    <nd ref="603773940"/>
    <nd ref="603773942"/>
    <nd ref="254768942"/>
    <nd ref="603773949"/>
    <nd ref="603773952"/>
    <nd ref="603773954"/>
    <nd ref="254768945"/>
    <nd ref="603773956"/>
    <nd ref="603773957"/>
    <nd ref="603773958"/>
    <nd ref="254768949"/>
    <nd ref="603773959"/>
    <nd ref="603773960"/>
    <nd ref="603774064"/>
    <nd ref="603774065"/>
    <nd ref="254768951"/>
    <nd ref="603774066"/>
    <nd ref="603774144"/>
    <nd ref="603774145"/>
    <nd ref="8406911258"/>
    <nd ref="603774148"/>
    <nd ref="603774153"/>
    <nd ref="2647393639"/>
    <nd ref="603774836"/>
    <nd ref="603774838"/>
    <nd ref="2647393635"/>
    <nd ref="254768952"/>
    <nd ref="603774840"/>
    <nd ref="254768955"/>
    <nd ref="603774841"/>
    <nd ref="603774842"/>
    <nd ref="603774843"/>
    <nd ref="254768956"/>
    <nd ref="2295555108"/>
    <nd ref="603774845"/>
    <nd ref="603774847"/>
    <nd ref="254768957"/>
    <nd ref="603774850"/>
    <nd ref="603774853"/>
    <nd ref="603774855"/>
    <nd ref="254768959"/>
    <nd ref="603774858"/>
    <nd ref="603774860"/>
    <nd ref="603774862"/>
    <nd ref="603774864"/>
    <nd ref="254768960"/>
    <nd ref="603774866"/>
    <nd ref="603775084"/>
    <nd ref="2666987113"/>
    <nd ref="603775087"/>
    <nd ref="2666987111"/>
    <nd ref="254768965"/>
    <nd ref="603775091"/>
    <nd ref="603775092"/>
    <nd ref="254768966"/>
    <nd ref="603775093"/>
    <nd ref="254768968"/>
    <nd ref="7312162832"/>
    <nd ref="603775094"/>
    <nd ref="603775097"/>
    <nd ref="603775098"/>
    <nd ref="603775280"/>
    <nd ref="603775282"/>
    <nd ref="603775284"/>
    <nd ref="603775357"/>
    <nd ref="2295535322"/>
    <nd ref="603775285"/>
    <nd ref="254768973"/>
    <nd ref="2295535284"/>
    <nd ref="2118403969"/>
    <nd ref="2118403966"/>
    <nd ref="2118403964"/>
    <nd ref="254768977"/>
    <nd ref="2118403960"/>
    <nd ref="2118403957"/>
    <nd ref="2118403954"/>
    <nd ref="2118403951"/>
    <nd ref="2118403945"/>
    <nd ref="2118403939"/>
    <nd ref="2118403936"/>
    <nd ref="2118403932"/>
    <nd ref="254768980"/>
    <nd ref="2118403901"/>
    <nd ref="2118403895"/>
    <nd ref="2118403892"/>
    <nd ref="2118403883"/>
    <nd ref="2118403880"/>
    <nd ref="2118403873"/>
    <nd ref="2118403865"/>
    <nd ref="254768982"/>
    <nd ref="2118403869"/>
    <nd ref="2118403877"/>
    <nd ref="2118403885"/>
    <nd ref="254768984"/>
    <nd ref="2118403898"/>
    <nd ref="2118403907"/>
    <nd ref="2118403913"/>
    <nd ref="2118403916"/>
    <nd ref="2118403926"/>
    <nd ref="2118403930"/>
    <nd ref="2118403928"/>
    <nd ref="2118403919"/>
    <nd ref="2118403910"/>
    <nd ref="2118403904"/>
    <nd ref="254768985"/>
    <nd ref="2118403861"/>
    <nd ref="2118403854"/>
    <nd ref="2118403850"/>
    <nd ref="2118403842"/>
    <nd ref="2118403833"/>
    <nd ref="254768991"/>
    <nd ref="2118403822"/>
    <nd ref="2118403819"/>
    <nd ref="2118403817"/>
    <nd ref="2118403812"/>
    <nd ref="2118403810"/>
    <nd ref="2118403808"/>
    <nd ref="2118403807"/>
    <nd ref="2118403801"/>
    <nd ref="254768994"/>
    <nd ref="2118403796"/>
    <nd ref="2118403794"/>
    <nd ref="2118403798"/>
    <nd ref="2118403799"/>
    <nd ref="2118403803"/>
    <nd ref="2118403806"/>
    <nd ref="2118403805"/>
    <nd ref="98078992"/>
    <tag k="highway" v="unclassified"/>
    <tag k="source" v="NPE;survey"/>
  </way>
  <way id="23526879" version="13" timestamp="2022-07-12T17:01:35Z" changeset="123529387" uid="1782504" user="corgicity">
    <nd ref="254680103"/>
    <nd ref="1229542205"/>
    <nd ref="1229541659"/>
    <nd ref="603356577"/>
    <nd ref="603356578"/>
    <nd ref="603356579"/>
    <nd ref="603356580"/>
    <nd ref="603356581"/>
    <nd ref="603356582"/>
    <nd ref="603356583"/>
    <nd ref="603356584"/>
    <nd ref="603356585"/>
    <nd ref="254769607"/>
    <nd ref="603356586"/>
    <nd ref="254769612"/>
    <nd ref="603356587"/>
    <nd ref="603356588"/>
    <nd ref="254769613"/>
    <nd ref="603356589"/>
    <nd ref="603356590"/>
    <nd ref="603357093"/>
    <nd ref="254769614"/>
    <nd ref="1229541972"/>
    <nd ref="603357101"/>
    <nd ref="254769615"/>
    <nd ref="603357107"/>
    <nd ref="603357111"/>
    <nd ref="9883586691"/>
    <nd ref="254769616"/>
    <nd ref="603357116"/>
    <nd ref="254769618"/>
    <nd ref="1229542228"/>
    <nd ref="603357117"/>
    <nd ref="603357121"/>
    <nd ref="603357124"/>
    <nd ref="1229542474"/>
    <nd ref="254769619"/>
    <nd ref="1229542718"/>
    <nd ref="603357131"/>
    <nd ref="254769620"/>
    <nd ref="1229542988"/>
    <nd ref="603357137"/>
    <nd ref="603357141"/>
    <nd ref="603357144"/>
    <nd ref="254769622"/>
    <nd ref="603357147"/>
    <tag k="gritting" v="priority_1"/>
    <tag k="gritting_depot" v="Coleshill Heath Road"/>
    <tag k="gritting_operator" v="Warwickshire County Council"/>
    <tag k="gritting_route_ref" v="2"/>
    <tag k="gritting_route_revision" v="201105"/>
    <tag k="highway" v="tertiary"/>
    <tag k="maintenance" v="gritting"/>
    <tag k="source" v="NPE;survey"/>
  </way>
  <way id="23876701" version="6" timestamp="2024-06-30T16:37:50Z" changeset="153376000" uid="13078383" user="Keith Barnett">
    <nd ref="258808898"/>
    <nd ref="258808949"/>
    <nd ref="3123158871"/>
    <nd ref="258808951"/>
    <nd ref="258808952"/>
    <nd ref="258808954"/>
    <nd ref="3123158866"/>
    <nd ref="258808955"/>
    <nd ref="258808957"/>
    <nd ref="3123158868"/>
    <nd ref="258808948"/>
    <nd ref="3123158870"/>
    <nd ref="258808958"/>
    <nd ref="258808960"/>
    <nd ref="258808962"/>
    <nd ref="258808965"/>
    <tag k="abutters" v="residential"/>
    <tag k="highway" v="residential"/>
    <tag k="lane_markings" v="no"/>
    <tag k="name" v="Elm Tree Close"/>
    <tag k="sidewalk" v="both"/>
    <tag k="surface" v="asphalt"/>
  </way>
  <way id="23876702" version="5" timestamp="2024-06-30T16:31:33Z" changeset="153376010" uid="13078383" user="Keith Barnett">
    <nd ref="258808915"/>
    <nd ref="258808970"/>
    <tag k="abutters" v="residential"/>
    <tag k="created_by" v="JOSM"/>
    <tag k="highway" v="residential"/>
    <tag k="lane_markings" v="no"/>
    <tag k="name" v="Cedar Crescent"/>
    <tag k="sidewalk" v="both"/>
    <tag k="surface" v="asphalt"/>
  </way>
  <way id="23876703" version="5" timestamp="2024-06-30T16:31:45Z" changeset="153376010" uid="13078383" user="Keith Barnett">
    <nd ref="258808972"/>
    <nd ref="258808970"/>
    <nd ref="258808973"/>
    <nd ref="258808974"/>
    <nd ref="258808976"/>
    <nd ref="258808977"/>
    <nd ref="258808979"/>
    <tag k="abutters" v="residential"/>
    <tag k="created_by" v="JOSM"/>
    <tag k="highway" v="residential"/>
    <tag k="lane_markings" v="no"/>
    <tag k="name" v="Cedar Crescent"/>
    <tag k="sidewalk" v="both"/>
    <tag k="surface" v="asphalt"/>
  </way>
  <way id="23876704" version="5" timestamp="2024-06-30T16:31:51Z" changeset="153376010" uid="13078383" user="Keith Barnett">
    <nd ref="258808980"/>
    <nd ref="258808973"/>
    <tag k="abutters" v="residential"/>
    <tag k="created_by" v="JOSM"/>
    <tag k="highway" v="residential"/>
    <tag k="lane_markings" v="no"/>
    <tag k="name" v="Cedar Crescent"/>
    <tag k="sidewalk" v="both"/>
    <tag k="surface" v="asphalt"/>
  </way>
  <way id="23876711" version="5" timestamp="2024-06-30T16:20:56Z" changeset="153376000" uid="13078383" user="Keith Barnett">
    <nd ref="258809006"/>
    <nd ref="258809005"/>
    <tag k="abutters" v="residential"/>
    <tag k="created_by" v="JOSM"/>
    <tag k="highway" v="residential"/>
    <tag k="lane_markings" v="no"/>
    <tag k="name" v="Laburnum Close"/>
    <tag k="sidewalk" v="both"/>
    <tag k="surface" v="asphalt"/>
  </way>
  <way id="23876712" version="6" timestamp="2024-06-30T16:20:54Z" changeset="153376000" uid="13078383" user="Keith Barnett">
    <nd ref="258809004"/>
    <nd ref="258809005"/>
    <nd ref="3148170327"/>
    <nd ref="258809009"/>
    <tag k="abutters" v="residential"/>
    <tag k="highway" v="residential"/>
    <tag k="lane_markings" v="no"/>
    <tag k="name" v="Laburnum Close"/>
    <tag k="sidewalk" v="both"/>
    <tag k="surface" v="asphalt"/>
  </way>
  <way id="23876713" version="6" timestamp="2024-06-30T16:22:28Z" changeset="153376010" uid="13078383" user="Keith Barnett">
    <nd ref="258808920"/>
    <nd ref="258809010"/>
    <nd ref="3148170331"/>
    <nd ref="258809011"/>
    <nd ref="258809009"/>
    <nd ref="258809013"/>
    <tag k="abutters" v="residential"/>
    <tag k="highway" v="residential"/>
    <tag k="lane_markings" v="no"/>
    <tag k="name" v="Laburnum Close"/>
    <tag k="sidewalk" v="both"/>
    <tag k="surface" v="asphalt"/>
  </way>
  <way id="23876717" version="10" timestamp="2024-06-01T14:16:48Z" changeset="152123324" uid="13078383" user="Keith Barnett">
    <nd ref="258808932"/>
    <nd ref="258809019"/>
    <nd ref="3123158904"/>
    <nd ref="3123158906"/>
    <nd ref="258809020"/>
    <nd ref="258809021"/>
    <nd ref="3143378026"/>
    <nd ref="3143381336"/>
    <nd ref="258809029"/>
    <nd ref="3183034791"/>
    <nd ref="9003416344"/>
    <nd ref="258809031"/>
    <nd ref="258809032"/>
    <nd ref="258809033"/>
    <nd ref="258809036"/>
    <nd ref="258809037"/>
    <nd ref="258809038"/>
    <nd ref="258809040"/>
    <nd ref="258809041"/>
    <nd ref="258809043"/>
    <nd ref="258809044"/>
    <nd ref="258809045"/>
    <nd ref="258809047"/>
    <nd ref="258809048"/>
    <nd ref="3123160858"/>
    <nd ref="258809050"/>
    <nd ref="258809051"/>
    <nd ref="258809054"/>
    <nd ref="258809055"/>
    <nd ref="258809057"/>
    <nd ref="3123160857"/>
    <nd ref="258809060"/>
    <nd ref="3141761576"/>
    <nd ref="3123160855"/>
    <nd ref="3141761555"/>
    <nd ref="258809066"/>
    <nd ref="3141761529"/>
    <nd ref="258809073"/>
    <nd ref="3141761504"/>
    <nd ref="258809078"/>
    <nd ref="258809084"/>
    <nd ref="3123160853"/>
    <nd ref="258809087"/>
    <nd ref="258809088"/>
    <nd ref="258809091"/>
    <nd ref="258809089"/>
    <tag k="abutters" v="residential"/>
    <tag k="highway" v="residential"/>
    <tag k="lane_markings" v="no"/>
    <tag k="name" v="Sorrel Drive"/>
    <tag k="sidewalk" v="both"/>
    <tag k="surface" v="asphalt"/>
  </way>
  <way id="23876720" version="4" timestamp="2021-08-13T08:38:08Z" changeset="109614293" uid="10170582" user="priymose">
    <nd ref="258809021"/>
    <nd ref="3123158911"/>
    <nd ref="3123158912"/>
    <nd ref="258809024"/>
    <nd ref="9003416343"/>
    <nd ref="258809028"/>
    <tag k="abutters" v="residential"/>
    <tag k="highway" v="residential"/>
    <tag k="name" v="The Firs"/>
    <tag k="surface" v="paved"/>
  </way>
  <way id="23876721" version="7" timestamp="2024-06-01T13:38:32Z" changeset="152121339" uid="13078383" user="Keith Barnett">
    <nd ref="258809092"/>
    <nd ref="258809093"/>
    <nd ref="258809095"/>
    <nd ref="258809096"/>
    <nd ref="267854812"/>
    <nd ref="258809099"/>
    <nd ref="258809089"/>
    <nd ref="258809102"/>
    <nd ref="3141761320"/>
    <nd ref="258809105"/>
    <nd ref="258809106"/>
    <nd ref="258809107"/>
    <nd ref="258809036"/>
    <tag k="abutters" v="residential"/>
    <tag k="highway" v="residential"/>
    <tag k="name" v="Maple Drive"/>
    <tag k="sidewalk" v="both"/>
    <tag k="surface" v="asphalt"/>
  </way>
  <way id="23876725" version="3" timestamp="2014-10-10T21:33:59Z" changeset="25992417" uid="735" user="blackadder">
    <nd ref="258809117"/>
    <nd ref="258809114"/>
    <tag k="abutters" v="residential"/>
    <tag k="highway" v="residential"/>
    <tag k="name" v="Aldersgate"/>
    <tag k="surface" v="paved"/>
  </way>
  <way id="23876726" version="5" timestamp="2024-06-01T14:16:48Z" changeset="152123324" uid="13078383" user="Keith Barnett">
    <nd ref="258809019"/>
    <nd ref="258809119"/>
    <nd ref="258809121"/>
    <nd ref="258809112"/>
    <nd ref="3123158910"/>
    <nd ref="258809114"/>
    <tag k="abutters" v="residential"/>
    <tag k="highway" v="residential"/>
    <tag k="lane_markings" v="no"/>
    <tag k="name" v="Aldersgate"/>
    <tag k="surface" v="asphalt"/>
  </way>
  <way id="23876727" version="5" timestamp="2024-06-30T16:47:32Z" changeset="153376000" uid="13078383" user="Keith Barnett">
    <nd ref="258809122"/>
    <nd ref="258809123"/>
    <nd ref="258809125"/>
    <tag k="abutters" v="residential"/>
    <tag k="created_by" v="JOSM"/>
    <tag k="highway" v="residential"/>
    <tag k="lane_markings" v="no"/>
    <tag k="name" v="Oak Tree Close"/>
    <tag k="sidewalk" v="both"/>
    <tag k="surface" v="asphalt"/>
  </way>
  <way id="23876728" version="6" timestamp="2024-06-30T16:47:38Z" changeset="153376000" uid="13078383" user="Keith Barnett">
    <nd ref="258809123"/>
    <nd ref="258809127"/>
    <nd ref="3123158869"/>
    <nd ref="258808888"/>
    <tag k="abutters" v="residential"/>
    <tag k="highway" v="residential"/>
    <tag k="lane_markings" v="no"/>
    <tag k="name" v="Oak Tree Close"/>
    <tag k="sidewalk" v="both"/>
    <tag k="surface" v="asphalt"/>
  </way>
  <way id="23876729" version="5" timestamp="2024-06-30T16:47:43Z" changeset="153376010" uid="13078383" user="Keith Barnett">
    <nd ref="258809126"/>
    <nd ref="258809127"/>
    <tag k="abutters" v="residential"/>
    <tag k="created_by" v="JOSM"/>
    <tag k="highway" v="residential"/>
    <tag k="lane_markings" v="no"/>
    <tag k="name" v="Oak Tree Close"/>
    <tag k="sidewalk" v="both"/>
    <tag k="surface" v="asphalt"/>
  </way>
  <way id="23876730" version="5" timestamp="2024-06-30T16:29:30Z" changeset="153376010" uid="13078383" user="Keith Barnett">
    <nd ref="258809129"/>
    <nd ref="258809131"/>
    <tag k="abutters" v="residential"/>
    <tag k="created_by" v="JOSM"/>
    <tag k="highway" v="residential"/>
    <tag k="lane_markings" v="no"/>
    <tag k="name" v="Chestnut Close"/>
    <tag k="sidewalk" v="both"/>
    <tag k="surface" v="asphalt"/>
  </way>
  <way id="23876731" version="5" timestamp="2024-06-30T16:29:32Z" changeset="153376000" uid="13078383" user="Keith Barnett">
    <nd ref="258809132"/>
    <nd ref="258809131"/>
    <nd ref="258809134"/>
    <nd ref="258809135"/>
    <nd ref="258809136"/>
    <tag k="abutters" v="residential"/>
    <tag k="created_by" v="JOSM"/>
    <tag k="highway" v="residential"/>
    <tag k="lane_markings" v="no"/>
    <tag k="name" v="Chestnut Close"/>
    <tag k="sidewalk" v="both"/>
    <tag k="surface" v="asphalt"/>
  </way>
  <way id="23876732" version="6" timestamp="2024-06-30T16:30:05Z" changeset="153376000" uid="13078383" user="Keith Barnett">
    <nd ref="258808916"/>
    <nd ref="3156058405"/>
    <nd ref="258809138"/>
    <nd ref="258809140"/>
    <nd ref="258809141"/>
    <nd ref="258809142"/>
    <nd ref="258809136"/>
    <nd ref="258809144"/>
    <tag k="abutters" v="residential"/>
    <tag k="highway" v="residential"/>
    <tag k="lane_markings" v="no"/>
    <tag k="name" v="Chestnut Close"/>
    <tag k="sidewalk" v="both"/>
    <tag k="surface" v="asphalt"/>
  </way>
  <way id="23876734" version="5" timestamp="2024-06-30T16:30:12Z" changeset="153376010" uid="13078383" user="Keith Barnett">
    <nd ref="258809148"/>
    <nd ref="258809140"/>
    <tag k="abutters" v="residential"/>
    <tag k="created_by" v="JOSM"/>
    <tag k="highway" v="residential"/>
    <tag k="lane_markings" v="no"/>
    <tag k="name" v="Chestnut Close"/>
    <tag k="sidewalk" v="both"/>
    <tag k="surface" v="asphalt"/>
  </way>
  <way id="23876736" version="7" timestamp="2024-06-30T16:48:10Z" changeset="153376000" uid="13078383" user="Keith Barnett">
    <nd ref="258809155"/>
    <nd ref="3156141514"/>
    <nd ref="3123158863"/>
    <nd ref="258808883"/>
    <tag k="abutters" v="residential"/>
    <tag k="highway" v="residential"/>
    <tag k="lane_markings" v="no"/>
    <tag k="name" v="Sycamore Road"/>
    <tag k="sidewalk" v="both"/>
    <tag k="surface" v="asphalt"/>
  </way>
  <way id="23876738" version="7" timestamp="2024-06-30T16:12:28Z" changeset="153376010" uid="13078383" user="Keith Barnett">
    <nd ref="258809163"/>
    <nd ref="258809164"/>
    <nd ref="258809166"/>
    <nd ref="258825839"/>
    <nd ref="258809169"/>
    <tag k="abutters" v="residential"/>
    <tag k="highway" v="residential"/>
    <tag k="lane_markings" v="no"/>
    <tag k="name" v="Rowan Close"/>
    <tag k="sidewalk" v="no"/>
    <tag k="surface" v="asphalt"/>
  </way>
  <way id="23876740" version="8" timestamp="2024-06-01T14:14:15Z" changeset="152121334" uid="13078383" user="Keith Barnett">
    <nd ref="267860280"/>
    <nd ref="258809176"/>
    <nd ref="3123158883"/>
    <nd ref="258809179"/>
    <nd ref="258809180"/>
    <nd ref="6715203671"/>
    <nd ref="258809182"/>
    <nd ref="3123158885"/>
    <nd ref="258809183"/>
    <nd ref="258809185"/>
    <nd ref="258809186"/>
    <tag k="abutters" v="residential"/>
    <tag k="highway" v="residential"/>
    <tag k="lane_markings" v="no"/>
    <tag k="name" v="Willow Close"/>
    <tag k="sidewalk" v="both"/>
    <tag k="surface" v="asphalt"/>
  </way>
  <way id="23876744" version="6" timestamp="2024-06-01T14:12:51Z" changeset="152123324" uid="13078383" user="Keith Barnett">
    <nd ref="258808926"/>
    <nd ref="258809189"/>
    <nd ref="3123158892"/>
    <nd ref="258809202"/>
    <nd ref="3123158890"/>
    <nd ref="258809203"/>
    <nd ref="3123158888"/>
    <nd ref="258809186"/>
    <nd ref="258809205"/>
    <nd ref="258825838"/>
    <tag k="abutters" v="residential"/>
    <tag k="highway" v="residential"/>
    <tag k="lane_markings" v="no"/>
    <tag k="name" v="Willow Close"/>
    <tag k="sidewalk" v="no"/>
    <tag k="surface" v="asphalt"/>
  </way>
  <way id="23876745" version="6" timestamp="2024-06-30T16:12:01Z" changeset="153376010" uid="13078383" user="Keith Barnett">
    <nd ref="258809164"/>
    <nd ref="3148170342"/>
    <nd ref="258809206"/>
    <nd ref="3148170349"/>
    <nd ref="3148170346"/>
    <nd ref="3148170341"/>
    <nd ref="258809159"/>
    <tag k="abutters" v="residential"/>
    <tag k="highway" v="residential"/>
    <tag k="lane_markings" v="no"/>
    <tag k="name" v="Rowan Close"/>
    <tag k="sidewalk" v="no"/>
    <tag k="surface" v="asphalt"/>
  </way>
  <way id="23876746" version="4" timestamp="2014-10-21T12:28:05Z" changeset="26233588" uid="735" user="blackadder">
    <nd ref="258809033"/>
    <nd ref="3123158920"/>
    <nd ref="3123158921"/>
    <nd ref="258809207"/>
    <nd ref="3141761319"/>
    <nd ref="258809209"/>
    <nd ref="258809210"/>
    <tag k="abutters" v="residential"/>
    <tag k="highway" v="residential"/>
    <tag k="name" v="The Laurels"/>
    <tag k="surface" v="paved"/>
  </way>
  <way id="23876747" version="2" timestamp="2008-04-20T13:38:31Z" changeset="199755" uid="735" user="blackadder">
    <nd ref="258809209"/>
    <nd ref="258809212"/>
    <nd ref="258809213"/>
    <nd ref="258809027"/>
    <tag k="abutters" v="residential"/>
    <tag k="created_by" v="JOSM"/>
    <tag k="highway" v="residential"/>
    <tag k="name" v="The Laurels"/>
    <tag k="surface" v="paved"/>
  </way>
  <way id="23876748" version="3" timestamp="2014-10-10T21:34:03Z" changeset="25992417" uid="735" user="blackadder">
    <nd ref="258809214"/>
    <nd ref="258809216"/>
    <nd ref="258809217"/>
    <nd ref="258809219"/>
    <nd ref="3123160849"/>
    <nd ref="3123160850"/>
    <nd ref="258809220"/>
    <nd ref="3123160852"/>
    <nd ref="258809222"/>
    <nd ref="258809224"/>
    <tag k="abutters" v="residential"/>
    <tag k="highway" v="residential"/>
    <tag k="name" v="The Larches"/>
    <tag k="surface" v="paved"/>
  </way>
  <way id="23876749" version="2" timestamp="2008-04-20T13:38:32Z" changeset="199755" uid="735" user="blackadder">
    <nd ref="258809225"/>
    <nd ref="258809224"/>
    <nd ref="258809041"/>
    <tag k="abutters" v="residential"/>
    <tag k="created_by" v="JOSM"/>
    <tag k="highway" v="residential"/>
    <tag k="name" v="The Larches"/>
    <tag k="surface" v="paved"/>
  </way>
  <way id="23876750" version="3" timestamp="2024-06-01T13:38:22Z" changeset="152121339" uid="13078383" user="Keith Barnett">
    <nd ref="258809226"/>
    <nd ref="258809227"/>
    <tag k="abutters" v="residential"/>
    <tag k="created_by" v="JOSM"/>
    <tag k="highway" v="residential"/>
    <tag k="name" v="Elder Close"/>
    <tag k="surface" v="asphalt"/>
  </way>
  <way id="23876752" version="4" timestamp="2014-10-19T16:50:18Z" changeset="26196380" uid="735" user="blackadder">
    <nd ref="258809235"/>
    <nd ref="258809237"/>
    <nd ref="258809238"/>
    <nd ref="258809239"/>
    <nd ref="3123160863"/>
    <nd ref="258809241"/>
    <nd ref="3138741549"/>
    <nd ref="258809242"/>
    <nd ref="3138741545"/>
    <nd ref="258809244"/>
    <nd ref="258809054"/>
    <tag k="abutters" v="residential"/>
    <tag k="highway" v="residential"/>
    <tag k="name" v="Redwood Drive"/>
    <tag k="surface" v="paved"/>
  </way>
  <way id="23876753" version="2" timestamp="2008-04-20T13:38:32Z" changeset="199755" uid="735" user="blackadder">
    <nd ref="258809245"/>
    <nd ref="258809246"/>
    <nd ref="258809248"/>
    <nd ref="258809249"/>
    <nd ref="258809048"/>
    <tag k="abutters" v="residential"/>
    <tag k="created_by" v="JOSM"/>
    <tag k="highway" v="residential"/>
    <tag k="name" v="Sorrel Drive"/>
    <tag k="surface" v="paved"/>
  </way>
  <way id="23876754" version="2" timestamp="2008-04-20T13:38:33Z" changeset="199755" uid="735" user="blackadder">
    <nd ref="258809250"/>
    <nd ref="258809246"/>
    <tag k="abutters" v="residential"/>
    <tag k="created_by" v="JOSM"/>
    <tag k="highway" v="residential"/>
    <tag k="name" v="Sorrel Drive"/>
    <tag k="surface" v="paved"/>
  </way>
  <way id="23876755" version="2" timestamp="2008-04-20T13:38:33Z" changeset="199755" uid="735" user="blackadder">
    <nd ref="258809252"/>
    <nd ref="258809237"/>
    <tag k="abutters" v="residential"/>
    <tag k="created_by" v="JOSM"/>
    <tag k="highway" v="residential"/>
    <tag k="name" v="Redwood Drive"/>
    <tag k="surface" v="paved"/>
  </way>
  <way id="23878633" version="6" timestamp="2024-06-30T16:11:43Z" changeset="153376010" uid="13078383" user="Keith Barnett">
    <nd ref="258809156"/>
    <nd ref="258809157"/>
    <nd ref="258809159"/>
    <nd ref="3148170371"/>
    <nd ref="258809160"/>
    <nd ref="3123158880"/>
    <nd ref="258809161"/>
    <nd ref="3123158881"/>
    <nd ref="3123158882"/>
    <nd ref="258808923"/>
    <tag k="abutters" v="residential"/>
    <tag k="highway" v="residential"/>
    <tag k="lane_markings" v="no"/>
    <tag k="name" v="Rowan Close"/>
    <tag k="sidewalk" v="both"/>
    <tag k="surface" v="asphalt"/>
  </way>
  <way id="23878640" version="3" timestamp="2024-06-01T14:14:08Z" changeset="152123324" uid="13078383" user="Keith Barnett">
    <nd ref="258825840"/>
    <nd ref="258809179"/>
    <tag k="abutters" v="residential"/>
    <tag k="created_by" v="JOSM"/>
    <tag k="highway" v="residential"/>
    <tag k="lane_markings" v="no"/>
    <tag k="name" v="Willow Close"/>
    <tag k="surface" v="asphalt"/>
  </way>
  <way id="23878646" version="3" timestamp="2024-06-01T13:38:26Z" changeset="152121339" uid="13078383" user="Keith Barnett">
    <nd ref="258825843"/>
    <nd ref="258809227"/>
    <nd ref="258809231"/>
    <nd ref="258809233"/>
    <nd ref="258809234"/>
    <nd ref="258809038"/>
    <tag k="abutters" v="residential"/>
    <tag k="created_by" v="JOSM"/>
    <tag k="highway" v="residential"/>
    <tag k="name" v="Elder Close"/>
    <tag k="sidewalk" v="both"/>
    <tag k="surface" v="asphalt"/>
  </way>
  <way id="23883028" version="1" timestamp="2008-04-20T17:53:58Z" changeset="202249" uid="735" user="blackadder">
    <nd ref="258809023"/>
    <nd ref="258809024"/>
    <tag k="abutters" v="residential"/>
    <tag k="created_by" v="JOSM"/>
    <tag k="highway" v="residential"/>
    <tag k="name" v="The Firs"/>
    <tag k="surface" v="paved"/>
  </way>
  <way id="23883136" version="6" timestamp="2014-09-29T12:30:25Z" changeset="25745617" uid="735" user="blackadder">
    <nd ref="278113"/>
    <nd ref="278114"/>
    <tag k="bridge" v="yes"/>
    <tag k="gritting" v="priority_1"/>
    <tag k="gritting_depot" v="Coleshill Heath Road"/>
    <tag k="gritting_operator" v="Warwickshire County Council"/>
    <tag k="gritting_route_ref" v="1"/>
    <tag k="gritting_route_revision" v="201110"/>
    <tag k="highway" v="unclassified"/>
    <tag k="highway_authority_ref" v="C125"/>
    <tag k="layer" v="1"/>
    <tag k="maintenance" v="gritting"/>
    <tag k="maxspeed" v="60 mph"/>
    <tag k="maxspeed:type" v="GB:nsl_single"/>
    <tag k="name" v="Bodymoor Heath Road"/>
    <tag k="source:maxspeed" v="survey"/>
  </way>
  <way id="23883137" version="12" timestamp="2020-11-24T10:36:15Z" changeset="94699174" uid="11734151" user="aniaswin">
    <nd ref="278114"/>
    <nd ref="278115"/>
    <nd ref="278116"/>
    <nd ref="278117"/>
    <nd ref="3146361469"/>
    <nd ref="278118"/>
    <nd ref="8157818549"/>
    <nd ref="278119"/>
    <nd ref="31199676"/>
    <nd ref="278120"/>
    <nd ref="278197"/>
    <nd ref="278198"/>
    <nd ref="278199"/>
    <nd ref="278200"/>
    <nd ref="278201"/>
    <nd ref="603668276"/>
    <nd ref="603668287"/>
    <nd ref="603668295"/>
    <nd ref="603672799"/>
    <nd ref="278202"/>
    <nd ref="3225151101"/>
    <nd ref="603668329"/>
    <nd ref="2296200823"/>
    <nd ref="603672808"/>
    <nd ref="603668335"/>
    <nd ref="278204"/>
    <nd ref="603669139"/>
    <nd ref="3218271660"/>
    <nd ref="278203"/>
    <tag k="gritting" v="priority_1"/>
    <tag k="gritting_depot" v="Coleshill Heath Road"/>
    <tag k="gritting_operator" v="Warwickshire County Council"/>
    <tag k="gritting_route_ref" v="1"/>
    <tag k="gritting_route_revision" v="201110"/>
    <tag k="highway" v="unclassified"/>
    <tag k="highway_authority_ref" v="C125"/>
    <tag k="maintenance" v="gritting"/>
    <tag k="maxspeed" v="60 mph"/>
    <tag k="maxspeed:type" v="GB:nsl_single"/>
    <tag k="name" v="Bodymoor Heath Road"/>
    <tag k="source:maxspeed" v="survey"/>
  </way>
  <way id="23883873" version="6" timestamp="2025-01-15T12:44:05Z" changeset="161379570" uid="5229644" user="Nathan_A_RF">
    <nd ref="258879133"/>
    <nd ref="665880"/>
    <tag k="DfT_AADF" v="12332"/>
    <tag k="DfT_AADF_bus" v="89"/>
    <tag k="DfT_AADF_car" v="9569"/>
    <tag k="DfT_AADF_hgv" v="1099"/>
    <tag k="DfT_AADF_lgv" v="1515"/>
    <tag k="DfT_AADF_year" v="2013"/>
    <tag k="DfT_traffic_counter_ref" v="7639"/>
    <tag k="bridge" v="yes"/>
    <tag k="gritting" v="priority_1"/>
    <tag k="gritting_depot" v="Coleshill Heath Road"/>
    <tag k="gritting_operator" v="Warwickshire County Council"/>
    <tag k="gritting_route_ref" v="1"/>
    <tag k="gritting_route_revision" v="201110"/>
    <tag k="highway" v="primary"/>
    <tag k="layer" v="1"/>
    <tag k="maintenance" v="gritting"/>
    <tag k="maxspeed" v="50 mph"/>
    <tag k="name" v="Kingsbury Road"/>
    <tag k="ref" v="A4097"/>
  </way>
  <way id="23883874" version="7" timestamp="2025-01-15T12:44:05Z" changeset="161379570" uid="5229644" user="Nathan_A_RF">
    <nd ref="665880"/>
    <nd ref="665881"/>
    <tag k="DfT_AADF" v="12332"/>
    <tag k="DfT_AADF_bus" v="89"/>
    <tag k="DfT_AADF_car" v="9569"/>
    <tag k="DfT_AADF_hgv" v="1099"/>
    <tag k="DfT_AADF_lgv" v="1515"/>
    <tag k="DfT_AADF_year" v="2013"/>
    <tag k="DfT_traffic_counter_ref" v="7639"/>
    <tag k="gritting" v="priority_1"/>
    <tag k="gritting_depot" v="Coleshill Heath Road"/>
    <tag k="gritting_operator" v="Warwickshire County Council"/>
    <tag k="gritting_route_ref" v="1"/>
    <tag k="gritting_route_revision" v="201110"/>
    <tag k="highway" v="primary"/>
    <tag k="lanes" v="2"/>
    <tag k="maintenance" v="gritting"/>
    <tag k="maxspeed" v="50 mph"/>
    <tag k="name" v="Kingsbury Road"/>
    <tag k="ref" v="A4097"/>
    <tag k="surface" v="asphalt"/>
  </way>
  <way id="23884028" version="15" timestamp="2022-10-09T13:27:55Z" changeset="127248722" uid="139424" user="pigsonthewing">
    <nd ref="258880485"/>
    <nd ref="270033"/>
    <tag k="bridge" v="yes"/>
    <tag k="bridge:name" v="Bodymoor Heath Bridge"/>
    <tag k="cycleway:both" v="no"/>
    <tag k="gritting" v="priority_1"/>
    <tag k="gritting_depot" v="Coleshill Heath Road"/>
    <tag k="gritting_operator" v="Warwickshire County Council"/>
    <tag k="gritting_route_ref" v="1"/>
    <tag k="gritting_route_revision" v="201110"/>
    <tag k="highway" v="unclassified"/>
    <tag k="highway_authority_ref" v="C125"/>
    <tag k="lane_markings" v="no"/>
    <tag k="layer" v="1"/>
    <tag k="maintenance" v="gritting"/>
    <tag k="maxspeed" v="60 mph"/>
    <tag k="maxspeed:type" v="GB:nsl_single"/>
    <tag k="maxweight:signed" v="no"/>
    <tag k="name" v="Bodymoor Heath Road"/>
    <tag k="source:maxspeed" v="survey"/>
    <tag k="surface" v="asphalt"/>
  </way>
  <way id="23884029" version="11" timestamp="2022-10-09T13:26:56Z" changeset="127248728" uid="139424" user="pigsonthewing">
    <nd ref="270033"/>
    <nd ref="1544334389"/>
    <nd ref="270032"/>
    <tag k="gritting" v="priority_1"/>
    <tag k="gritting_depot" v="Coleshill Heath Road"/>
    <tag k="gritting_operator" v="Warwickshire County Council"/>
    <tag k="gritting_route_ref" v="1"/>
    <tag k="gritting_route_revision" v="201110"/>
    <tag k="highway" v="unclassified"/>
    <tag k="highway_authority_ref" v="C125"/>
    <tag k="lanes" v="2"/>
    <tag k="maintenance" v="gritting"/>
    <tag k="maxspeed" v="60 mph"/>
    <tag k="maxspeed:type" v="GB:nsl_single"/>
    <tag k="name" v="Bodymoor Heath Road"/>
    <tag k="shoulder" v="no"/>
    <tag k="source:maxspeed" v="survey"/>
    <tag k="surface" v="asphalt"/>
  </way>
  <way id="24640832" version="7" timestamp="2024-06-01T17:12:08Z" changeset="152130264" uid="13078383" user="Keith Barnett">
    <nd ref="31199786"/>
    <nd ref="267854661"/>
    <nd ref="267854662"/>
    <nd ref="3123158879"/>
    <nd ref="3123158878"/>
    <nd ref="267854664"/>
    <nd ref="267854665"/>
    <nd ref="3121993930"/>
    <nd ref="267854666"/>
    <nd ref="3121993933"/>
    <nd ref="267854667"/>
    <nd ref="267854669"/>
    <nd ref="258826697"/>
    <tag k="abutters" v="residential"/>
    <tag k="highway" v="residential"/>
    <tag k="name" v="Ralph Crescent"/>
    <tag k="sidewalk" v="both"/>
    <tag k="surface" v="asphalt"/>
  </way>
  <way id="24640833" version="4" timestamp="2014-10-17T15:49:18Z" changeset="26149006" uid="735" user="blackadder">
    <nd ref="267854659"/>
    <nd ref="3121993830"/>
    <nd ref="267854671"/>
    <nd ref="3135346769"/>
    <nd ref="267854673"/>
    <nd ref="267854674"/>
    <nd ref="267854649"/>
    <tag k="abutters" v="residential"/>
    <tag k="highway" v="residential"/>
    <tag k="name" v="Bromage Avenue"/>
    <tag k="surface" v="paved"/>
  </way>
  <way id="24640834" version="3" timestamp="2014-10-17T15:49:18Z" changeset="26149006" uid="735" user="blackadder">
    <nd ref="267854681"/>
    <nd ref="3135346782"/>
    <nd ref="267854682"/>
    <nd ref="267854683"/>
    <nd ref="267854685"/>
    <nd ref="267854686"/>
    <nd ref="267854687"/>
    <nd ref="267854689"/>
    <nd ref="267854666"/>
    <tag k="abutters" v="residential"/>
    <tag k="highway" v="residential"/>
    <tag k="name" v="Bracebridge Road"/>
    <tag k="surface" v="paved"/>
  </way>
  <way id="24640835" version="4" timestamp="2014-10-17T15:49:39Z" changeset="26149006" uid="735" user="blackadder">
    <nd ref="267854649"/>
    <nd ref="267854676"/>
    <nd ref="3121993711"/>
    <nd ref="3121993719"/>
    <nd ref="3121993799"/>
    <nd ref="267854678"/>
    <nd ref="3121993885"/>
    <nd ref="267854680"/>
    <nd ref="267854681"/>
    <tag k="abutters" v="residential"/>
    <tag k="highway" v="residential"/>
    <tag k="name" v="Tame Bank"/>
    <tag k="surface" v="paved"/>
  </way>
  <way id="24640836" version="3" timestamp="2014-10-10T11:17:08Z" changeset="25980605" uid="735" user="blackadder">
    <nd ref="267854689"/>
    <nd ref="267854690"/>
    <nd ref="267854691"/>
    <nd ref="3121993846"/>
    <nd ref="267854693"/>
    <nd ref="3121993817"/>
    <nd ref="267854694"/>
    <nd ref="3121993796"/>
    <nd ref="267854695"/>
    <nd ref="3121993793"/>
    <nd ref="3121993792"/>
    <nd ref="267854696"/>
    <nd ref="267854698"/>
    <nd ref="267854671"/>
    <tag k="abutters" v="residential"/>
    <tag k="highway" v="residential"/>
    <tag k="name" v="Kingsway"/>
    <tag k="surface" v="paved"/>
  </way>
  <way id="24640837" version="2" timestamp="2008-06-01T13:24:10Z" changeset="8894" uid="735" user="blackadder">
    <nd ref="267854678"/>
    <nd ref="267854690"/>
    <tag k="abutters" v="residential"/>
    <tag k="highway" v="residential"/>
    <tag k="name" v="The Green"/>
    <tag k="surface" v="paved"/>
  </way>
  <way id="24640838" version="7" timestamp="2024-06-01T14:12:09Z" changeset="152123324" uid="13078383" user="Keith Barnett">
    <nd ref="258808877"/>
    <nd ref="3123158862"/>
    <nd ref="258808883"/>
    <nd ref="258808888"/>
    <nd ref="258808893"/>
    <nd ref="258808898"/>
    <nd ref="3123158873"/>
    <nd ref="258808905"/>
    <nd ref="258808915"/>
    <nd ref="258808916"/>
    <nd ref="258808917"/>
    <nd ref="258808919"/>
    <nd ref="258808920"/>
    <nd ref="258808921"/>
    <nd ref="258808923"/>
    <nd ref="258808924"/>
    <nd ref="258808926"/>
    <nd ref="3141792986"/>
    <nd ref="258808927"/>
    <nd ref="258809199"/>
    <nd ref="258808932"/>
    <nd ref="258808933"/>
    <nd ref="258808935"/>
    <nd ref="258808936"/>
    <nd ref="3123158902"/>
    <nd ref="267854709"/>
    <nd ref="267854708"/>
    <nd ref="267854707"/>
    <nd ref="267854705"/>
    <nd ref="267854704"/>
    <nd ref="267854703"/>
    <nd ref="267854702"/>
    <nd ref="267854700"/>
    <nd ref="267854748"/>
    <nd ref="267854699"/>
    <nd ref="31199787"/>
    <tag k="abutters" v="residential"/>
    <tag k="highway" v="residential"/>
    <tag k="lane_markings" v="no"/>
    <tag k="name" v="Sycamore Road"/>
    <tag k="sidewalk" v="both"/>
    <tag k="surface" v="asphalt"/>
  </way>
  <way id="24640840" version="3" timestamp="2024-06-01T14:33:11Z" changeset="152121339" uid="13078383" user="Keith Barnett">
    <nd ref="267854717"/>
    <nd ref="267854718"/>
    <tag k="abutters" v="residential"/>
    <tag k="highway" v="residential"/>
    <tag k="name" v="Beech Close"/>
    <tag k="surface" v="asphalt"/>
  </way>
  <way id="24640842" version="6" timestamp="2024-06-01T14:27:32Z" changeset="152123324" uid="13078383" user="Keith Barnett">
    <nd ref="267854703"/>
    <nd ref="267854722"/>
    <nd ref="267854723"/>
    <nd ref="267854724"/>
    <nd ref="267854720"/>
    <nd ref="267854725"/>
    <nd ref="267854727"/>
    <nd ref="3123158893"/>
    <nd ref="267854728"/>
    <nd ref="3123158891"/>
    <nd ref="267854729"/>
    <nd ref="267854730"/>
    <nd ref="267854732"/>
    <tag k="abutters" v="residential"/>
    <tag k="highway" v="residential"/>
    <tag k="lane_markings" v="no"/>
    <tag k="name" v="Birch Close"/>
    <tag k="sidewalk" v="both"/>
    <tag k="surface" v="asphalt"/>
  </way>
  <way id="24640843" version="4" timestamp="2024-06-01T14:33:07Z" changeset="152121339" uid="13078383" user="Keith Barnett">
    <nd ref="267854745"/>
    <nd ref="267854717"/>
    <nd ref="3123158894"/>
    <nd ref="267854746"/>
    <nd ref="3123158900"/>
    <nd ref="267854700"/>
    <tag k="abutters" v="residential"/>
    <tag k="highway" v="residential"/>
    <tag k="name" v="Beech Close"/>
    <tag k="surface" v="asphalt"/>
  </way>
  <way id="24640846" version="7" timestamp="2024-06-01T17:10:13Z" changeset="152130444" uid="13078383" user="Keith Barnett">
    <nd ref="267854750"/>
    <nd ref="267854749"/>
    <nd ref="267854751"/>
    <nd ref="3123158887"/>
    <nd ref="267854752"/>
    <nd ref="267854753"/>
    <nd ref="267854754"/>
    <nd ref="3126633291"/>
    <nd ref="267854755"/>
    <nd ref="3123158876"/>
    <nd ref="3123158875"/>
    <nd ref="267854756"/>
    <tag k="abutters" v="residential"/>
    <tag k="highway" v="residential"/>
    <tag k="lane_markings" v="no"/>
    <tag k="name" v="Tamworth Road"/>
    <tag k="sidewalk" v="left"/>
    <tag k="surface" v="asphalt"/>
  </way>
  <way id="24640847" version="3" timestamp="2024-06-30T17:08:32Z" changeset="153375996" uid="13078383" user="Keith Barnett">
    <nd ref="267854757"/>
    <nd ref="267854758"/>
    <nd ref="267854760"/>
    <tag k="abutters" v="residential"/>
    <tag k="highway" v="residential"/>
    <tag k="name" v="Barlow Court"/>
    <tag k="surface" v="asphalt"/>
  </way>
  <way id="24640848" version="4" timestamp="2024-06-30T17:07:35Z" changeset="153376010" uid="13078383" user="Keith Barnett">
    <nd ref="267854758"/>
    <nd ref="3123158864"/>
    <nd ref="3123158867"/>
    <nd ref="31199785"/>
    <tag k="abutters" v="residential"/>
    <tag k="highway" v="residential"/>
    <tag k="name" v="Barlow Court"/>
    <tag k="sidewalk" v="both"/>
    <tag k="surface" v="paved"/>
  </way>
  <way id="24640849" version="5" timestamp="2024-06-01T14:27:51Z" changeset="152121334" uid="13078383" user="Keith Barnett">
    <nd ref="267854720"/>
    <nd ref="267854761"/>
    <nd ref="267854762"/>
    <nd ref="267854774"/>
    <nd ref="267854716"/>
    <nd ref="267854763"/>
    <tag k="abutters" v="residential"/>
    <tag k="highway" v="residential"/>
    <tag k="lane_markings" v="no"/>
    <tag k="name" v="Ash Grove"/>
    <tag k="sidewalk" v="both"/>
    <tag k="surface" v="asphalt"/>
  </way>
  <way id="24640853" version="2" timestamp="2008-06-01T13:24:13Z" changeset="8894" uid="735" user="blackadder">
    <nd ref="267854791"/>
    <nd ref="267854795"/>
    <tag k="abutters" v="residential"/>
    <tag k="highway" v="residential"/>
    <tag k="name" v="The Aspens"/>
    <tag k="surface" v="paved"/>
  </way>
  <way id="24640858" version="2" timestamp="2008-06-01T13:24:14Z" changeset="8894" uid="735" user="blackadder">
    <nd ref="267854824"/>
    <nd ref="267854822"/>
    <tag k="abutters" v="residential"/>
    <tag k="highway" v="residential"/>
    <tag k="name" v="Fircroft"/>
    <tag k="surface" v="paved"/>
  </way>
  <way id="24640859" version="2" timestamp="2008-06-01T13:24:14Z" changeset="8894" uid="735" user="blackadder">
    <nd ref="267854825"/>
    <nd ref="267854826"/>
    <tag k="abutters" v="residential"/>
    <tag k="highway" v="residential"/>
    <tag k="name" v="The Hawthorns"/>
    <tag k="surface" v="paved"/>
  </way>
  <way id="24640860" version="3" timestamp="2014-10-10T21:34:03Z" changeset="25992417" uid="735" user="blackadder">
    <nd ref="267854827"/>
    <nd ref="267854828"/>
    <nd ref="267854826"/>
    <nd ref="267854829"/>
    <nd ref="3123158901"/>
    <nd ref="267854830"/>
    <nd ref="267854831"/>
    <nd ref="267854777"/>
    <tag k="abutters" v="residential"/>
    <tag k="highway" v="residential"/>
    <tag k="name" v="The Hawthorns"/>
    <tag k="surface" v="paved"/>
  </way>
  <way id="24640861" version="2" timestamp="2008-06-01T13:24:14Z" changeset="8894" uid="735" user="blackadder">
    <nd ref="267854787"/>
    <nd ref="267854832"/>
    <nd ref="267854833"/>
    <nd ref="267854837"/>
    <nd ref="267854834"/>
    <nd ref="267854835"/>
    <nd ref="267860277"/>
    <nd ref="267854797"/>
    <tag k="abutters" v="residential"/>
    <tag k="highway" v="residential"/>
    <tag k="name" v="Hazelcroft"/>
    <tag k="surface" v="paved"/>
  </way>
  <way id="24640862" version="2" timestamp="2008-06-01T13:24:15Z" changeset="8894" uid="735" user="blackadder">
    <nd ref="267854836"/>
    <nd ref="267854837"/>
    <tag k="abutters" v="residential"/>
    <tag k="highway" v="residential"/>
    <tag k="name" v="Hazelcroft"/>
    <tag k="surface" v="paved"/>
  </way>
  <way id="24640942" version="4" timestamp="2014-10-21T12:54:05Z" changeset="26234135" uid="735" user="blackadder">
    <nd ref="267854702"/>
    <nd ref="267854775"/>
    <nd ref="267854776"/>
    <nd ref="267854777"/>
    <nd ref="3123158903"/>
    <nd ref="267854778"/>
    <nd ref="267854779"/>
    <nd ref="267854780"/>
    <nd ref="267854781"/>
    <nd ref="267860286"/>
    <nd ref="3141792987"/>
    <nd ref="3141792988"/>
    <nd ref="3141792989"/>
    <nd ref="267860285"/>
    <nd ref="267854817"/>
    <nd ref="267854818"/>
    <nd ref="267854819"/>
    <nd ref="258809092"/>
    <nd ref="267854820"/>
    <nd ref="267854808"/>
    <nd ref="267854822"/>
    <nd ref="267854823"/>
    <tag k="abutters" v="residential"/>
    <tag k="highway" v="residential"/>
    <tag k="name" v="Fircroft"/>
    <tag k="surface" v="paved"/>
  </way>
  <way id="24640943" version="3" timestamp="2014-10-10T21:34:02Z" changeset="25992417" uid="735" user="blackadder">
    <nd ref="267854781"/>
    <nd ref="267854782"/>
    <nd ref="267854784"/>
    <nd ref="267854785"/>
    <nd ref="267854786"/>
    <nd ref="267854787"/>
    <nd ref="3123158919"/>
    <nd ref="267854789"/>
    <nd ref="267854795"/>
    <nd ref="267854804"/>
    <tag k="abutters" v="residential"/>
    <tag k="highway" v="residential"/>
    <tag k="name" v="The Aspens"/>
    <tag k="surface" v="paved"/>
  </way>
  <way id="24641414" version="1" timestamp="2008-06-01T13:24:06Z" changeset="8894" uid="735" user="blackadder">
    <nd ref="267860276"/>
    <nd ref="267860277"/>
    <tag k="abutters" v="residential"/>
    <tag k="highway" v="residential"/>
    <tag k="name" v="Hazelcroft"/>
    <tag k="surface" v="paved"/>
  </way>
  <way id="24641416" version="4" timestamp="2024-06-01T14:28:49Z" changeset="152121334" uid="13078383" user="Keith Barnett">
    <nd ref="267854713"/>
    <nd ref="267854716"/>
    <tag k="abutters" v="residential"/>
    <tag k="highway" v="residential"/>
    <tag k="lane_markings" v="no"/>
    <tag k="name" v="Ash Grove"/>
    <tag k="sidewalk" v="both"/>
    <tag k="surface" v="asphalt"/>
  </way>
  <way id="30889108" version="6" timestamp="2014-09-29T12:30:24Z" changeset="25745617" uid="735" user="blackadder">
    <nd ref="270032"/>
    <nd ref="2691843639"/>
    <nd ref="2305062441"/>
    <nd ref="603667975"/>
    <nd ref="603667978"/>
    <nd ref="2691843631"/>
    <nd ref="270031"/>
    <nd ref="258880489"/>
    <nd ref="2322000947"/>
    <nd ref="2305050335"/>
    <tag k="gritting" v="priority_1"/>
    <tag k="gritting_depot" v="Coleshill Heath Road"/>
    <tag k="gritting_operator" v="Warwickshire County Council"/>
    <tag k="gritting_route_ref" v="1"/>
    <tag k="gritting_route_revision" v="201110"/>
    <tag k="highway" v="unclassified"/>
    <tag k="highway_authority_ref" v="C125"/>
    <tag k="maintenance" v="gritting"/>
    <tag k="maxspeed" v="60 mph"/>
    <tag k="maxspeed:type" v="GB:nsl_single"/>
    <tag k="name" v="Bodymoor Heath Road"/>
    <tag k="source" v="OS_Locator"/>
    <tag k="source:maxspeed" v="survey"/>
  </way>
  <way id="34156942" version="6" timestamp="2024-12-31T16:01:24Z" changeset="160837920" uid="13078383" user="Keith Barnett">
    <nd ref="125970879"/>
    <nd ref="1445498386"/>
    <nd ref="1445498404"/>
    <nd ref="1445498425"/>
    <nd ref="391748383"/>
    <nd ref="1445498382"/>
    <nd ref="1445498353"/>
    <nd ref="1445498355"/>
    <nd ref="1445498416"/>
    <nd ref="391748380"/>
    <tag k="highway" v="unclassified"/>
    <tag k="name" v="Perryman Drive"/>
    <tag k="surface" v="asphalt"/>
  </way>
  <way id="34156944" version="7" timestamp="2024-12-31T16:01:09Z" changeset="160839203" uid="13078383" user="Keith Barnett">
    <nd ref="391748384"/>
    <nd ref="1445498420"/>
    <nd ref="391748386"/>
    <tag k="highway" v="residential"/>
    <tag k="name" v="Piccadilly"/>
    <tag k="sidewalk" v="both"/>
    <tag k="surface" v="asphalt"/>
  </way>
  <way id="34156945" version="5" timestamp="2024-06-02T11:12:10Z" changeset="152154973" uid="13078383" user="Keith Barnett">
    <nd ref="391748382"/>
    <nd ref="391748391"/>
    <nd ref="391748392"/>
    <nd ref="1445498338"/>
    <nd ref="1445498344"/>
    <nd ref="1445498349"/>
    <nd ref="1445498348"/>
    <nd ref="1445498359"/>
    <nd ref="1445498413"/>
    <nd ref="1445498409"/>
    <nd ref="1445498410"/>
    <nd ref="1445498365"/>
    <nd ref="391748393"/>
    <nd ref="391748384"/>
    <nd ref="391748394"/>
    <nd ref="1445498374"/>
    <nd ref="1445498372"/>
    <nd ref="1445498347"/>
    <nd ref="1445498377"/>
    <nd ref="391748395"/>
    <nd ref="1445498351"/>
    <nd ref="1445498384"/>
    <nd ref="1445498424"/>
    <nd ref="1445498378"/>
    <nd ref="391748396"/>
    <nd ref="391748391"/>
    <tag k="highway" v="residential"/>
    <tag k="name" v="Piccadilly Crescent"/>
    <tag k="sidewalk" v="both"/>
  </way>
  <way id="36822811" version="2" timestamp="2017-02-06T15:12:58Z" changeset="45858402" uid="9065" user="brianboru">
    <nd ref="427920506"/>
    <nd ref="4668391272"/>
    <nd ref="427920507"/>
    <tag k="highway" v="unclassified"/>
    <tag k="source" v="GPS Survey"/>
    <tag k="surface" v="paved"/>
  </way>
  <way id="36822812" version="3" timestamp="2017-02-06T15:12:58Z" changeset="45858402" uid="9065" user="brianboru">
    <nd ref="427920506"/>
    <nd ref="4668391260"/>
    <nd ref="1229541830"/>
    <nd ref="428014573"/>
    <nd ref="1229541435"/>
    <nd ref="428014578"/>
    <nd ref="4668391259"/>
    <nd ref="428014583"/>
    <nd ref="428014589"/>
    <tag k="highway" v="unclassified"/>
    <tag k="source" v="NPE"/>
    <tag k="surface" v="paved"/>
  </way>
  <way id="36823031" version="3" timestamp="2022-07-03T16:12:15Z" changeset="123157024" uid="9065" user="brianboru">
    <nd ref="427920534"/>
    <nd ref="98101561"/>
    <nd ref="9864135208"/>
    <nd ref="671241"/>
    <tag k="highway" v="unclassified"/>
    <tag k="name" v="Dexter Lane"/>
  </way>
  <way id="42840574" version="10" timestamp="2025-08-06T13:18:42Z" changeset="170057709" uid="21488431" user="700RPB">
    <nd ref="247223307"/>
    <nd ref="2595672126"/>
    <tag k="gritting" v="priority_1"/>
    <tag k="gritting_depot" v="Coleshill Heath Road"/>
    <tag k="gritting_operator" v="Warwickshire County Council"/>
    <tag k="gritting_route_ref" v="1"/>
    <tag k="gritting_route_revision" v="201110"/>
    <tag k="highway" v="tertiary"/>
    <tag k="highway_authority_ref" v="D328"/>
    <tag k="lanes" v="2"/>
    <tag k="maintenance" v="gritting"/>
    <tag k="maxspeed" v="60 mph"/>
    <tag k="maxspeed:type" v="GB:nsl_single"/>
    <tag k="name" v="Piccadilly Way"/>
    <tag k="surface" v="asphalt"/>
  </way>
  <way id="42840576" version="4" timestamp="2017-04-08T18:25:31Z" changeset="47575294" uid="133272" user="wongataa">
    <nd ref="243677602"/>
    <nd ref="3109361858"/>
    <nd ref="247223305"/>
    <nd ref="247223307"/>
    <tag k="gritting" v="priority_1"/>
    <tag k="gritting_depot" v="Coleshill Heath Road"/>
    <tag k="gritting_operator" v="Warwickshire County Council"/>
    <tag k="gritting_route_ref" v="1"/>
    <tag k="gritting_route_revision" v="201110"/>
    <tag k="highway" v="tertiary"/>
    <tag k="highway_authority_ref" v="D328"/>
    <tag k="maintenance" v="gritting"/>
    <tag k="name" v="Piccadilly Way"/>
    <tag k="oneway" v="yes"/>
  </way>
  <way id="45328529" version="17" timestamp="2024-12-18T14:07:26Z" changeset="160353058" uid="20652475" user="scottpengelly">
    <nd ref="12430858292"/>
    <nd ref="31199787"/>
    <nd ref="267860271"/>
    <nd ref="267854750"/>
    <nd ref="258826697"/>
    <nd ref="267860269"/>
    <nd ref="267860270"/>
    <nd ref="31199786"/>
    <nd ref="267860264"/>
    <nd ref="267854650"/>
    <nd ref="267854756"/>
    <nd ref="258825836"/>
    <nd ref="31199785"/>
    <nd ref="3123158865"/>
    <nd ref="258808877"/>
    <nd ref="3123158860"/>
    <nd ref="2595672118"/>
    <nd ref="31199784"/>
    <nd ref="2595672076"/>
    <nd ref="251326782"/>
    <nd ref="31199783"/>
    <nd ref="3130065071"/>
    <nd ref="3130065734"/>
    <nd ref="2595672137"/>
    <nd ref="31199782"/>
    <nd ref="251326798"/>
    <nd ref="251326801"/>
    <nd ref="251331814"/>
    <nd ref="2595672075"/>
    <nd ref="251326786"/>
    <nd ref="31199657"/>
    <nd ref="251326615"/>
    <nd ref="2595672140"/>
    <tag k="DfT_AADF" v="10059"/>
    <tag k="DfT_AADF_bus" v="77"/>
    <tag k="DfT_AADF_car" v="8293"/>
    <tag k="DfT_AADF_hgv" v="378"/>
    <tag k="DfT_AADF_lgv" v="1191"/>
    <tag k="DfT_AADF_year" v="2013"/>
    <tag k="DfT_traffic_counter_ref" v="8522"/>
    <tag k="gritting" v="priority_1"/>
    <tag k="gritting_depot" v="Coleshill Heath Road"/>
    <tag k="gritting_operator" v="Warwickshire County Council"/>
    <tag k="gritting_route_ref" v="1"/>
    <tag k="gritting_route_revision" v="201110"/>
    <tag k="highway" v="primary"/>
    <tag k="lanes" v="2"/>
    <tag k="maintenance" v="gritting"/>
    <tag k="maxspeed" v="30 mph"/>
    <tag k="name" v="Tamworth Road"/>
    <tag k="old_ref" v="A423"/>
    <tag k="ref" v="A51"/>
    <tag k="sidewalk" v="both"/>
    <tag k="surface" v="asphalt"/>
  </way>
  <way id="45328530" version="4" timestamp="2024-12-18T14:07:26Z" changeset="160353058" uid="20652475" user="scottpengelly">
    <nd ref="31199799"/>
    <nd ref="575993837"/>
    <tag k="DfT_AADF" v="10059"/>
    <tag k="DfT_AADF_bus" v="77"/>
    <tag k="DfT_AADF_car" v="8293"/>
    <tag k="DfT_AADF_hgv" v="378"/>
    <tag k="DfT_AADF_lgv" v="1191"/>
    <tag k="DfT_AADF_year" v="2013"/>
    <tag k="DfT_traffic_counter_ref" v="8522"/>
    <tag k="bridge" v="yes"/>
    <tag k="gritting" v="priority_1"/>
    <tag k="gritting_depot" v="Coleshill Heath Road"/>
    <tag k="gritting_operator" v="Warwickshire County Council"/>
    <tag k="gritting_route_ref" v="1"/>
    <tag k="gritting_route_revision" v="201110"/>
    <tag k="highway" v="primary"/>
    <tag k="layer" v="1"/>
    <tag k="maintenance" v="gritting"/>
    <tag k="maxspeed" v="50 mph"/>
    <tag k="name" v="Tamworth Road"/>
    <tag k="ref" v="A51"/>
  </way>
  <way id="47401556" version="11" timestamp="2024-07-04T09:08:48Z" changeset="153533973" uid="13078383" user="Keith Barnett">
    <nd ref="98101639"/>
    <nd ref="1206085255"/>
    <nd ref="1206111558"/>
    <nd ref="603360985"/>
    <nd ref="603360986"/>
    <nd ref="705786795"/>
    <nd ref="98101641"/>
    <nd ref="603360987"/>
    <nd ref="603360988"/>
    <nd ref="603360990"/>
    <nd ref="603360992"/>
    <nd ref="603360993"/>
    <nd ref="98101643"/>
    <nd ref="603360994"/>
    <nd ref="603360996"/>
    <nd ref="98101644"/>
    <nd ref="603360997"/>
    <nd ref="603360998"/>
    <nd ref="98101647"/>
    <nd ref="603360999"/>
    <nd ref="603361001"/>
    <nd ref="5050306964"/>
    <nd ref="4569521412"/>
    <nd ref="603360843"/>
    <nd ref="8514389951"/>
    <nd ref="98101649"/>
    <nd ref="603361002"/>
    <nd ref="603360844"/>
    <nd ref="603360845"/>
    <nd ref="603360846"/>
    <nd ref="603360847"/>
    <nd ref="603360848"/>
    <nd ref="603360849"/>
    <nd ref="603360850"/>
    <nd ref="603360851"/>
    <nd ref="603360852"/>
    <nd ref="603360853"/>
    <nd ref="6560798393"/>
    <nd ref="603360854"/>
    <nd ref="603360533"/>
    <nd ref="98101651"/>
    <nd ref="603360536"/>
    <nd ref="603360424"/>
    <nd ref="603360427"/>
    <nd ref="603360429"/>
    <nd ref="98101653"/>
    <nd ref="253222675"/>
    <nd ref="5639464223"/>
    <nd ref="5639464224"/>
    <nd ref="253222678"/>
    <nd ref="2301573160"/>
    <nd ref="2301573146"/>
    <nd ref="98101655"/>
    <nd ref="2301573004"/>
    <tag k="gritting" v="priority_1"/>
    <tag k="gritting_depot" v="Coleshill Heath Road"/>
    <tag k="gritting_operator" v="Warwickshire County Council"/>
    <tag k="gritting_route_ref" v="2"/>
    <tag k="gritting_route_revision" v="201105"/>
    <tag k="highway" v="tertiary"/>
    <tag k="lanes" v="2"/>
    <tag k="maintenance" v="gritting"/>
    <tag k="name" v="Tamworth Road"/>
    <tag k="sidewalk" v="both"/>
    <tag k="source" v="NPE;survey"/>
    <tag k="source:name" v="OS_OpenData_Open_Roads"/>
    <tag k="surface" v="asphalt"/>
  </way>
  <way id="47401893" version="7" timestamp="2021-03-15T07:01:04Z" changeset="101027523" uid="10170582" user="priymose">
    <nd ref="603362123"/>
    <nd ref="5050306965"/>
    <nd ref="6380448151"/>
    <nd ref="603362174"/>
    <nd ref="5363281725"/>
    <nd ref="603362175"/>
    <nd ref="603362177"/>
    <nd ref="8519840908"/>
    <nd ref="603362178"/>
    <tag k="highway" v="residential"/>
    <tag k="name" v="Wood Street"/>
  </way>
  <way id="47401897" version="4" timestamp="2019-04-01T09:59:26Z" changeset="68747895" uid="3099063" user="StaffsMap">
    <nd ref="603362178"/>
    <nd ref="603362185"/>
    <nd ref="6375567809"/>
    <nd ref="603362186"/>
    <tag k="highway" v="residential"/>
    <tag k="name" v="Johnson Street"/>
  </way>
  <way id="47401899" version="4" timestamp="2018-05-23T15:28:34Z" changeset="59215390" uid="9065" user="brianboru">
    <nd ref="603362186"/>
    <nd ref="1206084920"/>
    <nd ref="1313479967"/>
    <nd ref="1206085060"/>
    <nd ref="603362211"/>
    <nd ref="1206085076"/>
    <nd ref="603362212"/>
    <tag k="highway" v="residential"/>
    <tag k="name" v="Smith Street"/>
  </way>
  <way id="47402106" version="7" timestamp="2025-09-16T09:13:22Z" changeset="172003140" uid="3951648" user="rskedgell">
    <nd ref="603363824"/>
    <nd ref="13146786454"/>
    <nd ref="13146786453"/>
    <nd ref="13146786451"/>
    <nd ref="13146786450"/>
    <nd ref="13146786452"/>
    <nd ref="603363870"/>
    <tag k="cycleway:both" v="no"/>
    <tag k="hazard" v="road_narrows"/>
    <tag k="hgv" v="discouraged"/>
    <tag k="highway" v="unclassified"/>
    <tag k="lanes" v="2"/>
    <tag k="lit" v="yes"/>
    <tag k="maxweightrating:hgv" v="7.5"/>
    <tag k="name" v="Whateley Lane"/>
    <tag k="postal_code" v="B78"/>
    <tag k="ref:GB:usrn" v="28400961;83603761"/>
    <tag k="sidewalk" v="no"/>
    <tag k="surface" v="asphalt"/>
    <tag k="verge" v="both"/>
  </way>
  <way id="47402115" version="7" timestamp="2025-09-16T09:13:22Z" changeset="172003140" uid="3951648" user="rskedgell">
    <nd ref="603363870"/>
    <nd ref="603363865"/>
    <tag k="bridge" v="yes"/>
    <tag k="cycleway:both" v="no"/>
    <tag k="hazard" v="road_narrows"/>
    <tag k="hgv" v="discouraged"/>
    <tag k="highway" v="unclassified"/>
    <tag k="layer" v="1"/>
    <tag k="maxweightrating:hgv" v="7.5"/>
    <tag k="name" v="Whateley Lane"/>
    <tag k="postal_code" v="B78"/>
    <tag k="ref:GB:usrn" v="28400961;83603761"/>
    <tag k="sidewalk" v="both"/>
    <tag k="surface" v="asphalt"/>
  </way>
  <way id="53901431" version="8" timestamp="2025-01-15T12:44:05Z" changeset="161379570" uid="5229644" user="Nathan_A_RF">
    <nd ref="125970862"/>
    <nd ref="125970863"/>
    <tag k="highway" v="tertiary"/>
    <tag k="highway_authority_ref" v="C8"/>
    <tag k="maxspeed" v="60 mph"/>
    <tag k="maxspeed:type" v="GB:nsl_single"/>
    <tag k="name" v="Trinity Road"/>
    <tag k="oneway" v="yes"/>
    <tag k="surface" v="asphalt"/>
  </way>
  <way id="53901433" version="8" timestamp="2025-01-15T12:44:05Z" changeset="161379570" uid="5229644" user="Nathan_A_RF">
    <nd ref="125970862"/>
    <nd ref="3101748901"/>
    <nd ref="2596040053"/>
    <nd ref="2440325706"/>
    <nd ref="2440325705"/>
    <tag k="highway" v="tertiary"/>
    <tag k="highway_authority_ref" v="C8"/>
    <tag k="junction" v="roundabout"/>
    <tag k="maxspeed" v="60 mph"/>
    <tag k="maxspeed:type" v="GB:nsl_single"/>
    <tag k="oneway" v="yes"/>
    <tag k="surface" v="asphalt"/>
  </way>
  <way id="56239012" version="5" timestamp="2024-07-04T09:13:04Z" changeset="153534289" uid="13078383" user="Keith Barnett">
    <nd ref="705786795"/>
    <nd ref="705786807"/>
    <nd ref="5050306975"/>
    <nd ref="705786803"/>
    <nd ref="705786801"/>
    <nd ref="705786809"/>
    <tag k="highway" v="residential"/>
    <tag k="lane_markings" v="no"/>
    <tag k="name" v="Meadow View"/>
    <tag k="sidewalk" v="both"/>
    <tag k="surface" v="asphalt"/>
  </way>
  <way id="56239013" version="4" timestamp="2024-07-04T09:15:13Z" changeset="153533958" uid="13078383" user="Keith Barnett">
    <nd ref="5050306974"/>
    <nd ref="705786798"/>
    <nd ref="705786801"/>
    <tag k="highway" v="residential"/>
    <tag k="name" v="Meadow View"/>
    <tag k="sidewalk" v="both"/>
    <tag k="surface" v="asphalt"/>
  </way>
  <way id="56239962" version="3" timestamp="2011-10-30T01:42:30Z" changeset="9690088" uid="498071" user="BabBabBabBab">
    <nd ref="391748387"/>
    <nd ref="1445498340"/>
    <nd ref="1445498414"/>
    <nd ref="1485292148"/>
    <nd ref="391748388"/>
    <nd ref="391748389"/>
    <nd ref="1445498388"/>
    <nd ref="391748390"/>
    <tag k="highway" v="residential"/>
    <tag k="name" v="Pitt Hill"/>
  </way>
  <way id="60437244" version="5" timestamp="2022-01-14T22:55:55Z" changeset="116167005" uid="30636" user="Tallguy">
    <nd ref="270113"/>
    <nd ref="270114"/>
    <nd ref="270115"/>
    <nd ref="270116"/>
    <nd ref="270065"/>
    <nd ref="270064"/>
    <nd ref="270063"/>
    <nd ref="270062"/>
    <nd ref="270061"/>
    <nd ref="270060"/>
    <nd ref="270059"/>
    <nd ref="270058"/>
    <nd ref="270057"/>
    <nd ref="270038"/>
    <nd ref="411072190"/>
    <nd ref="270039"/>
    <nd ref="447997224"/>
    <nd ref="411072164"/>
    <nd ref="270040"/>
    <nd ref="270041"/>
    <nd ref="270044"/>
    <nd ref="411072271"/>
    <nd ref="270042"/>
    <nd ref="270043"/>
    <nd ref="410735402"/>
    <nd ref="270045"/>
    <nd ref="270046"/>
    <nd ref="270047"/>
    <nd ref="270048"/>
    <nd ref="3151122723"/>
    <tag k="highway" v="unclassified"/>
    <tag k="maxspeed" v="60 mph"/>
    <tag k="maxspeed:type" v="GB:nsl_single"/>
    <tag k="name" v="Bodymoor Heath Lane"/>
    <tag k="source:maxspeed" v="survey"/>
  </way>
  <way id="68906980" version="8" timestamp="2022-07-12T17:01:35Z" changeset="123529387" uid="1782504" user="corgicity">
    <nd ref="671429"/>
    <nd ref="2331915584"/>
    <nd ref="2302307832"/>
    <nd ref="827570738"/>
    <nd ref="2302307834"/>
    <nd ref="827570754"/>
    <nd ref="827570778"/>
    <nd ref="2302307840"/>
    <nd ref="827570792"/>
    <nd ref="2331915747"/>
    <nd ref="6091934799"/>
    <nd ref="2331915750"/>
    <nd ref="6091934800"/>
    <nd ref="827570803"/>
    <nd ref="2331915765"/>
    <nd ref="1376008188"/>
    <nd ref="827570742"/>
    <nd ref="827570767"/>
    <nd ref="2331915777"/>
    <nd ref="827570788"/>
    <nd ref="827570780"/>
    <nd ref="827570794"/>
    <nd ref="827570743"/>
    <nd ref="827570762"/>
    <nd ref="827570768"/>
    <nd ref="827570790"/>
    <nd ref="2331915905"/>
    <nd ref="827570740"/>
    <nd ref="2331915916"/>
    <nd ref="827570758"/>
    <nd ref="827570766"/>
    <nd ref="827570784"/>
    <nd ref="9883590240"/>
    <nd ref="827570807"/>
    <nd ref="827570744"/>
    <nd ref="827570759"/>
    <nd ref="827570769"/>
    <nd ref="1229541605"/>
    <nd ref="827570801"/>
    <nd ref="1229541932"/>
    <tag k="highway" v="unclassified"/>
  </way>
  <way id="92697195" version="7" timestamp="2023-11-18T16:26:45Z" changeset="144181434" uid="504708" user="HillWithSmallFields">
    <nd ref="1075198338"/>
    <nd ref="1075198243"/>
    <nd ref="1075197711"/>
    <nd ref="1075198536"/>
    <nd ref="1075198068"/>
    <nd ref="1075197761"/>
    <nd ref="1075198568"/>
    <nd ref="1075198116"/>
    <nd ref="1075197567"/>
    <nd ref="11200350310"/>
    <nd ref="1075198364"/>
    <nd ref="1075197847"/>
    <nd ref="1075198624"/>
    <nd ref="1075198194"/>
    <nd ref="1075197896"/>
    <nd ref="1075198338"/>
    <tag k="amenity" v="place_of_worship"/>
    <tag k="building" v="yes"/>
    <tag k="denomination" v="anglican"/>
    <tag k="heritage" v="2"/>
    <tag k="heritage:operator" v="Historic England"/>
    <tag k="listed_status" v="Grade II*"/>
    <tag k="name" v="SS Peter &amp; Paul"/>
    <tag k="ref:dove" v="13225"/>
    <tag k="religion" v="christian"/>
    <tag k="source" v="visual survey;bing"/>
    <tag k="wikidata" v="Q5117704"/>
    <tag k="wikipedia" v="en:Church of St Peter &amp; St Paul, Kingsbury"/>
  </way>
  <way id="104531503" version="6" timestamp="2024-07-04T09:59:00Z" changeset="153533973" uid="13078383" user="Keith Barnett">
    <nd ref="1206085024"/>
    <nd ref="5050306970"/>
    <nd ref="1206085212"/>
    <tag k="highway" v="residential"/>
    <tag k="lane_markings" v="no"/>
    <tag k="name" v="Birchfield Close"/>
    <tag k="sidewalk" v="both"/>
    <tag k="surface" v="asphalt"/>
  </way>
  <way id="104531504" version="6" timestamp="2024-07-04T09:54:12Z" changeset="153534289" uid="13078383" user="Keith Barnett">
    <nd ref="1206084857"/>
    <nd ref="1206085212"/>
    <nd ref="5050306972"/>
    <nd ref="5050306973"/>
    <nd ref="1206085218"/>
    <nd ref="1206085222"/>
    <nd ref="1206085249"/>
    <nd ref="2295577599"/>
    <nd ref="2295577601"/>
    <nd ref="1206085255"/>
    <tag k="highway" v="residential"/>
    <tag k="lane_markings" v="no"/>
    <tag k="name" v="Birchfield Close"/>
    <tag k="sidewalk" v="left"/>
    <tag k="surface" v="asphalt"/>
  </way>
  <way id="104531505" version="1" timestamp="2011-03-17T19:03:50Z" changeset="7588625" uid="121999" user="MaryEliz">
    <nd ref="1206084874"/>
    <nd ref="603362186"/>
    <tag k="highway" v="residential"/>
    <tag k="name" v="Johnson Street"/>
  </way>
  <way id="104531506" version="2" timestamp="2018-05-23T15:28:34Z" changeset="59215390" uid="9065" user="brianboru">
    <nd ref="1206085052"/>
    <nd ref="1206084930"/>
    <nd ref="5637864217"/>
    <nd ref="5637864216"/>
    <nd ref="5637864215"/>
    <nd ref="1206084925"/>
    <nd ref="1206085060"/>
    <tag k="highway" v="residential"/>
    <tag k="name" v="The Woodlands"/>
  </way>
  <way id="104531508" version="2" timestamp="2018-01-26T11:41:59Z" changeset="55768676" uid="5330798" user="Tomn92">
    <nd ref="1206085048"/>
    <nd ref="5363281730"/>
    <nd ref="1206085083"/>
    <nd ref="1206085068"/>
    <tag k="highway" v="residential"/>
    <tag k="name" v="St Michaels Close"/>
  </way>
  <way id="104531513" version="3" timestamp="2018-05-23T15:28:34Z" changeset="59215390" uid="9065" user="brianboru">
    <nd ref="1206085076"/>
    <nd ref="5363281747"/>
    <nd ref="5637864173"/>
    <nd ref="1206085083"/>
    <tag k="highway" v="residential"/>
    <tag k="name" v="St Michaels Close"/>
  </way>
  <way id="104531514" version="5" timestamp="2018-05-24T09:01:00Z" changeset="59235162" uid="9065" user="brianboru">
    <nd ref="1206084891"/>
    <nd ref="1206084886"/>
    <nd ref="1206084940"/>
    <nd ref="5363281749"/>
    <nd ref="5637864703"/>
    <nd ref="5639354591"/>
    <nd ref="1206084948"/>
    <tag k="highway" v="residential"/>
    <tag k="name" v="Pinewood Avenue"/>
  </way>
  <way id="104531515" version="1" timestamp="2011-03-17T19:03:52Z" changeset="7588625" uid="121999" user="MaryEliz">
    <nd ref="1206084982"/>
    <nd ref="1206084985"/>
    <nd ref="1206084995"/>
    <nd ref="1206084940"/>
    <tag k="highway" v="residential"/>
    <tag k="name" v="Pinewood Avenue"/>
  </way>
  <way id="104531516" version="3" timestamp="2018-05-24T09:10:36Z" changeset="59235424" uid="9065" user="brianboru">
    <nd ref="1206085002"/>
    <nd ref="5639378319"/>
    <nd ref="1206084917"/>
    <nd ref="5637864212"/>
    <nd ref="5637864213"/>
    <nd ref="5637864214"/>
    <nd ref="1206084920"/>
    <tag k="highway" v="residential"/>
    <tag k="name" v="Woodside Close"/>
  </way>
  <way id="104531517" version="3" timestamp="2018-05-23T15:28:34Z" changeset="59215390" uid="9065" user="brianboru">
    <nd ref="5637865147"/>
    <nd ref="1206085007"/>
    <nd ref="5637865148"/>
    <nd ref="5637865149"/>
    <nd ref="1206085014"/>
    <nd ref="5637865089"/>
    <nd ref="5637865088"/>
    <nd ref="1206085017"/>
    <nd ref="1206084982"/>
    <nd ref="5637361894"/>
    <nd ref="5637361895"/>
    <nd ref="603363160"/>
    <tag k="highway" v="residential"/>
    <tag k="name" v="Sherwood Close"/>
  </way>
  <way id="104531520" version="3" timestamp="2018-05-23T15:28:34Z" changeset="59215390" uid="9065" user="brianboru">
    <nd ref="1206085014"/>
    <nd ref="1206085141"/>
    <nd ref="5637865144"/>
    <nd ref="1206085089"/>
    <nd ref="1206085114"/>
    <nd ref="5637361893"/>
    <nd ref="5637865146"/>
    <nd ref="1206085118"/>
    <tag k="highway" v="residential"/>
    <tag k="name" v="Everglade Road"/>
  </way>
  <way id="104531521" version="3" timestamp="2018-05-23T15:28:34Z" changeset="59215390" uid="9065" user="brianboru">
    <nd ref="1206085124"/>
    <nd ref="5637865252"/>
    <nd ref="5637361827"/>
    <nd ref="1206085129"/>
    <nd ref="5637361892"/>
    <nd ref="1206085137"/>
    <nd ref="5637361891"/>
    <nd ref="5637361890"/>
    <nd ref="1206085114"/>
    <tag k="highway" v="residential"/>
    <tag k="name" v="Everglade Road"/>
  </way>
  <way id="104531524" version="2" timestamp="2018-05-23T12:52:17Z" changeset="59210534" uid="9065" user="brianboru">
    <nd ref="1206085191"/>
    <nd ref="1206085204"/>
    <nd ref="1206085145"/>
    <nd ref="5637361900"/>
    <nd ref="5637361899"/>
    <nd ref="1206085172"/>
    <nd ref="1206085177"/>
    <nd ref="5637361898"/>
    <nd ref="1206085183"/>
    <tag k="highway" v="residential"/>
    <tag k="name" v="Edge Hill"/>
  </way>
  <way id="104532053" version="1" timestamp="2011-03-17T19:13:48Z" changeset="7588733" uid="121999" user="MaryEliz">
    <nd ref="1206111558"/>
    <nd ref="1206111611"/>
    <nd ref="1206111624"/>
    <tag k="highway" v="unclassified"/>
  </way>
  <way id="104532054" version="6" timestamp="2024-07-04T10:26:53Z" changeset="153534289" uid="13078383" user="Keith Barnett">
    <nd ref="603361102"/>
    <nd ref="1206111636"/>
    <nd ref="1206111731"/>
    <nd ref="5050306982"/>
    <nd ref="1206111737"/>
    <nd ref="1206111792"/>
    <nd ref="1206111798"/>
    <nd ref="1206111808"/>
    <nd ref="1206111816"/>
    <nd ref="1206111820"/>
    <nd ref="1206111851"/>
    <tag k="highway" v="residential"/>
    <tag k="lane_markings" v="no"/>
    <tag k="name" v="Delves Crescent"/>
    <tag k="sidewalk" v="both"/>
    <tag k="surface" v="asphalt"/>
  </way>
  <way id="104532055" version="4" timestamp="2024-07-04T10:26:41Z" changeset="153533973" uid="13078383" user="Keith Barnett">
    <nd ref="1206111808"/>
    <nd ref="1206111858"/>
    <nd ref="1206111869"/>
    <nd ref="5050306981"/>
    <nd ref="1206111771"/>
    <nd ref="1206111778"/>
    <nd ref="5050306980"/>
    <nd ref="5639465294"/>
    <nd ref="1206111785"/>
    <nd ref="5639465293"/>
    <nd ref="5050306979"/>
    <nd ref="1206111628"/>
    <nd ref="1206111631"/>
    <nd ref="5050306978"/>
    <nd ref="1206111638"/>
    <nd ref="1206111644"/>
    <nd ref="1206111723"/>
    <nd ref="1206111645"/>
    <nd ref="5050306977"/>
    <nd ref="1206111694"/>
    <nd ref="5050306976"/>
    <nd ref="1206111705"/>
    <nd ref="1206111711"/>
    <nd ref="1206111636"/>
    <tag k="highway" v="residential"/>
    <tag k="name" v="Delves Crescent"/>
    <tag k="sidewalk" v="both"/>
  </way>
  <way id="104579224" version="5" timestamp="2019-04-01T09:59:26Z" changeset="68747895" uid="3099063" user="StaffsMap">
    <nd ref="603362178"/>
    <nd ref="1206604208"/>
    <nd ref="1206604211"/>
    <nd ref="1206604215"/>
    <nd ref="3123233781"/>
    <nd ref="2295593892"/>
    <nd ref="6375567803"/>
    <nd ref="1206604217"/>
    <nd ref="1206604273"/>
    <nd ref="1206604187"/>
    <nd ref="1206604189"/>
    <tag k="highway" v="residential"/>
    <tag k="name" v="Wood Street"/>
  </way>
  <way id="104579227" version="2" timestamp="2014-10-10T22:33:16Z" changeset="25993409" uid="735" user="blackadder">
    <nd ref="1206604211"/>
    <nd ref="1206604281"/>
    <nd ref="1206604282"/>
    <nd ref="1206604300"/>
    <nd ref="3123233764"/>
    <nd ref="1206604302"/>
    <nd ref="3123233765"/>
    <nd ref="1206604303"/>
    <nd ref="1206604304"/>
    <nd ref="1206604307"/>
    <nd ref="1206604310"/>
    <nd ref="1206604305"/>
    <nd ref="3123233792"/>
    <nd ref="3123233794"/>
    <tag k="highway" v="residential"/>
    <tag k="name" v="Glenville Avenue"/>
  </way>
  <way id="104579232" version="2" timestamp="2014-10-10T22:33:17Z" changeset="25993409" uid="735" user="blackadder">
    <nd ref="1206604310"/>
    <nd ref="1206604315"/>
    <nd ref="1206604333"/>
    <tag k="highway" v="residential"/>
    <tag k="name" v="Glenville Avenue"/>
  </way>
  <way id="109578358" version="7" timestamp="2020-08-25T10:43:00Z" changeset="89909071" uid="133272" user="wongataa">
    <nd ref="247223126"/>
    <nd ref="247223127"/>
    <nd ref="603363133"/>
    <nd ref="247223129"/>
    <nd ref="603363137"/>
    <nd ref="603363141"/>
    <nd ref="603363144"/>
    <nd ref="247223130"/>
    <nd ref="603363148"/>
    <nd ref="247223133"/>
    <nd ref="603363149"/>
    <nd ref="247223134"/>
    <nd ref="247223135"/>
    <nd ref="603363150"/>
    <nd ref="603363151"/>
    <nd ref="247223137"/>
    <nd ref="603363152"/>
    <nd ref="603363153"/>
    <nd ref="247223139"/>
    <nd ref="603363154"/>
    <nd ref="603363155"/>
    <nd ref="603363156"/>
    <nd ref="247223140"/>
    <nd ref="603363157"/>
    <nd ref="603363158"/>
    <nd ref="247223142"/>
    <nd ref="603363159"/>
    <nd ref="1206085191"/>
    <nd ref="247223144"/>
    <nd ref="247223146"/>
    <nd ref="247223147"/>
    <nd ref="247223148"/>
    <nd ref="5637361897"/>
    <nd ref="1206085183"/>
    <nd ref="247223151"/>
    <nd ref="5637361896"/>
    <nd ref="247223152"/>
    <nd ref="247223154"/>
    <tag k="gritting" v="priority_1"/>
    <tag k="gritting_depot" v="Coleshill Heath Road"/>
    <tag k="gritting_operator" v="Warwickshire County Council"/>
    <tag k="gritting_route_ref" v="2"/>
    <tag k="gritting_route_revision" v="201105"/>
    <tag k="highway" v="tertiary"/>
    <tag k="highway_authority_ref" v="C8"/>
    <tag k="maintenance" v="gritting"/>
    <tag k="name" v="Edge Hill"/>
  </way>
  <way id="109578359" version="2" timestamp="2014-09-29T11:38:49Z" changeset="25744585" uid="735" user="blackadder">
    <nd ref="1254046913"/>
    <nd ref="1254046917"/>
    <nd ref="3101748900"/>
    <tag k="gritting" v="priority_1"/>
    <tag k="gritting_depot" v="Coleshill Heath Road"/>
    <tag k="gritting_operator" v="Warwickshire County Council"/>
    <tag k="gritting_route_ref" v="1"/>
    <tag k="gritting_route_revision" v="201110"/>
    <tag k="highway" v="unclassified"/>
    <tag k="maintenance" v="gritting"/>
  </way>
  <way id="109578362" version="7" timestamp="2014-10-10T22:33:22Z" changeset="25993409" uid="735" user="blackadder">
    <nd ref="1483938693"/>
    <nd ref="1483938683"/>
    <tag k="highway" v="unclassified"/>
  </way>
  <way id="109578365" version="2" timestamp="2014-09-29T11:38:48Z" changeset="25744585" uid="735" user="blackadder">
    <nd ref="1254046912"/>
    <nd ref="1254046913"/>
    <tag k="bridge" v="yes"/>
    <tag k="gritting" v="priority_1"/>
    <tag k="gritting_depot" v="Coleshill Heath Road"/>
    <tag k="gritting_operator" v="Warwickshire County Council"/>
    <tag k="gritting_route_ref" v="1"/>
    <tag k="gritting_route_revision" v="201110"/>
    <tag k="highway" v="unclassified"/>
    <tag k="layer" v="1"/>
    <tag k="maintenance" v="gritting"/>
  </way>
  <way id="109578368" version="4" timestamp="2020-05-01T13:17:05Z" changeset="84472291" uid="6095563" user="Don Dapper">
    <nd ref="603363124"/>
    <nd ref="2296679528"/>
    <nd ref="247223126"/>
    <tag k="bridge" v="yes"/>
    <tag k="gritting" v="priority_1"/>
    <tag k="gritting_depot" v="Coleshill Heath Road"/>
    <tag k="gritting_operator" v="Warwickshire County Council"/>
    <tag k="gritting_route_ref" v="2"/>
    <tag k="gritting_route_revision" v="201105"/>
    <tag k="highway" v="tertiary"/>
    <tag k="highway_authority_ref" v="C8"/>
    <tag k="layer" v="1"/>
    <tag k="maintenance" v="gritting"/>
    <tag k="name" v="Edge Hill"/>
  </way>
  <way id="114351313" version="7" timestamp="2020-09-29T18:30:51Z" changeset="91724610" uid="498071" user="BabBabBabBab">
    <nd ref="603364045"/>
    <nd ref="1483523486"/>
    <nd ref="603364048"/>
    <nd ref="603364049"/>
    <tag k="gritting" v="priority_1"/>
    <tag k="gritting_depot" v="Coleshill Heath Road"/>
    <tag k="gritting_operator" v="Warwickshire County Council"/>
    <tag k="gritting_route_ref" v="1"/>
    <tag k="gritting_route_revision" v="201110"/>
    <tag k="highway" v="tertiary"/>
    <tag k="highway_authority_ref" v="C79"/>
    <tag k="lanes" v="2"/>
    <tag k="maintenance" v="gritting"/>
    <tag k="maxspeed" v="50 mph"/>
    <tag k="name" v="Overwoods Road"/>
    <tag k="surface" v="asphalt"/>
  </way>
  <way id="114352033" version="3" timestamp="2020-01-06T10:53:18Z" changeset="79244521" uid="9065" user="brianboru">
    <nd ref="1295499904"/>
    <nd ref="7111893569"/>
    <nd ref="1295499912"/>
    <nd ref="1295500000"/>
    <tag k="highway" v="residential"/>
    <tag k="name" v="Epsom Close"/>
    <tag k="source" v="Bing, OS_Locator"/>
  </way>
  <way id="114352035" version="5" timestamp="2020-01-06T10:53:18Z" changeset="79244521" uid="9065" user="brianboru">
    <nd ref="1295499903"/>
    <nd ref="1295499908"/>
    <nd ref="1295499886"/>
    <nd ref="1295499882"/>
    <nd ref="1295499949"/>
    <nd ref="1295499922"/>
    <nd ref="1295500015"/>
    <nd ref="7111902247"/>
    <nd ref="6572576134"/>
    <nd ref="1295499960"/>
    <tag k="highway" v="residential"/>
    <tag k="name" v="Kempton Drive"/>
    <tag k="source" v="Bing, OS_Locator"/>
  </way>
  <way id="114352044" version="2" timestamp="2011-05-21T23:36:07Z" changeset="8211658" uid="105474" user="Miked29">
    <nd ref="1295500001"/>
    <nd ref="1295500043"/>
    <tag k="highway" v="residential"/>
    <tag k="name" v="Ascot Drive"/>
    <tag k="source" v="Bing, OS_Locator"/>
  </way>
  <way id="114352047" version="2" timestamp="2011-05-21T23:36:03Z" changeset="8211658" uid="105474" user="Miked29">
    <nd ref="1295500020"/>
    <nd ref="1295499952"/>
    <tag k="highway" v="residential"/>
    <tag k="name" v="Haydock Close"/>
    <tag k="source" v="Bing, OS_Locator"/>
  </way>
  <way id="114352053" version="2" timestamp="2011-05-21T23:36:09Z" changeset="8211658" uid="105474" user="Miked29">
    <nd ref="1295499971"/>
    <nd ref="1295499923"/>
    <nd ref="1295499896"/>
    <nd ref="1295499904"/>
    <nd ref="1295499871"/>
    <nd ref="1295499962"/>
    <tag k="highway" v="residential"/>
    <tag k="name" v="Epsom Close"/>
    <tag k="source" v="Bing, OS_Locator"/>
  </way>
  <way id="114352062" version="3" timestamp="2020-01-06T11:21:44Z" changeset="79245931" uid="9065" user="brianboru">
    <nd ref="7111965188"/>
    <nd ref="7111965189"/>
    <nd ref="1295500019"/>
    <nd ref="7111965186"/>
    <nd ref="1295499889"/>
    <nd ref="1295499952"/>
    <nd ref="1295499990"/>
    <tag k="highway" v="residential"/>
    <tag k="name" v="Haydock Close"/>
    <tag k="source" v="Bing, OS_Locator"/>
  </way>
  <way id="114352070" version="3" timestamp="2020-01-06T10:53:18Z" changeset="79244521" uid="9065" user="brianboru">
    <nd ref="1295499942"/>
    <nd ref="7111902246"/>
    <nd ref="7111902260"/>
    <nd ref="1295500037"/>
    <nd ref="7111902258"/>
    <nd ref="7111902259"/>
    <nd ref="7111902256"/>
    <nd ref="1295500006"/>
    <nd ref="7111902255"/>
    <nd ref="1295499879"/>
    <nd ref="7111902253"/>
    <nd ref="7111902254"/>
    <nd ref="7111902252"/>
    <nd ref="7111902251"/>
    <nd ref="1295499856"/>
    <tag k="highway" v="residential"/>
    <tag k="name" v="Ascot Drive"/>
    <tag k="source" v="Bing, OS_Locator"/>
  </way>
  <way id="114352077" version="3" timestamp="2020-01-06T10:53:18Z" changeset="79244521" uid="9065" user="brianboru">
    <nd ref="1295500027"/>
    <nd ref="1295499984"/>
    <nd ref="1295499871"/>
    <tag k="highway" v="residential"/>
    <tag k="name" v="Epsom Close"/>
    <tag k="source" v="Bing, OS_Locator"/>
  </way>
  <way id="114353380" version="2" timestamp="2020-01-06T10:53:18Z" changeset="79244521" uid="9065" user="brianboru">
    <nd ref="1295500035"/>
    <nd ref="7111902249"/>
    <nd ref="7111902248"/>
    <nd ref="1295499903"/>
    <nd ref="1295499877"/>
    <nd ref="1295499939"/>
    <nd ref="1295499913"/>
    <nd ref="1295500001"/>
    <nd ref="1295499953"/>
    <nd ref="1295499852"/>
    <nd ref="1295500020"/>
    <nd ref="1295499890"/>
    <nd ref="7111902261"/>
    <nd ref="7111902262"/>
    <nd ref="1295499865"/>
    <nd ref="7111902263"/>
    <nd ref="1295499926"/>
    <nd ref="7111902264"/>
    <nd ref="1295499899"/>
    <nd ref="1295499971"/>
    <nd ref="1295499935"/>
    <nd ref="1295500030"/>
    <nd ref="7111902257"/>
    <nd ref="1295500037"/>
    <tag k="highway" v="residential"/>
    <tag k="name" v="Ascot Drive"/>
    <tag k="source" v="Bing, OS_Locator"/>
  </way>
  <way id="115618444" version="4" timestamp="2020-03-18T10:22:27Z" changeset="82342886" uid="10455633" user="tnayini">
    <nd ref="31199801"/>
    <nd ref="3146361753"/>
    <nd ref="1305755616"/>
    <nd ref="7305603908"/>
    <nd ref="1305755618"/>
    <nd ref="1561114142"/>
    <tag k="highway" v="residential"/>
    <tag k="name" v="Cliff Hall Lane"/>
    <tag k="source" v="Bing, OS_Locator"/>
  </way>
  <way id="115625924" version="17" timestamp="2020-10-21T01:58:54Z" changeset="92795539" uid="9196107" user="bashwith">
    <nd ref="31199810"/>
    <nd ref="1561113428"/>
    <nd ref="7111906119"/>
    <nd ref="7111906118"/>
    <nd ref="2321964188"/>
    <nd ref="7111906117"/>
    <nd ref="31199809"/>
    <nd ref="2321964180"/>
    <nd ref="31199808"/>
    <nd ref="1547036894"/>
    <nd ref="687736372"/>
    <nd ref="1561114108"/>
    <nd ref="31199807"/>
    <nd ref="2321952781"/>
    <nd ref="2321952779"/>
    <nd ref="31199806"/>
    <nd ref="2321964148"/>
    <nd ref="2321952774"/>
    <nd ref="2321952772"/>
    <nd ref="2321952770"/>
    <nd ref="31199804"/>
    <nd ref="2321952768"/>
    <nd ref="31199805"/>
    <nd ref="2321952766"/>
    <nd ref="2321952762"/>
    <nd ref="31199803"/>
    <nd ref="1313973612"/>
    <nd ref="31199802"/>
    <nd ref="1305755617"/>
    <nd ref="7993415355"/>
    <nd ref="7993415356"/>
    <nd ref="31199801"/>
    <nd ref="2321964119"/>
    <nd ref="3146361751"/>
    <nd ref="2321964114"/>
    <nd ref="8026713473"/>
    <nd ref="3146361750"/>
    <nd ref="31199800"/>
    <nd ref="2321964111"/>
    <nd ref="2321964109"/>
    <nd ref="3123233747"/>
    <nd ref="31199799"/>
    <tag k="DfT_AADF" v="10059"/>
    <tag k="DfT_AADF_bus" v="77"/>
    <tag k="DfT_AADF_car" v="8293"/>
    <tag k="DfT_AADF_hgv" v="378"/>
    <tag k="DfT_AADF_lgv" v="1191"/>
    <tag k="DfT_AADF_year" v="2013"/>
    <tag k="DfT_traffic_counter_ref" v="8522"/>
    <tag k="cycleway:both" v="no"/>
    <tag k="gritting" v="priority_1"/>
    <tag k="gritting_depot" v="Coleshill Heath Road"/>
    <tag k="gritting_operator" v="Warwickshire County Council"/>
    <tag k="gritting_route_ref" v="1"/>
    <tag k="gritting_route_revision" v="201110"/>
    <tag k="highway" v="primary"/>
    <tag k="maintenance" v="gritting"/>
    <tag k="maxspeed" v="50 mph"/>
    <tag k="maxspeed:type" v="sign"/>
    <tag k="name" v="Tamworth Road"/>
    <tag k="ref" v="A51"/>
    <tag k="surface" v="asphalt"/>
  </way>
  <way id="116532205" version="2" timestamp="2018-05-23T15:28:34Z" changeset="59215390" uid="9065" user="brianboru">
    <nd ref="1208367924"/>
    <nd ref="5637864211"/>
    <tag k="highway" v="residential"/>
    <tag k="name" v="Church Close"/>
  </way>
  <way id="116582458" version="3" timestamp="2018-12-02T14:18:14Z" changeset="65096486" uid="242345" user="confusedbuffalo">
    <nd ref="1313973671"/>
    <nd ref="1313973606"/>
    <nd ref="1313973675"/>
    <nd ref="1313973532"/>
    <nd ref="1313973671"/>
    <tag k="addr:city" v="Tamworth"/>
    <tag k="addr:housename" v="Cliff Lakes"/>
    <tag k="addr:postcode" v="B78 2DL"/>
    <tag k="addr:street" v="Tamworth Road"/>
    <tag k="building" v="yes"/>
    <tag k="building:levels" v="1"/>
    <tag k="email" v="info@clifflakes.com"/>
    <tag k="name" v="West Midlands Water Ski Center"/>
    <tag k="phone" v="+44 7588 395792"/>
    <tag k="website" v="https://www.clifflakes.org/"/>
    <tag k="wheelchair" v="yes"/>
  </way>
  <way id="131317502" version="3" timestamp="2024-12-31T16:01:05Z" changeset="160839203" uid="13078383" user="Keith Barnett">
    <nd ref="1445498421"/>
    <nd ref="391748386"/>
    <nd ref="3126852148"/>
    <nd ref="1445498362"/>
    <nd ref="1445498342"/>
    <nd ref="1445498426"/>
    <nd ref="391748387"/>
    <tag k="highway" v="residential"/>
    <tag k="name" v="Piccadilly"/>
    <tag k="sidewalk" v="both"/>
  </way>
  <way id="131340369" version="5" timestamp="2017-04-08T18:41:56Z" changeset="47575693" uid="133272" user="wongataa">
    <nd ref="427910148"/>
    <nd ref="4783367467"/>
    <tag k="DfT_AADF" v="10059"/>
    <tag k="DfT_AADF_bus" v="77"/>
    <tag k="DfT_AADF_car" v="8293"/>
    <tag k="DfT_AADF_hgv" v="378"/>
    <tag k="DfT_AADF_lgv" v="1191"/>
    <tag k="DfT_AADF_year" v="2013"/>
    <tag k="DfT_traffic_counter_ref" v="8522"/>
    <tag k="gritting" v="priority_1"/>
    <tag k="gritting_depot" v="Coleshill Heath Road"/>
    <tag k="gritting_operator" v="Warwickshire County Council"/>
    <tag k="gritting_route_ref" v="1"/>
    <tag k="gritting_route_revision" v="201110"/>
    <tag k="highway" v="primary"/>
    <tag k="maintenance" v="gritting"/>
    <tag k="maxspeed" v="30 mph"/>
    <tag k="name" v="Tamworth Road"/>
    <tag k="ref" v="A51"/>
  </way>
  <way id="131340371" version="5" timestamp="2024-06-30T16:58:31Z" changeset="153375996" uid="13078383" user="Keith Barnett">
    <nd ref="251326794"/>
    <nd ref="251326795"/>
    <nd ref="2595672190"/>
    <nd ref="251326796"/>
    <nd ref="251326797"/>
    <nd ref="251326798"/>
    <tag k="highway" v="unclassified"/>
    <tag k="name" v="Tamworth Road"/>
    <tag k="oneway" v="yes"/>
    <tag k="surface" v="asphalt"/>
  </way>
  <way id="131340664" version="5" timestamp="2020-05-01T13:17:05Z" changeset="84472291" uid="6095563" user="Don Dapper">
    <nd ref="427920507"/>
    <nd ref="4668391271"/>
    <nd ref="4668391273"/>
    <nd ref="6538685793"/>
    <nd ref="427920509"/>
    <tag k="gritting" v="priority_1"/>
    <tag k="gritting_depot" v="Coleshill Heath Road"/>
    <tag k="gritting_operator" v="Warwickshire County Council"/>
    <tag k="gritting_route_ref" v="2"/>
    <tag k="gritting_route_revision" v="201105"/>
    <tag k="highway" v="tertiary"/>
    <tag k="maintenance" v="gritting"/>
    <tag k="name" v="Knowle Hill"/>
  </way>
  <way id="131340665" version="5" timestamp="2020-05-01T13:17:05Z" changeset="84472291" uid="6095563" user="Don Dapper">
    <nd ref="427920509"/>
    <nd ref="98101543"/>
    <tag k="gritting" v="priority_1"/>
    <tag k="gritting_depot" v="Coleshill Heath Road"/>
    <tag k="gritting_operator" v="Warwickshire County Council"/>
    <tag k="gritting_route_ref" v="2"/>
    <tag k="gritting_route_revision" v="201105"/>
    <tag k="highway" v="tertiary"/>
    <tag k="maintenance" v="gritting"/>
    <tag k="name" v="Knowle Hill"/>
  </way>
  <way id="135033234" version="5" timestamp="2015-05-15T11:53:53Z" changeset="31169846" uid="14754" user="OFE">
    <nd ref="1483523543"/>
    <nd ref="1483523524"/>
    <nd ref="1483523533"/>
    <nd ref="1483523492"/>
    <nd ref="3517410123"/>
    <nd ref="3517410131"/>
    <nd ref="3519292293"/>
    <nd ref="3517410119"/>
    <nd ref="3517410113"/>
    <nd ref="3517410110"/>
    <nd ref="3517410108"/>
    <nd ref="3517410098"/>
    <nd ref="3517410097"/>
    <nd ref="3517410094"/>
    <nd ref="3517409788"/>
    <nd ref="1483523519"/>
    <nd ref="3517409784"/>
    <nd ref="1483523530"/>
    <nd ref="3517409783"/>
    <nd ref="3517409773"/>
    <nd ref="3517409775"/>
    <nd ref="3517409770"/>
    <nd ref="3517409760"/>
    <nd ref="3517409765"/>
    <nd ref="3517409761"/>
    <nd ref="1483523529"/>
    <nd ref="1483523471"/>
    <nd ref="1483523504"/>
    <nd ref="1483523481"/>
    <nd ref="1483523494"/>
    <nd ref="1483523542"/>
    <nd ref="1483523543"/>
    <tag k="building" v="retail"/>
    <tag k="name" v="Planter's Garden Centre"/>
    <tag k="shop" v="garden_centre"/>
  </way>
  <way id="135119895" version="4" timestamp="2020-09-26T18:38:24Z" changeset="91560856" uid="498071" user="BabBabBabBab">
    <nd ref="1484206888"/>
    <nd ref="7945896952"/>
    <nd ref="1484206903"/>
    <nd ref="1484206927"/>
    <nd ref="2296679452"/>
    <nd ref="1484206905"/>
    <nd ref="1484206904"/>
    <nd ref="1484206884"/>
    <tag k="highway" v="unclassified"/>
  </way>
  <way id="135119900" version="2" timestamp="2012-02-20T20:45:26Z" changeset="10744684" uid="498071" user="BabBabBabBab">
    <nd ref="1484206884"/>
    <nd ref="1484206912"/>
    <tag k="bridge" v="yes"/>
    <tag k="highway" v="unclassified"/>
    <tag k="layer" v="1"/>
  </way>
  <way id="135168368" version="13" timestamp="2023-03-13T21:19:20Z" changeset="133642198" uid="5589" user="user_5589">
    <nd ref="1484679730"/>
    <nd ref="217019"/>
    <nd ref="3123233790"/>
    <nd ref="217018"/>
    <nd ref="7952384426"/>
    <tag k="bicycle" v="no"/>
    <tag k="carriageway_ref" v="A"/>
    <tag k="foot" v="no"/>
    <tag k="highway" v="motorway"/>
    <tag k="lanes" v="2"/>
    <tag k="lit" v="no"/>
    <tag k="maxspeed" v="70 mph"/>
    <tag k="maxspeed:type" v="GB:motorway"/>
    <tag k="national_highways:area" v="9"/>
    <tag k="oneway" v="yes"/>
    <tag k="operator" v="National Highways"/>
    <tag k="operator:wikidata" v="Q5760006"/>
    <tag k="parking:both" v="no"/>
    <tag k="parking:both:restriction" v="no_stopping"/>
    <tag k="ref" v="M42"/>
    <tag k="surface" v="asphalt"/>
  </way>
  <way id="135168371" version="11" timestamp="2023-03-13T21:19:20Z" changeset="133642198" uid="5589" user="user_5589">
    <nd ref="1484679705"/>
    <nd ref="1484679730"/>
    <tag k="bicycle" v="no"/>
    <tag k="bridge" v="yes"/>
    <tag k="carriageway_ref" v="A"/>
    <tag k="foot" v="no"/>
    <tag k="highway" v="motorway"/>
    <tag k="lanes" v="2"/>
    <tag k="layer" v="1"/>
    <tag k="lit" v="no"/>
    <tag k="maxspeed" v="70 mph"/>
    <tag k="maxspeed:type" v="GB:motorway"/>
    <tag k="national_highways:area" v="9"/>
    <tag k="oneway" v="yes"/>
    <tag k="operator" v="National Highways"/>
    <tag k="operator:wikidata" v="Q5760006"/>
    <tag k="parking:both" v="no"/>
    <tag k="parking:both:restriction" v="no_stopping"/>
    <tag k="ref" v="M42"/>
    <tag k="surface" v="asphalt"/>
  </way>
  <way id="135168372" version="11" timestamp="2023-03-13T21:19:20Z" changeset="133642198" uid="5589" user="user_5589">
    <nd ref="21422711"/>
    <nd ref="1484679693"/>
    <tag k="bicycle" v="no"/>
    <tag k="bridge" v="yes"/>
    <tag k="carriageway_ref" v="B"/>
    <tag k="foot" v="no"/>
    <tag k="highway" v="motorway"/>
    <tag k="lanes" v="2"/>
    <tag k="layer" v="1"/>
    <tag k="lit" v="no"/>
    <tag k="maxspeed" v="70 mph"/>
    <tag k="maxspeed:type" v="GB:motorway"/>
    <tag k="national_highways:area" v="9"/>
    <tag k="oneway" v="yes"/>
    <tag k="operator" v="National Highways"/>
    <tag k="operator:wikidata" v="Q5760006"/>
    <tag k="parking:both" v="no"/>
    <tag k="parking:both:restriction" v="no_stopping"/>
    <tag k="ref" v="M42"/>
    <tag k="surface" v="concrete"/>
  </way>
  <way id="135168375" version="15" timestamp="2023-03-13T21:07:06Z" changeset="133641799" uid="5589" user="user_5589">
    <nd ref="1484679693"/>
    <nd ref="21422710"/>
    <nd ref="3123233750"/>
    <nd ref="21422705"/>
    <nd ref="21422706"/>
    <nd ref="3123233734"/>
    <nd ref="21422707"/>
    <nd ref="3123233731"/>
    <nd ref="21422708"/>
    <nd ref="1641071376"/>
    <nd ref="1641071358"/>
    <tag k="bicycle" v="no"/>
    <tag k="carriageway_ref" v="B"/>
    <tag k="foot" v="no"/>
    <tag k="highway" v="motorway"/>
    <tag k="lanes" v="2"/>
    <tag k="lit" v="no"/>
    <tag k="maxheight" v="default"/>
    <tag k="maxspeed" v="70 mph"/>
    <tag k="maxspeed:type" v="GB:motorway"/>
    <tag k="national_highways:area" v="9"/>
    <tag k="oneway" v="yes"/>
    <tag k="operator" v="National Highways"/>
    <tag k="operator:wikidata" v="Q5760006"/>
    <tag k="parking:both" v="no"/>
    <tag k="parking:both:restriction" v="no_stopping"/>
    <tag k="ref" v="M42"/>
    <tag k="surface" v="concrete"/>
  </way>
  <way id="135173906" version="8" timestamp="2025-07-17T23:27:40Z" changeset="169083589" uid="8857" user="philipcullen">
    <nd ref="1484734390"/>
    <nd ref="1544334360"/>
    <nd ref="2691843503"/>
    <nd ref="2691843515"/>
    <nd ref="2691843524"/>
    <nd ref="2691843507"/>
    <nd ref="1196838641"/>
    <nd ref="1544334358"/>
    <nd ref="1544334356"/>
    <nd ref="1544334355"/>
    <nd ref="1484734390"/>
    <tag k="addr:postcode" v="B76 9JD"/>
    <tag k="addr:street" v="Dog Lane"/>
    <tag k="addr:village" v="Kingsbury"/>
    <tag k="amenity" v="pub"/>
    <tag k="building" v="pub"/>
    <tag k="fhrs:id" v="106052"/>
    <tag k="internet_access" v="wlan"/>
    <tag k="internet_access:fee" v="no"/>
    <tag k="name" v="Dog and Doublet Inn"/>
    <tag k="outdoor_seating" v="yes"/>
    <tag k="ref:GB:uprn" v="100071232611"/>
    <tag k="source:addr" v="FHRS Open Data"/>
  </way>
  <way id="135232406" version="3" timestamp="2014-10-10T22:33:22Z" changeset="25993409" uid="735" user="blackadder">
    <nd ref="1485292174"/>
    <nd ref="1483938683"/>
    <nd ref="1483938756"/>
    <nd ref="3123233824"/>
    <nd ref="1483938666"/>
    <nd ref="3123233821"/>
    <nd ref="1483938659"/>
    <nd ref="3123233813"/>
    <nd ref="1483938715"/>
    <nd ref="1483938702"/>
    <nd ref="1483938749"/>
    <nd ref="1483938622"/>
    <nd ref="1640998828"/>
    <nd ref="1641001184"/>
    <nd ref="3123233880"/>
    <nd ref="1483938730"/>
    <nd ref="3123233901"/>
    <nd ref="1254046910"/>
    <nd ref="3123233917"/>
    <nd ref="1254046906"/>
    <nd ref="3123233942"/>
    <nd ref="3123233951"/>
    <nd ref="1254046914"/>
    <nd ref="3123233957"/>
    <nd ref="3123233963"/>
    <nd ref="1254046919"/>
    <nd ref="3123233980"/>
    <nd ref="3123233993"/>
    <nd ref="1254046915"/>
    <nd ref="2296679500"/>
    <nd ref="1254046912"/>
    <tag k="gritting" v="priority_1"/>
    <tag k="gritting_depot" v="Coleshill Heath Road"/>
    <tag k="gritting_operator" v="Warwickshire County Council"/>
    <tag k="gritting_route_ref" v="1"/>
    <tag k="gritting_route_revision" v="201110"/>
    <tag k="highway" v="unclassified"/>
    <tag k="maintenance" v="gritting"/>
  </way>
  <way id="135232409" version="4" timestamp="2025-01-15T12:44:05Z" changeset="161379570" uid="5229644" user="Nathan_A_RF">
    <nd ref="1485292175"/>
    <nd ref="1485292141"/>
    <tag k="abutters" v="residential"/>
    <tag k="bridge" v="yes"/>
    <tag k="gritting" v="priority_1"/>
    <tag k="gritting_depot" v="Coleshill Heath Road"/>
    <tag k="gritting_operator" v="Warwickshire County Council"/>
    <tag k="gritting_route_ref" v="1"/>
    <tag k="gritting_route_revision" v="201110"/>
    <tag k="highway" v="tertiary"/>
    <tag k="highway_authority_ref" v="C122"/>
    <tag k="layer" v="1"/>
    <tag k="maintenance" v="gritting"/>
    <tag k="maxspeed" v="60 mph"/>
    <tag k="maxspeed:type" v="GB:nsl_single"/>
    <tag k="maxweight" v="7.5"/>
    <tag k="name" v="Trinity Road"/>
  </way>
  <way id="135232410" version="4" timestamp="2025-01-15T12:44:05Z" changeset="161379570" uid="5229644" user="Nathan_A_RF">
    <nd ref="1485292141"/>
    <nd ref="98150318"/>
    <nd ref="1893507463"/>
    <tag k="abutters" v="residential"/>
    <tag k="gritting" v="priority_1"/>
    <tag k="gritting_depot" v="Coleshill Heath Road"/>
    <tag k="gritting_operator" v="Warwickshire County Council"/>
    <tag k="gritting_route_ref" v="1"/>
    <tag k="gritting_route_revision" v="201110"/>
    <tag k="highway" v="tertiary"/>
    <tag k="highway_authority_ref" v="C122"/>
    <tag k="maintenance" v="gritting"/>
    <tag k="maxspeed" v="60 mph"/>
    <tag k="maxspeed:type" v="GB:nsl_single"/>
    <tag k="maxweight" v="7.5"/>
    <tag k="name" v="Trinity Road"/>
  </way>
  <way id="135232477" version="2" timestamp="2014-10-03T13:48:50Z" changeset="25831743" uid="735" user="blackadder">
    <nd ref="1485295024"/>
    <nd ref="1485294983"/>
    <nd ref="1485294993"/>
    <nd ref="3109359416"/>
    <nd ref="1485295095"/>
    <nd ref="1485294994"/>
    <nd ref="1485294950"/>
    <nd ref="1485295024"/>
    <tag k="building" v="retail"/>
    <tag k="name" v="Allens of Kingsbury"/>
    <tag k="shop" v="angling"/>
  </way>
  <way id="135232575" version="2" timestamp="2012-11-26T20:07:22Z" changeset="14049986" uid="705850" user="Cebderby">
    <nd ref="1485309656"/>
    <nd ref="1485309635"/>
    <nd ref="1485309561"/>
    <nd ref="1485309636"/>
    <nd ref="1485309638"/>
    <tag k="highway" v="residential"/>
    <tag k="name" v="Meadow Road"/>
  </way>
  <way id="135232576" version="2" timestamp="2012-11-26T20:07:22Z" changeset="14049986" uid="705850" user="Cebderby">
    <nd ref="1485309633"/>
    <nd ref="1485309635"/>
    <tag k="highway" v="residential"/>
    <tag k="name" v="Edinburgh Road"/>
  </way>
  <way id="135232577" version="2" timestamp="2012-11-26T20:07:22Z" changeset="14049986" uid="705850" user="Cebderby">
    <nd ref="1485309653"/>
    <nd ref="1485309622"/>
    <tag k="highway" v="residential"/>
    <tag k="name" v="Charles Street"/>
  </way>
  <way id="135232578" version="3" timestamp="2014-10-12T21:21:20Z" changeset="26035632" uid="735" user="blackadder">
    <nd ref="1485309599"/>
    <nd ref="3126851953"/>
    <nd ref="3126851954"/>
    <nd ref="1485309583"/>
    <tag k="highway" v="residential"/>
    <tag k="name" v="Lime Grove"/>
  </way>
  <way id="135232580" version="3" timestamp="2014-10-12T21:21:20Z" changeset="26035632" uid="735" user="blackadder">
    <nd ref="2035297599"/>
    <nd ref="1485309581"/>
    <nd ref="3126851991"/>
    <nd ref="3126851993"/>
    <nd ref="2035297617"/>
    <nd ref="1485309641"/>
    <tag k="highway" v="residential"/>
    <tag k="name" v="Orchard Close"/>
  </way>
  <way id="135232581" version="6" timestamp="2024-09-28T10:25:59Z" changeset="157203343" uid="13078383" user="Keith Barnett">
    <nd ref="1485309519"/>
    <nd ref="1485309634"/>
    <nd ref="3126851977"/>
    <tag k="highway" v="residential"/>
    <tag k="lane_markings" v="no"/>
    <tag k="name" v="Woodbridge Park"/>
    <tag k="sidewalk" v="both"/>
    <tag k="surface" v="asphalt"/>
  </way>
  <way id="135232583" version="6" timestamp="2024-09-28T11:16:52Z" changeset="157203293" uid="13078383" user="Keith Barnett">
    <nd ref="3126851967"/>
    <nd ref="3126851965"/>
    <nd ref="3126851963"/>
    <nd ref="3126851962"/>
    <nd ref="3126851961"/>
    <nd ref="1485309600"/>
    <nd ref="3126851952"/>
    <nd ref="3126851934"/>
    <nd ref="1485309640"/>
    <tag k="highway" v="residential"/>
    <tag k="lane_markings" v="no"/>
    <tag k="name" v="Dexter Court"/>
    <tag k="sidewalk" v="right"/>
    <tag k="surface" v="asphalt"/>
  </way>
  <way id="135232584" version="3" timestamp="2014-10-12T21:21:20Z" changeset="26035632" uid="735" user="blackadder">
    <nd ref="1485309542"/>
    <nd ref="3126852017"/>
    <nd ref="3126852018"/>
    <nd ref="3126852016"/>
    <nd ref="1485309596"/>
    <nd ref="3126852015"/>
    <nd ref="3126852006"/>
    <nd ref="3126852005"/>
    <nd ref="1485309564"/>
    <tag k="highway" v="residential"/>
    <tag k="name" v="Marlow Road"/>
  </way>
  <way id="135232585" version="3" timestamp="2014-10-12T21:21:18Z" changeset="26035632" uid="735" user="blackadder">
    <nd ref="1485309541"/>
    <nd ref="3126852029"/>
    <nd ref="1485309521"/>
    <nd ref="3126852031"/>
    <nd ref="1485309552"/>
    <nd ref="3126852030"/>
    <nd ref="3126852028"/>
    <nd ref="3126852027"/>
    <nd ref="1485309654"/>
    <nd ref="1485309535"/>
    <tag k="highway" v="residential"/>
    <tag k="name" v="Hawthorn Avenue"/>
  </way>
  <way id="135232586" version="6" timestamp="2017-02-08T18:20:32Z" changeset="45925940" uid="9065" user="brianboru">
    <nd ref="1485309632"/>
    <nd ref="1485309546"/>
    <nd ref="3126851930"/>
    <nd ref="3126851948"/>
    <nd ref="1485309583"/>
    <nd ref="1485309619"/>
    <nd ref="4668391251"/>
    <nd ref="3126851981"/>
    <nd ref="1485309586"/>
    <nd ref="3126851986"/>
    <nd ref="3126851987"/>
    <nd ref="1485309649"/>
    <nd ref="1485309559"/>
    <nd ref="1485309641"/>
    <nd ref="4675231477"/>
    <nd ref="1485309554"/>
    <nd ref="1485309658"/>
    <nd ref="3126852001"/>
    <nd ref="1485309512"/>
    <nd ref="3126852003"/>
    <nd ref="1485309624"/>
    <nd ref="1485309590"/>
    <nd ref="4668418169"/>
    <nd ref="1485309564"/>
    <nd ref="1485309567"/>
    <nd ref="3126852000"/>
    <nd ref="3126852002"/>
    <nd ref="3126852004"/>
    <nd ref="1485309573"/>
    <tag k="highway" v="residential"/>
    <tag k="name" v="Queens Way"/>
  </way>
  <way id="135232588" version="2" timestamp="2012-11-26T20:07:23Z" changeset="14049986" uid="705850" user="Cebderby">
    <nd ref="1485309508"/>
    <nd ref="1485309624"/>
    <tag k="highway" v="residential"/>
    <tag k="name" v="Cherry Close"/>
  </way>
  <way id="135232589" version="5" timestamp="2024-09-28T11:16:52Z" changeset="157203343" uid="13078383" user="Keith Barnett">
    <nd ref="1485309543"/>
    <nd ref="3126851976"/>
    <nd ref="3126851974"/>
    <nd ref="2035297556"/>
    <nd ref="3126851973"/>
    <nd ref="1485309617"/>
    <nd ref="3126851975"/>
    <nd ref="1485309544"/>
    <nd ref="1485309549"/>
    <nd ref="3126851985"/>
    <nd ref="1485309597"/>
    <tag k="highway" v="residential"/>
    <tag k="lane_markings" v="no"/>
    <tag k="name" v="Elm Grove"/>
    <tag k="surface" v="asphalt"/>
  </way>
  <way id="141077115" version="2" timestamp="2025-07-17T23:27:40Z" changeset="169083589" uid="8857" user="philipcullen">
    <nd ref="1544334228"/>
    <nd ref="1544334244"/>
    <nd ref="1544334222"/>
    <nd ref="1544334215"/>
    <nd ref="1544334210"/>
    <nd ref="1544334219"/>
    <nd ref="1544334212"/>
    <nd ref="1544334225"/>
    <nd ref="1544334221"/>
    <nd ref="1544334232"/>
    <nd ref="1544334266"/>
    <nd ref="1544334242"/>
    <nd ref="1544334251"/>
    <nd ref="1544334261"/>
    <nd ref="1544334287"/>
    <nd ref="1544334304"/>
    <nd ref="1544334292"/>
    <nd ref="1544334305"/>
    <nd ref="1544334302"/>
    <nd ref="1544334299"/>
    <nd ref="1544334275"/>
    <nd ref="1544334277"/>
    <nd ref="1544334270"/>
    <nd ref="1544334280"/>
    <nd ref="1544334268"/>
    <nd ref="1544334279"/>
    <nd ref="1544334259"/>
    <nd ref="1544334257"/>
    <nd ref="1544334247"/>
    <nd ref="1544334197"/>
    <nd ref="1544334194"/>
    <nd ref="1544334187"/>
    <nd ref="1544334190"/>
    <nd ref="1544334176"/>
    <nd ref="1544334189"/>
    <nd ref="1544334181"/>
    <nd ref="1544334185"/>
    <nd ref="1544334166"/>
    <nd ref="1544334228"/>
    <tag k="amenity" v="restaurant"/>
    <tag k="building" v="hotel"/>
    <tag k="name" v="Marston Farm"/>
    <tag k="ref:GB:uprn" v="10001172113"/>
    <tag k="tourism" v="hotel"/>
  </way>
  <way id="141077118" version="5" timestamp="2022-10-09T13:29:31Z" changeset="127248722" uid="139424" user="pigsonthewing">
    <nd ref="1544334342"/>
    <nd ref="2305050276"/>
    <nd ref="278194"/>
    <nd ref="278195"/>
    <nd ref="2305050281"/>
    <nd ref="1544334347"/>
    <nd ref="278108"/>
    <nd ref="1544334349"/>
    <nd ref="278107"/>
    <nd ref="278106"/>
    <nd ref="278105"/>
    <nd ref="2305050295"/>
    <nd ref="2305050297"/>
    <nd ref="2305050300"/>
    <nd ref="2305050305"/>
    <nd ref="1196838645"/>
    <nd ref="2691843533"/>
    <nd ref="2305050309"/>
    <nd ref="1991627836"/>
    <nd ref="1991627859"/>
    <nd ref="278102"/>
    <nd ref="2691843597"/>
    <nd ref="1544334378"/>
    <nd ref="1544334384"/>
    <nd ref="270032"/>
    <tag k="cycleway:both" v="no"/>
    <tag k="highway" v="unclassified"/>
    <tag k="lane_markings" v="no"/>
    <tag k="surface" v="asphalt"/>
  </way>
  <way id="141323144" version="4" timestamp="2020-10-09T17:28:49Z" changeset="92249306" uid="10252543" user="srikmar">
    <nd ref="1547036894"/>
    <nd ref="1547036891"/>
    <nd ref="1547036901"/>
    <nd ref="1547036907"/>
    <nd ref="7325151819"/>
    <nd ref="7992897493"/>
    <nd ref="1484206987"/>
    <nd ref="1547036931"/>
    <nd ref="1547036940"/>
    <nd ref="4569475193"/>
    <nd ref="1547036948"/>
    <nd ref="1547036950"/>
    <nd ref="1547036957"/>
    <nd ref="1547036961"/>
    <nd ref="1547036965"/>
    <nd ref="1547036968"/>
    <nd ref="1547036977"/>
    <nd ref="1547036979"/>
    <nd ref="1547036982"/>
    <nd ref="1547036983"/>
    <nd ref="1547036986"/>
    <nd ref="1547036988"/>
    <nd ref="1547036990"/>
    <nd ref="1547037016"/>
    <nd ref="1547037031"/>
    <tag k="highway" v="unclassified"/>
    <tag k="name" v="Rush Lane"/>
    <tag k="source" v="BING &amp; StreetView"/>
  </way>
  <way id="141323145" version="2" timestamp="2016-08-21T18:52:29Z" changeset="41599525" uid="735" user="blackadder">
    <nd ref="1547037033"/>
    <nd ref="1547037035"/>
    <nd ref="1547037038"/>
    <nd ref="1547037039"/>
    <nd ref="1547037041"/>
    <nd ref="1547037040"/>
    <nd ref="1547037037"/>
    <nd ref="1547037034"/>
    <nd ref="1547037029"/>
    <nd ref="1547037012"/>
    <nd ref="1547037015"/>
    <nd ref="1547037022"/>
    <nd ref="1547037030"/>
    <nd ref="1547037027"/>
    <nd ref="1547037025"/>
    <nd ref="1547037024"/>
    <nd ref="1547037026"/>
    <nd ref="1547037019"/>
    <nd ref="1547037021"/>
    <nd ref="1547037018"/>
    <nd ref="1547037014"/>
    <nd ref="1547037011"/>
    <nd ref="1547037010"/>
    <nd ref="1547037008"/>
    <nd ref="1547037003"/>
    <nd ref="4360450733"/>
    <nd ref="1547037000"/>
    <nd ref="1547036996"/>
    <nd ref="1547036992"/>
    <nd ref="4360450730"/>
    <nd ref="4360450729"/>
    <nd ref="1547036991"/>
    <nd ref="1547036993"/>
    <nd ref="1547036995"/>
    <nd ref="1547036999"/>
    <nd ref="1547037007"/>
    <tag k="highway" v="unclassified"/>
    <tag k="name" v="Rush Lane"/>
    <tag k="source" v="BING &amp; StreetView"/>
  </way>
  <way id="141323146" version="5" timestamp="2025-09-16T09:13:22Z" changeset="172003140" uid="3951648" user="rskedgell">
    <nd ref="60330698"/>
    <nd ref="1547037067"/>
    <nd ref="1547037066"/>
    <nd ref="1547037063"/>
    <nd ref="1547037062"/>
    <nd ref="1547037061"/>
    <nd ref="1547037060"/>
    <nd ref="1547037059"/>
    <nd ref="1547037058"/>
    <nd ref="1547037057"/>
    <nd ref="1547037056"/>
    <nd ref="7963138568"/>
    <nd ref="1547037055"/>
    <nd ref="1547037052"/>
    <nd ref="1547037051"/>
    <nd ref="1547037050"/>
    <nd ref="5843283935"/>
    <nd ref="1547037049"/>
    <nd ref="1547037048"/>
    <nd ref="1547037047"/>
    <nd ref="1547037046"/>
    <nd ref="1547037044"/>
    <nd ref="1547037043"/>
    <nd ref="4360450735"/>
    <nd ref="4360450734"/>
    <nd ref="1547037007"/>
    <nd ref="1547037004"/>
    <nd ref="5843283887"/>
    <nd ref="1547037005"/>
    <nd ref="4360450732"/>
    <nd ref="1547037001"/>
    <nd ref="1547036998"/>
    <nd ref="4360450731"/>
    <nd ref="1547036989"/>
    <nd ref="1547036984"/>
    <nd ref="1547036980"/>
    <nd ref="1547036978"/>
    <nd ref="4360450725"/>
    <nd ref="4360450722"/>
    <nd ref="1547036976"/>
    <tag k="highway" v="unclassified"/>
    <tag k="name" v="Whateley Lane"/>
    <tag k="postal_code" v="B78"/>
    <tag k="ref:GB:usrn" v="28400961;83603761"/>
  </way>
  <way id="141323147" version="8" timestamp="2025-09-16T09:13:22Z" changeset="172003140" uid="3951648" user="rskedgell">
    <nd ref="1547036976"/>
    <nd ref="4360450721"/>
    <nd ref="1547036974"/>
    <nd ref="4360450720"/>
    <nd ref="4360450719"/>
    <nd ref="1547036971"/>
    <nd ref="1547036966"/>
    <nd ref="1547036964"/>
    <nd ref="1547036959"/>
    <nd ref="5843302172"/>
    <nd ref="1547036958"/>
    <nd ref="1547036952"/>
    <nd ref="4360450718"/>
    <nd ref="4360450717"/>
    <nd ref="1547036937"/>
    <nd ref="1547036936"/>
    <nd ref="1547036941"/>
    <nd ref="2302685364"/>
    <nd ref="1547036938"/>
    <nd ref="7990282668"/>
    <nd ref="1547036930"/>
    <nd ref="1547036925"/>
    <nd ref="7990282669"/>
    <nd ref="1547036912"/>
    <nd ref="603363867"/>
    <nd ref="603363865"/>
    <tag k="highway" v="unclassified"/>
    <tag k="name" v="Whateley Lane"/>
    <tag k="postal_code" v="B78"/>
    <tag k="ref:GB:usrn" v="28400961;83603761"/>
  </way>
  <way id="141323148" version="2" timestamp="2025-09-16T09:13:22Z" changeset="172003140" uid="3951648" user="rskedgell">
    <nd ref="1547036976"/>
    <nd ref="1547036972"/>
    <nd ref="1547036970"/>
    <nd ref="1547036967"/>
    <nd ref="1547036960"/>
    <nd ref="1547036955"/>
    <nd ref="1547036944"/>
    <nd ref="1547036942"/>
    <nd ref="1547036935"/>
    <nd ref="1547036924"/>
    <nd ref="1547036918"/>
    <nd ref="1547036910"/>
    <nd ref="1547036909"/>
    <nd ref="1547036905"/>
    <nd ref="1547036895"/>
    <nd ref="1547036890"/>
    <nd ref="1547036889"/>
    <nd ref="1547036887"/>
    <nd ref="1547036911"/>
    <nd ref="1547036913"/>
    <nd ref="1547036920"/>
    <nd ref="1547036928"/>
    <nd ref="1547036929"/>
    <nd ref="1547036932"/>
    <nd ref="1547036937"/>
    <tag k="highway" v="unclassified"/>
    <tag k="name" v="Whateley Lane"/>
    <tag k="postal_code" v="B78"/>
    <tag k="ref:GB:usrn" v="28400053;83600326"/>
    <tag k="source:name" v="OS Open Roads"/>
  </way>
  <way id="142662442" version="3" timestamp="2013-12-26T18:41:18Z" changeset="19649056" uid="24119" user="Mauls">
    <nd ref="1561113382"/>
    <nd ref="1659013052"/>
    <nd ref="1561113428"/>
    <tag k="highway" v="unclassified"/>
  </way>
  <way id="151287218" version="13" timestamp="2023-03-13T21:07:06Z" changeset="133641799" uid="5589" user="user_5589">
    <nd ref="21422709"/>
    <nd ref="1641071330"/>
    <tag k="bicycle" v="no"/>
    <tag k="bridge" v="yes"/>
    <tag k="carriageway_ref" v="B"/>
    <tag k="foot" v="no"/>
    <tag k="highway" v="motorway"/>
    <tag k="lanes" v="2"/>
    <tag k="lit" v="no"/>
    <tag k="maxspeed" v="70 mph"/>
    <tag k="maxspeed:type" v="GB:motorway"/>
    <tag k="national_highways:area" v="9"/>
    <tag k="oneway" v="yes"/>
    <tag k="operator" v="National Highways"/>
    <tag k="operator:wikidata" v="Q5760006"/>
    <tag k="parking:both" v="no"/>
    <tag k="parking:both:restriction" v="no_stopping"/>
    <tag k="ref" v="M42"/>
    <tag k="surface" v="concrete"/>
  </way>
  <way id="151287228" version="11" timestamp="2023-03-13T21:07:06Z" changeset="133641799" uid="5589" user="user_5589">
    <nd ref="1641071358"/>
    <nd ref="1641071334"/>
    <tag k="bicycle" v="no"/>
    <tag k="bridge" v="yes"/>
    <tag k="carriageway_ref" v="B"/>
    <tag k="foot" v="no"/>
    <tag k="highway" v="motorway"/>
    <tag k="lanes" v="2"/>
    <tag k="layer" v="1"/>
    <tag k="lit" v="no"/>
    <tag k="maxspeed" v="70 mph"/>
    <tag k="maxspeed:type" v="GB:motorway"/>
    <tag k="national_highways:area" v="9"/>
    <tag k="oneway" v="yes"/>
    <tag k="operator" v="National Highways"/>
    <tag k="operator:wikidata" v="Q5760006"/>
    <tag k="parking:both" v="no"/>
    <tag k="parking:both:restriction" v="no_stopping"/>
    <tag k="ref" v="M42"/>
    <tag k="surface" v="concrete"/>
  </way>
  <way id="151287230" version="15" timestamp="2023-03-13T21:07:06Z" changeset="133641799" uid="5589" user="user_5589">
    <nd ref="1641071360"/>
    <nd ref="1641071361"/>
    <nd ref="222853"/>
    <nd ref="222852"/>
    <nd ref="3146361741"/>
    <nd ref="21422704"/>
    <nd ref="222851"/>
    <nd ref="3123233751"/>
    <nd ref="217020"/>
    <nd ref="1484679705"/>
    <tag k="bicycle" v="no"/>
    <tag k="carriageway_ref" v="A"/>
    <tag k="foot" v="no"/>
    <tag k="highway" v="motorway"/>
    <tag k="lanes" v="2"/>
    <tag k="lit" v="no"/>
    <tag k="maxheight" v="default"/>
    <tag k="maxspeed" v="70 mph"/>
    <tag k="maxspeed:type" v="GB:motorway"/>
    <tag k="national_highways:area" v="9"/>
    <tag k="oneway" v="yes"/>
    <tag k="operator" v="National Highways"/>
    <tag k="operator:wikidata" v="Q5760006"/>
    <tag k="parking:both" v="no"/>
    <tag k="parking:both:restriction" v="no_stopping"/>
    <tag k="ref" v="M42"/>
    <tag k="surface" v="asphalt"/>
  </way>
  <way id="151287245" version="11" timestamp="2023-03-13T21:07:06Z" changeset="133641799" uid="5589" user="user_5589">
    <nd ref="1641071368"/>
    <nd ref="1641071360"/>
    <tag k="bicycle" v="no"/>
    <tag k="bridge" v="yes"/>
    <tag k="carriageway_ref" v="A"/>
    <tag k="foot" v="no"/>
    <tag k="highway" v="motorway"/>
    <tag k="lanes" v="2"/>
    <tag k="layer" v="1"/>
    <tag k="lit" v="no"/>
    <tag k="maxspeed" v="70 mph"/>
    <tag k="maxspeed:type" v="GB:motorway"/>
    <tag k="national_highways:area" v="9"/>
    <tag k="oneway" v="yes"/>
    <tag k="operator" v="National Highways"/>
    <tag k="operator:wikidata" v="Q5760006"/>
    <tag k="parking:both" v="no"/>
    <tag k="parking:both:restriction" v="no_stopping"/>
    <tag k="ref" v="M42"/>
    <tag k="surface" v="asphalt"/>
  </way>
  <way id="151287246" version="11" timestamp="2023-03-13T21:07:06Z" changeset="133641799" uid="5589" user="user_5589">
    <nd ref="1641071334"/>
    <nd ref="21422709"/>
    <tag k="bicycle" v="no"/>
    <tag k="carriageway_ref" v="B"/>
    <tag k="foot" v="no"/>
    <tag k="highway" v="motorway"/>
    <tag k="lanes" v="2"/>
    <tag k="lit" v="no"/>
    <tag k="maxspeed" v="70 mph"/>
    <tag k="maxspeed:type" v="GB:motorway"/>
    <tag k="national_highways:area" v="9"/>
    <tag k="oneway" v="yes"/>
    <tag k="operator" v="National Highways"/>
    <tag k="operator:wikidata" v="Q5760006"/>
    <tag k="parking:both" v="no"/>
    <tag k="parking:both:restriction" v="no_stopping"/>
    <tag k="ref" v="M42"/>
    <tag k="surface" v="concrete"/>
  </way>
  <way id="151287258" version="13" timestamp="2023-03-13T21:07:06Z" changeset="133641799" uid="5589" user="user_5589">
    <nd ref="1641071327"/>
    <nd ref="21422703"/>
    <tag k="bicycle" v="no"/>
    <tag k="bridge" v="yes"/>
    <tag k="carriageway_ref" v="A"/>
    <tag k="foot" v="no"/>
    <tag k="highway" v="motorway"/>
    <tag k="lanes" v="2"/>
    <tag k="lit" v="no"/>
    <tag k="maxspeed" v="70 mph"/>
    <tag k="maxspeed:type" v="GB:motorway"/>
    <tag k="national_highways:area" v="9"/>
    <tag k="oneway" v="yes"/>
    <tag k="operator" v="National Highways"/>
    <tag k="operator:wikidata" v="Q5760006"/>
    <tag k="parking:both" v="no"/>
    <tag k="parking:both:restriction" v="no_stopping"/>
    <tag k="ref" v="M42"/>
    <tag k="surface" v="asphalt"/>
  </way>
  <way id="151287260" version="11" timestamp="2023-03-13T21:07:06Z" changeset="133641799" uid="5589" user="user_5589">
    <nd ref="21422703"/>
    <nd ref="1641071368"/>
    <tag k="bicycle" v="no"/>
    <tag k="carriageway_ref" v="A"/>
    <tag k="foot" v="no"/>
    <tag k="highway" v="motorway"/>
    <tag k="lanes" v="2"/>
    <tag k="lit" v="no"/>
    <tag k="maxspeed" v="70 mph"/>
    <tag k="maxspeed:type" v="GB:motorway"/>
    <tag k="national_highways:area" v="9"/>
    <tag k="oneway" v="yes"/>
    <tag k="operator" v="National Highways"/>
    <tag k="operator:wikidata" v="Q5760006"/>
    <tag k="parking:both" v="no"/>
    <tag k="parking:both:restriction" v="no_stopping"/>
    <tag k="ref" v="M42"/>
    <tag k="surface" v="asphalt"/>
  </way>
  <way id="151287271" version="13" timestamp="2023-03-13T21:07:06Z" changeset="133641799" uid="5589" user="user_5589">
    <nd ref="1641071330"/>
    <nd ref="21422702"/>
    <nd ref="2594051715"/>
    <nd ref="2594051805"/>
    <nd ref="21422701"/>
    <nd ref="21422700"/>
    <nd ref="21422699"/>
    <nd ref="427927679"/>
    <nd ref="21422698"/>
    <nd ref="427927680"/>
    <nd ref="21422697"/>
    <nd ref="21422696"/>
    <nd ref="1303316039"/>
    <nd ref="21422695"/>
    <nd ref="14376427"/>
    <nd ref="14376426"/>
    <nd ref="14376408"/>
    <tag k="bicycle" v="no"/>
    <tag k="carriageway_ref" v="B"/>
    <tag k="foot" v="no"/>
    <tag k="highway" v="motorway"/>
    <tag k="lanes" v="2"/>
    <tag k="lit" v="no"/>
    <tag k="maxheight" v="default"/>
    <tag k="maxspeed" v="70 mph"/>
    <tag k="maxspeed:type" v="GB:motorway"/>
    <tag k="national_highways:area" v="9"/>
    <tag k="oneway" v="yes"/>
    <tag k="operator" v="National Highways"/>
    <tag k="operator:wikidata" v="Q5760006"/>
    <tag k="parking:both" v="no"/>
    <tag k="parking:both:restriction" v="no_stopping"/>
    <tag k="ref" v="M42"/>
    <tag k="surface" v="concrete"/>
  </way>
  <way id="179010522" version="3" timestamp="2025-01-15T12:44:05Z" changeset="161379570" uid="5229644" user="Nathan_A_RF">
    <nd ref="1893507462"/>
    <nd ref="258808937"/>
    <nd ref="251326780"/>
    <nd ref="1485292175"/>
    <tag k="abutters" v="residential"/>
    <tag k="gritting" v="priority_1"/>
    <tag k="gritting_depot" v="Coleshill Heath Road"/>
    <tag k="gritting_operator" v="Warwickshire County Council"/>
    <tag k="gritting_route_ref" v="1"/>
    <tag k="gritting_route_revision" v="201110"/>
    <tag k="highway" v="tertiary"/>
    <tag k="highway_authority_ref" v="C122"/>
    <tag k="maintenance" v="gritting"/>
    <tag k="maxspeed" v="60 mph"/>
    <tag k="maxspeed:type" v="GB:nsl_single"/>
    <tag k="maxweight" v="7.5"/>
    <tag k="name" v="Trinity Road"/>
  </way>
  <way id="179010523" version="5" timestamp="2025-01-15T12:44:05Z" changeset="161379570" uid="5229644" user="Nathan_A_RF">
    <nd ref="1893507463"/>
    <nd ref="1484677104"/>
    <nd ref="98150321"/>
    <nd ref="125978845"/>
    <nd ref="3126852067"/>
    <nd ref="7991315322"/>
    <nd ref="98150322"/>
    <nd ref="247223331"/>
    <tag k="abutters" v="residential"/>
    <tag k="gritting" v="priority_1"/>
    <tag k="gritting_depot" v="Coleshill Heath Road"/>
    <tag k="gritting_operator" v="Warwickshire County Council"/>
    <tag k="gritting_route_ref" v="1"/>
    <tag k="gritting_route_revision" v="201110"/>
    <tag k="highway" v="tertiary"/>
    <tag k="highway_authority_ref" v="C122"/>
    <tag k="maintenance" v="gritting"/>
    <tag k="maxspeed" v="60 mph"/>
    <tag k="maxspeed:type" v="GB:nsl_single"/>
    <tag k="name" v="Trinity Road"/>
  </way>
  <way id="192999507" version="2" timestamp="2014-10-12T21:21:18Z" changeset="26035632" uid="735" user="blackadder">
    <nd ref="2035297554"/>
    <nd ref="3126851889"/>
    <nd ref="3126851885"/>
    <nd ref="2035297619"/>
    <nd ref="2035297610"/>
    <nd ref="3126851888"/>
    <nd ref="2035297622"/>
    <nd ref="3126851892"/>
    <nd ref="2035297606"/>
    <nd ref="603771937"/>
    <tag k="highway" v="residential"/>
    <tag k="name" v="East House Drive"/>
  </way>
  <way id="192999509" version="3" timestamp="2017-02-06T15:45:45Z" changeset="45859113" uid="9065" user="brianboru">
    <nd ref="1485309561"/>
    <nd ref="1485309595"/>
    <nd ref="1485309604"/>
    <nd ref="1485309622"/>
    <nd ref="1485309589"/>
    <nd ref="1485309557"/>
    <nd ref="4668429682"/>
    <nd ref="3126852008"/>
    <nd ref="1485309658"/>
    <tag k="highway" v="residential"/>
    <tag k="name" v="Princes Road"/>
  </way>
  <way id="192999510" version="1" timestamp="2012-11-26T20:07:20Z" changeset="14049986" uid="705850" user="Cebderby">
    <nd ref="2035297585"/>
    <nd ref="2035297573"/>
    <nd ref="2035297578"/>
    <tag k="highway" v="residential"/>
    <tag k="name" v="Clud Drive"/>
  </way>
  <way id="192999511" version="1" timestamp="2012-11-26T20:07:20Z" changeset="14049986" uid="705850" user="Cebderby">
    <nd ref="1485309535"/>
    <nd ref="1485309541"/>
    <nd ref="1485309633"/>
    <nd ref="1485309595"/>
    <tag k="highway" v="residential"/>
    <tag k="name" v="St Edmonds ROad"/>
  </way>
  <way id="192999513" version="3" timestamp="2020-10-09T09:50:34Z" changeset="92226649" uid="11558561" user="borramou">
    <nd ref="1485309573"/>
    <nd ref="3126852007"/>
    <nd ref="3126852009"/>
    <nd ref="7991593592"/>
    <nd ref="1485309542"/>
    <nd ref="3126852021"/>
    <nd ref="1485309535"/>
    <tag k="highway" v="residential"/>
    <tag k="name" v="High Street"/>
  </way>
  <way id="192999514" version="6" timestamp="2021-09-23T20:42:10Z" changeset="111618640" uid="242345" user="confusedbuffalo">
    <nd ref="2035297593"/>
    <nd ref="3126851916"/>
    <nd ref="2035297569"/>
    <nd ref="3126851922"/>
    <nd ref="2035297627"/>
    <nd ref="3126851928"/>
    <nd ref="2035297624"/>
    <nd ref="3126851924"/>
    <nd ref="2296672681"/>
    <nd ref="3126851919"/>
    <nd ref="2035297568"/>
    <nd ref="2035297558"/>
    <tag k="highway" v="residential"/>
    <tag k="name" v="Ferndale Close"/>
    <tag k="postal_code" v="CV9 2NX"/>
  </way>
  <way id="192999515" version="1" timestamp="2012-11-26T20:07:20Z" changeset="14049986" uid="705850" user="Cebderby">
    <nd ref="2035297623"/>
    <nd ref="2035297550"/>
    <nd ref="2035297561"/>
    <tag k="highway" v="residential"/>
    <tag k="name" v="Wakefield Close"/>
  </way>
  <way id="192999516" version="2" timestamp="2014-10-12T21:21:19Z" changeset="26035632" uid="735" user="blackadder">
    <nd ref="2035297595"/>
    <nd ref="3126851950"/>
    <nd ref="3126851947"/>
    <nd ref="2035297628"/>
    <tag k="highway" v="residential"/>
    <tag k="name" v="High View"/>
  </way>
  <way id="192999517" version="2" timestamp="2014-10-12T21:21:19Z" changeset="26035632" uid="735" user="blackadder">
    <nd ref="2035297576"/>
    <nd ref="2035297602"/>
    <nd ref="2035297571"/>
    <nd ref="3126851906"/>
    <nd ref="3126851913"/>
    <nd ref="98101554"/>
    <tag k="highway" v="residential"/>
    <tag k="name" v="Holly Drive"/>
  </way>
  <way id="192999518" version="2" timestamp="2014-10-12T21:21:23Z" changeset="26035632" uid="735" user="blackadder">
    <nd ref="2035297608"/>
    <nd ref="2035297583"/>
    <nd ref="3126851917"/>
    <nd ref="2035297579"/>
    <nd ref="2035297591"/>
    <tag k="highway" v="residential"/>
  </way>
  <way id="192999519" version="2" timestamp="2017-02-06T15:45:45Z" changeset="45859113" uid="9065" user="brianboru">
    <nd ref="1485309604"/>
    <nd ref="2035297616"/>
    <nd ref="4668429686"/>
    <nd ref="4668429685"/>
    <nd ref="1485309579"/>
    <nd ref="1485309545"/>
    <nd ref="4668429684"/>
    <nd ref="4668429683"/>
    <nd ref="2035297612"/>
    <nd ref="1485309589"/>
    <tag k="highway" v="residential"/>
    <tag k="name" v="Beech Close"/>
  </way>
  <way id="192999521" version="3" timestamp="2017-02-08T18:20:33Z" changeset="45925940" uid="9065" user="brianboru">
    <nd ref="1485309636"/>
    <nd ref="1485309653"/>
    <nd ref="1485309626"/>
    <nd ref="4675231386"/>
    <nd ref="4675231385"/>
    <nd ref="4675231384"/>
    <nd ref="1485309517"/>
    <nd ref="3126851999"/>
    <nd ref="3126851997"/>
    <nd ref="1485309538"/>
    <nd ref="1485309559"/>
    <tag k="highway" v="residential"/>
    <tag k="name" v="Coronation Road"/>
  </way>
  <way id="196459670" version="6" timestamp="2025-08-06T13:18:45Z" changeset="170057711" uid="21488431" user="700RPB">
    <nd ref="82703142"/>
    <nd ref="2295555414"/>
    <nd ref="82703139"/>
    <nd ref="603679678"/>
    <nd ref="2295555442"/>
    <nd ref="82703137"/>
    <nd ref="2295555453"/>
    <nd ref="82703135"/>
    <nd ref="82703132"/>
    <nd ref="603679685"/>
    <nd ref="82703130"/>
    <nd ref="82703128"/>
    <nd ref="6997460789"/>
    <nd ref="603679690"/>
    <nd ref="82703127"/>
    <nd ref="671176"/>
    <tag k="gritting" v="priority_1"/>
    <tag k="gritting_depot" v="Coleshill Heath Road"/>
    <tag k="gritting_operator" v="Warwickshire County Council"/>
    <tag k="gritting_route_ref" v="1"/>
    <tag k="gritting_route_revision" v="201110"/>
    <tag k="highway" v="secondary"/>
    <tag k="lanes" v="2"/>
    <tag k="maintenance" v="gritting"/>
    <tag k="name" v="Tamworth Road"/>
    <tag k="ref" v="B4098"/>
    <tag k="surface" v="asphalt"/>
  </way>
  <way id="220433762" version="1" timestamp="2013-05-08T08:56:03Z" changeset="16025679" uid="9065" user="brianboru">
    <nd ref="671295"/>
    <nd ref="2295555501"/>
    <nd ref="2295555496"/>
    <tag k="highway" v="unclassified"/>
    <tag k="source" v="bing"/>
  </way>
  <way id="233744446" version="6" timestamp="2024-07-01T14:59:37Z" changeset="153413527" uid="13078383" user="Keith Barnett">
    <nd ref="251326606"/>
    <nd ref="3109362148"/>
    <nd ref="31199777"/>
    <nd ref="2594556364"/>
    <nd ref="31199776"/>
    <tag k="DfT_AADF" v="10059"/>
    <tag k="DfT_AADF_bus" v="77"/>
    <tag k="DfT_AADF_car" v="8293"/>
    <tag k="DfT_AADF_hgv" v="378"/>
    <tag k="DfT_AADF_lgv" v="1191"/>
    <tag k="DfT_AADF_year" v="2013"/>
    <tag k="DfT_traffic_counter_ref" v="8522"/>
    <tag k="gritting" v="priority_1"/>
    <tag k="gritting_depot" v="Coleshill Heath Road"/>
    <tag k="gritting_operator" v="Warwickshire County Council"/>
    <tag k="gritting_route_ref" v="1"/>
    <tag k="gritting_route_revision" v="201110"/>
    <tag k="highway" v="primary"/>
    <tag k="maintenance" v="gritting"/>
    <tag k="name" v="Coventry Road"/>
    <tag k="old_ref" v="A423"/>
    <tag k="ref" v="A51"/>
    <tag k="sidewalk:left" v="separate"/>
    <tag k="sidewalk:right" v="yes"/>
  </way>
  <way id="253536831" version="6" timestamp="2024-07-01T14:59:22Z" changeset="153413511" uid="13078383" user="Keith Barnett">
    <nd ref="251326609"/>
    <nd ref="1075198386"/>
    <nd ref="251326608"/>
    <nd ref="2871271508"/>
    <nd ref="31199775"/>
    <tag k="DfT_AADF" v="10059"/>
    <tag k="DfT_AADF_bus" v="77"/>
    <tag k="DfT_AADF_car" v="8293"/>
    <tag k="DfT_AADF_hgv" v="378"/>
    <tag k="DfT_AADF_lgv" v="1191"/>
    <tag k="DfT_AADF_year" v="2013"/>
    <tag k="DfT_traffic_counter_ref" v="8522"/>
    <tag k="gritting" v="priority_1"/>
    <tag k="gritting_depot" v="Coleshill Heath Road"/>
    <tag k="gritting_operator" v="Warwickshire County Council"/>
    <tag k="gritting_route_ref" v="1"/>
    <tag k="gritting_route_revision" v="201110"/>
    <tag k="highway" v="primary"/>
    <tag k="maintenance" v="gritting"/>
    <tag k="name" v="Coventry Road"/>
    <tag k="ref" v="A51"/>
    <tag k="surface" v="asphalt"/>
  </way>
  <way id="253669290" version="3" timestamp="2025-01-15T12:44:05Z" changeset="161379570" uid="5229644" user="Nathan_A_RF">
    <nd ref="2595672126"/>
    <nd ref="247223308"/>
    <tag k="bridge" v="yes"/>
    <tag k="gritting" v="priority_1"/>
    <tag k="gritting_depot" v="Coleshill Heath Road"/>
    <tag k="gritting_operator" v="Warwickshire County Council"/>
    <tag k="gritting_route_ref" v="1"/>
    <tag k="gritting_route_revision" v="201110"/>
    <tag k="highway" v="tertiary"/>
    <tag k="highway_authority_ref" v="D328"/>
    <tag k="layer" v="1"/>
    <tag k="maintenance" v="gritting"/>
    <tag k="maxspeed" v="60 mph"/>
    <tag k="maxspeed:type" v="GB:nsl_single"/>
    <tag k="name" v="Piccadilly Way"/>
  </way>
  <way id="253669294" version="7" timestamp="2025-01-15T12:44:05Z" changeset="161379570" uid="5229644" user="Nathan_A_RF">
    <nd ref="247223308"/>
    <nd ref="247223309"/>
    <nd ref="247223311"/>
    <nd ref="247223312"/>
    <nd ref="247223313"/>
    <nd ref="427920472"/>
    <nd ref="3121993063"/>
    <nd ref="247223316"/>
    <nd ref="247223317"/>
    <nd ref="247223318"/>
    <nd ref="247223320"/>
    <nd ref="247223321"/>
    <nd ref="3121993630"/>
    <nd ref="247223322"/>
    <nd ref="1075198696"/>
    <nd ref="3121993841"/>
    <nd ref="247223323"/>
    <nd ref="3126852056"/>
    <nd ref="3126852061"/>
    <nd ref="247223325"/>
    <nd ref="3126852066"/>
    <nd ref="247223326"/>
    <nd ref="3126852070"/>
    <nd ref="247223327"/>
    <nd ref="811013853"/>
    <nd ref="247223328"/>
    <nd ref="3126852080"/>
    <nd ref="247223330"/>
    <nd ref="247223331"/>
    <tag k="gritting" v="priority_1"/>
    <tag k="gritting_depot" v="Coleshill Heath Road"/>
    <tag k="gritting_operator" v="Warwickshire County Council"/>
    <tag k="gritting_route_ref" v="1"/>
    <tag k="gritting_route_revision" v="201110"/>
    <tag k="highway" v="tertiary"/>
    <tag k="highway_authority_ref" v="D328"/>
    <tag k="lanes" v="2"/>
    <tag k="maintenance" v="gritting"/>
    <tag k="maxspeed" v="60 mph"/>
    <tag k="maxspeed:type" v="GB:nsl_single"/>
    <tag k="name" v="Piccadilly Way"/>
    <tag k="surface" v="asphalt"/>
  </way>
  <way id="253669300" version="4" timestamp="2014-11-11T14:04:05Z" changeset="26712134" uid="735" user="blackadder">
    <nd ref="2595672140"/>
    <nd ref="31199658"/>
    <nd ref="31199659"/>
    <nd ref="31199660"/>
    <nd ref="31199661"/>
    <nd ref="3134817855"/>
    <nd ref="31199662"/>
    <nd ref="31199780"/>
    <nd ref="251331820"/>
    <nd ref="251331804"/>
    <nd ref="427910148"/>
    <tag k="DfT_AADF" v="10059"/>
    <tag k="DfT_AADF_bus" v="77"/>
    <tag k="DfT_AADF_car" v="8293"/>
    <tag k="DfT_AADF_hgv" v="378"/>
    <tag k="DfT_AADF_lgv" v="1191"/>
    <tag k="DfT_AADF_year" v="2013"/>
    <tag k="DfT_traffic_counter_ref" v="8522"/>
    <tag k="gritting" v="priority_1"/>
    <tag k="gritting_depot" v="Coleshill Heath Road"/>
    <tag k="gritting_operator" v="Warwickshire County Council"/>
    <tag k="gritting_route_ref" v="1"/>
    <tag k="gritting_route_revision" v="201110"/>
    <tag k="highway" v="primary"/>
    <tag k="maintenance" v="gritting"/>
    <tag k="maxspeed" v="30 mph"/>
    <tag k="name" v="Tamworth Road"/>
    <tag k="old_ref" v="A423"/>
    <tag k="ref" v="A51"/>
  </way>
  <way id="283225315" version="3" timestamp="2014-10-08T07:35:36Z" changeset="25933711" uid="735" user="blackadder">
    <nd ref="2871243876"/>
    <nd ref="2871243875"/>
    <nd ref="2871243854"/>
    <nd ref="2871243855"/>
    <nd ref="2871243876"/>
    <tag k="addr:city" v="Kingsbury"/>
    <tag k="addr:housenumber" v="34"/>
    <tag k="addr:postcode" v="B78 2NJ"/>
    <tag k="addr:street" v="Hemlingford Road"/>
    <tag k="building" v="residential"/>
  </way>
  <way id="283225316" version="3" timestamp="2014-10-08T07:35:32Z" changeset="25933711" uid="735" user="blackadder">
    <nd ref="2871244307"/>
    <nd ref="2871244305"/>
    <nd ref="2871244304"/>
    <nd ref="2871244306"/>
    <nd ref="2871244307"/>
    <tag k="addr:city" v="Kingsbury"/>
    <tag k="addr:housenumber" v="15"/>
    <tag k="addr:postcode" v="B78 2NJ"/>
    <tag k="addr:street" v="Hemlingford Road"/>
    <tag k="building" v="residential"/>
  </way>
  <way id="283225317" version="3" timestamp="2014-10-08T07:35:31Z" changeset="25933711" uid="735" user="blackadder">
    <nd ref="2871244198"/>
    <nd ref="2871244301"/>
    <nd ref="2871244196"/>
    <nd ref="2871244183"/>
    <nd ref="2871244198"/>
    <tag k="addr:city" v="Kingsbury"/>
    <tag k="addr:housenumber" v="1"/>
    <tag k="addr:postcode" v="B78 2NJ"/>
    <tag k="addr:street" v="Hemlingford Road"/>
    <tag k="building" v="residential"/>
  </way>
  <way id="283225318" version="4" timestamp="2014-10-10T20:24:51Z" changeset="25990987" uid="735" user="blackadder">
    <nd ref="2871244336"/>
    <nd ref="2871244335"/>
    <nd ref="2871244314"/>
    <nd ref="3123031267"/>
    <nd ref="3123031270"/>
    <nd ref="2871244315"/>
    <nd ref="2871244336"/>
    <tag k="addr:city" v="Kingsbury"/>
    <tag k="addr:housenumber" v="53"/>
    <tag k="addr:postcode" v="B78 2ND"/>
    <tag k="addr:street" v="Hill Side"/>
    <tag k="building" v="residential"/>
  </way>
  <way id="283225319" version="3" timestamp="2014-10-08T07:35:34Z" changeset="25933711" uid="735" user="blackadder">
    <nd ref="2871244308"/>
    <nd ref="2871244302"/>
    <nd ref="2871244303"/>
    <nd ref="2871244309"/>
    <nd ref="2871244308"/>
    <tag k="addr:city" v="Kingsbury"/>
    <tag k="addr:housenumber" v="25"/>
    <tag k="addr:postcode" v="B78 2NJ"/>
    <tag k="addr:street" v="Hemlingford Road"/>
    <tag k="building" v="residential"/>
  </way>
  <way id="283225320" version="3" timestamp="2014-10-08T07:35:32Z" changeset="25933711" uid="735" user="blackadder">
    <nd ref="2871244114"/>
    <nd ref="2871244119"/>
    <nd ref="2871244110"/>
    <nd ref="2871244106"/>
    <nd ref="2871244114"/>
    <tag k="addr:city" v="Kingsbury"/>
    <tag k="addr:housenumber" v="105"/>
    <tag k="addr:postcode" v="B78 2NW"/>
    <tag k="addr:street" v="Mill Crescent"/>
    <tag k="building" v="residential"/>
  </way>
  <way id="283225321" version="3" timestamp="2014-10-08T07:35:34Z" changeset="25933711" uid="735" user="blackadder">
    <nd ref="2871244339"/>
    <nd ref="2871244340"/>
    <nd ref="2871244321"/>
    <nd ref="2871244320"/>
    <nd ref="2871244339"/>
    <tag k="addr:city" v="Kingsbury"/>
    <tag k="addr:housenumber" v="21"/>
    <tag k="addr:postcode" v="B78 2NJ"/>
    <tag k="addr:street" v="Hemlingford Road"/>
    <tag k="building" v="residential"/>
  </way>
  <way id="283225322" version="3" timestamp="2014-10-08T07:35:40Z" changeset="25933711" uid="735" user="blackadder">
    <nd ref="2871243844"/>
    <nd ref="2871243842"/>
    <nd ref="2871243829"/>
    <nd ref="2871243830"/>
    <nd ref="2871243844"/>
    <tag k="addr:city" v="Kingsbury"/>
    <tag k="addr:housenumber" v="54"/>
    <tag k="addr:postcode" v="B78 2NJ"/>
    <tag k="addr:street" v="Hemlingford Road"/>
    <tag k="building" v="residential"/>
  </way>
  <way id="283225323" version="4" timestamp="2014-10-10T20:24:51Z" changeset="25990987" uid="735" user="blackadder">
    <nd ref="2871244330"/>
    <nd ref="2871244329"/>
    <nd ref="2871244312"/>
    <nd ref="3123031264"/>
    <nd ref="3123031269"/>
    <nd ref="2871244313"/>
    <nd ref="2871244330"/>
    <tag k="addr:city" v="Kingsbury"/>
    <tag k="addr:housenumber" v="57"/>
    <tag k="addr:postcode" v="B78 2ND"/>
    <tag k="addr:street" v="Hill Side"/>
    <tag k="building" v="residential"/>
  </way>
  <way id="283225324" version="3" timestamp="2014-10-08T07:35:34Z" changeset="25933711" uid="735" user="blackadder">
    <nd ref="2871244324"/>
    <nd ref="2871244323"/>
    <nd ref="2871244308"/>
    <nd ref="2871244309"/>
    <nd ref="2871244324"/>
    <tag k="addr:city" v="Kingsbury"/>
    <tag k="addr:housenumber" v="23"/>
    <tag k="addr:postcode" v="B78 2NJ"/>
    <tag k="addr:street" v="Hemlingford Road"/>
    <tag k="building" v="residential"/>
  </way>
  <way id="283225325" version="4" timestamp="2014-10-10T20:24:51Z" changeset="25990987" uid="735" user="blackadder">
    <nd ref="2871244187"/>
    <nd ref="3123031260"/>
    <nd ref="3123031263"/>
    <nd ref="2871244186"/>
    <nd ref="2871244152"/>
    <nd ref="2871244153"/>
    <nd ref="2871244187"/>
    <tag k="addr:city" v="Kingsbury"/>
    <tag k="addr:housenumber" v="65"/>
    <tag k="addr:postcode" v="B78 2ND"/>
    <tag k="addr:street" v="Hill Side"/>
    <tag k="building" v="residential"/>
  </way>
  <way id="283225326" version="3" timestamp="2014-10-08T07:35:43Z" changeset="25933711" uid="735" user="blackadder">
    <nd ref="2871244173"/>
    <nd ref="2871244172"/>
    <nd ref="2871244130"/>
    <nd ref="2871244131"/>
    <nd ref="2871244173"/>
    <tag k="addr:city" v="Kingsbury"/>
    <tag k="addr:housenumber" v="9"/>
    <tag k="addr:postcode" v="B78 2NJ"/>
    <tag k="addr:street" v="Hemlingford Road"/>
    <tag k="building" v="residential"/>
  </way>
  <way id="283225327" version="3" timestamp="2014-10-08T07:35:40Z" changeset="25933711" uid="735" user="blackadder">
    <nd ref="2871243899"/>
    <nd ref="2871243888"/>
    <nd ref="2871243867"/>
    <nd ref="2871243889"/>
    <nd ref="2871243899"/>
    <tag k="addr:city" v="Kingsbury"/>
    <tag k="addr:housenumber" v="6"/>
    <tag k="addr:postcode" v="B78 2NJ"/>
    <tag k="addr:street" v="Hemlingford Road"/>
    <tag k="building" v="residential"/>
  </way>
  <way id="283225328" version="3" timestamp="2014-10-08T07:35:36Z" changeset="25933711" uid="735" user="blackadder">
    <nd ref="2871244181"/>
    <nd ref="2871244182"/>
    <nd ref="2871244145"/>
    <nd ref="2871244143"/>
    <nd ref="2871244181"/>
    <tag k="addr:city" v="Kingsbury"/>
    <tag k="addr:housenumber" v="33"/>
    <tag k="addr:postcode" v="B78 2NJ"/>
    <tag k="addr:street" v="Hemlingford Road"/>
    <tag k="building" v="residential"/>
  </way>
  <way id="283225329" version="3" timestamp="2014-10-08T07:35:35Z" changeset="25933711" uid="735" user="blackadder">
    <nd ref="2871244179"/>
    <nd ref="2871244181"/>
    <nd ref="2871244143"/>
    <nd ref="2871244142"/>
    <nd ref="2871244179"/>
    <tag k="addr:city" v="Kingsbury"/>
    <tag k="addr:housenumber" v="31"/>
    <tag k="addr:postcode" v="B78 2NJ"/>
    <tag k="addr:street" v="Hemlingford Road"/>
    <tag k="building" v="residential"/>
  </way>
  <way id="283225330" version="4" timestamp="2014-10-08T07:35:37Z" changeset="25933711" uid="735" user="blackadder">
    <nd ref="2871243818"/>
    <nd ref="2871243817"/>
    <nd ref="3109361913"/>
    <nd ref="3109361914"/>
    <nd ref="2871243596"/>
    <nd ref="2871243599"/>
    <nd ref="2871243818"/>
    <tag k="addr:city" v="Kingsbury"/>
    <tag k="addr:housenumber" v="38"/>
    <tag k="addr:postcode" v="B78 2NJ"/>
    <tag k="addr:street" v="Hemlingford Road"/>
    <tag k="building" v="residential"/>
  </way>
  <way id="283225331" version="4" timestamp="2014-10-10T20:24:51Z" changeset="25990987" uid="735" user="blackadder">
    <nd ref="2871244334"/>
    <nd ref="2871244333"/>
    <nd ref="2871244316"/>
    <nd ref="3123031266"/>
    <nd ref="3123031271"/>
    <nd ref="2871244317"/>
    <nd ref="2871244334"/>
    <tag k="addr:city" v="Kingsbury"/>
    <tag k="addr:housenumber" v="55"/>
    <tag k="addr:postcode" v="B78 2ND"/>
    <tag k="addr:street" v="Hill Side"/>
    <tag k="building" v="residential"/>
  </way>
  <way id="283225332" version="3" timestamp="2014-10-08T07:35:32Z" changeset="25933711" uid="735" user="blackadder">
    <nd ref="2871244120"/>
    <nd ref="2871244125"/>
    <nd ref="2871244116"/>
    <nd ref="2871244111"/>
    <nd ref="2871244120"/>
    <tag k="addr:city" v="Kingsbury"/>
    <tag k="addr:housenumber" v="103"/>
    <tag k="addr:postcode" v="B78 2NW"/>
    <tag k="addr:street" v="Mill Crescent"/>
    <tag k="building" v="residential"/>
  </way>
  <way id="283225333" version="3" timestamp="2014-10-08T07:35:38Z" changeset="25933711" uid="735" user="blackadder">
    <nd ref="2871243563"/>
    <nd ref="2871243561"/>
    <nd ref="2871243550"/>
    <nd ref="2871243551"/>
    <nd ref="2871243563"/>
    <tag k="addr:city" v="Kingsbury"/>
    <tag k="addr:housenumber" v="46"/>
    <tag k="addr:postcode" v="B78 2NJ"/>
    <tag k="addr:street" v="Hemlingford Road"/>
    <tag k="building" v="residential"/>
  </way>
  <way id="283225334" version="3" timestamp="2014-10-08T07:35:35Z" changeset="25933711" uid="735" user="blackadder">
    <nd ref="2871244178"/>
    <nd ref="2871244177"/>
    <nd ref="2871244136"/>
    <nd ref="2871244137"/>
    <nd ref="2871244178"/>
    <tag k="addr:city" v="Kingsbury"/>
    <tag k="addr:housenumber" v="29"/>
    <tag k="addr:postcode" v="B78 2NJ"/>
    <tag k="addr:street" v="Hemlingford Road"/>
    <tag k="building" v="residential"/>
  </way>
  <way id="283225335" version="3" timestamp="2014-10-08T07:35:43Z" changeset="25933711" uid="735" user="blackadder">
    <nd ref="2871243867"/>
    <nd ref="2871243856"/>
    <nd ref="2871243868"/>
    <nd ref="2871243889"/>
    <nd ref="2871243867"/>
    <tag k="addr:city" v="Kingsbury"/>
    <tag k="addr:housenumber" v="8"/>
    <tag k="addr:postcode" v="B78 2NJ"/>
    <tag k="addr:street" v="Hemlingford Road"/>
    <tag k="building" v="residential"/>
  </way>
  <way id="283225336" version="3" timestamp="2014-10-08T07:35:39Z" changeset="25933711" uid="735" user="blackadder">
    <nd ref="2871244170"/>
    <nd ref="2871244169"/>
    <nd ref="2871244133"/>
    <nd ref="2871244135"/>
    <nd ref="2871244170"/>
    <tag k="addr:city" v="Kingsbury"/>
    <tag k="addr:housenumber" v="5"/>
    <tag k="addr:postcode" v="B78 2NJ"/>
    <tag k="addr:street" v="Hemlingford Road"/>
    <tag k="building" v="residential"/>
  </way>
  <way id="283225337" version="3" timestamp="2014-10-08T07:35:41Z" changeset="25933711" uid="735" user="blackadder">
    <nd ref="2871244165"/>
    <nd ref="2871244164"/>
    <nd ref="2871244126"/>
    <nd ref="2871244127"/>
    <nd ref="2871244165"/>
    <tag k="addr:city" v="Kingsbury"/>
    <tag k="addr:housenumber" v="63"/>
    <tag k="addr:postcode" v="B78 2ND"/>
    <tag k="addr:street" v="Hill Side"/>
    <tag k="building" v="residential"/>
  </way>
  <way id="283225338" version="4" timestamp="2014-10-10T20:24:51Z" changeset="25990987" uid="735" user="blackadder">
    <nd ref="2871244327"/>
    <nd ref="2871244328"/>
    <nd ref="2871244311"/>
    <nd ref="3123031265"/>
    <nd ref="3123031268"/>
    <nd ref="2871244310"/>
    <nd ref="2871244327"/>
    <tag k="addr:city" v="Kingsbury"/>
    <tag k="addr:housenumber" v="59"/>
    <tag k="addr:postcode" v="B78 2ND"/>
    <tag k="addr:street" v="Hill Side"/>
    <tag k="building" v="residential"/>
  </way>
  <way id="283225339" version="3" timestamp="2014-10-08T07:35:31Z" changeset="25933711" uid="735" user="blackadder">
    <nd ref="2871244134"/>
    <nd ref="2871244157"/>
    <nd ref="2871244121"/>
    <nd ref="2871244117"/>
    <nd ref="2871244134"/>
    <tag k="addr:city" v="Kingsbury"/>
    <tag k="addr:housenumber" v="101"/>
    <tag k="addr:postcode" v="B78 2NW"/>
    <tag k="addr:street" v="Mill Crescent"/>
    <tag k="building" v="residential"/>
  </way>
  <way id="283225340" version="3" timestamp="2014-10-08T07:35:41Z" changeset="25933711" uid="735" user="blackadder">
    <nd ref="2871244162"/>
    <nd ref="2871244163"/>
    <nd ref="2871244124"/>
    <nd ref="2871244123"/>
    <nd ref="2871244162"/>
    <tag k="addr:city" v="Kingsbury"/>
    <tag k="addr:housenumber" v="61"/>
    <tag k="addr:postcode" v="B78 2ND"/>
    <tag k="addr:street" v="Hill Side"/>
    <tag k="building" v="residential"/>
  </way>
  <way id="283225341" version="3" timestamp="2014-10-08T07:35:38Z" changeset="25933711" uid="735" user="blackadder">
    <nd ref="2871243555"/>
    <nd ref="2871243554"/>
    <nd ref="2871243546"/>
    <nd ref="2871243547"/>
    <nd ref="2871243555"/>
    <tag k="addr:city" v="Kingsbury"/>
    <tag k="addr:housenumber" v="44"/>
    <tag k="addr:postcode" v="B78 2NJ"/>
    <tag k="addr:street" v="Hemlingford Road"/>
    <tag k="building" v="residential"/>
  </way>
  <way id="283225342" version="3" timestamp="2014-10-08T07:35:37Z" changeset="25933711" uid="735" user="blackadder">
    <nd ref="2871243592"/>
    <nd ref="2871243591"/>
    <nd ref="2871243575"/>
    <nd ref="2871243576"/>
    <nd ref="2871243592"/>
    <tag k="addr:city" v="Kingsbury"/>
    <tag k="addr:housenumber" v="40"/>
    <tag k="addr:postcode" v="B78 2NJ"/>
    <tag k="addr:street" v="Hemlingford Road"/>
    <tag k="building" v="residential"/>
  </way>
  <way id="283225343" version="3" timestamp="2014-10-08T07:35:44Z" changeset="25933711" uid="735" user="blackadder">
    <nd ref="2871244157"/>
    <nd ref="2871244160"/>
    <nd ref="2871244122"/>
    <nd ref="2871244121"/>
    <nd ref="2871244157"/>
    <tag k="addr:city" v="Kingsbury"/>
    <tag k="addr:housenumber" v="99"/>
    <tag k="addr:postcode" v="B78 2NW"/>
    <tag k="addr:street" v="Mill Crescent"/>
    <tag k="building" v="residential"/>
  </way>
  <way id="283225344" version="3" timestamp="2014-10-08T07:35:36Z" changeset="25933711" uid="735" user="blackadder">
    <nd ref="2871244102"/>
    <nd ref="2871244101"/>
    <nd ref="2871243884"/>
    <nd ref="2871243885"/>
    <nd ref="2871244102"/>
    <tag k="addr:city" v="Kingsbury"/>
    <tag k="addr:housenumber" v="32"/>
    <tag k="addr:postcode" v="B78 2NJ"/>
    <tag k="addr:street" v="Hemlingford Road"/>
    <tag k="building" v="residential"/>
  </way>
  <way id="283225345" version="3" timestamp="2014-10-08T07:35:33Z" changeset="25933711" uid="735" user="blackadder">
    <nd ref="2871244338"/>
    <nd ref="2871244339"/>
    <nd ref="2871244320"/>
    <nd ref="2871244318"/>
    <nd ref="2871244338"/>
    <tag k="addr:city" v="Kingsbury"/>
    <tag k="addr:housenumber" v="19"/>
    <tag k="addr:postcode" v="B78 2NJ"/>
    <tag k="addr:street" v="Hemlingford Road"/>
    <tag k="building" v="residential"/>
  </way>
  <way id="283225346" version="3" timestamp="2014-10-08T07:35:36Z" changeset="25933711" uid="735" user="blackadder">
    <nd ref="2871243845"/>
    <nd ref="2871243841"/>
    <nd ref="2871243823"/>
    <nd ref="2871243826"/>
    <nd ref="2871243845"/>
    <tag k="addr:city" v="Kingsbury"/>
    <tag k="addr:housenumber" v="36"/>
    <tag k="addr:postcode" v="B78 2NJ"/>
    <tag k="addr:street" v="Hemlingford Road"/>
    <tag k="building" v="residential"/>
  </way>
  <way id="283225347" version="3" timestamp="2014-10-08T07:35:35Z" changeset="25933711" uid="735" user="blackadder">
    <nd ref="2871244197"/>
    <nd ref="2871244193"/>
    <nd ref="2871244158"/>
    <nd ref="2871244166"/>
    <nd ref="2871244197"/>
    <tag k="addr:city" v="Kingsbury"/>
    <tag k="addr:housenumber" v="3"/>
    <tag k="addr:postcode" v="B78 2NJ"/>
    <tag k="addr:street" v="Hemlingford Road"/>
    <tag k="building" v="residential"/>
  </way>
  <way id="283225350" version="3" timestamp="2014-10-08T07:35:32Z" changeset="25933711" uid="735" user="blackadder">
    <nd ref="2871244172"/>
    <nd ref="2871244171"/>
    <nd ref="2871244129"/>
    <nd ref="2871244130"/>
    <nd ref="2871244172"/>
    <tag k="addr:city" v="Kingsbury"/>
    <tag k="addr:housenumber" v="11"/>
    <tag k="addr:postcode" v="B78 2NJ"/>
    <tag k="addr:street" v="Hemlingford Road"/>
    <tag k="building" v="residential"/>
  </way>
  <way id="283225351" version="3" timestamp="2014-10-08T07:35:44Z" changeset="25933711" uid="735" user="blackadder">
    <nd ref="2871244199"/>
    <nd ref="2871244200"/>
    <nd ref="2871244194"/>
    <nd ref="2871244174"/>
    <nd ref="2871244199"/>
    <tag k="addr:city" v="Kingsbury"/>
    <tag k="addr:housenumber" v="93"/>
    <tag k="addr:postcode" v="B78 2NW"/>
    <tag k="addr:street" v="Mill Crescent"/>
    <tag k="building" v="residential"/>
  </way>
  <way id="283225352" version="3" timestamp="2014-10-08T07:35:33Z" changeset="25933711" uid="735" user="blackadder">
    <nd ref="2871244322"/>
    <nd ref="2871244319"/>
    <nd ref="2871244306"/>
    <nd ref="2871244307"/>
    <nd ref="2871244322"/>
    <tag k="addr:city" v="Kingsbury"/>
    <tag k="addr:housenumber" v="17"/>
    <tag k="addr:postcode" v="B78 2NJ"/>
    <tag k="addr:street" v="Hemlingford Road"/>
    <tag k="building" v="residential"/>
  </way>
  <way id="283225353" version="4" timestamp="2014-10-10T20:24:51Z" changeset="25990987" uid="735" user="blackadder">
    <nd ref="2871244191"/>
    <nd ref="3123031261"/>
    <nd ref="3123031262"/>
    <nd ref="2871244190"/>
    <nd ref="2871244150"/>
    <nd ref="2871244151"/>
    <nd ref="2871244191"/>
    <tag k="addr:city" v="Kingsbury"/>
    <tag k="addr:housenumber" v="67"/>
    <tag k="addr:postcode" v="B78 2ND"/>
    <tag k="addr:street" v="Hill Side"/>
    <tag k="building" v="residential"/>
  </way>
  <way id="283225354" version="3" timestamp="2014-10-08T07:35:33Z" changeset="25933711" uid="735" user="blackadder">
    <nd ref="2871244118"/>
    <nd ref="2871244113"/>
    <nd ref="2871244108"/>
    <nd ref="2871244112"/>
    <nd ref="2871244115"/>
    <nd ref="2871244118"/>
    <tag k="addr:city" v="Kingsbury"/>
    <tag k="addr:housenumber" v="2"/>
    <tag k="addr:postcode" v="B78 2NJ"/>
    <tag k="addr:street" v="Hemlingford Road"/>
    <tag k="building" v="residential"/>
  </way>
  <way id="283225355" version="3" timestamp="2014-10-08T07:35:35Z" changeset="25933711" uid="735" user="blackadder">
    <nd ref="2871243871"/>
    <nd ref="2871243872"/>
    <nd ref="2871243873"/>
    <nd ref="2871243849"/>
    <nd ref="2871243848"/>
    <nd ref="2871243871"/>
    <tag k="addr:city" v="Kingsbury"/>
    <tag k="addr:housenumber" v="28"/>
    <tag k="addr:postcode" v="B78 2NJ"/>
    <tag k="addr:street" v="Hemlingford Road"/>
    <tag k="building" v="residential"/>
  </way>
  <way id="283225356" version="3" timestamp="2014-10-08T07:35:39Z" changeset="25933711" uid="735" user="blackadder">
    <nd ref="2871243584"/>
    <nd ref="2871243583"/>
    <nd ref="2871243568"/>
    <nd ref="2871243569"/>
    <nd ref="2871243585"/>
    <nd ref="2871243584"/>
    <tag k="addr:city" v="Kingsbury"/>
    <tag k="addr:housenumber" v="48"/>
    <tag k="addr:postcode" v="B78 2NJ"/>
    <tag k="addr:street" v="Hemlingford Road"/>
    <tag k="building" v="residential"/>
  </way>
  <way id="283225357" version="3" timestamp="2014-10-08T07:35:36Z" changeset="25933711" uid="735" user="blackadder">
    <nd ref="2871244175"/>
    <nd ref="2871244176"/>
    <nd ref="2871244154"/>
    <nd ref="2871244140"/>
    <nd ref="2871244139"/>
    <nd ref="2871244175"/>
    <tag k="addr:city" v="Kingsbury"/>
    <tag k="addr:housenumber" v="35"/>
    <tag k="addr:postcode" v="B78 2NJ"/>
    <tag k="addr:street" v="Hemlingford Road"/>
    <tag k="building" v="residential"/>
  </way>
  <way id="283225358" version="3" timestamp="2014-10-08T07:35:40Z" changeset="25933711" uid="735" user="blackadder">
    <nd ref="2871243880"/>
    <nd ref="2871243879"/>
    <nd ref="2871243878"/>
    <nd ref="2871243852"/>
    <nd ref="2871243853"/>
    <nd ref="2871243880"/>
    <tag k="addr:city" v="Kingsbury"/>
    <tag k="addr:housenumber" v="56"/>
    <tag k="addr:postcode" v="B78 2NJ"/>
    <tag k="addr:street" v="Hemlingford Road"/>
    <tag k="building" v="residential"/>
  </way>
  <way id="283225359" version="3" timestamp="2014-10-08T07:35:34Z" changeset="25933711" uid="735" user="blackadder">
    <nd ref="2871243598"/>
    <nd ref="2871243801"/>
    <nd ref="2871243581"/>
    <nd ref="2871243582"/>
    <nd ref="2871243580"/>
    <nd ref="2871243598"/>
    <tag k="addr:city" v="Kingsbury"/>
    <tag k="addr:housenumber" v="22"/>
    <tag k="addr:postcode" v="B78 2NJ"/>
    <tag k="addr:street" v="Hemlingford Road"/>
    <tag k="building" v="residential"/>
  </way>
  <way id="283225360" version="3" timestamp="2014-10-08T07:35:39Z" changeset="25933711" uid="735" user="blackadder">
    <nd ref="2871243829"/>
    <nd ref="2871243828"/>
    <nd ref="2871243807"/>
    <nd ref="2871243808"/>
    <nd ref="2871243830"/>
    <nd ref="2871243829"/>
    <tag k="addr:city" v="Kingsbury"/>
    <tag k="addr:housenumber" v="52"/>
    <tag k="addr:postcode" v="B78 2NJ"/>
    <tag k="addr:street" v="Hemlingford Road"/>
    <tag k="building" v="residential"/>
  </way>
  <way id="283225361" version="3" timestamp="2014-10-08T07:35:38Z" changeset="25933711" uid="735" user="blackadder">
    <nd ref="2871243883"/>
    <nd ref="2871243882"/>
    <nd ref="2871243861"/>
    <nd ref="2871243864"/>
    <nd ref="2871243886"/>
    <nd ref="2871243883"/>
    <tag k="addr:city" v="Kingsbury"/>
    <tag k="addr:housenumber" v="44"/>
    <tag k="addr:postcode" v="B78 2NH"/>
    <tag k="addr:street" v="Hill Side"/>
    <tag k="building" v="residential"/>
  </way>
  <way id="283225362" version="3" timestamp="2014-10-08T07:35:38Z" changeset="25933711" uid="735" user="blackadder">
    <nd ref="2871243898"/>
    <nd ref="2871243897"/>
    <nd ref="2871243883"/>
    <nd ref="2871243886"/>
    <nd ref="2871243887"/>
    <nd ref="2871243898"/>
    <tag k="addr:city" v="Kingsbury"/>
    <tag k="addr:housenumber" v="42"/>
    <tag k="addr:postcode" v="B78 2NH"/>
    <tag k="addr:street" v="Hill Side"/>
    <tag k="building" v="residential"/>
  </way>
  <way id="283225363" version="3" timestamp="2014-10-08T07:35:37Z" changeset="25933711" uid="735" user="blackadder">
    <nd ref="2871244176"/>
    <nd ref="2871244189"/>
    <nd ref="2871244188"/>
    <nd ref="2871244155"/>
    <nd ref="2871244154"/>
    <nd ref="2871244176"/>
    <tag k="addr:city" v="Kingsbury"/>
    <tag k="addr:housenumber" v="37"/>
    <tag k="addr:postcode" v="B78 2NJ"/>
    <tag k="addr:street" v="Hemlingford Road"/>
    <tag k="building" v="residential"/>
  </way>
  <way id="283225364" version="3" timestamp="2014-10-08T07:35:35Z" changeset="25933711" uid="735" user="blackadder">
    <nd ref="2871243895"/>
    <nd ref="2871243896"/>
    <nd ref="2871243874"/>
    <nd ref="2871243873"/>
    <nd ref="2871243872"/>
    <nd ref="2871243895"/>
    <tag k="addr:city" v="Kingsbury"/>
    <tag k="addr:housenumber" v="30"/>
    <tag k="addr:postcode" v="B78 2NJ"/>
    <tag k="addr:street" v="Hemlingford Road"/>
    <tag k="building" v="residential"/>
  </way>
  <way id="283225365" version="3" timestamp="2014-10-08T07:35:37Z" changeset="25933711" uid="735" user="blackadder">
    <nd ref="2871244108"/>
    <nd ref="2871244107"/>
    <nd ref="2871243891"/>
    <nd ref="2871244105"/>
    <nd ref="2871244112"/>
    <nd ref="2871244108"/>
    <tag k="addr:city" v="Kingsbury"/>
    <tag k="addr:housenumber" v="4"/>
    <tag k="addr:postcode" v="B78 2NJ"/>
    <tag k="addr:street" v="Hemlingford Road"/>
    <tag k="building" v="residential"/>
  </way>
  <way id="283225366" version="3" timestamp="2014-10-08T07:35:34Z" changeset="25933711" uid="735" user="blackadder">
    <nd ref="2871243840"/>
    <nd ref="2871243839"/>
    <nd ref="2871243835"/>
    <nd ref="2871243834"/>
    <nd ref="2871243824"/>
    <nd ref="2871243825"/>
    <nd ref="2871243840"/>
    <tag k="addr:city" v="Kingsbury"/>
    <tag k="addr:housenumber" v="26"/>
    <tag k="addr:postcode" v="B78 2NJ"/>
    <tag k="addr:street" v="Hemlingford Road"/>
    <tag k="building" v="residential"/>
  </way>
  <way id="283225367" version="3" timestamp="2014-10-08T07:35:35Z" changeset="25933711" uid="735" user="blackadder">
    <nd ref="2871244180"/>
    <nd ref="2871244178"/>
    <nd ref="2871244137"/>
    <nd ref="2871244138"/>
    <nd ref="2871244147"/>
    <nd ref="2871244148"/>
    <nd ref="2871244180"/>
    <tag k="addr:city" v="Kingsbury"/>
    <tag k="addr:housenumber" v="27"/>
    <tag k="addr:postcode" v="B78 2NJ"/>
    <tag k="addr:street" v="Hemlingford Road"/>
    <tag k="building" v="residential"/>
  </way>
  <way id="283225368" version="3" timestamp="2014-10-08T07:35:44Z" changeset="25933711" uid="735" user="blackadder">
    <nd ref="2871244167"/>
    <nd ref="2871244192"/>
    <nd ref="2871244146"/>
    <nd ref="2871244128"/>
    <nd ref="2871244149"/>
    <nd ref="2871244141"/>
    <nd ref="2871244167"/>
    <tag k="addr:city" v="Kingsbury"/>
    <tag k="addr:housenumber" v="97"/>
    <tag k="addr:postcode" v="B78 2NW"/>
    <tag k="addr:street" v="Mill Crescent"/>
    <tag k="building" v="residential"/>
  </way>
  <way id="283225369" version="3" timestamp="2014-10-08T07:35:39Z" changeset="25933711" uid="735" user="blackadder">
    <nd ref="2871243819"/>
    <nd ref="2871243813"/>
    <nd ref="2871243812"/>
    <nd ref="2871243600"/>
    <nd ref="2871243803"/>
    <nd ref="2871243822"/>
    <nd ref="2871243819"/>
    <tag k="addr:city" v="Kingsbury"/>
    <tag k="addr:housenumber" v="48"/>
    <tag k="addr:postcode" v="B78 2NH"/>
    <tag k="addr:street" v="Hill Side"/>
    <tag k="building" v="residential"/>
  </way>
  <way id="283225370" version="3" timestamp="2014-10-08T07:35:39Z" changeset="25933711" uid="735" user="blackadder">
    <nd ref="2871243802"/>
    <nd ref="2871243597"/>
    <nd ref="2871243588"/>
    <nd ref="2871243589"/>
    <nd ref="2871243584"/>
    <nd ref="2871243585"/>
    <nd ref="2871243802"/>
    <tag k="addr:city" v="Kingsbury"/>
    <tag k="addr:housenumber" v="50"/>
    <tag k="addr:postcode" v="B78 2NJ"/>
    <tag k="addr:street" v="Hemlingford Road"/>
    <tag k="building" v="residential"/>
  </way>
  <way id="283225371" version="3" timestamp="2014-10-08T07:35:32Z" changeset="25933711" uid="735" user="blackadder">
    <nd ref="2871243838"/>
    <nd ref="2871243821"/>
    <nd ref="2871243843"/>
    <nd ref="2871243860"/>
    <nd ref="2871243850"/>
    <nd ref="2871243858"/>
    <nd ref="2871243838"/>
    <tag k="addr:city" v="Kingsbury"/>
    <tag k="addr:housenumber" v="12"/>
    <tag k="addr:postcode" v="B78 2NJ"/>
    <tag k="addr:street" v="Hemlingford Road"/>
    <tag k="building" v="residential"/>
  </way>
  <way id="283225372" version="3" timestamp="2014-10-08T07:35:44Z" changeset="25933711" uid="735" user="blackadder">
    <nd ref="2871244192"/>
    <nd ref="2871244195"/>
    <nd ref="2871244161"/>
    <nd ref="2871244159"/>
    <nd ref="2871244156"/>
    <nd ref="2871244146"/>
    <nd ref="2871244192"/>
    <tag k="addr:city" v="Kingsbury"/>
    <tag k="addr:housenumber" v="95"/>
    <tag k="addr:postcode" v="B78 2NW"/>
    <tag k="addr:street" v="Mill Crescent"/>
    <tag k="building" v="residential"/>
  </way>
  <way id="283225373" version="3" timestamp="2014-10-08T07:35:39Z" changeset="25933711" uid="735" user="blackadder">
    <nd ref="2871243594"/>
    <nd ref="2871243593"/>
    <nd ref="2871243587"/>
    <nd ref="2871243586"/>
    <nd ref="2871243578"/>
    <nd ref="2871243579"/>
    <nd ref="2871243594"/>
    <tag k="addr:city" v="Kingsbury"/>
    <tag k="addr:housenumber" v="50"/>
    <tag k="addr:postcode" v="B78 2NH"/>
    <tag k="addr:street" v="Hill Side"/>
    <tag k="building" v="residential"/>
  </way>
  <way id="283225374" version="3" timestamp="2014-10-08T07:35:34Z" changeset="25933711" uid="735" user="blackadder">
    <nd ref="2871243825"/>
    <nd ref="2871243806"/>
    <nd ref="2871243805"/>
    <nd ref="2871243816"/>
    <nd ref="2871243815"/>
    <nd ref="2871243824"/>
    <nd ref="2871243825"/>
    <tag k="addr:city" v="Kingsbury"/>
    <tag k="addr:housenumber" v="24"/>
    <tag k="addr:postcode" v="B78 2NJ"/>
    <tag k="addr:street" v="Hemlingford Road"/>
    <tag k="building" v="residential"/>
  </way>
  <way id="283225375" version="3" timestamp="2014-10-08T07:35:42Z" changeset="25933711" uid="735" user="blackadder">
    <nd ref="3118007331"/>
    <nd ref="3118007127"/>
    <nd ref="3118007128"/>
    <nd ref="3118007332"/>
    <nd ref="3118007331"/>
    <tag k="addr:city" v="Kingsbury"/>
    <tag k="addr:housenumber" v="75"/>
    <tag k="addr:postcode" v="B78 2ND"/>
    <tag k="addr:street" v="Hill Side"/>
    <tag k="building" v="residential"/>
  </way>
  <way id="283225376" version="3" timestamp="2014-10-08T07:35:42Z" changeset="25933711" uid="735" user="blackadder">
    <nd ref="2871244169"/>
    <nd ref="2871244168"/>
    <nd ref="2871244185"/>
    <nd ref="2871244184"/>
    <nd ref="2871244132"/>
    <nd ref="2871244133"/>
    <nd ref="2871244169"/>
    <tag k="addr:city" v="Kingsbury"/>
    <tag k="addr:housenumber" v="7"/>
    <tag k="addr:postcode" v="B78 2NJ"/>
    <tag k="addr:street" v="Hemlingford Road"/>
    <tag k="building" v="residential"/>
  </way>
  <way id="283225377" version="3" timestamp="2014-10-08T07:35:33Z" changeset="25933711" uid="735" user="blackadder">
    <nd ref="2871243811"/>
    <nd ref="2871243804"/>
    <nd ref="2871243595"/>
    <nd ref="2871243577"/>
    <nd ref="2871243590"/>
    <nd ref="2871243833"/>
    <nd ref="2871243811"/>
    <tag k="addr:city" v="Kingsbury"/>
    <tag k="addr:housenumber" v="16"/>
    <tag k="addr:postcode" v="B78 2NJ"/>
    <tag k="addr:street" v="Hemlingford Road"/>
    <tag k="building" v="residential"/>
  </way>
  <way id="283225378" version="3" timestamp="2014-10-08T07:35:33Z" changeset="25933711" uid="735" user="blackadder">
    <nd ref="2871243580"/>
    <nd ref="2871243566"/>
    <nd ref="2871243567"/>
    <nd ref="2871243573"/>
    <nd ref="2871243574"/>
    <nd ref="2871243582"/>
    <nd ref="2871243580"/>
    <tag k="addr:city" v="Kingsbury"/>
    <tag k="addr:housenumber" v="20"/>
    <tag k="addr:postcode" v="B78 2NJ"/>
    <tag k="addr:street" v="Hemlingford Road"/>
    <tag k="building" v="residential"/>
  </way>
  <way id="283225379" version="3" timestamp="2014-10-08T07:35:31Z" changeset="25933711" uid="735" user="blackadder">
    <nd ref="2871243881"/>
    <nd ref="2871243859"/>
    <nd ref="2871243838"/>
    <nd ref="2871243858"/>
    <nd ref="2871243862"/>
    <nd ref="2871243866"/>
    <nd ref="2871243881"/>
    <tag k="addr:city" v="Kingsbury"/>
    <tag k="addr:housenumber" v="10"/>
    <tag k="addr:postcode" v="B78 2NJ"/>
    <tag k="addr:street" v="Hemlingford Road"/>
    <tag k="building" v="residential"/>
  </way>
  <way id="283225380" version="3" timestamp="2014-10-08T07:35:38Z" changeset="25933711" uid="735" user="blackadder">
    <nd ref="2871243571"/>
    <nd ref="2871243570"/>
    <nd ref="2871243565"/>
    <nd ref="2871243564"/>
    <nd ref="2871243558"/>
    <nd ref="2871243559"/>
    <nd ref="2871243571"/>
    <tag k="addr:city" v="Kingsbury"/>
    <tag k="addr:housenumber" v="42"/>
    <tag k="addr:postcode" v="B78 2NJ"/>
    <tag k="addr:street" v="Hemlingford Road"/>
    <tag k="building" v="residential"/>
  </way>
  <way id="283225381" version="3" timestamp="2014-10-08T07:35:38Z" changeset="25933711" uid="735" user="blackadder">
    <nd ref="2871243851"/>
    <nd ref="2871243847"/>
    <nd ref="2871243837"/>
    <nd ref="2871243836"/>
    <nd ref="2871243827"/>
    <nd ref="2871243831"/>
    <nd ref="2871243832"/>
    <nd ref="2871243851"/>
    <tag k="addr:city" v="Kingsbury"/>
    <tag k="addr:housenumber" v="46"/>
    <tag k="addr:postcode" v="B78 2NH"/>
    <tag k="addr:street" v="Hill Side"/>
    <tag k="building" v="residential"/>
  </way>
  <way id="283225382" version="3" timestamp="2014-10-08T07:35:32Z" changeset="25933711" uid="735" user="blackadder">
    <nd ref="2871243846"/>
    <nd ref="2871243820"/>
    <nd ref="2871243810"/>
    <nd ref="2871243814"/>
    <nd ref="2871243809"/>
    <nd ref="2871243811"/>
    <nd ref="2871243833"/>
    <nd ref="2871243846"/>
    <tag k="addr:city" v="Kingsbury"/>
    <tag k="addr:housenumber" v="14"/>
    <tag k="addr:postcode" v="B78 2NJ"/>
    <tag k="addr:street" v="Hemlingford Road"/>
    <tag k="building" v="residential"/>
  </way>
  <way id="283225383" version="3" timestamp="2014-10-08T07:35:40Z" changeset="25933711" uid="735" user="blackadder">
    <nd ref="2871244104"/>
    <nd ref="2871244103"/>
    <nd ref="2871243892"/>
    <nd ref="2871243893"/>
    <nd ref="2871243877"/>
    <nd ref="2871243878"/>
    <nd ref="2871243879"/>
    <nd ref="2871244104"/>
    <tag k="addr:city" v="Kingsbury"/>
    <tag k="addr:housenumber" v="58"/>
    <tag k="addr:postcode" v="B78 2NJ"/>
    <tag k="addr:street" v="Hemlingford Road"/>
    <tag k="building" v="residential"/>
  </way>
  <way id="283225384" version="3" timestamp="2014-10-08T07:35:33Z" changeset="25933711" uid="735" user="blackadder">
    <nd ref="2871243560"/>
    <nd ref="2871243562"/>
    <nd ref="2871243552"/>
    <nd ref="2871243553"/>
    <nd ref="2871243549"/>
    <nd ref="2871243548"/>
    <nd ref="2871243556"/>
    <nd ref="2871243557"/>
    <nd ref="2871243560"/>
    <tag k="addr:city" v="Kingsbury"/>
    <tag k="addr:housenumber" v="18"/>
    <tag k="addr:postcode" v="B78 2NJ"/>
    <tag k="addr:street" v="Hemlingford Road"/>
    <tag k="building" v="residential"/>
  </way>
  <way id="283231613" version="2" timestamp="2024-12-31T16:02:33Z" changeset="160837920" uid="13078383" user="Keith Barnett">
    <nd ref="251326667"/>
    <nd ref="2871286402"/>
    <tag k="abutters" v="residential"/>
    <tag k="highway" v="residential"/>
    <tag k="name" v="Hemlingford Road"/>
    <tag k="surface" v="asphalt"/>
  </way>
  <way id="297237156" version="1" timestamp="2014-08-11T18:38:11Z" changeset="24685143" uid="22643" user="James Derrick">
    <nd ref="3010918612"/>
    <nd ref="3010918611"/>
    <nd ref="3010918609"/>
    <nd ref="3010918610"/>
    <nd ref="3010918612"/>
    <tag k="building" v="yes"/>
    <tag k="leisure" v="pitch"/>
    <tag k="name" v="Climbing tower"/>
    <tag k="source" v="Bing"/>
    <tag k="sport" v="climbing"/>
  </way>
  <way id="305535449" version="4" timestamp="2018-06-17T11:50:48Z" changeset="59912972" uid="6807745" user="Daniel Ravenscroft">
    <nd ref="1295499942"/>
    <nd ref="2321964189"/>
    <nd ref="31199810"/>
    <tag k="cycleway:both" v="no"/>
    <tag k="gritting" v="priority_1"/>
    <tag k="gritting_depot" v="Coleshill Heath Road"/>
    <tag k="gritting_operator" v="Warwickshire County Council"/>
    <tag k="gritting_route_ref" v="1"/>
    <tag k="gritting_route_revision" v="201110"/>
    <tag k="highway" v="primary"/>
    <tag k="maintenance" v="gritting"/>
    <tag k="maxspeed" v="30 mph"/>
    <tag k="maxspeed:type" v="sign"/>
    <tag k="name" v="High Street"/>
    <tag k="ref" v="A51"/>
    <tag k="surface" v="asphalt"/>
  </way>
  <way id="305535455" version="5" timestamp="2025-01-15T12:44:05Z" changeset="161379570" uid="5229644" user="Nathan_A_RF">
    <nd ref="125970863"/>
    <nd ref="125970865"/>
    <nd ref="247223117"/>
    <tag k="gritting" v="priority_1"/>
    <tag k="gritting_depot" v="Coleshill Heath Road"/>
    <tag k="gritting_operator" v="Warwickshire County Council"/>
    <tag k="gritting_route_ref" v="1"/>
    <tag k="gritting_route_revision" v="201110"/>
    <tag k="highway" v="tertiary"/>
    <tag k="highway_authority_ref" v="C8"/>
    <tag k="lanes" v="2"/>
    <tag k="maintenance" v="gritting"/>
    <tag k="maxspeed" v="60 mph"/>
    <tag k="maxspeed:type" v="GB:nsl_single"/>
    <tag k="name" v="Trinity Road"/>
    <tag k="surface" v="asphalt"/>
  </way>
  <way id="305535456" version="4" timestamp="2025-01-15T12:44:05Z" changeset="161379570" uid="5229644" user="Nathan_A_RF">
    <nd ref="3101748894"/>
    <nd ref="3101748896"/>
    <nd ref="680356322"/>
    <tag k="highway" v="tertiary"/>
    <tag k="highway_authority_ref" v="C8"/>
    <tag k="maxspeed" v="60 mph"/>
    <tag k="maxspeed:type" v="GB:nsl_single"/>
    <tag k="name" v="Trinity Road"/>
    <tag k="oneway" v="yes"/>
    <tag k="surface" v="asphalt"/>
  </way>
  <way id="305535457" version="5" timestamp="2025-01-15T12:44:05Z" changeset="161379570" uid="5229644" user="Nathan_A_RF">
    <nd ref="3135914483"/>
    <nd ref="3101748895"/>
    <nd ref="3101748894"/>
    <tag k="gritting" v="priority_1"/>
    <tag k="gritting_depot" v="Coleshill Heath Road"/>
    <tag k="gritting_operator" v="Warwickshire County Council"/>
    <tag k="gritting_route_ref" v="1"/>
    <tag k="gritting_route_revision" v="201110"/>
    <tag k="highway" v="tertiary"/>
    <tag k="highway_authority_ref" v="C8"/>
    <tag k="maintenance" v="gritting"/>
    <tag k="maxspeed" v="60 mph"/>
    <tag k="maxspeed:type" v="GB:nsl_single"/>
    <tag k="name" v="Trinity Road"/>
    <tag k="oneway" v="yes"/>
    <tag k="surface" v="asphalt"/>
  </way>
  <way id="305535458" version="4" timestamp="2025-01-15T12:44:05Z" changeset="161379570" uid="5229644" user="Nathan_A_RF">
    <nd ref="125970863"/>
    <nd ref="3101748903"/>
    <nd ref="3101748902"/>
    <nd ref="2440325705"/>
    <tag k="gritting" v="priority_1"/>
    <tag k="gritting_depot" v="Coleshill Heath Road"/>
    <tag k="gritting_operator" v="Warwickshire County Council"/>
    <tag k="gritting_route_ref" v="1"/>
    <tag k="gritting_route_revision" v="201110"/>
    <tag k="highway" v="tertiary"/>
    <tag k="highway_authority_ref" v="C8"/>
    <tag k="maintenance" v="gritting"/>
    <tag k="maxspeed" v="60 mph"/>
    <tag k="maxspeed:type" v="GB:nsl_single"/>
    <tag k="name" v="Trinity Road"/>
    <tag k="oneway" v="yes"/>
    <tag k="surface" v="asphalt"/>
  </way>
  <way id="305535459" version="2" timestamp="2014-10-17T21:16:42Z" changeset="26156795" uid="157964" user="tamritt">
    <nd ref="3135914484"/>
    <nd ref="3101748900"/>
    <tag k="gritting" v="priority_1"/>
    <tag k="gritting_depot" v="Coleshill Heath Road"/>
    <tag k="gritting_operator" v="Warwickshire County Council"/>
    <tag k="gritting_route_ref" v="1"/>
    <tag k="gritting_route_revision" v="201110"/>
    <tag k="highway" v="unclassified"/>
    <tag k="maintenance" v="gritting"/>
    <tag k="oneway" v="yes"/>
  </way>
  <way id="305535461" version="1" timestamp="2014-09-29T11:37:59Z" changeset="25744585" uid="735" user="blackadder">
    <nd ref="3101748900"/>
    <nd ref="3101748899"/>
    <nd ref="3101748897"/>
    <tag k="gritting" v="priority_1"/>
    <tag k="gritting_depot" v="Coleshill Heath Road"/>
    <tag k="gritting_operator" v="Warwickshire County Council"/>
    <tag k="gritting_route_ref" v="1"/>
    <tag k="gritting_route_revision" v="201110"/>
    <tag k="highway" v="unclassified"/>
    <tag k="maintenance" v="gritting"/>
    <tag k="oneway" v="yes"/>
  </way>
  <way id="305535466" version="3" timestamp="2025-01-15T12:44:05Z" changeset="161379570" uid="5229644" user="Nathan_A_RF">
    <nd ref="680356322"/>
    <nd ref="680356332"/>
    <nd ref="2596040442"/>
    <nd ref="680356335"/>
    <nd ref="2596040829"/>
    <nd ref="125970862"/>
    <tag k="highway" v="tertiary"/>
    <tag k="highway_authority_ref" v="C8"/>
    <tag k="junction" v="roundabout"/>
    <tag k="maxspeed" v="60 mph"/>
    <tag k="maxspeed:type" v="GB:nsl_single"/>
    <tag k="oneway" v="yes"/>
    <tag k="surface" v="asphalt"/>
  </way>
  <way id="305535467" version="4" timestamp="2025-01-15T12:44:05Z" changeset="161379570" uid="5229644" user="Nathan_A_RF">
    <nd ref="3135914483"/>
    <nd ref="2596039674"/>
    <nd ref="680356330"/>
    <nd ref="3101748898"/>
    <nd ref="680356322"/>
    <tag k="highway" v="tertiary"/>
    <tag k="highway_authority_ref" v="C8"/>
    <tag k="junction" v="roundabout"/>
    <tag k="maxspeed" v="60 mph"/>
    <tag k="maxspeed:type" v="GB:nsl_single"/>
    <tag k="oneway" v="yes"/>
    <tag k="surface" v="asphalt"/>
  </way>
  <way id="305535468" version="3" timestamp="2025-01-15T12:44:05Z" changeset="161379570" uid="5229644" user="Nathan_A_RF">
    <nd ref="2440325705"/>
    <nd ref="3135914484"/>
    <nd ref="2596040746"/>
    <nd ref="680356325"/>
    <nd ref="2440325704"/>
    <nd ref="2596039835"/>
    <nd ref="3101748897"/>
    <nd ref="3135914483"/>
    <tag k="highway" v="tertiary"/>
    <tag k="highway_authority_ref" v="C8"/>
    <tag k="junction" v="roundabout"/>
    <tag k="maxspeed" v="60 mph"/>
    <tag k="maxspeed:type" v="GB:nsl_single"/>
    <tag k="oneway" v="yes"/>
    <tag k="surface" v="asphalt"/>
  </way>
  <way id="305567607" version="10" timestamp="2024-09-28T10:33:40Z" changeset="157203301" uid="13078383" user="Keith Barnett">
    <nd ref="98101543"/>
    <nd ref="5647447371"/>
    <nd ref="705286345"/>
    <nd ref="2035297578"/>
    <nd ref="2035297561"/>
    <nd ref="4668391257"/>
    <nd ref="98101546"/>
    <nd ref="1485309632"/>
    <nd ref="3126851918"/>
    <nd ref="98101548"/>
    <nd ref="1229542607"/>
    <nd ref="1485309640"/>
    <nd ref="98101549"/>
    <nd ref="1229542617"/>
    <nd ref="1229541184"/>
    <nd ref="1229542839"/>
    <nd ref="3126851936"/>
    <nd ref="1229542230"/>
    <nd ref="3126851933"/>
    <nd ref="1229541207"/>
    <nd ref="3126851929"/>
    <nd ref="6552175512"/>
    <nd ref="1229541693"/>
    <nd ref="3126851926"/>
    <nd ref="1229542865"/>
    <nd ref="1229541980"/>
    <nd ref="2035297558"/>
    <nd ref="2035297628"/>
    <nd ref="1229542729"/>
    <nd ref="3126851938"/>
    <nd ref="1229542480"/>
    <nd ref="3126851939"/>
    <nd ref="98101551"/>
    <nd ref="3126851937"/>
    <nd ref="6380471440"/>
    <nd ref="98101554"/>
    <nd ref="3126851927"/>
    <nd ref="1229542088"/>
    <nd ref="3126851925"/>
    <nd ref="1229542351"/>
    <nd ref="1229542584"/>
    <nd ref="2035297591"/>
    <nd ref="7059352812"/>
    <nd ref="1229542831"/>
    <nd ref="3126851935"/>
    <nd ref="1229541153"/>
    <nd ref="3126851943"/>
    <nd ref="98101556"/>
    <tag k="gritting" v="priority_1"/>
    <tag k="gritting_depot" v="Coleshill Heath Road"/>
    <tag k="gritting_operator" v="Warwickshire County Council"/>
    <tag k="gritting_route_ref" v="2"/>
    <tag k="gritting_route_revision" v="201105"/>
    <tag k="highway" v="tertiary"/>
    <tag k="maintenance" v="gritting"/>
    <tag k="maxspeed" v="30 mph"/>
    <tag k="name" v="Knowle Hill"/>
    <tag k="surface" v="asphalt"/>
  </way>
  <way id="305567614" version="6" timestamp="2025-01-15T12:44:05Z" changeset="161379570" uid="5229644" user="Nathan_A_RF">
    <nd ref="247223117"/>
    <nd ref="603363823"/>
    <nd ref="603363824"/>
    <nd ref="125970868"/>
    <nd ref="603363958"/>
    <nd ref="603363959"/>
    <nd ref="60330684"/>
    <nd ref="603363960"/>
    <nd ref="603363961"/>
    <tag k="gritting" v="priority_1"/>
    <tag k="gritting_depot" v="Coleshill Heath Road"/>
    <tag k="gritting_operator" v="Warwickshire County Council"/>
    <tag k="gritting_route_ref" v="1"/>
    <tag k="gritting_route_revision" v="201110"/>
    <tag k="highway" v="tertiary"/>
    <tag k="highway_authority_ref" v="C8"/>
    <tag k="lanes" v="2"/>
    <tag k="maintenance" v="gritting"/>
    <tag k="maxspeed" v="60 mph"/>
    <tag k="maxspeed:type" v="GB:nsl_single"/>
    <tag k="name" v="Trinity Road"/>
    <tag k="sidewalk" v="no"/>
    <tag k="surface" v="asphalt"/>
  </way>
  <way id="306118491" version="4" timestamp="2014-10-08T07:35:37Z" changeset="25933711" uid="735" user="blackadder">
    <nd ref="3109362006"/>
    <nd ref="3109362007"/>
    <nd ref="3109361985"/>
    <nd ref="3109361984"/>
    <nd ref="3109362000"/>
    <nd ref="3109361999"/>
    <nd ref="3109362006"/>
    <tag k="addr:city" v="Kingsbury"/>
    <tag k="addr:housenumber" v="40"/>
    <tag k="addr:postcode" v="B78 2NH"/>
    <tag k="addr:street" v="Hill Side"/>
    <tag k="building" v="residential"/>
  </way>
  <way id="306118492" version="4" timestamp="2014-10-08T07:35:37Z" changeset="25933711" uid="735" user="blackadder">
    <nd ref="3109362013"/>
    <nd ref="3109362012"/>
    <nd ref="3109362025"/>
    <nd ref="3109362026"/>
    <nd ref="3109362018"/>
    <nd ref="3109362019"/>
    <nd ref="3109362009"/>
    <nd ref="3109362008"/>
    <nd ref="3109362013"/>
    <tag k="addr:city" v="Kingsbury"/>
    <tag k="addr:housenumber" v="38"/>
    <tag k="addr:postcode" v="B78 2NH"/>
    <tag k="addr:street" v="Hill Side"/>
    <tag k="building" v="residential"/>
  </way>
  <way id="306118496" version="3" timestamp="2014-10-08T07:35:43Z" changeset="25933711" uid="735" user="blackadder">
    <nd ref="3117579782"/>
    <nd ref="3109362137"/>
    <nd ref="3109362141"/>
    <nd ref="3117579783"/>
    <nd ref="3117579782"/>
    <tag k="addr:city" v="Kingsbury"/>
    <tag k="addr:housenumber" v="81"/>
    <tag k="addr:postcode" v="B78 2NB"/>
    <tag k="addr:street" v="Mill Crescent"/>
    <tag k="building" v="residential"/>
  </way>
  <way id="306118498" version="3" timestamp="2014-10-08T07:35:42Z" changeset="25933711" uid="735" user="blackadder">
    <nd ref="3117579787"/>
    <nd ref="3109362147"/>
    <nd ref="3109362152"/>
    <nd ref="3117579788"/>
    <nd ref="3117579787"/>
    <tag k="addr:city" v="Kingsbury"/>
    <tag k="addr:housenumber" v="73"/>
    <tag k="addr:postcode" v="B78 2NB"/>
    <tag k="addr:street" v="Mill Crescent"/>
    <tag k="building" v="residential"/>
  </way>
  <way id="306118502" version="3" timestamp="2014-10-08T07:35:44Z" changeset="25933711" uid="735" user="blackadder">
    <nd ref="3109361972"/>
    <nd ref="3109361980"/>
    <nd ref="3109361983"/>
    <nd ref="3109361996"/>
    <nd ref="3109362001"/>
    <nd ref="3109361997"/>
    <nd ref="3109362002"/>
    <nd ref="3109361988"/>
    <nd ref="3109361972"/>
    <tag k="addr:city" v="Kingsbury"/>
    <tag k="addr:postcode" v="B78 2NW"/>
    <tag k="addr:street" v="Mill Crescent"/>
    <tag k="building" v="retail"/>
    <tag k="name" v="Superchoice"/>
    <tag k="shop" v="convenience"/>
  </way>
  <way id="306118504" version="3" timestamp="2014-10-08T07:35:44Z" changeset="25933711" uid="735" user="blackadder">
    <nd ref="3109362014"/>
    <nd ref="3109362010"/>
    <nd ref="3109362004"/>
    <nd ref="3109362003"/>
    <nd ref="3109361992"/>
    <nd ref="3109362005"/>
    <nd ref="3109362014"/>
    <tag k="addr:city" v="Kingsbury"/>
    <tag k="addr:housenumber" v="91"/>
    <tag k="addr:postcode" v="B78 2NB"/>
    <tag k="addr:street" v="Mill Crescent"/>
    <tag k="building" v="residential"/>
  </way>
  <way id="306118505" version="3" timestamp="2014-10-08T07:35:43Z" changeset="25933711" uid="735" user="blackadder">
    <nd ref="3117579774"/>
    <nd ref="3109362027"/>
    <nd ref="3109362023"/>
    <nd ref="3109362021"/>
    <nd ref="3109362136"/>
    <nd ref="3117579781"/>
    <nd ref="3117579774"/>
    <tag k="addr:city" v="Kingsbury"/>
    <tag k="addr:housenumber" v="85"/>
    <tag k="addr:postcode" v="B78 2NB"/>
    <tag k="addr:street" v="Mill Crescent"/>
    <tag k="building" v="residential"/>
  </way>
  <way id="306118507" version="3" timestamp="2014-10-08T07:35:43Z" changeset="25933711" uid="735" user="blackadder">
    <nd ref="3117579784"/>
    <nd ref="3109362143"/>
    <nd ref="3109362142"/>
    <nd ref="3109362140"/>
    <nd ref="3109362145"/>
    <nd ref="3117579786"/>
    <nd ref="3117579784"/>
    <tag k="addr:city" v="Kingsbury"/>
    <tag k="addr:housenumber" v="77"/>
    <tag k="addr:postcode" v="B78 2NB"/>
    <tag k="addr:street" v="Mill Crescent"/>
    <tag k="building" v="residential"/>
  </way>
  <way id="306118508" version="3" timestamp="2014-10-08T07:35:42Z" changeset="25933711" uid="735" user="blackadder">
    <nd ref="3109362164"/>
    <nd ref="3109362160"/>
    <nd ref="3109362155"/>
    <nd ref="3109362154"/>
    <nd ref="3109362153"/>
    <nd ref="3109362157"/>
    <nd ref="3109362159"/>
    <nd ref="3109362161"/>
    <nd ref="3109362164"/>
    <tag k="addr:city" v="Kingsbury"/>
    <tag k="addr:housenumber" v="69"/>
    <tag k="addr:postcode" v="B78 2NB"/>
    <tag k="addr:street" v="Mill Crescent"/>
    <tag k="building" v="residential"/>
  </way>
  <way id="306118509" version="3" timestamp="2014-10-08T07:35:43Z" changeset="25933711" uid="735" user="blackadder">
    <nd ref="3117579772"/>
    <nd ref="3117579768"/>
    <nd ref="3109362004"/>
    <nd ref="3109362010"/>
    <nd ref="3109362011"/>
    <nd ref="3109362020"/>
    <nd ref="3109362016"/>
    <nd ref="3109362022"/>
    <nd ref="3117579772"/>
    <tag k="addr:city" v="Kingsbury"/>
    <tag k="addr:housenumber" v="89"/>
    <tag k="addr:postcode" v="B78 2NB"/>
    <tag k="addr:street" v="Mill Crescent"/>
    <tag k="building" v="residential"/>
  </way>
  <way id="306118510" version="3" timestamp="2014-10-08T07:35:41Z" changeset="25933711" uid="735" user="blackadder">
    <nd ref="3109362164"/>
    <nd ref="3109362167"/>
    <nd ref="3109362166"/>
    <nd ref="3109362168"/>
    <nd ref="3109362165"/>
    <nd ref="3109362162"/>
    <nd ref="3109362163"/>
    <nd ref="3109362160"/>
    <nd ref="3109362164"/>
    <tag k="addr:city" v="Kingsbury"/>
    <tag k="addr:housenumber" v="67"/>
    <tag k="addr:postcode" v="B78 2NB"/>
    <tag k="addr:street" v="Mill Crescent"/>
    <tag k="building" v="residential"/>
  </way>
  <way id="306120469" version="3" timestamp="2014-10-08T07:35:35Z" changeset="25933711" uid="735" user="blackadder">
    <nd ref="3109389503"/>
    <nd ref="3109389502"/>
    <nd ref="3109389500"/>
    <nd ref="3109389501"/>
    <nd ref="3109389503"/>
    <tag k="addr:city" v="Kingsbury"/>
    <tag k="addr:housenumber" v="28"/>
    <tag k="addr:postcode" v="B78 2NH"/>
    <tag k="addr:street" v="Hill Side"/>
    <tag k="building" v="residential"/>
  </way>
  <way id="306120470" version="3" timestamp="2014-10-08T07:35:34Z" changeset="25933711" uid="735" user="blackadder">
    <nd ref="3109389511"/>
    <nd ref="3109389509"/>
    <nd ref="3109389508"/>
    <nd ref="3109389510"/>
    <nd ref="3109389511"/>
    <tag k="addr:city" v="Kingsbury"/>
    <tag k="addr:housenumber" v="24"/>
    <tag k="addr:postcode" v="B78 2NH"/>
    <tag k="addr:street" v="Hill Side"/>
    <tag k="building" v="residential"/>
  </way>
  <way id="306120471" version="3" timestamp="2014-10-08T07:35:33Z" changeset="25933711" uid="735" user="blackadder">
    <nd ref="3109389527"/>
    <nd ref="3109389525"/>
    <nd ref="3109389526"/>
    <nd ref="3109389528"/>
    <nd ref="3109389527"/>
    <tag k="addr:city" v="Kingsbury"/>
    <tag k="addr:housenumber" v="16"/>
    <tag k="addr:postcode" v="B78 2NH"/>
    <tag k="addr:street" v="Hill Side"/>
    <tag k="building" v="residential"/>
  </way>
  <way id="306120472" version="3" timestamp="2014-10-08T07:35:33Z" changeset="25933711" uid="735" user="blackadder">
    <nd ref="3109389524"/>
    <nd ref="3109389523"/>
    <nd ref="3109389520"/>
    <nd ref="3109389521"/>
    <nd ref="3109389524"/>
    <tag k="addr:city" v="Kingsbury"/>
    <tag k="addr:housenumber" v="18"/>
    <tag k="addr:postcode" v="B78 2NH"/>
    <tag k="addr:street" v="Hill Side"/>
    <tag k="building" v="residential"/>
  </way>
  <way id="306120473" version="3" timestamp="2014-10-08T07:35:34Z" changeset="25933711" uid="735" user="blackadder">
    <nd ref="3109389512"/>
    <nd ref="3109389513"/>
    <nd ref="3109389511"/>
    <nd ref="3109389510"/>
    <nd ref="3109389512"/>
    <tag k="addr:city" v="Kingsbury"/>
    <tag k="addr:housenumber" v="22"/>
    <tag k="addr:postcode" v="B78 2NH"/>
    <tag k="addr:street" v="Hill Side"/>
    <tag k="building" v="residential"/>
  </way>
  <way id="306120474" version="3" timestamp="2014-10-08T07:35:31Z" changeset="25933711" uid="735" user="blackadder">
    <nd ref="3109389637"/>
    <nd ref="3109389636"/>
    <nd ref="3109389633"/>
    <nd ref="3109389634"/>
    <nd ref="3109389637"/>
    <tag k="addr:city" v="Kingsbury"/>
    <tag k="addr:housenumber" v="10"/>
    <tag k="addr:postcode" v="B78 2NH"/>
    <tag k="addr:street" v="Hill Side"/>
    <tag k="building" v="residential"/>
  </way>
  <way id="306120475" version="3" timestamp="2014-10-08T07:35:36Z" changeset="25933711" uid="735" user="blackadder">
    <nd ref="3109389487"/>
    <nd ref="3109389486"/>
    <nd ref="3109389484"/>
    <nd ref="3109389485"/>
    <nd ref="3109389487"/>
    <tag k="addr:city" v="Kingsbury"/>
    <tag k="addr:housenumber" v="34"/>
    <tag k="addr:postcode" v="B78 2NH"/>
    <tag k="addr:street" v="Hill Side"/>
    <tag k="building" v="residential"/>
  </way>
  <way id="306120476" version="3" timestamp="2014-10-08T07:35:34Z" changeset="25933711" uid="735" user="blackadder">
    <nd ref="3109389506"/>
    <nd ref="3109389507"/>
    <nd ref="3109389505"/>
    <nd ref="3109389504"/>
    <nd ref="3109389506"/>
    <tag k="addr:city" v="Kingsbury"/>
    <tag k="addr:housenumber" v="26"/>
    <tag k="addr:postcode" v="B78 2NH"/>
    <tag k="addr:street" v="Hill Side"/>
    <tag k="building" v="residential"/>
  </way>
  <way id="306120477" version="3" timestamp="2014-10-08T07:35:32Z" changeset="25933711" uid="735" user="blackadder">
    <nd ref="3109389629"/>
    <nd ref="3109389630"/>
    <nd ref="3109389528"/>
    <nd ref="3109389527"/>
    <nd ref="3109389629"/>
    <tag k="addr:city" v="Kingsbury"/>
    <tag k="addr:housenumber" v="14"/>
    <tag k="addr:postcode" v="B78 2NH"/>
    <tag k="addr:street" v="Hill Side"/>
    <tag k="building" v="residential"/>
  </way>
  <way id="306120478" version="3" timestamp="2014-10-08T07:35:32Z" changeset="25933711" uid="735" user="blackadder">
    <nd ref="3109389634"/>
    <nd ref="3109389635"/>
    <nd ref="3109389632"/>
    <nd ref="3109389631"/>
    <nd ref="3109389633"/>
    <nd ref="3109389634"/>
    <tag k="addr:city" v="Kingsbury"/>
    <tag k="addr:housenumber" v="12"/>
    <tag k="addr:postcode" v="B78 2NH"/>
    <tag k="addr:street" v="Hill Side"/>
    <tag k="building" v="residential"/>
  </way>
  <way id="306120479" version="3" timestamp="2014-10-08T07:35:36Z" changeset="25933711" uid="735" user="blackadder">
    <nd ref="3109389483"/>
    <nd ref="3109389482"/>
    <nd ref="3109389478"/>
    <nd ref="3109389479"/>
    <nd ref="3109389480"/>
    <nd ref="3109389481"/>
    <nd ref="3109389483"/>
    <tag k="addr:city" v="Kingsbury"/>
    <tag k="addr:housenumber" v="36"/>
    <tag k="addr:postcode" v="B78 2NH"/>
    <tag k="addr:street" v="Hill Side"/>
    <tag k="building" v="residential"/>
  </way>
  <way id="306120480" version="3" timestamp="2014-10-08T07:35:35Z" changeset="25933711" uid="735" user="blackadder">
    <nd ref="3109389499"/>
    <nd ref="3109389498"/>
    <nd ref="3109389496"/>
    <nd ref="3109389497"/>
    <nd ref="3109389494"/>
    <nd ref="3109389495"/>
    <nd ref="3109389499"/>
    <tag k="addr:city" v="Kingsbury"/>
    <tag k="addr:housenumber" v="30"/>
    <tag k="addr:postcode" v="B78 2NH"/>
    <tag k="addr:street" v="Hill Side"/>
    <tag k="building" v="residential"/>
  </way>
  <way id="306120481" version="3" timestamp="2014-10-08T07:35:36Z" changeset="25933711" uid="735" user="blackadder">
    <nd ref="3109389493"/>
    <nd ref="3109389492"/>
    <nd ref="3109389490"/>
    <nd ref="3109389491"/>
    <nd ref="3109389488"/>
    <nd ref="3109389489"/>
    <nd ref="3109389493"/>
    <tag k="addr:city" v="Kingsbury"/>
    <tag k="addr:housenumber" v="32"/>
    <tag k="addr:postcode" v="B78 2NH"/>
    <tag k="addr:street" v="Hill Side"/>
    <tag k="building" v="residential"/>
  </way>
  <way id="306120482" version="3" timestamp="2014-10-08T07:35:34Z" changeset="25933711" uid="735" user="blackadder">
    <nd ref="3109389520"/>
    <nd ref="3109389516"/>
    <nd ref="3109389517"/>
    <nd ref="3109389514"/>
    <nd ref="3109389515"/>
    <nd ref="3109389518"/>
    <nd ref="3109389519"/>
    <nd ref="3109389522"/>
    <nd ref="3109389521"/>
    <nd ref="3109389520"/>
    <tag k="addr:city" v="Kingsbury"/>
    <tag k="addr:housenumber" v="20"/>
    <tag k="addr:postcode" v="B78 2NH"/>
    <tag k="addr:street" v="Hill Side"/>
    <tag k="building" v="residential"/>
  </way>
  <way id="306124671" version="3" timestamp="2014-10-08T07:35:40Z" changeset="25933711" uid="735" user="blackadder">
    <nd ref="3109436308"/>
    <nd ref="3109436305"/>
    <nd ref="3109436306"/>
    <nd ref="3109436302"/>
    <nd ref="3109436301"/>
    <nd ref="3109436300"/>
    <nd ref="3109436299"/>
    <nd ref="3109436303"/>
    <nd ref="3109436304"/>
    <nd ref="3109436307"/>
    <nd ref="3109436308"/>
    <tag k="addr:city" v="Kingsbury"/>
    <tag k="addr:housenumber" v="57"/>
    <tag k="addr:postcode" v="B78 2NB"/>
    <tag k="addr:street" v="Mill Crescent"/>
    <tag k="building" v="residential"/>
  </way>
  <way id="306124672" version="3" timestamp="2014-10-08T07:35:41Z" changeset="25933711" uid="735" user="blackadder">
    <nd ref="3109436288"/>
    <nd ref="3109436285"/>
    <nd ref="3109436284"/>
    <nd ref="3109436287"/>
    <nd ref="3109436288"/>
    <tag k="addr:city" v="Kingsbury"/>
    <tag k="addr:housenumber" v="65"/>
    <tag k="addr:postcode" v="B78 2NB"/>
    <tag k="addr:street" v="Mill Crescent"/>
    <tag k="building" v="residential"/>
  </way>
  <way id="306124673" version="3" timestamp="2014-10-08T07:35:37Z" changeset="25933711" uid="735" user="blackadder">
    <nd ref="3109436446"/>
    <nd ref="3109436440"/>
    <nd ref="3109436439"/>
    <nd ref="3109436445"/>
    <nd ref="3109436446"/>
    <tag k="addr:city" v="Kingsbury"/>
    <tag k="addr:housenumber" v="4"/>
    <tag k="addr:postcode" v="B78 2NH"/>
    <tag k="addr:street" v="Hill Side"/>
    <tag k="building" v="residential"/>
  </way>
  <way id="306124674" version="3" timestamp="2014-10-08T07:35:40Z" changeset="25933711" uid="735" user="blackadder">
    <nd ref="3109436298"/>
    <nd ref="3109436297"/>
    <nd ref="3109436295"/>
    <nd ref="3109436296"/>
    <nd ref="3109436298"/>
    <tag k="addr:city" v="Kingsbury"/>
    <tag k="addr:housenumber" v="59"/>
    <tag k="addr:postcode" v="B78 2NB"/>
    <tag k="addr:street" v="Mill Crescent"/>
    <tag k="building" v="residential"/>
  </way>
  <way id="306124675" version="3" timestamp="2014-10-08T07:35:38Z" changeset="25933711" uid="735" user="blackadder">
    <nd ref="3109436456"/>
    <nd ref="3109436455"/>
    <nd ref="3109436449"/>
    <nd ref="3109436450"/>
    <nd ref="3109436456"/>
    <tag k="addr:city" v="Kingsbury"/>
    <tag k="addr:housenumber" v="43"/>
    <tag k="addr:postcode" v="B78 2NB"/>
    <tag k="addr:street" v="Mill Crescent"/>
    <tag k="building" v="residential"/>
  </way>
  <way id="306124676" version="3" timestamp="2014-10-08T07:35:43Z" changeset="25933711" uid="735" user="blackadder">
    <nd ref="3109436430"/>
    <nd ref="3109436324"/>
    <nd ref="3109436323"/>
    <nd ref="3109436429"/>
    <nd ref="3109436430"/>
    <tag k="addr:city" v="Kingsbury"/>
    <tag k="addr:housenumber" v="8"/>
    <tag k="addr:postcode" v="B78 2NH"/>
    <tag k="addr:street" v="Hill Side"/>
    <tag k="building" v="residential"/>
  </way>
  <way id="306124677" version="3" timestamp="2014-10-08T07:35:40Z" changeset="25933711" uid="735" user="blackadder">
    <nd ref="3109436434"/>
    <nd ref="3109436433"/>
    <nd ref="3109436429"/>
    <nd ref="3109436430"/>
    <nd ref="3109436434"/>
    <tag k="addr:city" v="Kingsbury"/>
    <tag k="addr:housenumber" v="6"/>
    <tag k="addr:postcode" v="B78 2NH"/>
    <tag k="addr:street" v="Hill Side"/>
    <tag k="building" v="residential"/>
  </way>
  <way id="306124678" version="3" timestamp="2014-10-08T07:35:39Z" changeset="25933711" uid="735" user="blackadder">
    <nd ref="3109436320"/>
    <nd ref="3109436319"/>
    <nd ref="3109436317"/>
    <nd ref="3109436318"/>
    <nd ref="3109436320"/>
    <tag k="addr:city" v="Kingsbury"/>
    <tag k="addr:housenumber" v="51"/>
    <tag k="addr:postcode" v="B78 2NB"/>
    <tag k="addr:street" v="Mill Crescent"/>
    <tag k="building" v="residential"/>
  </way>
  <way id="306124679" version="3" timestamp="2014-10-08T07:35:40Z" changeset="25933711" uid="735" user="blackadder">
    <nd ref="3109436310"/>
    <nd ref="3109436309"/>
    <nd ref="3109436307"/>
    <nd ref="3109436308"/>
    <nd ref="3109436310"/>
    <tag k="addr:city" v="Kingsbury"/>
    <tag k="addr:housenumber" v="55"/>
    <tag k="addr:postcode" v="B78 2NB"/>
    <tag k="addr:street" v="Mill Crescent"/>
    <tag k="building" v="residential"/>
  </way>
  <way id="306124680" version="3" timestamp="2014-10-08T07:35:39Z" changeset="25933711" uid="735" user="blackadder">
    <nd ref="3109436436"/>
    <nd ref="3109436435"/>
    <nd ref="3109436431"/>
    <nd ref="3109436432"/>
    <nd ref="3109436436"/>
    <tag k="addr:city" v="Kingsbury"/>
    <tag k="addr:housenumber" v="47"/>
    <tag k="addr:postcode" v="B78 2NB"/>
    <tag k="addr:street" v="Mill Crescent"/>
    <tag k="building" v="residential"/>
  </way>
  <way id="306124681" version="3" timestamp="2014-10-08T07:35:41Z" changeset="25933711" uid="735" user="blackadder">
    <nd ref="3109436290"/>
    <nd ref="3109436289"/>
    <nd ref="3109436286"/>
    <nd ref="3109436287"/>
    <nd ref="3109436288"/>
    <nd ref="3109436290"/>
    <tag k="addr:city" v="Kingsbury"/>
    <tag k="addr:housenumber" v="63"/>
    <tag k="addr:postcode" v="B78 2NB"/>
    <tag k="addr:street" v="Mill Crescent"/>
    <tag k="building" v="residential"/>
  </way>
  <way id="306124682" version="3" timestamp="2014-10-08T07:35:39Z" changeset="25933711" uid="735" user="blackadder">
    <nd ref="3109436325"/>
    <nd ref="3109436326"/>
    <nd ref="3109436327"/>
    <nd ref="3109436328"/>
    <nd ref="3109436322"/>
    <nd ref="3109436321"/>
    <nd ref="3109436325"/>
    <tag k="addr:city" v="Kingsbury"/>
    <tag k="addr:housenumber" v="49"/>
    <tag k="addr:postcode" v="B78 2NB"/>
    <tag k="addr:street" v="Mill Crescent"/>
    <tag k="building" v="residential"/>
  </way>
  <way id="306124683" version="3" timestamp="2014-10-08T07:35:41Z" changeset="25933711" uid="735" user="blackadder">
    <nd ref="3109436296"/>
    <nd ref="3109436293"/>
    <nd ref="3109436294"/>
    <nd ref="3109436292"/>
    <nd ref="3109436291"/>
    <nd ref="3109436295"/>
    <nd ref="3109436296"/>
    <tag k="addr:city" v="Kingsbury"/>
    <tag k="addr:housenumber" v="61"/>
    <tag k="addr:postcode" v="B78 2NB"/>
    <tag k="addr:street" v="Mill Crescent"/>
    <tag k="building" v="residential"/>
  </way>
  <way id="306124684" version="3" timestamp="2014-10-08T07:35:33Z" changeset="25933711" uid="735" user="blackadder">
    <nd ref="3109436454"/>
    <nd ref="3109436453"/>
    <nd ref="3109436452"/>
    <nd ref="3109436451"/>
    <nd ref="3109436445"/>
    <nd ref="3109436446"/>
    <nd ref="3109436454"/>
    <tag k="addr:city" v="Kingsbury"/>
    <tag k="addr:housenumber" v="2"/>
    <tag k="addr:postcode" v="B78 2NH"/>
    <tag k="addr:street" v="Hill Side"/>
    <tag k="building" v="residential"/>
  </way>
  <way id="306124685" version="3" timestamp="2014-10-08T07:35:38Z" changeset="25933711" uid="735" user="blackadder">
    <nd ref="3109436443"/>
    <nd ref="3109436444"/>
    <nd ref="3109436447"/>
    <nd ref="3109436448"/>
    <nd ref="3109436442"/>
    <nd ref="3109436441"/>
    <nd ref="3109436438"/>
    <nd ref="3109436437"/>
    <nd ref="3109436443"/>
    <tag k="addr:city" v="Kingsbury"/>
    <tag k="addr:housenumber" v="45"/>
    <tag k="addr:postcode" v="B78 2NB"/>
    <tag k="addr:street" v="Mill Crescent"/>
    <tag k="building" v="residential"/>
  </way>
  <way id="306124686" version="3" timestamp="2014-10-08T07:35:40Z" changeset="25933711" uid="735" user="blackadder">
    <nd ref="3109436318"/>
    <nd ref="3109436316"/>
    <nd ref="3109436315"/>
    <nd ref="3109436312"/>
    <nd ref="3109436311"/>
    <nd ref="3109436313"/>
    <nd ref="3109436314"/>
    <nd ref="3109436317"/>
    <nd ref="3109436318"/>
    <tag k="addr:city" v="Kingsbury"/>
    <tag k="addr:housenumber" v="53"/>
    <tag k="addr:postcode" v="B78 2NB"/>
    <tag k="addr:street" v="Mill Crescent"/>
    <tag k="building" v="residential"/>
  </way>
  <way id="306737935" version="3" timestamp="2014-10-08T07:35:42Z" changeset="25933711" uid="735" user="blackadder">
    <nd ref="3117134063"/>
    <nd ref="3117134060"/>
    <nd ref="3117134061"/>
    <nd ref="3117134064"/>
    <nd ref="3117134063"/>
    <tag k="addr:city" v="Kingsbury"/>
    <tag k="addr:housenumber" v="74"/>
    <tag k="addr:postcode" v="B78 2NW"/>
    <tag k="addr:street" v="Mill Crescent"/>
    <tag k="building" v="residential"/>
  </way>
  <way id="306737936" version="3" timestamp="2014-10-08T07:35:42Z" changeset="25933711" uid="735" user="blackadder">
    <nd ref="3117134064"/>
    <nd ref="3117134065"/>
    <nd ref="3117134062"/>
    <nd ref="3117134061"/>
    <nd ref="3117134064"/>
    <tag k="addr:city" v="Kingsbury"/>
    <tag k="addr:housenumber" v="72"/>
    <tag k="addr:postcode" v="B78 2NW"/>
    <tag k="addr:street" v="Mill Crescent"/>
    <tag k="building" v="residential"/>
  </way>
  <way id="306771331" version="2" timestamp="2014-10-08T07:35:41Z" changeset="25933711" uid="735" user="blackadder">
    <nd ref="3117579777"/>
    <nd ref="3117579778"/>
    <nd ref="3117579771"/>
    <nd ref="3117579770"/>
    <nd ref="3117579777"/>
    <tag k="addr:city" v="Kingsbury"/>
    <tag k="addr:housenumber" v="68"/>
    <tag k="addr:postcode" v="B78 2NW"/>
    <tag k="addr:street" v="Mill Crescent"/>
    <tag k="building" v="residential"/>
  </way>
  <way id="306771332" version="2" timestamp="2014-10-08T07:35:42Z" changeset="25933711" uid="735" user="blackadder">
    <nd ref="3117579773"/>
    <nd ref="3117579777"/>
    <nd ref="3117579770"/>
    <nd ref="3117579769"/>
    <nd ref="3117579773"/>
    <tag k="addr:city" v="Kingsbury"/>
    <tag k="addr:housenumber" v="70"/>
    <tag k="addr:postcode" v="B78 2NW"/>
    <tag k="addr:street" v="Mill Crescent"/>
    <tag k="building" v="residential"/>
  </way>
  <way id="306771333" version="2" timestamp="2014-10-08T07:35:42Z" changeset="25933711" uid="735" user="blackadder">
    <nd ref="3117579787"/>
    <nd ref="3117579788"/>
    <nd ref="3109362156"/>
    <nd ref="3109362151"/>
    <nd ref="3117579787"/>
    <tag k="addr:city" v="Kingsbury"/>
    <tag k="addr:housenumber" v="71"/>
    <tag k="addr:postcode" v="B78 2NB"/>
    <tag k="addr:street" v="Mill Crescent"/>
    <tag k="building" v="residential"/>
  </way>
  <way id="306771334" version="2" timestamp="2014-10-08T07:35:42Z" changeset="25933711" uid="735" user="blackadder">
    <nd ref="3117579786"/>
    <nd ref="3109362150"/>
    <nd ref="3109362146"/>
    <nd ref="3117579784"/>
    <nd ref="3117579786"/>
    <tag k="addr:city" v="Kingsbury"/>
    <tag k="addr:housenumber" v="75"/>
    <tag k="addr:postcode" v="B78 2NB"/>
    <tag k="addr:street" v="Mill Crescent"/>
    <tag k="building" v="residential"/>
  </way>
  <way id="306771335" version="2" timestamp="2014-10-08T07:35:43Z" changeset="25933711" uid="735" user="blackadder">
    <nd ref="3117579783"/>
    <nd ref="3109362144"/>
    <nd ref="3109362139"/>
    <nd ref="3117579782"/>
    <nd ref="3117579783"/>
    <tag k="addr:city" v="Kingsbury"/>
    <tag k="addr:housenumber" v="79"/>
    <tag k="addr:postcode" v="B78 2NB"/>
    <tag k="addr:street" v="Mill Crescent"/>
    <tag k="building" v="residential"/>
  </way>
  <way id="306771336" version="2" timestamp="2014-10-08T07:35:43Z" changeset="25933711" uid="735" user="blackadder">
    <nd ref="3117579781"/>
    <nd ref="3109362138"/>
    <nd ref="3109362135"/>
    <nd ref="3117579774"/>
    <nd ref="3117579781"/>
    <tag k="addr:city" v="Kingsbury"/>
    <tag k="addr:housenumber" v="83"/>
    <tag k="addr:postcode" v="B78 2NB"/>
    <tag k="addr:street" v="Mill Crescent"/>
    <tag k="building" v="residential"/>
  </way>
  <way id="306771337" version="2" timestamp="2014-10-08T07:35:43Z" changeset="25933711" uid="735" user="blackadder">
    <nd ref="3117579768"/>
    <nd ref="3117579772"/>
    <nd ref="3109362133"/>
    <nd ref="3109362017"/>
    <nd ref="3117579768"/>
    <tag k="addr:city" v="Kingsbury"/>
    <tag k="addr:housenumber" v="87"/>
    <tag k="addr:postcode" v="B78 2NB"/>
    <tag k="addr:street" v="Mill Crescent"/>
    <tag k="building" v="residential"/>
  </way>
  <way id="306795318" version="2" timestamp="2014-10-10T20:24:50Z" changeset="25990987" uid="735" user="blackadder">
    <nd ref="3118007756"/>
    <nd ref="3123032504"/>
    <nd ref="3123032514"/>
    <nd ref="3123032513"/>
    <nd ref="3118007755"/>
    <nd ref="3118007740"/>
    <nd ref="3118007741"/>
    <nd ref="3118007756"/>
    <tag k="addr:city" v="Kingsbury"/>
    <tag k="addr:housenumber" v="1"/>
    <tag k="addr:street" v="Hill Side"/>
    <tag k="building" v="yes"/>
  </way>
  <way id="306795319" version="1" timestamp="2014-10-08T07:28:33Z" changeset="25933614" uid="735" user="blackadder">
    <nd ref="3118007752"/>
    <nd ref="3118007751"/>
    <nd ref="3118007735"/>
    <nd ref="3118007737"/>
    <nd ref="3118007752"/>
    <tag k="addr:city" v="Kingsbury"/>
    <tag k="addr:housenumber" v="11"/>
    <tag k="addr:street" v="Hill Side"/>
    <tag k="building" v="yes"/>
  </way>
  <way id="306795320" version="2" timestamp="2014-10-08T07:35:32Z" changeset="25933711" uid="735" user="blackadder">
    <nd ref="3118007628"/>
    <nd ref="3118007627"/>
    <nd ref="3118007618"/>
    <nd ref="3118007619"/>
    <nd ref="3118007628"/>
    <tag k="addr:city" v="Kingsbury"/>
    <tag k="addr:housenumber" v="13"/>
    <tag k="addr:postcode" v="B78 2ND"/>
    <tag k="addr:street" v="Hill Side"/>
    <tag k="building" v="yes"/>
  </way>
  <way id="306795322" version="3" timestamp="2014-10-10T20:24:50Z" changeset="25990987" uid="735" user="blackadder">
    <nd ref="3118007619"/>
    <nd ref="3118007618"/>
    <nd ref="3123032477"/>
    <nd ref="3123032470"/>
    <nd ref="3123032469"/>
    <nd ref="3123032467"/>
    <nd ref="3123032468"/>
    <nd ref="3118007614"/>
    <nd ref="3118007615"/>
    <nd ref="3118007619"/>
    <tag k="addr:city" v="Kingsbury"/>
    <tag k="addr:housenumber" v="15"/>
    <tag k="addr:postcode" v="B78 2ND"/>
    <tag k="addr:street" v="Hill Side"/>
    <tag k="building" v="yes"/>
  </way>
  <way id="306795323" version="2" timestamp="2014-10-08T07:35:33Z" changeset="25933711" uid="735" user="blackadder">
    <nd ref="3118007608"/>
    <nd ref="3118007607"/>
    <nd ref="3118007603"/>
    <nd ref="3118007604"/>
    <nd ref="3118007608"/>
    <tag k="addr:city" v="Kingsbury"/>
    <tag k="addr:housenumber" v="17"/>
    <tag k="addr:postcode" v="B78 2ND"/>
    <tag k="addr:street" v="Hill Side"/>
    <tag k="building" v="yes"/>
  </way>
  <way id="306795325" version="2" timestamp="2014-10-08T07:35:33Z" changeset="25933711" uid="735" user="blackadder">
    <nd ref="3118007603"/>
    <nd ref="3118007599"/>
    <nd ref="3118007600"/>
    <nd ref="3118007604"/>
    <nd ref="3118007603"/>
    <tag k="addr:city" v="Kingsbury"/>
    <tag k="addr:housenumber" v="19"/>
    <tag k="addr:postcode" v="B78 2ND"/>
    <tag k="addr:street" v="Hill Side"/>
    <tag k="building" v="yes"/>
  </way>
  <way id="306795326" version="2" timestamp="2014-10-08T07:35:34Z" changeset="25933711" uid="735" user="blackadder">
    <nd ref="3118007597"/>
    <nd ref="3118007596"/>
    <nd ref="3118007592"/>
    <nd ref="3118007593"/>
    <nd ref="3118007597"/>
    <tag k="addr:city" v="Kingsbury"/>
    <tag k="addr:housenumber" v="21"/>
    <tag k="addr:postcode" v="B78 2ND"/>
    <tag k="addr:street" v="Hill Side"/>
    <tag k="building" v="yes"/>
  </way>
  <way id="306795327" version="2" timestamp="2014-10-08T07:35:34Z" changeset="25933711" uid="735" user="blackadder">
    <nd ref="3118007593"/>
    <nd ref="3118007592"/>
    <nd ref="3118007588"/>
    <nd ref="3118007589"/>
    <nd ref="3118007590"/>
    <nd ref="3118007591"/>
    <nd ref="3118007593"/>
    <tag k="addr:city" v="Kingsbury"/>
    <tag k="addr:housenumber" v="23"/>
    <tag k="addr:postcode" v="B78 2ND"/>
    <tag k="addr:street" v="Hill Side"/>
    <tag k="building" v="yes"/>
  </way>
  <way id="306795328" version="2" timestamp="2014-10-08T07:35:34Z" changeset="25933711" uid="735" user="blackadder">
    <nd ref="3118007586"/>
    <nd ref="3118007585"/>
    <nd ref="3118007583"/>
    <nd ref="3118007584"/>
    <nd ref="3118007586"/>
    <tag k="addr:city" v="Kingsbury"/>
    <tag k="addr:housenumber" v="25"/>
    <tag k="addr:postcode" v="B78 2ND"/>
    <tag k="addr:street" v="Hill Side"/>
    <tag k="building" v="yes"/>
  </way>
  <way id="306795330" version="2" timestamp="2014-10-08T07:35:35Z" changeset="25933711" uid="735" user="blackadder">
    <nd ref="3118007583"/>
    <nd ref="3118007581"/>
    <nd ref="3118007582"/>
    <nd ref="3118007584"/>
    <nd ref="3118007583"/>
    <tag k="addr:city" v="Kingsbury"/>
    <tag k="addr:housenumber" v="27"/>
    <tag k="addr:postcode" v="B78 2ND"/>
    <tag k="addr:street" v="Hill Side"/>
    <tag k="building" v="yes"/>
  </way>
  <way id="306795331" version="2" timestamp="2014-10-08T07:35:35Z" changeset="25933711" uid="735" user="blackadder">
    <nd ref="3118007579"/>
    <nd ref="3118007580"/>
    <nd ref="3118007577"/>
    <nd ref="3118007576"/>
    <nd ref="3118007579"/>
    <tag k="addr:city" v="Kingsbury"/>
    <tag k="addr:housenumber" v="29"/>
    <tag k="addr:postcode" v="B78 2ND"/>
    <tag k="addr:street" v="Hill Side"/>
    <tag k="building" v="yes"/>
  </way>
  <way id="306795332" version="1" timestamp="2014-10-08T07:28:33Z" changeset="25933614" uid="735" user="blackadder">
    <nd ref="3118007755"/>
    <nd ref="3118007754"/>
    <nd ref="3118007739"/>
    <nd ref="3118007740"/>
    <nd ref="3118007755"/>
    <tag k="addr:city" v="Kingsbury"/>
    <tag k="addr:housenumber" v="3"/>
    <tag k="addr:street" v="Hill Side"/>
    <tag k="building" v="yes"/>
  </way>
  <way id="306795333" version="2" timestamp="2014-10-08T07:35:35Z" changeset="25933711" uid="735" user="blackadder">
    <nd ref="3118007577"/>
    <nd ref="3118007574"/>
    <nd ref="3118007573"/>
    <nd ref="3118007576"/>
    <nd ref="3118007577"/>
    <tag k="addr:city" v="Kingsbury"/>
    <tag k="addr:housenumber" v="31"/>
    <tag k="addr:postcode" v="B78 2ND"/>
    <tag k="addr:street" v="Hill Side"/>
    <tag k="building" v="yes"/>
  </way>
  <way id="306795334" version="2" timestamp="2014-10-08T07:35:36Z" changeset="25933711" uid="735" user="blackadder">
    <nd ref="3118007567"/>
    <nd ref="3118007566"/>
    <nd ref="3118007560"/>
    <nd ref="3118007561"/>
    <nd ref="3118007567"/>
    <tag k="addr:city" v="Kingsbury"/>
    <tag k="addr:housenumber" v="33"/>
    <tag k="addr:postcode" v="B78 2ND"/>
    <tag k="addr:street" v="Hill Side"/>
    <tag k="building" v="yes"/>
  </way>
  <way id="306795336" version="2" timestamp="2014-10-08T07:35:36Z" changeset="25933711" uid="735" user="blackadder">
    <nd ref="3118007560"/>
    <nd ref="3118007557"/>
    <nd ref="3118007558"/>
    <nd ref="3118007561"/>
    <nd ref="3118007560"/>
    <tag k="addr:city" v="Kingsbury"/>
    <tag k="addr:housenumber" v="35"/>
    <tag k="addr:postcode" v="B78 2ND"/>
    <tag k="addr:street" v="Hill Side"/>
    <tag k="building" v="yes"/>
  </way>
  <way id="306795337" version="2" timestamp="2014-10-08T07:35:37Z" changeset="25933711" uid="735" user="blackadder">
    <nd ref="3118007553"/>
    <nd ref="3118007550"/>
    <nd ref="3118007539"/>
    <nd ref="3118007540"/>
    <nd ref="3118007553"/>
    <tag k="addr:city" v="Kingsbury"/>
    <tag k="addr:housenumber" v="37"/>
    <tag k="addr:postcode" v="B78 2ND"/>
    <tag k="addr:street" v="Hill Side"/>
    <tag k="building" v="yes"/>
  </way>
  <way id="306795338" version="2" timestamp="2014-10-08T07:35:37Z" changeset="25933711" uid="735" user="blackadder">
    <nd ref="3118007552"/>
    <nd ref="3118007551"/>
    <nd ref="3118007535"/>
    <nd ref="3118007537"/>
    <nd ref="3118007552"/>
    <tag k="addr:city" v="Kingsbury"/>
    <tag k="addr:housenumber" v="39"/>
    <tag k="addr:postcode" v="B78 2ND"/>
    <tag k="addr:street" v="Hill Side"/>
    <tag k="building" v="yes"/>
  </way>
  <way id="306795339" version="2" timestamp="2014-10-08T07:35:38Z" changeset="25933711" uid="735" user="blackadder">
    <nd ref="3118007555"/>
    <nd ref="3118007554"/>
    <nd ref="3118007532"/>
    <nd ref="3118007533"/>
    <nd ref="3118007555"/>
    <tag k="addr:city" v="Kingsbury"/>
    <tag k="addr:housenumber" v="41"/>
    <tag k="addr:postcode" v="B78 2ND"/>
    <tag k="addr:street" v="Hill Side"/>
    <tag k="building" v="yes"/>
  </way>
  <way id="306795340" version="2" timestamp="2014-10-08T07:35:38Z" changeset="25933711" uid="735" user="blackadder">
    <nd ref="3118007548"/>
    <nd ref="3118007547"/>
    <nd ref="3118007544"/>
    <nd ref="3118007543"/>
    <nd ref="3118007530"/>
    <nd ref="3118007531"/>
    <nd ref="3118007548"/>
    <tag k="addr:city" v="Kingsbury"/>
    <tag k="addr:housenumber" v="43"/>
    <tag k="addr:postcode" v="B78 2ND"/>
    <tag k="addr:street" v="Hill Side"/>
    <tag k="building" v="yes"/>
  </way>
  <way id="306795342" version="2" timestamp="2014-10-08T07:35:38Z" changeset="25933711" uid="735" user="blackadder">
    <nd ref="3118007401"/>
    <nd ref="3118007400"/>
    <nd ref="3118007393"/>
    <nd ref="3118007392"/>
    <nd ref="3118007383"/>
    <nd ref="3118007384"/>
    <nd ref="3118007401"/>
    <tag k="addr:city" v="Kingsbury"/>
    <tag k="addr:housenumber" v="45"/>
    <tag k="addr:postcode" v="B78 2ND"/>
    <tag k="addr:street" v="Hill Side"/>
    <tag k="building" v="yes"/>
  </way>
  <way id="306795344" version="2" timestamp="2014-10-08T07:35:38Z" changeset="25933711" uid="735" user="blackadder">
    <nd ref="3118007398"/>
    <nd ref="3118007397"/>
    <nd ref="3118007386"/>
    <nd ref="3118007387"/>
    <nd ref="3118007398"/>
    <tag k="addr:city" v="Kingsbury"/>
    <tag k="addr:housenumber" v="47"/>
    <tag k="addr:postcode" v="B78 2ND"/>
    <tag k="addr:street" v="Hill Side"/>
    <tag k="building" v="yes"/>
  </way>
  <way id="306795345" version="2" timestamp="2014-10-08T07:35:39Z" changeset="25933711" uid="735" user="blackadder">
    <nd ref="3118007405"/>
    <nd ref="3118007406"/>
    <nd ref="3118007395"/>
    <nd ref="3118007394"/>
    <nd ref="3118007405"/>
    <tag k="addr:city" v="Kingsbury"/>
    <tag k="addr:housenumber" v="49"/>
    <tag k="addr:postcode" v="B78 2ND"/>
    <tag k="addr:street" v="Hill Side"/>
    <tag k="building" v="yes"/>
  </way>
  <way id="306795347" version="2" timestamp="2014-10-10T20:24:50Z" changeset="25990987" uid="735" user="blackadder">
    <nd ref="3118007759"/>
    <nd ref="3123032521"/>
    <nd ref="3118007758"/>
    <nd ref="3118007746"/>
    <nd ref="3118007747"/>
    <nd ref="3123032493"/>
    <nd ref="3123032494"/>
    <nd ref="3123032516"/>
    <nd ref="3123032515"/>
    <nd ref="3118007759"/>
    <tag k="addr:city" v="Kingsbury"/>
    <tag k="addr:housenumber" v="5"/>
    <tag k="addr:street" v="Hill Side"/>
    <tag k="building" v="yes"/>
  </way>
  <way id="306795348" version="2" timestamp="2014-10-08T07:35:39Z" changeset="25933711" uid="735" user="blackadder">
    <nd ref="3118007404"/>
    <nd ref="3118007403"/>
    <nd ref="3118007409"/>
    <nd ref="3118007407"/>
    <nd ref="3118007390"/>
    <nd ref="3118007391"/>
    <nd ref="3118007404"/>
    <tag k="addr:city" v="Kingsbury"/>
    <tag k="addr:housenumber" v="51"/>
    <tag k="addr:postcode" v="B78 2ND"/>
    <tag k="addr:street" v="Hill Side"/>
    <tag k="building" v="yes"/>
  </way>
  <way id="306795349" version="2" timestamp="2014-10-08T07:35:41Z" changeset="25933711" uid="735" user="blackadder">
    <nd ref="3118007125"/>
    <nd ref="3118007329"/>
    <nd ref="2871243890"/>
    <nd ref="2871243863"/>
    <nd ref="3118007125"/>
    <tag k="addr:city" v="Kingsbury"/>
    <tag k="addr:housenumber" v="69"/>
    <tag k="addr:postcode" v="B78 2ND"/>
    <tag k="addr:street" v="Hill Side"/>
    <tag k="building" v="residential"/>
  </way>
  <way id="306795350" version="1" timestamp="2014-10-08T07:28:35Z" changeset="25933614" uid="735" user="blackadder">
    <nd ref="3118007758"/>
    <nd ref="3118007757"/>
    <nd ref="3118007745"/>
    <nd ref="3118007746"/>
    <nd ref="3118007758"/>
    <tag k="addr:city" v="Kingsbury"/>
    <tag k="addr:housenumber" v="7"/>
    <tag k="addr:street" v="Hill Side"/>
    <tag k="building" v="yes"/>
  </way>
  <way id="306795352" version="2" timestamp="2014-10-08T07:35:42Z" changeset="25933711" uid="735" user="blackadder">
    <nd ref="3118007329"/>
    <nd ref="3118007125"/>
    <nd ref="3118007126"/>
    <nd ref="3118007330"/>
    <nd ref="3118007329"/>
    <tag k="addr:city" v="Kingsbury"/>
    <tag k="addr:housenumber" v="71"/>
    <tag k="addr:postcode" v="B78 2ND"/>
    <tag k="addr:street" v="Hill Side"/>
    <tag k="building" v="residential"/>
  </way>
  <way id="306795353" version="2" timestamp="2014-10-08T07:35:42Z" changeset="25933711" uid="735" user="blackadder">
    <nd ref="3118007330"/>
    <nd ref="3118007126"/>
    <nd ref="3118007127"/>
    <nd ref="3118007331"/>
    <nd ref="3118007330"/>
    <tag k="addr:city" v="Kingsbury"/>
    <tag k="addr:housenumber" v="73"/>
    <tag k="addr:postcode" v="B78 2ND"/>
    <tag k="addr:street" v="Hill Side"/>
    <tag k="building" v="residential"/>
  </way>
  <way id="306795354" version="2" timestamp="2014-10-08T07:35:43Z" changeset="25933711" uid="735" user="blackadder">
    <nd ref="3118007332"/>
    <nd ref="3118007128"/>
    <nd ref="2871243865"/>
    <nd ref="2871243869"/>
    <nd ref="2871243870"/>
    <nd ref="2871243894"/>
    <nd ref="3118007332"/>
    <tag k="addr:city" v="Kingsbury"/>
    <tag k="addr:housenumber" v="77"/>
    <tag k="addr:postcode" v="B78 2ND"/>
    <tag k="addr:street" v="Hill Side"/>
    <tag k="building" v="residential"/>
  </way>
  <way id="306795355" version="1" timestamp="2014-10-08T07:28:35Z" changeset="25933614" uid="735" user="blackadder">
    <nd ref="3118007753"/>
    <nd ref="3118007738"/>
    <nd ref="3118007737"/>
    <nd ref="3118007752"/>
    <nd ref="3118007753"/>
    <tag k="addr:city" v="Kingsbury"/>
    <tag k="addr:housenumber" v="9"/>
    <tag k="addr:street" v="Hill Side"/>
    <tag k="building" v="yes"/>
  </way>
  <way id="307111353" version="2" timestamp="2014-10-12T15:22:17Z" changeset="26027763" uid="735" user="blackadder">
    <nd ref="3121797739"/>
    <nd ref="3121797735"/>
    <nd ref="3121797738"/>
    <nd ref="3121797737"/>
    <nd ref="3121797740"/>
    <nd ref="3121797741"/>
    <nd ref="3121797743"/>
    <nd ref="3121797747"/>
    <nd ref="3121797749"/>
    <nd ref="3121797744"/>
    <nd ref="3121797742"/>
    <nd ref="3121797739"/>
    <tag k="addr:city" v="Kingsbury"/>
    <tag k="addr:housenumber" v="1"/>
    <tag k="addr:postcode" v="B78 2NL"/>
    <tag k="addr:street" v="South View"/>
    <tag k="building" v="residential"/>
  </way>
  <way id="307111354" version="2" timestamp="2014-10-12T15:22:18Z" changeset="26027763" uid="735" user="blackadder">
    <nd ref="3121797823"/>
    <nd ref="3121797824"/>
    <nd ref="3121797819"/>
    <nd ref="3121797820"/>
    <nd ref="3121797808"/>
    <nd ref="3121797807"/>
    <nd ref="3121797805"/>
    <nd ref="3121797811"/>
    <nd ref="3121797810"/>
    <nd ref="3121797813"/>
    <nd ref="3121797814"/>
    <nd ref="3121797817"/>
    <nd ref="3121797818"/>
    <nd ref="3121797823"/>
    <tag k="addr:city" v="Kingsbury"/>
    <tag k="addr:housenumber" v="11"/>
    <tag k="addr:postcode" v="B78 2NL"/>
    <tag k="addr:street" v="South View"/>
    <tag k="building" v="residential"/>
  </way>
  <way id="307111355" version="2" timestamp="2014-10-12T15:22:20Z" changeset="26027763" uid="735" user="blackadder">
    <nd ref="3121798469"/>
    <nd ref="3121798472"/>
    <nd ref="3121798448"/>
    <nd ref="3121798447"/>
    <nd ref="3121798469"/>
    <tag k="addr:city" v="Kingsbury"/>
    <tag k="addr:housenumber" v="16"/>
    <tag k="addr:postcode" v="B78 2NL"/>
    <tag k="addr:street" v="South View"/>
    <tag k="building" v="residential"/>
  </way>
  <way id="307111356" version="2" timestamp="2014-10-12T15:22:20Z" changeset="26027763" uid="735" user="blackadder">
    <nd ref="3121798452"/>
    <nd ref="3121798455"/>
    <nd ref="3121798431"/>
    <nd ref="3121798430"/>
    <nd ref="3121798452"/>
    <tag k="addr:city" v="Kingsbury"/>
    <tag k="addr:housenumber" v="15"/>
    <tag k="addr:postcode" v="B78 2NL"/>
    <tag k="addr:street" v="South View"/>
    <tag k="building" v="residential"/>
  </way>
  <way id="307111357" version="2" timestamp="2014-10-12T15:22:21Z" changeset="26027763" uid="735" user="blackadder">
    <nd ref="3121798461"/>
    <nd ref="3121798462"/>
    <nd ref="3121798436"/>
    <nd ref="3121798435"/>
    <nd ref="3121798461"/>
    <tag k="addr:city" v="Kingsbury"/>
    <tag k="addr:housenumber" v="19"/>
    <tag k="addr:postcode" v="B78 2NL"/>
    <tag k="addr:street" v="South View"/>
    <tag k="building" v="residential"/>
  </way>
  <way id="307111358" version="2" timestamp="2014-10-12T15:22:26Z" changeset="26027763" uid="735" user="blackadder">
    <nd ref="3121797763"/>
    <nd ref="3121797764"/>
    <nd ref="3121797762"/>
    <nd ref="3121797757"/>
    <nd ref="3121797763"/>
    <tag k="addr:city" v="Kingsbury"/>
    <tag k="addr:housenumber" v="5"/>
    <tag k="addr:postcode" v="B78 2NL"/>
    <tag k="addr:street" v="South View"/>
    <tag k="building" v="residential"/>
  </way>
  <way id="307111359" version="2" timestamp="2014-10-12T15:22:22Z" changeset="26027763" uid="735" user="blackadder">
    <nd ref="3121797747"/>
    <nd ref="3121797751"/>
    <nd ref="3121797753"/>
    <nd ref="3121797756"/>
    <nd ref="3121797746"/>
    <nd ref="3121797743"/>
    <nd ref="3121797747"/>
    <tag k="addr:city" v="Kingsbury"/>
    <tag k="addr:housenumber" v="2"/>
    <tag k="addr:postcode" v="B78 2NL"/>
    <tag k="addr:street" v="South View"/>
    <tag k="building" v="residential"/>
  </way>
  <way id="307111360" version="2" timestamp="2014-10-12T15:22:27Z" changeset="26027763" uid="735" user="blackadder">
    <nd ref="3121797771"/>
    <nd ref="3121797767"/>
    <nd ref="3121797768"/>
    <nd ref="3121797766"/>
    <nd ref="3121797765"/>
    <nd ref="3121797770"/>
    <nd ref="3121797771"/>
    <tag k="addr:city" v="Kingsbury"/>
    <tag k="addr:housenumber" v="6"/>
    <tag k="addr:postcode" v="B78 2NL"/>
    <tag k="addr:street" v="South View"/>
    <tag k="building" v="residential"/>
  </way>
  <way id="307111361" version="2" timestamp="2014-10-12T15:22:19Z" changeset="26027763" uid="735" user="blackadder">
    <nd ref="3121798463"/>
    <nd ref="3121798464"/>
    <nd ref="3121798451"/>
    <nd ref="3121798452"/>
    <nd ref="3121798430"/>
    <nd ref="3121798429"/>
    <nd ref="3121798463"/>
    <tag k="addr:city" v="Kingsbury"/>
    <tag k="addr:housenumber" v="14"/>
    <tag k="addr:postcode" v="B78 2NL"/>
    <tag k="addr:street" v="South View"/>
    <tag k="building" v="residential"/>
  </way>
  <way id="307111362" version="2" timestamp="2014-10-12T15:22:18Z" changeset="26027763" uid="735" user="blackadder">
    <nd ref="3121798468"/>
    <nd ref="3121798470"/>
    <nd ref="3121798458"/>
    <nd ref="3121798459"/>
    <nd ref="3121798433"/>
    <nd ref="3121798432"/>
    <nd ref="3121798468"/>
    <tag k="addr:city" v="Kingsbury"/>
    <tag k="addr:housenumber" v="12A"/>
    <tag k="addr:postcode" v="B78 2NL"/>
    <tag k="addr:street" v="South View"/>
    <tag k="building" v="residential"/>
  </way>
  <way id="307111363" version="2" timestamp="2014-10-12T15:22:25Z" changeset="26027763" uid="735" user="blackadder">
    <nd ref="3121797758"/>
    <nd ref="3121797760"/>
    <nd ref="3121797761"/>
    <nd ref="3121797763"/>
    <nd ref="3121797757"/>
    <nd ref="3121797755"/>
    <nd ref="3121797758"/>
    <tag k="addr:city" v="Kingsbury"/>
    <tag k="addr:housenumber" v="4"/>
    <tag k="addr:postcode" v="B78 2NL"/>
    <tag k="addr:street" v="South View"/>
    <tag k="building" v="residential"/>
  </way>
  <way id="307111364" version="2" timestamp="2014-10-12T15:22:23Z" changeset="26027763" uid="735" user="blackadder">
    <nd ref="3121797806"/>
    <nd ref="3121797804"/>
    <nd ref="3121797791"/>
    <nd ref="3121797794"/>
    <nd ref="3121797803"/>
    <nd ref="3121797802"/>
    <nd ref="3121797806"/>
    <tag k="addr:city" v="Kingsbury"/>
    <tag k="addr:housenumber" v="23"/>
    <tag k="addr:postcode" v="B78 2NL"/>
    <tag k="addr:street" v="South View"/>
    <tag k="building" v="residential"/>
  </way>
  <way id="307111365" version="2" timestamp="2014-10-12T15:22:22Z" changeset="26027763" uid="735" user="blackadder">
    <nd ref="3121798466"/>
    <nd ref="3121798442"/>
    <nd ref="3121798443"/>
    <nd ref="3121798437"/>
    <nd ref="3121798444"/>
    <nd ref="3121798445"/>
    <nd ref="3121798465"/>
    <nd ref="3121798466"/>
    <tag k="addr:city" v="Kingsbury"/>
    <tag k="addr:housenumber" v="20"/>
    <tag k="addr:postcode" v="B78 2NL"/>
    <tag k="addr:street" v="South View"/>
    <tag k="building" v="residential"/>
  </way>
  <way id="307111366" version="2" timestamp="2014-10-12T15:22:21Z" changeset="26027763" uid="735" user="blackadder">
    <nd ref="3121798472"/>
    <nd ref="3121798476"/>
    <nd ref="3121798477"/>
    <nd ref="3121798471"/>
    <nd ref="3121798473"/>
    <nd ref="3121798450"/>
    <nd ref="3121798448"/>
    <nd ref="3121798472"/>
    <tag k="addr:city" v="Kingsbury"/>
    <tag k="addr:housenumber" v="17"/>
    <tag k="addr:postcode" v="B78 2NL"/>
    <tag k="addr:street" v="South View"/>
    <tag k="building" v="residential"/>
  </way>
  <way id="307111367" version="2" timestamp="2014-10-12T15:22:18Z" changeset="26027763" uid="735" user="blackadder">
    <nd ref="3121798467"/>
    <nd ref="3121798468"/>
    <nd ref="3121798432"/>
    <nd ref="3121797828"/>
    <nd ref="3121797827"/>
    <nd ref="3121798456"/>
    <nd ref="3121798457"/>
    <nd ref="3121798467"/>
    <tag k="addr:city" v="Kingsbury"/>
    <tag k="addr:housenumber" v="12"/>
    <tag k="addr:postcode" v="B78 2NL"/>
    <tag k="addr:street" v="South View"/>
    <tag k="building" v="residential"/>
  </way>
  <way id="307111368" version="2" timestamp="2014-10-12T15:22:17Z" changeset="26027763" uid="735" user="blackadder">
    <nd ref="3121797807"/>
    <nd ref="3121797800"/>
    <nd ref="3121797801"/>
    <nd ref="3121797799"/>
    <nd ref="3121797798"/>
    <nd ref="3121797797"/>
    <nd ref="3121797805"/>
    <nd ref="3121797807"/>
    <tag k="addr:city" v="Kingsbury"/>
    <tag k="addr:housenumber" v="10"/>
    <tag k="addr:postcode" v="B78 2NL"/>
    <tag k="addr:street" v="South View"/>
    <tag k="building" v="residential"/>
  </way>
  <way id="307111369" version="2" timestamp="2014-10-12T15:22:28Z" changeset="26027763" uid="735" user="blackadder">
    <nd ref="3121797777"/>
    <nd ref="3121797772"/>
    <nd ref="3121797771"/>
    <nd ref="3121797770"/>
    <nd ref="3121797769"/>
    <nd ref="3121797773"/>
    <nd ref="3121797775"/>
    <nd ref="3121797777"/>
    <tag k="addr:city" v="Kingsbury"/>
    <tag k="addr:housenumber" v="7"/>
    <tag k="addr:postcode" v="B78 2NL"/>
    <tag k="addr:street" v="South View"/>
    <tag k="building" v="residential"/>
  </way>
  <way id="307111370" version="2" timestamp="2014-10-12T15:22:21Z" changeset="26027763" uid="735" user="blackadder">
    <nd ref="3121798460"/>
    <nd ref="3121798461"/>
    <nd ref="3121798435"/>
    <nd ref="3121798434"/>
    <nd ref="3121798440"/>
    <nd ref="3121798439"/>
    <nd ref="3121798453"/>
    <nd ref="3121798454"/>
    <nd ref="3121798460"/>
    <tag k="addr:city" v="Kingsbury"/>
    <tag k="addr:housenumber" v="18"/>
    <tag k="addr:postcode" v="B78 2NL"/>
    <tag k="addr:street" v="South View"/>
    <tag k="building" v="residential"/>
  </way>
  <way id="307111371" version="2" timestamp="2014-10-12T15:22:22Z" changeset="26027763" uid="735" user="blackadder">
    <nd ref="3121798466"/>
    <nd ref="3121798474"/>
    <nd ref="3121798475"/>
    <nd ref="3121798449"/>
    <nd ref="3121798446"/>
    <nd ref="3121798438"/>
    <nd ref="3121798441"/>
    <nd ref="3121798442"/>
    <nd ref="3121798466"/>
    <tag k="addr:city" v="Kingsbury"/>
    <tag k="addr:housenumber" v="21"/>
    <tag k="addr:postcode" v="B78 2NL"/>
    <tag k="addr:street" v="South View"/>
    <tag k="building" v="residential"/>
  </way>
  <way id="307111372" version="2" timestamp="2014-10-12T15:22:23Z" changeset="26027763" uid="735" user="blackadder">
    <nd ref="3121797788"/>
    <nd ref="3121797787"/>
    <nd ref="3121797790"/>
    <nd ref="3121797789"/>
    <nd ref="3121797785"/>
    <nd ref="3121797786"/>
    <nd ref="3121797774"/>
    <nd ref="3121797776"/>
    <nd ref="3121797788"/>
    <tag k="addr:city" v="Kingsbury"/>
    <tag k="addr:housenumber" v="24"/>
    <tag k="addr:postcode" v="B78 2NL"/>
    <tag k="addr:street" v="South View"/>
    <tag k="building" v="residential"/>
  </way>
  <way id="307111373" version="2" timestamp="2014-10-12T15:22:22Z" changeset="26027763" uid="735" user="blackadder">
    <nd ref="3121797822"/>
    <nd ref="3121797821"/>
    <nd ref="3121797826"/>
    <nd ref="3121797825"/>
    <nd ref="3121797816"/>
    <nd ref="3121797815"/>
    <nd ref="3121797809"/>
    <nd ref="3121797812"/>
    <nd ref="3121797822"/>
    <tag k="addr:city" v="Kingsbury"/>
    <tag k="addr:housenumber" v="22"/>
    <tag k="addr:postcode" v="B78 2NL"/>
    <tag k="addr:street" v="South View"/>
    <tag k="building" v="residential"/>
  </way>
  <way id="307111374" version="2" timestamp="2014-10-12T15:22:29Z" changeset="26027763" uid="735" user="blackadder">
    <nd ref="3121797784"/>
    <nd ref="3121797777"/>
    <nd ref="3121797775"/>
    <nd ref="3121797779"/>
    <nd ref="3121797778"/>
    <nd ref="3121797780"/>
    <nd ref="3121797781"/>
    <nd ref="3121797783"/>
    <nd ref="3121797784"/>
    <tag k="addr:city" v="Kingsbury"/>
    <tag k="addr:housenumber" v="8"/>
    <tag k="addr:postcode" v="B78 2NL"/>
    <tag k="addr:street" v="South View"/>
    <tag k="building" v="residential"/>
  </way>
  <way id="307111375" version="2" timestamp="2014-10-12T15:22:24Z" changeset="26027763" uid="735" user="blackadder">
    <nd ref="3121797756"/>
    <nd ref="3121797759"/>
    <nd ref="3121797758"/>
    <nd ref="3121797755"/>
    <nd ref="3121797754"/>
    <nd ref="3121797752"/>
    <nd ref="3121797748"/>
    <nd ref="3121797750"/>
    <nd ref="3121797746"/>
    <nd ref="3121797756"/>
    <tag k="addr:city" v="Kingsbury"/>
    <tag k="addr:housenumber" v="3"/>
    <tag k="addr:postcode" v="B78 2NL"/>
    <tag k="addr:street" v="South View"/>
    <tag k="building" v="residential"/>
  </way>
  <way id="307111376" version="2" timestamp="2014-10-12T15:22:29Z" changeset="26027763" uid="735" user="blackadder">
    <nd ref="3121797798"/>
    <nd ref="3121797792"/>
    <nd ref="3121797793"/>
    <nd ref="3121797784"/>
    <nd ref="3121797783"/>
    <nd ref="3121797782"/>
    <nd ref="3121797795"/>
    <nd ref="3121797796"/>
    <nd ref="3121797797"/>
    <nd ref="3121797798"/>
    <tag k="addr:city" v="Kingsbury"/>
    <tag k="addr:housenumber" v="9"/>
    <tag k="addr:postcode" v="B78 2NL"/>
    <tag k="addr:street" v="South View"/>
    <tag k="building" v="residential"/>
  </way>
  <way id="307140803" version="1" timestamp="2014-10-10T11:16:53Z" changeset="25980605" uid="735" user="blackadder">
    <nd ref="3121993833"/>
    <nd ref="3121993838"/>
    <nd ref="3121993819"/>
    <nd ref="3121993816"/>
    <nd ref="3121993820"/>
    <nd ref="3121993818"/>
    <nd ref="3121993823"/>
    <nd ref="3121993824"/>
    <nd ref="3121993827"/>
    <nd ref="3121993833"/>
    <tag k="amenity" v="library"/>
    <tag k="building" v="library"/>
    <tag k="name" v="Kingsbury Library &amp; Information Centre"/>
  </way>
  <way id="307140804" version="1" timestamp="2014-10-10T11:16:53Z" changeset="25980605" uid="735" user="blackadder">
    <nd ref="3121993637"/>
    <nd ref="3121993638"/>
    <nd ref="3121993631"/>
    <nd ref="3121993632"/>
    <nd ref="3121993662"/>
    <nd ref="3121993661"/>
    <nd ref="3121993656"/>
    <nd ref="3121993655"/>
    <nd ref="3121993640"/>
    <nd ref="3121993639"/>
    <nd ref="3121993629"/>
    <nd ref="3121993628"/>
    <nd ref="3121993634"/>
    <nd ref="3121993633"/>
    <nd ref="3121993645"/>
    <nd ref="3121993644"/>
    <nd ref="3121993650"/>
    <nd ref="3121993649"/>
    <nd ref="3121993654"/>
    <nd ref="3121993653"/>
    <nd ref="3121993660"/>
    <nd ref="3121993659"/>
    <nd ref="3121993651"/>
    <nd ref="3121993652"/>
    <nd ref="3121993643"/>
    <nd ref="3121993642"/>
    <nd ref="3121993636"/>
    <nd ref="3121993635"/>
    <nd ref="3121993618"/>
    <nd ref="3121993613"/>
    <nd ref="3121993611"/>
    <nd ref="3121993612"/>
    <nd ref="3121993609"/>
    <nd ref="3121993608"/>
    <nd ref="3121993598"/>
    <nd ref="3121993597"/>
    <nd ref="3121993573"/>
    <nd ref="3121993574"/>
    <nd ref="3121993582"/>
    <nd ref="3121993579"/>
    <nd ref="3121993578"/>
    <nd ref="3121993586"/>
    <nd ref="3121993593"/>
    <nd ref="3121993594"/>
    <nd ref="3121993589"/>
    <nd ref="3121993590"/>
    <nd ref="3121993627"/>
    <nd ref="3121993626"/>
    <nd ref="3121993637"/>
    <tag k="building" v="school"/>
    <tag k="name" v="Kingsbury School"/>
  </way>
  <way id="307140805" version="2" timestamp="2014-10-14T20:36:53Z" changeset="26081838" uid="735" user="blackadder">
    <nd ref="3121993302"/>
    <nd ref="3121993303"/>
    <nd ref="3130063452"/>
    <nd ref="3121993300"/>
    <nd ref="3121993301"/>
    <nd ref="3121993299"/>
    <nd ref="3121993296"/>
    <nd ref="3121993298"/>
    <nd ref="3121993293"/>
    <nd ref="3121993295"/>
    <nd ref="3121993291"/>
    <nd ref="3121993289"/>
    <nd ref="3121993290"/>
    <nd ref="3121993288"/>
    <nd ref="3121993287"/>
    <nd ref="3121993286"/>
    <nd ref="3121993294"/>
    <nd ref="3121993297"/>
    <nd ref="3121993302"/>
    <tag k="amenity" v="pub"/>
    <tag k="building" v="pub"/>
    <tag k="name" v="The Royal Oak"/>
  </way>
  <way id="307140807" version="2" timestamp="2014-10-12T15:22:26Z" changeset="26027763" uid="735" user="blackadder">
    <nd ref="3121992912"/>
    <nd ref="3121992911"/>
    <nd ref="3121992910"/>
    <nd ref="3121992909"/>
    <nd ref="3121992903"/>
    <nd ref="3121992904"/>
    <nd ref="3121992901"/>
    <nd ref="3121992902"/>
    <nd ref="3121992905"/>
    <nd ref="3121992906"/>
    <nd ref="3121992907"/>
    <nd ref="3121992908"/>
    <nd ref="3121992912"/>
    <tag k="addr:city" v="Kingsbury"/>
    <tag k="addr:housenumber" v="54"/>
    <tag k="addr:postcode" v="B78 2NN"/>
    <tag k="addr:street" v="Mill Crescent"/>
    <tag k="building" v="residential"/>
  </way>
  <way id="307140810" version="2" timestamp="2014-10-12T15:22:27Z" changeset="26027763" uid="735" user="blackadder">
    <nd ref="3121992884"/>
    <nd ref="3121992890"/>
    <nd ref="3121992877"/>
    <nd ref="3121992875"/>
    <nd ref="3121992884"/>
    <tag k="addr:city" v="Kingsbury"/>
    <tag k="addr:housenumber" v="62"/>
    <tag k="addr:postcode" v="B78 2NN"/>
    <tag k="addr:street" v="Mill Crescent"/>
    <tag k="building" v="residential"/>
  </way>
  <way id="307140811" version="2" timestamp="2014-10-12T15:22:24Z" changeset="26027763" uid="735" user="blackadder">
    <nd ref="3121993069"/>
    <nd ref="3121993070"/>
    <nd ref="3121993072"/>
    <nd ref="3121993071"/>
    <nd ref="3121993069"/>
    <tag k="addr:city" v="Kingsbury"/>
    <tag k="addr:housenumber" v="36"/>
    <tag k="addr:postcode" v="B78 2NN"/>
    <tag k="addr:street" v="Mill Crescent"/>
    <tag k="building" v="residential"/>
  </way>
  <way id="307140814" version="2" timestamp="2014-10-12T15:22:28Z" changeset="26027763" uid="735" user="blackadder">
    <nd ref="3121992879"/>
    <nd ref="3121992884"/>
    <nd ref="3121992875"/>
    <nd ref="3121992874"/>
    <nd ref="3121992879"/>
    <tag k="addr:city" v="Kingsbury"/>
    <tag k="addr:housenumber" v="64"/>
    <tag k="addr:postcode" v="B78 2NN"/>
    <tag k="addr:street" v="Mill Crescent"/>
    <tag k="building" v="residential"/>
  </way>
  <way id="307140821" version="2" timestamp="2014-10-12T15:22:24Z" changeset="26027763" uid="735" user="blackadder">
    <nd ref="3121993084"/>
    <nd ref="3121993083"/>
    <nd ref="3121993079"/>
    <nd ref="3121993080"/>
    <nd ref="3121993084"/>
    <tag k="addr:city" v="Kingsbury"/>
    <tag k="addr:housenumber" v="32"/>
    <tag k="addr:postcode" v="B78 2NN"/>
    <tag k="addr:street" v="Mill Crescent"/>
    <tag k="building" v="residential"/>
  </way>
  <way id="307140825" version="2" timestamp="2014-10-12T15:22:24Z" changeset="26027763" uid="735" user="blackadder">
    <nd ref="3121993084"/>
    <nd ref="3121993089"/>
    <nd ref="3121993088"/>
    <nd ref="3121993083"/>
    <nd ref="3121993084"/>
    <tag k="addr:city" v="Kingsbury"/>
    <tag k="addr:housenumber" v="30"/>
    <tag k="addr:postcode" v="B78 2NN"/>
    <tag k="addr:street" v="Mill Crescent"/>
    <tag k="building" v="residential"/>
  </way>
  <way id="307140831" version="2" timestamp="2014-10-17T15:49:18Z" changeset="26149006" uid="735" user="blackadder">
    <nd ref="3135346780"/>
    <nd ref="3121993872"/>
    <nd ref="3121993881"/>
    <nd ref="3135346781"/>
    <nd ref="3135346780"/>
    <tag k="addr:city" v="Kingsbury"/>
    <tag k="addr:housenumber" v="1"/>
    <tag k="addr:postcode" v="B78 2HQ"/>
    <tag k="addr:street" v="Stanyers Close"/>
    <tag k="building" v="yes"/>
  </way>
  <way id="307140832" version="2" timestamp="2014-10-12T15:22:25Z" changeset="26027763" uid="735" user="blackadder">
    <nd ref="3121993042"/>
    <nd ref="3121993046"/>
    <nd ref="3121993047"/>
    <nd ref="3121993043"/>
    <nd ref="3121993042"/>
    <tag k="addr:city" v="Kingsbury"/>
    <tag k="addr:housenumber" v="44"/>
    <tag k="addr:postcode" v="B78 2NN"/>
    <tag k="addr:street" v="Mill Crescent"/>
    <tag k="building" v="residential"/>
  </way>
  <way id="307140834" version="2" timestamp="2014-10-12T15:22:25Z" changeset="26027763" uid="735" user="blackadder">
    <nd ref="3121993061"/>
    <nd ref="3121993060"/>
    <nd ref="3121993056"/>
    <nd ref="3121993057"/>
    <nd ref="3121993061"/>
    <tag k="addr:city" v="Kingsbury"/>
    <tag k="addr:housenumber" v="40"/>
    <tag k="addr:postcode" v="B78 2NN"/>
    <tag k="addr:street" v="Mill Crescent"/>
    <tag k="building" v="residential"/>
  </way>
  <way id="307140835" version="2" timestamp="2014-10-12T15:22:27Z" changeset="26027763" uid="735" user="blackadder">
    <nd ref="3121992890"/>
    <nd ref="3121992894"/>
    <nd ref="3121992883"/>
    <nd ref="3121992880"/>
    <nd ref="3121992877"/>
    <nd ref="3121992890"/>
    <tag k="addr:city" v="Kingsbury"/>
    <tag k="addr:housenumber" v="60"/>
    <tag k="addr:postcode" v="B78 2NN"/>
    <tag k="addr:street" v="Mill Crescent"/>
    <tag k="building" v="residential"/>
  </way>
  <way id="307140836" version="2" timestamp="2014-10-12T15:22:24Z" changeset="26027763" uid="735" user="blackadder">
    <nd ref="3121993072"/>
    <nd ref="3121993078"/>
    <nd ref="3121993077"/>
    <nd ref="3121993076"/>
    <nd ref="3121993075"/>
    <nd ref="3121993071"/>
    <nd ref="3121993072"/>
    <tag k="addr:city" v="Kingsbury"/>
    <tag k="addr:housenumber" v="34"/>
    <tag k="addr:postcode" v="B78 2NN"/>
    <tag k="addr:street" v="Mill Crescent"/>
    <tag k="building" v="residential"/>
  </way>
  <way id="307140837" version="2" timestamp="2014-10-12T15:22:23Z" changeset="26027763" uid="735" user="blackadder">
    <nd ref="3121993100"/>
    <nd ref="3121993099"/>
    <nd ref="3121993093"/>
    <nd ref="3121993094"/>
    <nd ref="3121993097"/>
    <nd ref="3121993098"/>
    <nd ref="3121993100"/>
    <tag k="addr:city" v="Kingsbury"/>
    <tag k="addr:housenumber" v="28"/>
    <tag k="addr:postcode" v="B78 2NN"/>
    <tag k="addr:street" v="Mill Crescent"/>
    <tag k="building" v="residential"/>
  </way>
  <way id="307140838" version="2" timestamp="2014-10-12T15:22:20Z" changeset="26027763" uid="735" user="blackadder">
    <nd ref="3121993256"/>
    <nd ref="3121993257"/>
    <nd ref="3121993127"/>
    <nd ref="3121993126"/>
    <nd ref="3121993232"/>
    <nd ref="3121993231"/>
    <nd ref="3121993256"/>
    <tag k="addr:city" v="Kingsbury"/>
    <tag k="addr:housenumber" v="16"/>
    <tag k="addr:postcode" v="B78 2LT"/>
    <tag k="addr:street" v="Mill Crescent"/>
    <tag k="building" v="residential"/>
  </way>
  <way id="307140839" version="2" timestamp="2014-10-12T15:22:18Z" changeset="26027763" uid="735" user="blackadder">
    <nd ref="3121993263"/>
    <nd ref="3121993261"/>
    <nd ref="3121993245"/>
    <nd ref="3121993246"/>
    <nd ref="3121993251"/>
    <nd ref="3121993253"/>
    <nd ref="3121993263"/>
    <tag k="addr:city" v="Kingsbury"/>
    <tag k="addr:housenumber" v="12"/>
    <tag k="addr:postcode" v="B78 2LT"/>
    <tag k="addr:street" v="Mill Crescent"/>
    <tag k="building" v="residential"/>
  </way>
  <way id="307140843" version="2" timestamp="2014-10-12T15:22:27Z" changeset="26027763" uid="735" user="blackadder">
    <nd ref="3121992894"/>
    <nd ref="3121992895"/>
    <nd ref="3121992887"/>
    <nd ref="3121992882"/>
    <nd ref="3121992885"/>
    <nd ref="3121992883"/>
    <nd ref="3121992894"/>
    <tag k="addr:city" v="Kingsbury"/>
    <tag k="addr:housenumber" v="58"/>
    <tag k="addr:postcode" v="B78 2NN"/>
    <tag k="addr:street" v="Mill Crescent"/>
    <tag k="building" v="residential"/>
  </way>
  <way id="307140844" version="2" timestamp="2014-10-12T15:22:26Z" changeset="26027763" uid="735" user="blackadder">
    <nd ref="3121992921"/>
    <nd ref="3121992924"/>
    <nd ref="3121992923"/>
    <nd ref="3121992925"/>
    <nd ref="3121992926"/>
    <nd ref="3121992922"/>
    <nd ref="3121992921"/>
    <tag k="addr:city" v="Kingsbury"/>
    <tag k="addr:housenumber" v="50"/>
    <tag k="addr:postcode" v="B78 2NN"/>
    <tag k="addr:street" v="Mill Crescent"/>
    <tag k="building" v="residential"/>
  </way>
  <way id="307140845" version="2" timestamp="2014-10-12T15:22:28Z" changeset="26027763" uid="735" user="blackadder">
    <nd ref="3121992876"/>
    <nd ref="3121992879"/>
    <nd ref="3121992874"/>
    <nd ref="3121992871"/>
    <nd ref="3121992873"/>
    <nd ref="3121992872"/>
    <nd ref="3121992876"/>
    <tag k="addr:city" v="Kingsbury"/>
    <tag k="addr:housenumber" v="66"/>
    <tag k="addr:postcode" v="B78 2NN"/>
    <tag k="addr:street" v="Mill Crescent"/>
    <tag k="building" v="residential"/>
  </way>
  <way id="307140846" version="2" timestamp="2014-10-12T15:22:17Z" changeset="26027763" uid="735" user="blackadder">
    <nd ref="3121993262"/>
    <nd ref="3121993259"/>
    <nd ref="3121993242"/>
    <nd ref="3121993243"/>
    <nd ref="3121993247"/>
    <nd ref="3121993248"/>
    <nd ref="3121993262"/>
    <tag k="addr:city" v="Kingsbury"/>
    <tag k="addr:housenumber" v="10"/>
    <tag k="addr:postcode" v="B78 2LT"/>
    <tag k="addr:street" v="Mill Crescent"/>
    <tag k="building" v="residential"/>
  </way>
  <way id="307140847" version="2" timestamp="2014-10-12T15:22:21Z" changeset="26027763" uid="735" user="blackadder">
    <nd ref="3121993257"/>
    <nd ref="3121993258"/>
    <nd ref="3121993235"/>
    <nd ref="3121993234"/>
    <nd ref="3121993128"/>
    <nd ref="3121993127"/>
    <nd ref="3121993257"/>
    <tag k="addr:city" v="Kingsbury"/>
    <tag k="addr:housenumber" v="18"/>
    <tag k="addr:postcode" v="B78 2LT"/>
    <tag k="addr:street" v="Mill Crescent"/>
    <tag k="building" v="residential"/>
  </way>
  <way id="307140848" version="2" timestamp="2014-10-12T15:22:25Z" changeset="26027763" uid="735" user="blackadder">
    <nd ref="3121993061"/>
    <nd ref="3121993062"/>
    <nd ref="3121993067"/>
    <nd ref="3121993066"/>
    <nd ref="3121993065"/>
    <nd ref="3121993064"/>
    <nd ref="3121993060"/>
    <nd ref="3121993061"/>
    <tag k="addr:city" v="Kingsbury"/>
    <tag k="addr:housenumber" v="38"/>
    <tag k="addr:postcode" v="B78 2NN"/>
    <tag k="addr:street" v="Mill Crescent"/>
    <tag k="building" v="residential"/>
  </way>
  <way id="307140849" version="2" timestamp="2014-10-12T15:22:26Z" changeset="26027763" uid="735" user="blackadder">
    <nd ref="3121993033"/>
    <nd ref="3121993037"/>
    <nd ref="3121993036"/>
    <nd ref="3121993038"/>
    <nd ref="3121993039"/>
    <nd ref="3121993035"/>
    <nd ref="3121993034"/>
    <nd ref="3121993033"/>
    <tag k="addr:city" v="Kingsbury"/>
    <tag k="addr:housenumber" v="46"/>
    <tag k="addr:postcode" v="B78 2NN"/>
    <tag k="addr:street" v="Mill Crescent"/>
    <tag k="building" v="residential"/>
  </way>
  <way id="307140850" version="2" timestamp="2014-10-12T15:22:28Z" changeset="26027763" uid="735" user="blackadder">
    <nd ref="3121993264"/>
    <nd ref="3121993262"/>
    <nd ref="3121993248"/>
    <nd ref="3121993236"/>
    <nd ref="3121993239"/>
    <nd ref="3121993250"/>
    <nd ref="3121993254"/>
    <nd ref="3121993264"/>
    <tag k="addr:city" v="Kingsbury"/>
    <tag k="addr:housenumber" v="8"/>
    <tag k="addr:postcode" v="B78 2LT"/>
    <tag k="addr:street" v="Mill Crescent"/>
    <tag k="building" v="residential"/>
  </way>
  <way id="307140851" version="2" timestamp="2014-10-12T15:22:25Z" changeset="26027763" uid="735" user="blackadder">
    <nd ref="3121993047"/>
    <nd ref="3121993048"/>
    <nd ref="3121993049"/>
    <nd ref="3121993053"/>
    <nd ref="3121993052"/>
    <nd ref="3121993051"/>
    <nd ref="3121993050"/>
    <nd ref="3121993046"/>
    <nd ref="3121993047"/>
    <tag k="addr:city" v="Kingsbury"/>
    <tag k="addr:housenumber" v="42"/>
    <tag k="addr:postcode" v="B78 2NN"/>
    <tag k="addr:street" v="Mill Crescent"/>
    <tag k="building" v="residential"/>
  </way>
  <way id="307140852" version="2" timestamp="2014-10-12T15:22:26Z" changeset="26027763" uid="735" user="blackadder">
    <nd ref="3121992922"/>
    <nd ref="3121992921"/>
    <nd ref="3121992920"/>
    <nd ref="3121992919"/>
    <nd ref="3121992913"/>
    <nd ref="3121992914"/>
    <nd ref="3121992915"/>
    <nd ref="3121992916"/>
    <nd ref="3121992922"/>
    <tag k="addr:city" v="Kingsbury"/>
    <tag k="addr:housenumber" v="52"/>
    <tag k="addr:postcode" v="B78 2NN"/>
    <tag k="addr:street" v="Mill Crescent"/>
    <tag k="building" v="residential"/>
  </way>
  <way id="307140853" version="2" timestamp="2014-10-17T15:49:30Z" changeset="26149006" uid="735" user="blackadder">
    <nd ref="3121993874"/>
    <nd ref="3121993880"/>
    <nd ref="3121993883"/>
    <nd ref="3121993877"/>
    <nd ref="3121993875"/>
    <nd ref="3121993874"/>
    <tag k="addr:city" v="Kingsbury"/>
    <tag k="addr:housenumber" v="3"/>
    <tag k="addr:postcode" v="B78 2HQ"/>
    <tag k="addr:street" v="Stanyers Close"/>
    <tag k="building" v="yes"/>
  </way>
  <way id="307140854" version="2" timestamp="2014-10-12T15:22:22Z" changeset="26027763" uid="735" user="blackadder">
    <nd ref="3121993230"/>
    <nd ref="3121993229"/>
    <nd ref="3121993241"/>
    <nd ref="3121993240"/>
    <nd ref="3121993122"/>
    <nd ref="3121993123"/>
    <nd ref="3121993124"/>
    <nd ref="3121993125"/>
    <nd ref="3121993230"/>
    <tag k="addr:city" v="Kingsbury"/>
    <tag k="addr:housenumber" v="20"/>
    <tag k="addr:postcode" v="B78 2LT"/>
    <tag k="addr:street" v="Mill Crescent"/>
    <tag k="building" v="residential"/>
  </way>
  <way id="307140856" version="2" timestamp="2014-10-12T15:22:26Z" changeset="26027763" uid="735" user="blackadder">
    <nd ref="3121993029"/>
    <nd ref="3121992927"/>
    <nd ref="3121992928"/>
    <nd ref="3121993032"/>
    <nd ref="3121993031"/>
    <nd ref="3121993034"/>
    <nd ref="3121993033"/>
    <nd ref="3121993030"/>
    <nd ref="3121993029"/>
    <tag k="addr:city" v="Kingsbury"/>
    <tag k="addr:housenumber" v="48"/>
    <tag k="addr:postcode" v="B78 2NN"/>
    <tag k="addr:street" v="Mill Crescent"/>
    <tag k="building" v="residential"/>
  </way>
  <way id="307140859" version="2" timestamp="2014-10-12T15:22:22Z" changeset="26027763" uid="735" user="blackadder">
    <nd ref="3121993114"/>
    <nd ref="3121993116"/>
    <nd ref="3121993117"/>
    <nd ref="3121993121"/>
    <nd ref="3121993120"/>
    <nd ref="3121993119"/>
    <nd ref="3121993118"/>
    <nd ref="3121993113"/>
    <nd ref="3121993114"/>
    <tag k="addr:city" v="Kingsbury"/>
    <tag k="addr:housenumber" v="22"/>
    <tag k="addr:postcode" v="B78 2NN"/>
    <tag k="addr:street" v="Mill Crescent"/>
    <tag k="building" v="residential"/>
  </way>
  <way id="307140861" version="2" timestamp="2014-10-12T15:22:27Z" changeset="26027763" uid="735" user="blackadder">
    <nd ref="3121992895"/>
    <nd ref="3121992896"/>
    <nd ref="3121992898"/>
    <nd ref="3121992900"/>
    <nd ref="3121992897"/>
    <nd ref="3121992899"/>
    <nd ref="3121992892"/>
    <nd ref="3121992887"/>
    <nd ref="3121992895"/>
    <tag k="addr:city" v="Kingsbury"/>
    <tag k="addr:housenumber" v="56"/>
    <tag k="addr:postcode" v="B78 2NN"/>
    <tag k="addr:street" v="Mill Crescent"/>
    <tag k="building" v="residential"/>
  </way>
  <way id="307140862" version="2" timestamp="2014-10-12T15:22:19Z" changeset="26027763" uid="735" user="blackadder">
    <nd ref="3121993261"/>
    <nd ref="3121993260"/>
    <nd ref="3121993252"/>
    <nd ref="3121993255"/>
    <nd ref="3121993237"/>
    <nd ref="3121993238"/>
    <nd ref="3121993244"/>
    <nd ref="3121993245"/>
    <nd ref="3121993261"/>
    <tag k="addr:city" v="Kingsbury"/>
    <tag k="addr:housenumber" v="14"/>
    <tag k="addr:postcode" v="B78 2LT"/>
    <tag k="addr:street" v="Mill Crescent"/>
    <tag k="building" v="residential"/>
  </way>
  <way id="307140863" version="2" timestamp="2014-10-12T15:22:23Z" changeset="26027763" uid="735" user="blackadder">
    <nd ref="3121993099"/>
    <nd ref="3121993103"/>
    <nd ref="3121993104"/>
    <nd ref="3121993105"/>
    <nd ref="3121993106"/>
    <nd ref="3121993107"/>
    <nd ref="3121993102"/>
    <nd ref="3121993101"/>
    <nd ref="3121993100"/>
    <nd ref="3121993099"/>
    <tag k="addr:city" v="Kingsbury"/>
    <tag k="addr:housenumber" v="26"/>
    <tag k="addr:postcode" v="B78 2NN"/>
    <tag k="addr:street" v="Mill Crescent"/>
    <tag k="building" v="residential"/>
  </way>
  <way id="307140864" version="2" timestamp="2014-10-12T15:22:23Z" changeset="26027763" uid="735" user="blackadder">
    <nd ref="3121993115"/>
    <nd ref="3121993114"/>
    <nd ref="3121993113"/>
    <nd ref="3121993108"/>
    <nd ref="3121993109"/>
    <nd ref="3121993106"/>
    <nd ref="3121993107"/>
    <nd ref="3121993111"/>
    <nd ref="3121993110"/>
    <nd ref="3121993115"/>
    <tag k="addr:city" v="Kingsbury"/>
    <tag k="addr:housenumber" v="24"/>
    <tag k="addr:postcode" v="B78 2NN"/>
    <tag k="addr:street" v="Mill Crescent"/>
    <tag k="building" v="residential"/>
  </way>
  <way id="307140872" version="2" timestamp="2014-10-17T15:49:39Z" changeset="26149006" uid="735" user="blackadder">
    <nd ref="3121993830"/>
    <nd ref="3121993834"/>
    <nd ref="267854660"/>
    <tag k="abutters" v="residential"/>
    <tag k="highway" v="residential"/>
    <tag k="name" v="Stanyers Close"/>
    <tag k="surface" v="paved"/>
  </way>
  <way id="307209914" version="2" timestamp="2014-10-12T15:22:29Z" changeset="26027763" uid="735" user="blackadder">
    <nd ref="3122957520"/>
    <nd ref="3122957519"/>
    <nd ref="3122957506"/>
    <nd ref="3122957505"/>
    <nd ref="3122957464"/>
    <nd ref="3122957465"/>
    <nd ref="3122957455"/>
    <nd ref="3122957456"/>
    <nd ref="3122957459"/>
    <nd ref="3122957460"/>
    <nd ref="3122957520"/>
    <tag k="addr:city" v="Kingsbury"/>
    <tag k="addr:housenumber" v="9"/>
    <tag k="addr:postcode" v="B78 2NA"/>
    <tag k="addr:street" v="Range Way"/>
    <tag k="building" v="residential"/>
  </way>
  <way id="307209915" version="2" timestamp="2014-10-12T15:22:20Z" changeset="26027763" uid="735" user="blackadder">
    <nd ref="3122957491"/>
    <nd ref="3122957489"/>
    <nd ref="3122957474"/>
    <nd ref="3122957473"/>
    <nd ref="3122957434"/>
    <nd ref="3122957435"/>
    <nd ref="3122957430"/>
    <nd ref="3122957431"/>
    <nd ref="3122957440"/>
    <nd ref="3122957443"/>
    <nd ref="3122957491"/>
    <tag k="addr:city" v="Kingsbury"/>
    <tag k="addr:housenumber" v="15A"/>
    <tag k="addr:postcode" v="B78 2NA"/>
    <tag k="addr:street" v="Range Way"/>
    <tag k="building" v="residential"/>
  </way>
  <way id="307209916" version="2" timestamp="2014-10-12T15:22:28Z" changeset="26027763" uid="735" user="blackadder">
    <nd ref="3122957564"/>
    <nd ref="3122957469"/>
    <nd ref="3122957468"/>
    <nd ref="3122957458"/>
    <nd ref="3122957457"/>
    <nd ref="3122957462"/>
    <nd ref="3122957460"/>
    <nd ref="3122957520"/>
    <nd ref="3122957541"/>
    <nd ref="3122957542"/>
    <nd ref="3122957563"/>
    <nd ref="3122957564"/>
    <tag k="addr:city" v="Kingsbury"/>
    <tag k="addr:housenumber" v="7"/>
    <tag k="addr:postcode" v="B78 2NA"/>
    <tag k="addr:street" v="Range Way"/>
    <tag k="building" v="residential"/>
  </way>
  <way id="307209917" version="2" timestamp="2014-10-12T15:22:28Z" changeset="26027763" uid="735" user="blackadder">
    <nd ref="3122957578"/>
    <nd ref="3122957597"/>
    <nd ref="3122957596"/>
    <nd ref="3122957581"/>
    <nd ref="3122957580"/>
    <nd ref="3122957562"/>
    <nd ref="3122957561"/>
    <nd ref="3122957539"/>
    <nd ref="3122957540"/>
    <nd ref="3122957517"/>
    <nd ref="3122957518"/>
    <nd ref="3122957534"/>
    <nd ref="3122957535"/>
    <nd ref="3122957578"/>
    <tag k="addr:city" v="Kingsbury"/>
    <tag k="addr:housenumber" v="7"/>
    <tag k="addr:postcode" v="B78 2LX"/>
    <tag k="addr:street" v="Mill Crescent"/>
    <tag k="building" v="residential"/>
  </way>
  <way id="307209919" version="3" timestamp="2014-10-12T17:35:29Z" changeset="26030939" uid="735" user="blackadder">
    <nd ref="3122957566"/>
    <nd ref="3122957532"/>
    <nd ref="3122957533"/>
    <nd ref="3122957568"/>
    <nd ref="3122957566"/>
    <tag k="building" v="substation"/>
    <tag k="name" v="No.1 Mill Crescent Substation"/>
    <tag k="power" v="substation"/>
    <tag k="ref" v="42D4475"/>
  </way>
  <way id="307209923" version="2" timestamp="2014-10-12T15:22:23Z" changeset="26027763" uid="735" user="blackadder">
    <nd ref="3122957571"/>
    <nd ref="3122957570"/>
    <nd ref="3122957476"/>
    <nd ref="3122957477"/>
    <nd ref="3122957571"/>
    <tag k="addr:city" v="Kingsbury"/>
    <tag k="addr:housenumber" v="27"/>
    <tag k="addr:postcode" v="B78 2LX"/>
    <tag k="addr:street" v="Mill Crescent"/>
    <tag k="building" v="residential"/>
  </way>
  <way id="307209924" version="2" timestamp="2014-10-12T15:22:19Z" changeset="26027763" uid="735" user="blackadder">
    <nd ref="3122957481"/>
    <nd ref="3122957480"/>
    <nd ref="3122957448"/>
    <nd ref="3122957449"/>
    <nd ref="3122957481"/>
    <tag k="addr:city" v="Kingsbury"/>
    <tag k="addr:housenumber" v="13"/>
    <tag k="addr:postcode" v="B78 2NA"/>
    <tag k="addr:street" v="Range Way"/>
    <tag k="building" v="residential"/>
  </way>
  <way id="307209926" version="2" timestamp="2014-10-12T15:22:26Z" changeset="26027763" uid="735" user="blackadder">
    <nd ref="3122957556"/>
    <nd ref="3122957555"/>
    <nd ref="3122957466"/>
    <nd ref="3122957467"/>
    <nd ref="3122957556"/>
    <tag k="addr:city" v="Kingsbury"/>
    <tag k="addr:housenumber" v="5"/>
    <tag k="addr:postcode" v="B78 2NA"/>
    <tag k="addr:street" v="Range Way"/>
    <tag k="building" v="residential"/>
  </way>
  <way id="307209931" version="2" timestamp="2014-10-12T15:22:24Z" changeset="26027763" uid="735" user="blackadder">
    <nd ref="3122957567"/>
    <nd ref="3122957565"/>
    <nd ref="3122957478"/>
    <nd ref="3122957479"/>
    <nd ref="3122957495"/>
    <nd ref="3122957567"/>
    <tag k="addr:city" v="Kingsbury"/>
    <tag k="addr:housenumber" v="33"/>
    <tag k="addr:postcode" v="B78 2LX"/>
    <tag k="addr:street" v="Mill Crescent"/>
    <tag k="building" v="residential"/>
  </way>
  <way id="307209933" version="2" timestamp="2014-10-12T15:22:18Z" changeset="26027763" uid="735" user="blackadder">
    <nd ref="3122957484"/>
    <nd ref="3122957481"/>
    <nd ref="3122957449"/>
    <nd ref="3122957450"/>
    <nd ref="3122957446"/>
    <nd ref="3122957447"/>
    <nd ref="3122957484"/>
    <tag k="addr:city" v="Kingsbury"/>
    <tag k="addr:housenumber" v="11"/>
    <tag k="addr:postcode" v="B78 2NA"/>
    <tag k="addr:street" v="Range Way"/>
    <tag k="building" v="residential"/>
  </way>
  <way id="307209934" version="2" timestamp="2014-10-12T15:22:24Z" changeset="26027763" uid="735" user="blackadder">
    <nd ref="3122957557"/>
    <nd ref="3122957556"/>
    <nd ref="3122957467"/>
    <nd ref="3122957470"/>
    <nd ref="3122957485"/>
    <nd ref="3122957486"/>
    <nd ref="3122957557"/>
    <tag k="addr:city" v="Kingsbury"/>
    <tag k="addr:housenumber" v="3"/>
    <tag k="addr:postcode" v="B78 2NA"/>
    <tag k="addr:street" v="Range Way"/>
    <tag k="building" v="residential"/>
  </way>
  <way id="307209936" version="2" timestamp="2014-10-12T15:22:22Z" changeset="26027763" uid="735" user="blackadder">
    <nd ref="3122957606"/>
    <nd ref="3122957605"/>
    <nd ref="3122957551"/>
    <nd ref="3122957552"/>
    <nd ref="3122957510"/>
    <nd ref="3122957515"/>
    <nd ref="3122957606"/>
    <tag k="addr:city" v="Kingsbury"/>
    <tag k="addr:housenumber" v="21"/>
    <tag k="addr:postcode" v="B78 2LX"/>
    <tag k="addr:street" v="Mill Crescent"/>
    <tag k="building" v="residential"/>
  </way>
  <way id="307209937" version="2" timestamp="2014-10-12T15:22:29Z" changeset="26027763" uid="735" user="blackadder">
    <nd ref="3122957589"/>
    <nd ref="3122957588"/>
    <nd ref="3122957537"/>
    <nd ref="3122957526"/>
    <nd ref="3122957549"/>
    <nd ref="3122957550"/>
    <nd ref="3122957589"/>
    <tag k="addr:city" v="Kingsbury"/>
    <tag k="addr:housenumber" v="9"/>
    <tag k="addr:postcode" v="B78 2LX"/>
    <tag k="addr:street" v="Mill Crescent"/>
    <tag k="building" v="residential"/>
  </way>
  <way id="307209938" version="2" timestamp="2014-10-12T15:22:23Z" changeset="26027763" uid="735" user="blackadder">
    <nd ref="3122957570"/>
    <nd ref="3122957569"/>
    <nd ref="3122957497"/>
    <nd ref="3122957498"/>
    <nd ref="3122957475"/>
    <nd ref="3122957476"/>
    <nd ref="3122957570"/>
    <tag k="addr:city" v="Kingsbury"/>
    <tag k="addr:housenumber" v="29"/>
    <tag k="addr:postcode" v="B78 2LX"/>
    <tag k="addr:street" v="Mill Crescent"/>
    <tag k="building" v="residential"/>
  </way>
  <way id="307209939" version="2" timestamp="2014-10-12T15:22:26Z" changeset="26027763" uid="735" user="blackadder">
    <nd ref="3122957579"/>
    <nd ref="3122957578"/>
    <nd ref="3122957535"/>
    <nd ref="3122957536"/>
    <nd ref="3122957513"/>
    <nd ref="3122957514"/>
    <nd ref="3122957579"/>
    <tag k="addr:city" v="Kingsbury"/>
    <tag k="addr:housenumber" v="5"/>
    <tag k="addr:postcode" v="B78 2LX"/>
    <tag k="addr:street" v="Mill Crescent"/>
    <tag k="building" v="residential"/>
  </way>
  <way id="307209940" version="2" timestamp="2014-10-12T15:22:22Z" changeset="26027763" uid="735" user="blackadder">
    <nd ref="3122957605"/>
    <nd ref="3122957601"/>
    <nd ref="3122957553"/>
    <nd ref="3122957554"/>
    <nd ref="3122957509"/>
    <nd ref="3122957511"/>
    <nd ref="3122957551"/>
    <nd ref="3122957605"/>
    <tag k="addr:city" v="Kingsbury"/>
    <tag k="addr:housenumber" v="23"/>
    <tag k="addr:postcode" v="B78 2LX"/>
    <tag k="addr:street" v="Mill Crescent"/>
    <tag k="building" v="residential"/>
  </way>
  <way id="307209941" version="2" timestamp="2014-10-12T15:22:17Z" changeset="26027763" uid="735" user="blackadder">
    <nd ref="3122957558"/>
    <nd ref="3122957557"/>
    <nd ref="3122957486"/>
    <nd ref="3122957471"/>
    <nd ref="3122957472"/>
    <nd ref="3122957487"/>
    <nd ref="3122957488"/>
    <nd ref="3122957558"/>
    <tag k="addr:city" v="Kingsbury"/>
    <tag k="addr:housenumber" v="1"/>
    <tag k="addr:postcode" v="B78 2NA"/>
    <tag k="addr:street" v="Range Way"/>
    <tag k="building" v="residential"/>
  </way>
  <way id="307209942" version="2" timestamp="2014-10-12T15:22:17Z" changeset="26027763" uid="735" user="blackadder">
    <nd ref="3122957494"/>
    <nd ref="3122957492"/>
    <nd ref="3122957493"/>
    <nd ref="3122957499"/>
    <nd ref="3122957500"/>
    <nd ref="3122957573"/>
    <nd ref="3122957572"/>
    <nd ref="3122957494"/>
    <tag k="addr:city" v="Kingsbury"/>
    <tag k="addr:housenumber" v="1"/>
    <tag k="addr:postcode" v="B78 2LX"/>
    <tag k="addr:street" v="Mill Crescent"/>
    <tag k="building" v="residential"/>
  </way>
  <way id="307209943" version="2" timestamp="2014-10-12T15:22:24Z" changeset="26027763" uid="735" user="blackadder">
    <nd ref="3122957593"/>
    <nd ref="3122957592"/>
    <nd ref="3122957501"/>
    <nd ref="3122957502"/>
    <nd ref="3122957490"/>
    <nd ref="3122957494"/>
    <nd ref="3122957572"/>
    <nd ref="3122957593"/>
    <tag k="addr:city" v="Kingsbury"/>
    <tag k="addr:housenumber" v="3"/>
    <tag k="addr:postcode" v="B78 2LX"/>
    <tag k="addr:street" v="Mill Crescent"/>
    <tag k="building" v="residential"/>
  </way>
  <way id="307209944" version="2" timestamp="2014-10-12T15:22:24Z" changeset="26027763" uid="735" user="blackadder">
    <nd ref="3122957569"/>
    <nd ref="3122957567"/>
    <nd ref="3122957495"/>
    <nd ref="3122957496"/>
    <nd ref="3122957482"/>
    <nd ref="3122957483"/>
    <nd ref="3122957497"/>
    <nd ref="3122957569"/>
    <tag k="addr:city" v="Kingsbury"/>
    <tag k="addr:housenumber" v="31"/>
    <tag k="addr:postcode" v="B78 2LX"/>
    <tag k="addr:street" v="Mill Crescent"/>
    <tag k="building" v="residential"/>
  </way>
  <way id="307209945" version="2" timestamp="2014-10-12T15:22:21Z" changeset="26027763" uid="735" user="blackadder">
    <nd ref="3122957437"/>
    <nd ref="3122957436"/>
    <nd ref="3122957452"/>
    <nd ref="3122957451"/>
    <nd ref="3122957433"/>
    <nd ref="3122957432"/>
    <nd ref="3122955221"/>
    <nd ref="3122955222"/>
    <nd ref="3122957437"/>
    <tag k="addr:city" v="Kingsbury"/>
    <tag k="addr:housenumber" v="19"/>
    <tag k="addr:postcode" v="B78 2NA"/>
    <tag k="addr:street" v="Range Way"/>
    <tag k="building" v="residential"/>
  </way>
  <way id="307209946" version="2" timestamp="2014-10-12T15:22:19Z" changeset="26027763" uid="735" user="blackadder">
    <nd ref="3122957461"/>
    <nd ref="3122957444"/>
    <nd ref="3122957439"/>
    <nd ref="3122955228"/>
    <nd ref="3122957429"/>
    <nd ref="3122957442"/>
    <nd ref="3122957441"/>
    <nd ref="3122957463"/>
    <nd ref="3122957461"/>
    <tag k="addr:city" v="Kingsbury"/>
    <tag k="addr:housenumber" v="15"/>
    <tag k="addr:postcode" v="B78 2NA"/>
    <tag k="addr:street" v="Range Way"/>
    <tag k="building" v="residential"/>
  </way>
  <way id="307209947" version="2" timestamp="2014-10-12T15:22:19Z" changeset="26027763" uid="735" user="blackadder">
    <nd ref="3122957610"/>
    <nd ref="3122957609"/>
    <nd ref="3122957585"/>
    <nd ref="3122957584"/>
    <nd ref="3122957543"/>
    <nd ref="3122957544"/>
    <nd ref="3122957521"/>
    <nd ref="3122957538"/>
    <nd ref="3122957610"/>
    <tag k="addr:city" v="Kingsbury"/>
    <tag k="addr:housenumber" v="15"/>
    <tag k="addr:postcode" v="B78 2LX"/>
    <tag k="addr:street" v="Mill Crescent"/>
    <tag k="building" v="residential"/>
  </way>
  <way id="307209948" version="2" timestamp="2014-10-12T15:22:23Z" changeset="26027763" uid="735" user="blackadder">
    <nd ref="3122957601"/>
    <nd ref="3122957615"/>
    <nd ref="3122957614"/>
    <nd ref="3122957602"/>
    <nd ref="3122957600"/>
    <nd ref="3122957507"/>
    <nd ref="3122957508"/>
    <nd ref="3122957553"/>
    <nd ref="3122957601"/>
    <tag k="addr:city" v="Kingsbury"/>
    <tag k="addr:housenumber" v="25"/>
    <tag k="addr:postcode" v="B78 2LX"/>
    <tag k="addr:street" v="Mill Crescent"/>
    <tag k="building" v="residential"/>
  </way>
  <way id="307209949" version="2" timestamp="2014-10-12T15:22:19Z" changeset="26027763" uid="735" user="blackadder">
    <nd ref="3122957591"/>
    <nd ref="3122957590"/>
    <nd ref="3122957611"/>
    <nd ref="3122957610"/>
    <nd ref="3122957538"/>
    <nd ref="3122957522"/>
    <nd ref="3122957545"/>
    <nd ref="3122957546"/>
    <nd ref="3122957591"/>
    <tag k="addr:city" v="Kingsbury"/>
    <tag k="addr:housenumber" v="13"/>
    <tag k="addr:postcode" v="B78 2LX"/>
    <tag k="addr:street" v="Mill Crescent"/>
    <tag k="building" v="residential"/>
  </way>
  <way id="307209950" version="2" timestamp="2014-10-12T15:22:21Z" changeset="26027763" uid="735" user="blackadder">
    <nd ref="3122957577"/>
    <nd ref="3122957576"/>
    <nd ref="3122957528"/>
    <nd ref="3122957530"/>
    <nd ref="3122957503"/>
    <nd ref="3122957504"/>
    <nd ref="3122957527"/>
    <nd ref="3122957529"/>
    <nd ref="3122957577"/>
    <tag k="addr:city" v="Kingsbury"/>
    <tag k="addr:housenumber" v="19"/>
    <tag k="addr:postcode" v="B78 2LX"/>
    <tag k="addr:street" v="Mill Crescent"/>
    <tag k="building" v="residential"/>
  </way>
  <way id="307209951" version="2" timestamp="2014-10-12T15:22:20Z" changeset="26027763" uid="735" user="blackadder">
    <nd ref="3122957439"/>
    <nd ref="3122957438"/>
    <nd ref="3122955225"/>
    <nd ref="3122955226"/>
    <nd ref="3122955223"/>
    <nd ref="3122955224"/>
    <nd ref="3122955227"/>
    <nd ref="3122955228"/>
    <nd ref="3122957439"/>
    <tag k="addr:city" v="Kingsbury"/>
    <tag k="addr:housenumber" v="17"/>
    <tag k="addr:postcode" v="B78 2NA"/>
    <tag k="addr:street" v="Range Way"/>
    <tag k="building" v="residential"/>
  </way>
  <way id="307209952" version="2" timestamp="2014-10-12T15:22:20Z" changeset="26027763" uid="735" user="blackadder">
    <nd ref="3122957607"/>
    <nd ref="3122957577"/>
    <nd ref="3122957529"/>
    <nd ref="3122957531"/>
    <nd ref="3122957512"/>
    <nd ref="3122957516"/>
    <nd ref="3122957575"/>
    <nd ref="3122957574"/>
    <nd ref="3122957608"/>
    <nd ref="3122957607"/>
    <tag k="addr:city" v="Kingsbury"/>
    <tag k="addr:housenumber" v="17"/>
    <tag k="addr:postcode" v="B78 2LX"/>
    <tag k="addr:street" v="Mill Crescent"/>
    <tag k="building" v="residential"/>
  </way>
  <way id="307209953" version="2" timestamp="2014-10-12T15:22:18Z" changeset="26027763" uid="735" user="blackadder">
    <nd ref="3122957537"/>
    <nd ref="3122957525"/>
    <nd ref="3122957548"/>
    <nd ref="3122957547"/>
    <nd ref="3122957586"/>
    <nd ref="3122957587"/>
    <nd ref="3122957612"/>
    <nd ref="3122957613"/>
    <nd ref="3122957588"/>
    <nd ref="3122957537"/>
    <tag k="addr:city" v="Kingsbury"/>
    <tag k="addr:housenumber" v="11"/>
    <tag k="addr:postcode" v="B78 2LX"/>
    <tag k="addr:street" v="Mill Crescent"/>
    <tag k="building" v="residential"/>
  </way>
  <way id="307211300" version="2" timestamp="2014-10-12T15:22:21Z" changeset="26027763" uid="735" user="blackadder">
    <nd ref="3122981759"/>
    <nd ref="3122981758"/>
    <nd ref="3122981753"/>
    <nd ref="3122981752"/>
    <nd ref="3122981736"/>
    <nd ref="3122981737"/>
    <nd ref="3122981528"/>
    <nd ref="3122981729"/>
    <nd ref="3122981734"/>
    <nd ref="3122981735"/>
    <nd ref="3122981759"/>
    <tag k="addr:city" v="Kingsbury"/>
    <tag k="addr:housenumber" v="2"/>
    <tag k="addr:postcode" v="B78 2LT"/>
    <tag k="addr:street" v="Mill Crescent"/>
    <tag k="building" v="residential"/>
  </way>
  <way id="307211302" version="2" timestamp="2014-10-12T15:22:24Z" changeset="26027763" uid="735" user="blackadder">
    <nd ref="3122981485"/>
    <nd ref="3122981484"/>
    <nd ref="3122981478"/>
    <nd ref="3122981479"/>
    <nd ref="3122981470"/>
    <nd ref="3122981471"/>
    <nd ref="3122981476"/>
    <nd ref="3122981477"/>
    <nd ref="3122981480"/>
    <nd ref="3122981481"/>
    <nd ref="3122981485"/>
    <tag k="addr:city" v="Kingsbury"/>
    <tag k="addr:housenumber" v="3"/>
    <tag k="addr:postcode" v="B78 2LU"/>
    <tag k="addr:street" v="Brook Close"/>
    <tag k="building" v="residential"/>
  </way>
  <way id="307211305" version="2" timestamp="2014-10-12T15:22:28Z" changeset="26027763" uid="735" user="blackadder">
    <nd ref="3122981442"/>
    <nd ref="3122981443"/>
    <nd ref="3122978223"/>
    <nd ref="3122978222"/>
    <nd ref="3122978215"/>
    <nd ref="3122978214"/>
    <nd ref="3122978193"/>
    <nd ref="3122978192"/>
    <nd ref="3122978220"/>
    <nd ref="3122978221"/>
    <nd ref="3122981442"/>
    <tag k="addr:city" v="Kingsbury"/>
    <tag k="addr:housenumber" v="8"/>
    <tag k="addr:postcode" v="B78 2LU"/>
    <tag k="addr:street" v="Brook Close"/>
    <tag k="building" v="residential"/>
  </way>
  <way id="307211307" version="2" timestamp="2014-10-18T21:06:19Z" changeset="26179316" uid="735" user="blackadder">
    <nd ref="3122981795"/>
    <nd ref="3122981791"/>
    <nd ref="3122981792"/>
    <nd ref="3122981786"/>
    <nd ref="3122981785"/>
    <nd ref="3122981788"/>
    <nd ref="3122981787"/>
    <nd ref="3122981790"/>
    <nd ref="3122981789"/>
    <nd ref="3122981793"/>
    <nd ref="3122981794"/>
    <nd ref="3122981795"/>
    <tag k="addr:city" v="Kingsbury"/>
    <tag k="addr:housenumber" v="81"/>
    <tag k="addr:postcode" v="B78 2LS"/>
    <tag k="addr:street" v="Tamworth Road"/>
    <tag k="building" v="residential"/>
  </way>
  <way id="307211309" version="2" timestamp="2014-10-12T15:22:20Z" changeset="26027763" uid="735" user="blackadder">
    <nd ref="3122981520"/>
    <nd ref="3122981521"/>
    <nd ref="3122981507"/>
    <nd ref="3122981509"/>
    <nd ref="3122981494"/>
    <nd ref="3122981495"/>
    <nd ref="3122981488"/>
    <nd ref="3122981487"/>
    <nd ref="3122981493"/>
    <nd ref="3122981492"/>
    <nd ref="3122981505"/>
    <nd ref="3122981506"/>
    <nd ref="3122981520"/>
    <tag k="addr:city" v="Kingsbury"/>
    <tag k="addr:housenumber" v="17"/>
    <tag k="addr:postcode" v="B78 2LU"/>
    <tag k="addr:street" v="Brook Close"/>
    <tag k="building" v="residential"/>
  </way>
  <way id="307211313" version="2" timestamp="2014-10-12T15:22:25Z" changeset="26027763" uid="735" user="blackadder">
    <nd ref="3122981761"/>
    <nd ref="3122981760"/>
    <nd ref="3122981765"/>
    <nd ref="3122981764"/>
    <nd ref="3122981763"/>
    <nd ref="3122981762"/>
    <nd ref="3122981732"/>
    <nd ref="3122981733"/>
    <nd ref="3122981744"/>
    <nd ref="3122981745"/>
    <nd ref="3122981746"/>
    <nd ref="3122981747"/>
    <nd ref="3122981761"/>
    <tag k="addr:city" v="Kingsbury"/>
    <tag k="addr:housenumber" v="4"/>
    <tag k="addr:postcode" v="B78 2LT"/>
    <tag k="addr:street" v="Mill Crescent"/>
    <tag k="building" v="residential"/>
  </way>
  <way id="307211314" version="2" timestamp="2014-10-12T15:22:27Z" changeset="26027763" uid="735" user="blackadder">
    <nd ref="3122981767"/>
    <nd ref="3122981766"/>
    <nd ref="3122981769"/>
    <nd ref="3122981768"/>
    <nd ref="3122981754"/>
    <nd ref="3122981755"/>
    <nd ref="3122981748"/>
    <nd ref="3122981749"/>
    <nd ref="3122981750"/>
    <nd ref="3122981751"/>
    <nd ref="3122981756"/>
    <nd ref="3122981757"/>
    <nd ref="3122981767"/>
    <tag k="addr:city" v="Kingsbury"/>
    <tag k="addr:housenumber" v="6"/>
    <tag k="addr:postcode" v="B78 2LT"/>
    <tag k="addr:street" v="Mill Crescent"/>
    <tag k="building" v="residential"/>
  </way>
  <way id="307211317" version="2" timestamp="2014-10-12T15:22:18Z" changeset="26027763" uid="735" user="blackadder">
    <nd ref="3122981453"/>
    <nd ref="3122981454"/>
    <nd ref="3122981437"/>
    <nd ref="3122981436"/>
    <nd ref="3122981453"/>
    <tag k="addr:city" v="Kingsbury"/>
    <tag k="addr:housenumber" v="12"/>
    <tag k="addr:postcode" v="B78 2LU"/>
    <tag k="addr:street" v="Brook Close"/>
    <tag k="building" v="residential"/>
  </way>
  <way id="307211319" version="2" timestamp="2014-10-12T15:22:18Z" changeset="26027763" uid="735" user="blackadder">
    <nd ref="3122981454"/>
    <nd ref="3122981455"/>
    <nd ref="3122981438"/>
    <nd ref="3122981437"/>
    <nd ref="3122981454"/>
    <tag k="addr:city" v="Kingsbury"/>
    <tag k="addr:housenumber" v="11"/>
    <tag k="addr:postcode" v="B78 2LU"/>
    <tag k="addr:street" v="Brook Close"/>
    <tag k="building" v="residential"/>
  </way>
  <way id="307211320" version="2" timestamp="2014-10-12T15:22:27Z" changeset="26027763" uid="735" user="blackadder">
    <nd ref="3122981448"/>
    <nd ref="3122981450"/>
    <nd ref="3122978212"/>
    <nd ref="3122978211"/>
    <nd ref="3122981448"/>
    <tag k="addr:city" v="Kingsbury"/>
    <tag k="addr:housenumber" v="6"/>
    <tag k="addr:postcode" v="B78 2LU"/>
    <tag k="addr:street" v="Brook Close"/>
    <tag k="building" v="residential"/>
  </way>
  <way id="307211321" version="2" timestamp="2014-10-12T15:22:19Z" changeset="26027763" uid="735" user="blackadder">
    <nd ref="3122981465"/>
    <nd ref="3122981464"/>
    <nd ref="3122981460"/>
    <nd ref="3122981461"/>
    <nd ref="3122981465"/>
    <tag k="addr:city" v="Kingsbury"/>
    <tag k="addr:housenumber" v="15"/>
    <tag k="addr:postcode" v="B78 2LU"/>
    <tag k="addr:street" v="Brook Close"/>
    <tag k="building" v="residential"/>
  </way>
  <way id="307211323" version="2" timestamp="2014-10-12T15:22:23Z" changeset="26027763" uid="735" user="blackadder">
    <nd ref="3122981738"/>
    <nd ref="3122981742"/>
    <nd ref="3122981739"/>
    <nd ref="3122981743"/>
    <nd ref="3122981515"/>
    <nd ref="3122981502"/>
    <nd ref="3122981738"/>
    <tag k="addr:city" v="Kingsbury"/>
    <tag k="addr:housenumber" v="2A"/>
    <tag k="addr:postcode" v="B78 2LT"/>
    <tag k="addr:street" v="Mill Crescent"/>
    <tag k="building" v="residential"/>
  </way>
  <way id="307211324" version="2" timestamp="2014-10-12T15:22:26Z" changeset="26027763" uid="735" user="blackadder">
    <nd ref="3122981450"/>
    <nd ref="3122981452"/>
    <nd ref="3122981435"/>
    <nd ref="3122981434"/>
    <nd ref="3122978213"/>
    <nd ref="3122978212"/>
    <nd ref="3122981450"/>
    <tag k="addr:city" v="Kingsbury"/>
    <tag k="addr:housenumber" v="5"/>
    <tag k="addr:postcode" v="B78 2LU"/>
    <tag k="addr:street" v="Brook Close"/>
    <tag k="building" v="residential"/>
  </way>
  <way id="307211325" version="2" timestamp="2014-10-12T15:22:29Z" changeset="26027763" uid="735" user="blackadder">
    <nd ref="3122981444"/>
    <nd ref="3122981446"/>
    <nd ref="3122981429"/>
    <nd ref="3122978228"/>
    <nd ref="3122978203"/>
    <nd ref="3122978202"/>
    <nd ref="3122981444"/>
    <tag k="addr:city" v="Kingsbury"/>
    <tag k="addr:housenumber" v="9"/>
    <tag k="addr:postcode" v="B78 2LU"/>
    <tag k="addr:street" v="Brook Close"/>
    <tag k="building" v="residential"/>
  </way>
  <way id="307211326" version="2" timestamp="2014-10-12T15:22:18Z" changeset="26027763" uid="735" user="blackadder">
    <nd ref="3122981449"/>
    <nd ref="3122981451"/>
    <nd ref="3122981433"/>
    <nd ref="3122981432"/>
    <nd ref="3122978208"/>
    <nd ref="3122978207"/>
    <nd ref="3122981449"/>
    <tag k="addr:city" v="Kingsbury"/>
    <tag k="addr:housenumber" v="13"/>
    <tag k="addr:postcode" v="B78 2LU"/>
    <tag k="addr:street" v="Brook Close"/>
    <tag k="building" v="residential"/>
  </way>
  <way id="307211327" version="2" timestamp="2014-10-18T21:06:18Z" changeset="26179316" uid="735" user="blackadder">
    <nd ref="3122981800"/>
    <nd ref="3122981799"/>
    <nd ref="3122981798"/>
    <nd ref="3122981797"/>
    <nd ref="3122981794"/>
    <nd ref="3122981795"/>
    <nd ref="3122981796"/>
    <nd ref="3122981800"/>
    <tag k="addr:city" v="Kingsbury"/>
    <tag k="addr:housenumber" v="79"/>
    <tag k="addr:postcode" v="B78 2LS"/>
    <tag k="addr:street" v="Tamworth Road"/>
    <tag k="building" v="residential"/>
  </way>
  <way id="307211328" version="2" timestamp="2014-10-12T15:22:28Z" changeset="26027763" uid="735" user="blackadder">
    <nd ref="3122981443"/>
    <nd ref="3122981445"/>
    <nd ref="3122978227"/>
    <nd ref="3122978226"/>
    <nd ref="3122978210"/>
    <nd ref="3122978209"/>
    <nd ref="3122978223"/>
    <nd ref="3122981443"/>
    <tag k="addr:city" v="Kingsbury"/>
    <tag k="addr:housenumber" v="7"/>
    <tag k="addr:postcode" v="B78 2LU"/>
    <tag k="addr:street" v="Brook Close"/>
    <tag k="building" v="residential"/>
  </way>
  <way id="307211329" version="2" timestamp="2014-10-12T15:22:17Z" changeset="26027763" uid="735" user="blackadder">
    <nd ref="3122981441"/>
    <nd ref="3122981444"/>
    <nd ref="3122978202"/>
    <nd ref="3122978201"/>
    <nd ref="3122978200"/>
    <nd ref="3122978225"/>
    <nd ref="3122978224"/>
    <nd ref="3122981441"/>
    <tag k="addr:city" v="Kingsbury"/>
    <tag k="addr:housenumber" v="10"/>
    <tag k="addr:postcode" v="B78 2LU"/>
    <tag k="addr:street" v="Brook Close"/>
    <tag k="building" v="residential"/>
  </way>
  <way id="307211330" version="2" timestamp="2014-10-12T15:22:19Z" changeset="26027763" uid="735" user="blackadder">
    <nd ref="3122981439"/>
    <nd ref="3122981440"/>
    <nd ref="3122981447"/>
    <nd ref="3122981449"/>
    <nd ref="3122978207"/>
    <nd ref="3122978206"/>
    <nd ref="3122981431"/>
    <nd ref="3122981430"/>
    <nd ref="3122981439"/>
    <tag k="addr:city" v="Kingsbury"/>
    <tag k="addr:housenumber" v="14"/>
    <tag k="addr:postcode" v="B78 2LU"/>
    <tag k="addr:street" v="Brook Close"/>
    <tag k="building" v="residential"/>
  </way>
  <way id="307211331" version="2" timestamp="2014-10-12T15:22:20Z" changeset="26027763" uid="735" user="blackadder">
    <nd ref="3122981483"/>
    <nd ref="3122981482"/>
    <nd ref="3122981472"/>
    <nd ref="3122981473"/>
    <nd ref="3122981468"/>
    <nd ref="3122981469"/>
    <nd ref="3122981475"/>
    <nd ref="3122981474"/>
    <nd ref="3122981483"/>
    <tag k="addr:city" v="Kingsbury"/>
    <tag k="addr:housenumber" v="16"/>
    <tag k="addr:postcode" v="B78 2LU"/>
    <tag k="addr:street" v="Brook Close"/>
    <tag k="building" v="residential"/>
  </way>
  <way id="307211332" version="2" timestamp="2014-10-12T15:22:25Z" changeset="26027763" uid="735" user="blackadder">
    <nd ref="3122981467"/>
    <nd ref="3122981466"/>
    <nd ref="3122981458"/>
    <nd ref="3122981459"/>
    <nd ref="3122981456"/>
    <nd ref="3122981457"/>
    <nd ref="3122981462"/>
    <nd ref="3122981463"/>
    <nd ref="3122981467"/>
    <tag k="addr:city" v="Kingsbury"/>
    <tag k="addr:housenumber" v="4"/>
    <tag k="addr:postcode" v="B78 2LU"/>
    <tag k="addr:street" v="Brook Close"/>
    <tag k="building" v="residential"/>
  </way>
  <way id="307211333" version="2" timestamp="2014-10-12T15:22:21Z" changeset="26027763" uid="735" user="blackadder">
    <nd ref="3122981510"/>
    <nd ref="3122981508"/>
    <nd ref="3122981500"/>
    <nd ref="3122981501"/>
    <nd ref="3122981496"/>
    <nd ref="3122981497"/>
    <nd ref="3122981489"/>
    <nd ref="3122981490"/>
    <nd ref="3122981510"/>
    <tag k="addr:city" v="Kingsbury"/>
    <tag k="addr:housenumber" v="2"/>
    <tag k="addr:postcode" v="B78 2LU"/>
    <tag k="addr:street" v="Brook Close"/>
    <tag k="building" v="residential"/>
  </way>
  <way id="307211334" version="2" timestamp="2014-10-12T15:22:17Z" changeset="26027763" uid="735" user="blackadder">
    <nd ref="3122981741"/>
    <nd ref="3122981740"/>
    <nd ref="3122981523"/>
    <nd ref="3122981522"/>
    <nd ref="3122981513"/>
    <nd ref="3122981514"/>
    <nd ref="3122981518"/>
    <nd ref="3122981519"/>
    <nd ref="3122981741"/>
    <tag k="addr:city" v="Kingsbury"/>
    <tag k="addr:housenumber" v="1"/>
    <tag k="addr:postcode" v="B78 2LU"/>
    <tag k="addr:street" v="Brook Close"/>
    <tag k="building" v="residential"/>
  </way>
  <way id="307215696" version="2" timestamp="2014-10-12T15:42:35Z" changeset="26028243" uid="735" user="blackadder">
    <nd ref="3123032524"/>
    <nd ref="3123032523"/>
    <nd ref="3123032518"/>
    <nd ref="3123032517"/>
    <nd ref="3123032505"/>
    <nd ref="3123032506"/>
    <nd ref="3123032498"/>
    <nd ref="3123032499"/>
    <nd ref="3123032501"/>
    <nd ref="3123032502"/>
    <nd ref="3123032524"/>
    <tag k="addr:city" v="Kingsbury"/>
    <tag k="addr:housenumber" v="39"/>
    <tag k="addr:postcode" v="B78 2NB"/>
    <tag k="addr:street" v="Mill Crescent"/>
    <tag k="building" v="residential"/>
  </way>
  <way id="307215698" version="2" timestamp="2014-10-12T15:22:22Z" changeset="26027763" uid="735" user="blackadder">
    <nd ref="3123032633"/>
    <nd ref="3123032632"/>
    <nd ref="3123032625"/>
    <nd ref="3123032624"/>
    <nd ref="3123032606"/>
    <nd ref="3123032607"/>
    <nd ref="3123032617"/>
    <nd ref="3123032618"/>
    <nd ref="3123032620"/>
    <nd ref="3123032619"/>
    <nd ref="3123032633"/>
    <tag k="addr:city" v="Kingsbury"/>
    <tag k="addr:housenumber" v="2"/>
    <tag k="addr:postcode" v="B78 2NA"/>
    <tag k="addr:street" v="Range Way"/>
    <tag k="building" v="residential"/>
  </way>
  <way id="307215703" version="2" timestamp="2014-10-12T15:22:18Z" changeset="26027763" uid="735" user="blackadder">
    <nd ref="3123032581"/>
    <nd ref="3123032583"/>
    <nd ref="3123032610"/>
    <nd ref="3123032611"/>
    <nd ref="3123032573"/>
    <nd ref="3123032574"/>
    <nd ref="3123032555"/>
    <nd ref="3123032554"/>
    <nd ref="3123032566"/>
    <nd ref="3123032564"/>
    <nd ref="3123032581"/>
    <tag k="addr:city" v="Kingsbury"/>
    <tag k="addr:housenumber" v="12"/>
    <tag k="addr:postcode" v="B78 2NA"/>
    <tag k="addr:street" v="Range Way"/>
    <tag k="building" v="residential"/>
  </way>
  <way id="307215705" version="2" timestamp="2014-10-12T15:22:17Z" changeset="26027763" uid="735" user="blackadder">
    <nd ref="3123032612"/>
    <nd ref="3123032613"/>
    <nd ref="3123032582"/>
    <nd ref="3123032581"/>
    <nd ref="3123032564"/>
    <nd ref="3123032565"/>
    <nd ref="3123032568"/>
    <nd ref="3123032567"/>
    <nd ref="3123032575"/>
    <nd ref="3123032576"/>
    <nd ref="3123032612"/>
    <tag k="addr:city" v="Kingsbury"/>
    <tag k="addr:housenumber" v="10"/>
    <tag k="addr:postcode" v="B78 2NA"/>
    <tag k="addr:street" v="Range Way"/>
    <tag k="building" v="residential"/>
  </way>
  <way id="307215707" version="2" timestamp="2014-10-12T15:22:28Z" changeset="26027763" uid="735" user="blackadder">
    <nd ref="3123032615"/>
    <nd ref="3123032614"/>
    <nd ref="3123032627"/>
    <nd ref="3123032626"/>
    <nd ref="3123032599"/>
    <nd ref="3123032600"/>
    <nd ref="3123032584"/>
    <nd ref="3123032585"/>
    <nd ref="3123032596"/>
    <nd ref="3123032597"/>
    <nd ref="3123032588"/>
    <nd ref="3123032589"/>
    <nd ref="3123032615"/>
    <tag k="addr:city" v="Kingsbury"/>
    <tag k="addr:housenumber" v="8"/>
    <tag k="addr:postcode" v="B78 2NA"/>
    <tag k="addr:street" v="Range Way"/>
    <tag k="building" v="residential"/>
  </way>
  <way id="307215714" version="2" timestamp="2014-10-12T15:22:25Z" changeset="26027763" uid="735" user="blackadder">
    <nd ref="3123032624"/>
    <nd ref="3123032623"/>
    <nd ref="3123032631"/>
    <nd ref="3123032630"/>
    <nd ref="3123032622"/>
    <nd ref="3123032621"/>
    <nd ref="3123032608"/>
    <nd ref="3123032609"/>
    <nd ref="3123032604"/>
    <nd ref="3123032605"/>
    <nd ref="3123032586"/>
    <nd ref="3123032587"/>
    <nd ref="3123032606"/>
    <nd ref="3123032624"/>
    <tag k="addr:city" v="Kingsbury"/>
    <tag k="addr:housenumber" v="4"/>
    <tag k="addr:postcode" v="B78 2NA"/>
    <tag k="addr:street" v="Range Way"/>
    <tag k="building" v="residential"/>
  </way>
  <way id="307215716" version="2" timestamp="2014-10-12T15:42:35Z" changeset="26028243" uid="735" user="blackadder">
    <nd ref="3123032580"/>
    <nd ref="3123032579"/>
    <nd ref="3123032572"/>
    <nd ref="3123032571"/>
    <nd ref="3123032570"/>
    <nd ref="3123032569"/>
    <nd ref="3123032551"/>
    <nd ref="3123032550"/>
    <nd ref="3123032547"/>
    <nd ref="3123032548"/>
    <nd ref="3123032549"/>
    <nd ref="3123032552"/>
    <nd ref="3123032553"/>
    <nd ref="3123032580"/>
    <tag k="addr:city" v="Kingsbury"/>
    <tag k="addr:housenumber" v="35"/>
    <tag k="addr:postcode" v="B78 2NB"/>
    <tag k="addr:street" v="Mill Crescent"/>
    <tag k="building" v="residential"/>
  </way>
  <way id="307215726" version="2" timestamp="2014-10-12T15:22:20Z" changeset="26027763" uid="735" user="blackadder">
    <nd ref="3123032598"/>
    <nd ref="3123032595"/>
    <nd ref="3123032561"/>
    <nd ref="3123032562"/>
    <nd ref="3123032598"/>
    <tag k="addr:city" v="Kingsbury"/>
    <tag k="addr:housenumber" v="16"/>
    <tag k="addr:postcode" v="B78 2NA"/>
    <tag k="addr:street" v="Range Way"/>
    <tag k="building" v="residential"/>
  </way>
  <way id="307215736" version="2" timestamp="2014-10-12T15:42:35Z" changeset="26028243" uid="735" user="blackadder">
    <nd ref="3123032498"/>
    <nd ref="3123032485"/>
    <nd ref="3123032486"/>
    <nd ref="3123032497"/>
    <nd ref="3123032496"/>
    <nd ref="3123032499"/>
    <nd ref="3123032498"/>
    <tag k="addr:city" v="Kingsbury"/>
    <tag k="addr:housenumber" v="41"/>
    <tag k="addr:postcode" v="B78 2NB"/>
    <tag k="addr:street" v="Mill Crescent"/>
    <tag k="building" v="residential"/>
  </way>
  <way id="307215738" version="2" timestamp="2014-10-12T15:22:19Z" changeset="26027763" uid="735" user="blackadder">
    <nd ref="3123032592"/>
    <nd ref="3123032591"/>
    <nd ref="3123032601"/>
    <nd ref="3123032598"/>
    <nd ref="3123032562"/>
    <nd ref="3123032563"/>
    <nd ref="3123032592"/>
    <tag k="addr:city" v="Kingsbury"/>
    <tag k="addr:housenumber" v="14"/>
    <tag k="addr:postcode" v="B78 2NA"/>
    <tag k="addr:street" v="Range Way"/>
    <tag k="building" v="residential"/>
  </way>
  <way id="307215746" version="2" timestamp="2014-10-12T15:42:35Z" changeset="26028243" uid="735" user="blackadder">
    <nd ref="3123032549"/>
    <nd ref="3123032541"/>
    <nd ref="3123032542"/>
    <nd ref="3123032529"/>
    <nd ref="3123032528"/>
    <nd ref="3123032540"/>
    <nd ref="3123032539"/>
    <nd ref="3123032548"/>
    <nd ref="3123032549"/>
    <tag k="addr:city" v="Kingsbury"/>
    <tag k="addr:housenumber" v="37"/>
    <tag k="addr:postcode" v="B78 2NB"/>
    <tag k="addr:street" v="Mill Crescent"/>
    <tag k="building" v="residential"/>
  </way>
  <way id="307215748" version="2" timestamp="2014-10-12T15:22:21Z" changeset="26027763" uid="735" user="blackadder">
    <nd ref="3123032546"/>
    <nd ref="3123032545"/>
    <nd ref="3123032558"/>
    <nd ref="3126102123"/>
    <nd ref="3123032546"/>
    <tag k="addr:city" v="Kingsbury"/>
    <tag k="addr:housenumber" v="18"/>
    <tag k="addr:postcode" v="B78 2NA"/>
    <tag k="addr:street" v="Range Way"/>
    <tag k="building" v="residential"/>
  </way>
  <way id="307215749" version="2" timestamp="2014-10-12T15:22:27Z" changeset="26027763" uid="735" user="blackadder">
    <nd ref="3123032629"/>
    <nd ref="3123032628"/>
    <nd ref="3123032616"/>
    <nd ref="3123032615"/>
    <nd ref="3123032589"/>
    <nd ref="3123032590"/>
    <nd ref="3123032602"/>
    <nd ref="3123032603"/>
    <nd ref="3123032629"/>
    <tag k="addr:city" v="Kingsbury"/>
    <tag k="addr:housenumber" v="6"/>
    <tag k="addr:postcode" v="B78 2NA"/>
    <tag k="addr:street" v="Range Way"/>
    <tag k="building" v="residential"/>
  </way>
  <way id="307215751" version="2" timestamp="2014-10-12T15:22:22Z" changeset="26027763" uid="735" user="blackadder">
    <nd ref="3126102122"/>
    <nd ref="3123032535"/>
    <nd ref="3123032559"/>
    <nd ref="3126102124"/>
    <nd ref="3126102122"/>
    <tag k="addr:city" v="Kingsbury"/>
    <tag k="addr:housenumber" v="22"/>
    <tag k="addr:postcode" v="B78 2NA"/>
    <tag k="addr:street" v="Range Way"/>
    <tag k="building" v="residential"/>
  </way>
  <way id="307223031" version="4" timestamp="2024-06-01T14:34:43Z" changeset="152121334" uid="13078383" user="Keith Barnett">
    <nd ref="267854730"/>
    <nd ref="3123158886"/>
    <tag k="abutters" v="residential"/>
    <tag k="highway" v="residential"/>
    <tag k="lane_markings" v="no"/>
    <tag k="name" v="Birch Close"/>
    <tag k="sidewalk" v="both"/>
    <tag k="surface" v="asphalt"/>
  </way>
  <way id="307229632" version="1" timestamp="2014-10-10T22:33:13Z" changeset="25993409" uid="735" user="blackadder">
    <nd ref="1206604302"/>
    <nd ref="1206604275"/>
    <tag k="highway" v="residential"/>
    <tag k="name" v="Glenville Avenue"/>
  </way>
  <way id="307454048" version="1" timestamp="2014-10-12T15:22:15Z" changeset="26027763" uid="735" user="blackadder">
    <nd ref="3123032546"/>
    <nd ref="3126102123"/>
    <nd ref="3123032559"/>
    <nd ref="3123032535"/>
    <nd ref="3123032534"/>
    <nd ref="3123032538"/>
    <nd ref="3123032537"/>
    <nd ref="3123032546"/>
    <tag k="addr:city" v="Kingsbury"/>
    <tag k="addr:housenumber" v="20"/>
    <tag k="addr:postcode" v="B78 2NA"/>
    <tag k="addr:street" v="Range Way"/>
    <tag k="building" v="residential"/>
  </way>
  <way id="307454050" version="1" timestamp="2014-10-12T15:22:15Z" changeset="26027763" uid="735" user="blackadder">
    <nd ref="3126102122"/>
    <nd ref="3126102124"/>
    <nd ref="3123032560"/>
    <nd ref="3123032556"/>
    <nd ref="3123032557"/>
    <nd ref="3123032544"/>
    <nd ref="3123032543"/>
    <nd ref="3123032536"/>
    <nd ref="3126102122"/>
    <tag k="addr:city" v="Kingsbury"/>
    <tag k="addr:housenumber" v="24"/>
    <tag k="addr:postcode" v="B78 2NA"/>
    <tag k="addr:street" v="Range Way"/>
    <tag k="building" v="residential"/>
  </way>
  <way id="307490152" version="2" timestamp="2014-10-17T15:49:36Z" changeset="26149006" uid="735" user="blackadder">
    <nd ref="3126633503"/>
    <nd ref="3126633507"/>
    <nd ref="3126633517"/>
    <nd ref="3126633514"/>
    <nd ref="3126633503"/>
    <tag k="addr:city" v="Kingsbury"/>
    <tag k="addr:housenumber" v="6"/>
    <tag k="addr:postcode" v="B78 2HP"/>
    <tag k="addr:street" v="Bracebridge Road"/>
    <tag k="building" v="residential"/>
  </way>
  <way id="307490153" version="2" timestamp="2014-10-17T15:49:36Z" changeset="26149006" uid="735" user="blackadder">
    <nd ref="3126633760"/>
    <nd ref="3126633758"/>
    <nd ref="3126633755"/>
    <nd ref="3126633757"/>
    <nd ref="3126633760"/>
    <tag k="addr:city" v="Kingsbury"/>
    <tag k="addr:housenumber" v="55"/>
    <tag k="addr:postcode" v="B78 2HL"/>
    <tag k="addr:street" v="Ralph Crescent"/>
    <tag k="building" v="residential"/>
  </way>
  <way id="307490154" version="2" timestamp="2014-10-17T15:49:35Z" changeset="26149006" uid="735" user="blackadder">
    <nd ref="3126633232"/>
    <nd ref="3126633237"/>
    <nd ref="3126633241"/>
    <nd ref="3126633236"/>
    <nd ref="3126633232"/>
    <tag k="addr:city" v="Kingsbury"/>
    <tag k="addr:housenumber" v="51"/>
    <tag k="addr:postcode" v="B78 2HS"/>
    <tag k="addr:street" v="Tame Bank"/>
    <tag k="building" v="residential"/>
  </way>
  <way id="307490155" version="2" timestamp="2014-10-17T15:49:22Z" changeset="26149006" uid="735" user="blackadder">
    <nd ref="3126633072"/>
    <nd ref="3126633067"/>
    <nd ref="3126633064"/>
    <nd ref="3126633069"/>
    <nd ref="3126633072"/>
    <tag k="addr:city" v="Kingsbury"/>
    <tag k="addr:housenumber" v="17"/>
    <tag k="addr:postcode" v="B78 2HS"/>
    <tag k="addr:street" v="Tame Bank"/>
    <tag k="building" v="residential"/>
  </way>
  <way id="307490156" version="2" timestamp="2014-10-17T15:49:23Z" changeset="26149006" uid="735" user="blackadder">
    <nd ref="3126633505"/>
    <nd ref="3126633495"/>
    <nd ref="3126633490"/>
    <nd ref="3126633498"/>
    <nd ref="3126633505"/>
    <tag k="addr:city" v="Kingsbury"/>
    <tag k="addr:housenumber" v="18"/>
    <tag k="addr:postcode" v="B78 2HP"/>
    <tag k="addr:street" v="Bracebridge Road"/>
    <tag k="building" v="residential"/>
  </way>
  <way id="307490157" version="2" timestamp="2014-10-17T15:49:37Z" changeset="26149006" uid="735" user="blackadder">
    <nd ref="3126633279"/>
    <nd ref="3126633285"/>
    <nd ref="3126633289"/>
    <nd ref="3126633284"/>
    <nd ref="3126633279"/>
    <tag k="addr:city" v="Kingsbury"/>
    <tag k="addr:housenumber" v="63"/>
    <tag k="addr:postcode" v="B78 2HS"/>
    <tag k="addr:street" v="Tame Bank"/>
    <tag k="building" v="residential"/>
  </way>
  <way id="307490158" version="2" timestamp="2014-10-17T15:49:35Z" changeset="26149006" uid="735" user="blackadder">
    <nd ref="3126633117"/>
    <nd ref="3126633123"/>
    <nd ref="3126633230"/>
    <nd ref="3126633127"/>
    <nd ref="3126633117"/>
    <tag k="addr:city" v="Kingsbury"/>
    <tag k="addr:housenumber" v="47"/>
    <tag k="addr:postcode" v="B78 2HS"/>
    <tag k="addr:street" v="Tame Bank"/>
    <tag k="building" v="residential"/>
  </way>
  <way id="307490159" version="2" timestamp="2014-10-17T15:49:38Z" changeset="26149006" uid="735" user="blackadder">
    <nd ref="3126633790"/>
    <nd ref="3126633787"/>
    <nd ref="3126633785"/>
    <nd ref="3126633788"/>
    <nd ref="3126633790"/>
    <tag k="addr:city" v="Kingsbury"/>
    <tag k="addr:housenumber" v="71"/>
    <tag k="addr:postcode" v="B78 2HL"/>
    <tag k="addr:street" v="Ralph Crescent"/>
    <tag k="building" v="residential"/>
  </way>
  <way id="307490160" version="2" timestamp="2014-10-17T15:49:33Z" changeset="26149006" uid="735" user="blackadder">
    <nd ref="3126633102"/>
    <nd ref="3126633105"/>
    <nd ref="3126633110"/>
    <nd ref="3126633107"/>
    <nd ref="3126633102"/>
    <tag k="addr:city" v="Kingsbury"/>
    <tag k="addr:housenumber" v="39"/>
    <tag k="addr:postcode" v="B78 2HS"/>
    <tag k="addr:street" v="Tame Bank"/>
    <tag k="building" v="residential"/>
  </way>
  <way id="307490161" version="2" timestamp="2014-10-17T15:49:30Z" changeset="26149006" uid="735" user="blackadder">
    <nd ref="3126633456"/>
    <nd ref="3126633459"/>
    <nd ref="3126633465"/>
    <nd ref="3126633460"/>
    <nd ref="3126633456"/>
    <tag k="addr:city" v="Kingsbury"/>
    <tag k="addr:housenumber" v="30"/>
    <tag k="addr:postcode" v="B78 2HP"/>
    <tag k="addr:street" v="Bracebridge Road"/>
    <tag k="building" v="residential"/>
  </way>
  <way id="307490162" version="2" timestamp="2014-10-17T15:49:38Z" changeset="26149006" uid="735" user="blackadder">
    <nd ref="3126633802"/>
    <nd ref="3126633800"/>
    <nd ref="3126633803"/>
    <nd ref="3126633806"/>
    <nd ref="3126633802"/>
    <tag k="addr:city" v="Kingsbury"/>
    <tag k="addr:housenumber" v="77"/>
    <tag k="addr:postcode" v="B78 2HL"/>
    <tag k="addr:street" v="Ralph Crescent"/>
    <tag k="building" v="residential"/>
  </way>
  <way id="307490163" version="2" timestamp="2014-10-17T15:49:39Z" changeset="26149006" uid="735" user="blackadder">
    <nd ref="3126633817"/>
    <nd ref="3126633814"/>
    <nd ref="3126633812"/>
    <nd ref="3126633816"/>
    <nd ref="3126633817"/>
    <tag k="addr:city" v="Kingsbury"/>
    <tag k="addr:housenumber" v="83"/>
    <tag k="addr:postcode" v="B78 2HL"/>
    <tag k="addr:street" v="Ralph Crescent"/>
    <tag k="building" v="residential"/>
  </way>
  <way id="307490164" version="2" timestamp="2014-10-17T15:49:34Z" changeset="26149006" uid="735" user="blackadder">
    <nd ref="3126633429"/>
    <nd ref="3126633327"/>
    <nd ref="3126633430"/>
    <nd ref="3126633432"/>
    <nd ref="3126633429"/>
    <tag k="addr:city" v="Kingsbury"/>
    <tag k="addr:housenumber" v="40"/>
    <tag k="addr:postcode" v="B78 2HP"/>
    <tag k="addr:street" v="Bracebridge Road"/>
    <tag k="building" v="residential"/>
  </way>
  <way id="307490165" version="2" timestamp="2014-10-17T15:49:19Z" changeset="26149006" uid="735" user="blackadder">
    <nd ref="3126633512"/>
    <nd ref="3126633513"/>
    <nd ref="3126633502"/>
    <nd ref="3126633501"/>
    <nd ref="3126633512"/>
    <tag k="addr:city" v="Kingsbury"/>
    <tag k="addr:housenumber" v="10"/>
    <tag k="addr:postcode" v="B78 2HP"/>
    <tag k="addr:street" v="Bracebridge Road"/>
    <tag k="building" v="residential"/>
  </way>
  <way id="307490166" version="2" timestamp="2014-10-17T15:49:37Z" changeset="26149006" uid="735" user="blackadder">
    <nd ref="3126633776"/>
    <nd ref="3126633774"/>
    <nd ref="3126633770"/>
    <nd ref="3126633773"/>
    <nd ref="3126633776"/>
    <tag k="addr:city" v="Kingsbury"/>
    <tag k="addr:housenumber" v="61"/>
    <tag k="addr:postcode" v="B78 2HL"/>
    <tag k="addr:street" v="Ralph Crescent"/>
    <tag k="building" v="residential"/>
  </way>
  <way id="307490167" version="2" timestamp="2014-10-17T15:49:39Z" changeset="26149006" uid="735" user="blackadder">
    <nd ref="3126633816"/>
    <nd ref="3126633813"/>
    <nd ref="3126633810"/>
    <nd ref="3126633812"/>
    <nd ref="3126633816"/>
    <tag k="addr:city" v="Kingsbury"/>
    <tag k="addr:housenumber" v="81"/>
    <tag k="addr:postcode" v="B78 2HL"/>
    <tag k="addr:street" v="Ralph Crescent"/>
    <tag k="building" v="residential"/>
  </way>
  <way id="307490168" version="2" timestamp="2014-10-17T15:49:36Z" changeset="26149006" uid="735" user="blackadder">
    <nd ref="3126633262"/>
    <nd ref="3126633258"/>
    <nd ref="3126633264"/>
    <nd ref="3126633269"/>
    <nd ref="3126633262"/>
    <tag k="addr:city" v="Kingsbury"/>
    <tag k="addr:housenumber" v="57"/>
    <tag k="addr:postcode" v="B78 2HS"/>
    <tag k="addr:street" v="Tame Bank"/>
    <tag k="building" v="residential"/>
  </way>
  <way id="307490169" version="2" timestamp="2014-10-17T15:49:31Z" changeset="26149006" uid="735" user="blackadder">
    <nd ref="3126633085"/>
    <nd ref="3126633086"/>
    <nd ref="3126633089"/>
    <nd ref="3126633087"/>
    <nd ref="3126633085"/>
    <tag k="addr:city" v="Kingsbury"/>
    <tag k="addr:housenumber" v="31"/>
    <tag k="addr:postcode" v="B78 2HS"/>
    <tag k="addr:street" v="Tame Bank"/>
    <tag k="building" v="residential"/>
  </way>
  <way id="307490170" version="2" timestamp="2014-10-17T15:49:35Z" changeset="26149006" uid="735" user="blackadder">
    <nd ref="3126633757"/>
    <nd ref="3126633753"/>
    <nd ref="3126633750"/>
    <nd ref="3126633755"/>
    <nd ref="3126633757"/>
    <tag k="addr:city" v="Kingsbury"/>
    <tag k="addr:housenumber" v="53"/>
    <tag k="addr:postcode" v="B78 2HL"/>
    <tag k="addr:street" v="Ralph Crescent"/>
    <tag k="building" v="residential"/>
  </way>
  <way id="307490171" version="2" timestamp="2014-10-17T15:49:27Z" changeset="26149006" uid="735" user="blackadder">
    <nd ref="3126633075"/>
    <nd ref="3126633076"/>
    <nd ref="3126633079"/>
    <nd ref="3126633077"/>
    <nd ref="3126633075"/>
    <tag k="addr:city" v="Kingsbury"/>
    <tag k="addr:housenumber" v="23"/>
    <tag k="addr:postcode" v="B78 2HS"/>
    <tag k="addr:street" v="Tame Bank"/>
    <tag k="building" v="residential"/>
  </way>
  <way id="307490172" version="2" timestamp="2014-10-17T15:49:38Z" changeset="26149006" uid="735" user="blackadder">
    <nd ref="3126633040"/>
    <nd ref="3126633046"/>
    <nd ref="3126633051"/>
    <nd ref="3126633041"/>
    <nd ref="3126633040"/>
    <tag k="addr:city" v="Kingsbury"/>
    <tag k="addr:housenumber" v="7"/>
    <tag k="addr:postcode" v="B78 2HS"/>
    <tag k="addr:street" v="Tame Bank"/>
    <tag k="building" v="residential"/>
  </way>
  <way id="307490173" version="2" timestamp="2014-10-17T15:49:25Z" changeset="26149006" uid="735" user="blackadder">
    <nd ref="3126633490"/>
    <nd ref="3126633485"/>
    <nd ref="3126633491"/>
    <nd ref="3126633498"/>
    <nd ref="3126633490"/>
    <tag k="addr:city" v="Kingsbury"/>
    <tag k="addr:housenumber" v="20"/>
    <tag k="addr:postcode" v="B78 2HP"/>
    <tag k="addr:street" v="Bracebridge Road"/>
    <tag k="building" v="residential"/>
  </way>
  <way id="307490174" version="2" timestamp="2014-10-17T15:49:37Z" changeset="26149006" uid="735" user="blackadder">
    <nd ref="3126633300"/>
    <nd ref="3126633310"/>
    <nd ref="3126633313"/>
    <nd ref="3126633303"/>
    <nd ref="3126633300"/>
    <tag k="addr:city" v="Kingsbury"/>
    <tag k="addr:housenumber" v="67"/>
    <tag k="addr:postcode" v="B78 2HS"/>
    <tag k="addr:street" v="Tame Bank"/>
    <tag k="building" v="residential"/>
  </way>
  <way id="307490175" version="2" timestamp="2014-10-17T15:49:36Z" changeset="26149006" uid="735" user="blackadder">
    <nd ref="3126633771"/>
    <nd ref="3126633768"/>
    <nd ref="3126633764"/>
    <nd ref="3126633767"/>
    <nd ref="3126633771"/>
    <tag k="addr:city" v="Kingsbury"/>
    <tag k="addr:housenumber" v="59"/>
    <tag k="addr:postcode" v="B78 2HL"/>
    <tag k="addr:street" v="Ralph Crescent"/>
    <tag k="building" v="residential"/>
  </way>
  <way id="307490176" version="2" timestamp="2014-10-17T15:49:37Z" changeset="26149006" uid="735" user="blackadder">
    <nd ref="3126633779"/>
    <nd ref="3126633777"/>
    <nd ref="3126633780"/>
    <nd ref="3126633782"/>
    <nd ref="3126633779"/>
    <tag k="addr:city" v="Kingsbury"/>
    <tag k="addr:housenumber" v="65"/>
    <tag k="addr:postcode" v="B78 2HL"/>
    <tag k="addr:street" v="Ralph Crescent"/>
    <tag k="building" v="residential"/>
  </way>
  <way id="307490177" version="2" timestamp="2014-10-17T15:49:26Z" changeset="26149006" uid="735" user="blackadder">
    <nd ref="3126633075"/>
    <nd ref="3126633073"/>
    <nd ref="3126633074"/>
    <nd ref="3126633076"/>
    <nd ref="3126633075"/>
    <tag k="addr:city" v="Kingsbury"/>
    <tag k="addr:housenumber" v="21"/>
    <tag k="addr:postcode" v="B78 2HS"/>
    <tag k="addr:street" v="Tame Bank"/>
    <tag k="building" v="residential"/>
  </way>
  <way id="307490178" version="2" timestamp="2014-10-17T15:49:36Z" changeset="26149006" uid="735" user="blackadder">
    <nd ref="3126633245"/>
    <nd ref="3126633242"/>
    <nd ref="3126633247"/>
    <nd ref="3126633255"/>
    <nd ref="3126633245"/>
    <tag k="addr:city" v="Kingsbury"/>
    <tag k="addr:housenumber" v="53"/>
    <tag k="addr:postcode" v="B78 2HS"/>
    <tag k="addr:street" v="Tame Bank"/>
    <tag k="building" v="residential"/>
  </way>
  <way id="307490179" version="2" timestamp="2014-10-17T15:49:34Z" changeset="26149006" uid="735" user="blackadder">
    <nd ref="3126633114"/>
    <nd ref="3126633111"/>
    <nd ref="3126633109"/>
    <nd ref="3126633112"/>
    <nd ref="3126633114"/>
    <tag k="addr:city" v="Kingsbury"/>
    <tag k="addr:housenumber" v="41"/>
    <tag k="addr:postcode" v="B78 2HS"/>
    <tag k="addr:street" v="Tame Bank"/>
    <tag k="building" v="residential"/>
  </way>
  <way id="307490181" version="2" timestamp="2014-10-17T15:49:31Z" changeset="26149006" uid="735" user="blackadder">
    <nd ref="3126633454"/>
    <nd ref="3126633446"/>
    <nd ref="3126633441"/>
    <nd ref="3126633447"/>
    <nd ref="3126633454"/>
    <tag k="addr:city" v="Kingsbury"/>
    <tag k="addr:housenumber" v="34"/>
    <tag k="addr:postcode" v="B78 2HP"/>
    <tag k="addr:street" v="Bracebridge Road"/>
    <tag k="building" v="residential"/>
  </way>
  <way id="307490182" version="2" timestamp="2014-10-17T15:49:33Z" changeset="26149006" uid="735" user="blackadder">
    <nd ref="3126633102"/>
    <nd ref="3126633097"/>
    <nd ref="3126633100"/>
    <nd ref="3126633105"/>
    <nd ref="3126633102"/>
    <tag k="addr:city" v="Kingsbury"/>
    <tag k="addr:housenumber" v="37"/>
    <tag k="addr:postcode" v="B78 2HS"/>
    <tag k="addr:street" v="Tame Bank"/>
    <tag k="building" v="residential"/>
  </way>
  <way id="307490184" version="2" timestamp="2014-10-17T15:49:29Z" changeset="26149006" uid="735" user="blackadder">
    <nd ref="3126633085"/>
    <nd ref="3126633083"/>
    <nd ref="3126633084"/>
    <nd ref="3126633086"/>
    <nd ref="3126633085"/>
    <tag k="addr:city" v="Kingsbury"/>
    <tag k="addr:housenumber" v="29"/>
    <tag k="addr:postcode" v="B78 2HS"/>
    <tag k="addr:street" v="Tame Bank"/>
    <tag k="building" v="residential"/>
  </way>
  <way id="307490185" version="2" timestamp="2014-10-17T15:49:28Z" changeset="26149006" uid="735" user="blackadder">
    <nd ref="3126633470"/>
    <nd ref="3126633474"/>
    <nd ref="3126633468"/>
    <nd ref="3126633464"/>
    <nd ref="3126633470"/>
    <tag k="addr:city" v="Kingsbury"/>
    <tag k="addr:housenumber" v="26"/>
    <tag k="addr:postcode" v="B78 2HP"/>
    <tag k="addr:street" v="Bracebridge Road"/>
    <tag k="building" v="residential"/>
  </way>
  <way id="307490186" version="2" timestamp="2014-10-17T15:49:37Z" changeset="26149006" uid="735" user="blackadder">
    <nd ref="3126633300"/>
    <nd ref="3126633303"/>
    <nd ref="3126633295"/>
    <nd ref="3126633293"/>
    <nd ref="3126633300"/>
    <tag k="addr:city" v="Kingsbury"/>
    <tag k="addr:housenumber" v="65"/>
    <tag k="addr:postcode" v="B78 2HS"/>
    <tag k="addr:street" v="Tame Bank"/>
    <tag k="building" v="residential"/>
  </way>
  <way id="307490188" version="2" timestamp="2014-10-17T15:49:34Z" changeset="26149006" uid="735" user="blackadder">
    <nd ref="3126633116"/>
    <nd ref="3126633114"/>
    <nd ref="3126633112"/>
    <nd ref="3126633115"/>
    <nd ref="3126633116"/>
    <tag k="addr:city" v="Kingsbury"/>
    <tag k="addr:housenumber" v="43"/>
    <tag k="addr:postcode" v="B78 2HS"/>
    <tag k="addr:street" v="Tame Bank"/>
    <tag k="building" v="residential"/>
  </way>
  <way id="307490190" version="2" timestamp="2014-10-17T15:49:33Z" changeset="26149006" uid="735" user="blackadder">
    <nd ref="3126633517"/>
    <nd ref="3126633525"/>
    <nd ref="3126633515"/>
    <nd ref="3126633507"/>
    <nd ref="3126633517"/>
    <tag k="addr:city" v="Kingsbury"/>
    <tag k="addr:housenumber" v="4"/>
    <tag k="addr:postcode" v="B78 2HP"/>
    <tag k="addr:street" v="Bracebridge Road"/>
    <tag k="building" v="residential"/>
  </way>
  <way id="307490191" version="2" timestamp="2014-10-17T15:49:36Z" changeset="26149006" uid="735" user="blackadder">
    <nd ref="3126633264"/>
    <nd ref="3126633270"/>
    <nd ref="3126633274"/>
    <nd ref="3126633269"/>
    <nd ref="3126633264"/>
    <tag k="addr:city" v="Kingsbury"/>
    <tag k="addr:housenumber" v="59"/>
    <tag k="addr:postcode" v="B78 2HS"/>
    <tag k="addr:street" v="Tame Bank"/>
    <tag k="building" v="residential"/>
  </way>
  <way id="307490193" version="2" timestamp="2014-10-17T15:49:30Z" changeset="26149006" uid="735" user="blackadder">
    <nd ref="3126633031"/>
    <nd ref="3126633033"/>
    <nd ref="3126633037"/>
    <nd ref="3126633032"/>
    <nd ref="3126633031"/>
    <tag k="addr:city" v="Kingsbury"/>
    <tag k="addr:housenumber" v="3"/>
    <tag k="addr:postcode" v="B78 2HS"/>
    <tag k="addr:street" v="Tame Bank"/>
    <tag k="building" v="residential"/>
  </way>
  <way id="307490194" version="2" timestamp="2014-10-17T15:49:37Z" changeset="26149006" uid="735" user="blackadder">
    <nd ref="3126633784"/>
    <nd ref="3126633781"/>
    <nd ref="3126633779"/>
    <nd ref="3126633782"/>
    <nd ref="3126633784"/>
    <tag k="addr:city" v="Kingsbury"/>
    <tag k="addr:housenumber" v="67"/>
    <tag k="addr:postcode" v="B78 2HL"/>
    <tag k="addr:street" v="Ralph Crescent"/>
    <tag k="building" v="residential"/>
  </way>
  <way id="307490195" version="2" timestamp="2014-10-17T15:49:21Z" changeset="26149006" uid="735" user="blackadder">
    <nd ref="3126633060"/>
    <nd ref="3126633063"/>
    <nd ref="3126633066"/>
    <nd ref="3126633062"/>
    <nd ref="3126633060"/>
    <tag k="addr:city" v="Kingsbury"/>
    <tag k="addr:housenumber" v="15"/>
    <tag k="addr:postcode" v="B78 2HS"/>
    <tag k="addr:street" v="Tame Bank"/>
    <tag k="building" v="residential"/>
  </way>
  <way id="307490196" version="2" timestamp="2014-10-17T15:49:28Z" changeset="26149006" uid="735" user="blackadder">
    <nd ref="3126633084"/>
    <nd ref="3126633082"/>
    <nd ref="3126633081"/>
    <nd ref="3126633083"/>
    <nd ref="3126633084"/>
    <tag k="addr:city" v="Kingsbury"/>
    <tag k="addr:housenumber" v="27"/>
    <tag k="addr:postcode" v="B78 2HS"/>
    <tag k="addr:street" v="Tame Bank"/>
    <tag k="building" v="residential"/>
  </way>
  <way id="307490197" version="2" timestamp="2014-10-17T15:49:35Z" changeset="26149006" uid="735" user="blackadder">
    <nd ref="3126633039"/>
    <nd ref="3126633035"/>
    <nd ref="3126633040"/>
    <nd ref="3126633041"/>
    <nd ref="3126633039"/>
    <tag k="addr:city" v="Kingsbury"/>
    <tag k="addr:housenumber" v="5"/>
    <tag k="addr:postcode" v="B78 2HS"/>
    <tag k="addr:street" v="Tame Bank"/>
    <tag k="building" v="residential"/>
  </way>
  <way id="307490198" version="2" timestamp="2014-10-17T15:49:24Z" changeset="26149006" uid="735" user="blackadder">
    <nd ref="3126633074"/>
    <nd ref="3126633072"/>
    <nd ref="3126633069"/>
    <nd ref="3126633073"/>
    <nd ref="3126633074"/>
    <tag k="addr:city" v="Kingsbury"/>
    <tag k="addr:housenumber" v="19"/>
    <tag k="addr:postcode" v="B78 2HS"/>
    <tag k="addr:street" v="Tame Bank"/>
    <tag k="building" v="residential"/>
  </way>
  <way id="307490199" version="2" timestamp="2014-10-17T15:49:29Z" changeset="26149006" uid="735" user="blackadder">
    <nd ref="3126633465"/>
    <nd ref="3126633470"/>
    <nd ref="3126633464"/>
    <nd ref="3126633459"/>
    <nd ref="3126633465"/>
    <tag k="addr:city" v="Kingsbury"/>
    <tag k="addr:housenumber" v="28"/>
    <tag k="addr:postcode" v="B78 2HP"/>
    <tag k="addr:street" v="Bracebridge Road"/>
    <tag k="building" v="residential"/>
  </way>
  <way id="307490200" version="2" timestamp="2014-10-17T15:49:38Z" changeset="26149006" uid="735" user="blackadder">
    <nd ref="3126633801"/>
    <nd ref="3126633795"/>
    <nd ref="3126633791"/>
    <nd ref="3126633797"/>
    <nd ref="3126633801"/>
    <tag k="addr:city" v="Kingsbury"/>
    <tag k="addr:housenumber" v="75"/>
    <tag k="addr:postcode" v="B78 2HL"/>
    <tag k="addr:street" v="Ralph Crescent"/>
    <tag k="building" v="residential"/>
  </way>
  <way id="307490201" version="2" timestamp="2014-10-17T15:49:36Z" changeset="26149006" uid="735" user="blackadder">
    <nd ref="3126633247"/>
    <nd ref="3126633256"/>
    <nd ref="3126633261"/>
    <nd ref="3126633255"/>
    <nd ref="3126633247"/>
    <tag k="addr:city" v="Kingsbury"/>
    <tag k="addr:housenumber" v="55"/>
    <tag k="addr:postcode" v="B78 2HS"/>
    <tag k="addr:street" v="Tame Bank"/>
    <tag k="building" v="residential"/>
  </way>
  <way id="307490202" version="2" timestamp="2014-10-17T15:49:21Z" changeset="26149006" uid="735" user="blackadder">
    <nd ref="3126633496"/>
    <nd ref="3126633509"/>
    <nd ref="3126633508"/>
    <nd ref="3126633494"/>
    <nd ref="3126633496"/>
    <tag k="addr:city" v="Kingsbury"/>
    <tag k="addr:housenumber" v="16"/>
    <tag k="addr:postcode" v="B78 2HP"/>
    <tag k="addr:street" v="Bracebridge Road"/>
    <tag k="building" v="residential"/>
  </way>
  <way id="307490203" version="2" timestamp="2014-10-17T15:49:32Z" changeset="26149006" uid="735" user="blackadder">
    <nd ref="3126633441"/>
    <nd ref="3126633433"/>
    <nd ref="3126633443"/>
    <nd ref="3126633447"/>
    <nd ref="3126633441"/>
    <tag k="addr:city" v="Kingsbury"/>
    <tag k="addr:housenumber" v="36"/>
    <tag k="addr:postcode" v="B78 2HP"/>
    <tag k="addr:street" v="Bracebridge Road"/>
    <tag k="building" v="residential"/>
  </way>
  <way id="307490204" version="2" timestamp="2014-10-17T15:49:19Z" changeset="26149006" uid="735" user="blackadder">
    <nd ref="3126633058"/>
    <nd ref="3126633061"/>
    <nd ref="3126633056"/>
    <nd ref="3126633055"/>
    <nd ref="3126633058"/>
    <tag k="addr:city" v="Kingsbury"/>
    <tag k="addr:housenumber" v="11"/>
    <tag k="addr:postcode" v="B78 2HS"/>
    <tag k="addr:street" v="Tame Bank"/>
    <tag k="building" v="residential"/>
  </way>
  <way id="307490205" version="2" timestamp="2014-10-17T15:49:32Z" changeset="26149006" uid="735" user="blackadder">
    <nd ref="3126633100"/>
    <nd ref="3126633095"/>
    <nd ref="3126633092"/>
    <nd ref="3126633097"/>
    <nd ref="3126633100"/>
    <tag k="addr:city" v="Kingsbury"/>
    <tag k="addr:housenumber" v="35"/>
    <tag k="addr:postcode" v="B78 2HS"/>
    <tag k="addr:street" v="Tame Bank"/>
    <tag k="building" v="residential"/>
  </way>
  <way id="307490206" version="2" timestamp="2014-10-17T15:49:24Z" changeset="26149006" uid="735" user="blackadder">
    <nd ref="3126633525"/>
    <nd ref="3126633528"/>
    <nd ref="3126633518"/>
    <nd ref="3126633515"/>
    <nd ref="3126633525"/>
    <tag k="addr:city" v="Kingsbury"/>
    <tag k="addr:housenumber" v="2"/>
    <tag k="addr:postcode" v="B78 2HP"/>
    <tag k="addr:street" v="Bracebridge Road"/>
    <tag k="building" v="residential"/>
  </way>
  <way id="307490207" version="2" timestamp="2014-10-17T15:49:26Z" changeset="26149006" uid="735" user="blackadder">
    <nd ref="3126633488"/>
    <nd ref="3126633480"/>
    <nd ref="3126633475"/>
    <nd ref="3126633483"/>
    <nd ref="3126633488"/>
    <tag k="addr:city" v="Kingsbury"/>
    <tag k="addr:housenumber" v="22"/>
    <tag k="addr:postcode" v="B78 2HP"/>
    <tag k="addr:street" v="Bracebridge Road"/>
    <tag k="building" v="residential"/>
  </way>
  <way id="307490208" version="2" timestamp="2014-10-17T15:49:34Z" changeset="26149006" uid="735" user="blackadder">
    <nd ref="3126633323"/>
    <nd ref="3126633328"/>
    <nd ref="3126633326"/>
    <nd ref="3126633321"/>
    <nd ref="3126633323"/>
    <tag k="addr:city" v="Kingsbury"/>
    <tag k="addr:housenumber" v="42"/>
    <tag k="addr:postcode" v="B78 2HP"/>
    <tag k="addr:street" v="Bracebridge Road"/>
    <tag k="building" v="residential"/>
  </way>
  <way id="307490209" version="2" timestamp="2014-10-17T15:49:37Z" changeset="26149006" uid="735" user="blackadder">
    <nd ref="3126633278"/>
    <nd ref="3126633272"/>
    <nd ref="3126633279"/>
    <nd ref="3126633284"/>
    <nd ref="3126633278"/>
    <tag k="addr:city" v="Kingsbury"/>
    <tag k="addr:housenumber" v="61"/>
    <tag k="addr:postcode" v="B78 2HS"/>
    <tag k="addr:street" v="Tame Bank"/>
    <tag k="building" v="residential"/>
  </way>
  <way id="307490210" version="2" timestamp="2014-10-17T15:49:35Z" changeset="26149006" uid="735" user="blackadder">
    <nd ref="3126633117"/>
    <nd ref="3126633115"/>
    <nd ref="3126633116"/>
    <nd ref="3126633123"/>
    <nd ref="3126633117"/>
    <tag k="addr:city" v="Kingsbury"/>
    <tag k="addr:housenumber" v="45"/>
    <tag k="addr:postcode" v="B78 2HS"/>
    <tag k="addr:street" v="Tame Bank"/>
    <tag k="building" v="residential"/>
  </way>
  <way id="307490211" version="2" timestamp="2014-10-17T15:49:35Z" changeset="26149006" uid="735" user="blackadder">
    <nd ref="3126633231"/>
    <nd ref="3126633128"/>
    <nd ref="3126633232"/>
    <nd ref="3126633236"/>
    <nd ref="3126633231"/>
    <tag k="addr:city" v="Kingsbury"/>
    <tag k="addr:housenumber" v="49"/>
    <tag k="addr:postcode" v="B78 2HS"/>
    <tag k="addr:street" v="Tame Bank"/>
    <tag k="building" v="residential"/>
  </way>
  <way id="307490212" version="2" timestamp="2014-10-17T15:49:18Z" changeset="26149006" uid="735" user="blackadder">
    <nd ref="3126633030"/>
    <nd ref="3126632528"/>
    <nd ref="3126633031"/>
    <nd ref="3126633032"/>
    <nd ref="3126633030"/>
    <tag k="addr:city" v="Kingsbury"/>
    <tag k="addr:housenumber" v="1"/>
    <tag k="addr:postcode" v="B78 2HS"/>
    <tag k="addr:street" v="Tame Bank"/>
    <tag k="building" v="residential"/>
  </way>
  <way id="307490213" version="2" timestamp="2014-10-17T15:49:31Z" changeset="26149006" uid="735" user="blackadder">
    <nd ref="3126633456"/>
    <nd ref="3126633460"/>
    <nd ref="3126633455"/>
    <nd ref="3126633449"/>
    <nd ref="3126633456"/>
    <tag k="addr:city" v="Kingsbury"/>
    <tag k="addr:housenumber" v="32"/>
    <tag k="addr:postcode" v="B78 2HP"/>
    <tag k="addr:street" v="Bracebridge Road"/>
    <tag k="building" v="residential"/>
  </way>
  <way id="307490214" version="2" timestamp="2014-10-17T15:49:38Z" changeset="26149006" uid="735" user="blackadder">
    <nd ref="3126633808"/>
    <nd ref="3126633805"/>
    <nd ref="3126633802"/>
    <nd ref="3126633806"/>
    <nd ref="3126633808"/>
    <tag k="addr:city" v="Kingsbury"/>
    <tag k="addr:housenumber" v="79"/>
    <tag k="addr:postcode" v="B78 2HL"/>
    <tag k="addr:street" v="Ralph Crescent"/>
    <tag k="building" v="residential"/>
  </way>
  <way id="307490215" version="2" timestamp="2014-10-17T15:49:20Z" changeset="26149006" uid="735" user="blackadder">
    <nd ref="3126633496"/>
    <nd ref="3126633500"/>
    <nd ref="3126633511"/>
    <nd ref="3126633509"/>
    <nd ref="3126633496"/>
    <tag k="addr:city" v="Kingsbury"/>
    <tag k="addr:housenumber" v="14"/>
    <tag k="addr:postcode" v="B78 2HP"/>
    <tag k="addr:street" v="Bracebridge Road"/>
    <tag k="building" v="residential"/>
  </way>
  <way id="307490216" version="2" timestamp="2014-10-17T15:49:37Z" changeset="26149006" uid="735" user="blackadder">
    <nd ref="3126633785"/>
    <nd ref="3126633783"/>
    <nd ref="3126633786"/>
    <nd ref="3126633788"/>
    <nd ref="3126633785"/>
    <tag k="addr:city" v="Kingsbury"/>
    <tag k="addr:housenumber" v="69"/>
    <tag k="addr:postcode" v="B78 2HL"/>
    <tag k="addr:street" v="Ralph Crescent"/>
    <tag k="building" v="residential"/>
  </way>
  <way id="307490217" version="2" timestamp="2014-10-17T15:49:38Z" changeset="26149006" uid="735" user="blackadder">
    <nd ref="3126633791"/>
    <nd ref="3126633789"/>
    <nd ref="3126633793"/>
    <nd ref="3126633797"/>
    <nd ref="3126633791"/>
    <tag k="addr:city" v="Kingsbury"/>
    <tag k="addr:housenumber" v="73"/>
    <tag k="addr:postcode" v="B78 2HL"/>
    <tag k="addr:street" v="Ralph Crescent"/>
    <tag k="building" v="residential"/>
  </way>
  <way id="307490218" version="2" timestamp="2014-10-17T15:49:31Z" changeset="26149006" uid="735" user="blackadder">
    <nd ref="3126633095"/>
    <nd ref="3126633090"/>
    <nd ref="3126633088"/>
    <nd ref="3126633092"/>
    <nd ref="3126633095"/>
    <tag k="addr:city" v="Kingsbury"/>
    <tag k="addr:housenumber" v="33"/>
    <tag k="addr:postcode" v="B78 2HS"/>
    <tag k="addr:street" v="Tame Bank"/>
    <tag k="building" v="residential"/>
  </way>
  <way id="307490219" version="2" timestamp="2014-10-17T15:49:20Z" changeset="26149006" uid="735" user="blackadder">
    <nd ref="3126633059"/>
    <nd ref="3126633057"/>
    <nd ref="3126633060"/>
    <nd ref="3126633062"/>
    <nd ref="3126633059"/>
    <tag k="addr:city" v="Kingsbury"/>
    <tag k="addr:housenumber" v="13"/>
    <tag k="addr:postcode" v="B78 2HS"/>
    <tag k="addr:street" v="Tame Bank"/>
    <tag k="building" v="residential"/>
  </way>
  <way id="307490220" version="2" timestamp="2014-10-17T15:49:28Z" changeset="26149006" uid="735" user="blackadder">
    <nd ref="3126633082"/>
    <nd ref="3126633080"/>
    <nd ref="3126633078"/>
    <nd ref="3126633081"/>
    <nd ref="3126633082"/>
    <tag k="addr:city" v="Kingsbury"/>
    <tag k="addr:housenumber" v="25"/>
    <tag k="addr:postcode" v="B78 2HS"/>
    <tag k="addr:street" v="Tame Bank"/>
    <tag k="building" v="residential"/>
  </way>
  <way id="307490221" version="2" timestamp="2014-10-17T15:49:27Z" changeset="26149006" uid="735" user="blackadder">
    <nd ref="3126633475"/>
    <nd ref="3126633471"/>
    <nd ref="3126633476"/>
    <nd ref="3126633483"/>
    <nd ref="3126633475"/>
    <tag k="addr:city" v="Kingsbury"/>
    <tag k="addr:housenumber" v="24"/>
    <tag k="addr:postcode" v="B78 2HP"/>
    <tag k="addr:street" v="Bracebridge Road"/>
    <tag k="building" v="residential"/>
  </way>
  <way id="307490222" version="2" timestamp="2014-10-17T15:49:34Z" changeset="26149006" uid="735" user="blackadder">
    <nd ref="3126633313"/>
    <nd ref="3126633323"/>
    <nd ref="3126633321"/>
    <nd ref="3126633310"/>
    <nd ref="3126633313"/>
    <tag k="addr:city" v="Kingsbury"/>
    <tag k="addr:housenumber" v="44"/>
    <tag k="addr:postcode" v="B78 2HP"/>
    <tag k="addr:street" v="Bracebridge Road"/>
    <tag k="building" v="residential"/>
  </way>
  <way id="307490223" version="2" timestamp="2014-10-17T15:49:38Z" changeset="26149006" uid="735" user="blackadder">
    <nd ref="3126633503"/>
    <nd ref="3126633514"/>
    <nd ref="3126633506"/>
    <nd ref="3126633497"/>
    <nd ref="3126633503"/>
    <tag k="addr:city" v="Kingsbury"/>
    <tag k="addr:housenumber" v="8"/>
    <tag k="addr:postcode" v="B78 2HP"/>
    <tag k="addr:street" v="Bracebridge Road"/>
    <tag k="building" v="residential"/>
  </way>
  <way id="307490224" version="2" timestamp="2014-10-17T15:49:33Z" changeset="26149006" uid="735" user="blackadder">
    <nd ref="3126633440"/>
    <nd ref="3126633431"/>
    <nd ref="3126633429"/>
    <nd ref="3126633432"/>
    <nd ref="3126633440"/>
    <tag k="addr:city" v="Kingsbury"/>
    <tag k="addr:housenumber" v="38"/>
    <tag k="addr:postcode" v="B78 2HP"/>
    <tag k="addr:street" v="Bracebridge Road"/>
    <tag k="building" v="residential"/>
  </way>
  <way id="307490225" version="2" timestamp="2014-10-17T15:49:20Z" changeset="26149006" uid="735" user="blackadder">
    <nd ref="3126633511"/>
    <nd ref="3126633512"/>
    <nd ref="3126633501"/>
    <nd ref="3126633500"/>
    <nd ref="3126633511"/>
    <tag k="addr:city" v="Kingsbury"/>
    <tag k="addr:housenumber" v="12"/>
    <tag k="addr:postcode" v="B78 2HP"/>
    <tag k="addr:street" v="Bracebridge Road"/>
    <tag k="building" v="residential"/>
  </way>
  <way id="307490226" version="2" timestamp="2014-10-17T15:49:37Z" changeset="26149006" uid="735" user="blackadder">
    <nd ref="3126633778"/>
    <nd ref="3126633775"/>
    <nd ref="3126633773"/>
    <nd ref="3126633776"/>
    <nd ref="3126633778"/>
    <tag k="addr:city" v="Kingsbury"/>
    <tag k="addr:housenumber" v="63"/>
    <tag k="addr:postcode" v="B78 2HL"/>
    <tag k="addr:street" v="Ralph Crescent"/>
    <tag k="building" v="residential"/>
  </way>
  <way id="307490227" version="2" timestamp="2014-10-17T15:49:39Z" changeset="26149006" uid="735" user="blackadder">
    <nd ref="3126633056"/>
    <nd ref="3126633052"/>
    <nd ref="3126633048"/>
    <nd ref="3126633053"/>
    <nd ref="3126633055"/>
    <nd ref="3126633056"/>
    <tag k="addr:city" v="Kingsbury"/>
    <tag k="addr:housenumber" v="9"/>
    <tag k="addr:postcode" v="B78 2HS"/>
    <tag k="addr:street" v="Tame Bank"/>
    <tag k="building" v="residential"/>
  </way>
  <way id="307490229" version="2" timestamp="2014-10-17T15:49:35Z" changeset="26149006" uid="735" user="blackadder">
    <nd ref="3126633742"/>
    <nd ref="3126633737"/>
    <nd ref="3126633736"/>
    <nd ref="3126633731"/>
    <nd ref="3126633730"/>
    <nd ref="3126633741"/>
    <nd ref="3126633742"/>
    <tag k="addr:city" v="Kingsbury"/>
    <tag k="addr:housenumber" v="49"/>
    <tag k="addr:postcode" v="B78 2HL"/>
    <tag k="addr:street" v="Ralph Crescent"/>
    <tag k="building" v="residential"/>
  </way>
  <way id="307490230" version="2" timestamp="2014-10-17T15:49:36Z" changeset="26149006" uid="735" user="blackadder">
    <nd ref="3126633767"/>
    <nd ref="3126633769"/>
    <nd ref="3126633765"/>
    <nd ref="3126633761"/>
    <nd ref="3126633763"/>
    <nd ref="3126633759"/>
    <nd ref="3126633764"/>
    <nd ref="3126633767"/>
    <tag k="addr:city" v="Kingsbury"/>
    <tag k="addr:housenumber" v="57"/>
    <tag k="addr:postcode" v="B78 2HL"/>
    <tag k="addr:street" v="Ralph Crescent"/>
    <tag k="building" v="residential"/>
  </way>
  <way id="307490231" version="2" timestamp="2014-10-17T15:49:35Z" changeset="26149006" uid="735" user="blackadder">
    <nd ref="3126633746"/>
    <nd ref="3126633747"/>
    <nd ref="3126633742"/>
    <nd ref="3126633741"/>
    <nd ref="3126633740"/>
    <nd ref="3126633743"/>
    <nd ref="3126633744"/>
    <nd ref="3126633746"/>
    <tag k="addr:city" v="Kingsbury"/>
    <tag k="addr:housenumber" v="51"/>
    <tag k="addr:postcode" v="B78 2HL"/>
    <tag k="addr:street" v="Ralph Crescent"/>
    <tag k="building" v="residential"/>
  </way>
  <way id="307490232" version="2" timestamp="2014-10-17T15:49:29Z" changeset="26149006" uid="735" user="blackadder">
    <nd ref="3135346783"/>
    <nd ref="3126633520"/>
    <nd ref="3126633522"/>
    <nd ref="3126633519"/>
    <nd ref="3126633729"/>
    <nd ref="3135346784"/>
    <nd ref="3135346783"/>
    <tag k="addr:city" v="Kingsbury"/>
    <tag k="addr:housenumber" v="2B"/>
    <tag k="addr:postcode" v="B78 2HP"/>
    <tag k="addr:street" v="Bracebridge Road"/>
    <tag k="building" v="residential"/>
  </way>
  <way id="307496537" version="2" timestamp="2014-10-17T15:49:27Z" changeset="26149006" uid="735" user="blackadder">
    <nd ref="3126704110"/>
    <nd ref="3126704118"/>
    <nd ref="3126704124"/>
    <nd ref="3126704116"/>
    <nd ref="3126704110"/>
    <tag k="addr:city" v="Kingsbury"/>
    <tag k="addr:housenumber" v="23"/>
    <tag k="addr:postcode" v="B78 2HR"/>
    <tag k="addr:street" v="Kingsway"/>
    <tag k="building" v="residential"/>
  </way>
  <way id="307496538" version="2" timestamp="2014-10-17T15:49:31Z" changeset="26149006" uid="735" user="blackadder">
    <nd ref="3126704071"/>
    <nd ref="3126704078"/>
    <nd ref="3126704095"/>
    <nd ref="3126704089"/>
    <nd ref="3126704071"/>
    <tag k="addr:city" v="Kingsbury"/>
    <tag k="addr:housenumber" v="33"/>
    <tag k="addr:postcode" v="B78 2HR"/>
    <tag k="addr:street" v="Kingsway"/>
    <tag k="building" v="residential"/>
  </way>
  <way id="307496539" version="2" timestamp="2014-10-17T15:49:25Z" changeset="26149006" uid="735" user="blackadder">
    <nd ref="3126702202"/>
    <nd ref="3126702198"/>
    <nd ref="3126702200"/>
    <nd ref="3126702206"/>
    <nd ref="3126702202"/>
    <tag k="addr:city" v="Kingsbury"/>
    <tag k="addr:housenumber" v="20"/>
    <tag k="addr:postcode" v="B78 2HS"/>
    <tag k="addr:street" v="Tame Bank"/>
    <tag k="building" v="residential"/>
  </way>
  <way id="307496540" version="2" timestamp="2014-10-17T15:49:33Z" changeset="26149006" uid="735" user="blackadder">
    <nd ref="3126704524"/>
    <nd ref="3126704515"/>
    <nd ref="3126704522"/>
    <nd ref="3126704528"/>
    <nd ref="3126704524"/>
    <tag k="addr:city" v="Kingsbury"/>
    <tag k="addr:housenumber" v="37"/>
    <tag k="addr:postcode" v="B78 2HL"/>
    <tag k="addr:street" v="Ralph Crescent"/>
    <tag k="building" v="residential"/>
  </way>
  <way id="307496541" version="2" timestamp="2014-10-17T15:49:37Z" changeset="26149006" uid="735" user="blackadder">
    <nd ref="3126704412"/>
    <nd ref="3126704426"/>
    <nd ref="3126704435"/>
    <nd ref="3126704421"/>
    <nd ref="3126704412"/>
    <tag k="addr:city" v="Kingsbury"/>
    <tag k="addr:housenumber" v="7"/>
    <tag k="addr:postcode" v="B78 2HR"/>
    <tag k="addr:street" v="Kingsway"/>
    <tag k="building" v="residential"/>
  </way>
  <way id="307496542" version="2" timestamp="2014-10-17T15:49:23Z" changeset="26149006" uid="735" user="blackadder">
    <nd ref="3126704498"/>
    <nd ref="3126704508"/>
    <nd ref="3126704495"/>
    <nd ref="3126704484"/>
    <nd ref="3126704498"/>
    <tag k="addr:city" v="Kingsbury"/>
    <tag k="addr:housenumber" v="185"/>
    <tag k="addr:postcode" v="B78 2HJ"/>
    <tag k="addr:street" v="Tamworth Road"/>
    <tag k="building" v="residential"/>
  </way>
  <way id="307496543" version="2" timestamp="2014-10-17T15:49:37Z" changeset="26149006" uid="735" user="blackadder">
    <nd ref="3126704436"/>
    <nd ref="3126704441"/>
    <nd ref="3126704428"/>
    <nd ref="3126704423"/>
    <nd ref="3126704436"/>
    <tag k="addr:city" v="Kingsbury"/>
    <tag k="addr:housenumber" v="7"/>
    <tag k="addr:postcode" v="B78 2HL"/>
    <tag k="addr:street" v="Ralph Crescent"/>
    <tag k="building" v="residential"/>
  </way>
  <way id="307496544" version="2" timestamp="2014-10-17T15:49:34Z" changeset="26149006" uid="735" user="blackadder">
    <nd ref="3126704105"/>
    <nd ref="3126704094"/>
    <nd ref="3126704085"/>
    <nd ref="3126704098"/>
    <nd ref="3126704105"/>
    <tag k="addr:city" v="Kingsbury"/>
    <tag k="addr:housenumber" v="40"/>
    <tag k="addr:postcode" v="B78 2HS"/>
    <tag k="addr:street" v="Tame Bank"/>
    <tag k="building" v="residential"/>
  </way>
  <way id="307496545" version="2" timestamp="2014-10-17T15:49:33Z" changeset="26149006" uid="735" user="blackadder">
    <nd ref="3126704510"/>
    <nd ref="3126704514"/>
    <nd ref="3126704502"/>
    <nd ref="3126704491"/>
    <nd ref="3126704510"/>
    <tag k="addr:city" v="Kingsbury"/>
    <tag k="addr:housenumber" v="4"/>
    <tag k="addr:postcode" v="B78 2HL"/>
    <tag k="addr:street" v="Ralph Crescent"/>
    <tag k="building" v="residential"/>
  </way>
  <way id="307496546" version="2" timestamp="2014-10-17T15:49:31Z" changeset="26149006" uid="735" user="blackadder">
    <nd ref="3126704501"/>
    <nd ref="3126704486"/>
    <nd ref="3126704500"/>
    <nd ref="3126704511"/>
    <nd ref="3126704501"/>
    <tag k="addr:city" v="Kingsbury"/>
    <tag k="addr:housenumber" v="33"/>
    <tag k="addr:postcode" v="B78 2HL"/>
    <tag k="addr:street" v="Ralph Crescent"/>
    <tag k="building" v="residential"/>
  </way>
  <way id="307496547" version="2" timestamp="2014-10-17T15:49:24Z" changeset="26149006" uid="735" user="blackadder">
    <nd ref="3126704562"/>
    <nd ref="3126704565"/>
    <nd ref="3126704561"/>
    <nd ref="3126704560"/>
    <nd ref="3126704562"/>
    <tag k="addr:city" v="Kingsbury"/>
    <tag k="addr:housenumber" v="197"/>
    <tag k="addr:postcode" v="B78 2HJ"/>
    <tag k="addr:street" v="Tamworth Road"/>
    <tag k="building" v="residential"/>
  </way>
  <way id="307496548" version="2" timestamp="2014-10-17T15:49:18Z" changeset="26149006" uid="735" user="blackadder">
    <nd ref="3126704505"/>
    <nd ref="3126704516"/>
    <nd ref="3126704519"/>
    <nd ref="3126704513"/>
    <nd ref="3126704505"/>
    <tag k="addr:city" v="Kingsbury"/>
    <tag k="addr:housenumber" v="1"/>
    <tag k="addr:postcode" v="B78 2HP"/>
    <tag k="addr:street" v="Bracebridge Road"/>
    <tag k="building" v="residential"/>
  </way>
  <way id="307496549" version="2" timestamp="2014-10-17T15:49:34Z" changeset="26149006" uid="735" user="blackadder">
    <nd ref="3126704054"/>
    <nd ref="3126704055"/>
    <nd ref="3126704073"/>
    <nd ref="3126704070"/>
    <nd ref="3126704054"/>
    <tag k="addr:city" v="Kingsbury"/>
    <tag k="addr:housenumber" v="41"/>
    <tag k="addr:postcode" v="B78 2HR"/>
    <tag k="addr:street" v="Kingsway"/>
    <tag k="building" v="residential"/>
  </way>
  <way id="307496550" version="3" timestamp="2022-08-30T18:03:03Z" changeset="125581832" uid="9065" user="brianboru">
    <nd ref="3126702185"/>
    <nd ref="3126702181"/>
    <nd ref="3126702179"/>
    <nd ref="3126702182"/>
    <nd ref="3126702185"/>
    <tag k="addr:city" v="Kingsbury"/>
    <tag k="addr:housenumber" v="14"/>
    <tag k="addr:postcode" v="B78 2HN"/>
    <tag k="addr:street" v="Bromage Avenue"/>
    <tag k="building" v="residential"/>
  </way>
  <way id="307496551" version="2" timestamp="2014-10-17T15:49:23Z" changeset="26149006" uid="735" user="blackadder">
    <nd ref="3126702200"/>
    <nd ref="3126702196"/>
    <nd ref="3126702194"/>
    <nd ref="3126702198"/>
    <nd ref="3126702200"/>
    <tag k="addr:city" v="Kingsbury"/>
    <tag k="addr:housenumber" v="18"/>
    <tag k="addr:postcode" v="B78 2HS"/>
    <tag k="addr:street" v="Tame Bank"/>
    <tag k="building" v="residential"/>
  </way>
  <way id="307496552" version="2" timestamp="2014-10-17T15:49:39Z" changeset="26149006" uid="735" user="blackadder">
    <nd ref="3126702177"/>
    <nd ref="3126702172"/>
    <nd ref="3126702169"/>
    <nd ref="3126702176"/>
    <nd ref="3126702177"/>
    <tag k="addr:city" v="Kingsbury"/>
    <tag k="addr:housenumber" v="8"/>
    <tag k="addr:postcode" v="B78 2HS"/>
    <tag k="addr:street" v="Tame Bank"/>
    <tag k="building" v="residential"/>
  </way>
  <way id="307496553" version="3" timestamp="2018-12-08T22:02:15Z" changeset="65302118" uid="346039" user="fitzsimons">
    <nd ref="3126704117"/>
    <nd ref="3126704123"/>
    <nd ref="3126704331"/>
    <nd ref="3126704125"/>
    <nd ref="3126704117"/>
    <tag k="addr:city" v="Kingsbury"/>
    <tag k="addr:housenumber" v="7"/>
    <tag k="addr:postcode" v="B78 2HT"/>
    <tag k="addr:street" v="The Green"/>
    <tag k="building" v="residential"/>
  </way>
  <way id="307496554" version="3" timestamp="2022-08-30T18:03:03Z" changeset="125581832" uid="9065" user="brianboru">
    <nd ref="3126702167"/>
    <nd ref="3126702164"/>
    <nd ref="3126702168"/>
    <nd ref="3126702173"/>
    <nd ref="3126702167"/>
    <tag k="addr:city" v="Kingsbury"/>
    <tag k="addr:housenumber" v="20"/>
    <tag k="addr:postcode" v="B78 2HN"/>
    <tag k="addr:street" v="Bromage Avenue"/>
    <tag k="building" v="residential"/>
  </way>
  <way id="307496555" version="2" timestamp="2014-10-17T15:49:21Z" changeset="26149006" uid="735" user="blackadder">
    <nd ref="3126704396"/>
    <nd ref="3126704402"/>
    <nd ref="3126704376"/>
    <nd ref="3126704372"/>
    <nd ref="3126704396"/>
    <tag k="addr:city" v="Kingsbury"/>
    <tag k="addr:housenumber" v="15"/>
    <tag k="addr:postcode" v="B78 2HL"/>
    <tag k="addr:street" v="Ralph Crescent"/>
    <tag k="building" v="residential"/>
  </way>
  <way id="307496556" version="2" timestamp="2014-10-17T15:49:20Z" changeset="26149006" uid="735" user="blackadder">
    <nd ref="3126704065"/>
    <nd ref="3126704053"/>
    <nd ref="3126704045"/>
    <nd ref="3126704056"/>
    <nd ref="3126704065"/>
    <tag k="addr:city" v="Kingsbury"/>
    <tag k="addr:housenumber" v="12"/>
    <tag k="addr:postcode" v="B78 2HR"/>
    <tag k="addr:street" v="Kingsway"/>
    <tag k="building" v="residential"/>
  </way>
  <way id="307496557" version="2" timestamp="2014-10-17T15:49:28Z" changeset="26149006" uid="735" user="blackadder">
    <nd ref="3126704452"/>
    <nd ref="3126704460"/>
    <nd ref="3126704451"/>
    <nd ref="3126704444"/>
    <nd ref="3126704452"/>
    <tag k="addr:city" v="Kingsbury"/>
    <tag k="addr:housenumber" v="27"/>
    <tag k="addr:postcode" v="B78 2HL"/>
    <tag k="addr:street" v="Ralph Crescent"/>
    <tag k="building" v="residential"/>
  </way>
  <way id="307496558" version="2" timestamp="2014-10-17T15:49:20Z" changeset="26149006" uid="735" user="blackadder">
    <nd ref="3126704038"/>
    <nd ref="3126704044"/>
    <nd ref="3126704050"/>
    <nd ref="3126704042"/>
    <nd ref="3126704038"/>
    <tag k="addr:city" v="Kingsbury"/>
    <tag k="addr:housenumber" v="14"/>
    <tag k="addr:postcode" v="B78 2HR"/>
    <tag k="addr:street" v="Kingsway"/>
    <tag k="building" v="residential"/>
  </way>
  <way id="307496559" version="2" timestamp="2014-10-17T15:49:29Z" changeset="26149006" uid="735" user="blackadder">
    <nd ref="3135346764"/>
    <nd ref="3126702154"/>
    <nd ref="3126702157"/>
    <nd ref="3135346765"/>
    <nd ref="3135346764"/>
    <tag k="addr:city" v="Kingsbury"/>
    <tag k="addr:housenumber" v="2A"/>
    <tag k="addr:postcode" v="B78 2HS"/>
    <tag k="addr:street" v="Tame Bank"/>
    <tag k="building" v="residential"/>
  </way>
  <way id="307496560" version="2" timestamp="2014-10-17T15:49:23Z" changeset="26149006" uid="735" user="blackadder">
    <nd ref="3126704438"/>
    <nd ref="3126704447"/>
    <nd ref="3126704437"/>
    <nd ref="3126704429"/>
    <nd ref="3126704438"/>
    <tag k="addr:city" v="Kingsbury"/>
    <tag k="addr:housenumber" v="175"/>
    <tag k="addr:postcode" v="B78 2HJ"/>
    <tag k="addr:street" v="Tamworth Road"/>
    <tag k="building" v="residential"/>
  </way>
  <way id="307496561" version="2" timestamp="2014-10-17T15:49:36Z" changeset="26149006" uid="735" user="blackadder">
    <nd ref="3126704504"/>
    <nd ref="3126704507"/>
    <nd ref="3126704490"/>
    <nd ref="3126704483"/>
    <nd ref="3126704504"/>
    <tag k="addr:city" v="Kingsbury"/>
    <tag k="addr:housenumber" v="6"/>
    <tag k="addr:postcode" v="B78 2HL"/>
    <tag k="addr:street" v="Ralph Crescent"/>
    <tag k="building" v="residential"/>
  </way>
  <way id="307496562" version="2" timestamp="2014-10-17T15:49:34Z" changeset="26149006" uid="735" user="blackadder">
    <nd ref="3126704539"/>
    <nd ref="3126704531"/>
    <nd ref="3126704537"/>
    <nd ref="3126704543"/>
    <nd ref="3126704539"/>
    <tag k="addr:city" v="Kingsbury"/>
    <tag k="addr:housenumber" v="41"/>
    <tag k="addr:postcode" v="B78 2HL"/>
    <tag k="addr:street" v="Ralph Crescent"/>
    <tag k="building" v="residential"/>
  </way>
  <way id="307496563" version="2" timestamp="2014-10-17T15:49:25Z" changeset="26149006" uid="735" user="blackadder">
    <nd ref="3126704556"/>
    <nd ref="3126704552"/>
    <nd ref="3126704547"/>
    <nd ref="3126704553"/>
    <nd ref="3126704556"/>
    <tag k="addr:city" v="Kingsbury"/>
    <tag k="addr:housenumber" v="20"/>
    <tag k="addr:postcode" v="B78 2HL"/>
    <tag k="addr:street" v="Ralph Crescent"/>
    <tag k="building" v="residential"/>
  </way>
  <way id="307496564" version="2" timestamp="2014-10-17T15:49:31Z" changeset="26149006" uid="735" user="blackadder">
    <nd ref="3126704475"/>
    <nd ref="3126704485"/>
    <nd ref="3126704474"/>
    <nd ref="3126704467"/>
    <nd ref="3126704475"/>
    <tag k="addr:city" v="Kingsbury"/>
    <tag k="addr:housenumber" v="31"/>
    <tag k="addr:postcode" v="B78 2HL"/>
    <tag k="addr:street" v="Ralph Crescent"/>
    <tag k="building" v="residential"/>
  </way>
  <way id="307496565" version="2" timestamp="2014-10-17T15:49:30Z" changeset="26149006" uid="735" user="blackadder">
    <nd ref="3126704030"/>
    <nd ref="3126704034"/>
    <nd ref="3126704040"/>
    <nd ref="3126704036"/>
    <nd ref="3126704030"/>
    <tag k="addr:city" v="Kingsbury"/>
    <tag k="addr:housenumber" v="30"/>
    <tag k="addr:postcode" v="B78 2HS"/>
    <tag k="addr:street" v="Tame Bank"/>
    <tag k="building" v="residential"/>
  </way>
  <way id="307496566" version="2" timestamp="2014-10-17T15:49:29Z" changeset="26149006" uid="735" user="blackadder">
    <nd ref="3126702220"/>
    <nd ref="3126702216"/>
    <nd ref="3126702207"/>
    <nd ref="3126702212"/>
    <nd ref="3126702220"/>
    <tag k="addr:city" v="Kingsbury"/>
    <tag k="addr:housenumber" v="28"/>
    <tag k="addr:postcode" v="B78 2HR"/>
    <tag k="addr:street" v="Kingsway"/>
    <tag k="building" v="residential"/>
  </way>
  <way id="307496567" version="2" timestamp="2014-10-17T15:49:23Z" changeset="26149006" uid="735" user="blackadder">
    <nd ref="3126704484"/>
    <nd ref="3126704495"/>
    <nd ref="3126704482"/>
    <nd ref="3126704472"/>
    <nd ref="3126704484"/>
    <tag k="addr:city" v="Kingsbury"/>
    <tag k="addr:housenumber" v="183"/>
    <tag k="addr:postcode" v="B78 2HJ"/>
    <tag k="addr:street" v="Tamworth Road"/>
    <tag k="building" v="residential"/>
  </way>
  <way id="307496568" version="2" timestamp="2014-10-17T15:49:31Z" changeset="26149006" uid="735" user="blackadder">
    <nd ref="3126704593"/>
    <nd ref="3126704596"/>
    <nd ref="3126704589"/>
    <nd ref="3126704587"/>
    <nd ref="3126704593"/>
    <tag k="addr:city" v="Kingsbury"/>
    <tag k="addr:housenumber" v="32"/>
    <tag k="addr:postcode" v="B78 2HL"/>
    <tag k="addr:street" v="Ralph Crescent"/>
    <tag k="building" v="residential"/>
  </way>
  <way id="307496569" version="2" timestamp="2014-10-17T15:49:28Z" changeset="26149006" uid="735" user="blackadder">
    <nd ref="3126704112"/>
    <nd ref="3126704107"/>
    <nd ref="3126704097"/>
    <nd ref="3126704104"/>
    <nd ref="3126704112"/>
    <tag k="addr:city" v="Kingsbury"/>
    <tag k="addr:housenumber" v="27"/>
    <tag k="addr:postcode" v="B78 2HR"/>
    <tag k="addr:street" v="Kingsway"/>
    <tag k="building" v="residential"/>
  </way>
  <way id="307496570" version="2" timestamp="2014-10-17T15:49:32Z" changeset="26149006" uid="735" user="blackadder">
    <nd ref="3126704084"/>
    <nd ref="3126704064"/>
    <nd ref="3126704061"/>
    <nd ref="3126704076"/>
    <nd ref="3126704084"/>
    <tag k="addr:city" v="Kingsbury"/>
    <tag k="addr:housenumber" v="37"/>
    <tag k="addr:postcode" v="B78 2HR"/>
    <tag k="addr:street" v="Kingsway"/>
    <tag k="building" v="residential"/>
  </way>
  <way id="307496571" version="2" timestamp="2014-10-17T15:49:34Z" changeset="26149006" uid="735" user="blackadder">
    <nd ref="3126704546"/>
    <nd ref="3126704551"/>
    <nd ref="3126704543"/>
    <nd ref="3126704539"/>
    <nd ref="3126704546"/>
    <tag k="addr:city" v="Kingsbury"/>
    <tag k="addr:housenumber" v="43"/>
    <tag k="addr:postcode" v="B78 2HL"/>
    <tag k="addr:street" v="Ralph Crescent"/>
    <tag k="building" v="residential"/>
  </way>
  <way id="307496572" version="2" timestamp="2014-10-17T15:49:29Z" changeset="26149006" uid="735" user="blackadder">
    <nd ref="3126704030"/>
    <nd ref="3126702224"/>
    <nd ref="3126702228"/>
    <nd ref="3126704034"/>
    <nd ref="3126704030"/>
    <tag k="addr:city" v="Kingsbury"/>
    <tag k="addr:housenumber" v="28"/>
    <tag k="addr:postcode" v="B78 2HS"/>
    <tag k="addr:street" v="Tame Bank"/>
    <tag k="building" v="residential"/>
  </way>
  <way id="307496573" version="2" timestamp="2014-10-17T15:49:22Z" changeset="26149006" uid="735" user="blackadder">
    <nd ref="3126702196"/>
    <nd ref="3126702192"/>
    <nd ref="3126702190"/>
    <nd ref="3126702194"/>
    <nd ref="3126702196"/>
    <tag k="addr:city" v="Kingsbury"/>
    <tag k="addr:housenumber" v="16"/>
    <tag k="addr:postcode" v="B78 2HS"/>
    <tag k="addr:street" v="Tame Bank"/>
    <tag k="building" v="residential"/>
  </way>
  <way id="307496574" version="2" timestamp="2014-10-17T15:49:29Z" changeset="26149006" uid="735" user="blackadder">
    <nd ref="3126704348"/>
    <nd ref="3126704341"/>
    <nd ref="3126704336"/>
    <nd ref="3126704343"/>
    <nd ref="3126704348"/>
    <tag k="addr:city" v="Kingsbury"/>
    <tag k="addr:housenumber" v="2A"/>
    <tag k="addr:postcode" v="B78 2HR"/>
    <tag k="addr:street" v="Kingsway"/>
    <tag k="building" v="residential"/>
  </way>
  <way id="307496575" version="2" timestamp="2014-10-17T15:49:21Z" changeset="26149006" uid="735" user="blackadder">
    <nd ref="3126702184"/>
    <nd ref="3126702187"/>
    <nd ref="3126702191"/>
    <nd ref="3126702188"/>
    <nd ref="3126702184"/>
    <tag k="addr:city" v="Kingsbury"/>
    <tag k="addr:housenumber" v="14"/>
    <tag k="addr:postcode" v="B78 2HS"/>
    <tag k="addr:street" v="Tame Bank"/>
    <tag k="building" v="residential"/>
  </way>
  <way id="307496576" version="3" timestamp="2022-08-30T18:03:03Z" changeset="125581832" uid="9065" user="brianboru">
    <nd ref="3126702197"/>
    <nd ref="3126702193"/>
    <nd ref="3126702195"/>
    <nd ref="3126702199"/>
    <nd ref="3126702197"/>
    <tag k="addr:city" v="Kingsbury"/>
    <tag k="addr:housenumber" v="10"/>
    <tag k="addr:postcode" v="B78 2HN"/>
    <tag k="addr:street" v="Bromage Avenue"/>
    <tag k="building" v="residential"/>
  </way>
  <way id="307496577" version="2" timestamp="2014-10-17T15:49:29Z" changeset="26149006" uid="735" user="blackadder">
    <nd ref="3126704581"/>
    <nd ref="3126704584"/>
    <nd ref="3126704577"/>
    <nd ref="3126704576"/>
    <nd ref="3126704581"/>
    <tag k="addr:city" v="Kingsbury"/>
    <tag k="addr:housenumber" v="28"/>
    <tag k="addr:postcode" v="B78 2HL"/>
    <tag k="addr:street" v="Ralph Crescent"/>
    <tag k="building" v="residential"/>
  </way>
  <way id="307496578" version="2" timestamp="2014-10-17T15:49:21Z" changeset="26149006" uid="735" user="blackadder">
    <nd ref="3126704346"/>
    <nd ref="3126704354"/>
    <nd ref="3126704362"/>
    <nd ref="3126704352"/>
    <nd ref="3126704346"/>
    <tag k="addr:city" v="Kingsbury"/>
    <tag k="addr:housenumber" v="15"/>
    <tag k="addr:postcode" v="B78 2HR"/>
    <tag k="addr:street" v="Kingsway"/>
    <tag k="building" v="residential"/>
  </way>
  <way id="307496579" version="2" timestamp="2014-10-17T15:49:19Z" changeset="26149006" uid="735" user="blackadder">
    <nd ref="3126704080"/>
    <nd ref="3126704065"/>
    <nd ref="3126704056"/>
    <nd ref="3126704067"/>
    <nd ref="3126704080"/>
    <tag k="addr:city" v="Kingsbury"/>
    <tag k="addr:housenumber" v="10"/>
    <tag k="addr:postcode" v="B78 2HR"/>
    <tag k="addr:street" v="Kingsway"/>
    <tag k="building" v="residential"/>
  </way>
  <way id="307496580" version="2" timestamp="2014-10-17T15:49:25Z" changeset="26149006" uid="735" user="blackadder">
    <nd ref="3126704035"/>
    <nd ref="3126704032"/>
    <nd ref="3126702226"/>
    <nd ref="3126704029"/>
    <nd ref="3126704035"/>
    <tag k="addr:city" v="Kingsbury"/>
    <tag k="addr:housenumber" v="20"/>
    <tag k="addr:postcode" v="B78 2HR"/>
    <tag k="addr:street" v="Kingsway"/>
    <tag k="building" v="residential"/>
  </way>
  <way id="307496581" version="2" timestamp="2014-10-17T15:49:22Z" changeset="26149006" uid="735" user="blackadder">
    <nd ref="3126704404"/>
    <nd ref="3126704398"/>
    <nd ref="3126704375"/>
    <nd ref="3126704379"/>
    <nd ref="3126704404"/>
    <tag k="addr:city" v="Kingsbury"/>
    <tag k="addr:housenumber" v="17"/>
    <tag k="addr:postcode" v="B78 2HL"/>
    <tag k="addr:street" v="Ralph Crescent"/>
    <tag k="building" v="residential"/>
  </way>
  <way id="307496582" version="3" timestamp="2022-10-11T11:58:25Z" changeset="127356074" uid="9065" user="brianboru">
    <nd ref="3126704096"/>
    <nd ref="3126704090"/>
    <nd ref="3126704074"/>
    <nd ref="3126704083"/>
    <nd ref="3126704096"/>
    <tag k="addr:city" v="Kingsbury"/>
    <tag k="addr:housenumber" v="4"/>
    <tag k="addr:postcode" v="B78 2HN"/>
    <tag k="addr:street" v="Bromage Avenue"/>
    <tag k="building" v="residential"/>
  </way>
  <way id="307496583" version="2" timestamp="2014-10-17T15:49:31Z" changeset="26149006" uid="735" user="blackadder">
    <nd ref="3126702214"/>
    <nd ref="3126702211"/>
    <nd ref="3126702203"/>
    <nd ref="3126702205"/>
    <nd ref="3126702214"/>
    <tag k="addr:city" v="Kingsbury"/>
    <tag k="addr:housenumber" v="32"/>
    <tag k="addr:postcode" v="B78 2HR"/>
    <tag k="addr:street" v="Kingsway"/>
    <tag k="building" v="residential"/>
  </way>
  <way id="307496584" version="2" timestamp="2014-10-17T15:49:30Z" changeset="26149006" uid="735" user="blackadder">
    <nd ref="3126704454"/>
    <nd ref="3126704458"/>
    <nd ref="3126704445"/>
    <nd ref="3126704440"/>
    <nd ref="3126704454"/>
    <tag k="addr:city" v="Kingsbury"/>
    <tag k="addr:housenumber" v="3"/>
    <tag k="addr:postcode" v="B78 2HL"/>
    <tag k="addr:street" v="Ralph Crescent"/>
    <tag k="building" v="residential"/>
  </way>
  <way id="307496585" version="3" timestamp="2022-08-30T18:03:03Z" changeset="125581832" uid="9065" user="brianboru">
    <nd ref="3126702175"/>
    <nd ref="3126702170"/>
    <nd ref="3126702174"/>
    <nd ref="3126702178"/>
    <nd ref="3126702175"/>
    <tag k="addr:city" v="Kingsbury"/>
    <tag k="addr:housenumber" v="18"/>
    <tag k="addr:postcode" v="B78 2HN"/>
    <tag k="addr:street" v="Bromage Avenue"/>
    <tag k="building" v="residential"/>
  </way>
  <way id="307496586" version="3" timestamp="2018-12-08T22:02:15Z" changeset="65302118" uid="346039" user="fitzsimons">
    <nd ref="3126704337"/>
    <nd ref="3126704340"/>
    <nd ref="3126704333"/>
    <nd ref="3126704329"/>
    <nd ref="3126704337"/>
    <tag k="addr:city" v="Kingsbury"/>
    <tag k="addr:housenumber" v="3"/>
    <tag k="addr:postcode" v="B78 2HT"/>
    <tag k="addr:street" v="The Green"/>
    <tag k="building" v="residential"/>
  </way>
  <way id="307496587" version="2" timestamp="2014-10-17T15:49:33Z" changeset="26149006" uid="735" user="blackadder">
    <nd ref="3126704088"/>
    <nd ref="3126704077"/>
    <nd ref="3126704066"/>
    <nd ref="3126704079"/>
    <nd ref="3126704088"/>
    <tag k="addr:city" v="Kingsbury"/>
    <tag k="addr:housenumber" v="38"/>
    <tag k="addr:postcode" v="B78 2HS"/>
    <tag k="addr:street" v="Tame Bank"/>
    <tag k="building" v="residential"/>
  </way>
  <way id="307496588" version="2" timestamp="2014-10-17T15:49:30Z" changeset="26149006" uid="735" user="blackadder">
    <nd ref="3126704453"/>
    <nd ref="3126704459"/>
    <nd ref="3126704449"/>
    <nd ref="3126704443"/>
    <nd ref="3126704453"/>
    <tag k="addr:city" v="Kingsbury"/>
    <tag k="addr:housenumber" v="3"/>
    <tag k="addr:postcode" v="B78 2HR"/>
    <tag k="addr:street" v="Kingsway"/>
    <tag k="building" v="residential"/>
  </way>
  <way id="307496589" version="3" timestamp="2018-12-08T22:02:15Z" changeset="65302118" uid="346039" user="fitzsimons">
    <nd ref="3126704360"/>
    <nd ref="3126704348"/>
    <nd ref="3126704343"/>
    <nd ref="3126704353"/>
    <nd ref="3126704360"/>
    <tag k="addr:city" v="Kingsbury"/>
    <tag k="addr:housenumber" v="1"/>
    <tag k="addr:postcode" v="B78 2HR"/>
    <tag k="addr:street" v="The Green"/>
    <tag k="building" v="residential"/>
  </way>
  <way id="307496590" version="2" timestamp="2014-10-17T15:49:23Z" changeset="26149006" uid="735" user="blackadder">
    <nd ref="3126704039"/>
    <nd ref="3126704035"/>
    <nd ref="3126704029"/>
    <nd ref="3126704033"/>
    <nd ref="3126704039"/>
    <tag k="addr:city" v="Kingsbury"/>
    <tag k="addr:housenumber" v="18"/>
    <tag k="addr:postcode" v="B78 2HR"/>
    <tag k="addr:street" v="Kingsway"/>
    <tag k="building" v="residential"/>
  </way>
  <way id="307496591" version="2" timestamp="2014-10-17T15:49:26Z" changeset="26149006" uid="735" user="blackadder">
    <nd ref="3126704603"/>
    <nd ref="3126704601"/>
    <nd ref="3126704599"/>
    <nd ref="3126704602"/>
    <nd ref="3126704603"/>
    <tag k="addr:city" v="Kingsbury"/>
    <tag k="addr:housenumber" v="211"/>
    <tag k="addr:postcode" v="B78 2HJ"/>
    <tag k="addr:street" v="Tamworth Road"/>
    <tag k="building" v="residential"/>
  </way>
  <way id="307496592" version="2" timestamp="2014-10-17T15:49:19Z" changeset="26149006" uid="735" user="blackadder">
    <nd ref="3126704381"/>
    <nd ref="3126704403"/>
    <nd ref="3126704388"/>
    <nd ref="3126704369"/>
    <nd ref="3126704381"/>
    <tag k="addr:city" v="Kingsbury"/>
    <tag k="addr:housenumber" v="11"/>
    <tag k="addr:postcode" v="B78 2HR"/>
    <tag k="addr:street" v="Kingsway"/>
    <tag k="building" v="residential"/>
  </way>
  <way id="307496593" version="2" timestamp="2014-10-17T15:49:30Z" changeset="26149006" uid="735" user="blackadder">
    <nd ref="3126704339"/>
    <nd ref="3126704332"/>
    <nd ref="3126704128"/>
    <nd ref="3126704334"/>
    <nd ref="3126704339"/>
    <tag k="addr:city" v="Kingsbury"/>
    <tag k="addr:housenumber" v="2B"/>
    <tag k="addr:postcode" v="B78 2HR"/>
    <tag k="addr:street" v="Kingsway"/>
    <tag k="building" v="residential"/>
  </way>
  <way id="307496594" version="2" timestamp="2014-10-17T15:49:24Z" changeset="26149006" uid="735" user="blackadder">
    <nd ref="3126704574"/>
    <nd ref="3126704569"/>
    <nd ref="3126704566"/>
    <nd ref="3126704571"/>
    <nd ref="3126704574"/>
    <tag k="addr:city" v="Kingsbury"/>
    <tag k="addr:housenumber" v="199"/>
    <tag k="addr:postcode" v="B78 2HJ"/>
    <tag k="addr:street" v="Tamworth Road"/>
    <tag k="building" v="residential"/>
  </way>
  <way id="307496595" version="2" timestamp="2014-10-17T15:49:32Z" changeset="26149006" uid="735" user="blackadder">
    <nd ref="3126704060"/>
    <nd ref="3126704046"/>
    <nd ref="3126704043"/>
    <nd ref="3126704048"/>
    <nd ref="3126704060"/>
    <tag k="addr:city" v="Kingsbury"/>
    <tag k="addr:housenumber" v="34"/>
    <tag k="addr:postcode" v="B78 2HS"/>
    <tag k="addr:street" v="Tame Bank"/>
    <tag k="building" v="residential"/>
  </way>
  <way id="307496596" version="2" timestamp="2014-10-17T15:49:21Z" changeset="26149006" uid="735" user="blackadder">
    <nd ref="3126704532"/>
    <nd ref="3126704525"/>
    <nd ref="3126704520"/>
    <nd ref="3126704527"/>
    <nd ref="3126704532"/>
    <tag k="addr:city" v="Kingsbury"/>
    <tag k="addr:housenumber" v="14"/>
    <tag k="addr:postcode" v="B78 2HL"/>
    <tag k="addr:street" v="Ralph Crescent"/>
    <tag k="building" v="residential"/>
  </way>
  <way id="307496597" version="2" timestamp="2014-10-17T15:49:28Z" changeset="26149006" uid="735" user="blackadder">
    <nd ref="3126704444"/>
    <nd ref="3126704434"/>
    <nd ref="3126704442"/>
    <nd ref="3126704451"/>
    <nd ref="3126704444"/>
    <tag k="addr:city" v="Kingsbury"/>
    <tag k="addr:housenumber" v="25"/>
    <tag k="addr:postcode" v="B78 2HL"/>
    <tag k="addr:street" v="Ralph Crescent"/>
    <tag k="building" v="residential"/>
  </way>
  <way id="307496598" version="2" timestamp="2014-10-17T15:49:39Z" changeset="26149006" uid="735" user="blackadder">
    <nd ref="3126704493"/>
    <nd ref="3126704504"/>
    <nd ref="3126704483"/>
    <nd ref="3126704477"/>
    <nd ref="3126704493"/>
    <tag k="addr:city" v="Kingsbury"/>
    <tag k="addr:housenumber" v="8"/>
    <tag k="addr:postcode" v="B78 2HL"/>
    <tag k="addr:street" v="Ralph Crescent"/>
    <tag k="building" v="residential"/>
  </way>
  <way id="307496599" version="2" timestamp="2014-10-17T15:49:25Z" changeset="26149006" uid="735" user="blackadder">
    <nd ref="3126704588"/>
    <nd ref="3126704591"/>
    <nd ref="3126704586"/>
    <nd ref="3126704583"/>
    <nd ref="3126704588"/>
    <tag k="addr:city" v="Kingsbury"/>
    <tag k="addr:housenumber" v="205"/>
    <tag k="addr:postcode" v="B78 2HJ"/>
    <tag k="addr:street" v="Tamworth Road"/>
    <tag k="building" v="residential"/>
  </way>
  <way id="307496600" version="3" timestamp="2022-08-30T18:03:03Z" changeset="125581832" uid="9065" user="brianboru">
    <nd ref="3126702148"/>
    <nd ref="3126702145"/>
    <nd ref="3126702146"/>
    <nd ref="3126702149"/>
    <nd ref="3126702148"/>
    <tag k="addr:city" v="Kingsbury"/>
    <tag k="addr:housenumber" v="28"/>
    <tag k="addr:postcode" v="B78 2HN"/>
    <tag k="addr:street" v="Bromage Avenue"/>
    <tag k="building" v="residential"/>
  </way>
  <way id="307496601" version="2" timestamp="2014-10-17T15:49:28Z" changeset="26149006" uid="735" user="blackadder">
    <nd ref="3126704110"/>
    <nd ref="3126704104"/>
    <nd ref="3126704112"/>
    <nd ref="3126704118"/>
    <nd ref="3126704110"/>
    <tag k="addr:city" v="Kingsbury"/>
    <tag k="addr:housenumber" v="25"/>
    <tag k="addr:postcode" v="B78 2HR"/>
    <tag k="addr:street" v="Kingsway"/>
    <tag k="building" v="residential"/>
  </way>
  <way id="307496602" version="2" timestamp="2014-10-17T15:49:32Z" changeset="26149006" uid="735" user="blackadder">
    <nd ref="3126704084"/>
    <nd ref="3126704089"/>
    <nd ref="3126704071"/>
    <nd ref="3126704064"/>
    <nd ref="3126704084"/>
    <tag k="addr:city" v="Kingsbury"/>
    <tag k="addr:housenumber" v="35"/>
    <tag k="addr:postcode" v="B78 2HR"/>
    <tag k="addr:street" v="Kingsway"/>
    <tag k="building" v="residential"/>
  </way>
  <way id="307496603" version="2" timestamp="2014-10-17T15:49:22Z" changeset="26149006" uid="735" user="blackadder">
    <nd ref="3126704338"/>
    <nd ref="3126704346"/>
    <nd ref="3126704352"/>
    <nd ref="3126704342"/>
    <nd ref="3126704338"/>
    <tag k="addr:city" v="Kingsbury"/>
    <tag k="addr:housenumber" v="17"/>
    <tag k="addr:postcode" v="B78 2HR"/>
    <tag k="addr:street" v="Kingsway"/>
    <tag k="building" v="residential"/>
  </way>
  <way id="307496604" version="2" timestamp="2014-10-17T15:49:27Z" changeset="26149006" uid="735" user="blackadder">
    <nd ref="3126702202"/>
    <nd ref="3126702206"/>
    <nd ref="3126702213"/>
    <nd ref="3126702209"/>
    <nd ref="3126702202"/>
    <tag k="addr:city" v="Kingsbury"/>
    <tag k="addr:housenumber" v="22"/>
    <tag k="addr:postcode" v="B78 2HS"/>
    <tag k="addr:street" v="Tame Bank"/>
    <tag k="building" v="residential"/>
  </way>
  <way id="307496605" version="2" timestamp="2014-10-17T15:49:39Z" changeset="26149006" uid="735" user="blackadder">
    <nd ref="3126704388"/>
    <nd ref="3126704412"/>
    <nd ref="3126704421"/>
    <nd ref="3126704403"/>
    <nd ref="3126704388"/>
    <tag k="addr:city" v="Kingsbury"/>
    <tag k="addr:housenumber" v="9"/>
    <tag k="addr:postcode" v="B78 2HR"/>
    <tag k="addr:street" v="Kingsway"/>
    <tag k="building" v="residential"/>
  </way>
  <way id="307496606" version="3" timestamp="2018-12-08T22:02:15Z" changeset="65302118" uid="346039" user="fitzsimons">
    <nd ref="3126704113"/>
    <nd ref="3126704105"/>
    <nd ref="3126704098"/>
    <nd ref="3126704108"/>
    <nd ref="3126704113"/>
    <tag k="addr:city" v="Kingsbury"/>
    <tag k="addr:housenumber" v="11"/>
    <tag k="addr:postcode" v="B78 2HT"/>
    <tag k="addr:street" v="The Green"/>
    <tag k="building" v="residential"/>
  </way>
  <way id="307496607" version="2" timestamp="2014-10-17T15:49:32Z" changeset="26149006" uid="735" user="blackadder">
    <nd ref="3126704512"/>
    <nd ref="3126704517"/>
    <nd ref="3126704511"/>
    <nd ref="3126704501"/>
    <nd ref="3126704512"/>
    <tag k="addr:city" v="Kingsbury"/>
    <tag k="addr:housenumber" v="35"/>
    <tag k="addr:postcode" v="B78 2HL"/>
    <tag k="addr:street" v="Ralph Crescent"/>
    <tag k="building" v="residential"/>
  </way>
  <way id="307496608" version="2" timestamp="2014-10-17T15:49:26Z" changeset="26149006" uid="735" user="blackadder">
    <nd ref="3126704608"/>
    <nd ref="3126704609"/>
    <nd ref="3126704607"/>
    <nd ref="3126704605"/>
    <nd ref="3126704608"/>
    <tag k="addr:city" v="Kingsbury"/>
    <tag k="addr:housenumber" v="215"/>
    <tag k="addr:postcode" v="B78 2HJ"/>
    <tag k="addr:street" v="Tamworth Road"/>
    <tag k="building" v="residential"/>
  </way>
  <way id="307496609" version="2" timestamp="2014-10-17T15:49:18Z" changeset="26149006" uid="735" user="blackadder">
    <nd ref="3126704458"/>
    <nd ref="3126704463"/>
    <nd ref="3126704450"/>
    <nd ref="3126704445"/>
    <nd ref="3126704458"/>
    <tag k="addr:city" v="Kingsbury"/>
    <tag k="addr:housenumber" v="1"/>
    <tag k="addr:postcode" v="B78 2HL"/>
    <tag k="addr:street" v="Ralph Crescent"/>
    <tag k="building" v="residential"/>
  </way>
  <way id="307496610" version="3" timestamp="2022-08-30T18:03:03Z" changeset="125581832" uid="9065" user="brianboru">
    <nd ref="3126702179"/>
    <nd ref="3126702175"/>
    <nd ref="3126702178"/>
    <nd ref="3126702181"/>
    <nd ref="3126702179"/>
    <tag k="addr:city" v="Kingsbury"/>
    <tag k="addr:housenumber" v="16"/>
    <tag k="addr:postcode" v="B78 2HN"/>
    <tag k="addr:street" v="Bromage Avenue"/>
    <tag k="building" v="residential"/>
  </way>
  <way id="307496611" version="2" timestamp="2014-10-17T15:49:32Z" changeset="26149006" uid="735" user="blackadder">
    <nd ref="3126704077"/>
    <nd ref="3126704063"/>
    <nd ref="3126704057"/>
    <nd ref="3126704066"/>
    <nd ref="3126704077"/>
    <tag k="addr:city" v="Kingsbury"/>
    <tag k="addr:housenumber" v="36"/>
    <tag k="addr:postcode" v="B78 2HS"/>
    <tag k="addr:street" v="Tame Bank"/>
    <tag k="building" v="residential"/>
  </way>
  <way id="307496612" version="3" timestamp="2022-08-30T18:03:03Z" changeset="125581832" uid="9065" user="brianboru">
    <nd ref="3126702156"/>
    <nd ref="3126702152"/>
    <nd ref="3126702155"/>
    <nd ref="3126702159"/>
    <nd ref="3126702156"/>
    <tag k="addr:city" v="Kingsbury"/>
    <tag k="addr:housenumber" v="26"/>
    <tag k="addr:postcode" v="B78 2HN"/>
    <tag k="addr:street" v="Bromage Avenue"/>
    <tag k="building" v="residential"/>
  </way>
  <way id="307496613" version="2" timestamp="2014-10-17T15:49:25Z" changeset="26149006" uid="735" user="blackadder">
    <nd ref="3126704597"/>
    <nd ref="3126704594"/>
    <nd ref="3126704590"/>
    <nd ref="3126704595"/>
    <nd ref="3126704597"/>
    <tag k="addr:city" v="Kingsbury"/>
    <tag k="addr:housenumber" v="207"/>
    <tag k="addr:postcode" v="B78 2HJ"/>
    <tag k="addr:street" v="Tamworth Road"/>
    <tag k="building" v="residential"/>
  </way>
  <way id="307496614" version="2" timestamp="2014-10-17T15:49:26Z" changeset="26149006" uid="735" user="blackadder">
    <nd ref="3126704568"/>
    <nd ref="3126704570"/>
    <nd ref="3126704564"/>
    <nd ref="3126704563"/>
    <nd ref="3126704568"/>
    <tag k="addr:city" v="Kingsbury"/>
    <tag k="addr:housenumber" v="22"/>
    <tag k="addr:postcode" v="B78 2HL"/>
    <tag k="addr:street" v="Ralph Crescent"/>
    <tag k="building" v="residential"/>
  </way>
  <way id="307496615" version="3" timestamp="2022-10-11T11:58:25Z" changeset="127356074" uid="9065" user="brianboru">
    <nd ref="3126704062"/>
    <nd ref="3126704059"/>
    <nd ref="3126704072"/>
    <nd ref="3126704081"/>
    <nd ref="3126704062"/>
    <tag k="addr:city" v="Kingsbury"/>
    <tag k="addr:housenumber" v="8"/>
    <tag k="addr:postcode" v="B78 2HN"/>
    <tag k="addr:street" v="Bromage Avenue"/>
    <tag k="building" v="residential"/>
  </way>
  <way id="307496616" version="3" timestamp="2022-10-11T11:58:25Z" changeset="127356074" uid="9065" user="brianboru">
    <nd ref="3126704096"/>
    <nd ref="3126704083"/>
    <nd ref="3126704091"/>
    <nd ref="3126704103"/>
    <nd ref="3126704096"/>
    <tag k="addr:city" v="Kingsbury"/>
    <tag k="addr:housenumber" v="2"/>
    <tag k="addr:postcode" v="B78 2HN"/>
    <tag k="addr:street" v="Bromage Avenue"/>
    <tag k="building" v="residential"/>
  </way>
  <way id="307496617" version="2" timestamp="2014-10-17T15:49:23Z" changeset="26149006" uid="735" user="blackadder">
    <nd ref="3126704462"/>
    <nd ref="3126704470"/>
    <nd ref="3126704461"/>
    <nd ref="3126704455"/>
    <nd ref="3126704462"/>
    <tag k="addr:city" v="Kingsbury"/>
    <tag k="addr:housenumber" v="179"/>
    <tag k="addr:postcode" v="B78 2HJ"/>
    <tag k="addr:street" v="Tamworth Road"/>
    <tag k="building" v="residential"/>
  </way>
  <way id="307496618" version="2" timestamp="2014-10-17T15:49:35Z" changeset="26149006" uid="735" user="blackadder">
    <nd ref="3126704441"/>
    <nd ref="3126704446"/>
    <nd ref="3126704433"/>
    <nd ref="3126704428"/>
    <nd ref="3126704441"/>
    <tag k="addr:city" v="Kingsbury"/>
    <tag k="addr:housenumber" v="5"/>
    <tag k="addr:postcode" v="B78 2HL"/>
    <tag k="addr:street" v="Ralph Crescent"/>
    <tag k="building" v="residential"/>
  </way>
  <way id="307496619" version="2" timestamp="2014-10-17T15:49:18Z" changeset="26149006" uid="735" user="blackadder">
    <nd ref="3126704476"/>
    <nd ref="3126704465"/>
    <nd ref="3126704469"/>
    <nd ref="3126704480"/>
    <nd ref="3126704476"/>
    <tag k="addr:city" v="Kingsbury"/>
    <tag k="addr:housenumber" v="1"/>
    <tag k="addr:postcode" v="B78 2HR"/>
    <tag k="addr:street" v="Kingsway"/>
    <tag k="building" v="residential"/>
  </way>
  <way id="307496620" version="2" timestamp="2014-10-17T15:49:28Z" changeset="26149006" uid="735" user="blackadder">
    <nd ref="3126702222"/>
    <nd ref="3126702215"/>
    <nd ref="3126702210"/>
    <nd ref="3126702219"/>
    <nd ref="3126702222"/>
    <tag k="addr:city" v="Kingsbury"/>
    <tag k="addr:housenumber" v="24"/>
    <tag k="addr:postcode" v="B78 2HS"/>
    <tag k="addr:street" v="Tame Bank"/>
    <tag k="building" v="residential"/>
  </way>
  <way id="307496621" version="2" timestamp="2014-10-17T15:49:26Z" changeset="26149006" uid="735" user="blackadder">
    <nd ref="3126702221"/>
    <nd ref="3126702227"/>
    <nd ref="3126704031"/>
    <nd ref="3126702225"/>
    <nd ref="3126702221"/>
    <tag k="addr:city" v="Kingsbury"/>
    <tag k="addr:housenumber" v="22"/>
    <tag k="addr:postcode" v="B78 2HR"/>
    <tag k="addr:street" v="Kingsway"/>
    <tag k="building" v="residential"/>
  </way>
  <way id="307496622" version="2" timestamp="2014-10-17T15:49:24Z" changeset="26149006" uid="735" user="blackadder">
    <nd ref="3126704536"/>
    <nd ref="3126704542"/>
    <nd ref="3126704533"/>
    <nd ref="3126704529"/>
    <nd ref="3126704536"/>
    <tag k="addr:city" v="Kingsbury"/>
    <tag k="addr:housenumber" v="189"/>
    <tag k="addr:postcode" v="B78 2HJ"/>
    <tag k="addr:street" v="Tamworth Road"/>
    <tag k="building" v="residential"/>
  </way>
  <way id="307496623" version="2" timestamp="2014-10-17T15:49:30Z" changeset="26149006" uid="735" user="blackadder">
    <nd ref="3126704592"/>
    <nd ref="3126704593"/>
    <nd ref="3126704587"/>
    <nd ref="3126704585"/>
    <nd ref="3126704592"/>
    <tag k="addr:city" v="Kingsbury"/>
    <tag k="addr:housenumber" v="30"/>
    <tag k="addr:postcode" v="B78 2HL"/>
    <tag k="addr:street" v="Ralph Crescent"/>
    <tag k="building" v="residential"/>
  </way>
  <way id="307496624" version="2" timestamp="2014-10-17T15:49:29Z" changeset="26149006" uid="735" user="blackadder">
    <nd ref="3126704107"/>
    <nd ref="3126704101"/>
    <nd ref="3126704087"/>
    <nd ref="3126704097"/>
    <nd ref="3126704107"/>
    <tag k="addr:city" v="Kingsbury"/>
    <tag k="addr:housenumber" v="29"/>
    <tag k="addr:postcode" v="B78 2HR"/>
    <tag k="addr:street" v="Kingsway"/>
    <tag k="building" v="residential"/>
  </way>
  <way id="307496625" version="2" timestamp="2014-10-17T15:49:26Z" changeset="26149006" uid="735" user="blackadder">
    <nd ref="3126704335"/>
    <nd ref="3126704330"/>
    <nd ref="3126704120"/>
    <nd ref="3126704127"/>
    <nd ref="3126704335"/>
    <tag k="addr:city" v="Kingsbury"/>
    <tag k="addr:housenumber" v="21"/>
    <tag k="addr:postcode" v="B78 2HR"/>
    <tag k="addr:street" v="Kingsway"/>
    <tag k="building" v="residential"/>
  </way>
  <way id="307496626" version="2" timestamp="2014-10-17T15:49:25Z" changeset="26149006" uid="735" user="blackadder">
    <nd ref="3126704586"/>
    <nd ref="3126704582"/>
    <nd ref="3126704578"/>
    <nd ref="3126704583"/>
    <nd ref="3126704586"/>
    <tag k="addr:city" v="Kingsbury"/>
    <tag k="addr:housenumber" v="203"/>
    <tag k="addr:postcode" v="B78 2HJ"/>
    <tag k="addr:street" v="Tamworth Road"/>
    <tag k="building" v="residential"/>
  </way>
  <way id="307496627" version="2" timestamp="2014-10-17T15:49:28Z" changeset="26149006" uid="735" user="blackadder">
    <nd ref="3126704580"/>
    <nd ref="3126704581"/>
    <nd ref="3126704576"/>
    <nd ref="3126704573"/>
    <nd ref="3126704580"/>
    <tag k="addr:city" v="Kingsbury"/>
    <tag k="addr:housenumber" v="26"/>
    <tag k="addr:postcode" v="B78 2HL"/>
    <tag k="addr:street" v="Ralph Crescent"/>
    <tag k="building" v="residential"/>
  </way>
  <way id="307496628" version="2" timestamp="2014-10-17T15:49:24Z" changeset="26149006" uid="735" user="blackadder">
    <nd ref="3126704529"/>
    <nd ref="3126704533"/>
    <nd ref="3126704526"/>
    <nd ref="3126704523"/>
    <nd ref="3126704529"/>
    <tag k="addr:city" v="Kingsbury"/>
    <tag k="addr:housenumber" v="187"/>
    <tag k="addr:postcode" v="B78 2HJ"/>
    <tag k="addr:street" v="Tamworth Road"/>
    <tag k="building" v="residential"/>
  </way>
  <way id="307496629" version="2" timestamp="2014-10-17T15:49:24Z" changeset="26149006" uid="735" user="blackadder">
    <nd ref="3126704409"/>
    <nd ref="3126704404"/>
    <nd ref="3126704379"/>
    <nd ref="3126704382"/>
    <nd ref="3126704409"/>
    <tag k="addr:city" v="Kingsbury"/>
    <tag k="addr:housenumber" v="19"/>
    <tag k="addr:postcode" v="B78 2HL"/>
    <tag k="addr:street" v="Ralph Crescent"/>
    <tag k="building" v="residential"/>
  </way>
  <way id="307496630" version="2" timestamp="2014-10-17T15:49:27Z" changeset="26149006" uid="735" user="blackadder">
    <nd ref="3126704570"/>
    <nd ref="3126704572"/>
    <nd ref="3126704567"/>
    <nd ref="3126704564"/>
    <nd ref="3126704570"/>
    <tag k="addr:city" v="Kingsbury"/>
    <tag k="addr:housenumber" v="24"/>
    <tag k="addr:postcode" v="B78 2HL"/>
    <tag k="addr:street" v="Ralph Crescent"/>
    <tag k="building" v="residential"/>
  </way>
  <way id="307496631" version="3" timestamp="2022-10-11T11:58:25Z" changeset="127356074" uid="9065" user="brianboru">
    <nd ref="3126704074"/>
    <nd ref="3126704062"/>
    <nd ref="3126704081"/>
    <nd ref="3126704090"/>
    <nd ref="3126704074"/>
    <tag k="addr:city" v="Kingsbury"/>
    <tag k="addr:housenumber" v="6"/>
    <tag k="addr:postcode" v="B78 2HN"/>
    <tag k="addr:street" v="Bromage Avenue"/>
    <tag k="building" v="residential"/>
  </way>
  <way id="307496632" version="2" timestamp="2014-10-17T15:49:34Z" changeset="26149006" uid="735" user="blackadder">
    <nd ref="3126702161"/>
    <nd ref="3126702158"/>
    <nd ref="3126702162"/>
    <nd ref="3126702165"/>
    <nd ref="3126702161"/>
    <tag k="addr:city" v="Kingsbury"/>
    <tag k="addr:housenumber" v="4"/>
    <tag k="addr:postcode" v="B78 2HS"/>
    <tag k="addr:street" v="Tame Bank"/>
    <tag k="building" v="residential"/>
  </way>
  <way id="307496633" version="2" timestamp="2014-10-17T15:49:34Z" changeset="26149006" uid="735" user="blackadder">
    <nd ref="3126704069"/>
    <nd ref="3126704070"/>
    <nd ref="3126704054"/>
    <nd ref="3126704052"/>
    <nd ref="3126704069"/>
    <tag k="addr:city" v="Kingsbury"/>
    <tag k="addr:housenumber" v="43"/>
    <tag k="addr:postcode" v="B78 2HR"/>
    <tag k="addr:street" v="Kingsway"/>
    <tag k="building" v="residential"/>
  </way>
  <way id="307496634" version="3" timestamp="2018-12-08T22:02:15Z" changeset="65302118" uid="346039" user="fitzsimons">
    <nd ref="3126704117"/>
    <nd ref="3126704125"/>
    <nd ref="3126704121"/>
    <nd ref="3126704111"/>
    <nd ref="3126704117"/>
    <tag k="addr:city" v="Kingsbury"/>
    <tag k="addr:housenumber" v="9"/>
    <tag k="addr:postcode" v="B78 2HT"/>
    <tag k="addr:street" v="The Green"/>
    <tag k="building" v="residential"/>
  </way>
  <way id="307496635" version="3" timestamp="2022-08-30T18:03:03Z" changeset="125581832" uid="9065" user="brianboru">
    <nd ref="3126702167"/>
    <nd ref="3126702163"/>
    <nd ref="3126702160"/>
    <nd ref="3126702164"/>
    <nd ref="3126702167"/>
    <tag k="addr:city" v="Kingsbury"/>
    <tag k="addr:housenumber" v="22"/>
    <tag k="addr:postcode" v="B78 2HN"/>
    <tag k="addr:street" v="Bromage Avenue"/>
    <tag k="building" v="residential"/>
  </way>
  <way id="307496636" version="2" timestamp="2014-10-17T15:49:19Z" changeset="26149006" uid="735" user="blackadder">
    <nd ref="3126702183"/>
    <nd ref="3126702177"/>
    <nd ref="3126702176"/>
    <nd ref="3126702180"/>
    <nd ref="3126702183"/>
    <tag k="addr:city" v="Kingsbury"/>
    <tag k="addr:housenumber" v="10"/>
    <tag k="addr:postcode" v="B78 2HS"/>
    <tag k="addr:street" v="Tame Bank"/>
    <tag k="building" v="residential"/>
  </way>
  <way id="307496637" version="2" timestamp="2014-10-17T15:49:20Z" changeset="26149006" uid="735" user="blackadder">
    <nd ref="3126704381"/>
    <nd ref="3126704369"/>
    <nd ref="3126704357"/>
    <nd ref="3126704364"/>
    <nd ref="3126704381"/>
    <tag k="addr:city" v="Kingsbury"/>
    <tag k="addr:housenumber" v="13"/>
    <tag k="addr:postcode" v="B78 2HR"/>
    <tag k="addr:street" v="Kingsway"/>
    <tag k="building" v="residential"/>
  </way>
  <way id="307496638" version="2" timestamp="2014-10-17T15:49:25Z" changeset="26149006" uid="735" user="blackadder">
    <nd ref="3126704575"/>
    <nd ref="3126704579"/>
    <nd ref="3126704574"/>
    <nd ref="3126704571"/>
    <nd ref="3126704575"/>
    <tag k="addr:city" v="Kingsbury"/>
    <tag k="addr:housenumber" v="201"/>
    <tag k="addr:postcode" v="B78 2HJ"/>
    <tag k="addr:street" v="Tamworth Road"/>
    <tag k="building" v="residential"/>
  </way>
  <way id="307496639" version="2" timestamp="2014-10-17T15:49:21Z" changeset="26149006" uid="735" user="blackadder">
    <nd ref="3126704541"/>
    <nd ref="3126704532"/>
    <nd ref="3126704527"/>
    <nd ref="3126704534"/>
    <nd ref="3126704541"/>
    <tag k="addr:city" v="Kingsbury"/>
    <tag k="addr:housenumber" v="16"/>
    <tag k="addr:postcode" v="B78 2HL"/>
    <tag k="addr:street" v="Ralph Crescent"/>
    <tag k="building" v="residential"/>
  </way>
  <way id="307496640" version="2" timestamp="2014-10-17T15:49:23Z" changeset="26149006" uid="735" user="blackadder">
    <nd ref="3126704552"/>
    <nd ref="3126704545"/>
    <nd ref="3126704538"/>
    <nd ref="3126704547"/>
    <nd ref="3126704552"/>
    <tag k="addr:city" v="Kingsbury"/>
    <tag k="addr:housenumber" v="18"/>
    <tag k="addr:postcode" v="B78 2HL"/>
    <tag k="addr:street" v="Ralph Crescent"/>
    <tag k="building" v="residential"/>
  </way>
  <way id="307496641" version="2" timestamp="2014-10-17T15:49:30Z" changeset="26149006" uid="735" user="blackadder">
    <nd ref="3126702208"/>
    <nd ref="3126702218"/>
    <nd ref="3126702214"/>
    <nd ref="3126702205"/>
    <nd ref="3126702208"/>
    <tag k="addr:city" v="Kingsbury"/>
    <tag k="addr:housenumber" v="30"/>
    <tag k="addr:postcode" v="B78 2HR"/>
    <tag k="addr:street" v="Kingsway"/>
    <tag k="building" v="residential"/>
  </way>
  <way id="307496642" version="2" timestamp="2014-10-17T15:49:24Z" changeset="26149006" uid="735" user="blackadder">
    <nd ref="3126704335"/>
    <nd ref="3126704342"/>
    <nd ref="3126704338"/>
    <nd ref="3126704330"/>
    <nd ref="3126704335"/>
    <tag k="addr:city" v="Kingsbury"/>
    <tag k="addr:housenumber" v="19"/>
    <tag k="addr:postcode" v="B78 2HR"/>
    <tag k="addr:street" v="Kingsway"/>
    <tag k="building" v="residential"/>
  </way>
  <way id="307496643" version="2" timestamp="2014-10-17T15:49:28Z" changeset="26149006" uid="735" user="blackadder">
    <nd ref="3126702223"/>
    <nd ref="3126702220"/>
    <nd ref="3126702212"/>
    <nd ref="3126702217"/>
    <nd ref="3126702223"/>
    <tag k="addr:city" v="Kingsbury"/>
    <tag k="addr:housenumber" v="26"/>
    <tag k="addr:postcode" v="B78 2HR"/>
    <tag k="addr:street" v="Kingsway"/>
    <tag k="building" v="residential"/>
  </way>
  <way id="307496644" version="2" timestamp="2014-10-17T15:49:19Z" changeset="26149006" uid="735" user="blackadder">
    <nd ref="3126704487"/>
    <nd ref="3126704496"/>
    <nd ref="3126704478"/>
    <nd ref="3126704473"/>
    <nd ref="3126704487"/>
    <tag k="addr:city" v="Kingsbury"/>
    <tag k="addr:housenumber" v="10"/>
    <tag k="addr:postcode" v="B78 2HL"/>
    <tag k="addr:street" v="Ralph Crescent"/>
    <tag k="building" v="residential"/>
  </way>
  <way id="307496645" version="2" timestamp="2014-10-17T15:49:26Z" changeset="26149006" uid="735" user="blackadder">
    <nd ref="3126704604"/>
    <nd ref="3126704606"/>
    <nd ref="3126704603"/>
    <nd ref="3126704602"/>
    <nd ref="3126704604"/>
    <tag k="addr:city" v="Kingsbury"/>
    <tag k="addr:housenumber" v="213"/>
    <tag k="addr:postcode" v="B78 2HJ"/>
    <tag k="addr:street" v="Tamworth Road"/>
    <tag k="building" v="residential"/>
  </way>
  <way id="307496646" version="2" timestamp="2014-10-17T15:49:35Z" changeset="26149006" uid="735" user="blackadder">
    <nd ref="3126704449"/>
    <nd ref="3126704439"/>
    <nd ref="3126704431"/>
    <nd ref="3126704443"/>
    <nd ref="3126704449"/>
    <tag k="addr:city" v="Kingsbury"/>
    <tag k="addr:housenumber" v="5"/>
    <tag k="addr:postcode" v="B78 2HR"/>
    <tag k="addr:street" v="Kingsway"/>
    <tag k="building" v="residential"/>
  </way>
  <way id="307496647" version="2" timestamp="2014-10-17T15:49:36Z" changeset="26149006" uid="735" user="blackadder">
    <nd ref="3126702162"/>
    <nd ref="3126702166"/>
    <nd ref="3126702171"/>
    <nd ref="3126702165"/>
    <nd ref="3126702162"/>
    <tag k="addr:city" v="Kingsbury"/>
    <tag k="addr:housenumber" v="6"/>
    <tag k="addr:postcode" v="B78 2HS"/>
    <tag k="addr:street" v="Tame Bank"/>
    <tag k="building" v="residential"/>
  </way>
  <way id="307496648" version="2" timestamp="2014-10-17T15:49:39Z" changeset="26149006" uid="735" user="blackadder">
    <nd ref="3126704422"/>
    <nd ref="3126704427"/>
    <nd ref="3126704405"/>
    <nd ref="3126704395"/>
    <nd ref="3126704422"/>
    <tag k="addr:city" v="Kingsbury"/>
    <tag k="addr:housenumber" v="9"/>
    <tag k="addr:postcode" v="B78 2HL"/>
    <tag k="addr:street" v="Ralph Crescent"/>
    <tag k="building" v="residential"/>
  </way>
  <way id="307496649" version="2" timestamp="2014-10-17T15:49:28Z" changeset="26149006" uid="735" user="blackadder">
    <nd ref="3126702228"/>
    <nd ref="3126702222"/>
    <nd ref="3126702219"/>
    <nd ref="3126702224"/>
    <nd ref="3126702228"/>
    <tag k="addr:city" v="Kingsbury"/>
    <tag k="addr:housenumber" v="26"/>
    <tag k="addr:postcode" v="B78 2HS"/>
    <tag k="addr:street" v="Tame Bank"/>
    <tag k="building" v="residential"/>
  </way>
  <way id="307496650" version="2" timestamp="2014-10-17T15:49:33Z" changeset="26149006" uid="735" user="blackadder">
    <nd ref="3126704530"/>
    <nd ref="3126704535"/>
    <nd ref="3126704528"/>
    <nd ref="3126704524"/>
    <nd ref="3126704530"/>
    <tag k="addr:city" v="Kingsbury"/>
    <tag k="addr:housenumber" v="39"/>
    <tag k="addr:postcode" v="B78 2HL"/>
    <tag k="addr:street" v="Ralph Crescent"/>
    <tag k="building" v="residential"/>
  </way>
  <way id="307496651" version="2" timestamp="2014-10-17T15:49:20Z" changeset="26149006" uid="735" user="blackadder">
    <nd ref="3126702184"/>
    <nd ref="3126702180"/>
    <nd ref="3126702183"/>
    <nd ref="3126702187"/>
    <nd ref="3126702184"/>
    <tag k="addr:city" v="Kingsbury"/>
    <tag k="addr:housenumber" v="12"/>
    <tag k="addr:postcode" v="B78 2HS"/>
    <tag k="addr:street" v="Tame Bank"/>
    <tag k="building" v="residential"/>
  </way>
  <way id="307496652" version="3" timestamp="2022-08-30T18:03:03Z" changeset="125581832" uid="9065" user="brianboru">
    <nd ref="3126702160"/>
    <nd ref="3126702156"/>
    <nd ref="3126702159"/>
    <nd ref="3126702163"/>
    <nd ref="3126702160"/>
    <tag k="addr:city" v="Kingsbury"/>
    <tag k="addr:housenumber" v="24"/>
    <tag k="addr:postcode" v="B78 2HN"/>
    <tag k="addr:street" v="Bromage Avenue"/>
    <tag k="building" v="residential"/>
  </way>
  <way id="307496653" version="2" timestamp="2014-10-17T15:49:31Z" changeset="26149006" uid="735" user="blackadder">
    <nd ref="3126704078"/>
    <nd ref="3126704086"/>
    <nd ref="3126704100"/>
    <nd ref="3126704095"/>
    <nd ref="3126704078"/>
    <tag k="addr:city" v="Kingsbury"/>
    <tag k="addr:housenumber" v="31"/>
    <tag k="addr:postcode" v="B78 2HR"/>
    <tag k="addr:street" v="Kingsway"/>
    <tag k="building" v="residential"/>
  </way>
  <way id="307496654" version="2" timestamp="2014-10-17T15:49:30Z" changeset="26149006" uid="735" user="blackadder">
    <nd ref="3126704332"/>
    <nd ref="3126704126"/>
    <nd ref="3126704119"/>
    <nd ref="3126704128"/>
    <nd ref="3126704332"/>
    <tag k="addr:city" v="Kingsbury"/>
    <tag k="addr:housenumber" v="2C"/>
    <tag k="addr:postcode" v="B78 2HR"/>
    <tag k="addr:street" v="Kingsway"/>
    <tag k="building" v="residential"/>
  </way>
  <way id="307496655" version="2" timestamp="2014-10-17T15:49:24Z" changeset="26149006" uid="735" user="blackadder">
    <nd ref="3126704555"/>
    <nd ref="3126704558"/>
    <nd ref="3126704554"/>
    <nd ref="3126704550"/>
    <nd ref="3126704555"/>
    <tag k="addr:city" v="Kingsbury"/>
    <tag k="addr:housenumber" v="193"/>
    <tag k="addr:postcode" v="B78 2HJ"/>
    <tag k="addr:street" v="Tamworth Road"/>
    <tag k="building" v="residential"/>
  </way>
  <way id="307496656" version="2" timestamp="2014-10-17T15:49:38Z" changeset="26149006" uid="735" user="blackadder">
    <nd ref="3126704082"/>
    <nd ref="3126704067"/>
    <nd ref="3126704080"/>
    <nd ref="3126704092"/>
    <nd ref="3126704082"/>
    <tag k="addr:city" v="Kingsbury"/>
    <tag k="addr:housenumber" v="8"/>
    <tag k="addr:postcode" v="B78 2HR"/>
    <tag k="addr:street" v="Kingsway"/>
    <tag k="building" v="residential"/>
  </way>
  <way id="307496657" version="2" timestamp="2014-10-17T15:49:26Z" changeset="26149006" uid="735" user="blackadder">
    <nd ref="3126704598"/>
    <nd ref="3126704600"/>
    <nd ref="3126704597"/>
    <nd ref="3126704595"/>
    <nd ref="3126704598"/>
    <tag k="addr:city" v="Kingsbury"/>
    <tag k="addr:housenumber" v="209"/>
    <tag k="addr:postcode" v="B78 2HJ"/>
    <tag k="addr:street" v="Tamworth Road"/>
    <tag k="building" v="residential"/>
  </way>
  <way id="307496658" version="2" timestamp="2014-10-17T15:49:33Z" changeset="26149006" uid="735" user="blackadder">
    <nd ref="3126704055"/>
    <nd ref="3126704058"/>
    <nd ref="3126704075"/>
    <nd ref="3126704073"/>
    <nd ref="3126704055"/>
    <tag k="addr:city" v="Kingsbury"/>
    <tag k="addr:housenumber" v="39"/>
    <tag k="addr:postcode" v="B78 2HR"/>
    <tag k="addr:street" v="Kingsway"/>
    <tag k="building" v="residential"/>
  </way>
  <way id="307496659" version="2" timestamp="2014-10-17T15:49:25Z" changeset="26149006" uid="735" user="blackadder">
    <nd ref="3126704122"/>
    <nd ref="3126704114"/>
    <nd ref="3126704109"/>
    <nd ref="3126704115"/>
    <nd ref="3126704122"/>
    <tag k="addr:city" v="Kingsbury"/>
    <tag k="addr:housenumber" v="2"/>
    <tag k="addr:postcode" v="B78 2HR"/>
    <tag k="addr:street" v="Kingsway"/>
    <tag k="building" v="residential"/>
  </way>
  <way id="307496660" version="3" timestamp="2018-12-08T22:02:15Z" changeset="65302118" uid="346039" user="fitzsimons">
    <nd ref="3126704331"/>
    <nd ref="3126704337"/>
    <nd ref="3126704329"/>
    <nd ref="3126704123"/>
    <nd ref="3126704331"/>
    <tag k="addr:city" v="Kingsbury"/>
    <tag k="addr:housenumber" v="5"/>
    <tag k="addr:postcode" v="B78 2HT"/>
    <tag k="addr:street" v="The Green"/>
    <tag k="building" v="residential"/>
  </way>
  <way id="307496661" version="2" timestamp="2014-10-17T15:49:24Z" changeset="26149006" uid="735" user="blackadder">
    <nd ref="3126704561"/>
    <nd ref="3126704559"/>
    <nd ref="3126704557"/>
    <nd ref="3126704560"/>
    <nd ref="3126704561"/>
    <tag k="addr:city" v="Kingsbury"/>
    <tag k="addr:housenumber" v="195"/>
    <tag k="addr:postcode" v="B78 2HJ"/>
    <tag k="addr:street" v="Tamworth Road"/>
    <tag k="building" v="residential"/>
  </way>
  <way id="307496662" version="2" timestamp="2014-10-17T15:49:23Z" changeset="26149006" uid="735" user="blackadder">
    <nd ref="3126704471"/>
    <nd ref="3126704479"/>
    <nd ref="3126704470"/>
    <nd ref="3126704462"/>
    <nd ref="3126704471"/>
    <tag k="addr:city" v="Kingsbury"/>
    <tag k="addr:housenumber" v="181"/>
    <tag k="addr:postcode" v="B78 2HJ"/>
    <tag k="addr:street" v="Tamworth Road"/>
    <tag k="building" v="residential"/>
  </way>
  <way id="307496663" version="3" timestamp="2022-08-30T18:03:03Z" changeset="125581832" uid="9065" user="brianboru">
    <nd ref="3126702185"/>
    <nd ref="3126702182"/>
    <nd ref="3126702186"/>
    <nd ref="3126702189"/>
    <nd ref="3126702185"/>
    <tag k="addr:city" v="Kingsbury"/>
    <tag k="addr:housenumber" v="12"/>
    <tag k="addr:postcode" v="B78 2HN"/>
    <tag k="addr:street" v="Bromage Avenue"/>
    <tag k="building" v="residential"/>
  </way>
  <way id="307496664" version="2" timestamp="2014-10-17T15:49:35Z" changeset="26149006" uid="735" user="blackadder">
    <nd ref="3126704497"/>
    <nd ref="3126704488"/>
    <nd ref="3126704476"/>
    <nd ref="3126704480"/>
    <nd ref="3126704497"/>
    <tag k="addr:city" v="Kingsbury"/>
    <tag k="addr:housenumber" v="5"/>
    <tag k="addr:postcode" v="B78 2HP"/>
    <tag k="addr:street" v="Bracebridge Road"/>
    <tag k="building" v="residential"/>
  </way>
  <way id="307496665" version="2" timestamp="2014-10-17T15:49:36Z" changeset="26149006" uid="735" user="blackadder">
    <nd ref="3126704082"/>
    <nd ref="3126704092"/>
    <nd ref="3126704102"/>
    <nd ref="3126704093"/>
    <nd ref="3126704082"/>
    <tag k="addr:city" v="Kingsbury"/>
    <tag k="addr:housenumber" v="6"/>
    <tag k="addr:postcode" v="B78 2HR"/>
    <tag k="addr:street" v="Kingsway"/>
    <tag k="building" v="residential"/>
  </way>
  <way id="307496666" version="2" timestamp="2014-10-17T15:49:20Z" changeset="26149006" uid="735" user="blackadder">
    <nd ref="3126704481"/>
    <nd ref="3126704487"/>
    <nd ref="3126704473"/>
    <nd ref="3126704468"/>
    <nd ref="3126704481"/>
    <tag k="addr:city" v="Kingsbury"/>
    <tag k="addr:housenumber" v="12"/>
    <tag k="addr:postcode" v="B78 2HL"/>
    <tag k="addr:street" v="Ralph Crescent"/>
    <tag k="building" v="residential"/>
  </way>
  <way id="307496667" version="2" timestamp="2014-10-17T15:49:21Z" changeset="26149006" uid="735" user="blackadder">
    <nd ref="3126704038"/>
    <nd ref="3126704033"/>
    <nd ref="3126704039"/>
    <nd ref="3126704044"/>
    <nd ref="3126704038"/>
    <tag k="addr:city" v="Kingsbury"/>
    <tag k="addr:housenumber" v="16"/>
    <tag k="addr:postcode" v="B78 2HR"/>
    <tag k="addr:street" v="Kingsway"/>
    <tag k="building" v="residential"/>
  </way>
  <way id="307496668" version="2" timestamp="2014-10-17T15:49:27Z" changeset="26149006" uid="735" user="blackadder">
    <nd ref="3126702221"/>
    <nd ref="3126702217"/>
    <nd ref="3126702223"/>
    <nd ref="3126702227"/>
    <nd ref="3126702221"/>
    <tag k="addr:city" v="Kingsbury"/>
    <tag k="addr:housenumber" v="24"/>
    <tag k="addr:postcode" v="B78 2HR"/>
    <tag k="addr:street" v="Kingsway"/>
    <tag k="building" v="residential"/>
  </way>
  <way id="307496669" version="2" timestamp="2014-10-17T15:49:27Z" changeset="26149006" uid="735" user="blackadder">
    <nd ref="3126704430"/>
    <nd ref="3126704424"/>
    <nd ref="3126704411"/>
    <nd ref="3126704420"/>
    <nd ref="3126704430"/>
    <tag k="addr:city" v="Kingsbury"/>
    <tag k="addr:housenumber" v="23"/>
    <tag k="addr:postcode" v="B78 2HL"/>
    <tag k="addr:street" v="Ralph Crescent"/>
    <tag k="building" v="residential"/>
  </way>
  <way id="307496670" version="2" timestamp="2014-10-17T15:49:31Z" changeset="26149006" uid="735" user="blackadder">
    <nd ref="3126702201"/>
    <nd ref="3126702204"/>
    <nd ref="3126702199"/>
    <nd ref="3126702197"/>
    <nd ref="3126702201"/>
    <tag k="addr:city" v="Kingsbury"/>
    <tag k="addr:housenumber" v="34"/>
    <tag k="addr:postcode" v="B78 2HR"/>
    <tag k="addr:street" v="Kingsway"/>
    <tag k="building" v="residential"/>
  </way>
  <way id="307496671" version="2" timestamp="2014-10-17T15:49:23Z" changeset="26149006" uid="735" user="blackadder">
    <nd ref="3126704448"/>
    <nd ref="3126704457"/>
    <nd ref="3126704447"/>
    <nd ref="3126704438"/>
    <nd ref="3126704448"/>
    <tag k="addr:city" v="Kingsbury"/>
    <tag k="addr:housenumber" v="177"/>
    <tag k="addr:postcode" v="B78 2HJ"/>
    <tag k="addr:street" v="Tamworth Road"/>
    <tag k="building" v="residential"/>
  </way>
  <way id="307496672" version="2" timestamp="2014-10-17T15:49:33Z" changeset="26149006" uid="735" user="blackadder">
    <nd ref="3126704114"/>
    <nd ref="3126704106"/>
    <nd ref="3126704099"/>
    <nd ref="3126704109"/>
    <nd ref="3126704114"/>
    <tag k="addr:city" v="Kingsbury"/>
    <tag k="addr:housenumber" v="4"/>
    <tag k="addr:postcode" v="B78 2HR"/>
    <tag k="addr:street" v="Kingsway"/>
    <tag k="building" v="residential"/>
  </way>
  <way id="307496673" version="2" timestamp="2014-10-17T15:49:31Z" changeset="26149006" uid="735" user="blackadder">
    <nd ref="3126704046"/>
    <nd ref="3126704041"/>
    <nd ref="3126704037"/>
    <nd ref="3126704043"/>
    <nd ref="3126704046"/>
    <tag k="addr:city" v="Kingsbury"/>
    <tag k="addr:housenumber" v="32"/>
    <tag k="addr:postcode" v="B78 2HS"/>
    <tag k="addr:street" v="Tame Bank"/>
    <tag k="building" v="residential"/>
  </way>
  <way id="307496674" version="2" timestamp="2014-10-17T15:49:25Z" changeset="26149006" uid="735" user="blackadder">
    <nd ref="3126702146"/>
    <nd ref="3126702147"/>
    <nd ref="3126702150"/>
    <nd ref="3126702149"/>
    <nd ref="3126702146"/>
    <tag k="addr:city" v="Kingsbury"/>
    <tag k="addr:housenumber" v="2"/>
    <tag k="addr:postcode" v="B78 2HS"/>
    <tag k="addr:street" v="Tame Bank"/>
    <tag k="building" v="residential"/>
  </way>
  <way id="307496675" version="2" timestamp="2014-10-17T15:49:25Z" changeset="26149006" uid="735" user="blackadder">
    <nd ref="3126704514"/>
    <nd ref="3126704518"/>
    <nd ref="3126704521"/>
    <nd ref="3126704506"/>
    <nd ref="3126704502"/>
    <nd ref="3126704514"/>
    <tag k="addr:city" v="Kingsbury"/>
    <tag k="addr:housenumber" v="2"/>
    <tag k="addr:postcode" v="B78 2HL"/>
    <tag k="addr:street" v="Ralph Crescent"/>
    <tag k="building" v="residential"/>
  </way>
  <way id="307496676" version="2" timestamp="2014-10-17T15:49:20Z" changeset="26149006" uid="735" user="blackadder">
    <nd ref="3126704402"/>
    <nd ref="3126704407"/>
    <nd ref="3126704373"/>
    <nd ref="3126704368"/>
    <nd ref="3126704376"/>
    <nd ref="3126704402"/>
    <tag k="addr:city" v="Kingsbury"/>
    <tag k="addr:housenumber" v="13"/>
    <tag k="addr:postcode" v="B78 2HL"/>
    <tag k="addr:street" v="Ralph Crescent"/>
    <tag k="building" v="residential"/>
  </way>
  <way id="307496677" version="2" timestamp="2014-10-17T15:49:29Z" changeset="26149006" uid="735" user="blackadder">
    <nd ref="3126704467"/>
    <nd ref="3126704464"/>
    <nd ref="3126704456"/>
    <nd ref="3126704466"/>
    <nd ref="3126704474"/>
    <nd ref="3126704467"/>
    <tag k="addr:city" v="Kingsbury"/>
    <tag k="addr:housenumber" v="29"/>
    <tag k="addr:postcode" v="B78 2HL"/>
    <tag k="addr:street" v="Ralph Crescent"/>
    <tag k="building" v="residential"/>
  </way>
  <way id="307496678" version="2" timestamp="2014-10-17T15:49:22Z" changeset="26149006" uid="735" user="blackadder">
    <nd ref="3126704397"/>
    <nd ref="3126704385"/>
    <nd ref="3126704370"/>
    <nd ref="3126704374"/>
    <nd ref="3126704365"/>
    <nd ref="3126704371"/>
    <nd ref="3126704397"/>
    <tag k="addr:city" v="Kingsbury"/>
    <tag k="addr:housenumber" v="165"/>
    <tag k="addr:postcode" v="B78 2HJ"/>
    <tag k="addr:street" v="Tamworth Road"/>
    <tag k="building" v="residential"/>
  </way>
  <way id="307496679" version="2" timestamp="2014-10-17T15:49:22Z" changeset="26149006" uid="735" user="blackadder">
    <nd ref="3126704425"/>
    <nd ref="3126704419"/>
    <nd ref="3126704391"/>
    <nd ref="3126704401"/>
    <nd ref="3126704413"/>
    <nd ref="3126704415"/>
    <nd ref="3126704425"/>
    <tag k="addr:city" v="Kingsbury"/>
    <tag k="addr:housenumber" v="171"/>
    <tag k="addr:postcode" v="B78 2HJ"/>
    <tag k="addr:street" v="Tamworth Road"/>
    <tag k="building" v="residential"/>
  </way>
  <way id="307496680" version="2" timestamp="2014-10-17T15:49:22Z" changeset="26149006" uid="735" user="blackadder">
    <nd ref="3126704419"/>
    <nd ref="3126704410"/>
    <nd ref="3126704390"/>
    <nd ref="3126704394"/>
    <nd ref="3126704383"/>
    <nd ref="3126704391"/>
    <nd ref="3126704419"/>
    <tag k="addr:city" v="Kingsbury"/>
    <tag k="addr:housenumber" v="169"/>
    <tag k="addr:postcode" v="B78 2HJ"/>
    <tag k="addr:street" v="Tamworth Road"/>
    <tag k="building" v="residential"/>
  </way>
  <way id="307496681" version="2" timestamp="2014-10-17T15:49:26Z" changeset="26149006" uid="735" user="blackadder">
    <nd ref="3126704611"/>
    <nd ref="3126704613"/>
    <nd ref="3126704610"/>
    <nd ref="3126704612"/>
    <nd ref="3126704609"/>
    <nd ref="3126704608"/>
    <nd ref="3126704611"/>
    <tag k="addr:city" v="Kingsbury"/>
    <tag k="addr:housenumber" v="217"/>
    <tag k="addr:postcode" v="B78 2HJ"/>
    <tag k="addr:street" v="Tamworth Road"/>
    <tag k="building" v="residential"/>
  </way>
  <way id="307496682" version="2" timestamp="2014-10-17T15:49:24Z" changeset="26149006" uid="735" user="blackadder">
    <nd ref="3126704554"/>
    <nd ref="3126704549"/>
    <nd ref="3126704548"/>
    <nd ref="3126704544"/>
    <nd ref="3126704540"/>
    <nd ref="3126704550"/>
    <nd ref="3126704554"/>
    <tag k="addr:city" v="Kingsbury"/>
    <tag k="addr:housenumber" v="191"/>
    <tag k="addr:postcode" v="B78 2HJ"/>
    <tag k="addr:street" v="Tamworth Road"/>
    <tag k="building" v="residential"/>
  </way>
  <way id="307496683" version="2" timestamp="2014-10-17T15:49:22Z" changeset="26149006" uid="735" user="blackadder">
    <nd ref="3126704432"/>
    <nd ref="3126704425"/>
    <nd ref="3126704415"/>
    <nd ref="3126704418"/>
    <nd ref="3126704406"/>
    <nd ref="3126704416"/>
    <nd ref="3126704432"/>
    <tag k="addr:city" v="Kingsbury"/>
    <tag k="addr:housenumber" v="173"/>
    <tag k="addr:postcode" v="B78 2HJ"/>
    <tag k="addr:street" v="Tamworth Road"/>
    <tag k="building" v="residential"/>
  </way>
  <way id="307496684" version="2" timestamp="2014-10-17T15:49:22Z" changeset="26149006" uid="735" user="blackadder">
    <nd ref="3126704410"/>
    <nd ref="3126704397"/>
    <nd ref="3126704371"/>
    <nd ref="3126704377"/>
    <nd ref="3126704387"/>
    <nd ref="3126704390"/>
    <nd ref="3126704410"/>
    <tag k="addr:city" v="Kingsbury"/>
    <tag k="addr:housenumber" v="167"/>
    <tag k="addr:postcode" v="B78 2HJ"/>
    <tag k="addr:street" v="Tamworth Road"/>
    <tag k="building" v="residential"/>
  </way>
  <way id="307496685" version="2" timestamp="2014-10-17T15:49:34Z" changeset="26149006" uid="735" user="blackadder">
    <nd ref="3126704069"/>
    <nd ref="3126704052"/>
    <nd ref="3126704051"/>
    <nd ref="3126704049"/>
    <nd ref="3126704047"/>
    <nd ref="3126704068"/>
    <nd ref="3126704069"/>
    <tag k="addr:city" v="Kingsbury"/>
    <tag k="addr:housenumber" v="45"/>
    <tag k="addr:postcode" v="B78 2HR"/>
    <tag k="addr:street" v="Kingsway"/>
    <tag k="building" v="residential"/>
  </way>
  <way id="307496686" version="2" timestamp="2014-10-17T15:49:19Z" changeset="26149006" uid="735" user="blackadder">
    <nd ref="3126704414"/>
    <nd ref="3126704422"/>
    <nd ref="3126704395"/>
    <nd ref="3126704393"/>
    <nd ref="3126704384"/>
    <nd ref="3126704392"/>
    <nd ref="3126704386"/>
    <nd ref="3126704414"/>
    <tag k="addr:city" v="Kingsbury"/>
    <tag k="addr:housenumber" v="11"/>
    <tag k="addr:postcode" v="B78 2HL"/>
    <tag k="addr:street" v="Ralph Crescent"/>
    <tag k="building" v="residential"/>
  </way>
  <way id="307496687" version="2" timestamp="2014-10-17T15:49:18Z" changeset="26149006" uid="735" user="blackadder">
    <nd ref="3126704366"/>
    <nd ref="3126704349"/>
    <nd ref="3126704345"/>
    <nd ref="3126704347"/>
    <nd ref="3126704344"/>
    <nd ref="3126704351"/>
    <nd ref="3126704355"/>
    <nd ref="3126704358"/>
    <nd ref="3126704366"/>
    <tag k="addr:city" v="Kingsbury"/>
    <tag k="addr:housename" v="Flats 1,2,3 &amp; 4"/>
    <tag k="addr:housenumber" v="161"/>
    <tag k="addr:postcode" v="B78 2HJ"/>
    <tag k="addr:street" v="Tamworth Road"/>
    <tag k="building" v="residential"/>
  </way>
  <way id="307496688" version="2" timestamp="2014-10-17T15:49:26Z" changeset="26149006" uid="735" user="blackadder">
    <nd ref="3126704424"/>
    <nd ref="3126704417"/>
    <nd ref="3126704400"/>
    <nd ref="3126704389"/>
    <nd ref="3126704380"/>
    <nd ref="3126704399"/>
    <nd ref="3126704408"/>
    <nd ref="3126704411"/>
    <nd ref="3126704424"/>
    <tag k="addr:city" v="Kingsbury"/>
    <tag k="addr:housenumber" v="21"/>
    <tag k="addr:postcode" v="B78 2HL"/>
    <tag k="addr:street" v="Ralph Crescent"/>
    <tag k="building" v="residential"/>
  </way>
  <way id="307496689" version="2" timestamp="2014-10-17T15:49:30Z" changeset="26149006" uid="735" user="blackadder">
    <nd ref="3126704516"/>
    <nd ref="3126704509"/>
    <nd ref="3126704492"/>
    <nd ref="3126704494"/>
    <nd ref="3126704489"/>
    <nd ref="3126704499"/>
    <nd ref="3126704503"/>
    <nd ref="3126704505"/>
    <nd ref="3126704516"/>
    <tag k="addr:city" v="Kingsbury"/>
    <tag k="addr:housenumber" v="3"/>
    <tag k="addr:postcode" v="B78 2HP"/>
    <tag k="addr:street" v="Bracebridge Road"/>
    <tag k="building" v="residential"/>
  </way>
  <way id="307496690" version="2" timestamp="2014-10-17T15:49:22Z" changeset="26149006" uid="735" user="blackadder">
    <nd ref="3126704367"/>
    <nd ref="3126704378"/>
    <nd ref="3126704366"/>
    <nd ref="3126704358"/>
    <nd ref="3126704350"/>
    <nd ref="3126704356"/>
    <nd ref="3126704359"/>
    <nd ref="3126704361"/>
    <nd ref="3126704363"/>
    <nd ref="3126704367"/>
    <tag k="addr:city" v="Kingsbury"/>
    <tag k="addr:housenumber" v="163"/>
    <tag k="addr:postcode" v="B78 2HJ"/>
    <tag k="addr:street" v="Tamworth Road"/>
    <tag k="building" v="residential"/>
  </way>
  <way id="307503946" version="2" timestamp="2024-09-28T10:33:10Z" changeset="157203301" uid="13078383" user="Keith Barnett">
    <nd ref="1485309567"/>
    <nd ref="3126851992"/>
    <nd ref="3126851989"/>
    <nd ref="3126851988"/>
    <nd ref="1485309597"/>
    <nd ref="3126851983"/>
    <nd ref="1485309543"/>
    <nd ref="1485309651"/>
    <nd ref="1485309515"/>
    <nd ref="1485309620"/>
    <nd ref="1485309602"/>
    <nd ref="3126851949"/>
    <nd ref="1229541184"/>
    <tag k="highway" v="residential"/>
    <tag k="name" v="Bridge Street"/>
    <tag k="surface" v="asphalt"/>
  </way>
  <way id="307503947" version="1" timestamp="2014-10-12T21:21:14Z" changeset="26035632" uid="735" user="blackadder">
    <nd ref="3126851980"/>
    <nd ref="1485309508"/>
    <nd ref="3126851979"/>
    <tag k="highway" v="residential"/>
    <tag k="name" v="Cherry Close"/>
  </way>
  <way id="307503948" version="1" timestamp="2014-10-12T21:21:14Z" changeset="26035632" uid="735" user="blackadder">
    <nd ref="3126851951"/>
    <nd ref="3126851950"/>
    <tag k="highway" v="residential"/>
    <tag k="name" v="High View"/>
  </way>
  <way id="307503949" version="1" timestamp="2014-10-12T21:21:14Z" changeset="26035632" uid="735" user="blackadder">
    <nd ref="2035297602"/>
    <nd ref="3126851910"/>
    <tag k="highway" v="residential"/>
    <tag k="name" v="Holly Drive"/>
  </way>
  <way id="307503950" version="2" timestamp="2019-12-16T06:46:38Z" changeset="78456649" uid="9065" user="brianboru">
    <nd ref="3126851944"/>
    <nd ref="3126851942"/>
    <nd ref="3126851941"/>
    <nd ref="3126851940"/>
    <nd ref="3126851931"/>
    <nd ref="3126851932"/>
    <nd ref="3126851944"/>
    <tag k="addr:city" v="Hurley"/>
    <tag k="addr:postcode" v="CV9 2HX"/>
    <tag k="addr:street" v="Knowle Hill"/>
    <tag k="amenity" v="pub"/>
    <tag k="building" v="pub"/>
    <tag k="name" v="Hollybush"/>
  </way>
  <way id="307503951" version="1" timestamp="2014-10-12T21:21:15Z" changeset="26035632" uid="735" user="blackadder">
    <nd ref="3126851972"/>
    <nd ref="2035297599"/>
    <nd ref="3126851971"/>
    <tag k="highway" v="residential"/>
    <tag k="name" v="Orchard Close"/>
  </way>
  <way id="307503952" version="4" timestamp="2024-09-28T10:20:36Z" changeset="157203293" uid="13078383" user="Keith Barnett">
    <nd ref="1485309634"/>
    <nd ref="3126851966"/>
    <nd ref="3126851964"/>
    <nd ref="1485309662"/>
    <nd ref="3126851960"/>
    <nd ref="3126851957"/>
    <nd ref="3126851955"/>
    <nd ref="1485309615"/>
    <nd ref="3126851956"/>
    <nd ref="3126851959"/>
    <nd ref="3126851958"/>
    <nd ref="1485309620"/>
    <tag k="highway" v="residential"/>
    <tag k="lane_markings" v="no"/>
    <tag k="name" v="Woodbridge Park"/>
    <tag k="sidewalk" v="right"/>
    <tag k="surface" v="asphalt"/>
  </way>
  <way id="307503955" version="1" timestamp="2014-10-12T21:21:15Z" changeset="26035632" uid="735" user="blackadder">
    <nd ref="2035297608"/>
    <nd ref="3126851904"/>
    <nd ref="3126851903"/>
    <nd ref="3126851902"/>
    <nd ref="3126851900"/>
    <nd ref="3126851898"/>
    <nd ref="3126851896"/>
    <nd ref="3126851894"/>
    <nd ref="3126851895"/>
    <nd ref="3126851897"/>
    <nd ref="3126851899"/>
    <nd ref="3126851901"/>
    <nd ref="2035297608"/>
    <tag k="highway" v="residential"/>
  </way>
  <way id="307788604" version="2" timestamp="2014-10-18T22:02:18Z" changeset="26180421" uid="735" user="blackadder">
    <nd ref="3130065130"/>
    <nd ref="3130065019"/>
    <nd ref="3130065023"/>
    <nd ref="3130065016"/>
    <nd ref="3130065013"/>
    <nd ref="3130065007"/>
    <nd ref="3130065003"/>
    <nd ref="3130065011"/>
    <nd ref="3130065015"/>
    <nd ref="3130065027"/>
    <nd ref="3130065130"/>
    <tag k="addr:city" v="Kingsbury"/>
    <tag k="addr:housenumber" v="5"/>
    <tag k="addr:postcode" v="B78 2LG"/>
    <tag k="addr:street" v="Pear Tree Avenue"/>
    <tag k="building" v="residential"/>
  </way>
  <way id="307788605" version="2" timestamp="2014-10-18T22:02:20Z" changeset="26180421" uid="735" user="blackadder">
    <nd ref="3130065997"/>
    <nd ref="3130066000"/>
    <nd ref="3130065994"/>
    <nd ref="3130065995"/>
    <nd ref="3130065988"/>
    <nd ref="3130065984"/>
    <nd ref="3130065982"/>
    <nd ref="3130065980"/>
    <nd ref="3130065983"/>
    <nd ref="3130065987"/>
    <nd ref="3130065997"/>
    <tag k="addr:city" v="Kingsbury"/>
    <tag k="addr:housenumber" v="64"/>
    <tag k="addr:postcode" v="B78 2LQ"/>
    <tag k="addr:street" v="Pear Tree Avenue"/>
    <tag k="building" v="residential"/>
  </way>
  <way id="307788607" version="2" timestamp="2014-10-18T22:02:17Z" changeset="26180421" uid="735" user="blackadder">
    <nd ref="3130065226"/>
    <nd ref="3130065331"/>
    <nd ref="3130065334"/>
    <nd ref="3130065337"/>
    <nd ref="3130065333"/>
    <nd ref="3130065335"/>
    <nd ref="3130065220"/>
    <nd ref="3130065214"/>
    <nd ref="3130065209"/>
    <nd ref="3130065215"/>
    <nd ref="3130065211"/>
    <nd ref="3130065226"/>
    <tag k="addr:city" v="Kingsbury"/>
    <tag k="addr:housenumber" v="39"/>
    <tag k="addr:postcode" v="B78 2LG"/>
    <tag k="addr:street" v="Pear Tree Avenue"/>
    <tag k="building" v="residential"/>
  </way>
  <way id="307788608" version="2" timestamp="2014-10-18T22:02:17Z" changeset="26180421" uid="735" user="blackadder">
    <nd ref="3130065219"/>
    <nd ref="3130065222"/>
    <nd ref="3130065225"/>
    <nd ref="3130065330"/>
    <nd ref="3130065223"/>
    <nd ref="3130065226"/>
    <nd ref="3130065211"/>
    <nd ref="3130065207"/>
    <nd ref="3130065203"/>
    <nd ref="3130065201"/>
    <nd ref="3130065204"/>
    <nd ref="3130065219"/>
    <tag k="addr:city" v="Kingsbury"/>
    <tag k="addr:housenumber" v="40"/>
    <tag k="addr:postcode" v="B78 2LG"/>
    <tag k="addr:street" v="Pear Tree Avenue"/>
    <tag k="building" v="residential"/>
  </way>
  <way id="307788609" version="3" timestamp="2014-10-18T22:02:21Z" changeset="26180421" uid="735" user="blackadder">
    <nd ref="3130064988"/>
    <nd ref="3135897934"/>
    <nd ref="3130065025"/>
    <nd ref="3135898429"/>
    <nd ref="3130064970"/>
    <nd ref="3130064960"/>
    <nd ref="3130064929"/>
    <nd ref="3130063526"/>
    <nd ref="3130063522"/>
    <nd ref="3130063516"/>
    <nd ref="3130063520"/>
    <nd ref="3130063519"/>
    <nd ref="3130064934"/>
    <nd ref="3130064931"/>
    <nd ref="3130064988"/>
    <tag k="building" v="yes"/>
    <tag k="leisure" v="social_club"/>
    <tag k="name" v="Kingsbury Community Youth Centre"/>
  </way>
  <way id="307788610" version="2" timestamp="2014-10-18T22:02:12Z" changeset="26180421" uid="735" user="blackadder">
    <nd ref="3130065407"/>
    <nd ref="3130065406"/>
    <nd ref="3130065403"/>
    <nd ref="3130065402"/>
    <nd ref="3130065376"/>
    <nd ref="3130065379"/>
    <nd ref="3130065386"/>
    <nd ref="3130065389"/>
    <nd ref="3130065381"/>
    <nd ref="3130065382"/>
    <nd ref="3130065388"/>
    <nd ref="3130065390"/>
    <nd ref="3130065407"/>
    <tag k="addr:city" v="Kingsbury"/>
    <tag k="addr:postcode" v="B78 2LD"/>
    <tag k="addr:street" v="Tamworth Road"/>
    <tag k="amenity" v="fast_food"/>
    <tag k="building" v="yes"/>
    <tag k="name" v="Atlantic Fish &amp; Chips"/>
  </way>
  <way id="307788611" version="2" timestamp="2014-10-18T22:02:13Z" changeset="26180421" uid="735" user="blackadder">
    <nd ref="3137531302"/>
    <nd ref="3130065731"/>
    <nd ref="3130065737"/>
    <nd ref="3130065735"/>
    <nd ref="3130065748"/>
    <nd ref="3137531303"/>
    <nd ref="3137531302"/>
    <tag k="addr:city" v="Kingsbury"/>
    <tag k="addr:housenumber" v="1"/>
    <tag k="addr:postcode" v="B78 2LA"/>
    <tag k="addr:street" v="Trinity Road"/>
    <tag k="building" v="residential"/>
  </way>
  <way id="307788612" version="4" timestamp="2021-09-21T10:02:05Z" changeset="111486894" uid="5589" user="user_5589">
    <nd ref="3130063484"/>
    <nd ref="3130063486"/>
    <nd ref="3130063482"/>
    <nd ref="3130063483"/>
    <nd ref="3130063487"/>
    <nd ref="3130063489"/>
    <nd ref="3130063477"/>
    <nd ref="3130063476"/>
    <nd ref="3130063473"/>
    <nd ref="3130063475"/>
    <nd ref="3130063467"/>
    <nd ref="3130063462"/>
    <nd ref="3130063470"/>
    <nd ref="3130063469"/>
    <nd ref="3130063466"/>
    <nd ref="3130063464"/>
    <nd ref="3130063480"/>
    <nd ref="3130063481"/>
    <nd ref="3130063484"/>
    <tag k="addr:city" v="Kingsbury"/>
    <tag k="addr:postcode" v="B78 2NR"/>
    <tag k="addr:street" v="Meadow Close"/>
    <tag k="amenity" v="doctors"/>
    <tag k="building" v="yes"/>
    <tag k="healthcare" v="doctor"/>
    <tag k="name" v="Pear Tree Surgery"/>
  </way>
  <way id="307788614" version="2" timestamp="2014-10-18T22:02:13Z" changeset="26180421" uid="735" user="blackadder">
    <nd ref="3130065417"/>
    <nd ref="3130065414"/>
    <nd ref="3130065374"/>
    <nd ref="3130065384"/>
    <nd ref="3130065417"/>
    <tag k="addr:city" v="Kingsbury"/>
    <tag k="addr:housenumber" v="10"/>
    <tag k="addr:postcode" v="B78 2LD"/>
    <tag k="addr:street" v="Tamworth Road"/>
    <tag k="building" v="yes"/>
  </way>
  <way id="307788616" version="2" timestamp="2014-10-18T22:02:19Z" changeset="26180421" uid="735" user="blackadder">
    <nd ref="3130065161"/>
    <nd ref="3130065166"/>
    <nd ref="3130065200"/>
    <nd ref="3130065193"/>
    <nd ref="3130065161"/>
    <tag k="addr:city" v="Kingsbury"/>
    <tag k="addr:housenumber" v="56-63"/>
    <tag k="addr:postcode" v="B78 2LL"/>
    <tag k="addr:street" v="Jubilee Court"/>
    <tag k="building" v="residential"/>
  </way>
  <way id="307788618" version="2" timestamp="2014-10-18T22:02:18Z" changeset="26180421" uid="735" user="blackadder">
    <nd ref="3130065368"/>
    <nd ref="3130065392"/>
    <nd ref="3130065206"/>
    <nd ref="3130065202"/>
    <nd ref="3130065368"/>
    <tag k="addr:city" v="Kingsbury"/>
    <tag k="addr:housenumber" v="48-55"/>
    <tag k="addr:postcode" v="B78 2LL"/>
    <tag k="addr:street" v="Jubilee Court"/>
    <tag k="building" v="residential"/>
  </way>
  <way id="307788621" version="2" timestamp="2014-10-18T21:06:16Z" changeset="26179316" uid="735" user="blackadder">
    <nd ref="3130063491"/>
    <nd ref="3130063478"/>
    <nd ref="3130063479"/>
    <nd ref="3130063492"/>
    <nd ref="3130063491"/>
    <tag k="addr:city" v="Kingsbury"/>
    <tag k="addr:housenumber" v="3"/>
    <tag k="addr:postcode" v="B78 2NT"/>
    <tag k="addr:street" v="Hadleys Croft"/>
    <tag k="building" v="residential"/>
  </way>
  <way id="307788622" version="2" timestamp="2014-10-18T22:02:21Z" changeset="26180421" uid="735" user="blackadder">
    <nd ref="3130065378"/>
    <nd ref="3130065371"/>
    <nd ref="3130065338"/>
    <nd ref="3130065343"/>
    <nd ref="3130065378"/>
    <tag k="addr:city" v="Kingsbury"/>
    <tag k="addr:postcode" v="B78 2LD"/>
    <tag k="addr:street" v="Tamworth Road"/>
    <tag k="building" v="yes"/>
    <tag k="name" v="Kingsbury Garage"/>
    <tag k="shop" v="car"/>
  </way>
  <way id="307788623" version="2" timestamp="2014-10-18T21:06:13Z" changeset="26179316" uid="735" user="blackadder">
    <nd ref="3137460218"/>
    <nd ref="3137460217"/>
    <nd ref="3130063524"/>
    <nd ref="3130063525"/>
    <nd ref="3137460218"/>
    <tag k="addr:city" v="Kingsbury"/>
    <tag k="addr:housenumber" v="14"/>
    <tag k="addr:postcode" v="B78 2NT"/>
    <tag k="addr:street" v="Hadleys Croft"/>
    <tag k="building" v="residential"/>
  </way>
  <way id="307788624" version="2" timestamp="2014-10-18T21:06:13Z" changeset="26179316" uid="735" user="blackadder">
    <nd ref="3137460215"/>
    <nd ref="3130063507"/>
    <nd ref="3130063508"/>
    <nd ref="3137460216"/>
    <nd ref="3137460215"/>
    <tag k="addr:city" v="Kingsbury"/>
    <tag k="addr:housenumber" v="11"/>
    <tag k="addr:postcode" v="B78 2NT"/>
    <tag k="addr:street" v="Hadleys Croft"/>
    <tag k="building" v="residential"/>
  </way>
  <way id="307788626" version="2" timestamp="2014-10-18T21:06:19Z" changeset="26179316" uid="735" user="blackadder">
    <nd ref="3137460213"/>
    <nd ref="3130063488"/>
    <nd ref="3130063490"/>
    <nd ref="3137460214"/>
    <nd ref="3137460213"/>
    <tag k="addr:city" v="Kingsbury"/>
    <tag k="addr:housenumber" v="9"/>
    <tag k="addr:postcode" v="B78 2NT"/>
    <tag k="addr:street" v="Hadleys Croft"/>
    <tag k="building" v="residential"/>
  </way>
  <way id="307788627" version="2" timestamp="2014-10-18T21:06:16Z" changeset="26179316" uid="735" user="blackadder">
    <nd ref="3137460209"/>
    <nd ref="3130063454"/>
    <nd ref="3130063460"/>
    <nd ref="3137460211"/>
    <nd ref="3137460209"/>
    <tag k="addr:city" v="Kingsbury"/>
    <tag k="addr:housenumber" v="4"/>
    <tag k="addr:postcode" v="B78 2NT"/>
    <tag k="addr:street" v="Hadleys Croft"/>
    <tag k="building" v="residential"/>
  </way>
  <way id="307788629" version="2" timestamp="2014-10-18T22:02:14Z" changeset="26180421" uid="735" user="blackadder">
    <nd ref="3130065673"/>
    <nd ref="3130065656"/>
    <nd ref="3130065666"/>
    <nd ref="3130065685"/>
    <nd ref="3130065673"/>
    <tag k="addr:city" v="Kingsbury"/>
    <tag k="addr:housenumber" v="14"/>
    <tag k="addr:postcode" v="B78 2LD"/>
    <tag k="addr:street" v="Tamworth Road"/>
    <tag k="building" v="residential"/>
  </way>
  <way id="307788630" version="2" timestamp="2014-10-18T21:06:12Z" changeset="26179316" uid="735" user="blackadder">
    <nd ref="3130063509"/>
    <nd ref="3130063510"/>
    <nd ref="3130063503"/>
    <nd ref="3130063501"/>
    <nd ref="3130063509"/>
    <tag k="addr:city" v="Kingsbury"/>
    <tag k="addr:housenumber" v="1"/>
    <tag k="addr:postcode" v="B78 2NT"/>
    <tag k="addr:street" v="Hadleys Croft"/>
    <tag k="building" v="residential"/>
  </way>
  <way id="307788631" version="4" timestamp="2014-10-18T22:02:14Z" changeset="26180421" uid="735" user="blackadder">
    <nd ref="3130065213"/>
    <nd ref="3135897979"/>
    <nd ref="3137460224"/>
    <nd ref="3135897957"/>
    <nd ref="3130065135"/>
    <nd ref="3130065142"/>
    <nd ref="3137460225"/>
    <nd ref="3135898009"/>
    <nd ref="3130065224"/>
    <nd ref="3130065213"/>
    <tag k="addr:city" v="Kingsbury"/>
    <tag k="addr:housenumber" v="16-31"/>
    <tag k="addr:postcode" v="B78 2LL"/>
    <tag k="addr:street" v="Jubilee Court"/>
    <tag k="building" v="residential"/>
  </way>
  <way id="307788633" version="3" timestamp="2014-10-18T22:02:17Z" changeset="26180421" uid="735" user="blackadder">
    <nd ref="3130065198"/>
    <nd ref="3135898016"/>
    <nd ref="3135898027"/>
    <nd ref="3130065228"/>
    <nd ref="3130065205"/>
    <nd ref="3135898010"/>
    <nd ref="3135898001"/>
    <nd ref="3130065190"/>
    <nd ref="3130065198"/>
    <tag k="addr:city" v="Kingsbury"/>
    <tag k="addr:housenumber" v="40-47"/>
    <tag k="addr:postcode" v="B78 2LL"/>
    <tag k="addr:street" v="Jubilee Court"/>
    <tag k="building" v="residential"/>
  </way>
  <way id="307788634" version="3" timestamp="2014-10-18T22:02:16Z" changeset="26180421" uid="735" user="blackadder">
    <nd ref="3130065164"/>
    <nd ref="3135897978"/>
    <nd ref="3135897985"/>
    <nd ref="3130065182"/>
    <nd ref="3130065171"/>
    <nd ref="3135897977"/>
    <nd ref="3135897964"/>
    <nd ref="3130065149"/>
    <nd ref="3130065164"/>
    <tag k="addr:city" v="Kingsbury"/>
    <tag k="addr:housenumber" v="32-39"/>
    <tag k="addr:postcode" v="B78 2LL"/>
    <tag k="addr:street" v="Jubilee Court"/>
    <tag k="building" v="residential"/>
  </way>
  <way id="307788635" version="4" timestamp="2024-06-30T16:56:35Z" changeset="153377732" uid="13078383" user="Keith Barnett">
    <nd ref="3130065359"/>
    <nd ref="3130065357"/>
    <nd ref="3130065341"/>
    <nd ref="3130065342"/>
    <nd ref="3130065359"/>
    <tag k="amenity" v="fuel"/>
    <tag k="building" v="yes"/>
    <tag k="compressed_air" v="no"/>
    <tag k="name" v="Kingsbury Garage"/>
  </way>
  <way id="307788636" version="2" timestamp="2014-10-18T21:06:15Z" changeset="26179316" uid="735" user="blackadder">
    <nd ref="3130063499"/>
    <nd ref="3130063500"/>
    <nd ref="3130063492"/>
    <nd ref="3130063491"/>
    <nd ref="3130063499"/>
    <tag k="addr:city" v="Kingsbury"/>
    <tag k="addr:housenumber" v="2"/>
    <tag k="addr:postcode" v="B78 2NT"/>
    <tag k="addr:street" v="Hadleys Croft"/>
    <tag k="building" v="residential"/>
  </way>
  <way id="307788639" version="2" timestamp="2014-10-18T21:06:18Z" changeset="26179316" uid="735" user="blackadder">
    <nd ref="3137460212"/>
    <nd ref="3137460210"/>
    <nd ref="3130063457"/>
    <nd ref="3130063465"/>
    <nd ref="3137460212"/>
    <tag k="addr:city" v="Kingsbury"/>
    <tag k="addr:housenumber" v="6"/>
    <tag k="addr:postcode" v="B78 2NT"/>
    <tag k="addr:street" v="Hadleys Croft"/>
    <tag k="building" v="residential"/>
  </way>
  <way id="307788641" version="2" timestamp="2014-10-18T22:02:20Z" changeset="26180421" uid="735" user="blackadder">
    <nd ref="3130065956"/>
    <nd ref="3130065963"/>
    <nd ref="3130065941"/>
    <nd ref="3130065933"/>
    <nd ref="3130065955"/>
    <nd ref="3130065956"/>
    <tag k="addr:city" v="Kingsbury"/>
    <tag k="addr:housenumber" v="60"/>
    <tag k="addr:postcode" v="B78 2LQ"/>
    <tag k="addr:street" v="Pear Tree Avenue"/>
    <tag k="building" v="residential"/>
  </way>
  <way id="307788642" version="2" timestamp="2014-10-18T22:02:19Z" changeset="26180421" uid="735" user="blackadder">
    <nd ref="3130065085"/>
    <nd ref="3130065091"/>
    <nd ref="3130065080"/>
    <nd ref="3130065076"/>
    <nd ref="3130065070"/>
    <nd ref="3130065085"/>
    <tag k="addr:city" v="Kingsbury"/>
    <tag k="addr:housenumber" v="52"/>
    <tag k="addr:postcode" v="B78 2LQ"/>
    <tag k="addr:street" v="Pear Tree Avenue"/>
    <tag k="building" v="residential"/>
  </way>
  <way id="307788643" version="2" timestamp="2014-10-18T22:02:19Z" changeset="26180421" uid="735" user="blackadder">
    <nd ref="3130065119"/>
    <nd ref="3130065127"/>
    <nd ref="3130065107"/>
    <nd ref="3130065099"/>
    <nd ref="3130065118"/>
    <nd ref="3130065119"/>
    <tag k="addr:city" v="Kingsbury"/>
    <tag k="addr:housenumber" v="56"/>
    <tag k="addr:postcode" v="B78 2LQ"/>
    <tag k="addr:street" v="Pear Tree Avenue"/>
    <tag k="building" v="residential"/>
  </way>
  <way id="307788644" version="2" timestamp="2014-10-18T22:02:19Z" changeset="26180421" uid="735" user="blackadder">
    <nd ref="3130065112"/>
    <nd ref="3130065118"/>
    <nd ref="3130065099"/>
    <nd ref="3130065098"/>
    <nd ref="3130065093"/>
    <nd ref="3130065109"/>
    <nd ref="3130065112"/>
    <tag k="addr:city" v="Kingsbury"/>
    <tag k="addr:housenumber" v="55"/>
    <tag k="addr:postcode" v="B78 2LQ"/>
    <tag k="addr:street" v="Pear Tree Avenue"/>
    <tag k="building" v="residential"/>
  </way>
  <way id="307788645" version="2" timestamp="2014-10-18T22:02:19Z" changeset="26180421" uid="735" user="blackadder">
    <nd ref="3130065104"/>
    <nd ref="3130065109"/>
    <nd ref="3130065093"/>
    <nd ref="3130065088"/>
    <nd ref="3130065083"/>
    <nd ref="3130065100"/>
    <nd ref="3130065104"/>
    <tag k="addr:city" v="Kingsbury"/>
    <tag k="addr:housenumber" v="54"/>
    <tag k="addr:postcode" v="B78 2LQ"/>
    <tag k="addr:street" v="Pear Tree Avenue"/>
    <tag k="building" v="residential"/>
  </way>
  <way id="307788646" version="2" timestamp="2014-10-18T22:02:19Z" changeset="26180421" uid="735" user="blackadder">
    <nd ref="3130065096"/>
    <nd ref="3130065100"/>
    <nd ref="3130065083"/>
    <nd ref="3130065082"/>
    <nd ref="3130065080"/>
    <nd ref="3130065091"/>
    <nd ref="3130065096"/>
    <tag k="addr:city" v="Kingsbury"/>
    <tag k="addr:housenumber" v="53"/>
    <tag k="addr:postcode" v="B78 2LQ"/>
    <tag k="addr:street" v="Pear Tree Avenue"/>
    <tag k="building" v="residential"/>
  </way>
  <way id="307788647" version="2" timestamp="2014-10-18T22:02:15Z" changeset="26180421" uid="735" user="blackadder">
    <nd ref="3130065419"/>
    <nd ref="3130065397"/>
    <nd ref="3130065372"/>
    <nd ref="3130065395"/>
    <nd ref="3130065399"/>
    <nd ref="3130065410"/>
    <nd ref="3130065419"/>
    <tag k="addr:city" v="Kingsbury"/>
    <tag k="addr:housenumber" v="24"/>
    <tag k="addr:postcode" v="B78 2LG"/>
    <tag k="addr:street" v="Pear Tree Avenue"/>
    <tag k="building" v="residential"/>
  </way>
  <way id="307788648" version="2" timestamp="2014-10-18T22:02:15Z" changeset="26180421" uid="735" user="blackadder">
    <nd ref="3130065157"/>
    <nd ref="3130065144"/>
    <nd ref="3130065136"/>
    <nd ref="3130065143"/>
    <nd ref="3130065146"/>
    <nd ref="3130065153"/>
    <nd ref="3130065157"/>
    <tag k="addr:city" v="Kingsbury"/>
    <tag k="addr:housenumber" v="19"/>
    <tag k="addr:postcode" v="B78 2LG"/>
    <tag k="addr:street" v="Pear Tree Avenue"/>
    <tag k="building" v="residential"/>
  </way>
  <way id="307788649" version="2" timestamp="2014-10-18T22:02:14Z" changeset="26180421" uid="735" user="blackadder">
    <nd ref="3130065705"/>
    <nd ref="3130065696"/>
    <nd ref="3130065683"/>
    <nd ref="3130065679"/>
    <nd ref="3130065673"/>
    <nd ref="3130065685"/>
    <nd ref="3130065705"/>
    <tag k="addr:city" v="Kingsbury"/>
    <tag k="addr:housenumber" v="16"/>
    <tag k="addr:postcode" v="B78 2LD"/>
    <tag k="addr:street" v="Tamworth Road"/>
    <tag k="building" v="residential"/>
  </way>
  <way id="307788650" version="2" timestamp="2014-10-18T22:02:19Z" changeset="26180421" uid="735" user="blackadder">
    <nd ref="3130065184"/>
    <nd ref="3130065189"/>
    <nd ref="3130065178"/>
    <nd ref="3130065174"/>
    <nd ref="3130065180"/>
    <nd ref="3130065179"/>
    <nd ref="3130065184"/>
    <tag k="addr:city" v="Kingsbury"/>
    <tag k="addr:housenumber" v="6"/>
    <tag k="addr:postcode" v="B78 2LG"/>
    <tag k="addr:street" v="Pear Tree Avenue"/>
    <tag k="building" v="residential"/>
  </way>
  <way id="307788651" version="2" timestamp="2014-10-18T22:02:19Z" changeset="26180421" uid="735" user="blackadder">
    <nd ref="3130065947"/>
    <nd ref="3130065955"/>
    <nd ref="3130065933"/>
    <nd ref="3130065930"/>
    <nd ref="3130065126"/>
    <nd ref="3130065943"/>
    <nd ref="3130065947"/>
    <tag k="addr:city" v="Kingsbury"/>
    <tag k="addr:housenumber" v="59"/>
    <tag k="addr:postcode" v="B78 2LQ"/>
    <tag k="addr:street" v="Pear Tree Avenue"/>
    <tag k="building" v="residential"/>
  </way>
  <way id="307788652" version="2" timestamp="2014-10-18T22:02:20Z" changeset="26180421" uid="735" user="blackadder">
    <nd ref="3130065959"/>
    <nd ref="3130065936"/>
    <nd ref="3130065124"/>
    <nd ref="3130065932"/>
    <nd ref="3130065939"/>
    <nd ref="3130065951"/>
    <nd ref="3130065959"/>
    <tag k="addr:city" v="Kingsbury"/>
    <tag k="addr:housenumber" v="61"/>
    <tag k="addr:postcode" v="B78 2LQ"/>
    <tag k="addr:street" v="Pear Tree Avenue"/>
    <tag k="building" v="residential"/>
  </way>
  <way id="307788653" version="2" timestamp="2014-10-18T22:02:14Z" changeset="26180421" uid="735" user="blackadder">
    <nd ref="3130065742"/>
    <nd ref="3130065736"/>
    <nd ref="3130065716"/>
    <nd ref="3130065700"/>
    <nd ref="3130065691"/>
    <nd ref="3130065709"/>
    <nd ref="3130065742"/>
    <tag k="addr:city" v="Kingsbury"/>
    <tag k="addr:housenumber" v="18"/>
    <tag k="addr:postcode" v="B78 2LD"/>
    <tag k="addr:street" v="Tamworth Road"/>
    <tag k="building" v="residential"/>
  </way>
  <way id="307788655" version="2" timestamp="2014-10-18T22:02:19Z" changeset="26180421" uid="735" user="blackadder">
    <nd ref="3130065938"/>
    <nd ref="3130065943"/>
    <nd ref="3130065126"/>
    <nd ref="3130065123"/>
    <nd ref="3130065117"/>
    <nd ref="3130065935"/>
    <nd ref="3130065938"/>
    <tag k="addr:city" v="Kingsbury"/>
    <tag k="addr:housenumber" v="58"/>
    <tag k="addr:postcode" v="B78 2LQ"/>
    <tag k="addr:street" v="Pear Tree Avenue"/>
    <tag k="building" v="residential"/>
  </way>
  <way id="307788656" version="2" timestamp="2014-10-18T22:02:17Z" changeset="26180421" uid="735" user="blackadder">
    <nd ref="3130065013"/>
    <nd ref="3130065000"/>
    <nd ref="3130065005"/>
    <nd ref="3130064995"/>
    <nd ref="3130064982"/>
    <nd ref="3130065007"/>
    <nd ref="3130065013"/>
    <tag k="addr:city" v="Kingsbury"/>
    <tag k="addr:housenumber" v="4"/>
    <tag k="addr:postcode" v="B78 2LG"/>
    <tag k="addr:street" v="Pear Tree Avenue"/>
    <tag k="building" v="residential"/>
  </way>
  <way id="307788658" version="2" timestamp="2014-10-18T22:02:20Z" changeset="26180421" uid="735" user="blackadder">
    <nd ref="3130065984"/>
    <nd ref="3130065974"/>
    <nd ref="3130065968"/>
    <nd ref="3130065965"/>
    <nd ref="3130065973"/>
    <nd ref="3130065976"/>
    <nd ref="3130065982"/>
    <nd ref="3130065984"/>
    <tag k="addr:city" v="Kingsbury"/>
    <tag k="addr:housenumber" v="63"/>
    <tag k="addr:postcode" v="B78 2LQ"/>
    <tag k="addr:street" v="Pear Tree Avenue"/>
    <tag k="building" v="residential"/>
  </way>
  <way id="307788659" version="2" timestamp="2014-10-18T22:02:16Z" changeset="26180421" uid="735" user="blackadder">
    <nd ref="3130065740"/>
    <nd ref="3130065718"/>
    <nd ref="3130065712"/>
    <nd ref="3130065702"/>
    <nd ref="3130065717"/>
    <nd ref="3130065721"/>
    <nd ref="3130065732"/>
    <nd ref="3130065740"/>
    <tag k="addr:city" v="Kingsbury"/>
    <tag k="addr:housenumber" v="28"/>
    <tag k="addr:postcode" v="B78 2LG"/>
    <tag k="addr:street" v="Pear Tree Avenue"/>
    <tag k="building" v="residential"/>
  </way>
  <way id="307788660" version="2" timestamp="2014-10-18T22:02:15Z" changeset="26180421" uid="735" user="blackadder">
    <nd ref="3130065208"/>
    <nd ref="3130065217"/>
    <nd ref="3130065196"/>
    <nd ref="3130065194"/>
    <nd ref="3130065191"/>
    <nd ref="3130065195"/>
    <nd ref="3130065199"/>
    <nd ref="3130065208"/>
    <tag k="addr:city" v="Kingsbury"/>
    <tag k="addr:housenumber" v="23"/>
    <tag k="addr:postcode" v="B78 2LG"/>
    <tag k="addr:street" v="Pear Tree Avenue"/>
    <tag k="building" v="residential"/>
  </way>
  <way id="307788661" version="2" timestamp="2014-10-18T22:02:15Z" changeset="26180421" uid="735" user="blackadder">
    <nd ref="3130065712"/>
    <nd ref="3130065682"/>
    <nd ref="3130065677"/>
    <nd ref="3130065670"/>
    <nd ref="3130065680"/>
    <nd ref="3130065684"/>
    <nd ref="3130065702"/>
    <nd ref="3130065712"/>
    <tag k="addr:city" v="Kingsbury"/>
    <tag k="addr:housenumber" v="27"/>
    <tag k="addr:postcode" v="B78 2LG"/>
    <tag k="addr:street" v="Pear Tree Avenue"/>
    <tag k="building" v="residential"/>
  </way>
  <way id="307788662" version="2" timestamp="2014-10-18T22:02:20Z" changeset="26180421" uid="735" user="blackadder">
    <nd ref="3130065974"/>
    <nd ref="3130065959"/>
    <nd ref="3130065951"/>
    <nd ref="3130065946"/>
    <nd ref="3130065957"/>
    <nd ref="3130065962"/>
    <nd ref="3130065968"/>
    <nd ref="3130065974"/>
    <tag k="addr:city" v="Kingsbury"/>
    <tag k="addr:housenumber" v="62"/>
    <tag k="addr:postcode" v="B78 2LQ"/>
    <tag k="addr:street" v="Pear Tree Avenue"/>
    <tag k="building" v="residential"/>
  </way>
  <way id="307788663" version="2" timestamp="2014-10-18T22:02:15Z" changeset="26180421" uid="735" user="blackadder">
    <nd ref="3130065194"/>
    <nd ref="3130065187"/>
    <nd ref="3130065185"/>
    <nd ref="3130065183"/>
    <nd ref="3130065186"/>
    <nd ref="3130065188"/>
    <nd ref="3130065191"/>
    <nd ref="3130065194"/>
    <tag k="addr:city" v="Kingsbury"/>
    <tag k="addr:housenumber" v="22"/>
    <tag k="addr:postcode" v="B78 2LG"/>
    <tag k="addr:street" v="Pear Tree Avenue"/>
    <tag k="building" v="residential"/>
  </way>
  <way id="307788664" version="2" timestamp="2014-10-18T22:02:15Z" changeset="26180421" uid="735" user="blackadder">
    <nd ref="3130065173"/>
    <nd ref="3130065160"/>
    <nd ref="3130065157"/>
    <nd ref="3130065153"/>
    <nd ref="3130065159"/>
    <nd ref="3130065162"/>
    <nd ref="3130065170"/>
    <nd ref="3130065173"/>
    <tag k="addr:city" v="Kingsbury"/>
    <tag k="addr:housenumber" v="20"/>
    <tag k="addr:postcode" v="B78 2LG"/>
    <tag k="addr:street" v="Pear Tree Avenue"/>
    <tag k="building" v="residential"/>
  </way>
  <way id="307788665" version="2" timestamp="2014-10-18T22:02:13Z" changeset="26180421" uid="735" user="blackadder">
    <nd ref="3130064936"/>
    <nd ref="3130063527"/>
    <nd ref="3130064930"/>
    <nd ref="3130063523"/>
    <nd ref="3130063521"/>
    <nd ref="3130064932"/>
    <nd ref="3130064933"/>
    <nd ref="3130064936"/>
    <tag k="addr:city" v="Kingsbury"/>
    <tag k="addr:housenumber" v="1"/>
    <tag k="addr:postcode" v="B78 2LG"/>
    <tag k="addr:street" v="Pear Tree Avenue"/>
    <tag k="building" v="residential"/>
  </way>
  <way id="307788666" version="2" timestamp="2014-10-18T22:02:15Z" changeset="26180421" uid="735" user="blackadder">
    <nd ref="3130065677"/>
    <nd ref="3130065657"/>
    <nd ref="3130065651"/>
    <nd ref="3130065645"/>
    <nd ref="3130065654"/>
    <nd ref="3130065659"/>
    <nd ref="3130065670"/>
    <nd ref="3130065677"/>
    <tag k="addr:city" v="Kingsbury"/>
    <tag k="addr:housenumber" v="26"/>
    <tag k="addr:postcode" v="B78 2LG"/>
    <tag k="addr:street" v="Pear Tree Avenue"/>
    <tag k="building" v="residential"/>
  </way>
  <way id="307788667" version="2" timestamp="2014-10-18T22:02:15Z" changeset="26180421" uid="735" user="blackadder">
    <nd ref="3130065651"/>
    <nd ref="3130065424"/>
    <nd ref="3130065419"/>
    <nd ref="3130065410"/>
    <nd ref="3130065423"/>
    <nd ref="3130065427"/>
    <nd ref="3130065645"/>
    <nd ref="3130065651"/>
    <tag k="addr:city" v="Kingsbury"/>
    <tag k="addr:housenumber" v="25"/>
    <tag k="addr:postcode" v="B78 2LG"/>
    <tag k="addr:street" v="Pear Tree Avenue"/>
    <tag k="building" v="residential"/>
  </way>
  <way id="307788668" version="2" timestamp="2014-10-18T22:02:15Z" changeset="26180421" uid="735" user="blackadder">
    <nd ref="3130065185"/>
    <nd ref="3130065176"/>
    <nd ref="3130065173"/>
    <nd ref="3130065170"/>
    <nd ref="3130065175"/>
    <nd ref="3130065177"/>
    <nd ref="3130065183"/>
    <nd ref="3130065185"/>
    <tag k="addr:city" v="Kingsbury"/>
    <tag k="addr:housenumber" v="21"/>
    <tag k="addr:postcode" v="B78 2LG"/>
    <tag k="addr:street" v="Pear Tree Avenue"/>
    <tag k="building" v="residential"/>
  </way>
  <way id="307788669" version="2" timestamp="2014-10-18T22:02:15Z" changeset="26180421" uid="735" user="blackadder">
    <nd ref="3130064963"/>
    <nd ref="3130064945"/>
    <nd ref="3130064949"/>
    <nd ref="3130064940"/>
    <nd ref="3130064936"/>
    <nd ref="3130064933"/>
    <nd ref="3130064952"/>
    <nd ref="3130064963"/>
    <tag k="addr:city" v="Kingsbury"/>
    <tag k="addr:housenumber" v="2"/>
    <tag k="addr:postcode" v="B78 2LG"/>
    <tag k="addr:street" v="Pear Tree Avenue"/>
    <tag k="building" v="residential"/>
  </way>
  <way id="307788670" version="3" timestamp="2017-04-08T18:41:58Z" changeset="47575693" uid="133272" user="wongataa">
    <nd ref="3130065151"/>
    <nd ref="3130065138"/>
    <nd ref="3130065137"/>
    <nd ref="3130065134"/>
    <nd ref="3130065141"/>
    <nd ref="3130065139"/>
    <nd ref="3130065145"/>
    <nd ref="3130065147"/>
    <nd ref="3130065151"/>
    <tag k="addr:city" v="Kingsbury"/>
    <tag k="addr:housenumber" v="9"/>
    <tag k="addr:postcode" v="B78 2LG"/>
    <tag k="addr:street" v="Pear Tree Avenue"/>
    <tag k="building" v="residential"/>
  </way>
  <way id="307788671" version="2" timestamp="2014-10-18T22:02:16Z" changeset="26180421" uid="735" user="blackadder">
    <nd ref="3130065073"/>
    <nd ref="3130065078"/>
    <nd ref="3130065744"/>
    <nd ref="3130065740"/>
    <nd ref="3130065732"/>
    <nd ref="3130065741"/>
    <nd ref="3130065746"/>
    <nd ref="3130065073"/>
    <tag k="addr:city" v="Kingsbury"/>
    <tag k="addr:housenumber" v="29"/>
    <tag k="addr:postcode" v="B78 2LG"/>
    <tag k="addr:street" v="Pear Tree Avenue"/>
    <tag k="building" v="residential"/>
  </way>
  <way id="307788672" version="2" timestamp="2014-10-18T22:02:14Z" changeset="26180421" uid="735" user="blackadder">
    <nd ref="3130065020"/>
    <nd ref="3130065002"/>
    <nd ref="3130064994"/>
    <nd ref="3130065008"/>
    <nd ref="3130065004"/>
    <nd ref="3130065012"/>
    <nd ref="3130065017"/>
    <nd ref="3130065020"/>
    <tag k="addr:city" v="Kingsbury"/>
    <tag k="addr:housenumber" v="11"/>
    <tag k="addr:postcode" v="B78 2LG"/>
    <tag k="addr:street" v="Pear Tree Avenue"/>
    <tag k="building" v="residential"/>
  </way>
  <way id="307788673" version="2" timestamp="2014-10-18T22:02:20Z" changeset="26180421" uid="735" user="blackadder">
    <nd ref="3130065158"/>
    <nd ref="3130065163"/>
    <nd ref="3130065165"/>
    <nd ref="3130065151"/>
    <nd ref="3130065147"/>
    <nd ref="3130065154"/>
    <nd ref="3130065152"/>
    <nd ref="3130065158"/>
    <tag k="addr:city" v="Kingsbury"/>
    <tag k="addr:housenumber" v="8"/>
    <tag k="addr:postcode" v="B78 2LG"/>
    <tag k="addr:street" v="Pear Tree Avenue"/>
    <tag k="building" v="residential"/>
  </way>
  <way id="307788674" version="3" timestamp="2017-04-08T18:41:58Z" changeset="47575693" uid="133272" user="wongataa">
    <nd ref="3130065131"/>
    <nd ref="3130065134"/>
    <nd ref="3130065137"/>
    <nd ref="3130065020"/>
    <nd ref="3130065017"/>
    <nd ref="3130065026"/>
    <nd ref="3130065022"/>
    <nd ref="3130065131"/>
    <tag k="addr:city" v="Kingsbury"/>
    <tag k="addr:housenumber" v="10"/>
    <tag k="addr:postcode" v="B78 2LG"/>
    <tag k="addr:street" v="Pear Tree Avenue"/>
    <tag k="building" v="residential"/>
  </way>
  <way id="307788675" version="2" timestamp="2014-10-18T22:02:16Z" changeset="26180421" uid="735" user="blackadder">
    <nd ref="3130065370"/>
    <nd ref="3130065375"/>
    <nd ref="3130065391"/>
    <nd ref="3130065396"/>
    <nd ref="3130065387"/>
    <nd ref="3130065393"/>
    <nd ref="3130065362"/>
    <nd ref="3130065354"/>
    <nd ref="3130065370"/>
    <tag k="addr:city" v="Kingsbury"/>
    <tag k="addr:housenumber" v="34"/>
    <tag k="addr:postcode" v="B78 2LG"/>
    <tag k="addr:street" v="Pear Tree Avenue"/>
    <tag k="building" v="residential"/>
  </way>
  <way id="307788676" version="4" timestamp="2021-09-21T10:02:05Z" changeset="111486894" uid="5589" user="user_5589">
    <nd ref="3130065010"/>
    <nd ref="3130064997"/>
    <nd ref="3130064966"/>
    <nd ref="3130064957"/>
    <nd ref="3130065006"/>
    <nd ref="3130065010"/>
    <tag k="amenity" v="pharmacy"/>
    <tag k="brand" v="Lloyds Pharmacy"/>
    <tag k="brand:wikidata" v="Q6662870"/>
    <tag k="brand:wikipedia" v="en:LloydsPharmacy"/>
    <tag k="building" v="yes"/>
    <tag k="healthcare" v="pharmacy"/>
    <tag k="name" v="Lloyds Pharmacy"/>
  </way>
  <way id="307788677" version="2" timestamp="2014-10-18T22:02:16Z" changeset="26180421" uid="735" user="blackadder">
    <nd ref="3130065714"/>
    <nd ref="3130065725"/>
    <nd ref="3130065703"/>
    <nd ref="3130065698"/>
    <nd ref="3130065690"/>
    <nd ref="3130065686"/>
    <nd ref="3130065695"/>
    <nd ref="3130065693"/>
    <nd ref="3130065714"/>
    <tag k="addr:city" v="Kingsbury"/>
    <tag k="addr:housenumber" v="33"/>
    <tag k="addr:postcode" v="B78 2LG"/>
    <tag k="addr:street" v="Pear Tree Avenue"/>
    <tag k="building" v="residential"/>
  </way>
  <way id="307788678" version="2" timestamp="2014-10-18T22:02:16Z" changeset="26180421" uid="735" user="blackadder">
    <nd ref="3130064977"/>
    <nd ref="3130064987"/>
    <nd ref="3130064974"/>
    <nd ref="3130064979"/>
    <nd ref="3130064968"/>
    <nd ref="3130064963"/>
    <nd ref="3130064952"/>
    <nd ref="3130064947"/>
    <nd ref="3130064977"/>
    <tag k="addr:city" v="Kingsbury"/>
    <tag k="addr:housenumber" v="3"/>
    <tag k="addr:postcode" v="B78 2LG"/>
    <tag k="addr:street" v="Pear Tree Avenue"/>
    <tag k="building" v="residential"/>
  </way>
  <way id="307788679" version="2" timestamp="2014-10-18T22:02:14Z" changeset="26180421" uid="735" user="blackadder">
    <nd ref="3130064992"/>
    <nd ref="3130064989"/>
    <nd ref="3130064984"/>
    <nd ref="3130064981"/>
    <nd ref="3130064986"/>
    <nd ref="3130064983"/>
    <nd ref="3130064999"/>
    <nd ref="3130065009"/>
    <nd ref="3130064992"/>
    <tag k="addr:city" v="Kingsbury"/>
    <tag k="addr:housenumber" v="17"/>
    <tag k="addr:postcode" v="B78 2LG"/>
    <tag k="addr:street" v="Pear Tree Avenue"/>
    <tag k="building" v="residential"/>
  </way>
  <way id="307788680" version="2" timestamp="2014-10-18T22:02:18Z" changeset="26180421" uid="735" user="blackadder">
    <nd ref="3130065649"/>
    <nd ref="3130065629"/>
    <nd ref="3130065418"/>
    <nd ref="3130065426"/>
    <nd ref="3130065420"/>
    <nd ref="3130065631"/>
    <nd ref="3130065635"/>
    <nd ref="3130065639"/>
    <nd ref="3130065649"/>
    <tag k="addr:city" v="Kingsbury"/>
    <tag k="addr:housenumber" v="44"/>
    <tag k="addr:postcode" v="B78 2LQ"/>
    <tag k="addr:street" v="Pear Tree Avenue"/>
    <tag k="building" v="residential"/>
  </way>
  <way id="307788683" version="2" timestamp="2014-10-18T22:02:17Z" changeset="26180421" uid="735" user="blackadder">
    <nd ref="3130065335"/>
    <nd ref="3130065336"/>
    <nd ref="3130065344"/>
    <nd ref="3130065346"/>
    <nd ref="3130065340"/>
    <nd ref="3130065345"/>
    <nd ref="3130065329"/>
    <nd ref="3130065220"/>
    <nd ref="3130065335"/>
    <tag k="addr:city" v="Kingsbury"/>
    <tag k="addr:housenumber" v="38"/>
    <tag k="addr:postcode" v="B78 2LG"/>
    <tag k="addr:street" v="Pear Tree Avenue"/>
    <tag k="building" v="residential"/>
  </way>
  <way id="307788684" version="2" timestamp="2014-10-18T22:02:14Z" changeset="26180421" uid="735" user="blackadder">
    <nd ref="3130065001"/>
    <nd ref="3130064998"/>
    <nd ref="3130064993"/>
    <nd ref="3130064990"/>
    <nd ref="3130064996"/>
    <nd ref="3130064992"/>
    <nd ref="3130065009"/>
    <nd ref="3130065018"/>
    <nd ref="3130065001"/>
    <tag k="addr:city" v="Kingsbury"/>
    <tag k="addr:housenumber" v="18"/>
    <tag k="addr:postcode" v="B78 2LG"/>
    <tag k="addr:street" v="Pear Tree Avenue"/>
    <tag k="building" v="residential"/>
  </way>
  <way id="307788685" version="2" timestamp="2014-10-18T22:02:18Z" changeset="26180421" uid="735" user="blackadder">
    <nd ref="3130065661"/>
    <nd ref="3130065669"/>
    <nd ref="3130065658"/>
    <nd ref="3130065652"/>
    <nd ref="3130065643"/>
    <nd ref="3130065638"/>
    <nd ref="3130065648"/>
    <nd ref="3130065646"/>
    <nd ref="3130065661"/>
    <tag k="addr:city" v="Kingsbury"/>
    <tag k="addr:housenumber" v="48"/>
    <tag k="addr:postcode" v="B78 2LQ"/>
    <tag k="addr:street" v="Pear Tree Avenue"/>
    <tag k="building" v="residential"/>
  </way>
  <way id="307788686" version="2" timestamp="2014-10-18T22:02:17Z" changeset="26180421" uid="735" user="blackadder">
    <nd ref="3130065347"/>
    <nd ref="3130065350"/>
    <nd ref="3130065352"/>
    <nd ref="3130065355"/>
    <nd ref="3130065351"/>
    <nd ref="3130065353"/>
    <nd ref="3130065339"/>
    <nd ref="3130065332"/>
    <nd ref="3130065347"/>
    <tag k="addr:city" v="Kingsbury"/>
    <tag k="addr:housenumber" v="37"/>
    <tag k="addr:postcode" v="B78 2LG"/>
    <tag k="addr:street" v="Pear Tree Avenue"/>
    <tag k="building" v="residential"/>
  </way>
  <way id="307788687" version="2" timestamp="2014-10-18T22:02:18Z" changeset="26180421" uid="735" user="blackadder">
    <nd ref="3130065667"/>
    <nd ref="3130065649"/>
    <nd ref="3130065639"/>
    <nd ref="3130065647"/>
    <nd ref="3130065642"/>
    <nd ref="3130065650"/>
    <nd ref="3130065655"/>
    <nd ref="3130065660"/>
    <nd ref="3130065667"/>
    <tag k="addr:city" v="Kingsbury"/>
    <tag k="addr:housenumber" v="45"/>
    <tag k="addr:postcode" v="B78 2LQ"/>
    <tag k="addr:street" v="Pear Tree Avenue"/>
    <tag k="building" v="residential"/>
  </way>
  <way id="307788688" version="2" timestamp="2014-10-18T22:02:16Z" changeset="26180421" uid="735" user="blackadder">
    <nd ref="3130065725"/>
    <nd ref="3130065730"/>
    <nd ref="3130065715"/>
    <nd ref="3130065708"/>
    <nd ref="3130065699"/>
    <nd ref="3130065697"/>
    <nd ref="3130065704"/>
    <nd ref="3130065703"/>
    <nd ref="3130065725"/>
    <tag k="addr:city" v="Kingsbury"/>
    <tag k="addr:housenumber" v="32"/>
    <tag k="addr:postcode" v="B78 2LG"/>
    <tag k="addr:street" v="Pear Tree Avenue"/>
    <tag k="building" v="residential"/>
  </way>
  <way id="307788689" version="2" timestamp="2014-10-18T22:02:18Z" changeset="26180421" uid="735" user="blackadder">
    <nd ref="3130065629"/>
    <nd ref="3130065405"/>
    <nd ref="3130065400"/>
    <nd ref="3130065404"/>
    <nd ref="3130065401"/>
    <nd ref="3130065408"/>
    <nd ref="3130065411"/>
    <nd ref="3130065418"/>
    <nd ref="3130065629"/>
    <tag k="addr:city" v="Kingsbury"/>
    <tag k="addr:housenumber" v="43"/>
    <tag k="addr:postcode" v="B78 2LQ"/>
    <tag k="addr:street" v="Pear Tree Avenue"/>
    <tag k="building" v="residential"/>
  </way>
  <way id="307788690" version="2" timestamp="2014-10-18T22:02:16Z" changeset="26180421" uid="735" user="blackadder">
    <nd ref="3130065730"/>
    <nd ref="3130065738"/>
    <nd ref="3130065726"/>
    <nd ref="3130065723"/>
    <nd ref="3130065711"/>
    <nd ref="3130065706"/>
    <nd ref="3130065719"/>
    <nd ref="3130065715"/>
    <nd ref="3130065730"/>
    <tag k="addr:city" v="Kingsbury"/>
    <tag k="addr:housenumber" v="31"/>
    <tag k="addr:postcode" v="B78 2LG"/>
    <tag k="addr:street" v="Pear Tree Avenue"/>
    <tag k="building" v="residential"/>
  </way>
  <way id="307788692" version="2" timestamp="2014-10-18T22:02:19Z" changeset="26180421" uid="735" user="blackadder">
    <nd ref="3130065644"/>
    <nd ref="3130065653"/>
    <nd ref="3130065636"/>
    <nd ref="3130065632"/>
    <nd ref="3130065422"/>
    <nd ref="3130065416"/>
    <nd ref="3130065428"/>
    <nd ref="3130065425"/>
    <nd ref="3130065644"/>
    <tag k="addr:city" v="Kingsbury"/>
    <tag k="addr:housenumber" v="50"/>
    <tag k="addr:postcode" v="B78 2LQ"/>
    <tag k="addr:street" v="Pear Tree Avenue"/>
    <tag k="building" v="residential"/>
  </way>
  <way id="307788693" version="2" timestamp="2014-10-18T22:02:20Z" changeset="26180421" uid="735" user="blackadder">
    <nd ref="3130065178"/>
    <nd ref="3130065167"/>
    <nd ref="3130065165"/>
    <nd ref="3130065163"/>
    <nd ref="3130065169"/>
    <nd ref="3130065168"/>
    <nd ref="3130065172"/>
    <nd ref="3130065174"/>
    <nd ref="3130065178"/>
    <tag k="addr:city" v="Kingsbury"/>
    <tag k="addr:housenumber" v="7"/>
    <tag k="addr:postcode" v="B78 2LG"/>
    <tag k="addr:street" v="Pear Tree Avenue"/>
    <tag k="building" v="residential"/>
  </way>
  <way id="307788694" version="2" timestamp="2014-10-18T22:02:18Z" changeset="26180421" uid="735" user="blackadder">
    <nd ref="3130065210"/>
    <nd ref="3130065212"/>
    <nd ref="3130065218"/>
    <nd ref="3130065221"/>
    <nd ref="3130065216"/>
    <nd ref="3130065219"/>
    <nd ref="3130065204"/>
    <nd ref="3130065197"/>
    <nd ref="3130065210"/>
    <tag k="addr:city" v="Kingsbury"/>
    <tag k="addr:housenumber" v="41"/>
    <tag k="addr:postcode" v="B78 2LG"/>
    <tag k="addr:street" v="Pear Tree Avenue"/>
    <tag k="building" v="residential"/>
  </way>
  <way id="307788695" version="2" timestamp="2014-10-18T22:02:18Z" changeset="26180421" uid="735" user="blackadder">
    <nd ref="3130065653"/>
    <nd ref="3130065661"/>
    <nd ref="3130065646"/>
    <nd ref="3130065641"/>
    <nd ref="3130065633"/>
    <nd ref="3130065630"/>
    <nd ref="3130065637"/>
    <nd ref="3130065636"/>
    <nd ref="3130065653"/>
    <tag k="addr:city" v="Kingsbury"/>
    <tag k="addr:housenumber" v="49"/>
    <tag k="addr:postcode" v="B78 2LQ"/>
    <tag k="addr:street" v="Pear Tree Avenue"/>
    <tag k="building" v="residential"/>
  </way>
  <way id="307788696" version="2" timestamp="2014-10-18T22:02:17Z" changeset="26180421" uid="735" user="blackadder">
    <nd ref="3130065353"/>
    <nd ref="3130065356"/>
    <nd ref="3130065360"/>
    <nd ref="3130065363"/>
    <nd ref="3130065358"/>
    <nd ref="3130065361"/>
    <nd ref="3130065349"/>
    <nd ref="3130065339"/>
    <nd ref="3130065353"/>
    <tag k="addr:city" v="Kingsbury"/>
    <tag k="addr:housenumber" v="36"/>
    <tag k="addr:postcode" v="B78 2LG"/>
    <tag k="addr:street" v="Pear Tree Avenue"/>
    <tag k="building" v="residential"/>
  </way>
  <way id="307788697" version="2" timestamp="2014-10-18T22:02:18Z" changeset="26180421" uid="735" user="blackadder">
    <nd ref="3130065689"/>
    <nd ref="3130065667"/>
    <nd ref="3130065660"/>
    <nd ref="3130065665"/>
    <nd ref="3130065662"/>
    <nd ref="3130065668"/>
    <nd ref="3130065674"/>
    <nd ref="3130065678"/>
    <nd ref="3130065689"/>
    <tag k="addr:city" v="Kingsbury"/>
    <tag k="addr:housenumber" v="46"/>
    <tag k="addr:postcode" v="B78 2LQ"/>
    <tag k="addr:street" v="Pear Tree Avenue"/>
    <tag k="building" v="residential"/>
  </way>
  <way id="307788698" version="2" timestamp="2014-10-18T22:02:18Z" changeset="26180421" uid="735" user="blackadder">
    <nd ref="3130065405"/>
    <nd ref="3130065380"/>
    <nd ref="3130065365"/>
    <nd ref="3130065373"/>
    <nd ref="3130065367"/>
    <nd ref="3130065385"/>
    <nd ref="3130065394"/>
    <nd ref="3130065400"/>
    <nd ref="3130065405"/>
    <tag k="addr:city" v="Kingsbury"/>
    <tag k="addr:housenumber" v="42"/>
    <tag k="addr:postcode" v="B78 2LQ"/>
    <tag k="addr:street" v="Pear Tree Avenue"/>
    <tag k="building" v="residential"/>
  </way>
  <way id="307788699" version="2" timestamp="2014-10-18T22:02:16Z" changeset="26180421" uid="735" user="blackadder">
    <nd ref="3130065361"/>
    <nd ref="3130065364"/>
    <nd ref="3130065369"/>
    <nd ref="3130065377"/>
    <nd ref="3130065366"/>
    <nd ref="3130065370"/>
    <nd ref="3130065354"/>
    <nd ref="3130065349"/>
    <nd ref="3130065361"/>
    <tag k="addr:city" v="Kingsbury"/>
    <tag k="addr:housenumber" v="35"/>
    <tag k="addr:postcode" v="B78 2LG"/>
    <tag k="addr:street" v="Pear Tree Avenue"/>
    <tag k="building" v="residential"/>
  </way>
  <way id="307788700" version="2" timestamp="2014-10-18T22:02:18Z" changeset="26180421" uid="735" user="blackadder">
    <nd ref="3130065710"/>
    <nd ref="3130065689"/>
    <nd ref="3130065678"/>
    <nd ref="3130065687"/>
    <nd ref="3130065681"/>
    <nd ref="3130065692"/>
    <nd ref="3130065694"/>
    <nd ref="3130065701"/>
    <nd ref="3130065710"/>
    <tag k="addr:city" v="Kingsbury"/>
    <tag k="addr:housenumber" v="47"/>
    <tag k="addr:postcode" v="B78 2LQ"/>
    <tag k="addr:street" v="Pear Tree Avenue"/>
    <tag k="building" v="residential"/>
  </way>
  <way id="307788701" version="2" timestamp="2014-10-18T22:02:16Z" changeset="26180421" uid="735" user="blackadder">
    <nd ref="3130065738"/>
    <nd ref="3130065747"/>
    <nd ref="3130065733"/>
    <nd ref="3130065729"/>
    <nd ref="3130065724"/>
    <nd ref="3130065720"/>
    <nd ref="3130065728"/>
    <nd ref="3130065726"/>
    <nd ref="3130065738"/>
    <tag k="addr:city" v="Kingsbury"/>
    <tag k="addr:housenumber" v="30"/>
    <tag k="addr:postcode" v="B78 2LG"/>
    <tag k="addr:street" v="Pear Tree Avenue"/>
    <tag k="building" v="residential"/>
  </way>
  <way id="307788702" version="2" timestamp="2014-10-18T22:02:14Z" changeset="26180421" uid="735" user="blackadder">
    <nd ref="3130064956"/>
    <nd ref="3130064950"/>
    <nd ref="3130064946"/>
    <nd ref="3130064942"/>
    <nd ref="3130064948"/>
    <nd ref="3130064943"/>
    <nd ref="3130064967"/>
    <nd ref="3130064975"/>
    <nd ref="3130064956"/>
    <tag k="addr:city" v="Kingsbury"/>
    <tag k="addr:housenumber" v="14"/>
    <tag k="addr:postcode" v="B78 2LG"/>
    <tag k="addr:street" v="Pear Tree Avenue"/>
    <tag k="building" v="residential"/>
  </way>
  <way id="307788703" version="2" timestamp="2014-10-18T22:02:19Z" changeset="26180421" uid="735" user="blackadder">
    <nd ref="3130065634"/>
    <nd ref="3130065644"/>
    <nd ref="3130065425"/>
    <nd ref="3130065421"/>
    <nd ref="3130065412"/>
    <nd ref="3130065409"/>
    <nd ref="3130065415"/>
    <nd ref="3130065413"/>
    <nd ref="3130065634"/>
    <tag k="addr:city" v="Kingsbury"/>
    <tag k="addr:housenumber" v="51"/>
    <tag k="addr:postcode" v="B78 2LQ"/>
    <tag k="addr:street" v="Pear Tree Avenue"/>
    <tag k="building" v="residential"/>
  </way>
  <way id="307788705" version="2" timestamp="2014-10-18T22:02:14Z" changeset="26180421" uid="735" user="blackadder">
    <nd ref="3130064943"/>
    <nd ref="3130064941"/>
    <nd ref="3130064938"/>
    <nd ref="3130064935"/>
    <nd ref="3130064939"/>
    <nd ref="3130064937"/>
    <nd ref="3130064955"/>
    <nd ref="3130064967"/>
    <nd ref="3130064943"/>
    <tag k="addr:city" v="Kingsbury"/>
    <tag k="addr:housenumber" v="12"/>
    <tag k="addr:postcode" v="B78 2LG"/>
    <tag k="addr:street" v="Pear Tree Avenue"/>
    <tag k="building" v="residential"/>
  </way>
  <way id="307788706" version="2" timestamp="2014-10-18T22:02:19Z" changeset="26180421" uid="735" user="blackadder">
    <nd ref="3130065929"/>
    <nd ref="3130065935"/>
    <nd ref="3130065117"/>
    <nd ref="3130065115"/>
    <nd ref="3130065113"/>
    <nd ref="3130065110"/>
    <nd ref="3130065106"/>
    <nd ref="3130065125"/>
    <nd ref="3130065929"/>
    <tag k="addr:city" v="Kingsbury"/>
    <tag k="addr:housenumber" v="57"/>
    <tag k="addr:postcode" v="B78 2LQ"/>
    <tag k="addr:street" v="Pear Tree Avenue"/>
    <tag k="building" v="residential"/>
  </way>
  <way id="307788707" version="2" timestamp="2014-10-18T22:02:14Z" changeset="26180421" uid="735" user="blackadder">
    <nd ref="3130064969"/>
    <nd ref="3130064964"/>
    <nd ref="3130064959"/>
    <nd ref="3130064951"/>
    <nd ref="3130064961"/>
    <nd ref="3130064956"/>
    <nd ref="3130064975"/>
    <nd ref="3130064985"/>
    <nd ref="3130064972"/>
    <nd ref="3130064969"/>
    <tag k="addr:city" v="Kingsbury"/>
    <tag k="addr:housenumber" v="15"/>
    <tag k="addr:postcode" v="B78 2LG"/>
    <tag k="addr:street" v="Pear Tree Avenue"/>
    <tag k="building" v="residential"/>
  </way>
  <way id="307788708" version="2" timestamp="2014-10-18T22:02:14Z" changeset="26180421" uid="735" user="blackadder">
    <nd ref="3130064983"/>
    <nd ref="3130064980"/>
    <nd ref="3130064973"/>
    <nd ref="3130064971"/>
    <nd ref="3130064976"/>
    <nd ref="3130064972"/>
    <nd ref="3130064985"/>
    <nd ref="3130064991"/>
    <nd ref="3130064999"/>
    <nd ref="3130064983"/>
    <tag k="addr:city" v="Kingsbury"/>
    <tag k="addr:housenumber" v="16"/>
    <tag k="addr:postcode" v="B78 2LG"/>
    <tag k="addr:street" v="Pear Tree Avenue"/>
    <tag k="building" v="residential"/>
  </way>
  <way id="308191956" version="2" timestamp="2014-10-18T21:06:16Z" changeset="26179316" uid="735" user="blackadder">
    <nd ref="3134817890"/>
    <nd ref="3134817889"/>
    <nd ref="3134817888"/>
    <nd ref="3134817884"/>
    <nd ref="3134817885"/>
    <nd ref="3134817882"/>
    <nd ref="3134817883"/>
    <nd ref="3134817886"/>
    <nd ref="3134817887"/>
    <nd ref="3134817891"/>
    <nd ref="3134817890"/>
    <tag k="addr:city" v="Kingsbury"/>
    <tag k="addr:housenumber" v="41"/>
    <tag k="addr:postcode" v="B78 2LS"/>
    <tag k="addr:street" v="Tamworth Road"/>
    <tag k="building" v="residential"/>
  </way>
  <way id="308191957" version="2" timestamp="2014-10-18T21:06:17Z" changeset="26179316" uid="735" user="blackadder">
    <nd ref="3134817853"/>
    <nd ref="3134817852"/>
    <nd ref="3134817846"/>
    <nd ref="3134817845"/>
    <nd ref="3134817843"/>
    <nd ref="3134817842"/>
    <nd ref="3134817833"/>
    <nd ref="3134817834"/>
    <nd ref="3134817832"/>
    <nd ref="3134817835"/>
    <nd ref="3134817836"/>
    <nd ref="3134817837"/>
    <nd ref="3134817847"/>
    <nd ref="3134817850"/>
    <nd ref="3134817853"/>
    <tag k="addr:city" v="Kingsbury"/>
    <tag k="addr:housenumber" v="55"/>
    <tag k="addr:postcode" v="B78 2LS"/>
    <tag k="addr:street" v="Tamworth Road"/>
    <tag k="building" v="residential"/>
  </way>
  <way id="308191958" version="2" timestamp="2014-10-18T21:06:16Z" changeset="26179316" uid="735" user="blackadder">
    <nd ref="3134817893"/>
    <nd ref="3134817892"/>
    <nd ref="3134817894"/>
    <nd ref="3134817895"/>
    <nd ref="3134817893"/>
    <tag k="addr:city" v="Kingsbury"/>
    <tag k="addr:housenumber" v="37"/>
    <tag k="addr:postcode" v="B78 2LS"/>
    <tag k="addr:street" v="Tamworth Road"/>
    <tag k="building" v="residential"/>
  </way>
  <way id="308191959" version="2" timestamp="2014-10-18T21:06:17Z" changeset="26179316" uid="735" user="blackadder">
    <nd ref="3134817876"/>
    <nd ref="3134817877"/>
    <nd ref="3134817875"/>
    <nd ref="3134817874"/>
    <nd ref="3134817876"/>
    <tag k="addr:city" v="Kingsbury"/>
    <tag k="addr:housenumber" v="45"/>
    <tag k="addr:postcode" v="B78 2LS"/>
    <tag k="addr:street" v="Tamworth Road"/>
    <tag k="building" v="residential"/>
  </way>
  <way id="308191960" version="2" timestamp="2014-10-18T21:06:18Z" changeset="26179316" uid="735" user="blackadder">
    <nd ref="3137460207"/>
    <nd ref="3137460208"/>
    <nd ref="3134796927"/>
    <nd ref="3134796926"/>
    <nd ref="3137460207"/>
    <tag k="addr:city" v="Kingsbury"/>
    <tag k="addr:housenumber" v="57"/>
    <tag k="addr:postcode" v="B78 2LS"/>
    <tag k="addr:street" v="Tamworth Road"/>
    <tag k="building" v="residential"/>
  </way>
  <way id="308191961" version="2" timestamp="2014-10-18T21:06:17Z" changeset="26179316" uid="735" user="blackadder">
    <nd ref="3134817872"/>
    <nd ref="3134817873"/>
    <nd ref="3134817870"/>
    <nd ref="3134817869"/>
    <nd ref="3134817872"/>
    <tag k="addr:city" v="Kingsbury"/>
    <tag k="addr:housenumber" v="47"/>
    <tag k="addr:postcode" v="B78 2LS"/>
    <tag k="addr:street" v="Tamworth Road"/>
    <tag k="building" v="residential"/>
  </way>
  <way id="308191962" version="2" timestamp="2014-10-18T21:06:16Z" changeset="26179316" uid="735" user="blackadder">
    <nd ref="3134817893"/>
    <nd ref="3134817891"/>
    <nd ref="3134817890"/>
    <nd ref="3134817892"/>
    <nd ref="3134817893"/>
    <tag k="addr:city" v="Kingsbury"/>
    <tag k="addr:housenumber" v="39"/>
    <tag k="addr:postcode" v="B78 2LS"/>
    <tag k="addr:street" v="Tamworth Road"/>
    <tag k="building" v="residential"/>
  </way>
  <way id="308191963" version="2" timestamp="2014-10-18T21:06:16Z" changeset="26179316" uid="735" user="blackadder">
    <nd ref="3134817898"/>
    <nd ref="3134817899"/>
    <nd ref="3134817897"/>
    <nd ref="3134817895"/>
    <nd ref="3134817894"/>
    <nd ref="3134817896"/>
    <nd ref="3134817898"/>
    <tag k="addr:city" v="Kingsbury"/>
    <tag k="addr:housenumber" v="33"/>
    <tag k="addr:postcode" v="B78 2LS"/>
    <tag k="addr:street" v="Tamworth Road"/>
    <tag k="building" v="residential"/>
  </way>
  <way id="308191964" version="2" timestamp="2014-10-18T21:06:16Z" changeset="26179316" uid="735" user="blackadder">
    <nd ref="3134817904"/>
    <nd ref="3134817905"/>
    <nd ref="3134817901"/>
    <nd ref="3134817900"/>
    <nd ref="3134817902"/>
    <nd ref="3134817903"/>
    <nd ref="3134817904"/>
    <tag k="addr:city" v="Kingsbury"/>
    <tag k="addr:housenumber" v="31"/>
    <tag k="addr:postcode" v="B78 2LS"/>
    <tag k="addr:street" v="Tamworth Road"/>
    <tag k="building" v="residential"/>
  </way>
  <way id="308191966" version="2" timestamp="2014-10-18T21:06:17Z" changeset="26179316" uid="735" user="blackadder">
    <nd ref="3134817866"/>
    <nd ref="3134817868"/>
    <nd ref="3134817865"/>
    <nd ref="3134817867"/>
    <nd ref="3134817863"/>
    <nd ref="3134817862"/>
    <nd ref="3134817866"/>
    <tag k="addr:city" v="Kingsbury"/>
    <tag k="addr:housenumber" v="51"/>
    <tag k="addr:postcode" v="B78 2LS"/>
    <tag k="addr:street" v="Tamworth Road"/>
    <tag k="building" v="residential"/>
  </way>
  <way id="308191967" version="2" timestamp="2014-10-18T21:06:17Z" changeset="26179316" uid="735" user="blackadder">
    <nd ref="3134817882"/>
    <nd ref="3134817878"/>
    <nd ref="3134817879"/>
    <nd ref="3134817881"/>
    <nd ref="3134817880"/>
    <nd ref="3134817883"/>
    <nd ref="3134817882"/>
    <tag k="addr:city" v="Kingsbury"/>
    <tag k="addr:housenumber" v="43"/>
    <tag k="addr:postcode" v="B78 2LS"/>
    <tag k="addr:street" v="Tamworth Road"/>
    <tag k="building" v="residential"/>
  </way>
  <way id="308191968" version="2" timestamp="2014-10-18T21:06:17Z" changeset="26179316" uid="735" user="blackadder">
    <nd ref="3134817862"/>
    <nd ref="3134817856"/>
    <nd ref="3134817857"/>
    <nd ref="3134817858"/>
    <nd ref="3134817859"/>
    <nd ref="3134817860"/>
    <nd ref="3134817861"/>
    <nd ref="3134817864"/>
    <nd ref="3134817863"/>
    <nd ref="3134817862"/>
    <tag k="addr:city" v="Kingsbury"/>
    <tag k="addr:housenumber" v="53"/>
    <tag k="addr:postcode" v="B78 2LS"/>
    <tag k="addr:street" v="Tamworth Road"/>
    <tag k="building" v="residential"/>
  </way>
  <way id="308191969" version="2" timestamp="2014-10-18T21:06:20Z" changeset="26179316" uid="735" user="blackadder">
    <nd ref="3134817855"/>
    <nd ref="3134817854"/>
    <tag k="highway" v="residential"/>
    <tag k="name" v="Tamworth Road"/>
  </way>
  <way id="308243849" version="1" timestamp="2014-10-17T15:49:17Z" changeset="26149006" uid="735" user="blackadder">
    <nd ref="3135346781"/>
    <nd ref="3121993886"/>
    <nd ref="3121993879"/>
    <nd ref="3135346780"/>
    <nd ref="3135346781"/>
    <tag k="addr:city" v="Kingsbury"/>
    <tag k="addr:housenumber" v="2"/>
    <tag k="addr:postcode" v="B78 2HQ"/>
    <tag k="addr:street" v="Stanyers Close"/>
    <tag k="building" v="yes"/>
  </way>
  <way id="308243850" version="1" timestamp="2014-10-17T15:49:17Z" changeset="26149006" uid="735" user="blackadder">
    <nd ref="3135346783"/>
    <nd ref="3135346784"/>
    <nd ref="3126633734"/>
    <nd ref="3126633527"/>
    <nd ref="3126633526"/>
    <nd ref="3126633523"/>
    <nd ref="3135346783"/>
    <tag k="addr:city" v="Kingsbury"/>
    <tag k="addr:housenumber" v="2A"/>
    <tag k="addr:postcode" v="B78 2HP"/>
    <tag k="addr:street" v="Bracebridge Road"/>
    <tag k="building" v="residential"/>
  </way>
  <way id="308243852" version="1" timestamp="2014-10-17T15:49:17Z" changeset="26149006" uid="735" user="blackadder">
    <nd ref="3135346764"/>
    <nd ref="3135346765"/>
    <nd ref="3126702153"/>
    <nd ref="3126702151"/>
    <nd ref="3135346764"/>
    <tag k="addr:city" v="Kingsbury"/>
    <tag k="addr:housenumber" v="2B"/>
    <tag k="addr:postcode" v="B78 2HS"/>
    <tag k="addr:street" v="Tame Bank"/>
    <tag k="building" v="residential"/>
  </way>
  <way id="308243853" version="1" timestamp="2014-10-17T15:49:17Z" changeset="26149006" uid="735" user="blackadder">
    <nd ref="3135346777"/>
    <nd ref="3135346779"/>
    <nd ref="3121993875"/>
    <nd ref="3121993874"/>
    <nd ref="3121993867"/>
    <nd ref="3135346777"/>
    <tag k="addr:city" v="Kingsbury"/>
    <tag k="addr:housenumber" v="4"/>
    <tag k="addr:postcode" v="B78 2HQ"/>
    <tag k="addr:street" v="Stanyers Close"/>
    <tag k="building" v="yes"/>
  </way>
  <way id="308243854" version="1" timestamp="2014-10-17T15:49:17Z" changeset="26149006" uid="735" user="blackadder">
    <nd ref="3135346775"/>
    <nd ref="3135346778"/>
    <nd ref="3135346776"/>
    <nd ref="3135346774"/>
    <nd ref="3135346775"/>
    <tag k="addr:city" v="Kingsbury"/>
    <tag k="addr:housenumber" v="5"/>
    <tag k="addr:postcode" v="B78 2HQ"/>
    <tag k="addr:street" v="Stanyers Close"/>
    <tag k="building" v="yes"/>
  </way>
  <way id="308243855" version="1" timestamp="2014-10-17T15:49:17Z" changeset="26149006" uid="735" user="blackadder">
    <nd ref="3135346776"/>
    <nd ref="3121993855"/>
    <nd ref="3121993848"/>
    <nd ref="3135346774"/>
    <nd ref="3135346776"/>
    <tag k="addr:city" v="Kingsbury"/>
    <tag k="addr:housenumber" v="6"/>
    <tag k="addr:postcode" v="B78 2HQ"/>
    <tag k="addr:street" v="Stanyers Close"/>
    <tag k="building" v="yes"/>
  </way>
  <way id="308295472" version="2" timestamp="2014-10-18T21:06:15Z" changeset="26179316" uid="735" user="blackadder">
    <nd ref="3135898071"/>
    <nd ref="3135898076"/>
    <nd ref="3135898077"/>
    <nd ref="3135898042"/>
    <nd ref="3135898030"/>
    <nd ref="3135898029"/>
    <nd ref="3135897911"/>
    <nd ref="3135897909"/>
    <nd ref="3135897926"/>
    <nd ref="3135897925"/>
    <nd ref="3135898071"/>
    <tag k="addr:city" v="Kingsbury"/>
    <tag k="addr:housenumber" v="25"/>
    <tag k="addr:postcode" v="B78 2NR"/>
    <tag k="addr:street" v="Meadow Close"/>
    <tag k="building" v="residential"/>
  </way>
  <way id="308295477" version="2" timestamp="2014-10-18T21:06:15Z" changeset="26179316" uid="735" user="blackadder">
    <nd ref="3135897922"/>
    <nd ref="3135897927"/>
    <nd ref="3135897919"/>
    <nd ref="3135897924"/>
    <nd ref="3135897893"/>
    <nd ref="3135897892"/>
    <nd ref="3135897879"/>
    <nd ref="3135897877"/>
    <nd ref="3135897891"/>
    <nd ref="3135897890"/>
    <nd ref="3135897922"/>
    <tag k="addr:city" v="Kingsbury"/>
    <tag k="addr:housenumber" v="19"/>
    <tag k="addr:postcode" v="B78 2NR"/>
    <tag k="addr:street" v="Meadow Close"/>
    <tag k="building" v="residential"/>
  </way>
  <way id="308295479" version="2" timestamp="2014-10-18T21:06:15Z" changeset="26179316" uid="735" user="blackadder">
    <nd ref="3135898086"/>
    <nd ref="3135898089"/>
    <nd ref="3135898094"/>
    <nd ref="3135898080"/>
    <nd ref="3135898083"/>
    <nd ref="3135898059"/>
    <nd ref="3135898057"/>
    <nd ref="3135898031"/>
    <nd ref="3135897923"/>
    <nd ref="3135898047"/>
    <nd ref="3135898086"/>
    <tag k="addr:city" v="Kingsbury"/>
    <tag k="addr:housenumber" v="27"/>
    <tag k="addr:postcode" v="B78 2NR"/>
    <tag k="addr:street" v="Meadow Close"/>
    <tag k="building" v="residential"/>
  </way>
  <way id="308295483" version="2" timestamp="2014-10-18T22:02:16Z" changeset="26180421" uid="735" user="blackadder">
    <nd ref="3135898317"/>
    <nd ref="3135898318"/>
    <nd ref="3135898307"/>
    <nd ref="3135898306"/>
    <nd ref="3135898281"/>
    <nd ref="3135898282"/>
    <nd ref="3135898299"/>
    <nd ref="3135898300"/>
    <nd ref="3135898272"/>
    <nd ref="3135898270"/>
    <nd ref="3135898277"/>
    <nd ref="3135898276"/>
    <nd ref="3135898305"/>
    <nd ref="3135898304"/>
    <nd ref="3135898317"/>
    <tag k="addr:city" v="Kingsbury"/>
    <tag k="addr:housenumber" v="3"/>
    <tag k="addr:street" v="Pear Tree Avenue"/>
    <tag k="building" v="residential"/>
  </way>
  <way id="308295484" version="2" timestamp="2014-10-18T21:06:16Z" changeset="26179316" uid="735" user="blackadder">
    <nd ref="3135898088"/>
    <nd ref="3135898097"/>
    <nd ref="3135898069"/>
    <nd ref="3135898064"/>
    <nd ref="3135898088"/>
    <tag k="addr:city" v="Kingsbury"/>
    <tag k="addr:housenumber" v="4"/>
    <tag k="addr:postcode" v="B78 2NS"/>
    <tag k="addr:street" v="Wright Close"/>
    <tag k="building" v="residential"/>
  </way>
  <way id="308295487" version="2" timestamp="2014-10-18T21:06:15Z" changeset="26179316" uid="735" user="blackadder">
    <nd ref="3135898043"/>
    <nd ref="3135898048"/>
    <nd ref="3135897900"/>
    <nd ref="3135897897"/>
    <nd ref="3135898043"/>
    <tag k="addr:city" v="Kingsbury"/>
    <tag k="addr:housenumber" v="22"/>
    <tag k="addr:postcode" v="B78 2NR"/>
    <tag k="addr:street" v="Meadow Close"/>
    <tag k="building" v="residential"/>
  </way>
  <way id="308295488" version="2" timestamp="2014-10-18T21:06:14Z" changeset="26179316" uid="735" user="blackadder">
    <nd ref="3135898164"/>
    <nd ref="3135898167"/>
    <nd ref="3135898125"/>
    <nd ref="3135898120"/>
    <nd ref="3135898164"/>
    <tag k="addr:city" v="Kingsbury"/>
    <tag k="addr:housenumber" v="15"/>
    <tag k="addr:postcode" v="B78 2NR"/>
    <tag k="addr:street" v="Meadow Close"/>
    <tag k="building" v="residential"/>
  </way>
  <way id="308295490" version="2" timestamp="2014-10-18T21:06:13Z" changeset="26179316" uid="735" user="blackadder">
    <nd ref="3135898167"/>
    <nd ref="3135898169"/>
    <nd ref="3135898127"/>
    <nd ref="3135898125"/>
    <nd ref="3135898167"/>
    <tag k="addr:city" v="Kingsbury"/>
    <tag k="addr:housenumber" v="14"/>
    <tag k="addr:postcode" v="B78 2NR"/>
    <tag k="addr:street" v="Meadow Close"/>
    <tag k="building" v="residential"/>
  </way>
  <way id="308295492" version="2" timestamp="2014-10-18T21:06:17Z" changeset="26179316" uid="735" user="blackadder">
    <nd ref="3135898058"/>
    <nd ref="3135898063"/>
    <nd ref="3135897916"/>
    <nd ref="3135897913"/>
    <nd ref="3135898058"/>
    <tag k="addr:city" v="Kingsbury"/>
    <tag k="addr:housenumber" v="5"/>
    <tag k="addr:postcode" v="B78 2NS"/>
    <tag k="addr:street" v="Wright Close"/>
    <tag k="building" v="residential"/>
  </way>
  <way id="308295493" version="2" timestamp="2014-10-18T21:06:13Z" changeset="26179316" uid="735" user="blackadder">
    <nd ref="3135898166"/>
    <nd ref="3135898168"/>
    <nd ref="3135898126"/>
    <nd ref="3135898124"/>
    <nd ref="3135898166"/>
    <tag k="addr:city" v="Kingsbury"/>
    <tag k="addr:housenumber" v="10"/>
    <tag k="addr:postcode" v="B78 2NR"/>
    <tag k="addr:street" v="Meadow Close"/>
    <tag k="building" v="residential"/>
  </way>
  <way id="308295494" version="2" timestamp="2014-10-18T21:06:14Z" changeset="26179316" uid="735" user="blackadder">
    <nd ref="3135898259"/>
    <nd ref="3135898261"/>
    <nd ref="3135898254"/>
    <nd ref="3135898250"/>
    <nd ref="3135898259"/>
    <tag k="addr:city" v="Kingsbury"/>
    <tag k="addr:housenumber" v="17"/>
    <tag k="addr:postcode" v="B78 2NS"/>
    <tag k="addr:street" v="Wright Close"/>
    <tag k="building" v="residential"/>
  </way>
  <way id="308295496" version="2" timestamp="2014-10-18T21:06:14Z" changeset="26179316" uid="735" user="blackadder">
    <nd ref="3135898250"/>
    <nd ref="3135898231"/>
    <nd ref="3135898235"/>
    <nd ref="3135898254"/>
    <nd ref="3135898250"/>
    <tag k="addr:city" v="Kingsbury"/>
    <tag k="addr:housenumber" v="16"/>
    <tag k="addr:postcode" v="B78 2NS"/>
    <tag k="addr:street" v="Wright Close"/>
    <tag k="building" v="residential"/>
  </way>
  <way id="308295497" version="2" timestamp="2014-10-18T21:06:19Z" changeset="26179316" uid="735" user="blackadder">
    <nd ref="3135898168"/>
    <nd ref="3135898173"/>
    <nd ref="3135898128"/>
    <nd ref="3135898126"/>
    <nd ref="3135898168"/>
    <tag k="addr:city" v="Kingsbury"/>
    <tag k="addr:housenumber" v="9"/>
    <tag k="addr:postcode" v="B78 2NR"/>
    <tag k="addr:street" v="Meadow Close"/>
    <tag k="building" v="residential"/>
  </way>
  <way id="308295498" version="2" timestamp="2014-10-18T21:06:19Z" changeset="26179316" uid="735" user="blackadder">
    <nd ref="3135898208"/>
    <nd ref="3135898210"/>
    <nd ref="3135898150"/>
    <nd ref="3135898144"/>
    <nd ref="3135898208"/>
    <tag k="addr:city" v="Kingsbury"/>
    <tag k="addr:housenumber" v="8"/>
    <tag k="addr:postcode" v="B78 2NS"/>
    <tag k="addr:street" v="Wright Close"/>
    <tag k="building" v="residential"/>
  </way>
  <way id="308295499" version="2" timestamp="2014-10-18T21:06:12Z" changeset="26179316" uid="735" user="blackadder">
    <nd ref="3135898196"/>
    <nd ref="3135898206"/>
    <nd ref="3135898171"/>
    <nd ref="3135898160"/>
    <nd ref="3135898196"/>
    <tag k="addr:city" v="Kingsbury"/>
    <tag k="addr:housenumber" v="1"/>
    <tag k="addr:postcode" v="B78 2NS"/>
    <tag k="addr:street" v="Wright Close"/>
    <tag k="building" v="residential"/>
  </way>
  <way id="308295500" version="2" timestamp="2014-10-18T21:06:16Z" changeset="26179316" uid="735" user="blackadder">
    <nd ref="3135898115"/>
    <nd ref="3135898122"/>
    <nd ref="3135898100"/>
    <nd ref="3135898091"/>
    <nd ref="3135898115"/>
    <tag k="addr:city" v="Kingsbury"/>
    <tag k="addr:housenumber" v="3"/>
    <tag k="addr:postcode" v="B78 2NS"/>
    <tag k="addr:street" v="Wright Close"/>
    <tag k="building" v="residential"/>
  </way>
  <way id="308295501" version="2" timestamp="2014-10-18T21:06:13Z" changeset="26179316" uid="735" user="blackadder">
    <nd ref="3135898156"/>
    <nd ref="3135898162"/>
    <nd ref="3135898135"/>
    <nd ref="3135898131"/>
    <nd ref="3135898118"/>
    <nd ref="3135898156"/>
    <tag k="addr:city" v="Kingsbury"/>
    <tag k="addr:housenumber" v="12"/>
    <tag k="addr:postcode" v="B78 2NS"/>
    <tag k="addr:street" v="Wright Close"/>
    <tag k="building" v="residential"/>
  </way>
  <way id="308295502" version="2" timestamp="2014-10-18T21:06:13Z" changeset="26179316" uid="735" user="blackadder">
    <nd ref="3135898163"/>
    <nd ref="3135898166"/>
    <nd ref="3135898124"/>
    <nd ref="3135898119"/>
    <nd ref="3135898129"/>
    <nd ref="3135898163"/>
    <tag k="addr:city" v="Kingsbury"/>
    <tag k="addr:housenumber" v="11"/>
    <tag k="addr:postcode" v="B78 2NR"/>
    <tag k="addr:street" v="Meadow Close"/>
    <tag k="building" v="residential"/>
  </way>
  <way id="308295503" version="2" timestamp="2014-10-18T21:06:15Z" changeset="26179316" uid="735" user="blackadder">
    <nd ref="3135898060"/>
    <nd ref="3135898062"/>
    <nd ref="3135897914"/>
    <nd ref="3135897910"/>
    <nd ref="3135897908"/>
    <nd ref="3135898060"/>
    <tag k="addr:city" v="Kingsbury"/>
    <tag k="addr:housenumber" v="23"/>
    <tag k="addr:postcode" v="B78 2NR"/>
    <tag k="addr:street" v="Meadow Close"/>
    <tag k="building" v="residential"/>
  </way>
  <way id="308295504" version="2" timestamp="2014-10-18T21:06:17Z" changeset="26179316" uid="735" user="blackadder">
    <nd ref="3135898233"/>
    <nd ref="3135898236"/>
    <nd ref="3135898223"/>
    <nd ref="3135898222"/>
    <nd ref="3135898220"/>
    <nd ref="3135898233"/>
    <tag k="addr:city" v="Kingsbury"/>
    <tag k="addr:housenumber" v="5"/>
    <tag k="addr:postcode" v="B78 2NR"/>
    <tag k="addr:street" v="Meadow Close"/>
    <tag k="building" v="residential"/>
  </way>
  <way id="308295505" version="2" timestamp="2014-10-18T21:06:13Z" changeset="26179316" uid="735" user="blackadder">
    <nd ref="3135898169"/>
    <nd ref="3135898175"/>
    <nd ref="3135898163"/>
    <nd ref="3135898129"/>
    <nd ref="3135898127"/>
    <nd ref="3135898169"/>
    <tag k="addr:city" v="Kingsbury"/>
    <tag k="addr:housenumber" v="12"/>
    <tag k="addr:postcode" v="B78 2NR"/>
    <tag k="addr:street" v="Meadow Close"/>
    <tag k="building" v="residential"/>
  </way>
  <way id="308295506" version="2" timestamp="2014-10-18T21:06:14Z" changeset="26179316" uid="735" user="blackadder">
    <nd ref="3135897883"/>
    <nd ref="3135897881"/>
    <nd ref="3135897875"/>
    <nd ref="3135897876"/>
    <nd ref="3135897887"/>
    <nd ref="3135897883"/>
    <tag k="addr:city" v="Kingsbury"/>
    <tag k="addr:housenumber" v="18"/>
    <tag k="addr:postcode" v="B78 2NR"/>
    <tag k="addr:street" v="Meadow Close"/>
    <tag k="building" v="residential"/>
  </way>
  <way id="308295507" version="2" timestamp="2014-10-18T21:06:15Z" changeset="26179316" uid="735" user="blackadder">
    <nd ref="3135898077"/>
    <nd ref="3135898084"/>
    <nd ref="3135898086"/>
    <nd ref="3135898047"/>
    <nd ref="3135898042"/>
    <nd ref="3135898077"/>
    <tag k="addr:city" v="Kingsbury"/>
    <tag k="addr:housenumber" v="26"/>
    <tag k="addr:postcode" v="B78 2NR"/>
    <tag k="addr:street" v="Meadow Close"/>
    <tag k="building" v="residential"/>
  </way>
  <way id="308295508" version="2" timestamp="2014-10-18T21:06:18Z" changeset="26179316" uid="735" user="blackadder">
    <nd ref="3135898222"/>
    <nd ref="3135898204"/>
    <nd ref="3135898201"/>
    <nd ref="3135898199"/>
    <nd ref="3135898219"/>
    <nd ref="3135898220"/>
    <nd ref="3135898222"/>
    <tag k="addr:city" v="Kingsbury"/>
    <tag k="addr:housenumber" v="6"/>
    <tag k="addr:postcode" v="B78 2NR"/>
    <tag k="addr:street" v="Meadow Close"/>
    <tag k="building" v="residential"/>
  </way>
  <way id="308295509" version="2" timestamp="2014-10-18T21:06:13Z" changeset="26179316" uid="735" user="blackadder">
    <nd ref="3135898118"/>
    <nd ref="3135898108"/>
    <nd ref="3135898109"/>
    <nd ref="3135898099"/>
    <nd ref="3135898102"/>
    <nd ref="3135898131"/>
    <nd ref="3135898118"/>
    <tag k="addr:city" v="Kingsbury"/>
    <tag k="addr:housenumber" v="11"/>
    <tag k="addr:postcode" v="B78 2NS"/>
    <tag k="addr:street" v="Wright Close"/>
    <tag k="building" v="residential"/>
  </way>
  <way id="308295510" version="2" timestamp="2014-10-18T21:06:18Z" changeset="26179316" uid="735" user="blackadder">
    <nd ref="3135898192"/>
    <nd ref="3135898194"/>
    <nd ref="3135898189"/>
    <nd ref="3135898193"/>
    <nd ref="3135898151"/>
    <nd ref="3135898146"/>
    <nd ref="3135898192"/>
    <tag k="addr:city" v="Kingsbury"/>
    <tag k="addr:housenumber" v="6"/>
    <tag k="addr:postcode" v="B78 2NS"/>
    <tag k="addr:street" v="Wright Close"/>
    <tag k="building" v="residential"/>
  </way>
  <way id="308295511" version="2" timestamp="2014-10-18T21:06:17Z" changeset="26179316" uid="735" user="blackadder">
    <nd ref="3135898155"/>
    <nd ref="3135898158"/>
    <nd ref="3135898116"/>
    <nd ref="3135898114"/>
    <nd ref="3135898132"/>
    <nd ref="3135898137"/>
    <nd ref="3135898155"/>
    <tag k="addr:city" v="Kingsbury"/>
    <tag k="addr:housenumber" v="53A"/>
    <tag k="addr:postcode" v="B78 2LS"/>
    <tag k="addr:street" v="Tamworth Road"/>
    <tag k="building" v="residential"/>
  </way>
  <way id="308295512" version="2" timestamp="2014-10-18T21:06:18Z" changeset="26179316" uid="735" user="blackadder">
    <nd ref="3135898051"/>
    <nd ref="3135898053"/>
    <nd ref="3135897904"/>
    <nd ref="3135897903"/>
    <nd ref="3135897885"/>
    <nd ref="3135897884"/>
    <nd ref="3135898051"/>
    <tag k="addr:city" v="Kingsbury"/>
    <tag k="addr:housenumber" v="55B"/>
    <tag k="addr:postcode" v="B78 2LS"/>
    <tag k="addr:street" v="Tamworth Road"/>
    <tag k="building" v="residential"/>
  </way>
  <way id="308295513" version="2" timestamp="2014-10-18T21:06:14Z" changeset="26179316" uid="735" user="blackadder">
    <nd ref="3135897901"/>
    <nd ref="3135897899"/>
    <nd ref="3135897883"/>
    <nd ref="3135897887"/>
    <nd ref="3135897888"/>
    <nd ref="3135897905"/>
    <nd ref="3135897901"/>
    <tag k="addr:city" v="Kingsbury"/>
    <tag k="addr:housenumber" v="17"/>
    <tag k="addr:postcode" v="B78 2NR"/>
    <tag k="addr:street" v="Meadow Close"/>
    <tag k="building" v="residential"/>
  </way>
  <way id="308295514" version="2" timestamp="2014-10-18T21:06:19Z" changeset="26179316" uid="735" user="blackadder">
    <nd ref="3135898191"/>
    <nd ref="3135898195"/>
    <nd ref="3135898186"/>
    <nd ref="3135898190"/>
    <nd ref="3135898154"/>
    <nd ref="3135898149"/>
    <nd ref="3135898191"/>
    <tag k="addr:city" v="Kingsbury"/>
    <tag k="addr:housenumber" v="9"/>
    <tag k="addr:postcode" v="B78 2NS"/>
    <tag k="addr:street" v="Wright Close"/>
    <tag k="building" v="residential"/>
  </way>
  <way id="308295516" version="2" timestamp="2014-10-18T21:06:15Z" changeset="26179316" uid="735" user="blackadder">
    <nd ref="3135898157"/>
    <nd ref="3135898161"/>
    <nd ref="3135898133"/>
    <nd ref="3135898123"/>
    <nd ref="3135898143"/>
    <nd ref="3135898141"/>
    <nd ref="3135898157"/>
    <tag k="addr:city" v="Kingsbury"/>
    <tag k="addr:housenumber" v="2"/>
    <tag k="addr:postcode" v="B78 2NS"/>
    <tag k="addr:street" v="Wright Close"/>
    <tag k="building" v="residential"/>
  </way>
  <way id="308295518" version="2" timestamp="2014-10-18T21:06:18Z" changeset="26179316" uid="735" user="blackadder">
    <nd ref="3135897928"/>
    <nd ref="3135898033"/>
    <nd ref="3135897902"/>
    <nd ref="3135897898"/>
    <nd ref="3135897917"/>
    <nd ref="3135897918"/>
    <nd ref="3135897928"/>
    <tag k="addr:city" v="Kingsbury"/>
    <tag k="addr:housenumber" v="55A"/>
    <tag k="addr:postcode" v="B78 2LS"/>
    <tag k="addr:street" v="Tamworth Road"/>
    <tag k="building" v="residential"/>
  </way>
  <way id="308295519" version="2" timestamp="2014-10-18T21:06:18Z" changeset="26179316" uid="735" user="blackadder">
    <nd ref="3135898200"/>
    <nd ref="3135898207"/>
    <nd ref="3135898147"/>
    <nd ref="3135898145"/>
    <nd ref="3135898138"/>
    <nd ref="3135898134"/>
    <nd ref="3135898200"/>
    <tag k="addr:city" v="Kingsbury"/>
    <tag k="addr:housenumber" v="7"/>
    <tag k="addr:postcode" v="B78 2NS"/>
    <tag k="addr:street" v="Wright Close"/>
    <tag k="building" v="residential"/>
  </way>
  <way id="308295520" version="2" timestamp="2014-10-18T21:06:18Z" changeset="26179316" uid="735" user="blackadder">
    <nd ref="3135898201"/>
    <nd ref="3135898179"/>
    <nd ref="3135898178"/>
    <nd ref="3135898174"/>
    <nd ref="3135898197"/>
    <nd ref="3135898199"/>
    <nd ref="3135898201"/>
    <tag k="addr:city" v="Kingsbury"/>
    <tag k="addr:housenumber" v="7"/>
    <tag k="addr:postcode" v="B78 2NR"/>
    <tag k="addr:street" v="Meadow Close"/>
    <tag k="building" v="residential"/>
  </way>
  <way id="308295522" version="2" timestamp="2014-10-18T21:06:13Z" changeset="26179316" uid="735" user="blackadder">
    <nd ref="3135898180"/>
    <nd ref="3135898181"/>
    <nd ref="3135898182"/>
    <nd ref="3135898183"/>
    <nd ref="3135898140"/>
    <nd ref="3135898136"/>
    <nd ref="3135898180"/>
    <tag k="addr:city" v="Kingsbury"/>
    <tag k="addr:housenumber" v="10"/>
    <tag k="addr:postcode" v="B78 2NS"/>
    <tag k="addr:street" v="Wright Close"/>
    <tag k="building" v="residential"/>
  </way>
  <way id="308295523" version="2" timestamp="2014-10-18T21:06:15Z" changeset="26179316" uid="735" user="blackadder">
    <nd ref="3135898062"/>
    <nd ref="3135898067"/>
    <nd ref="3135898071"/>
    <nd ref="3135897925"/>
    <nd ref="3135897915"/>
    <nd ref="3135897914"/>
    <nd ref="3135898062"/>
    <tag k="addr:city" v="Kingsbury"/>
    <tag k="addr:housenumber" v="24"/>
    <tag k="addr:postcode" v="B78 2NR"/>
    <tag k="addr:street" v="Meadow Close"/>
    <tag k="building" v="residential"/>
  </way>
  <way id="308295524" version="2" timestamp="2014-10-18T21:06:17Z" changeset="26179316" uid="735" user="blackadder">
    <nd ref="3135898072"/>
    <nd ref="3135898074"/>
    <nd ref="3135898036"/>
    <nd ref="3135898034"/>
    <nd ref="3135898065"/>
    <nd ref="3135898066"/>
    <nd ref="3135898072"/>
    <tag k="addr:city" v="Kingsbury"/>
    <tag k="addr:housenumber" v="53C"/>
    <tag k="addr:postcode" v="B78 2LS"/>
    <tag k="addr:street" v="Tamworth Road"/>
    <tag k="building" v="residential"/>
  </way>
  <way id="308295525" version="2" timestamp="2014-10-18T21:06:14Z" changeset="26179316" uid="735" user="blackadder">
    <nd ref="3135898226"/>
    <nd ref="3135898229"/>
    <nd ref="3135898209"/>
    <nd ref="3135898203"/>
    <nd ref="3135898213"/>
    <nd ref="3135898211"/>
    <nd ref="3135898226"/>
    <tag k="addr:city" v="Kingsbury"/>
    <tag k="addr:housenumber" v="15"/>
    <tag k="addr:postcode" v="B78 2NS"/>
    <tag k="addr:street" v="Wright Close"/>
    <tag k="building" v="residential"/>
  </way>
  <way id="308295526" version="2" timestamp="2014-10-18T21:06:17Z" changeset="26179316" uid="735" user="blackadder">
    <nd ref="3135898111"/>
    <nd ref="3135898113"/>
    <nd ref="3135898085"/>
    <nd ref="3135898082"/>
    <nd ref="3135898095"/>
    <nd ref="3135898092"/>
    <nd ref="3135898111"/>
    <tag k="addr:city" v="Kingsbury"/>
    <tag k="addr:housenumber" v="53B"/>
    <tag k="addr:postcode" v="B78 2LS"/>
    <tag k="addr:street" v="Tamworth Road"/>
    <tag k="building" v="residential"/>
  </way>
  <way id="308295527" version="2" timestamp="2014-10-18T21:06:14Z" changeset="26179316" uid="735" user="blackadder">
    <nd ref="3135898037"/>
    <nd ref="3135897901"/>
    <nd ref="3135897905"/>
    <nd ref="3135897906"/>
    <nd ref="3135897921"/>
    <nd ref="3135897920"/>
    <nd ref="3135898041"/>
    <nd ref="3135898037"/>
    <tag k="addr:city" v="Kingsbury"/>
    <tag k="addr:housenumber" v="16"/>
    <tag k="addr:postcode" v="B78 2NR"/>
    <tag k="addr:street" v="Meadow Close"/>
    <tag k="building" v="residential"/>
  </way>
  <way id="308295528" version="2" timestamp="2014-10-18T21:06:18Z" changeset="26179316" uid="735" user="blackadder">
    <nd ref="3135898178"/>
    <nd ref="3135898153"/>
    <nd ref="3135898152"/>
    <nd ref="3135898139"/>
    <nd ref="3135898130"/>
    <nd ref="3135898170"/>
    <nd ref="3135898174"/>
    <nd ref="3135898178"/>
    <tag k="addr:city" v="Kingsbury"/>
    <tag k="addr:housenumber" v="8"/>
    <tag k="addr:postcode" v="B78 2NR"/>
    <tag k="addr:street" v="Meadow Close"/>
    <tag k="building" v="residential"/>
  </way>
  <way id="308295529" version="2" timestamp="2014-10-18T21:06:15Z" changeset="26179316" uid="735" user="blackadder">
    <nd ref="3135897924"/>
    <nd ref="3135898032"/>
    <nd ref="3135897886"/>
    <nd ref="3135897880"/>
    <nd ref="3135897878"/>
    <nd ref="3135897894"/>
    <nd ref="3135897893"/>
    <nd ref="3135897924"/>
    <tag k="addr:city" v="Kingsbury"/>
    <tag k="addr:housenumber" v="20"/>
    <tag k="addr:postcode" v="B78 2NR"/>
    <tag k="addr:street" v="Meadow Close"/>
    <tag k="building" v="residential"/>
  </way>
  <way id="308295530" version="2" timestamp="2014-10-18T21:06:15Z" changeset="26179316" uid="735" user="blackadder">
    <nd ref="3135898040"/>
    <nd ref="3135898043"/>
    <nd ref="3135897897"/>
    <nd ref="3135897896"/>
    <nd ref="3135897889"/>
    <nd ref="3135897886"/>
    <nd ref="3135898032"/>
    <nd ref="3135898040"/>
    <tag k="addr:city" v="Kingsbury"/>
    <tag k="addr:housenumber" v="21"/>
    <tag k="addr:postcode" v="B78 2NR"/>
    <tag k="addr:street" v="Meadow Close"/>
    <tag k="building" v="residential"/>
  </way>
  <way id="308295531" version="2" timestamp="2014-10-18T22:02:17Z" changeset="26180421" uid="735" user="blackadder">
    <nd ref="3135898300"/>
    <nd ref="3135898302"/>
    <nd ref="3135898284"/>
    <nd ref="3135898285"/>
    <nd ref="3135898288"/>
    <nd ref="3135898291"/>
    <nd ref="3135898273"/>
    <nd ref="3135898272"/>
    <nd ref="3135898300"/>
    <tag k="addr:city" v="Kingsbury"/>
    <tag k="addr:housenumber" v="4"/>
    <tag k="addr:street" v="Pear Tree Avenue"/>
    <tag k="building" v="residential"/>
  </way>
  <way id="308295532" version="2" timestamp="2014-10-18T21:06:16Z" changeset="26179316" uid="735" user="blackadder">
    <nd ref="3135898264"/>
    <nd ref="3135898265"/>
    <nd ref="3135898257"/>
    <nd ref="3135898256"/>
    <nd ref="3135898249"/>
    <nd ref="3135898245"/>
    <nd ref="3135898252"/>
    <nd ref="3135898253"/>
    <nd ref="3135898264"/>
    <tag k="addr:city" v="Kingsbury"/>
    <tag k="addr:housenumber" v="4"/>
    <tag k="addr:postcode" v="B78 2NR"/>
    <tag k="addr:street" v="Meadow Close"/>
    <tag k="building" v="residential"/>
  </way>
  <way id="308295533" version="2" timestamp="2014-10-18T21:06:14Z" changeset="26179316" uid="735" user="blackadder">
    <nd ref="3135898203"/>
    <nd ref="3135898188"/>
    <nd ref="3135898184"/>
    <nd ref="3135898165"/>
    <nd ref="3135898177"/>
    <nd ref="3135898205"/>
    <nd ref="3135898202"/>
    <nd ref="3135898209"/>
    <nd ref="3135898203"/>
    <tag k="addr:city" v="Kingsbury"/>
    <tag k="addr:housenumber" v="14"/>
    <tag k="addr:postcode" v="B78 2NS"/>
    <tag k="addr:street" v="Wright Close"/>
    <tag k="building" v="residential"/>
  </way>
  <way id="308296547" version="1" timestamp="2014-10-17T21:09:31Z" changeset="26156535" uid="735" user="blackadder">
    <nd ref="3135905349"/>
    <nd ref="3135905352"/>
    <nd ref="3135905355"/>
    <nd ref="3135905354"/>
    <nd ref="3135905351"/>
    <nd ref="3135905347"/>
    <nd ref="3135905346"/>
    <nd ref="3135905345"/>
    <nd ref="3135905343"/>
    <nd ref="3135905341"/>
    <nd ref="3135905349"/>
    <tag k="amenity" v="pub"/>
    <tag k="building" v="pub"/>
    <tag k="name" v="The White Swan"/>
  </way>
  <way id="308296548" version="2" timestamp="2014-10-18T21:06:19Z" changeset="26179316" uid="735" user="blackadder">
    <nd ref="3135905336"/>
    <nd ref="3135905339"/>
    <nd ref="3135905332"/>
    <nd ref="3135905331"/>
    <nd ref="3135905329"/>
    <nd ref="3135904928"/>
    <nd ref="3135905336"/>
    <tag k="building" v="yes"/>
    <tag k="leisure" v="social_club"/>
    <tag k="name" v="Kingsbury Country Club"/>
  </way>
  <way id="308459489" version="1" timestamp="2014-10-18T21:06:10Z" changeset="26179316" uid="735" user="blackadder">
    <nd ref="3137460215"/>
    <nd ref="3137460216"/>
    <nd ref="3130063494"/>
    <nd ref="3130063493"/>
    <nd ref="3137460215"/>
    <tag k="addr:city" v="Kingsbury"/>
    <tag k="addr:housenumber" v="10"/>
    <tag k="addr:postcode" v="B78 2NT"/>
    <tag k="addr:street" v="Hadleys Croft"/>
    <tag k="building" v="residential"/>
  </way>
  <way id="308459490" version="1" timestamp="2014-10-18T21:06:10Z" changeset="26179316" uid="735" user="blackadder">
    <nd ref="3137460217"/>
    <nd ref="3137460218"/>
    <nd ref="3130063512"/>
    <nd ref="3130063511"/>
    <nd ref="3137460217"/>
    <tag k="addr:city" v="Kingsbury"/>
    <tag k="addr:housenumber" v="12"/>
    <tag k="addr:postcode" v="B78 2NT"/>
    <tag k="addr:street" v="Hadleys Croft"/>
    <tag k="building" v="residential"/>
  </way>
  <way id="308459491" version="1" timestamp="2014-10-18T21:06:11Z" changeset="26179316" uid="735" user="blackadder">
    <nd ref="3137460211"/>
    <nd ref="3130063463"/>
    <nd ref="3130063456"/>
    <nd ref="3137460209"/>
    <nd ref="3137460211"/>
    <tag k="addr:city" v="Kingsbury"/>
    <tag k="addr:housenumber" v="5"/>
    <tag k="addr:postcode" v="B78 2NT"/>
    <tag k="addr:street" v="Hadleys Croft"/>
    <tag k="building" v="residential"/>
  </way>
  <way id="308459492" version="1" timestamp="2014-10-18T21:06:11Z" changeset="26179316" uid="735" user="blackadder">
    <nd ref="3137460206"/>
    <nd ref="3137460202"/>
    <nd ref="3137460199"/>
    <nd ref="3137460203"/>
    <nd ref="3137460205"/>
    <nd ref="3137460204"/>
    <nd ref="3137460206"/>
    <tag k="addr:city" v="Kingsbury"/>
    <tag k="addr:housenumber" v="52"/>
    <tag k="addr:postcode" v="B78 2LS"/>
    <tag k="addr:street" v="Tamworth Road"/>
    <tag k="building" v="residential"/>
  </way>
  <way id="308459493" version="1" timestamp="2014-10-18T21:06:11Z" changeset="26179316" uid="735" user="blackadder">
    <nd ref="3137460199"/>
    <nd ref="3137460194"/>
    <nd ref="3137460198"/>
    <nd ref="3137460200"/>
    <nd ref="3137460201"/>
    <nd ref="3137460203"/>
    <nd ref="3137460199"/>
    <tag k="addr:city" v="Kingsbury"/>
    <tag k="addr:housenumber" v="54"/>
    <tag k="addr:postcode" v="B78 2LS"/>
    <tag k="addr:street" v="Tamworth Road"/>
    <tag k="building" v="residential"/>
  </way>
  <way id="308459494" version="1" timestamp="2014-10-18T21:06:11Z" changeset="26179316" uid="735" user="blackadder">
    <nd ref="3137460194"/>
    <nd ref="3137460190"/>
    <nd ref="3137460195"/>
    <nd ref="3137460197"/>
    <nd ref="3137460196"/>
    <nd ref="3137460198"/>
    <nd ref="3137460194"/>
    <tag k="addr:city" v="Kingsbury"/>
    <tag k="addr:housenumber" v="56"/>
    <tag k="addr:postcode" v="B78 2LS"/>
    <tag k="addr:street" v="Tamworth Road"/>
    <tag k="building" v="residential"/>
  </way>
  <way id="308459495" version="1" timestamp="2014-10-18T21:06:11Z" changeset="26179316" uid="735" user="blackadder">
    <nd ref="3137460190"/>
    <nd ref="3137460185"/>
    <nd ref="3137460189"/>
    <nd ref="3137460192"/>
    <nd ref="3137460193"/>
    <nd ref="3137460195"/>
    <nd ref="3137460190"/>
    <tag k="addr:city" v="Kingsbury"/>
    <tag k="addr:housenumber" v="58"/>
    <tag k="addr:postcode" v="B78 2LS"/>
    <tag k="addr:street" v="Tamworth Road"/>
    <tag k="building" v="residential"/>
  </way>
  <way id="308459496" version="1" timestamp="2014-10-18T21:06:11Z" changeset="26179316" uid="735" user="blackadder">
    <nd ref="3137460208"/>
    <nd ref="3137460207"/>
    <nd ref="3134796919"/>
    <nd ref="3134796920"/>
    <nd ref="3137460208"/>
    <tag k="addr:city" v="Kingsbury"/>
    <tag k="addr:housenumber" v="59"/>
    <tag k="addr:postcode" v="B78 2LS"/>
    <tag k="addr:street" v="Tamworth Road"/>
    <tag k="building" v="residential"/>
  </way>
  <way id="308459497" version="1" timestamp="2014-10-18T21:06:11Z" changeset="26179316" uid="735" user="blackadder">
    <nd ref="3137460191"/>
    <nd ref="3137460183"/>
    <nd ref="3137460176"/>
    <nd ref="3137460180"/>
    <nd ref="3137460184"/>
    <nd ref="3137460186"/>
    <nd ref="3137460187"/>
    <nd ref="3137460188"/>
    <nd ref="3137460191"/>
    <tag k="addr:city" v="Kingsbury"/>
    <tag k="addr:housenumber" v="60"/>
    <tag k="addr:postcode" v="B78 2LS"/>
    <tag k="addr:street" v="Tamworth Road"/>
    <tag k="building" v="residential"/>
  </way>
  <way id="308459498" version="1" timestamp="2014-10-18T21:06:11Z" changeset="26179316" uid="735" user="blackadder">
    <nd ref="3137460176"/>
    <nd ref="3137460174"/>
    <nd ref="3137460172"/>
    <nd ref="3137460177"/>
    <nd ref="3137460181"/>
    <nd ref="3137460178"/>
    <nd ref="3137460182"/>
    <nd ref="3137460179"/>
    <nd ref="3137460180"/>
    <nd ref="3137460176"/>
    <tag k="addr:city" v="Kingsbury"/>
    <tag k="addr:housenumber" v="62"/>
    <tag k="addr:postcode" v="B78 2LS"/>
    <tag k="addr:street" v="Tamworth Road"/>
    <tag k="building" v="residential"/>
  </way>
  <way id="308459500" version="1" timestamp="2014-10-18T21:06:11Z" changeset="26179316" uid="735" user="blackadder">
    <nd ref="3137460172"/>
    <nd ref="3137460169"/>
    <nd ref="3137460170"/>
    <nd ref="3137460168"/>
    <nd ref="3137460171"/>
    <nd ref="3137460173"/>
    <nd ref="3137460175"/>
    <nd ref="3137460177"/>
    <nd ref="3137460172"/>
    <tag k="addr:city" v="Kingsbury"/>
    <tag k="addr:housenumber" v="64"/>
    <tag k="addr:postcode" v="B78 2LS"/>
    <tag k="addr:street" v="Tamworth Road"/>
    <tag k="building" v="residential"/>
  </way>
  <way id="308459504" version="1" timestamp="2014-10-18T21:06:11Z" changeset="26179316" uid="735" user="blackadder">
    <nd ref="3137460166"/>
    <nd ref="3137460165"/>
    <nd ref="3137460167"/>
    <nd ref="3137460163"/>
    <nd ref="3137460160"/>
    <nd ref="3137460164"/>
    <nd ref="3137460166"/>
    <tag k="addr:city" v="Kingsbury"/>
    <tag k="addr:housenumber" v="66"/>
    <tag k="addr:postcode" v="B78 2LS"/>
    <tag k="addr:street" v="Tamworth Road"/>
    <tag k="building" v="residential"/>
  </way>
  <way id="308459507" version="1" timestamp="2014-10-18T21:06:11Z" changeset="26179316" uid="735" user="blackadder">
    <nd ref="3137460164"/>
    <nd ref="3137460162"/>
    <nd ref="3137460161"/>
    <nd ref="3137460159"/>
    <nd ref="3137460157"/>
    <nd ref="3137460160"/>
    <nd ref="3137460164"/>
    <tag k="addr:city" v="Kingsbury"/>
    <tag k="addr:housenumber" v="68"/>
    <tag k="addr:postcode" v="B78 2LS"/>
    <tag k="addr:street" v="Tamworth Road"/>
    <tag k="building" v="residential"/>
  </way>
  <way id="308459510" version="1" timestamp="2014-10-18T21:06:12Z" changeset="26179316" uid="735" user="blackadder">
    <nd ref="3137460210"/>
    <nd ref="3137460212"/>
    <nd ref="3130063471"/>
    <nd ref="3130063459"/>
    <nd ref="3137460210"/>
    <tag k="addr:city" v="Kingsbury"/>
    <tag k="addr:housenumber" v="7"/>
    <tag k="addr:postcode" v="B78 2NT"/>
    <tag k="addr:street" v="Hadleys Croft"/>
    <tag k="building" v="residential"/>
  </way>
  <way id="308459513" version="1" timestamp="2014-10-18T21:06:12Z" changeset="26179316" uid="735" user="blackadder">
    <nd ref="3137460158"/>
    <nd ref="3137460156"/>
    <nd ref="3137460153"/>
    <nd ref="3137460152"/>
    <nd ref="3137460151"/>
    <nd ref="3137460150"/>
    <nd ref="3137460148"/>
    <nd ref="3137460149"/>
    <nd ref="3137460154"/>
    <nd ref="3137460155"/>
    <nd ref="3137460158"/>
    <tag k="addr:city" v="Kingsbury"/>
    <tag k="addr:housenumber" v="70"/>
    <tag k="addr:postcode" v="B78 2LS"/>
    <tag k="addr:street" v="Tamworth Road"/>
    <tag k="building" v="residential"/>
  </way>
  <way id="308459514" version="1" timestamp="2014-10-18T21:06:12Z" changeset="26179316" uid="735" user="blackadder">
    <nd ref="3137460214"/>
    <nd ref="3130063474"/>
    <nd ref="3130063472"/>
    <nd ref="3137460213"/>
    <nd ref="3137460214"/>
    <tag k="addr:city" v="Kingsbury"/>
    <tag k="addr:housenumber" v="8"/>
    <tag k="addr:postcode" v="B78 2NT"/>
    <tag k="addr:street" v="Hadleys Croft"/>
    <tag k="building" v="residential"/>
  </way>
  <way id="308471051" version="1" timestamp="2014-10-18T22:02:11Z" changeset="26180421" uid="735" user="blackadder">
    <nd ref="3137531288"/>
    <nd ref="3137531289"/>
    <nd ref="3137531280"/>
    <nd ref="3137531279"/>
    <nd ref="3137531288"/>
    <tag k="addr:city" v="Kingsbury"/>
    <tag k="addr:postcode" v="B78 2LL"/>
    <tag k="addr:street" v="Jubilee Court"/>
    <tag k="building" v="retail"/>
    <tag k="name" v="Barbers/Tanning"/>
    <tag k="shop" v="hairdresser"/>
  </way>
  <way id="308471052" version="1" timestamp="2014-10-18T22:02:11Z" changeset="26180421" uid="735" user="blackadder">
    <nd ref="3130065028"/>
    <nd ref="3130065155"/>
    <nd ref="3135897949"/>
    <nd ref="3137531277"/>
    <nd ref="3130065028"/>
    <tag k="addr:city" v="Kingsbury"/>
    <tag k="addr:housenumber" v="1-15"/>
    <tag k="addr:postcode" v="B78 2LL"/>
    <tag k="addr:street" v="Jubilee Court"/>
    <tag k="building" v="residential"/>
  </way>
  <way id="308471053" version="1" timestamp="2014-10-18T22:02:11Z" changeset="26180421" uid="735" user="blackadder">
    <nd ref="3137531296"/>
    <nd ref="3137531294"/>
    <nd ref="3137531293"/>
    <nd ref="3137531292"/>
    <nd ref="3137531295"/>
    <nd ref="3137531297"/>
    <nd ref="3137531298"/>
    <nd ref="3137531299"/>
    <nd ref="3137531300"/>
    <nd ref="3137531301"/>
    <nd ref="3137531296"/>
    <tag k="addr:city" v="Kingsbury"/>
    <tag k="addr:housenumber" v="12"/>
    <tag k="addr:postcode" v="B78 2LD"/>
    <tag k="addr:street" v="Tamworth Road"/>
    <tag k="building" v="residential"/>
  </way>
  <way id="308471054" version="1" timestamp="2014-10-18T22:02:11Z" changeset="26180421" uid="735" user="blackadder">
    <nd ref="3137531278"/>
    <nd ref="3137531276"/>
    <nd ref="3137531286"/>
    <nd ref="3137531287"/>
    <nd ref="3137531288"/>
    <nd ref="3137531279"/>
    <nd ref="3137531278"/>
    <tag k="addr:city" v="Kingsbury"/>
    <tag k="addr:postcode" v="B78 2LL"/>
    <tag k="addr:street" v="Jubilee Court"/>
    <tag k="building" v="retail"/>
    <tag k="name" v="Jay's Food &amp; Wine"/>
    <tag k="shop" v="convenience"/>
  </way>
  <way id="308471056" version="1" timestamp="2014-10-18T22:02:11Z" changeset="26180421" uid="735" user="blackadder">
    <nd ref="3137531289"/>
    <nd ref="3137531290"/>
    <nd ref="3137531281"/>
    <nd ref="3137531280"/>
    <nd ref="3137531289"/>
    <tag k="addr:city" v="Kingsbury"/>
    <tag k="addr:postcode" v="B78 2LL"/>
    <tag k="addr:street" v="Jubilee Court"/>
    <tag k="amenity" v="cafe"/>
    <tag k="building" v="retail"/>
    <tag k="name" v="Lemon Tree Cafe"/>
  </way>
  <way id="308471057" version="1" timestamp="2014-10-18T22:02:11Z" changeset="26180421" uid="735" user="blackadder">
    <nd ref="3137531290"/>
    <nd ref="3130065155"/>
    <nd ref="3135897949"/>
    <nd ref="3130065132"/>
    <nd ref="3137531281"/>
    <nd ref="3137531290"/>
    <tag k="addr:city" v="Kingsbury"/>
    <tag k="addr:postcode" v="B78 2LL"/>
    <tag k="addr:street" v="Jubilee Court"/>
    <tag k="building" v="retail"/>
    <tag k="name" v="The Boutique"/>
    <tag k="shop" v="hairdresser"/>
  </way>
  <way id="308471058" version="2" timestamp="2024-06-01T16:46:40Z" changeset="152130114" uid="13078383" user="Keith Barnett">
    <nd ref="3137531302"/>
    <nd ref="3137531303"/>
    <nd ref="3130065081"/>
    <nd ref="3130065079"/>
    <nd ref="3130065084"/>
    <nd ref="3130065077"/>
    <nd ref="3130065074"/>
    <nd ref="3130065069"/>
    <nd ref="3130065745"/>
    <nd ref="3130065743"/>
    <nd ref="3137531302"/>
    <tag k="addr:city" v="Kingsbury"/>
    <tag k="addr:housenumber" v="3"/>
    <tag k="addr:postcode" v="B78 2LA"/>
    <tag k="addr:street" v="Trinity Road"/>
    <tag k="building" v="residential"/>
  </way>
  <way id="308471060" version="3" timestamp="2023-10-23T16:19:23Z" changeset="143025779" uid="6816132" user="CjMalone">
    <nd ref="3137531275"/>
    <nd ref="3137531284"/>
    <nd ref="3137531286"/>
    <nd ref="3137531276"/>
    <nd ref="3137531275"/>
    <tag k="addr:city" v="Kingsbury"/>
    <tag k="addr:housenumber" v="2"/>
    <tag k="addr:postcode" v="B78 2LL"/>
    <tag k="addr:street" v="Jubilee Court"/>
    <tag k="addr:village" v="Kingsbury Village"/>
    <tag k="amenity" v="post_office"/>
    <tag k="brand" v="Post Office"/>
    <tag k="brand:wikidata" v="Q1783168"/>
    <tag k="building" v="retail"/>
    <tag k="name" v="Kingsbury Post Office"/>
    <tag k="opening_hours" v="Mo,Tu,Th,Fr 05:00-18:30; We,Sa 05:00-19:30; Su 05:00-13:00"/>
    <tag k="ref:pol_id" v="130509"/>
    <tag k="website" v="https://www.postoffice.co.uk/branch-finder/5432014/kingsbury"/>
  </way>
  <way id="308535659" version="2" timestamp="2014-11-10T18:11:56Z" changeset="26693848" uid="735" user="blackadder">
    <nd ref="3138062886"/>
    <nd ref="3138062891"/>
    <nd ref="3138062898"/>
    <nd ref="3138062901"/>
    <nd ref="3138062893"/>
    <nd ref="3138062894"/>
    <nd ref="3138062877"/>
    <nd ref="3138062873"/>
    <nd ref="3138062868"/>
    <nd ref="3138062866"/>
    <nd ref="3138062886"/>
    <tag k="addr:city" v="Kingsbury"/>
    <tag k="addr:housenumber" v="9"/>
    <tag k="addr:postcode" v="B78 2JZ"/>
    <tag k="addr:street" v="Hazelcroft"/>
    <tag k="building" v="residential"/>
  </way>
  <way id="308535661" version="2" timestamp="2014-11-10T18:11:47Z" changeset="26693848" uid="735" user="blackadder">
    <nd ref="3138063865"/>
    <nd ref="3138063866"/>
    <nd ref="3138063862"/>
    <nd ref="3138063861"/>
    <nd ref="3138063865"/>
    <tag k="addr:city" v="Kingsbury"/>
    <tag k="addr:housenumber" v="11"/>
    <tag k="addr:postcode" v="B78 2JY"/>
    <tag k="addr:street" v="The Aspens"/>
    <tag k="building" v="residential"/>
  </way>
  <way id="308535664" version="2" timestamp="2014-11-10T18:11:55Z" changeset="26693848" uid="735" user="blackadder">
    <nd ref="3138062927"/>
    <nd ref="3138062928"/>
    <nd ref="3138062922"/>
    <nd ref="3138062921"/>
    <nd ref="3138062927"/>
    <tag k="addr:city" v="Kingsbury"/>
    <tag k="addr:housenumber" v="8"/>
    <tag k="addr:postcode" v="B78 2JZ"/>
    <tag k="addr:street" v="Hazelcroft"/>
    <tag k="building" v="residential"/>
  </way>
  <way id="308535665" version="2" timestamp="2014-11-10T18:11:52Z" changeset="26693848" uid="735" user="blackadder">
    <nd ref="3138062924"/>
    <nd ref="3138062916"/>
    <nd ref="3138062912"/>
    <nd ref="3138062923"/>
    <nd ref="3138062924"/>
    <tag k="addr:city" v="Kingsbury"/>
    <tag k="addr:housenumber" v="4"/>
    <tag k="addr:postcode" v="B78 2JZ"/>
    <tag k="addr:street" v="Hazelcroft"/>
    <tag k="building" v="residential"/>
  </way>
  <way id="308535668" version="2" timestamp="2014-11-10T18:11:53Z" changeset="26693848" uid="735" user="blackadder">
    <nd ref="3138063845"/>
    <nd ref="3138063846"/>
    <nd ref="3138063838"/>
    <nd ref="3138063836"/>
    <nd ref="3138063845"/>
    <tag k="addr:city" v="Kingsbury"/>
    <tag k="addr:housenumber" v="7"/>
    <tag k="addr:postcode" v="B78 2JY"/>
    <tag k="addr:street" v="The Aspens"/>
    <tag k="building" v="residential"/>
  </way>
  <way id="308535670" version="2" timestamp="2014-11-10T18:11:48Z" changeset="26693848" uid="735" user="blackadder">
    <nd ref="3138063869"/>
    <nd ref="3138063870"/>
    <nd ref="3138063868"/>
    <nd ref="3138063867"/>
    <nd ref="3138063869"/>
    <tag k="addr:city" v="Kingsbury"/>
    <tag k="addr:housenumber" v="15"/>
    <tag k="addr:postcode" v="B78 2JY"/>
    <tag k="addr:street" v="The Aspens"/>
    <tag k="building" v="residential"/>
  </way>
  <way id="308535673" version="2" timestamp="2014-11-10T18:11:53Z" changeset="26693848" uid="735" user="blackadder">
    <nd ref="3138062900"/>
    <nd ref="3138062904"/>
    <nd ref="3138062888"/>
    <nd ref="3138062892"/>
    <nd ref="3138062875"/>
    <nd ref="3138062871"/>
    <nd ref="3138062900"/>
    <tag k="addr:city" v="Kingsbury"/>
    <tag k="addr:housenumber" v="7"/>
    <tag k="addr:postcode" v="B78 2JZ"/>
    <tag k="addr:street" v="Hazelcroft"/>
    <tag k="building" v="residential"/>
  </way>
  <way id="308535675" version="2" timestamp="2014-11-10T18:11:56Z" changeset="26693848" uid="735" user="blackadder">
    <nd ref="3138063853"/>
    <nd ref="3138063854"/>
    <nd ref="3138063851"/>
    <nd ref="3138063852"/>
    <nd ref="3138063848"/>
    <nd ref="3138063847"/>
    <nd ref="3138063853"/>
    <tag k="addr:city" v="Kingsbury"/>
    <tag k="addr:housenumber" v="9"/>
    <tag k="addr:postcode" v="B78 2JY"/>
    <tag k="addr:street" v="The Aspens"/>
    <tag k="building" v="residential"/>
  </way>
  <way id="308535678" version="2" timestamp="2014-11-10T18:11:49Z" changeset="26693848" uid="735" user="blackadder">
    <nd ref="3138062925"/>
    <nd ref="3138062926"/>
    <nd ref="3138062918"/>
    <nd ref="3138062917"/>
    <nd ref="3138062913"/>
    <nd ref="3138062911"/>
    <nd ref="3138062925"/>
    <tag k="addr:city" v="Kingsbury"/>
    <tag k="addr:housenumber" v="2"/>
    <tag k="addr:postcode" v="B78 2JZ"/>
    <tag k="addr:street" v="Hazelcroft"/>
    <tag k="building" v="residential"/>
  </way>
  <way id="308535680" version="2" timestamp="2014-11-10T18:11:53Z" changeset="26693848" uid="735" user="blackadder">
    <nd ref="3138062919"/>
    <nd ref="3138062920"/>
    <nd ref="3138062910"/>
    <nd ref="3138062909"/>
    <nd ref="3138062915"/>
    <nd ref="3138062914"/>
    <nd ref="3138062919"/>
    <tag k="addr:city" v="Kingsbury"/>
    <tag k="addr:housenumber" v="6"/>
    <tag k="addr:postcode" v="B78 2JZ"/>
    <tag k="addr:street" v="Hazelcroft"/>
    <tag k="building" v="residential"/>
  </way>
  <way id="308535682" version="2" timestamp="2014-11-10T18:11:52Z" changeset="26693848" uid="735" user="blackadder">
    <nd ref="3138062897"/>
    <nd ref="3138062902"/>
    <nd ref="3138062885"/>
    <nd ref="3138062889"/>
    <nd ref="3138062874"/>
    <nd ref="3138062872"/>
    <nd ref="3138062897"/>
    <tag k="addr:city" v="Kingsbury"/>
    <tag k="addr:housenumber" v="5"/>
    <tag k="addr:postcode" v="B78 2JZ"/>
    <tag k="addr:street" v="Hazelcroft"/>
    <tag k="building" v="residential"/>
  </way>
  <way id="308535685" version="2" timestamp="2014-11-10T18:11:51Z" changeset="26693848" uid="735" user="blackadder">
    <nd ref="3138062887"/>
    <nd ref="3138062890"/>
    <nd ref="3138062903"/>
    <nd ref="3138062905"/>
    <nd ref="3138062867"/>
    <nd ref="3138062865"/>
    <nd ref="3138062887"/>
    <tag k="addr:city" v="Kingsbury"/>
    <tag k="addr:housenumber" v="3"/>
    <tag k="addr:postcode" v="B78 2JZ"/>
    <tag k="addr:street" v="Hazelcroft"/>
    <tag k="building" v="residential"/>
  </way>
  <way id="308535687" version="2" timestamp="2014-11-10T18:11:46Z" changeset="26693848" uid="735" user="blackadder">
    <nd ref="3138063835"/>
    <nd ref="3138063837"/>
    <nd ref="3138063832"/>
    <nd ref="3138063831"/>
    <nd ref="3138063834"/>
    <nd ref="3138063833"/>
    <nd ref="3138063830"/>
    <nd ref="3138063829"/>
    <nd ref="3138063835"/>
    <tag k="addr:city" v="Kingsbury"/>
    <tag k="addr:housenumber" v="10"/>
    <tag k="addr:postcode" v="B78 2JZ"/>
    <tag k="addr:street" v="Hazelcroft"/>
    <tag k="building" v="residential"/>
  </way>
  <way id="308535691" version="2" timestamp="2014-11-10T18:11:46Z" changeset="26693848" uid="735" user="blackadder">
    <nd ref="3138062907"/>
    <nd ref="3138062908"/>
    <nd ref="3138062895"/>
    <nd ref="3138062896"/>
    <nd ref="3138062880"/>
    <nd ref="3138062878"/>
    <nd ref="3138062870"/>
    <nd ref="3138062869"/>
    <nd ref="3138062907"/>
    <tag k="addr:city" v="Kingsbury"/>
    <tag k="addr:housenumber" v="1"/>
    <tag k="addr:postcode" v="B78 2JZ"/>
    <tag k="addr:street" v="Hazelcroft"/>
    <tag k="building" v="residential"/>
  </way>
  <way id="308535694" version="2" timestamp="2014-11-10T18:11:47Z" changeset="26693848" uid="735" user="blackadder">
    <nd ref="3138063849"/>
    <nd ref="3138063850"/>
    <nd ref="3138063842"/>
    <nd ref="3138063841"/>
    <nd ref="3138063844"/>
    <nd ref="3138063843"/>
    <nd ref="3138063840"/>
    <nd ref="3138063839"/>
    <nd ref="3138063849"/>
    <tag k="addr:city" v="Kingsbury"/>
    <tag k="addr:housenumber" v="12"/>
    <tag k="addr:postcode" v="B78 2JZ"/>
    <tag k="addr:street" v="Hazelcroft"/>
    <tag k="building" v="residential"/>
  </way>
  <way id="308535698" version="2" timestamp="2014-11-10T18:11:47Z" changeset="26693848" uid="735" user="blackadder">
    <nd ref="3138062899"/>
    <nd ref="3138062906"/>
    <nd ref="3138062882"/>
    <nd ref="3138062881"/>
    <nd ref="3138062879"/>
    <nd ref="3138062876"/>
    <nd ref="3138062884"/>
    <nd ref="3138062883"/>
    <nd ref="3138062899"/>
    <tag k="addr:city" v="Kingsbury"/>
    <tag k="addr:housenumber" v="11"/>
    <tag k="addr:postcode" v="B78 2JZ"/>
    <tag k="addr:street" v="Hazelcroft"/>
    <tag k="building" v="residential"/>
  </way>
  <way id="308535702" version="2" timestamp="2014-11-10T18:11:48Z" changeset="26693848" uid="735" user="blackadder">
    <nd ref="3138063863"/>
    <nd ref="3138063864"/>
    <nd ref="3138063858"/>
    <nd ref="3138063857"/>
    <nd ref="3138063860"/>
    <nd ref="3138063859"/>
    <nd ref="3138063856"/>
    <nd ref="3138063855"/>
    <nd ref="3138063863"/>
    <tag k="addr:city" v="Kingsbury"/>
    <tag k="addr:housenumber" v="14"/>
    <tag k="addr:postcode" v="B78 2JZ"/>
    <tag k="addr:street" v="Hazelcroft"/>
    <tag k="building" v="residential"/>
  </way>
  <way id="308610367" version="2" timestamp="2014-11-10T18:11:49Z" changeset="26693848" uid="735" user="blackadder">
    <nd ref="3138741208"/>
    <nd ref="3138741202"/>
    <nd ref="3138741218"/>
    <nd ref="3138741215"/>
    <nd ref="3138741198"/>
    <nd ref="3138741196"/>
    <nd ref="3138741174"/>
    <nd ref="3138741178"/>
    <nd ref="3138741163"/>
    <nd ref="3138741164"/>
    <nd ref="3138741208"/>
    <tag k="addr:city" v="Kingsbury"/>
    <tag k="addr:housenumber" v="16"/>
    <tag k="addr:postcode" v="B78 2JY"/>
    <tag k="addr:street" v="The Aspens"/>
    <tag k="building" v="residential"/>
  </way>
  <way id="308610368" version="2" timestamp="2014-11-12T16:58:04Z" changeset="26739150" uid="735" user="blackadder">
    <nd ref="3138741371"/>
    <nd ref="3138741376"/>
    <nd ref="3138741378"/>
    <nd ref="3138741383"/>
    <nd ref="3138741374"/>
    <nd ref="3138741364"/>
    <nd ref="3138741365"/>
    <nd ref="3138741363"/>
    <nd ref="3138741367"/>
    <nd ref="3138741369"/>
    <nd ref="3138741371"/>
    <tag k="addr:city" v="Kingsbury"/>
    <tag k="addr:housenumber" v="108"/>
    <tag k="addr:postcode" v="B78 2PJ"/>
    <tag k="addr:street" v="Sorrel Drive"/>
    <tag k="building" v="residential"/>
  </way>
  <way id="308610369" version="2" timestamp="2014-11-12T16:58:05Z" changeset="26739150" uid="735" user="blackadder">
    <nd ref="3138741222"/>
    <nd ref="3138741332"/>
    <nd ref="3138741331"/>
    <nd ref="3138741203"/>
    <nd ref="3138741204"/>
    <nd ref="3138741194"/>
    <nd ref="3138741197"/>
    <nd ref="3138741209"/>
    <nd ref="3138741210"/>
    <nd ref="3138741224"/>
    <nd ref="3138741222"/>
    <tag k="addr:city" v="Kingsbury"/>
    <tag k="addr:housenumber" v="116"/>
    <tag k="addr:postcode" v="B78 2PJ"/>
    <tag k="addr:street" v="Sorrel Drive"/>
    <tag k="building" v="residential"/>
  </way>
  <way id="308610370" version="2" timestamp="2014-11-10T18:11:49Z" changeset="26693848" uid="735" user="blackadder">
    <nd ref="3138741220"/>
    <nd ref="3138741217"/>
    <nd ref="3138741219"/>
    <nd ref="3138741216"/>
    <nd ref="3138741166"/>
    <nd ref="3138741171"/>
    <nd ref="3138741165"/>
    <nd ref="3138741167"/>
    <nd ref="3138741173"/>
    <nd ref="3138741177"/>
    <nd ref="3138741220"/>
    <tag k="addr:city" v="Kingsbury"/>
    <tag k="addr:housenumber" v="18"/>
    <tag k="addr:postcode" v="B78 2JY"/>
    <tag k="addr:street" v="The Aspens"/>
    <tag k="building" v="residential"/>
  </way>
  <way id="308610372" version="2" timestamp="2014-11-10T18:11:51Z" changeset="26693848" uid="735" user="blackadder">
    <nd ref="3138741339"/>
    <nd ref="3138741342"/>
    <nd ref="3138741343"/>
    <nd ref="3138741344"/>
    <nd ref="3138741340"/>
    <nd ref="3138741341"/>
    <nd ref="3138741226"/>
    <nd ref="3138741223"/>
    <nd ref="3138741329"/>
    <nd ref="3138741228"/>
    <nd ref="3138741336"/>
    <nd ref="3138741337"/>
    <nd ref="3138741339"/>
    <tag k="addr:city" v="Kingsbury"/>
    <tag k="addr:housenumber" v="29"/>
    <tag k="addr:postcode" v="B78 2JU"/>
    <tag k="addr:street" v="Fircroft"/>
    <tag k="building" v="residential"/>
  </way>
  <way id="308610374" version="2" timestamp="2014-11-12T16:58:23Z" changeset="26739150" uid="735" user="blackadder">
    <nd ref="3138741422"/>
    <nd ref="3138741425"/>
    <nd ref="3138741418"/>
    <nd ref="3138741415"/>
    <nd ref="3138741422"/>
    <tag k="addr:city" v="Kingsbury"/>
    <tag k="addr:housenumber" v="96"/>
    <tag k="addr:postcode" v="B78 2PJ"/>
    <tag k="addr:street" v="Sorrel Drive"/>
    <tag k="building" v="residential"/>
  </way>
  <way id="308610376" version="2" timestamp="2014-11-12T16:58:22Z" changeset="26739150" uid="735" user="blackadder">
    <nd ref="3138741574"/>
    <nd ref="3138741576"/>
    <nd ref="3138741570"/>
    <nd ref="3138741567"/>
    <nd ref="3138741574"/>
    <tag k="addr:city" v="Kingsbury"/>
    <tag k="addr:housenumber" v="9"/>
    <tag k="addr:postcode" v="B78 2PP"/>
    <tag k="addr:street" v="Redwood Drive"/>
    <tag k="building" v="residential"/>
  </way>
  <way id="308610377" version="2" timestamp="2014-11-12T16:58:08Z" changeset="26739150" uid="735" user="blackadder">
    <nd ref="3138741586"/>
    <nd ref="3138741590"/>
    <nd ref="3138741581"/>
    <nd ref="3138741579"/>
    <nd ref="3138741586"/>
    <tag k="addr:city" v="Kingsbury"/>
    <tag k="addr:housenumber" v="17"/>
    <tag k="addr:postcode" v="B78 2PP"/>
    <tag k="addr:street" v="Redwood Drive"/>
    <tag k="building" v="residential"/>
  </way>
  <way id="308610378" version="2" timestamp="2014-11-12T16:58:04Z" changeset="26739150" uid="735" user="blackadder">
    <nd ref="3138741576"/>
    <nd ref="3138741578"/>
    <nd ref="3138741572"/>
    <nd ref="3138741570"/>
    <nd ref="3138741576"/>
    <tag k="addr:city" v="Kingsbury"/>
    <tag k="addr:housenumber" v="11"/>
    <tag k="addr:postcode" v="B78 2PP"/>
    <tag k="addr:street" v="Redwood Drive"/>
    <tag k="building" v="residential"/>
  </way>
  <way id="308610379" version="2" timestamp="2014-11-10T18:11:50Z" changeset="26693848" uid="735" user="blackadder">
    <nd ref="3138741213"/>
    <nd ref="3138741205"/>
    <nd ref="3138741169"/>
    <nd ref="3138741179"/>
    <nd ref="3138741213"/>
    <tag k="addr:city" v="Kingsbury"/>
    <tag k="addr:housenumber" v="20"/>
    <tag k="addr:postcode" v="B78 2JY"/>
    <tag k="addr:street" v="The Aspens"/>
    <tag k="building" v="residential"/>
  </way>
  <way id="308610380" version="2" timestamp="2014-11-10T18:11:52Z" changeset="26693848" uid="735" user="blackadder">
    <nd ref="3138741221"/>
    <nd ref="3138741195"/>
    <nd ref="3138741181"/>
    <nd ref="3138741190"/>
    <nd ref="3138741221"/>
    <tag k="addr:city" v="Kingsbury"/>
    <tag k="addr:housenumber" v="36"/>
    <tag k="addr:postcode" v="B78 2JU"/>
    <tag k="addr:street" v="Fircroft"/>
    <tag k="building" v="residential"/>
  </way>
  <way id="308610383" version="2" timestamp="2014-11-12T16:58:05Z" changeset="26739150" uid="735" user="blackadder">
    <nd ref="3138741347"/>
    <nd ref="3138741346"/>
    <nd ref="3138741333"/>
    <nd ref="3138741334"/>
    <nd ref="3138741347"/>
    <tag k="addr:city" v="Kingsbury"/>
    <tag k="addr:housenumber" v="114"/>
    <tag k="addr:postcode" v="B78 2PJ"/>
    <tag k="addr:street" v="Sorrel Drive"/>
    <tag k="building" v="residential"/>
  </way>
  <way id="308610384" version="2" timestamp="2014-11-12T16:58:07Z" changeset="26739150" uid="735" user="blackadder">
    <nd ref="3138741583"/>
    <nd ref="3138741586"/>
    <nd ref="3138741579"/>
    <nd ref="3138741577"/>
    <nd ref="3138741583"/>
    <tag k="addr:city" v="Kingsbury"/>
    <tag k="addr:housenumber" v="15"/>
    <tag k="addr:postcode" v="B78 2PP"/>
    <tag k="addr:street" v="Redwood Drive"/>
    <tag k="building" v="residential"/>
  </way>
  <way id="308610385" version="2" timestamp="2014-11-10T18:11:51Z" changeset="26693848" uid="735" user="blackadder">
    <nd ref="3138741168"/>
    <nd ref="3138741175"/>
    <nd ref="3138741158"/>
    <nd ref="3138741154"/>
    <nd ref="3138741168"/>
    <tag k="addr:city" v="Kingsbury"/>
    <tag k="addr:housenumber" v="34"/>
    <tag k="addr:postcode" v="B78 2JU"/>
    <tag k="addr:street" v="Fircroft"/>
    <tag k="building" v="residential"/>
  </way>
  <way id="308610387" version="2" timestamp="2014-11-12T16:58:11Z" changeset="26739150" uid="735" user="blackadder">
    <nd ref="3138741559"/>
    <nd ref="3138741557"/>
    <nd ref="3138741553"/>
    <nd ref="3138741555"/>
    <nd ref="3138741551"/>
    <nd ref="3138741554"/>
    <nd ref="3138741559"/>
    <tag k="addr:city" v="Kingsbury"/>
    <tag k="addr:housenumber" v="3"/>
    <tag k="addr:postcode" v="B78 2PP"/>
    <tag k="addr:street" v="Redwood Drive"/>
    <tag k="building" v="residential"/>
  </way>
  <way id="308610388" version="2" timestamp="2014-11-10T18:11:50Z" changeset="26693848" uid="735" user="blackadder">
    <nd ref="3138741159"/>
    <nd ref="3138741153"/>
    <nd ref="3138741139"/>
    <nd ref="3138741141"/>
    <nd ref="3138741137"/>
    <nd ref="3138741140"/>
    <nd ref="3138741159"/>
    <tag k="addr:city" v="Kingsbury"/>
    <tag k="addr:housenumber" v="23"/>
    <tag k="addr:postcode" v="B78 2JU"/>
    <tag k="addr:street" v="Fircroft"/>
    <tag k="building" v="residential"/>
  </way>
  <way id="308610389" version="2" timestamp="2014-11-12T16:58:03Z" changeset="26739150" uid="735" user="blackadder">
    <nd ref="3138741400"/>
    <nd ref="3138741403"/>
    <nd ref="3138741399"/>
    <nd ref="3138741398"/>
    <nd ref="3138741397"/>
    <nd ref="3138741391"/>
    <nd ref="3138741400"/>
    <tag k="addr:city" v="Kingsbury"/>
    <tag k="addr:housenumber" v="102"/>
    <tag k="addr:postcode" v="B78 2PJ"/>
    <tag k="addr:street" v="Sorrel Drive"/>
    <tag k="building" v="residential"/>
  </way>
  <way id="308610390" version="2" timestamp="2014-11-12T16:58:22Z" changeset="26739150" uid="735" user="blackadder">
    <nd ref="3138741537"/>
    <nd ref="3138741543"/>
    <nd ref="3138741538"/>
    <nd ref="3138741541"/>
    <nd ref="3138741536"/>
    <nd ref="3138741531"/>
    <nd ref="3138741537"/>
    <tag k="addr:city" v="Kingsbury"/>
    <tag k="addr:housenumber" v="90"/>
    <tag k="addr:postcode" v="B78 2PJ"/>
    <tag k="addr:street" v="Sorrel Drive"/>
    <tag k="building" v="residential"/>
  </way>
  <way id="308610391" version="2" timestamp="2014-11-12T16:58:03Z" changeset="26739150" uid="735" user="blackadder">
    <nd ref="3138741407"/>
    <nd ref="3138741412"/>
    <nd ref="3138741410"/>
    <nd ref="3138741414"/>
    <nd ref="3138741404"/>
    <nd ref="3138741402"/>
    <nd ref="3138741407"/>
    <tag k="addr:city" v="Kingsbury"/>
    <tag k="addr:housenumber" v="100"/>
    <tag k="addr:postcode" v="B78 2PJ"/>
    <tag k="addr:street" v="Sorrel Drive"/>
    <tag k="building" v="residential"/>
  </way>
  <way id="308610392" version="2" timestamp="2014-11-12T16:58:15Z" changeset="26739150" uid="735" user="blackadder">
    <nd ref="3138741565"/>
    <nd ref="3138741569"/>
    <nd ref="3138741564"/>
    <nd ref="3138741560"/>
    <nd ref="3138741558"/>
    <nd ref="3138741556"/>
    <nd ref="3138741565"/>
    <tag k="addr:city" v="Kingsbury"/>
    <tag k="addr:housenumber" v="5"/>
    <tag k="addr:postcode" v="B78 2PP"/>
    <tag k="addr:street" v="Redwood Drive"/>
    <tag k="building" v="residential"/>
  </way>
  <way id="308610393" version="2" timestamp="2014-11-12T16:58:22Z" changeset="26739150" uid="735" user="blackadder">
    <nd ref="3138741428"/>
    <nd ref="3138741533"/>
    <nd ref="3138741426"/>
    <nd ref="3138741424"/>
    <nd ref="3138741423"/>
    <nd ref="3138741421"/>
    <nd ref="3138741428"/>
    <tag k="addr:city" v="Kingsbury"/>
    <tag k="addr:housenumber" v="94"/>
    <tag k="addr:postcode" v="B78 2PJ"/>
    <tag k="addr:street" v="Sorrel Drive"/>
    <tag k="building" v="residential"/>
  </way>
  <way id="308610394" version="2" timestamp="2014-11-10T18:11:51Z" changeset="26693848" uid="735" user="blackadder">
    <nd ref="3138741152"/>
    <nd ref="3138741155"/>
    <nd ref="3138741138"/>
    <nd ref="3138741136"/>
    <nd ref="3138741143"/>
    <nd ref="3138741144"/>
    <nd ref="3138741152"/>
    <tag k="addr:city" v="Kingsbury"/>
    <tag k="addr:housenumber" v="32"/>
    <tag k="addr:postcode" v="B78 2JU"/>
    <tag k="addr:street" v="Fircroft"/>
    <tag k="building" v="residential"/>
  </way>
  <way id="308610395" version="2" timestamp="2014-11-10T18:11:50Z" changeset="26693848" uid="735" user="blackadder">
    <nd ref="3138741182"/>
    <nd ref="3138741176"/>
    <nd ref="3138741162"/>
    <nd ref="3138741161"/>
    <nd ref="3138741156"/>
    <nd ref="3138741160"/>
    <nd ref="3138741182"/>
    <tag k="addr:city" v="Kingsbury"/>
    <tag k="addr:housenumber" v="25"/>
    <tag k="addr:postcode" v="B78 2JU"/>
    <tag k="addr:street" v="Fircroft"/>
    <tag k="building" v="residential"/>
  </way>
  <way id="308610396" version="2" timestamp="2014-11-12T16:58:23Z" changeset="26739150" uid="735" user="blackadder">
    <nd ref="3138741416"/>
    <nd ref="3138741420"/>
    <nd ref="3138741413"/>
    <nd ref="3138741408"/>
    <nd ref="3138741409"/>
    <nd ref="3138741406"/>
    <nd ref="3138741416"/>
    <tag k="addr:city" v="Kingsbury"/>
    <tag k="addr:housenumber" v="98"/>
    <tag k="addr:postcode" v="B78 2PJ"/>
    <tag k="addr:street" v="Sorrel Drive"/>
    <tag k="building" v="residential"/>
  </way>
  <way id="308610397" version="2" timestamp="2014-11-10T18:11:52Z" changeset="26693848" uid="735" user="blackadder">
    <nd ref="3138741225"/>
    <nd ref="3138741338"/>
    <nd ref="3138741227"/>
    <nd ref="3138741191"/>
    <nd ref="3138741206"/>
    <nd ref="3138741214"/>
    <nd ref="3138741225"/>
    <tag k="addr:city" v="Kingsbury"/>
    <tag k="addr:housenumber" v="38"/>
    <tag k="addr:postcode" v="B78 2JU"/>
    <tag k="addr:street" v="Fircroft"/>
    <tag k="building" v="residential"/>
  </way>
  <way id="308610398" version="2" timestamp="2014-11-12T16:58:22Z" changeset="26739150" uid="735" user="blackadder">
    <nd ref="3138741535"/>
    <nd ref="3138741539"/>
    <nd ref="3138741534"/>
    <nd ref="3138741530"/>
    <nd ref="3138741529"/>
    <nd ref="3138741427"/>
    <nd ref="3138741535"/>
    <tag k="addr:city" v="Kingsbury"/>
    <tag k="addr:housenumber" v="92"/>
    <tag k="addr:postcode" v="B78 2PJ"/>
    <tag k="addr:street" v="Sorrel Drive"/>
    <tag k="building" v="residential"/>
  </way>
  <way id="308610399" version="2" timestamp="2014-11-12T16:58:04Z" changeset="26739150" uid="735" user="blackadder">
    <nd ref="3138741386"/>
    <nd ref="3138741395"/>
    <nd ref="3138741380"/>
    <nd ref="3138741377"/>
    <nd ref="3138741379"/>
    <nd ref="3138741375"/>
    <nd ref="3138741386"/>
    <tag k="addr:city" v="Kingsbury"/>
    <tag k="addr:housenumber" v="106"/>
    <tag k="addr:postcode" v="B78 2PJ"/>
    <tag k="addr:street" v="Sorrel Drive"/>
    <tag k="building" v="residential"/>
  </way>
  <way id="308610400" version="2" timestamp="2014-11-12T16:58:10Z" changeset="26739150" uid="735" user="blackadder">
    <nd ref="3138741605"/>
    <nd ref="3138741607"/>
    <nd ref="3138741608"/>
    <nd ref="3138741600"/>
    <nd ref="3138741596"/>
    <nd ref="3138741598"/>
    <nd ref="3138741597"/>
    <nd ref="3138741605"/>
    <tag k="addr:city" v="Kingsbury"/>
    <tag k="addr:housenumber" v="23"/>
    <tag k="addr:postcode" v="B78 2PP"/>
    <tag k="addr:street" v="Redwood Drive"/>
    <tag k="building" v="residential"/>
  </way>
  <way id="308610401" version="2" timestamp="2014-11-12T16:58:09Z" changeset="26739150" uid="735" user="blackadder">
    <nd ref="3138741593"/>
    <nd ref="3138741594"/>
    <nd ref="3138741592"/>
    <nd ref="3138741595"/>
    <nd ref="3138741587"/>
    <nd ref="3138741585"/>
    <nd ref="3138741584"/>
    <nd ref="3138741582"/>
    <nd ref="3138741593"/>
    <tag k="addr:city" v="Kingsbury"/>
    <tag k="addr:housenumber" v="19"/>
    <tag k="addr:postcode" v="B78 2PP"/>
    <tag k="addr:street" v="Redwood Drive"/>
    <tag k="building" v="residential"/>
  </way>
  <way id="308610402" version="2" timestamp="2014-11-12T16:58:18Z" changeset="26739150" uid="735" user="blackadder">
    <nd ref="3138741568"/>
    <nd ref="3138741571"/>
    <nd ref="3138741573"/>
    <nd ref="3138741575"/>
    <nd ref="3138741566"/>
    <nd ref="3138741562"/>
    <nd ref="3138741563"/>
    <nd ref="3138741561"/>
    <nd ref="3138741568"/>
    <tag k="addr:city" v="Kingsbury"/>
    <tag k="addr:housenumber" v="7"/>
    <tag k="addr:postcode" v="B78 2PP"/>
    <tag k="addr:street" v="Redwood Drive"/>
    <tag k="building" v="residential"/>
  </way>
  <way id="308610403" version="2" timestamp="2014-11-12T16:58:02Z" changeset="26739150" uid="735" user="blackadder">
    <nd ref="3138741552"/>
    <nd ref="3138741550"/>
    <nd ref="3138741548"/>
    <nd ref="3138741546"/>
    <nd ref="3138741540"/>
    <nd ref="3138741542"/>
    <nd ref="3138741544"/>
    <nd ref="3138741547"/>
    <nd ref="3138741552"/>
    <tag k="addr:city" v="Kingsbury"/>
    <tag k="addr:housenumber" v="1"/>
    <tag k="addr:postcode" v="B78 2PP"/>
    <tag k="addr:street" v="Redwood Drive"/>
    <tag k="building" v="residential"/>
  </way>
  <way id="308610404" version="2" timestamp="2014-11-12T16:58:06Z" changeset="26739150" uid="735" user="blackadder">
    <nd ref="3138741142"/>
    <nd ref="3138741150"/>
    <nd ref="3138741148"/>
    <nd ref="3138741149"/>
    <nd ref="3138741132"/>
    <nd ref="3138740024"/>
    <nd ref="3138741130"/>
    <nd ref="3138740026"/>
    <nd ref="3138741142"/>
    <tag k="addr:city" v="Kingsbury"/>
    <tag k="addr:housenumber" v="120"/>
    <tag k="addr:postcode" v="B78 2PJ"/>
    <tag k="addr:street" v="Sorrel Drive"/>
    <tag k="building" v="residential"/>
  </way>
  <way id="308610405" version="2" timestamp="2014-11-12T16:58:05Z" changeset="26739150" uid="735" user="blackadder">
    <nd ref="3138741193"/>
    <nd ref="3138741192"/>
    <nd ref="3138741187"/>
    <nd ref="3138741186"/>
    <nd ref="3138741170"/>
    <nd ref="3138741172"/>
    <nd ref="3138741185"/>
    <nd ref="3138741184"/>
    <nd ref="3138741193"/>
    <tag k="addr:city" v="Kingsbury"/>
    <tag k="addr:housenumber" v="118"/>
    <tag k="addr:postcode" v="B78 2PJ"/>
    <tag k="addr:street" v="Sorrel Drive"/>
    <tag k="building" v="residential"/>
  </way>
  <way id="308610406" version="2" timestamp="2014-11-12T16:58:05Z" changeset="26739150" uid="735" user="blackadder">
    <nd ref="3138741366"/>
    <nd ref="3138741362"/>
    <nd ref="3138741357"/>
    <nd ref="3138741358"/>
    <nd ref="3138741355"/>
    <nd ref="3138741359"/>
    <nd ref="3138741360"/>
    <nd ref="3138741361"/>
    <nd ref="3138741366"/>
    <tag k="addr:city" v="Kingsbury"/>
    <tag k="addr:housenumber" v="110"/>
    <tag k="addr:postcode" v="B78 2PJ"/>
    <tag k="addr:street" v="Sorrel Drive"/>
    <tag k="building" v="residential"/>
  </way>
  <way id="308610407" version="2" timestamp="2014-11-12T16:58:04Z" changeset="26739150" uid="735" user="blackadder">
    <nd ref="3138741396"/>
    <nd ref="3138741401"/>
    <nd ref="3138741394"/>
    <nd ref="3138741393"/>
    <nd ref="3138741392"/>
    <nd ref="3138741389"/>
    <nd ref="3138741387"/>
    <nd ref="3138741381"/>
    <nd ref="3138741396"/>
    <tag k="addr:city" v="Kingsbury"/>
    <tag k="addr:housenumber" v="104"/>
    <tag k="addr:postcode" v="B78 2PJ"/>
    <tag k="addr:street" v="Sorrel Drive"/>
    <tag k="building" v="residential"/>
  </way>
  <way id="308610408" version="2" timestamp="2014-11-12T16:58:11Z" changeset="26739150" uid="735" user="blackadder">
    <nd ref="3138741608"/>
    <nd ref="3138741610"/>
    <nd ref="3138741609"/>
    <nd ref="3138741611"/>
    <nd ref="3138741606"/>
    <nd ref="3138741602"/>
    <nd ref="3138741603"/>
    <nd ref="3138741600"/>
    <nd ref="3138741608"/>
    <tag k="addr:city" v="Kingsbury"/>
    <tag k="addr:housenumber" v="25"/>
    <tag k="addr:postcode" v="B78 2PP"/>
    <tag k="addr:street" v="Redwood Drive"/>
    <tag k="building" v="residential"/>
  </way>
  <way id="308610409" version="2" timestamp="2014-11-12T16:58:05Z" changeset="26739150" uid="735" user="blackadder">
    <nd ref="3138741352"/>
    <nd ref="3138741351"/>
    <nd ref="3138741356"/>
    <nd ref="3138741354"/>
    <nd ref="3138741350"/>
    <nd ref="3138741349"/>
    <nd ref="3138741345"/>
    <nd ref="3138741348"/>
    <nd ref="3138741352"/>
    <tag k="addr:city" v="Kingsbury"/>
    <tag k="addr:housenumber" v="112"/>
    <tag k="addr:postcode" v="B78 2PJ"/>
    <tag k="addr:street" v="Sorrel Drive"/>
    <tag k="building" v="residential"/>
  </way>
  <way id="308610410" version="2" timestamp="2014-11-12T16:58:10Z" changeset="26739150" uid="735" user="blackadder">
    <nd ref="3138741595"/>
    <nd ref="3138741599"/>
    <nd ref="3138741601"/>
    <nd ref="3138741604"/>
    <nd ref="3138741591"/>
    <nd ref="3138741588"/>
    <nd ref="3138741589"/>
    <nd ref="3138741587"/>
    <nd ref="3138741595"/>
    <tag k="addr:city" v="Kingsbury"/>
    <tag k="addr:housenumber" v="21"/>
    <tag k="addr:postcode" v="B78 2PP"/>
    <tag k="addr:street" v="Redwood Drive"/>
    <tag k="building" v="residential"/>
  </way>
  <way id="308610411" version="2" timestamp="2014-11-10T18:11:51Z" changeset="26693848" uid="735" user="blackadder">
    <nd ref="3138741201"/>
    <nd ref="3138741199"/>
    <nd ref="3138741211"/>
    <nd ref="3138741200"/>
    <nd ref="3138741189"/>
    <nd ref="3138741188"/>
    <nd ref="3138741180"/>
    <nd ref="3138741183"/>
    <nd ref="3138741201"/>
    <tag k="addr:city" v="Kingsbury"/>
    <tag k="addr:housenumber" v="27"/>
    <tag k="addr:postcode" v="B78 2JU"/>
    <tag k="addr:street" v="Fircroft"/>
    <tag k="building" v="residential"/>
  </way>
  <way id="308610412" version="2" timestamp="2014-11-12T16:58:06Z" changeset="26739150" uid="735" user="blackadder">
    <nd ref="3138741147"/>
    <nd ref="3138741151"/>
    <nd ref="3138741145"/>
    <nd ref="3138741146"/>
    <nd ref="3138740027"/>
    <nd ref="3138740025"/>
    <nd ref="3138741133"/>
    <nd ref="3138740028"/>
    <nd ref="3138741147"/>
    <tag k="addr:city" v="Kingsbury"/>
    <tag k="addr:housenumber" v="122"/>
    <tag k="addr:postcode" v="B78 2PJ"/>
    <tag k="addr:street" v="Sorrel Drive"/>
    <tag k="building" v="residential"/>
  </way>
  <way id="308610413" version="2" timestamp="2014-11-10T18:11:51Z" changeset="26693848" uid="735" user="blackadder">
    <nd ref="3138741134"/>
    <nd ref="3138741135"/>
    <nd ref="3138741129"/>
    <nd ref="3138741131"/>
    <nd ref="3138740021"/>
    <nd ref="3138740020"/>
    <nd ref="3138740023"/>
    <nd ref="3138740022"/>
    <nd ref="3138741134"/>
    <tag k="addr:city" v="Kingsbury"/>
    <tag k="addr:housenumber" v="30"/>
    <tag k="addr:postcode" v="B78 2JU"/>
    <tag k="addr:street" v="Fircroft"/>
    <tag k="building" v="residential"/>
  </way>
  <way id="308886787" version="2" timestamp="2014-11-12T16:58:15Z" changeset="26739150" uid="735" user="blackadder">
    <nd ref="3141761558"/>
    <nd ref="3141761552"/>
    <nd ref="3141761530"/>
    <nd ref="3141761524"/>
    <nd ref="3141761506"/>
    <nd ref="3141761507"/>
    <nd ref="3141761510"/>
    <nd ref="3141761513"/>
    <nd ref="3141761526"/>
    <nd ref="3141761532"/>
    <nd ref="3141761558"/>
    <tag k="addr:city" v="Kingsbury"/>
    <tag k="addr:housenumber" v="51"/>
    <tag k="addr:postcode" v="B78 2PQ"/>
    <tag k="addr:street" v="Sorrel Drive"/>
    <tag k="building" v="residential"/>
  </way>
  <way id="308886788" version="2" timestamp="2014-11-12T16:58:17Z" changeset="26739150" uid="735" user="blackadder">
    <nd ref="3141761613"/>
    <nd ref="3141761618"/>
    <nd ref="3141761616"/>
    <nd ref="3141761620"/>
    <nd ref="3141761615"/>
    <nd ref="3141761617"/>
    <nd ref="3141761610"/>
    <nd ref="3141761599"/>
    <nd ref="3141761607"/>
    <nd ref="3141761601"/>
    <nd ref="3141761613"/>
    <tag k="addr:city" v="Kingsbury"/>
    <tag k="addr:housenumber" v="63"/>
    <tag k="addr:postcode" v="B78 2PJ"/>
    <tag k="addr:street" v="Sorrel Drive"/>
    <tag k="building" v="residential"/>
  </way>
  <way id="308886789" version="2" timestamp="2014-11-12T16:58:16Z" changeset="26739150" uid="735" user="blackadder">
    <nd ref="3183034820"/>
    <nd ref="3141761563"/>
    <nd ref="3141761557"/>
    <nd ref="3141761548"/>
    <nd ref="3183034820"/>
    <tag k="addr:city" v="Kingsbury"/>
    <tag k="addr:housenumber" v="58"/>
    <tag k="addr:postcode" v="B78 2PQ"/>
    <tag k="addr:street" v="Sorrel Drive"/>
    <tag k="building" v="residential"/>
  </way>
  <way id="308886790" version="2" timestamp="2014-11-12T16:58:17Z" changeset="26739150" uid="735" user="blackadder">
    <nd ref="3141761590"/>
    <nd ref="3141761584"/>
    <nd ref="3141761575"/>
    <nd ref="3141761579"/>
    <nd ref="3141761590"/>
    <tag k="addr:city" v="Kingsbury"/>
    <tag k="addr:housenumber" v="61"/>
    <tag k="addr:postcode" v="B78 2PQ"/>
    <tag k="addr:street" v="Sorrel Drive"/>
    <tag k="building" v="residential"/>
  </way>
  <way id="308886791" version="2" timestamp="2014-11-12T16:58:19Z" changeset="26739150" uid="735" user="blackadder">
    <nd ref="3141761645"/>
    <nd ref="3141761650"/>
    <nd ref="3141761632"/>
    <nd ref="3141761631"/>
    <nd ref="3141761645"/>
    <tag k="addr:city" v="Kingsbury"/>
    <tag k="addr:housenumber" v="76"/>
    <tag k="addr:postcode" v="B78 2PQ"/>
    <tag k="addr:street" v="Sorrel Drive"/>
    <tag k="building" v="residential"/>
  </way>
  <way id="308886792" version="2" timestamp="2014-11-12T16:58:20Z" changeset="26739150" uid="735" user="blackadder">
    <nd ref="3141761502"/>
    <nd ref="3141761486"/>
    <nd ref="3141761490"/>
    <nd ref="3141761505"/>
    <nd ref="3141761502"/>
    <tag k="addr:city" v="Kingsbury"/>
    <tag k="addr:housenumber" v="8"/>
    <tag k="addr:postcode" v="B78 2PB"/>
    <tag k="addr:street" v="Elder Close"/>
    <tag k="building" v="residential"/>
  </way>
  <way id="308886793" version="2" timestamp="2014-11-12T16:58:22Z" changeset="26739150" uid="735" user="blackadder">
    <nd ref="3141761470"/>
    <nd ref="3141761468"/>
    <nd ref="3141761467"/>
    <nd ref="3141761469"/>
    <nd ref="3141761470"/>
    <tag k="addr:city" v="Kingsbury"/>
    <tag k="addr:housenumber" v="9"/>
    <tag k="addr:postcode" v="B78 2PA"/>
    <tag k="addr:street" v="The Larches"/>
    <tag k="building" v="residential"/>
  </way>
  <way id="308886794" version="2" timestamp="2014-11-12T16:58:04Z" changeset="26739150" uid="735" user="blackadder">
    <nd ref="3141761468"/>
    <nd ref="3141761466"/>
    <nd ref="3141761464"/>
    <nd ref="3141761467"/>
    <nd ref="3141761468"/>
    <tag k="addr:city" v="Kingsbury"/>
    <tag k="addr:housenumber" v="11"/>
    <tag k="addr:postcode" v="B78 2PA"/>
    <tag k="addr:street" v="The Larches"/>
    <tag k="building" v="residential"/>
  </way>
  <way id="308886795" version="2" timestamp="2014-11-12T16:58:05Z" changeset="26739150" uid="735" user="blackadder">
    <nd ref="3141761677"/>
    <nd ref="3141761675"/>
    <nd ref="3141761676"/>
    <nd ref="3141761678"/>
    <nd ref="3141761677"/>
    <tag k="addr:city" v="Kingsbury"/>
    <tag k="addr:housenumber" v="12"/>
    <tag k="addr:postcode" v="B78 2PP"/>
    <tag k="addr:street" v="Redwood Drive"/>
    <tag k="building" v="residential"/>
  </way>
  <way id="308886796" version="2" timestamp="2014-11-12T16:58:13Z" changeset="26739150" uid="735" user="blackadder">
    <nd ref="3141761493"/>
    <nd ref="3141761491"/>
    <nd ref="3141761476"/>
    <nd ref="3141761477"/>
    <nd ref="3141761493"/>
    <tag k="addr:city" v="Kingsbury"/>
    <tag k="addr:housenumber" v="4"/>
    <tag k="addr:postcode" v="B78 2PB"/>
    <tag k="addr:street" v="Elder Close"/>
    <tag k="building" v="residential"/>
  </way>
  <way id="308886797" version="2" timestamp="2014-11-12T16:58:03Z" changeset="26739150" uid="735" user="blackadder">
    <nd ref="3141761518"/>
    <nd ref="3141761514"/>
    <nd ref="3141761494"/>
    <nd ref="3141761500"/>
    <nd ref="3141761518"/>
    <tag k="addr:city" v="Kingsbury"/>
    <tag k="addr:housenumber" v="10"/>
    <tag k="addr:postcode" v="B78 2PB"/>
    <tag k="addr:street" v="Elder Close"/>
    <tag k="building" v="residential"/>
  </way>
  <way id="308886798" version="2" timestamp="2014-11-12T16:58:16Z" changeset="26739150" uid="735" user="blackadder">
    <nd ref="3141761575"/>
    <nd ref="3141761569"/>
    <nd ref="3141761573"/>
    <nd ref="3141761579"/>
    <nd ref="3141761575"/>
    <tag k="addr:city" v="Kingsbury"/>
    <tag k="addr:housenumber" v="59"/>
    <tag k="addr:postcode" v="B78 2PQ"/>
    <tag k="addr:street" v="Sorrel Drive"/>
    <tag k="building" v="residential"/>
  </way>
  <way id="308886799" version="2" timestamp="2014-11-12T16:58:16Z" changeset="26739150" uid="735" user="blackadder">
    <nd ref="3141761571"/>
    <nd ref="3141761565"/>
    <nd ref="3141761554"/>
    <nd ref="3141761559"/>
    <nd ref="3141761571"/>
    <tag k="addr:city" v="Kingsbury"/>
    <tag k="addr:housenumber" v="57"/>
    <tag k="addr:postcode" v="B78 2PQ"/>
    <tag k="addr:street" v="Sorrel Drive"/>
    <tag k="building" v="residential"/>
  </way>
  <way id="308886800" version="2" timestamp="2014-11-12T16:58:18Z" changeset="26739150" uid="735" user="blackadder">
    <nd ref="3141761619"/>
    <nd ref="3141761621"/>
    <nd ref="3141761612"/>
    <nd ref="3141761611"/>
    <nd ref="3141761619"/>
    <tag k="addr:city" v="Kingsbury"/>
    <tag k="addr:housenumber" v="70"/>
    <tag k="addr:postcode" v="B78 2PQ"/>
    <tag k="addr:street" v="Sorrel Drive"/>
    <tag k="building" v="residential"/>
  </way>
  <way id="308886801" version="2" timestamp="2014-11-12T16:58:15Z" changeset="26739150" uid="735" user="blackadder">
    <nd ref="3141761512"/>
    <nd ref="3141761545"/>
    <nd ref="3141761541"/>
    <nd ref="3141761509"/>
    <nd ref="3141761512"/>
    <tag k="addr:city" v="Kingsbury"/>
    <tag k="addr:housenumber" v="5"/>
    <tag k="addr:postcode" v="B78 2PA"/>
    <tag k="addr:street" v="The Larches"/>
    <tag k="building" v="residential"/>
  </way>
  <way id="308886802" version="2" timestamp="2014-11-12T16:58:19Z" changeset="26739150" uid="735" user="blackadder">
    <nd ref="3141761637"/>
    <nd ref="3141761645"/>
    <nd ref="3141761631"/>
    <nd ref="3141761626"/>
    <nd ref="3141761637"/>
    <tag k="addr:city" v="Kingsbury"/>
    <tag k="addr:housenumber" v="78"/>
    <tag k="addr:postcode" v="B78 2PQ"/>
    <tag k="addr:street" v="Sorrel Drive"/>
    <tag k="building" v="residential"/>
  </way>
  <way id="308886803" version="2" timestamp="2014-11-12T16:58:19Z" changeset="26739150" uid="735" user="blackadder">
    <nd ref="3141761544"/>
    <nd ref="3141761556"/>
    <nd ref="3141761536"/>
    <nd ref="3141761511"/>
    <nd ref="3141761544"/>
    <tag k="addr:city" v="Kingsbury"/>
    <tag k="addr:housenumber" v="73"/>
    <tag k="addr:postcode" v="B78 2PJ"/>
    <tag k="addr:street" v="Sorrel Drive"/>
    <tag k="building" v="residential"/>
  </way>
  <way id="308886804" version="2" timestamp="2014-11-12T16:58:20Z" changeset="26739150" uid="735" user="blackadder">
    <nd ref="3141761450"/>
    <nd ref="3141761451"/>
    <nd ref="3141761448"/>
    <nd ref="3141761447"/>
    <nd ref="3141761450"/>
    <tag k="addr:city" v="Kingsbury"/>
    <tag k="addr:housenumber" v="8"/>
    <tag k="addr:postcode" v="B78 2PA"/>
    <tag k="addr:street" v="The Larches"/>
    <tag k="building" v="residential"/>
  </way>
  <way id="308886805" version="2" timestamp="2014-11-12T16:58:07Z" changeset="26739150" uid="735" user="blackadder">
    <nd ref="3141761679"/>
    <nd ref="3141761680"/>
    <nd ref="3141761678"/>
    <nd ref="3141761677"/>
    <nd ref="3141761679"/>
    <tag k="addr:city" v="Kingsbury"/>
    <tag k="addr:housenumber" v="14"/>
    <tag k="addr:postcode" v="B78 2PP"/>
    <tag k="addr:street" v="Redwood Drive"/>
    <tag k="building" v="residential"/>
  </way>
  <way id="308886806" version="2" timestamp="2014-11-12T16:58:13Z" changeset="26739150" uid="735" user="blackadder">
    <nd ref="3141761663"/>
    <nd ref="3141761667"/>
    <nd ref="3141761659"/>
    <nd ref="3141761658"/>
    <nd ref="3141761663"/>
    <tag k="addr:city" v="Kingsbury"/>
    <tag k="addr:housenumber" v="4"/>
    <tag k="addr:postcode" v="B78 2PP"/>
    <tag k="addr:street" v="Redwood Drive"/>
    <tag k="building" v="residential"/>
  </way>
  <way id="308886807" version="2" timestamp="2014-11-12T16:58:19Z" changeset="26739150" uid="735" user="blackadder">
    <nd ref="3141761654"/>
    <nd ref="3141761655"/>
    <nd ref="3141761643"/>
    <nd ref="3141761641"/>
    <nd ref="3141761654"/>
    <tag k="addr:city" v="Kingsbury"/>
    <tag k="addr:housenumber" v="74"/>
    <tag k="addr:postcode" v="B78 2PQ"/>
    <tag k="addr:street" v="Sorrel Drive"/>
    <tag k="building" v="residential"/>
  </way>
  <way id="308886808" version="2" timestamp="2014-11-12T16:58:03Z" changeset="26739150" uid="735" user="blackadder">
    <nd ref="3141761674"/>
    <nd ref="3141761673"/>
    <nd ref="3141761668"/>
    <nd ref="3141761672"/>
    <nd ref="3141761674"/>
    <tag k="addr:city" v="Kingsbury"/>
    <tag k="addr:housenumber" v="10"/>
    <tag k="addr:postcode" v="B78 2PP"/>
    <tag k="addr:street" v="Redwood Drive"/>
    <tag k="building" v="residential"/>
  </way>
  <way id="308886809" version="2" timestamp="2014-11-12T16:58:15Z" changeset="26739150" uid="735" user="blackadder">
    <nd ref="3141761554"/>
    <nd ref="3141761543"/>
    <nd ref="3141761549"/>
    <nd ref="3141761559"/>
    <nd ref="3141761554"/>
    <tag k="addr:city" v="Kingsbury"/>
    <tag k="addr:housenumber" v="55"/>
    <tag k="addr:postcode" v="B78 2PQ"/>
    <tag k="addr:street" v="Sorrel Drive"/>
    <tag k="building" v="residential"/>
  </way>
  <way id="308886810" version="2" timestamp="2014-11-12T16:58:06Z" changeset="26739150" uid="735" user="blackadder">
    <nd ref="3141761520"/>
    <nd ref="3141761516"/>
    <nd ref="3141761503"/>
    <nd ref="3141761497"/>
    <nd ref="3141761501"/>
    <nd ref="3141761520"/>
    <tag k="addr:city" v="Kingsbury"/>
    <tag k="addr:housenumber" v="14"/>
    <tag k="addr:postcode" v="B78 2PB"/>
    <tag k="addr:street" v="Elder Close"/>
    <tag k="building" v="residential"/>
  </way>
  <way id="308886811" version="2" timestamp="2014-11-12T16:58:12Z" changeset="26739150" uid="735" user="blackadder">
    <nd ref="3141761512"/>
    <nd ref="3141761517"/>
    <nd ref="3141761537"/>
    <nd ref="3141761548"/>
    <nd ref="3141761545"/>
    <nd ref="3141761512"/>
    <tag k="addr:city" v="Kingsbury"/>
    <tag k="addr:housenumber" v="3"/>
    <tag k="addr:postcode" v="B78 2PA"/>
    <tag k="addr:street" v="The Larches"/>
    <tag k="building" v="residential"/>
  </way>
  <way id="308886812" version="2" timestamp="2014-11-12T16:58:17Z" changeset="26739150" uid="735" user="blackadder">
    <nd ref="3141761595"/>
    <nd ref="3141761587"/>
    <nd ref="3183034822"/>
    <nd ref="3141761589"/>
    <nd ref="3141761597"/>
    <nd ref="3141761596"/>
    <nd ref="3141761595"/>
    <tag k="addr:city" v="Kingsbury"/>
    <tag k="addr:housenumber" v="64"/>
    <tag k="addr:postcode" v="B78 2PQ"/>
    <tag k="addr:street" v="Sorrel Drive"/>
    <tag k="building" v="residential"/>
  </way>
  <way id="308886813" version="2" timestamp="2014-11-12T16:58:05Z" changeset="26739150" uid="735" user="blackadder">
    <nd ref="3141761516"/>
    <nd ref="3141761522"/>
    <nd ref="3141761518"/>
    <nd ref="3141761500"/>
    <nd ref="3141761503"/>
    <nd ref="3141761516"/>
    <tag k="addr:city" v="Kingsbury"/>
    <tag k="addr:housenumber" v="12"/>
    <tag k="addr:postcode" v="B78 2PB"/>
    <tag k="addr:street" v="Elder Close"/>
    <tag k="building" v="residential"/>
  </way>
  <way id="308886815" version="3" timestamp="2014-11-12T16:58:06Z" changeset="26739150" uid="735" user="blackadder">
    <nd ref="3141761445"/>
    <nd ref="3141761441"/>
    <nd ref="3183034809"/>
    <nd ref="3141761440"/>
    <nd ref="3141761444"/>
    <nd ref="3141761445"/>
    <tag k="addr:city" v="Kingsbury"/>
    <tag k="addr:housenumber" v="12"/>
    <tag k="addr:postcode" v="B78 2PA"/>
    <tag k="addr:street" v="The Larches"/>
    <tag k="building" v="residential"/>
  </way>
  <way id="308886816" version="2" timestamp="2014-11-12T16:58:18Z" changeset="26739150" uid="735" user="blackadder">
    <nd ref="3141761611"/>
    <nd ref="3141761602"/>
    <nd ref="3141761603"/>
    <nd ref="3141761604"/>
    <nd ref="3141761612"/>
    <nd ref="3141761611"/>
    <tag k="addr:city" v="Kingsbury"/>
    <tag k="addr:housenumber" v="68"/>
    <tag k="addr:postcode" v="B78 2PQ"/>
    <tag k="addr:street" v="Sorrel Drive"/>
    <tag k="building" v="residential"/>
  </way>
  <way id="308886817" version="2" timestamp="2014-11-12T16:58:17Z" changeset="26739150" uid="735" user="blackadder">
    <nd ref="3183034822"/>
    <nd ref="3141761587"/>
    <nd ref="3141761586"/>
    <nd ref="3141761580"/>
    <nd ref="3183034821"/>
    <nd ref="3183034822"/>
    <tag k="addr:city" v="Kingsbury"/>
    <tag k="addr:housenumber" v="62"/>
    <tag k="addr:postcode" v="B78 2PQ"/>
    <tag k="addr:street" v="Sorrel Drive"/>
    <tag k="building" v="residential"/>
  </way>
  <way id="308886818" version="3" timestamp="2014-11-12T16:58:03Z" changeset="26739150" uid="735" user="blackadder">
    <nd ref="3141761448"/>
    <nd ref="3141761445"/>
    <nd ref="3141761444"/>
    <nd ref="3141761447"/>
    <nd ref="3141761448"/>
    <tag k="addr:city" v="Kingsbury"/>
    <tag k="addr:housenumber" v="10"/>
    <tag k="addr:postcode" v="B78 2PA"/>
    <tag k="addr:street" v="The Larches"/>
    <tag k="building" v="residential"/>
  </way>
  <way id="308886819" version="2" timestamp="2014-11-12T16:58:17Z" changeset="26739150" uid="735" user="blackadder">
    <nd ref="3141761605"/>
    <nd ref="3141761608"/>
    <nd ref="3141761609"/>
    <nd ref="3141761614"/>
    <nd ref="3141761598"/>
    <nd ref="3141761591"/>
    <nd ref="3141761605"/>
    <tag k="addr:city" v="Kingsbury"/>
    <tag k="addr:housenumber" v="65"/>
    <tag k="addr:postcode" v="B78 2PJ"/>
    <tag k="addr:street" v="Sorrel Drive"/>
    <tag k="building" v="residential"/>
  </way>
  <way id="308886820" version="2" timestamp="2014-11-12T16:58:18Z" changeset="26739150" uid="735" user="blackadder">
    <nd ref="3141761479"/>
    <nd ref="3141761481"/>
    <nd ref="3141761470"/>
    <nd ref="3141761469"/>
    <nd ref="3141761473"/>
    <nd ref="3141761475"/>
    <nd ref="3141761479"/>
    <tag k="addr:city" v="Kingsbury"/>
    <tag k="addr:housenumber" v="7"/>
    <tag k="addr:postcode" v="B78 2PA"/>
    <tag k="addr:street" v="The Larches"/>
    <tag k="building" v="residential"/>
  </way>
  <way id="308886821" version="2" timestamp="2014-11-12T16:58:19Z" changeset="26739150" uid="735" user="blackadder">
    <nd ref="3141761655"/>
    <nd ref="3141761656"/>
    <nd ref="3141761640"/>
    <nd ref="3141761638"/>
    <nd ref="3141761644"/>
    <nd ref="3141761643"/>
    <nd ref="3141761655"/>
    <tag k="addr:city" v="Kingsbury"/>
    <tag k="addr:housenumber" v="72"/>
    <tag k="addr:postcode" v="B78 2PQ"/>
    <tag k="addr:street" v="Sorrel Drive"/>
    <tag k="building" v="residential"/>
  </way>
  <way id="308886822" version="2" timestamp="2014-11-12T16:58:20Z" changeset="26739150" uid="735" user="blackadder">
    <nd ref="3141761672"/>
    <nd ref="3141761669"/>
    <nd ref="3141761671"/>
    <nd ref="3141761664"/>
    <nd ref="3141761662"/>
    <nd ref="3141761668"/>
    <nd ref="3141761672"/>
    <tag k="addr:city" v="Kingsbury"/>
    <tag k="addr:housenumber" v="8"/>
    <tag k="addr:postcode" v="B78 2PP"/>
    <tag k="addr:street" v="Redwood Drive"/>
    <tag k="building" v="residential"/>
  </way>
  <way id="308886823" version="2" timestamp="2014-11-12T16:58:09Z" changeset="26739150" uid="735" user="blackadder">
    <nd ref="3141761651"/>
    <nd ref="3141761653"/>
    <nd ref="3141761657"/>
    <nd ref="3141761660"/>
    <nd ref="3141761652"/>
    <nd ref="3141761646"/>
    <nd ref="3141761651"/>
    <tag k="addr:city" v="Kingsbury"/>
    <tag k="addr:housenumber" v="2"/>
    <tag k="addr:postcode" v="B78 2PP"/>
    <tag k="addr:street" v="Redwood Drive"/>
    <tag k="building" v="residential"/>
  </way>
  <way id="308886824" version="2" timestamp="2014-11-12T16:58:19Z" changeset="26739150" uid="735" user="blackadder">
    <nd ref="3141761515"/>
    <nd ref="3141761528"/>
    <nd ref="3141761525"/>
    <nd ref="3141761535"/>
    <nd ref="3141761508"/>
    <nd ref="3141761498"/>
    <nd ref="3141761515"/>
    <tag k="addr:city" v="Kingsbury"/>
    <tag k="addr:housenumber" v="75"/>
    <tag k="addr:postcode" v="B78 2PJ"/>
    <tag k="addr:street" v="Sorrel Drive"/>
    <tag k="building" v="residential"/>
  </way>
  <way id="308886825" version="2" timestamp="2014-11-12T16:58:16Z" changeset="26739150" uid="735" user="blackadder">
    <nd ref="3141761502"/>
    <nd ref="3141761496"/>
    <nd ref="3141761478"/>
    <nd ref="3141761480"/>
    <nd ref="3141761483"/>
    <nd ref="3141761486"/>
    <nd ref="3141761502"/>
    <tag k="addr:city" v="Kingsbury"/>
    <tag k="addr:housenumber" v="6"/>
    <tag k="addr:postcode" v="B78 2PB"/>
    <tag k="addr:street" v="Elder Close"/>
    <tag k="building" v="residential"/>
  </way>
  <way id="308886826" version="2" timestamp="2014-11-12T16:58:17Z" changeset="26739150" uid="735" user="blackadder">
    <nd ref="3141761457"/>
    <nd ref="3141761455"/>
    <nd ref="3141761454"/>
    <nd ref="3141761452"/>
    <nd ref="3141761453"/>
    <nd ref="3141761458"/>
    <nd ref="3141761457"/>
    <tag k="addr:city" v="Kingsbury"/>
    <tag k="addr:housenumber" v="6"/>
    <tag k="addr:postcode" v="B78 2PA"/>
    <tag k="addr:street" v="The Larches"/>
    <tag k="building" v="residential"/>
  </way>
  <way id="308886827" version="2" timestamp="2014-11-12T16:58:18Z" changeset="26739150" uid="735" user="blackadder">
    <nd ref="3141761561"/>
    <nd ref="3141761567"/>
    <nd ref="3141761566"/>
    <nd ref="3141761572"/>
    <nd ref="3141761553"/>
    <nd ref="3141761542"/>
    <nd ref="3141761561"/>
    <tag k="addr:city" v="Kingsbury"/>
    <tag k="addr:housenumber" v="71"/>
    <tag k="addr:postcode" v="B78 2PJ"/>
    <tag k="addr:street" v="Sorrel Drive"/>
    <tag k="building" v="residential"/>
  </way>
  <way id="308886828" version="2" timestamp="2014-11-12T16:58:15Z" changeset="26739150" uid="735" user="blackadder">
    <nd ref="3183034814"/>
    <nd ref="3183034813"/>
    <nd ref="3141761474"/>
    <nd ref="3183034815"/>
    <nd ref="3183034814"/>
    <tag k="addr:city" v="Kingsbury"/>
    <tag k="addr:housenumber" v="52"/>
    <tag k="addr:postcode" v="B78 2PQ"/>
    <tag k="addr:street" v="Sorrel Drive"/>
    <tag k="building" v="residential"/>
  </way>
  <way id="308886829" version="2" timestamp="2014-11-12T16:58:21Z" changeset="26739150" uid="735" user="blackadder">
    <nd ref="3141761642"/>
    <nd ref="3141761649"/>
    <nd ref="3141761634"/>
    <nd ref="3141761628"/>
    <nd ref="3141761627"/>
    <nd ref="3141761636"/>
    <nd ref="3141761642"/>
    <tag k="addr:city" v="Kingsbury"/>
    <tag k="addr:housenumber" v="82"/>
    <tag k="addr:postcode" v="B78 2PQ"/>
    <tag k="addr:street" v="Sorrel Drive"/>
    <tag k="building" v="residential"/>
  </way>
  <way id="308886830" version="2" timestamp="2014-11-12T16:58:18Z" changeset="26739150" uid="735" user="blackadder">
    <nd ref="3141761603"/>
    <nd ref="3141761594"/>
    <nd ref="3141761595"/>
    <nd ref="3141761596"/>
    <nd ref="3141761606"/>
    <nd ref="3141761604"/>
    <nd ref="3141761603"/>
    <tag k="addr:city" v="Kingsbury"/>
    <tag k="addr:housenumber" v="66"/>
    <tag k="addr:postcode" v="B78 2PQ"/>
    <tag k="addr:street" v="Sorrel Drive"/>
    <tag k="building" v="residential"/>
  </way>
  <way id="308886831" version="2" timestamp="2014-11-12T16:58:09Z" changeset="26739150" uid="735" user="blackadder">
    <nd ref="3183034806"/>
    <nd ref="3141761325"/>
    <nd ref="3141761322"/>
    <nd ref="3141761321"/>
    <nd ref="3141761435"/>
    <nd ref="3183034808"/>
    <nd ref="3183034806"/>
    <tag k="addr:city" v="Kingsbury"/>
    <tag k="addr:housenumber" v="18"/>
    <tag k="addr:postcode" v="B78 2PA"/>
    <tag k="addr:street" v="The Larches"/>
    <tag k="building" v="residential"/>
  </way>
  <way id="308886832" version="2" timestamp="2014-11-12T16:58:18Z" changeset="26739150" uid="735" user="blackadder">
    <nd ref="3141761588"/>
    <nd ref="3141761592"/>
    <nd ref="3141761593"/>
    <nd ref="3141761600"/>
    <nd ref="3141761585"/>
    <nd ref="3141761577"/>
    <nd ref="3141761588"/>
    <tag k="addr:city" v="Kingsbury"/>
    <tag k="addr:housenumber" v="67"/>
    <tag k="addr:postcode" v="B78 2PJ"/>
    <tag k="addr:street" v="Sorrel Drive"/>
    <tag k="building" v="residential"/>
  </way>
  <way id="308886833" version="2" timestamp="2014-11-12T16:58:16Z" changeset="26739150" uid="735" user="blackadder">
    <nd ref="3141761667"/>
    <nd ref="3141761659"/>
    <nd ref="3141761661"/>
    <nd ref="3141761666"/>
    <nd ref="3141761665"/>
    <nd ref="3141761670"/>
    <nd ref="3141761667"/>
    <tag k="addr:city" v="Kingsbury"/>
    <tag k="addr:housenumber" v="6"/>
    <tag k="addr:postcode" v="B78 2PP"/>
    <tag k="addr:street" v="Redwood Drive"/>
    <tag k="building" v="residential"/>
  </way>
  <way id="308886834" version="2" timestamp="2014-11-12T16:58:14Z" changeset="26739150" uid="735" user="blackadder">
    <nd ref="3141761463"/>
    <nd ref="3141761465"/>
    <nd ref="3141761458"/>
    <nd ref="3141761457"/>
    <nd ref="3141761456"/>
    <nd ref="3141761461"/>
    <nd ref="3141761462"/>
    <nd ref="3141761463"/>
    <tag k="addr:city" v="Kingsbury"/>
    <tag k="addr:housenumber" v="4"/>
    <tag k="addr:postcode" v="B78 2PA"/>
    <tag k="addr:street" v="The Larches"/>
    <tag k="building" v="residential"/>
  </way>
  <way id="308886835" version="2" timestamp="2014-11-12T16:58:15Z" changeset="26739150" uid="735" user="blackadder">
    <nd ref="3141761560"/>
    <nd ref="3141761558"/>
    <nd ref="3141761532"/>
    <nd ref="3141761539"/>
    <nd ref="3141761519"/>
    <nd ref="3141761523"/>
    <nd ref="3141761551"/>
    <nd ref="3141761550"/>
    <nd ref="3141761560"/>
    <tag k="addr:city" v="Kingsbury"/>
    <tag k="addr:housenumber" v="53"/>
    <tag k="addr:postcode" v="B78 2PQ"/>
    <tag k="addr:street" v="Sorrel Drive"/>
    <tag k="building" v="residential"/>
  </way>
  <way id="308886836" version="2" timestamp="2014-11-12T16:58:20Z" changeset="26739150" uid="735" user="blackadder">
    <nd ref="3141761634"/>
    <nd ref="3141761629"/>
    <nd ref="3141761630"/>
    <nd ref="3141761624"/>
    <nd ref="3141761622"/>
    <nd ref="3141761625"/>
    <nd ref="3141761623"/>
    <nd ref="3141761628"/>
    <nd ref="3141761634"/>
    <tag k="addr:city" v="Kingsbury"/>
    <tag k="addr:housenumber" v="80"/>
    <tag k="addr:postcode" v="B78 2PQ"/>
    <tag k="addr:street" v="Sorrel Drive"/>
    <tag k="building" v="residential"/>
  </way>
  <way id="308886837" version="2" timestamp="2014-11-12T16:58:09Z" changeset="26739150" uid="735" user="blackadder">
    <nd ref="3141761491"/>
    <nd ref="3141761489"/>
    <nd ref="3141761499"/>
    <nd ref="3141761495"/>
    <nd ref="3141761485"/>
    <nd ref="3141761488"/>
    <nd ref="3141761472"/>
    <nd ref="3141761476"/>
    <nd ref="3141761491"/>
    <tag k="addr:city" v="Kingsbury"/>
    <tag k="addr:housenumber" v="2"/>
    <tag k="addr:postcode" v="B78 2PB"/>
    <tag k="addr:street" v="Elder Close"/>
    <tag k="building" v="residential"/>
  </way>
  <way id="308886838" version="2" timestamp="2014-11-12T16:58:18Z" changeset="26739150" uid="735" user="blackadder">
    <nd ref="3141761574"/>
    <nd ref="3141761581"/>
    <nd ref="3141761578"/>
    <nd ref="3141761583"/>
    <nd ref="3141761568"/>
    <nd ref="3141761564"/>
    <nd ref="3141761570"/>
    <nd ref="3141761562"/>
    <nd ref="3141761574"/>
    <tag k="addr:city" v="Kingsbury"/>
    <tag k="addr:housenumber" v="69"/>
    <tag k="addr:postcode" v="B78 2PJ"/>
    <tag k="addr:street" v="Sorrel Drive"/>
    <tag k="building" v="residential"/>
  </way>
  <way id="308886839" version="2" timestamp="2014-11-12T16:58:21Z" changeset="26739150" uid="735" user="blackadder">
    <nd ref="3141761652"/>
    <nd ref="3141761648"/>
    <nd ref="3141761647"/>
    <nd ref="3141761642"/>
    <nd ref="3141761636"/>
    <nd ref="3141761633"/>
    <nd ref="3141761639"/>
    <nd ref="3141761635"/>
    <nd ref="3141761646"/>
    <nd ref="3141761652"/>
    <tag k="addr:city" v="Kingsbury"/>
    <tag k="addr:housenumber" v="84"/>
    <tag k="addr:postcode" v="B78 2PQ"/>
    <tag k="addr:street" v="Sorrel Drive"/>
    <tag k="building" v="residential"/>
  </way>
  <way id="308886840" version="2" timestamp="2014-11-12T16:58:08Z" changeset="26739150" uid="735" user="blackadder">
    <nd ref="3183034807"/>
    <nd ref="3183034809"/>
    <nd ref="3141761441"/>
    <nd ref="3141761442"/>
    <nd ref="3141761433"/>
    <nd ref="3141761432"/>
    <nd ref="3141761328"/>
    <nd ref="3183034807"/>
    <tag k="addr:city" v="Kingsbury"/>
    <tag k="addr:housenumber" v="16"/>
    <tag k="addr:postcode" v="B78 2PA"/>
    <tag k="addr:street" v="The Larches"/>
    <tag k="building" v="residential"/>
  </way>
  <way id="309028069" version="2" timestamp="2014-11-12T16:58:13Z" changeset="26739150" uid="735" user="blackadder">
    <nd ref="3143368530"/>
    <nd ref="3143368525"/>
    <nd ref="3143368510"/>
    <nd ref="3143368521"/>
    <nd ref="3143368530"/>
    <tag k="addr:city" v="Kingsbury"/>
    <tag k="addr:housenumber" v="39"/>
    <tag k="addr:postcode" v="B78 2PQ"/>
    <tag k="addr:street" v="Sorrel Drive"/>
    <tag k="building" v="residential"/>
  </way>
  <way id="309028070" version="2" timestamp="2014-11-12T16:58:13Z" changeset="26739150" uid="735" user="blackadder">
    <nd ref="3143367796"/>
    <nd ref="3143367785"/>
    <nd ref="3183034800"/>
    <nd ref="3143367784"/>
    <nd ref="3143367794"/>
    <nd ref="3143367796"/>
    <tag k="addr:city" v="Kingsbury"/>
    <tag k="addr:housenumber" v="36"/>
    <tag k="addr:postcode" v="B78 2PQ"/>
    <tag k="addr:street" v="Sorrel Drive"/>
    <tag k="building" v="residential"/>
  </way>
  <way id="309028071" version="2" timestamp="2014-11-12T16:58:14Z" changeset="26739150" uid="735" user="blackadder">
    <nd ref="3143368493"/>
    <nd ref="3143368482"/>
    <nd ref="3143368490"/>
    <nd ref="3143368501"/>
    <nd ref="3183034810"/>
    <nd ref="3143368493"/>
    <tag k="addr:city" v="Kingsbury"/>
    <tag k="addr:housenumber" v="46"/>
    <tag k="addr:postcode" v="B78 2PQ"/>
    <tag k="addr:street" v="Sorrel Drive"/>
    <tag k="building" v="residential"/>
  </way>
  <way id="309028072" version="2" timestamp="2014-11-12T16:58:03Z" changeset="26739150" uid="735" user="blackadder">
    <nd ref="3183034799"/>
    <nd ref="3183034800"/>
    <nd ref="3143367785"/>
    <nd ref="3143367783"/>
    <nd ref="3183034799"/>
    <tag k="addr:city" v="Kingsbury"/>
    <tag k="addr:housenumber" v="1"/>
    <tag k="addr:postcode" v="B78 2PH"/>
    <tag k="addr:street" v="The Laurels"/>
    <tag k="building" v="residential"/>
  </way>
  <way id="309028073" version="2" timestamp="2014-11-12T16:58:13Z" changeset="26739150" uid="735" user="blackadder">
    <nd ref="3143367801"/>
    <nd ref="3143367800"/>
    <nd ref="3143367794"/>
    <nd ref="3143367796"/>
    <nd ref="3143367801"/>
    <tag k="addr:city" v="Kingsbury"/>
    <tag k="addr:housenumber" v="38"/>
    <tag k="addr:postcode" v="B78 2PQ"/>
    <tag k="addr:street" v="Sorrel Drive"/>
    <tag k="building" v="residential"/>
  </way>
  <way id="309028074" version="2" timestamp="2014-11-12T16:58:15Z" changeset="26739150" uid="735" user="blackadder">
    <nd ref="3183034803"/>
    <nd ref="3183034801"/>
    <nd ref="3143367808"/>
    <nd ref="3143367812"/>
    <nd ref="3183034803"/>
    <tag k="addr:city" v="Kingsbury"/>
    <tag k="addr:housenumber" v="5"/>
    <tag k="addr:postcode" v="B78 2PH"/>
    <tag k="addr:street" v="The Laurels"/>
    <tag k="building" v="residential"/>
  </way>
  <way id="309028075" version="2" timestamp="2014-11-12T16:58:04Z" changeset="26739150" uid="735" user="blackadder">
    <nd ref="3183034803"/>
    <nd ref="3143367812"/>
    <nd ref="3143367815"/>
    <nd ref="3183034805"/>
    <nd ref="3183034803"/>
    <tag k="addr:city" v="Kingsbury"/>
    <tag k="addr:housenumber" v="11"/>
    <tag k="addr:postcode" v="B78 2PH"/>
    <tag k="addr:street" v="The Laurels"/>
    <tag k="building" v="residential"/>
  </way>
  <way id="309028076" version="2" timestamp="2014-11-12T16:58:11Z" changeset="26739150" uid="735" user="blackadder">
    <nd ref="3143368543"/>
    <nd ref="3143368539"/>
    <nd ref="3143368526"/>
    <nd ref="3143368529"/>
    <nd ref="3143368543"/>
    <tag k="addr:city" v="Kingsbury"/>
    <tag k="addr:housenumber" v="3"/>
    <tag k="addr:postcode" v="B78 2PB"/>
    <tag k="addr:street" v="Elder Close"/>
    <tag k="building" v="residential"/>
  </way>
  <way id="309028077" version="2" timestamp="2014-11-12T16:58:13Z" changeset="26739150" uid="735" user="blackadder">
    <nd ref="3143368521"/>
    <nd ref="3143368509"/>
    <nd ref="3143368503"/>
    <nd ref="3143368510"/>
    <nd ref="3143368521"/>
    <tag k="addr:city" v="Kingsbury"/>
    <tag k="addr:housenumber" v="37"/>
    <tag k="addr:postcode" v="B78 2PQ"/>
    <tag k="addr:street" v="Sorrel Drive"/>
    <tag k="building" v="residential"/>
  </way>
  <way id="309028078" version="2" timestamp="2014-11-12T16:58:14Z" changeset="26739150" uid="735" user="blackadder">
    <nd ref="3143368542"/>
    <nd ref="3143368535"/>
    <nd ref="3143368528"/>
    <nd ref="3143368536"/>
    <nd ref="3143368542"/>
    <tag k="addr:city" v="Kingsbury"/>
    <tag k="addr:housenumber" v="5"/>
    <tag k="addr:postcode" v="B78 2PB"/>
    <tag k="addr:street" v="Elder Close"/>
    <tag k="building" v="residential"/>
  </way>
  <way id="309028079" version="2" timestamp="2014-11-12T16:58:14Z" changeset="26739150" uid="735" user="blackadder">
    <nd ref="3183034811"/>
    <nd ref="3183034810"/>
    <nd ref="3143368501"/>
    <nd ref="3143368517"/>
    <nd ref="3183034811"/>
    <tag k="addr:city" v="Kingsbury"/>
    <tag k="addr:housenumber" v="48"/>
    <tag k="addr:postcode" v="B78 2PQ"/>
    <tag k="addr:street" v="Sorrel Drive"/>
    <tag k="building" v="residential"/>
  </way>
  <way id="309028080" version="2" timestamp="2014-11-12T16:58:01Z" changeset="26739150" uid="735" user="blackadder">
    <nd ref="3143368539"/>
    <nd ref="3143368533"/>
    <nd ref="3143368519"/>
    <nd ref="3143368526"/>
    <nd ref="3143368539"/>
    <tag k="addr:city" v="Kingsbury"/>
    <tag k="addr:housenumber" v="1"/>
    <tag k="addr:postcode" v="B78 2PB"/>
    <tag k="addr:street" v="Elder Close"/>
    <tag k="building" v="residential"/>
  </way>
  <way id="309028081" version="2" timestamp="2014-11-12T16:58:07Z" changeset="26739150" uid="735" user="blackadder">
    <nd ref="3143368462"/>
    <nd ref="3143368466"/>
    <nd ref="3143367821"/>
    <nd ref="3143367820"/>
    <nd ref="3143368462"/>
    <tag k="addr:city" v="Kingsbury"/>
    <tag k="addr:housenumber" v="16"/>
    <tag k="addr:postcode" v="B78 2PL"/>
    <tag k="addr:street" v="Maple Drive"/>
    <tag k="building" v="residential"/>
  </way>
  <way id="309028082" version="2" timestamp="2014-11-12T16:58:09Z" changeset="26739150" uid="735" user="blackadder">
    <nd ref="3143368450"/>
    <nd ref="3143368444"/>
    <nd ref="3143367814"/>
    <nd ref="3143367817"/>
    <nd ref="3143368450"/>
    <tag k="addr:city" v="Kingsbury"/>
    <tag k="addr:housenumber" v="2"/>
    <tag k="addr:postcode" v="B78 2PL"/>
    <tag k="addr:street" v="Maple Drive"/>
    <tag k="building" v="residential"/>
  </way>
  <way id="309028083" version="2" timestamp="2014-11-12T16:58:10Z" changeset="26739150" uid="735" user="blackadder">
    <nd ref="3143367802"/>
    <nd ref="3143367803"/>
    <nd ref="3143367787"/>
    <nd ref="3143367786"/>
    <nd ref="3143367797"/>
    <nd ref="3143367802"/>
    <tag k="addr:city" v="Kingsbury"/>
    <tag k="addr:housenumber" v="21"/>
    <tag k="addr:postcode" v="B78 2PH"/>
    <tag k="addr:street" v="The Laurels"/>
    <tag k="building" v="residential"/>
  </way>
  <way id="309028084" version="2" timestamp="2014-11-12T16:58:14Z" changeset="26739150" uid="735" user="blackadder">
    <nd ref="3143368482"/>
    <nd ref="3143368467"/>
    <nd ref="3143368471"/>
    <nd ref="3143368480"/>
    <nd ref="3143368490"/>
    <nd ref="3143368482"/>
    <tag k="addr:city" v="Kingsbury"/>
    <tag k="addr:housenumber" v="44"/>
    <tag k="addr:postcode" v="B78 2PQ"/>
    <tag k="addr:street" v="Sorrel Drive"/>
    <tag k="building" v="residential"/>
  </way>
  <way id="309028085" version="2" timestamp="2014-11-12T16:58:09Z" changeset="26739150" uid="735" user="blackadder">
    <nd ref="3143367809"/>
    <nd ref="3143367813"/>
    <nd ref="3143367802"/>
    <nd ref="3143367797"/>
    <nd ref="3143367795"/>
    <nd ref="3183034804"/>
    <nd ref="3143367809"/>
    <tag k="addr:city" v="Kingsbury"/>
    <tag k="addr:housenumber" v="19"/>
    <tag k="addr:postcode" v="B78 2PH"/>
    <tag k="addr:street" v="The Laurels"/>
    <tag k="building" v="residential"/>
  </way>
  <way id="309028086" version="2" timestamp="2014-11-12T16:58:14Z" changeset="26739150" uid="735" user="blackadder">
    <nd ref="3143368484"/>
    <nd ref="3143368480"/>
    <nd ref="3143368471"/>
    <nd ref="3143368453"/>
    <nd ref="3143368465"/>
    <nd ref="3143368484"/>
    <tag k="addr:city" v="Kingsbury"/>
    <tag k="addr:housenumber" v="42"/>
    <tag k="addr:postcode" v="B78 2PQ"/>
    <tag k="addr:street" v="Sorrel Drive"/>
    <tag k="building" v="residential"/>
  </way>
  <way id="309028087" version="2" timestamp="2014-11-12T16:58:07Z" changeset="26739150" uid="735" user="blackadder">
    <nd ref="3183034804"/>
    <nd ref="3183034802"/>
    <nd ref="3143367807"/>
    <nd ref="3143367809"/>
    <nd ref="3183034804"/>
    <tag k="addr:city" v="Kingsbury"/>
    <tag k="addr:housenumber" v="15"/>
    <tag k="addr:postcode" v="B78 2PH"/>
    <tag k="addr:street" v="The Laurels"/>
    <tag k="building" v="residential"/>
  </way>
  <way id="309028088" version="2" timestamp="2014-11-12T16:58:18Z" changeset="26739150" uid="735" user="blackadder">
    <nd ref="3143368547"/>
    <nd ref="3143368544"/>
    <nd ref="3143368536"/>
    <nd ref="3143368542"/>
    <nd ref="3143368548"/>
    <nd ref="3143368547"/>
    <tag k="addr:city" v="Kingsbury"/>
    <tag k="addr:housenumber" v="7"/>
    <tag k="addr:postcode" v="B78 2PB"/>
    <tag k="addr:street" v="Elder Close"/>
    <tag k="building" v="residential"/>
  </way>
  <way id="309028089" version="2" timestamp="2014-11-12T16:58:19Z" changeset="26739150" uid="735" user="blackadder">
    <nd ref="3143368570"/>
    <nd ref="3143368569"/>
    <nd ref="3143368565"/>
    <nd ref="3143368567"/>
    <nd ref="3143368564"/>
    <nd ref="3143368566"/>
    <nd ref="3143368570"/>
    <tag k="addr:city" v="Kingsbury"/>
    <tag k="addr:housenumber" v="77"/>
    <tag k="addr:postcode" v="B78 2PJ"/>
    <tag k="addr:street" v="Sorrel Drive"/>
    <tag k="building" v="residential"/>
  </way>
  <way id="309028090" version="2" timestamp="2014-11-12T16:58:21Z" changeset="26739150" uid="735" user="blackadder">
    <nd ref="3143368538"/>
    <nd ref="3143368534"/>
    <nd ref="3143368520"/>
    <nd ref="3143368524"/>
    <nd ref="3143368532"/>
    <nd ref="3143368531"/>
    <nd ref="3143368538"/>
    <tag k="addr:city" v="Kingsbury"/>
    <tag k="addr:housenumber" v="83"/>
    <tag k="addr:postcode" v="B78 2PJ"/>
    <tag k="addr:street" v="Sorrel Drive"/>
    <tag k="building" v="residential"/>
  </way>
  <way id="309028091" version="2" timestamp="2014-11-12T16:58:13Z" changeset="26739150" uid="735" user="blackadder">
    <nd ref="3143368509"/>
    <nd ref="3143368495"/>
    <nd ref="3143368491"/>
    <nd ref="3143368486"/>
    <nd ref="3143368479"/>
    <nd ref="3143368503"/>
    <nd ref="3143368509"/>
    <tag k="addr:city" v="Kingsbury"/>
    <tag k="addr:housenumber" v="35"/>
    <tag k="addr:postcode" v="B78 2PQ"/>
    <tag k="addr:street" v="Sorrel Drive"/>
    <tag k="building" v="residential"/>
  </way>
  <way id="309028092" version="2" timestamp="2014-11-12T16:58:14Z" changeset="26739150" uid="735" user="blackadder">
    <nd ref="3143368453"/>
    <nd ref="3143368440"/>
    <nd ref="3143368436"/>
    <nd ref="3143367824"/>
    <nd ref="3143368437"/>
    <nd ref="3143368465"/>
    <nd ref="3143368453"/>
    <tag k="addr:city" v="Kingsbury"/>
    <tag k="addr:housenumber" v="40"/>
    <tag k="addr:postcode" v="B78 2PQ"/>
    <tag k="addr:street" v="Sorrel Drive"/>
    <tag k="building" v="residential"/>
  </way>
  <way id="309028093" version="2" timestamp="2014-11-12T16:58:10Z" changeset="26739150" uid="735" user="blackadder">
    <nd ref="3143367803"/>
    <nd ref="3143367805"/>
    <nd ref="3143367798"/>
    <nd ref="3143367799"/>
    <nd ref="3143367788"/>
    <nd ref="3143367787"/>
    <nd ref="3143367803"/>
    <tag k="addr:city" v="Kingsbury"/>
    <tag k="addr:housenumber" v="23"/>
    <tag k="addr:postcode" v="B78 2PH"/>
    <tag k="addr:street" v="The Laurels"/>
    <tag k="building" v="residential"/>
  </way>
  <way id="309028094" version="2" timestamp="2014-11-12T16:58:21Z" changeset="26739150" uid="735" user="blackadder">
    <nd ref="3143368469"/>
    <nd ref="3143368474"/>
    <nd ref="3143368439"/>
    <nd ref="3143368434"/>
    <nd ref="3143368455"/>
    <nd ref="3143368456"/>
    <nd ref="3143368469"/>
    <tag k="addr:city" v="Kingsbury"/>
    <tag k="addr:housenumber" v="89"/>
    <tag k="addr:postcode" v="B78 2PJ"/>
    <tag k="addr:street" v="Sorrel Drive"/>
    <tag k="building" v="residential"/>
  </way>
  <way id="309028095" version="2" timestamp="2014-11-12T16:58:20Z" changeset="26739150" uid="735" user="blackadder">
    <nd ref="3143368473"/>
    <nd ref="3143368464"/>
    <nd ref="3143368452"/>
    <nd ref="3143368451"/>
    <nd ref="3143367825"/>
    <nd ref="3143368431"/>
    <nd ref="3143368473"/>
    <tag k="addr:city" v="Kingsbury"/>
    <tag k="addr:housenumber" v="8"/>
    <tag k="addr:postcode" v="B78 2PL"/>
    <tag k="addr:street" v="Maple Drive"/>
    <tag k="building" v="residential"/>
  </way>
  <way id="309028096" version="2" timestamp="2014-11-12T16:58:06Z" changeset="26739150" uid="735" user="blackadder">
    <nd ref="3143368507"/>
    <nd ref="3143368499"/>
    <nd ref="3143368487"/>
    <nd ref="3143368489"/>
    <nd ref="3143368481"/>
    <nd ref="3143368488"/>
    <nd ref="3143368507"/>
    <tag k="addr:city" v="Kingsbury"/>
    <tag k="addr:housenumber" v="14"/>
    <tag k="addr:postcode" v="B78 2PL"/>
    <tag k="addr:street" v="Maple Drive"/>
    <tag k="building" v="residential"/>
  </way>
  <way id="309028097" version="2" timestamp="2014-11-12T16:58:13Z" changeset="26739150" uid="735" user="blackadder">
    <nd ref="3143368468"/>
    <nd ref="3143368460"/>
    <nd ref="3143368449"/>
    <nd ref="3143368445"/>
    <nd ref="3143367818"/>
    <nd ref="3143367826"/>
    <nd ref="3143368468"/>
    <tag k="addr:city" v="Kingsbury"/>
    <tag k="addr:housenumber" v="4"/>
    <tag k="addr:postcode" v="B78 2PL"/>
    <tag k="addr:street" v="Maple Drive"/>
    <tag k="building" v="residential"/>
  </way>
  <way id="309028098" version="2" timestamp="2014-11-12T16:58:22Z" changeset="26739150" uid="735" user="blackadder">
    <nd ref="3143368552"/>
    <nd ref="3183034812"/>
    <nd ref="3143368541"/>
    <nd ref="3143368544"/>
    <nd ref="3143368547"/>
    <nd ref="3143368553"/>
    <nd ref="3143368552"/>
    <tag k="addr:city" v="Kingsbury"/>
    <tag k="addr:housenumber" v="9"/>
    <tag k="addr:postcode" v="B78 2PB"/>
    <tag k="addr:street" v="Elder Close"/>
    <tag k="building" v="residential"/>
  </way>
  <way id="309028099" version="2" timestamp="2014-11-12T16:58:20Z" changeset="26739150" uid="735" user="blackadder">
    <nd ref="3143368557"/>
    <nd ref="3143368550"/>
    <nd ref="3143368545"/>
    <nd ref="3143368546"/>
    <nd ref="3143368537"/>
    <nd ref="3143368540"/>
    <nd ref="3143368551"/>
    <nd ref="3143368549"/>
    <nd ref="3143368557"/>
    <tag k="addr:city" v="Kingsbury"/>
    <tag k="addr:housenumber" v="81"/>
    <tag k="addr:postcode" v="B78 2PJ"/>
    <tag k="addr:street" v="Sorrel Drive"/>
    <tag k="building" v="residential"/>
  </way>
  <way id="309028100" version="2" timestamp="2014-11-12T16:58:03Z" changeset="26739150" uid="735" user="blackadder">
    <nd ref="3143368459"/>
    <nd ref="3143368458"/>
    <nd ref="3143368476"/>
    <nd ref="3143368470"/>
    <nd ref="3143368433"/>
    <nd ref="3143368438"/>
    <nd ref="3143368429"/>
    <nd ref="3143368435"/>
    <nd ref="3143368459"/>
    <tag k="addr:city" v="Kingsbury"/>
    <tag k="addr:housenumber" v="10"/>
    <tag k="addr:postcode" v="B78 2PL"/>
    <tag k="addr:street" v="Maple Drive"/>
    <tag k="building" v="residential"/>
  </way>
  <way id="309028101" version="2" timestamp="2014-11-12T16:58:21Z" changeset="26739150" uid="735" user="blackadder">
    <nd ref="3143368522"/>
    <nd ref="3143368518"/>
    <nd ref="3143368504"/>
    <nd ref="3143368505"/>
    <nd ref="3143368497"/>
    <nd ref="3143368502"/>
    <nd ref="3143368514"/>
    <nd ref="3143368513"/>
    <nd ref="3143368522"/>
    <tag k="addr:city" v="Kingsbury"/>
    <tag k="addr:housenumber" v="85"/>
    <tag k="addr:postcode" v="B78 2PJ"/>
    <tag k="addr:street" v="Sorrel Drive"/>
    <tag k="building" v="residential"/>
  </way>
  <way id="309028102" version="2" timestamp="2014-11-12T16:58:16Z" changeset="26739150" uid="735" user="blackadder">
    <nd ref="3143368477"/>
    <nd ref="3143368472"/>
    <nd ref="3143368457"/>
    <nd ref="3143368454"/>
    <nd ref="3143367827"/>
    <nd ref="3143368430"/>
    <nd ref="3143368442"/>
    <nd ref="3143368446"/>
    <nd ref="3143368477"/>
    <tag k="addr:city" v="Kingsbury"/>
    <tag k="addr:housenumber" v="6"/>
    <tag k="addr:postcode" v="B78 2PL"/>
    <tag k="addr:street" v="Maple Drive"/>
    <tag k="building" v="residential"/>
  </way>
  <way id="309028103" version="2" timestamp="2014-11-12T16:58:08Z" changeset="26739150" uid="735" user="blackadder">
    <nd ref="3143368461"/>
    <nd ref="3143368463"/>
    <nd ref="3143368448"/>
    <nd ref="3143368447"/>
    <nd ref="3143368441"/>
    <nd ref="3143368443"/>
    <nd ref="3143367819"/>
    <nd ref="3143367816"/>
    <nd ref="3143368461"/>
    <tag k="addr:city" v="Kingsbury"/>
    <tag k="addr:housenumber" v="18"/>
    <tag k="addr:postcode" v="B78 2PL"/>
    <tag k="addr:street" v="Maple Drive"/>
    <tag k="building" v="residential"/>
  </way>
  <way id="309028104" version="2" timestamp="2014-11-12T16:58:19Z" changeset="26739150" uid="735" user="blackadder">
    <nd ref="3143368568"/>
    <nd ref="3143368563"/>
    <nd ref="3143368561"/>
    <nd ref="3143368562"/>
    <nd ref="3143368556"/>
    <nd ref="3143368558"/>
    <nd ref="3143368554"/>
    <nd ref="3143368559"/>
    <nd ref="3143368568"/>
    <tag k="addr:city" v="Kingsbury"/>
    <tag k="addr:housenumber" v="79"/>
    <tag k="addr:postcode" v="B78 2PJ"/>
    <tag k="addr:street" v="Sorrel Drive"/>
    <tag k="building" v="residential"/>
  </way>
  <way id="309028105" version="2" timestamp="2014-11-12T16:58:22Z" changeset="26739150" uid="735" user="blackadder">
    <nd ref="3143367828"/>
    <nd ref="3143368432"/>
    <nd ref="3143367823"/>
    <nd ref="3143367822"/>
    <nd ref="3143367806"/>
    <nd ref="3143367804"/>
    <nd ref="3143367811"/>
    <nd ref="3143367810"/>
    <nd ref="3143367828"/>
    <tag k="addr:city" v="Kingsbury"/>
    <tag k="addr:housenumber" v="91"/>
    <tag k="addr:postcode" v="B78 2PJ"/>
    <tag k="addr:street" v="Sorrel Drive"/>
    <tag k="building" v="residential"/>
  </way>
  <way id="309028106" version="2" timestamp="2014-11-12T16:58:05Z" changeset="26739150" uid="735" user="blackadder">
    <nd ref="3143368527"/>
    <nd ref="3143368523"/>
    <nd ref="3143368515"/>
    <nd ref="3143368512"/>
    <nd ref="3143368500"/>
    <nd ref="3143368506"/>
    <nd ref="3143368511"/>
    <nd ref="3143368516"/>
    <nd ref="3143368527"/>
    <tag k="addr:city" v="Kingsbury"/>
    <tag k="addr:housenumber" v="12"/>
    <tag k="addr:postcode" v="B78 2PL"/>
    <tag k="addr:street" v="Maple Drive"/>
    <tag k="building" v="residential"/>
  </way>
  <way id="309028107" version="2" timestamp="2014-11-12T16:58:21Z" changeset="26739150" uid="735" user="blackadder">
    <nd ref="3143368498"/>
    <nd ref="3143368496"/>
    <nd ref="3143368483"/>
    <nd ref="3143368485"/>
    <nd ref="3143368475"/>
    <nd ref="3143368478"/>
    <nd ref="3143368494"/>
    <nd ref="3143368492"/>
    <nd ref="3143368498"/>
    <tag k="addr:city" v="Kingsbury"/>
    <tag k="addr:housenumber" v="87"/>
    <tag k="addr:postcode" v="B78 2PJ"/>
    <tag k="addr:street" v="Sorrel Drive"/>
    <tag k="building" v="residential"/>
  </way>
  <way id="309028471" version="2" timestamp="2014-11-12T16:58:08Z" changeset="26739150" uid="735" user="blackadder">
    <nd ref="3143378020"/>
    <nd ref="3143378022"/>
    <nd ref="3143378014"/>
    <nd ref="3143378013"/>
    <nd ref="3143378020"/>
    <tag k="addr:city" v="Kingsbury"/>
    <tag k="addr:housenumber" v="16"/>
    <tag k="addr:postcode" v="B78 2PG"/>
    <tag k="addr:street" v="The Firs"/>
    <tag k="building" v="residential"/>
  </way>
  <way id="309028472" version="2" timestamp="2014-11-12T16:58:07Z" changeset="26739150" uid="735" user="blackadder">
    <nd ref="3143378017"/>
    <nd ref="3143378020"/>
    <nd ref="3143378013"/>
    <nd ref="3143378012"/>
    <nd ref="3183034775"/>
    <nd ref="3143378017"/>
    <tag k="addr:city" v="Kingsbury"/>
    <tag k="addr:housenumber" v="14"/>
    <tag k="addr:postcode" v="B78 2PG"/>
    <tag k="addr:street" v="The Firs"/>
    <tag k="building" v="residential"/>
  </way>
  <way id="309028473" version="2" timestamp="2014-11-12T16:58:22Z" changeset="26739150" uid="735" user="blackadder">
    <nd ref="3143381362"/>
    <nd ref="3143381360"/>
    <nd ref="3143381354"/>
    <nd ref="3143381358"/>
    <nd ref="3143381362"/>
    <tag k="addr:city" v="Kingsbury"/>
    <tag k="addr:housenumber" v="9"/>
    <tag k="addr:postcode" v="B78 2PG"/>
    <tag k="addr:street" v="The Firs"/>
    <tag k="building" v="residential"/>
  </way>
  <way id="309028474" version="2" timestamp="2014-11-12T16:58:06Z" changeset="26739150" uid="735" user="blackadder">
    <nd ref="3143381345"/>
    <nd ref="3143381338"/>
    <nd ref="3183034779"/>
    <nd ref="3143378028"/>
    <nd ref="3143381335"/>
    <nd ref="3143381345"/>
    <tag k="addr:city" v="Kingsbury"/>
    <tag k="addr:housenumber" v="12"/>
    <tag k="addr:postcode" v="B78 2PH"/>
    <tag k="addr:street" v="The Laurels"/>
    <tag k="building" v="residential"/>
  </way>
  <way id="309028476" version="2" timestamp="2014-11-12T16:58:12Z" changeset="26739150" uid="735" user="blackadder">
    <nd ref="3143381395"/>
    <nd ref="3143381386"/>
    <nd ref="3183034796"/>
    <nd ref="3143381383"/>
    <nd ref="3143381393"/>
    <nd ref="3143381395"/>
    <tag k="addr:city" v="Kingsbury"/>
    <tag k="addr:housenumber" v="31"/>
    <tag k="addr:postcode" v="B78 2PH"/>
    <tag k="addr:street" v="The Laurels"/>
    <tag k="building" v="residential"/>
  </way>
  <way id="309028477" version="2" timestamp="2014-11-12T16:58:11Z" changeset="26739150" uid="735" user="blackadder">
    <nd ref="3183034781"/>
    <nd ref="3183034778"/>
    <nd ref="3143381337"/>
    <nd ref="3143381344"/>
    <nd ref="3183034781"/>
    <tag k="addr:city" v="Kingsbury"/>
    <tag k="addr:housenumber" v="26"/>
    <tag k="addr:postcode" v="B78 2PE"/>
    <tag k="addr:street" v="Sorrel Drive"/>
    <tag k="building" v="residential"/>
  </way>
  <way id="309028478" version="2" timestamp="2014-11-12T16:58:15Z" changeset="26739150" uid="735" user="blackadder">
    <nd ref="3143381346"/>
    <nd ref="3143381353"/>
    <nd ref="3143381339"/>
    <nd ref="3143381334"/>
    <nd ref="3143381346"/>
    <tag k="addr:city" v="Kingsbury"/>
    <tag k="addr:housenumber" v="5"/>
    <tag k="addr:postcode" v="B78 2PG"/>
    <tag k="addr:street" v="The Firs"/>
    <tag k="building" v="residential"/>
  </way>
  <way id="309028479" version="2" timestamp="2014-11-12T16:58:04Z" changeset="26739150" uid="735" user="blackadder">
    <nd ref="3143381360"/>
    <nd ref="3143381356"/>
    <nd ref="3183034790"/>
    <nd ref="3143381347"/>
    <nd ref="3143381354"/>
    <nd ref="3143381360"/>
    <tag k="addr:city" v="Kingsbury"/>
    <tag k="addr:housenumber" v="11"/>
    <tag k="addr:postcode" v="B78 2PG"/>
    <tag k="addr:street" v="The Firs"/>
    <tag k="building" v="residential"/>
  </way>
  <way id="309028480" version="2" timestamp="2014-11-12T16:58:13Z" changeset="26739150" uid="735" user="blackadder">
    <nd ref="3183034794"/>
    <nd ref="3183034796"/>
    <nd ref="3143381386"/>
    <nd ref="3143381374"/>
    <nd ref="3183034794"/>
    <tag k="addr:city" v="Kingsbury"/>
    <tag k="addr:housenumber" v="35"/>
    <tag k="addr:postcode" v="B78 2PH"/>
    <tag k="addr:street" v="The Laurels"/>
    <tag k="building" v="residential"/>
  </way>
  <way id="309028482" version="2" timestamp="2014-11-12T16:58:17Z" changeset="26739150" uid="735" user="blackadder">
    <nd ref="3143381390"/>
    <nd ref="3143381380"/>
    <nd ref="3143381378"/>
    <nd ref="3143381388"/>
    <nd ref="3183034797"/>
    <nd ref="3143381390"/>
    <tag k="addr:city" v="Kingsbury"/>
    <tag k="addr:housenumber" v="6"/>
    <tag k="addr:postcode" v="B78 2PH"/>
    <tag k="addr:street" v="The Laurels"/>
    <tag k="building" v="residential"/>
  </way>
  <way id="309028484" version="2" timestamp="2014-11-12T16:58:03Z" changeset="26739150" uid="735" user="blackadder">
    <nd ref="3143381351"/>
    <nd ref="3143381345"/>
    <nd ref="3143381335"/>
    <nd ref="3143381342"/>
    <nd ref="3143381351"/>
    <tag k="addr:city" v="Kingsbury"/>
    <tag k="addr:housenumber" v="10"/>
    <tag k="addr:postcode" v="B78 2PH"/>
    <tag k="addr:street" v="The Laurels"/>
    <tag k="building" v="residential"/>
  </way>
  <way id="309028485" version="2" timestamp="2014-11-12T16:58:20Z" changeset="26739150" uid="735" user="blackadder">
    <nd ref="3143381380"/>
    <nd ref="3143381381"/>
    <nd ref="3143381367"/>
    <nd ref="3143381365"/>
    <nd ref="3143381378"/>
    <nd ref="3143381380"/>
    <tag k="addr:city" v="Kingsbury"/>
    <tag k="addr:housenumber" v="8"/>
    <tag k="addr:postcode" v="B78 2PH"/>
    <tag k="addr:street" v="The Laurels"/>
    <tag k="building" v="residential"/>
  </way>
  <way id="309028487" version="2" timestamp="2014-11-12T16:58:06Z" changeset="26739150" uid="735" user="blackadder">
    <nd ref="3183034774"/>
    <nd ref="3143378015"/>
    <nd ref="3143378018"/>
    <nd ref="3143378017"/>
    <nd ref="3183034775"/>
    <nd ref="3183034774"/>
    <tag k="addr:city" v="Kingsbury"/>
    <tag k="addr:housenumber" v="12"/>
    <tag k="addr:postcode" v="B78 2PG"/>
    <tag k="addr:street" v="The Firs"/>
    <tag k="building" v="residential"/>
  </way>
  <way id="309028489" version="2" timestamp="2014-11-12T16:58:02Z" changeset="26739150" uid="735" user="blackadder">
    <nd ref="3143381344"/>
    <nd ref="3143381348"/>
    <nd ref="3143381343"/>
    <nd ref="3143381333"/>
    <nd ref="3143381330"/>
    <nd ref="3183034781"/>
    <nd ref="3143381344"/>
    <tag k="addr:city" v="Kingsbury"/>
    <tag k="addr:housenumber" v="1"/>
    <tag k="addr:postcode" v="B78 2PG"/>
    <tag k="addr:street" v="The Firs"/>
    <tag k="building" v="residential"/>
  </way>
  <way id="309028491" version="2" timestamp="2014-11-12T16:58:14Z" changeset="26739150" uid="735" user="blackadder">
    <nd ref="3183034798"/>
    <nd ref="3143381399"/>
    <nd ref="3143381391"/>
    <nd ref="3143381390"/>
    <nd ref="3183034797"/>
    <nd ref="3183034798"/>
    <tag k="addr:city" v="Kingsbury"/>
    <tag k="addr:housenumber" v="4"/>
    <tag k="addr:postcode" v="B78 2PH"/>
    <tag k="addr:street" v="The Laurels"/>
    <tag k="building" v="residential"/>
  </way>
  <way id="309028492" version="2" timestamp="2014-11-12T16:58:18Z" changeset="26739150" uid="735" user="blackadder">
    <nd ref="3143381361"/>
    <nd ref="3143381364"/>
    <nd ref="3143381362"/>
    <nd ref="3143381358"/>
    <nd ref="3143381357"/>
    <nd ref="3143381361"/>
    <tag k="addr:city" v="Kingsbury"/>
    <tag k="addr:housenumber" v="7"/>
    <tag k="addr:postcode" v="B78 2PG"/>
    <tag k="addr:street" v="The Firs"/>
    <tag k="building" v="residential"/>
  </way>
  <way id="309028494" version="2" timestamp="2014-11-12T16:58:20Z" changeset="26739150" uid="735" user="blackadder">
    <nd ref="3143381349"/>
    <nd ref="3143381359"/>
    <nd ref="3143381352"/>
    <nd ref="3143381351"/>
    <nd ref="3143381342"/>
    <nd ref="3143381349"/>
    <tag k="addr:city" v="Kingsbury"/>
    <tag k="addr:housenumber" v="8"/>
    <tag k="addr:postcode" v="B78 2PH"/>
    <tag k="addr:street" v="The Laurels"/>
    <tag k="building" v="residential"/>
  </way>
  <way id="309028496" version="2" timestamp="2014-11-12T16:58:11Z" changeset="26739150" uid="735" user="blackadder">
    <nd ref="3143381400"/>
    <nd ref="3143381395"/>
    <nd ref="3143381393"/>
    <nd ref="3143381397"/>
    <nd ref="3143381398"/>
    <nd ref="3143381400"/>
    <tag k="addr:city" v="Kingsbury"/>
    <tag k="addr:housenumber" v="29"/>
    <tag k="addr:postcode" v="B78 2PH"/>
    <tag k="addr:street" v="The Laurels"/>
    <tag k="building" v="residential"/>
  </way>
  <way id="309028498" version="2" timestamp="2014-11-12T16:58:07Z" changeset="26739150" uid="735" user="blackadder">
    <nd ref="3183034779"/>
    <nd ref="3143381338"/>
    <nd ref="3143381340"/>
    <nd ref="3143381331"/>
    <nd ref="3183034777"/>
    <nd ref="3183034779"/>
    <tag k="addr:city" v="Kingsbury"/>
    <tag k="addr:housenumber" v="14"/>
    <tag k="addr:postcode" v="B78 2PH"/>
    <tag k="addr:street" v="The Laurels"/>
    <tag k="building" v="residential"/>
  </way>
  <way id="309028500" version="2" timestamp="2014-11-12T16:58:12Z" changeset="26739150" uid="735" user="blackadder">
    <nd ref="3143381343"/>
    <nd ref="3143381346"/>
    <nd ref="3143381334"/>
    <nd ref="3143381329"/>
    <nd ref="3143381333"/>
    <nd ref="3143381343"/>
    <tag k="addr:city" v="Kingsbury"/>
    <tag k="addr:housenumber" v="3"/>
    <tag k="addr:postcode" v="B78 2PG"/>
    <tag k="addr:street" v="The Firs"/>
    <tag k="building" v="residential"/>
  </way>
  <way id="309028502" version="2" timestamp="2014-11-12T16:58:11Z" changeset="26739150" uid="735" user="blackadder">
    <nd ref="3143381406"/>
    <nd ref="3143381407"/>
    <nd ref="3143381404"/>
    <nd ref="3143381403"/>
    <nd ref="3143381402"/>
    <nd ref="3143381406"/>
    <tag k="addr:city" v="Kingsbury"/>
    <tag k="addr:housenumber" v="25"/>
    <tag k="addr:postcode" v="B78 2PH"/>
    <tag k="addr:street" v="The Laurels"/>
    <tag k="building" v="residential"/>
  </way>
  <way id="309028504" version="2" timestamp="2014-11-12T16:58:08Z" changeset="26739150" uid="735" user="blackadder">
    <nd ref="3183034790"/>
    <nd ref="3143381356"/>
    <nd ref="3143381355"/>
    <nd ref="3143381350"/>
    <nd ref="3183034786"/>
    <nd ref="3183034790"/>
    <tag k="addr:city" v="Kingsbury"/>
    <tag k="addr:housenumber" v="17"/>
    <tag k="addr:postcode" v="B78 2PG"/>
    <tag k="addr:street" v="The Firs"/>
    <tag k="building" v="residential"/>
  </way>
  <way id="309028506" version="2" timestamp="2014-11-12T16:58:10Z" changeset="26739150" uid="735" user="blackadder">
    <nd ref="3143378024"/>
    <nd ref="3143378027"/>
    <nd ref="3143381332"/>
    <nd ref="3143378021"/>
    <nd ref="3143378019"/>
    <nd ref="3143378024"/>
    <tag k="addr:city" v="Kingsbury"/>
    <tag k="addr:housenumber" v="20"/>
    <tag k="addr:postcode" v="B78 2PG"/>
    <tag k="addr:street" v="The Firs"/>
    <tag k="building" v="residential"/>
  </way>
  <way id="309028508" version="2" timestamp="2014-11-12T16:58:09Z" changeset="26739150" uid="735" user="blackadder">
    <nd ref="3143378022"/>
    <nd ref="3143378024"/>
    <nd ref="3143378019"/>
    <nd ref="3143378016"/>
    <nd ref="3143378014"/>
    <nd ref="3143378022"/>
    <tag k="addr:city" v="Kingsbury"/>
    <tag k="addr:housenumber" v="18"/>
    <tag k="addr:postcode" v="B78 2PG"/>
    <tag k="addr:street" v="The Firs"/>
    <tag k="building" v="residential"/>
  </way>
  <way id="309028510" version="2" timestamp="2014-11-12T16:58:11Z" changeset="26739150" uid="735" user="blackadder">
    <nd ref="3143381404"/>
    <nd ref="3143381405"/>
    <nd ref="3143381401"/>
    <nd ref="3143381400"/>
    <nd ref="3143381398"/>
    <nd ref="3143381403"/>
    <nd ref="3143381404"/>
    <tag k="addr:city" v="Kingsbury"/>
    <tag k="addr:housenumber" v="27"/>
    <tag k="addr:postcode" v="B78 2PH"/>
    <tag k="addr:street" v="The Laurels"/>
    <tag k="building" v="residential"/>
  </way>
  <way id="309028512" version="2" timestamp="2014-11-12T16:58:12Z" changeset="26739150" uid="735" user="blackadder">
    <nd ref="3143381387"/>
    <nd ref="3143381389"/>
    <nd ref="3143381392"/>
    <nd ref="3143381394"/>
    <nd ref="3143381382"/>
    <nd ref="3143381379"/>
    <nd ref="3143381385"/>
    <nd ref="3143381384"/>
    <nd ref="3143381387"/>
    <tag k="addr:city" v="Kingsbury"/>
    <tag k="addr:housenumber" v="32"/>
    <tag k="addr:postcode" v="B78 2PE"/>
    <tag k="addr:street" v="Sorrel Drive"/>
    <tag k="building" v="residential"/>
  </way>
  <way id="309028514" version="2" timestamp="2014-11-12T16:58:12Z" changeset="26739150" uid="735" user="blackadder">
    <nd ref="3143381379"/>
    <nd ref="3143381376"/>
    <nd ref="3143381375"/>
    <nd ref="3143381372"/>
    <nd ref="3143381373"/>
    <nd ref="3143381366"/>
    <nd ref="3143381368"/>
    <nd ref="3143381382"/>
    <nd ref="3143381379"/>
    <tag k="addr:city" v="Kingsbury"/>
    <tag k="addr:housenumber" v="30"/>
    <tag k="addr:postcode" v="B78 2PE"/>
    <tag k="addr:street" v="Sorrel Drive"/>
    <tag k="building" v="residential"/>
  </way>
  <way id="309281294" version="2" timestamp="2014-11-12T16:58:18Z" changeset="26739150" uid="735" user="blackadder">
    <nd ref="3146211498"/>
    <nd ref="3146211633"/>
    <nd ref="3146211514"/>
    <nd ref="3146211629"/>
    <nd ref="3146211492"/>
    <nd ref="3146211476"/>
    <nd ref="3146211482"/>
    <nd ref="3146211473"/>
    <nd ref="3146211477"/>
    <nd ref="3146211461"/>
    <nd ref="3146211498"/>
    <tag k="addr:city" v="Kingsbury"/>
    <tag k="addr:housenumber" v="7"/>
    <tag k="addr:postcode" v="B78 2PE"/>
    <tag k="addr:street" v="Sorrel Drive"/>
    <tag k="building" v="residential"/>
  </way>
  <way id="309281295" version="2" timestamp="2014-11-10T18:11:50Z" changeset="26693848" uid="735" user="blackadder">
    <nd ref="3146211511"/>
    <nd ref="3146211516"/>
    <nd ref="3146211472"/>
    <nd ref="3146211470"/>
    <nd ref="3146211449"/>
    <nd ref="3146211444"/>
    <nd ref="3146211432"/>
    <nd ref="3146211228"/>
    <nd ref="3146211493"/>
    <nd ref="3146211497"/>
    <nd ref="3146211511"/>
    <tag k="addr:city" v="Kingsbury"/>
    <tag k="addr:housenumber" v="2"/>
    <tag k="addr:postcode" v="B78 2JT"/>
    <tag k="addr:street" v="The Hawthorns"/>
    <tag k="building" v="residential"/>
  </way>
  <way id="309281296" version="2" timestamp="2014-11-10T18:11:54Z" changeset="26693848" uid="735" user="blackadder">
    <nd ref="3146211520"/>
    <nd ref="3146211524"/>
    <nd ref="3146211505"/>
    <nd ref="3146211508"/>
    <nd ref="3146211450"/>
    <nd ref="3146211448"/>
    <nd ref="3146211456"/>
    <nd ref="3146211455"/>
    <nd ref="3146211463"/>
    <nd ref="3146211459"/>
    <nd ref="3146211520"/>
    <tag k="addr:city" v="Kingsbury"/>
    <tag k="addr:housenumber" v="76"/>
    <tag k="addr:postcode" v="B78 2JL"/>
    <tag k="addr:street" v="Sycamore Road"/>
    <tag k="building" v="residential"/>
  </way>
  <way id="309281297" version="2" timestamp="2014-11-12T16:58:22Z" changeset="26739150" uid="735" user="blackadder">
    <nd ref="3146211635"/>
    <nd ref="3146211643"/>
    <nd ref="3146211641"/>
    <nd ref="3146211661"/>
    <nd ref="3146211634"/>
    <nd ref="3146211518"/>
    <nd ref="3146211513"/>
    <nd ref="3146211494"/>
    <nd ref="3146211522"/>
    <nd ref="3146211525"/>
    <nd ref="3146211635"/>
    <tag k="addr:city" v="Kingsbury"/>
    <tag k="addr:housenumber" v="9"/>
    <tag k="addr:postcode" v="B78 2PE"/>
    <tag k="addr:street" v="Sorrel Drive"/>
    <tag k="building" v="residential"/>
  </way>
  <way id="309281298" version="2" timestamp="2014-11-10T18:11:46Z" changeset="26693848" uid="735" user="blackadder">
    <nd ref="3146210707"/>
    <nd ref="3146210708"/>
    <nd ref="3146210703"/>
    <nd ref="3146210704"/>
    <nd ref="3146210697"/>
    <nd ref="3146210696"/>
    <nd ref="3146210695"/>
    <nd ref="3146210694"/>
    <nd ref="3146210693"/>
    <nd ref="3146210692"/>
    <nd ref="3146210707"/>
    <tag k="addr:city" v="Kingsbury"/>
    <tag k="addr:housenumber" v="100"/>
    <tag k="addr:postcode" v="B78 2JL"/>
    <tag k="addr:street" v="Sycamore Road"/>
    <tag k="building" v="residential"/>
  </way>
  <way id="309281299" version="2" timestamp="2014-11-12T16:58:12Z" changeset="26739150" uid="735" user="blackadder">
    <nd ref="3146211188"/>
    <nd ref="3146211195"/>
    <nd ref="3146211206"/>
    <nd ref="3146211214"/>
    <nd ref="3146211221"/>
    <nd ref="3146211430"/>
    <nd ref="3146211218"/>
    <nd ref="3146211222"/>
    <nd ref="3146211196"/>
    <nd ref="3146211186"/>
    <nd ref="3146211177"/>
    <nd ref="3146211168"/>
    <nd ref="3146211188"/>
    <tag k="addr:city" v="Kingsbury"/>
    <tag k="addr:housenumber" v="3"/>
    <tag k="addr:postcode" v="B78 2PE"/>
    <tag k="addr:street" v="Sorrel Drive"/>
    <tag k="building" v="residential"/>
  </way>
  <way id="309281300" version="2" timestamp="2014-11-10T18:11:46Z" changeset="26693848" uid="735" user="blackadder">
    <nd ref="3146211160"/>
    <nd ref="3146211163"/>
    <nd ref="3146211153"/>
    <nd ref="3146211158"/>
    <nd ref="3146211130"/>
    <nd ref="3146211129"/>
    <nd ref="3146210720"/>
    <nd ref="3146210718"/>
    <nd ref="3146211133"/>
    <nd ref="3146211131"/>
    <nd ref="3146211145"/>
    <nd ref="3146211147"/>
    <nd ref="3146211160"/>
    <tag k="addr:city" v="Kingsbury"/>
    <tag k="addr:housenumber" v="1"/>
    <tag k="addr:postcode" v="B78 2JT"/>
    <tag k="addr:street" v="The Hawthorns"/>
    <tag k="building" v="residential"/>
  </way>
  <way id="309281301" version="2" timestamp="2014-11-12T16:58:07Z" changeset="26739150" uid="735" user="blackadder">
    <nd ref="3146211977"/>
    <nd ref="3146211982"/>
    <nd ref="3146211945"/>
    <nd ref="3146211941"/>
    <nd ref="3146211977"/>
    <tag k="addr:city" v="Kingsbury"/>
    <tag k="addr:housenumber" v="15"/>
    <tag k="addr:postcode" v="B78 2PF"/>
    <tag k="addr:street" v="Aldersgate"/>
    <tag k="building" v="residential"/>
  </way>
  <way id="309281302" version="2" timestamp="2014-11-10T18:11:47Z" changeset="26693848" uid="735" user="blackadder">
    <nd ref="3146210699"/>
    <nd ref="3146210700"/>
    <nd ref="3146210690"/>
    <nd ref="3146210688"/>
    <nd ref="3146210699"/>
    <tag k="addr:city" v="Kingsbury"/>
    <tag k="addr:housenumber" v="102"/>
    <tag k="addr:postcode" v="B78 2JL"/>
    <tag k="addr:street" v="Sycamore Road"/>
    <tag k="building" v="residential"/>
  </way>
  <way id="309281303" version="2" timestamp="2014-11-12T16:58:06Z" changeset="26739150" uid="735" user="blackadder">
    <nd ref="3146211198"/>
    <nd ref="3146211208"/>
    <nd ref="3146211180"/>
    <nd ref="3146211170"/>
    <nd ref="3146211198"/>
    <tag k="addr:city" v="Kingsbury"/>
    <tag k="addr:housenumber" v="12"/>
    <tag k="addr:postcode" v="B78 2PE"/>
    <tag k="addr:street" v="Sorrel Drive"/>
    <tag k="building" v="residential"/>
  </way>
  <way id="309281304" version="2" timestamp="2014-11-10T18:11:52Z" changeset="26693848" uid="735" user="blackadder">
    <nd ref="3146212049"/>
    <nd ref="3146212052"/>
    <nd ref="3146212037"/>
    <nd ref="3146212031"/>
    <nd ref="3146212049"/>
    <tag k="addr:city" v="Kingsbury"/>
    <tag k="addr:housenumber" v="4"/>
    <tag k="addr:postcode" v="B78 2JY"/>
    <tag k="addr:street" v="The Aspens"/>
    <tag k="building" v="residential"/>
  </way>
  <way id="309281305" version="2" timestamp="2014-11-12T16:58:07Z" changeset="26739150" uid="735" user="blackadder">
    <nd ref="3146211438"/>
    <nd ref="3146211464"/>
    <nd ref="3146211224"/>
    <nd ref="3146211209"/>
    <nd ref="3146211438"/>
    <tag k="addr:city" v="Kingsbury"/>
    <tag k="addr:housenumber" v="16"/>
    <tag k="addr:postcode" v="B78 2PE"/>
    <tag k="addr:street" v="Sorrel Drive"/>
    <tag k="building" v="residential"/>
  </way>
  <way id="309281306" version="2" timestamp="2014-11-12T16:58:18Z" changeset="26739150" uid="735" user="blackadder">
    <nd ref="3146211685"/>
    <nd ref="3146211699"/>
    <nd ref="3146211688"/>
    <nd ref="3146211673"/>
    <nd ref="3146211685"/>
    <tag k="addr:city" v="Kingsbury"/>
    <tag k="addr:housenumber" v="7"/>
    <tag k="addr:postcode" v="B78 2PF"/>
    <tag k="addr:street" v="Aldersgate"/>
    <tag k="building" v="residential"/>
  </way>
  <way id="309281307" version="2" timestamp="2014-11-10T18:11:53Z" changeset="26693848" uid="735" user="blackadder">
    <nd ref="3146211708"/>
    <nd ref="3146211714"/>
    <nd ref="3146211663"/>
    <nd ref="3146211653"/>
    <nd ref="3146211708"/>
    <tag k="addr:city" v="Kingsbury"/>
    <tag k="addr:housenumber" v="6"/>
    <tag k="addr:postcode" v="B78 2JT"/>
    <tag k="addr:street" v="The Hawthorns"/>
    <tag k="building" v="residential"/>
  </way>
  <way id="309281308" version="2" timestamp="2014-11-10T18:11:56Z" changeset="26693848" uid="735" user="blackadder">
    <nd ref="3146211439"/>
    <nd ref="3146211447"/>
    <nd ref="3146211200"/>
    <nd ref="3146211192"/>
    <nd ref="3146211439"/>
    <tag k="addr:city" v="Kingsbury"/>
    <tag k="addr:housenumber" v="86"/>
    <tag k="addr:postcode" v="B78 2JL"/>
    <tag k="addr:street" v="Sycamore Road"/>
    <tag k="building" v="residential"/>
  </way>
  <way id="309281309" version="2" timestamp="2014-11-10T18:11:56Z" changeset="26693848" uid="735" user="blackadder">
    <nd ref="3146212230"/>
    <nd ref="3146212236"/>
    <nd ref="3146210125"/>
    <nd ref="3146210117"/>
    <nd ref="3146212230"/>
    <tag k="addr:city" v="Kingsbury"/>
    <tag k="addr:housenumber" v="9"/>
    <tag k="addr:postcode" v="B78 2PL"/>
    <tag k="addr:street" v="Maple Drive"/>
    <tag k="building" v="residential"/>
  </way>
  <way id="309281310" version="2" timestamp="2014-11-10T18:11:50Z" changeset="26693848" uid="735" user="blackadder">
    <nd ref="3146212040"/>
    <nd ref="3146212044"/>
    <nd ref="3146212026"/>
    <nd ref="3146212020"/>
    <nd ref="3146212040"/>
    <tag k="addr:city" v="Kingsbury"/>
    <tag k="addr:housenumber" v="22"/>
    <tag k="addr:postcode" v="B78 2JU"/>
    <tag k="addr:street" v="Fircroft"/>
    <tag k="building" v="residential"/>
  </way>
  <way id="309281311" version="2" timestamp="2014-11-10T18:11:55Z" changeset="26693848" uid="735" user="blackadder">
    <nd ref="3146211481"/>
    <nd ref="3146211485"/>
    <nd ref="3146211227"/>
    <nd ref="3146211223"/>
    <nd ref="3146211481"/>
    <tag k="addr:city" v="Kingsbury"/>
    <tag k="addr:housenumber" v="82"/>
    <tag k="addr:postcode" v="B78 2JL"/>
    <tag k="addr:street" v="Sycamore Road"/>
    <tag k="building" v="residential"/>
  </way>
  <way id="309281312" version="2" timestamp="2014-11-12T16:58:19Z" changeset="26739150" uid="735" user="blackadder">
    <nd ref="3146211955"/>
    <nd ref="3146211960"/>
    <nd ref="3146211943"/>
    <nd ref="3146211938"/>
    <nd ref="3146211955"/>
    <tag k="addr:city" v="Kingsbury"/>
    <tag k="addr:housenumber" v="8"/>
    <tag k="addr:postcode" v="B78 2PF"/>
    <tag k="addr:street" v="Aldersgate"/>
    <tag k="building" v="residential"/>
  </way>
  <way id="309281313" version="2" timestamp="2014-11-12T16:58:03Z" changeset="26739150" uid="735" user="blackadder">
    <nd ref="3146211169"/>
    <nd ref="3146211179"/>
    <nd ref="3146211154"/>
    <nd ref="3146211143"/>
    <nd ref="3146211169"/>
    <tag k="addr:city" v="Kingsbury"/>
    <tag k="addr:housenumber" v="10"/>
    <tag k="addr:postcode" v="B78 2PE"/>
    <tag k="addr:street" v="Sorrel Drive"/>
    <tag k="building" v="residential"/>
  </way>
  <way id="309281314" version="2" timestamp="2014-11-12T16:58:18Z" changeset="26739150" uid="735" user="blackadder">
    <nd ref="3146212232"/>
    <nd ref="3146212233"/>
    <nd ref="3146210104"/>
    <nd ref="3146210100"/>
    <nd ref="3146212232"/>
    <tag k="addr:city" v="Kingsbury"/>
    <tag k="addr:housenumber" v="7"/>
    <tag k="addr:postcode" v="B78 2PL"/>
    <tag k="addr:street" v="Maple Drive"/>
    <tag k="building" v="residential"/>
  </way>
  <way id="309281315" version="2" timestamp="2014-11-12T16:58:14Z" changeset="26739150" uid="735" user="blackadder">
    <nd ref="3146211688"/>
    <nd ref="3146211672"/>
    <nd ref="3146211648"/>
    <nd ref="3146211673"/>
    <nd ref="3146211688"/>
    <tag k="addr:city" v="Kingsbury"/>
    <tag k="addr:housenumber" v="5"/>
    <tag k="addr:postcode" v="B78 2PF"/>
    <tag k="addr:street" v="Aldersgate"/>
    <tag k="building" v="residential"/>
  </way>
  <way id="309281316" version="2" timestamp="2014-11-10T18:11:52Z" changeset="26693848" uid="735" user="blackadder">
    <nd ref="3146211440"/>
    <nd ref="3146211453"/>
    <nd ref="3146211217"/>
    <nd ref="3146211211"/>
    <nd ref="3146211440"/>
    <tag k="addr:city" v="Kingsbury"/>
    <tag k="addr:housenumber" v="4"/>
    <tag k="addr:postcode" v="B78 2JU"/>
    <tag k="addr:street" v="Fircroft"/>
    <tag k="building" v="residential"/>
  </way>
  <way id="309281317" version="2" timestamp="2014-11-10T18:11:47Z" changeset="26693848" uid="735" user="blackadder">
    <nd ref="3146210125"/>
    <nd ref="3146210099"/>
    <nd ref="3146210097"/>
    <nd ref="3146210117"/>
    <nd ref="3146210125"/>
    <tag k="addr:city" v="Kingsbury"/>
    <tag k="addr:housenumber" v="11"/>
    <tag k="addr:postcode" v="B78 2PL"/>
    <tag k="addr:street" v="Maple Drive"/>
    <tag k="building" v="residential"/>
  </way>
  <way id="309281318" version="2" timestamp="2014-11-10T18:11:49Z" changeset="26693848" uid="735" user="blackadder">
    <nd ref="3146212250"/>
    <nd ref="3146212240"/>
    <nd ref="3146210122"/>
    <nd ref="3146212229"/>
    <nd ref="3146212250"/>
    <tag k="addr:city" v="Kingsbury"/>
    <tag k="addr:housenumber" v="17"/>
    <tag k="addr:postcode" v="B78 2JU"/>
    <tag k="addr:street" v="Fircroft"/>
    <tag k="building" v="residential"/>
  </way>
  <way id="309281319" version="2" timestamp="2014-11-10T18:11:53Z" changeset="26693848" uid="735" user="blackadder">
    <nd ref="3146211502"/>
    <nd ref="3146211506"/>
    <nd ref="3146211467"/>
    <nd ref="3146211458"/>
    <nd ref="3146211502"/>
    <tag k="addr:city" v="Kingsbury"/>
    <tag k="addr:housenumber" v="6"/>
    <tag k="addr:postcode" v="B78 2JU"/>
    <tag k="addr:street" v="Fircroft"/>
    <tag k="building" v="residential"/>
  </way>
  <way id="309281320" version="2" timestamp="2014-11-12T16:58:09Z" changeset="26739150" uid="735" user="blackadder">
    <nd ref="3146210722"/>
    <nd ref="3146210705"/>
    <nd ref="3146210702"/>
    <nd ref="3146210709"/>
    <nd ref="3146210722"/>
    <tag k="addr:city" v="Kingsbury"/>
    <tag k="addr:housenumber" v="2"/>
    <tag k="addr:postcode" v="B78 2PE"/>
    <tag k="addr:street" v="Sorrel Drive"/>
    <tag k="building" v="residential"/>
  </way>
  <way id="309281321" version="2" timestamp="2014-11-10T18:11:51Z" changeset="26693848" uid="735" user="blackadder">
    <nd ref="3146211704"/>
    <nd ref="3146211712"/>
    <nd ref="3146211693"/>
    <nd ref="3146211684"/>
    <nd ref="3146211704"/>
    <tag k="addr:city" v="Kingsbury"/>
    <tag k="addr:housenumber" v="3"/>
    <tag k="addr:postcode" v="B78 2JY"/>
    <tag k="addr:street" v="The Aspens"/>
    <tag k="building" v="residential"/>
  </way>
  <way id="309281322" version="2" timestamp="2014-11-10T18:11:48Z" changeset="26693848" uid="735" user="blackadder">
    <nd ref="3146212065"/>
    <nd ref="3146212068"/>
    <nd ref="3146212060"/>
    <nd ref="3146212057"/>
    <nd ref="3146212065"/>
    <tag k="addr:city" v="Kingsbury"/>
    <tag k="addr:housenumber" v="15"/>
    <tag k="addr:postcode" v="B78 2PL"/>
    <tag k="addr:street" v="Maple Drive"/>
    <tag k="building" v="residential"/>
  </way>
  <way id="309281323" version="2" timestamp="2014-11-12T16:58:20Z" changeset="26739150" uid="735" user="blackadder">
    <nd ref="3146211159"/>
    <nd ref="3146211169"/>
    <nd ref="3146211143"/>
    <nd ref="3146211136"/>
    <nd ref="3146211159"/>
    <tag k="addr:city" v="Kingsbury"/>
    <tag k="addr:housenumber" v="8"/>
    <tag k="addr:postcode" v="B78 2PE"/>
    <tag k="addr:street" v="Sorrel Drive"/>
    <tag k="building" v="residential"/>
  </way>
  <way id="309281324" version="2" timestamp="2014-11-10T18:11:56Z" changeset="26693848" uid="735" user="blackadder">
    <nd ref="3146211141"/>
    <nd ref="3146211142"/>
    <nd ref="3146210721"/>
    <nd ref="3146210719"/>
    <nd ref="3146211141"/>
    <tag k="addr:city" v="Kingsbury"/>
    <tag k="addr:housenumber" v="96"/>
    <tag k="addr:postcode" v="B78 2JL"/>
    <tag k="addr:street" v="Sycamore Road"/>
    <tag k="building" v="residential"/>
  </way>
  <way id="309281325" version="2" timestamp="2014-11-12T16:58:08Z" changeset="26739150" uid="735" user="blackadder">
    <nd ref="3146211982"/>
    <nd ref="3146211987"/>
    <nd ref="3146211949"/>
    <nd ref="3146211945"/>
    <nd ref="3146211982"/>
    <tag k="addr:city" v="Kingsbury"/>
    <tag k="addr:housenumber" v="17"/>
    <tag k="addr:postcode" v="B78 2PF"/>
    <tag k="addr:street" v="Aldersgate"/>
    <tag k="building" v="residential"/>
  </way>
  <way id="309281326" version="2" timestamp="2014-11-12T16:58:04Z" changeset="26739150" uid="735" user="blackadder">
    <nd ref="3146211677"/>
    <nd ref="3146211646"/>
    <nd ref="3146211634"/>
    <nd ref="3146211661"/>
    <nd ref="3146211677"/>
    <tag k="addr:city" v="Kingsbury"/>
    <tag k="addr:housenumber" v="11"/>
    <tag k="addr:postcode" v="B78 2PE"/>
    <tag k="addr:street" v="Sorrel Drive"/>
    <tag k="building" v="residential"/>
  </way>
  <way id="309281327" version="2" timestamp="2014-11-10T18:11:51Z" changeset="26693848" uid="735" user="blackadder">
    <nd ref="3146211151"/>
    <nd ref="3146211155"/>
    <nd ref="3146210717"/>
    <nd ref="3146210715"/>
    <nd ref="3146211151"/>
    <tag k="addr:city" v="Kingsbury"/>
    <tag k="addr:housenumber" v="3"/>
    <tag k="addr:postcode" v="B78 2JT"/>
    <tag k="addr:street" v="The Hawthorns"/>
    <tag k="building" v="residential"/>
  </way>
  <way id="309281328" version="2" timestamp="2014-11-10T18:11:50Z" changeset="26693848" uid="735" user="blackadder">
    <nd ref="3146212012"/>
    <nd ref="3146212016"/>
    <nd ref="3146212001"/>
    <nd ref="3146211998"/>
    <nd ref="3146212012"/>
    <tag k="addr:city" v="Kingsbury"/>
    <tag k="addr:housenumber" v="20"/>
    <tag k="addr:postcode" v="B78 2JU"/>
    <tag k="addr:street" v="Fircroft"/>
    <tag k="building" v="residential"/>
  </way>
  <way id="309281329" version="2" timestamp="2014-11-12T16:58:21Z" changeset="26739150" uid="735" user="blackadder">
    <nd ref="3146211967"/>
    <nd ref="3146211973"/>
    <nd ref="3146211933"/>
    <nd ref="3146211930"/>
    <nd ref="3146211967"/>
    <tag k="addr:city" v="Kingsbury"/>
    <tag k="addr:housenumber" v="9"/>
    <tag k="addr:postcode" v="B78 2PF"/>
    <tag k="addr:street" v="Aldersgate"/>
    <tag k="building" v="residential"/>
  </way>
  <way id="309281330" version="2" timestamp="2014-11-10T18:11:53Z" changeset="26693848" uid="735" user="blackadder">
    <nd ref="3146211980"/>
    <nd ref="3146211984"/>
    <nd ref="3146211950"/>
    <nd ref="3146211946"/>
    <nd ref="3146211980"/>
    <tag k="addr:city" v="Kingsbury"/>
    <tag k="addr:housenumber" v="7"/>
    <tag k="addr:postcode" v="B78 2JU"/>
    <tag k="addr:street" v="Fircroft"/>
    <tag k="building" v="residential"/>
  </way>
  <way id="309281331" version="2" timestamp="2014-11-10T18:11:52Z" changeset="26693848" uid="735" user="blackadder">
    <nd ref="3146211148"/>
    <nd ref="3146211150"/>
    <nd ref="3146210714"/>
    <nd ref="3146210711"/>
    <nd ref="3146211148"/>
    <tag k="addr:city" v="Kingsbury"/>
    <tag k="addr:housenumber" v="5"/>
    <tag k="addr:postcode" v="B78 2JT"/>
    <tag k="addr:street" v="The Hawthorns"/>
    <tag k="building" v="residential"/>
  </way>
  <way id="309281332" version="2" timestamp="2014-11-10T18:11:57Z" changeset="26693848" uid="735" user="blackadder">
    <nd ref="3146211135"/>
    <nd ref="3146211138"/>
    <nd ref="3146210712"/>
    <nd ref="3146210710"/>
    <nd ref="3146211135"/>
    <tag k="addr:city" v="Kingsbury"/>
    <tag k="addr:housenumber" v="98"/>
    <tag k="addr:postcode" v="B78 2JL"/>
    <tag k="addr:street" v="Sycamore Road"/>
    <tag k="building" v="residential"/>
  </way>
  <way id="309281333" version="2" timestamp="2014-11-12T16:58:08Z" changeset="26739150" uid="735" user="blackadder">
    <nd ref="3146211716"/>
    <nd ref="3146211701"/>
    <nd ref="3146211683"/>
    <nd ref="3146211700"/>
    <nd ref="3146211716"/>
    <tag k="addr:city" v="Kingsbury"/>
    <tag k="addr:housenumber" v="17"/>
    <tag k="addr:postcode" v="B78 2PE"/>
    <tag k="addr:street" v="Sorrel Drive"/>
    <tag k="building" v="residential"/>
  </way>
  <way id="309281334" version="2" timestamp="2014-11-10T18:11:47Z" changeset="26693848" uid="735" user="blackadder">
    <nd ref="3146212063"/>
    <nd ref="3146212064"/>
    <nd ref="3146212051"/>
    <nd ref="3146212048"/>
    <nd ref="3146212063"/>
    <tag k="addr:city" v="Kingsbury"/>
    <tag k="addr:housenumber" v="11"/>
    <tag k="addr:postcode" v="B78 2JU"/>
    <tag k="addr:street" v="Fircroft"/>
    <tag k="building" v="residential"/>
  </way>
  <way id="309281335" version="2" timestamp="2014-11-10T18:11:47Z" changeset="26693848" uid="735" user="blackadder">
    <nd ref="3146211671"/>
    <nd ref="3146211676"/>
    <nd ref="3146211632"/>
    <nd ref="3146211631"/>
    <nd ref="3146211671"/>
    <tag k="addr:city" v="Kingsbury"/>
    <tag k="addr:housenumber" v="12"/>
    <tag k="addr:postcode" v="B78 2JU"/>
    <tag k="addr:street" v="Fircroft"/>
    <tag k="building" v="residential"/>
  </way>
  <way id="309281336" version="2" timestamp="2014-11-12T16:58:03Z" changeset="26739150" uid="735" user="blackadder">
    <nd ref="3146212022"/>
    <nd ref="3146212025"/>
    <nd ref="3146212000"/>
    <nd ref="3146211997"/>
    <nd ref="3146212022"/>
    <tag k="addr:city" v="Kingsbury"/>
    <tag k="addr:housenumber" v="10"/>
    <tag k="addr:postcode" v="B78 2PF"/>
    <tag k="addr:street" v="Aldersgate"/>
    <tag k="building" v="residential"/>
  </way>
  <way id="309281337" version="2" timestamp="2014-11-12T16:58:01Z" changeset="26739150" uid="735" user="blackadder">
    <nd ref="3146211526"/>
    <nd ref="3146211500"/>
    <nd ref="3146211471"/>
    <nd ref="3146211488"/>
    <nd ref="3146211526"/>
    <tag k="addr:city" v="Kingsbury"/>
    <tag k="addr:housenumber" v="1"/>
    <tag k="addr:postcode" v="B78 2PF"/>
    <tag k="addr:street" v="Aldersgate"/>
    <tag k="building" v="residential"/>
  </way>
  <way id="309281339" version="2" timestamp="2014-11-12T16:58:17Z" changeset="26739150" uid="735" user="blackadder">
    <nd ref="3146211659"/>
    <nd ref="3146211642"/>
    <nd ref="3146211507"/>
    <nd ref="3146211528"/>
    <nd ref="3146211659"/>
    <tag k="addr:city" v="Kingsbury"/>
    <tag k="addr:housenumber" v="6"/>
    <tag k="addr:postcode" v="B78 2PG"/>
    <tag k="addr:street" v="The Firs"/>
    <tag k="building" v="residential"/>
  </way>
  <way id="309281340" version="2" timestamp="2014-11-10T18:11:50Z" changeset="26693848" uid="735" user="blackadder">
    <nd ref="3146212024"/>
    <nd ref="3146212030"/>
    <nd ref="3146212008"/>
    <nd ref="3146212004"/>
    <nd ref="3146212024"/>
    <tag k="addr:city" v="Kingsbury"/>
    <tag k="addr:housenumber" v="2"/>
    <tag k="addr:postcode" v="B78 2JY"/>
    <tag k="addr:street" v="The Aspens"/>
    <tag k="building" v="residential"/>
  </way>
  <way id="309281342" version="2" timestamp="2014-11-10T18:11:49Z" changeset="26693848" uid="735" user="blackadder">
    <nd ref="3146211202"/>
    <nd ref="3146211207"/>
    <nd ref="3146211178"/>
    <nd ref="3146211174"/>
    <nd ref="3146211202"/>
    <tag k="addr:city" v="Kingsbury"/>
    <tag k="addr:housenumber" v="2"/>
    <tag k="addr:postcode" v="B78 2JU"/>
    <tag k="addr:street" v="Fircroft"/>
    <tag k="building" v="residential"/>
  </way>
  <way id="309281344" version="2" timestamp="2014-11-10T18:11:52Z" changeset="26693848" uid="735" user="blackadder">
    <nd ref="3146211484"/>
    <nd ref="3146211487"/>
    <nd ref="3146211210"/>
    <nd ref="3146211204"/>
    <nd ref="3146211484"/>
    <tag k="addr:city" v="Kingsbury"/>
    <tag k="addr:housenumber" v="4"/>
    <tag k="addr:postcode" v="B78 2JT"/>
    <tag k="addr:street" v="The Hawthorns"/>
    <tag k="building" v="residential"/>
  </way>
  <way id="309281345" version="2" timestamp="2014-11-12T16:58:10Z" changeset="26739150" uid="735" user="blackadder">
    <nd ref="3146212007"/>
    <nd ref="3146212009"/>
    <nd ref="3146211976"/>
    <nd ref="3146211972"/>
    <nd ref="3146212007"/>
    <tag k="addr:city" v="Kingsbury"/>
    <tag k="addr:housenumber" v="20"/>
    <tag k="addr:postcode" v="B78 2PF"/>
    <tag k="addr:street" v="Aldersgate"/>
    <tag k="building" v="residential"/>
  </way>
  <way id="309281347" version="2" timestamp="2014-11-10T18:11:46Z" changeset="26693848" uid="735" user="blackadder">
    <nd ref="3146211709"/>
    <nd ref="3146211715"/>
    <nd ref="3146211664"/>
    <nd ref="3146211655"/>
    <nd ref="3146211709"/>
    <tag k="addr:city" v="Kingsbury"/>
    <tag k="addr:housenumber" v="10"/>
    <tag k="addr:postcode" v="B78 2JT"/>
    <tag k="addr:street" v="The Hawthorns"/>
    <tag k="building" v="residential"/>
  </way>
  <way id="309281349" version="2" timestamp="2014-11-10T18:11:51Z" changeset="26693848" uid="735" user="blackadder">
    <nd ref="3146212247"/>
    <nd ref="3146212239"/>
    <nd ref="3146210119"/>
    <nd ref="3146210127"/>
    <nd ref="3146212247"/>
    <tag k="addr:city" v="Kingsbury"/>
    <tag k="addr:housenumber" v="26"/>
    <tag k="addr:postcode" v="B78 2JU"/>
    <tag k="addr:street" v="Fircroft"/>
    <tag k="building" v="residential"/>
  </way>
  <way id="309281351" version="2" timestamp="2014-11-10T18:11:53Z" changeset="26693848" uid="735" user="blackadder">
    <nd ref="3146212067"/>
    <nd ref="3146212072"/>
    <nd ref="3146212058"/>
    <nd ref="3146212054"/>
    <nd ref="3146212067"/>
    <tag k="addr:city" v="Kingsbury"/>
    <tag k="addr:housenumber" v="6"/>
    <tag k="addr:postcode" v="B78 2JY"/>
    <tag k="addr:street" v="The Aspens"/>
    <tag k="building" v="residential"/>
  </way>
  <way id="309281353" version="2" timestamp="2014-11-12T16:58:09Z" changeset="26739150" uid="735" user="blackadder">
    <nd ref="3146211957"/>
    <nd ref="3146211939"/>
    <nd ref="3146211932"/>
    <nd ref="3146211953"/>
    <nd ref="3146211957"/>
    <tag k="addr:city" v="Kingsbury"/>
    <tag k="addr:housenumber" v="19"/>
    <tag k="addr:postcode" v="B78 2PE"/>
    <tag k="addr:street" v="Sorrel Drive"/>
    <tag k="building" v="residential"/>
  </way>
  <way id="309281355" version="2" timestamp="2014-11-12T16:58:11Z" changeset="26739150" uid="735" user="blackadder">
    <nd ref="3146212076"/>
    <nd ref="3146212062"/>
    <nd ref="3146212061"/>
    <nd ref="3146212074"/>
    <nd ref="3146212076"/>
    <tag k="addr:city" v="Kingsbury"/>
    <tag k="addr:housenumber" v="29"/>
    <tag k="addr:postcode" v="B78 2PE"/>
    <tag k="addr:street" v="Sorrel Drive"/>
    <tag k="building" v="residential"/>
  </way>
  <way id="309281356" version="2" timestamp="2014-11-10T18:11:49Z" changeset="26693848" uid="735" user="blackadder">
    <nd ref="3146212057"/>
    <nd ref="3146212043"/>
    <nd ref="3146212046"/>
    <nd ref="3146212060"/>
    <nd ref="3146212057"/>
    <tag k="addr:city" v="Kingsbury"/>
    <tag k="addr:housenumber" v="17"/>
    <tag k="addr:postcode" v="B78 2PL"/>
    <tag k="addr:street" v="Maple Drive"/>
    <tag k="building" v="residential"/>
  </way>
  <way id="309281357" version="2" timestamp="2014-11-10T18:11:48Z" changeset="26693848" uid="735" user="blackadder">
    <nd ref="3146210106"/>
    <nd ref="3146210110"/>
    <nd ref="3146212069"/>
    <nd ref="3146212066"/>
    <nd ref="3146210106"/>
    <tag k="addr:city" v="Kingsbury"/>
    <tag k="addr:housenumber" v="15"/>
    <tag k="addr:postcode" v="B78 2JU"/>
    <tag k="addr:street" v="Fircroft"/>
    <tag k="building" v="residential"/>
  </way>
  <way id="309281359" version="2" timestamp="2014-11-10T18:11:55Z" changeset="26693848" uid="735" user="blackadder">
    <nd ref="3146211706"/>
    <nd ref="3146211710"/>
    <nd ref="3146211662"/>
    <nd ref="3146211654"/>
    <nd ref="3146211706"/>
    <tag k="addr:city" v="Kingsbury"/>
    <tag k="addr:housenumber" v="8"/>
    <tag k="addr:postcode" v="B78 2JT"/>
    <tag k="addr:street" v="The Hawthorns"/>
    <tag k="building" v="residential"/>
  </way>
  <way id="309281361" version="2" timestamp="2014-11-12T16:58:17Z" changeset="26739150" uid="735" user="blackadder">
    <nd ref="3146211139"/>
    <nd ref="3146211149"/>
    <nd ref="3146210726"/>
    <nd ref="3146210716"/>
    <nd ref="3146211139"/>
    <tag k="addr:city" v="Kingsbury"/>
    <tag k="addr:housenumber" v="6"/>
    <tag k="addr:postcode" v="B78 2PE"/>
    <tag k="addr:street" v="Sorrel Drive"/>
    <tag k="building" v="residential"/>
  </way>
  <way id="309281362" version="2" timestamp="2014-11-10T18:11:51Z" changeset="26693848" uid="735" user="blackadder">
    <nd ref="3146212262"/>
    <nd ref="3146212260"/>
    <nd ref="3146212244"/>
    <nd ref="3146212253"/>
    <nd ref="3146212262"/>
    <tag k="addr:city" v="Kingsbury"/>
    <tag k="addr:housenumber" v="28"/>
    <tag k="addr:postcode" v="B78 2JU"/>
    <tag k="addr:street" v="Fircroft"/>
    <tag k="building" v="residential"/>
  </way>
  <way id="309281365" version="2" timestamp="2014-11-10T18:11:52Z" changeset="26693848" uid="735" user="blackadder">
    <nd ref="3146211961"/>
    <nd ref="3146211963"/>
    <nd ref="3146211727"/>
    <nd ref="3146211725"/>
    <nd ref="3146211961"/>
    <tag k="addr:city" v="Kingsbury"/>
    <tag k="addr:housenumber" v="5"/>
    <tag k="addr:postcode" v="B78 2JU"/>
    <tag k="addr:street" v="Fircroft"/>
    <tag k="building" v="residential"/>
  </way>
  <way id="309281366" version="2" timestamp="2014-11-12T16:58:08Z" changeset="26739150" uid="735" user="blackadder">
    <nd ref="3146212009"/>
    <nd ref="3146212010"/>
    <nd ref="3146211983"/>
    <nd ref="3146211979"/>
    <nd ref="3146211976"/>
    <nd ref="3146212009"/>
    <tag k="addr:city" v="Kingsbury"/>
    <tag k="addr:housenumber" v="18"/>
    <tag k="addr:postcode" v="B78 2PF"/>
    <tag k="addr:street" v="Aldersgate"/>
    <tag k="building" v="residential"/>
  </way>
  <way id="309281368" version="2" timestamp="2014-11-12T16:58:07Z" changeset="26739150" uid="735" user="blackadder">
    <nd ref="3146212010"/>
    <nd ref="3146212011"/>
    <nd ref="3146212014"/>
    <nd ref="3146211988"/>
    <nd ref="3146211983"/>
    <nd ref="3146212010"/>
    <tag k="addr:city" v="Kingsbury"/>
    <tag k="addr:housenumber" v="16"/>
    <tag k="addr:postcode" v="B78 2PF"/>
    <tag k="addr:street" v="Aldersgate"/>
    <tag k="building" v="residential"/>
  </way>
  <way id="309281369" version="2" timestamp="2014-11-12T16:58:16Z" changeset="26739150" uid="735" user="blackadder">
    <nd ref="3146211943"/>
    <nd ref="3146211728"/>
    <nd ref="3146211726"/>
    <nd ref="3146211723"/>
    <nd ref="3146211938"/>
    <nd ref="3146211943"/>
    <tag k="addr:city" v="Kingsbury"/>
    <tag k="addr:housenumber" v="6"/>
    <tag k="addr:postcode" v="B78 2PF"/>
    <tag k="addr:street" v="Aldersgate"/>
    <tag k="building" v="residential"/>
  </way>
  <way id="309281371" version="2" timestamp="2014-11-12T16:58:15Z" changeset="26739150" uid="735" user="blackadder">
    <nd ref="3146212233"/>
    <nd ref="3146212237"/>
    <nd ref="3146210096"/>
    <nd ref="3146210095"/>
    <nd ref="3146210104"/>
    <nd ref="3146212233"/>
    <tag k="addr:city" v="Kingsbury"/>
    <tag k="addr:housenumber" v="5"/>
    <tag k="addr:postcode" v="B78 2PL"/>
    <tag k="addr:street" v="Maple Drive"/>
    <tag k="building" v="residential"/>
  </way>
  <way id="309281372" version="2" timestamp="2014-11-12T16:58:09Z" changeset="26739150" uid="735" user="blackadder">
    <nd ref="3146211674"/>
    <nd ref="3146211660"/>
    <nd ref="3146211637"/>
    <nd ref="3146211630"/>
    <nd ref="3146211638"/>
    <nd ref="3183034772"/>
    <nd ref="3146211674"/>
    <tag k="addr:city" v="Kingsbury"/>
    <tag k="addr:housenumber" v="2"/>
    <tag k="addr:postcode" v="B78 2PG"/>
    <tag k="addr:street" v="The Firs"/>
    <tag k="building" v="residential"/>
  </way>
  <way id="309281373" version="2" timestamp="2014-11-12T16:58:06Z" changeset="26739150" uid="735" user="blackadder">
    <nd ref="3146212014"/>
    <nd ref="3146212015"/>
    <nd ref="3146211993"/>
    <nd ref="3146211991"/>
    <nd ref="3146211988"/>
    <nd ref="3146212014"/>
    <tag k="addr:city" v="Kingsbury"/>
    <tag k="addr:housenumber" v="14"/>
    <tag k="addr:postcode" v="B78 2PF"/>
    <tag k="addr:street" v="Aldersgate"/>
    <tag k="building" v="residential"/>
  </way>
  <way id="309281374" version="2" timestamp="2014-11-12T16:58:05Z" changeset="26739150" uid="735" user="blackadder">
    <nd ref="3146212015"/>
    <nd ref="3146212019"/>
    <nd ref="3146212022"/>
    <nd ref="3146211997"/>
    <nd ref="3146211993"/>
    <nd ref="3146212015"/>
    <tag k="addr:city" v="Kingsbury"/>
    <tag k="addr:housenumber" v="12"/>
    <tag k="addr:postcode" v="B78 2PF"/>
    <tag k="addr:street" v="Aldersgate"/>
    <tag k="building" v="residential"/>
  </way>
  <way id="309281375" version="2" timestamp="2014-11-12T16:58:10Z" changeset="26739150" uid="735" user="blackadder">
    <nd ref="3183034772"/>
    <nd ref="3146211638"/>
    <nd ref="3146211658"/>
    <nd ref="3183034773"/>
    <nd ref="3183034772"/>
    <tag k="addr:city" v="Kingsbury"/>
    <tag k="addr:housenumber" v="20"/>
    <tag k="addr:postcode" v="B78 2PE"/>
    <tag k="addr:street" v="Sorrel Drive"/>
    <tag k="building" v="residential"/>
  </way>
  <way id="309281376" version="2" timestamp="2014-11-12T16:58:12Z" changeset="26739150" uid="735" user="blackadder">
    <nd ref="3146210114"/>
    <nd ref="3146210120"/>
    <nd ref="3146212076"/>
    <nd ref="3146212074"/>
    <nd ref="3146212073"/>
    <nd ref="3146210114"/>
    <tag k="addr:city" v="Kingsbury"/>
    <tag k="addr:housenumber" v="31"/>
    <tag k="addr:postcode" v="B78 2PE"/>
    <tag k="addr:street" v="Sorrel Drive"/>
    <tag k="building" v="residential"/>
  </way>
  <way id="309281377" version="2" timestamp="2014-11-12T16:58:13Z" changeset="26739150" uid="735" user="blackadder">
    <nd ref="3146211660"/>
    <nd ref="3146211670"/>
    <nd ref="3146211659"/>
    <nd ref="3146211528"/>
    <nd ref="3146211637"/>
    <nd ref="3146211660"/>
    <tag k="addr:city" v="Kingsbury"/>
    <tag k="addr:housenumber" v="4"/>
    <tag k="addr:postcode" v="B78 2PG"/>
    <tag k="addr:street" v="The Firs"/>
    <tag k="building" v="residential"/>
  </way>
  <way id="309281378" version="2" timestamp="2014-11-12T16:58:20Z" changeset="26739150" uid="735" user="blackadder">
    <nd ref="3146211642"/>
    <nd ref="3146211644"/>
    <nd ref="3146211521"/>
    <nd ref="3146211475"/>
    <nd ref="3146211507"/>
    <nd ref="3146211642"/>
    <tag k="addr:city" v="Kingsbury"/>
    <tag k="addr:housenumber" v="8"/>
    <tag k="addr:postcode" v="B78 2PG"/>
    <tag k="addr:street" v="The Firs"/>
    <tag k="building" v="residential"/>
  </way>
  <way id="309281379" version="2" timestamp="2014-11-12T16:58:13Z" changeset="26739150" uid="735" user="blackadder">
    <nd ref="3146211721"/>
    <nd ref="3146211723"/>
    <nd ref="3146211726"/>
    <nd ref="3146211705"/>
    <nd ref="3146211702"/>
    <nd ref="3146211721"/>
    <tag k="addr:city" v="Kingsbury"/>
    <tag k="addr:housenumber" v="4"/>
    <tag k="addr:postcode" v="B78 2PF"/>
    <tag k="addr:street" v="Aldersgate"/>
    <tag k="building" v="residential"/>
  </way>
  <way id="309281381" version="2" timestamp="2014-11-10T18:11:55Z" changeset="26693848" uid="735" user="blackadder">
    <nd ref="3146211499"/>
    <nd ref="3146211503"/>
    <nd ref="3146211512"/>
    <nd ref="3146211519"/>
    <nd ref="3146211451"/>
    <nd ref="3146211443"/>
    <nd ref="3146211499"/>
    <tag k="addr:city" v="Kingsbury"/>
    <tag k="addr:housenumber" v="80"/>
    <tag k="addr:postcode" v="B78 2JL"/>
    <tag k="addr:street" v="Sycamore Road"/>
    <tag k="building" v="residential"/>
  </way>
  <way id="309281383" version="2" timestamp="2014-11-10T18:11:46Z" changeset="26693848" uid="735" user="blackadder">
    <nd ref="3146212258"/>
    <nd ref="3146212252"/>
    <nd ref="3146210128"/>
    <nd ref="3146212231"/>
    <nd ref="3146212241"/>
    <nd ref="3146212243"/>
    <nd ref="3146212258"/>
    <tag k="addr:city" v="Kingsbury"/>
    <tag k="addr:housenumber" v="10"/>
    <tag k="addr:postcode" v="B78 2JY"/>
    <tag k="addr:street" v="The Aspens"/>
    <tag k="building" v="residential"/>
  </way>
  <way id="309281385" version="2" timestamp="2014-11-10T18:11:54Z" changeset="26693848" uid="735" user="blackadder">
    <nd ref="3146211496"/>
    <nd ref="3146211501"/>
    <nd ref="3146211435"/>
    <nd ref="3146211431"/>
    <nd ref="3146211445"/>
    <nd ref="3146211442"/>
    <nd ref="3146211496"/>
    <tag k="addr:city" v="Kingsbury"/>
    <tag k="addr:housenumber" v="72"/>
    <tag k="addr:postcode" v="B78 2JL"/>
    <tag k="addr:street" v="Sycamore Road"/>
    <tag k="building" v="residential"/>
  </way>
  <way id="309281387" version="2" timestamp="2014-11-10T18:11:55Z" changeset="26693848" uid="735" user="blackadder">
    <nd ref="3146210115"/>
    <nd ref="3146210121"/>
    <nd ref="3146212075"/>
    <nd ref="3146212070"/>
    <nd ref="3146210102"/>
    <nd ref="3146210103"/>
    <nd ref="3146210115"/>
    <tag k="addr:city" v="Kingsbury"/>
    <tag k="addr:housenumber" v="8"/>
    <tag k="addr:postcode" v="B78 2JY"/>
    <tag k="addr:street" v="The Aspens"/>
    <tag k="building" v="residential"/>
  </way>
  <way id="309281388" version="2" timestamp="2014-11-10T18:11:55Z" changeset="26693848" uid="735" user="blackadder">
    <nd ref="3146211466"/>
    <nd ref="3146211469"/>
    <nd ref="3146211480"/>
    <nd ref="3146211483"/>
    <nd ref="3146211216"/>
    <nd ref="3146211212"/>
    <nd ref="3146211466"/>
    <tag k="addr:city" v="Kingsbury"/>
    <tag k="addr:housenumber" v="84"/>
    <tag k="addr:postcode" v="B78 2JL"/>
    <tag k="addr:street" v="Sycamore Road"/>
    <tag k="building" v="residential"/>
  </way>
  <way id="309281389" version="2" timestamp="2014-11-10T18:11:50Z" changeset="26693848" uid="735" user="blackadder">
    <nd ref="3146210123"/>
    <nd ref="3146210112"/>
    <nd ref="3146212071"/>
    <nd ref="3146212077"/>
    <nd ref="3146210105"/>
    <nd ref="3146210107"/>
    <nd ref="3146210123"/>
    <tag k="addr:city" v="Kingsbury"/>
    <tag k="addr:housenumber" v="24"/>
    <tag k="addr:postcode" v="B78 2JU"/>
    <tag k="addr:street" v="Fircroft"/>
    <tag k="building" v="residential"/>
  </way>
  <way id="309281390" version="2" timestamp="2014-11-10T18:11:45Z" changeset="26693848" uid="735" user="blackadder">
    <nd ref="3146211951"/>
    <nd ref="3146211954"/>
    <nd ref="3146211711"/>
    <nd ref="3146211707"/>
    <nd ref="3146211720"/>
    <nd ref="3146211717"/>
    <nd ref="3146211951"/>
    <tag k="addr:city" v="Kingsbury"/>
    <tag k="addr:housenumber" v="1"/>
    <tag k="addr:postcode" v="B78 2JU"/>
    <tag k="addr:street" v="Fircroft"/>
    <tag k="building" v="residential"/>
  </way>
  <way id="309281391" version="2" timestamp="2014-11-10T18:11:51Z" changeset="26693848" uid="735" user="blackadder">
    <nd ref="3146211956"/>
    <nd ref="3146211959"/>
    <nd ref="3146211966"/>
    <nd ref="3146211970"/>
    <nd ref="3146211724"/>
    <nd ref="3146211719"/>
    <nd ref="3146211956"/>
    <tag k="addr:city" v="Kingsbury"/>
    <tag k="addr:housenumber" v="3"/>
    <tag k="addr:postcode" v="B78 2JU"/>
    <tag k="addr:street" v="Fircroft"/>
    <tag k="building" v="residential"/>
  </way>
  <way id="309281392" version="2" timestamp="2014-11-10T18:11:48Z" changeset="26693848" uid="735" user="blackadder">
    <nd ref="3146212272"/>
    <nd ref="3146212267"/>
    <nd ref="3146212256"/>
    <nd ref="3146212259"/>
    <nd ref="3146212266"/>
    <nd ref="3146212265"/>
    <nd ref="3146212272"/>
    <tag k="addr:city" v="Kingsbury"/>
    <tag k="addr:housenumber" v="12"/>
    <tag k="addr:postcode" v="B78 2JY"/>
    <tag k="addr:street" v="The Aspens"/>
    <tag k="building" v="residential"/>
  </way>
  <way id="309281393" version="2" timestamp="2014-11-10T18:11:52Z" changeset="26693848" uid="735" user="blackadder">
    <nd ref="3146211940"/>
    <nd ref="3146211947"/>
    <nd ref="3146211931"/>
    <nd ref="3146211934"/>
    <nd ref="3146211718"/>
    <nd ref="3146211713"/>
    <nd ref="3146211940"/>
    <tag k="addr:city" v="Kingsbury"/>
    <tag k="addr:housenumber" v="5"/>
    <tag k="addr:postcode" v="B78 2JY"/>
    <tag k="addr:street" v="The Aspens"/>
    <tag k="building" v="residential"/>
  </way>
  <way id="309281394" version="2" timestamp="2014-11-10T18:11:54Z" changeset="26693848" uid="735" user="blackadder">
    <nd ref="3146211523"/>
    <nd ref="3146211527"/>
    <nd ref="3146211446"/>
    <nd ref="3146211441"/>
    <nd ref="3146211462"/>
    <nd ref="3146211460"/>
    <nd ref="3146211523"/>
    <tag k="addr:city" v="Kingsbury"/>
    <tag k="addr:housenumber" v="74"/>
    <tag k="addr:postcode" v="B78 2JL"/>
    <tag k="addr:street" v="Sycamore Road"/>
    <tag k="building" v="residential"/>
  </way>
  <way id="309281395" version="2" timestamp="2014-11-10T18:11:48Z" changeset="26693848" uid="735" user="blackadder">
    <nd ref="3146212279"/>
    <nd ref="3146212278"/>
    <nd ref="3146212271"/>
    <nd ref="3146212273"/>
    <nd ref="3146212275"/>
    <nd ref="3146212276"/>
    <nd ref="3146212279"/>
    <tag k="addr:city" v="Kingsbury"/>
    <tag k="addr:housenumber" v="14"/>
    <tag k="addr:postcode" v="B78 2JY"/>
    <tag k="addr:street" v="The Aspens"/>
    <tag k="building" v="residential"/>
  </way>
  <way id="309281396" version="2" timestamp="2014-11-10T18:11:56Z" changeset="26693848" uid="735" user="blackadder">
    <nd ref="3146211194"/>
    <nd ref="3146211199"/>
    <nd ref="3146211167"/>
    <nd ref="3146211166"/>
    <nd ref="3146211157"/>
    <nd ref="3146211152"/>
    <nd ref="3146211194"/>
    <tag k="addr:city" v="Kingsbury"/>
    <tag k="addr:housenumber" v="90"/>
    <tag k="addr:postcode" v="B78 2JL"/>
    <tag k="addr:street" v="Sycamore Road"/>
    <tag k="building" v="residential"/>
  </way>
  <way id="309281397" version="2" timestamp="2014-11-10T18:11:46Z" changeset="26693848" uid="735" user="blackadder">
    <nd ref="3146211679"/>
    <nd ref="3146211682"/>
    <nd ref="3146211666"/>
    <nd ref="3146211665"/>
    <nd ref="3146211652"/>
    <nd ref="3146211647"/>
    <nd ref="3146211679"/>
    <tag k="addr:city" v="Kingsbury"/>
    <tag k="addr:housenumber" v="1"/>
    <tag k="addr:postcode" v="B78 2JY"/>
    <tag k="addr:street" v="The Aspens"/>
    <tag k="building" v="residential"/>
  </way>
  <way id="309281398" version="2" timestamp="2014-11-12T16:58:13Z" changeset="26739150" uid="735" user="blackadder">
    <nd ref="3146210722"/>
    <nd ref="3146210727"/>
    <nd ref="3146210724"/>
    <nd ref="3146210728"/>
    <nd ref="3146210713"/>
    <nd ref="3146210705"/>
    <nd ref="3146210722"/>
    <tag k="addr:city" v="Kingsbury"/>
    <tag k="addr:housenumber" v="4"/>
    <tag k="addr:postcode" v="B78 2PE"/>
    <tag k="addr:street" v="Sorrel Drive"/>
    <tag k="building" v="residential"/>
  </way>
  <way id="309281399" version="2" timestamp="2014-11-12T16:58:11Z" changeset="26739150" uid="735" user="blackadder">
    <nd ref="3146212238"/>
    <nd ref="3146212242"/>
    <nd ref="3146210113"/>
    <nd ref="3146210111"/>
    <nd ref="3146210101"/>
    <nd ref="3146210098"/>
    <nd ref="3146212238"/>
    <tag k="addr:city" v="Kingsbury"/>
    <tag k="addr:housenumber" v="3"/>
    <tag k="addr:postcode" v="B78 2PL"/>
    <tag k="addr:street" v="Maple Drive"/>
    <tag k="building" v="residential"/>
  </way>
  <way id="309281400" version="2" timestamp="2014-11-12T16:58:15Z" changeset="26739150" uid="735" user="blackadder">
    <nd ref="3146211474"/>
    <nd ref="3146211433"/>
    <nd ref="3146211213"/>
    <nd ref="3146211203"/>
    <nd ref="3146211190"/>
    <nd ref="3146211429"/>
    <nd ref="3146211474"/>
    <tag k="addr:city" v="Kingsbury"/>
    <tag k="addr:housenumber" v="5"/>
    <tag k="addr:postcode" v="B78 2PE"/>
    <tag k="addr:street" v="Sorrel Drive"/>
    <tag k="building" v="residential"/>
  </way>
  <way id="309281401" version="2" timestamp="2014-11-10T18:11:48Z" changeset="26693848" uid="735" user="blackadder">
    <nd ref="3146211697"/>
    <nd ref="3146211698"/>
    <nd ref="3146211692"/>
    <nd ref="3146211694"/>
    <nd ref="3146211656"/>
    <nd ref="3146211650"/>
    <nd ref="3146211697"/>
    <tag k="addr:city" v="Kingsbury"/>
    <tag k="addr:housenumber" v="14"/>
    <tag k="addr:postcode" v="B78 2JU"/>
    <tag k="addr:street" v="Fircroft"/>
    <tag k="building" v="residential"/>
  </way>
  <way id="309281402" version="2" timestamp="2014-11-10T18:11:50Z" changeset="26693848" uid="735" user="blackadder">
    <nd ref="3146212277"/>
    <nd ref="3146212274"/>
    <nd ref="3146212269"/>
    <nd ref="3146212270"/>
    <nd ref="3146212263"/>
    <nd ref="3146212268"/>
    <nd ref="3146212277"/>
    <tag k="addr:city" v="Kingsbury"/>
    <tag k="addr:housenumber" v="21"/>
    <tag k="addr:postcode" v="B78 2JU"/>
    <tag k="addr:street" v="Fircroft"/>
    <tag k="building" v="residential"/>
  </way>
  <way id="309281403" version="2" timestamp="2014-11-10T18:11:56Z" changeset="26693848" uid="735" user="blackadder">
    <nd ref="3146211225"/>
    <nd ref="3146211434"/>
    <nd ref="3146211183"/>
    <nd ref="3146211181"/>
    <nd ref="3146211172"/>
    <nd ref="3146211171"/>
    <nd ref="3146211225"/>
    <tag k="addr:city" v="Kingsbury"/>
    <tag k="addr:housenumber" v="88"/>
    <tag k="addr:postcode" v="B78 2JL"/>
    <tag k="addr:street" v="Sycamore Road"/>
    <tag k="building" v="residential"/>
  </way>
  <way id="309281404" version="2" timestamp="2014-11-10T18:11:46Z" changeset="26693848" uid="735" user="blackadder">
    <nd ref="3146211651"/>
    <nd ref="3146211657"/>
    <nd ref="3146211667"/>
    <nd ref="3146211668"/>
    <nd ref="3146211517"/>
    <nd ref="3146211510"/>
    <nd ref="3146211651"/>
    <tag k="addr:city" v="Kingsbury"/>
    <tag k="addr:housenumber" v="10"/>
    <tag k="addr:postcode" v="B78 2JU"/>
    <tag k="addr:street" v="Fircroft"/>
    <tag k="building" v="residential"/>
  </way>
  <way id="309281405" version="2" timestamp="2014-11-12T16:58:11Z" changeset="26739150" uid="735" user="blackadder">
    <nd ref="3146211504"/>
    <nd ref="3146211640"/>
    <nd ref="3146211526"/>
    <nd ref="3146211488"/>
    <nd ref="3146211490"/>
    <nd ref="3146211486"/>
    <nd ref="3146211504"/>
    <tag k="addr:city" v="Kingsbury"/>
    <tag k="addr:housenumber" v="3"/>
    <tag k="addr:postcode" v="B78 2PF"/>
    <tag k="addr:street" v="Aldersgate"/>
    <tag k="building" v="residential"/>
  </way>
  <way id="309281406" version="2" timestamp="2014-11-10T18:11:56Z" changeset="26693848" uid="735" user="blackadder">
    <nd ref="3146211162"/>
    <nd ref="3146211164"/>
    <nd ref="3146211134"/>
    <nd ref="3146211132"/>
    <nd ref="3146210725"/>
    <nd ref="3146210723"/>
    <nd ref="3146211162"/>
    <tag k="addr:city" v="Kingsbury"/>
    <tag k="addr:housenumber" v="94"/>
    <tag k="addr:postcode" v="B78 2JL"/>
    <tag k="addr:street" v="Sycamore Road"/>
    <tag k="building" v="residential"/>
  </way>
  <way id="309281407" version="2" timestamp="2014-11-12T16:58:01Z" changeset="26739150" uid="735" user="blackadder">
    <nd ref="3146212245"/>
    <nd ref="3146212249"/>
    <nd ref="3146210118"/>
    <nd ref="3146210116"/>
    <nd ref="3146210109"/>
    <nd ref="3146210108"/>
    <nd ref="3146212245"/>
    <tag k="addr:city" v="Kingsbury"/>
    <tag k="addr:housenumber" v="1"/>
    <tag k="addr:postcode" v="B78 2PL"/>
    <tag k="addr:street" v="Maple Drive"/>
    <tag k="building" v="residential"/>
  </way>
  <way id="309281408" version="2" timestamp="2014-11-12T16:58:12Z" changeset="26739150" uid="735" user="blackadder">
    <nd ref="3146212251"/>
    <nd ref="3146212248"/>
    <nd ref="3146212235"/>
    <nd ref="3146212234"/>
    <nd ref="3146210124"/>
    <nd ref="3146210126"/>
    <nd ref="3146212251"/>
    <tag k="addr:city" v="Kingsbury"/>
    <tag k="addr:housenumber" v="33"/>
    <tag k="addr:postcode" v="B78 2PE"/>
    <tag k="addr:street" v="Sorrel Drive"/>
    <tag k="building" v="residential"/>
  </way>
  <way id="309281409" version="2" timestamp="2014-11-10T18:11:49Z" changeset="26693848" uid="735" user="blackadder">
    <nd ref="3146212264"/>
    <nd ref="3146212261"/>
    <nd ref="3146212255"/>
    <nd ref="3146212257"/>
    <nd ref="3146212246"/>
    <nd ref="3146212254"/>
    <nd ref="3146212264"/>
    <tag k="addr:city" v="Kingsbury"/>
    <tag k="addr:housenumber" v="19"/>
    <tag k="addr:postcode" v="B78 2JU"/>
    <tag k="addr:street" v="Fircroft"/>
    <tag k="building" v="residential"/>
  </way>
  <way id="309281410" version="2" timestamp="2014-11-10T18:11:55Z" changeset="26693848" uid="735" user="blackadder">
    <nd ref="3146211636"/>
    <nd ref="3146211639"/>
    <nd ref="3146211645"/>
    <nd ref="3146211649"/>
    <nd ref="3146211495"/>
    <nd ref="3146211489"/>
    <nd ref="3146211636"/>
    <tag k="addr:city" v="Kingsbury"/>
    <tag k="addr:housenumber" v="8"/>
    <tag k="addr:postcode" v="B78 2JU"/>
    <tag k="addr:street" v="Fircroft"/>
    <tag k="building" v="residential"/>
  </way>
  <way id="309281411" version="2" timestamp="2014-11-10T18:11:54Z" changeset="26693848" uid="735" user="blackadder">
    <nd ref="3146211509"/>
    <nd ref="3146211515"/>
    <nd ref="3146211457"/>
    <nd ref="3146211454"/>
    <nd ref="3146211468"/>
    <nd ref="3146211465"/>
    <nd ref="3146211509"/>
    <tag k="addr:city" v="Kingsbury"/>
    <tag k="addr:housenumber" v="78"/>
    <tag k="addr:postcode" v="B78 2JL"/>
    <tag k="addr:street" v="Sycamore Road"/>
    <tag k="building" v="residential"/>
  </way>
  <way id="309281412" version="2" timestamp="2014-11-10T18:11:47Z" changeset="26693848" uid="735" user="blackadder">
    <nd ref="3146210698"/>
    <nd ref="3146210701"/>
    <nd ref="3146210687"/>
    <nd ref="3146210686"/>
    <nd ref="3146210685"/>
    <nd ref="3146210684"/>
    <nd ref="3146210698"/>
    <tag k="addr:city" v="Kingsbury"/>
    <tag k="addr:housenumber" v="104"/>
    <tag k="addr:postcode" v="B78 2JL"/>
    <tag k="addr:street" v="Sycamore Road"/>
    <tag k="building" v="residential"/>
  </way>
  <way id="309281413" version="2" timestamp="2014-11-12T16:58:11Z" changeset="26739150" uid="735" user="blackadder">
    <nd ref="3146212036"/>
    <nd ref="3146212038"/>
    <nd ref="3146212041"/>
    <nd ref="3146212028"/>
    <nd ref="3146212018"/>
    <nd ref="3146212027"/>
    <nd ref="3146212021"/>
    <nd ref="3146212036"/>
    <tag k="addr:city" v="Kingsbury"/>
    <tag k="addr:housenumber" v="25"/>
    <tag k="addr:postcode" v="B78 2PE"/>
    <tag k="addr:street" v="Sorrel Drive"/>
    <tag k="building" v="residential"/>
  </way>
  <way id="309281414" version="2" timestamp="2014-11-12T16:58:07Z" changeset="26739150" uid="735" user="blackadder">
    <nd ref="3146211700"/>
    <nd ref="3146211703"/>
    <nd ref="3146211686"/>
    <nd ref="3146211681"/>
    <nd ref="3146211687"/>
    <nd ref="3146211669"/>
    <nd ref="3146211683"/>
    <nd ref="3146211700"/>
    <tag k="addr:city" v="Kingsbury"/>
    <tag k="addr:housenumber" v="15"/>
    <tag k="addr:postcode" v="B78 2PE"/>
    <tag k="addr:street" v="Sorrel Drive"/>
    <tag k="building" v="residential"/>
  </way>
  <way id="309281415" version="2" timestamp="2014-11-12T16:58:04Z" changeset="26739150" uid="735" user="blackadder">
    <nd ref="3146211973"/>
    <nd ref="3146211985"/>
    <nd ref="3146211989"/>
    <nd ref="3146211977"/>
    <nd ref="3146211941"/>
    <nd ref="3146211935"/>
    <nd ref="3146211933"/>
    <nd ref="3146211973"/>
    <tag k="addr:city" v="Kingsbury"/>
    <tag k="addr:housenumber" v="11"/>
    <tag k="addr:postcode" v="B78 2PF"/>
    <tag k="addr:street" v="Aldersgate"/>
    <tag k="building" v="residential"/>
  </way>
  <way id="309281416" version="2" timestamp="2014-11-10T18:11:56Z" changeset="26693848" uid="735" user="blackadder">
    <nd ref="3146212042"/>
    <nd ref="3146212045"/>
    <nd ref="3146212033"/>
    <nd ref="3146212032"/>
    <nd ref="3146212029"/>
    <nd ref="3146212023"/>
    <nd ref="3146212035"/>
    <nd ref="3146212034"/>
    <nd ref="3146212042"/>
    <tag k="addr:city" v="Kingsbury"/>
    <tag k="addr:housenumber" v="9"/>
    <tag k="addr:postcode" v="B78 2JU"/>
    <tag k="addr:street" v="Fircroft"/>
    <tag k="building" v="residential"/>
  </way>
  <way id="309281417" version="2" timestamp="2014-11-10T18:11:47Z" changeset="26693848" uid="735" user="blackadder">
    <nd ref="3146210691"/>
    <nd ref="3146210689"/>
    <nd ref="3146210678"/>
    <nd ref="3146210679"/>
    <nd ref="3146210682"/>
    <nd ref="3146210683"/>
    <nd ref="3146210680"/>
    <nd ref="3146210681"/>
    <nd ref="3146210691"/>
    <tag k="addr:city" v="Kingsbury"/>
    <tag k="addr:housenumber" v="106"/>
    <tag k="addr:postcode" v="B78 2JL"/>
    <tag k="addr:street" v="Sycamore Road"/>
    <tag k="building" v="residential"/>
  </way>
  <way id="309281418" version="2" timestamp="2014-11-12T16:58:07Z" changeset="26739150" uid="735" user="blackadder">
    <nd ref="3146211208"/>
    <nd ref="3146211220"/>
    <nd ref="3146211193"/>
    <nd ref="3146211189"/>
    <nd ref="3146211184"/>
    <nd ref="3146211176"/>
    <nd ref="3146211182"/>
    <nd ref="3146211180"/>
    <nd ref="3146211208"/>
    <tag k="addr:city" v="Kingsbury"/>
    <tag k="addr:housenumber" v="14"/>
    <tag k="addr:postcode" v="B78 2PE"/>
    <tag k="addr:street" v="Sorrel Drive"/>
    <tag k="building" v="residential"/>
  </way>
  <way id="309281419" version="2" timestamp="2014-11-10T18:11:49Z" changeset="26693848" uid="735" user="blackadder">
    <nd ref="3146211990"/>
    <nd ref="3146211995"/>
    <nd ref="3146211962"/>
    <nd ref="3146211958"/>
    <nd ref="3146211965"/>
    <nd ref="3146211964"/>
    <nd ref="3146211969"/>
    <nd ref="3146211968"/>
    <nd ref="3146211990"/>
    <tag k="addr:city" v="Kingsbury"/>
    <tag k="addr:housenumber" v="18"/>
    <tag k="addr:postcode" v="B78 2JU"/>
    <tag k="addr:street" v="Fircroft"/>
    <tag k="building" v="residential"/>
  </way>
  <way id="309281420" version="2" timestamp="2014-11-10T18:11:49Z" changeset="26693848" uid="735" user="blackadder">
    <nd ref="3146211952"/>
    <nd ref="3146211948"/>
    <nd ref="3146211722"/>
    <nd ref="3146211929"/>
    <nd ref="3146211937"/>
    <nd ref="3146211936"/>
    <nd ref="3146211944"/>
    <nd ref="3146211942"/>
    <nd ref="3146211952"/>
    <tag k="addr:city" v="Kingsbury"/>
    <tag k="addr:housenumber" v="16"/>
    <tag k="addr:postcode" v="B78 2JU"/>
    <tag k="addr:street" v="Fircroft"/>
    <tag k="building" v="residential"/>
  </way>
  <way id="309281421" version="2" timestamp="2014-11-12T16:58:10Z" changeset="26739150" uid="735" user="blackadder">
    <nd ref="3146211986"/>
    <nd ref="3146211992"/>
    <nd ref="3146211978"/>
    <nd ref="3146211981"/>
    <nd ref="3146211957"/>
    <nd ref="3146211953"/>
    <nd ref="3146211974"/>
    <nd ref="3146211971"/>
    <nd ref="3146211986"/>
    <tag k="addr:city" v="Kingsbury"/>
    <tag k="addr:housenumber" v="21"/>
    <tag k="addr:postcode" v="B78 2PE"/>
    <tag k="addr:street" v="Sorrel Drive"/>
    <tag k="building" v="residential"/>
  </way>
  <way id="309281422" version="2" timestamp="2014-11-12T16:58:10Z" changeset="26739150" uid="735" user="blackadder">
    <nd ref="3146212013"/>
    <nd ref="3146212017"/>
    <nd ref="3146212005"/>
    <nd ref="3146212006"/>
    <nd ref="3146211999"/>
    <nd ref="3146211994"/>
    <nd ref="3146212003"/>
    <nd ref="3146212002"/>
    <nd ref="3146212013"/>
    <tag k="addr:city" v="Kingsbury"/>
    <tag k="addr:housenumber" v="23"/>
    <tag k="addr:postcode" v="B78 2PE"/>
    <tag k="addr:street" v="Sorrel Drive"/>
    <tag k="building" v="residential"/>
  </way>
  <way id="309281423" version="2" timestamp="2014-11-10T18:11:56Z" changeset="26693848" uid="735" user="blackadder">
    <nd ref="3146211173"/>
    <nd ref="3146211175"/>
    <nd ref="3146211185"/>
    <nd ref="3146211187"/>
    <nd ref="3146211146"/>
    <nd ref="3146211144"/>
    <nd ref="3146211140"/>
    <nd ref="3146211137"/>
    <nd ref="3146211173"/>
    <tag k="addr:city" v="Kingsbury"/>
    <tag k="addr:housenumber" v="92"/>
    <tag k="addr:postcode" v="B78 2JL"/>
    <tag k="addr:street" v="Sycamore Road"/>
    <tag k="building" v="residential"/>
  </way>
  <way id="309281424" version="2" timestamp="2014-11-12T16:58:09Z" changeset="26739150" uid="735" user="blackadder">
    <nd ref="3146211702"/>
    <nd ref="3146211690"/>
    <nd ref="3146211691"/>
    <nd ref="3146211678"/>
    <nd ref="3146211680"/>
    <nd ref="3146211695"/>
    <nd ref="3146211696"/>
    <nd ref="3146211705"/>
    <nd ref="3146211702"/>
    <tag k="addr:city" v="Kingsbury"/>
    <tag k="addr:housenumber" v="2"/>
    <tag k="addr:postcode" v="B78 2PF"/>
    <tag k="addr:street" v="Aldersgate"/>
    <tag k="building" v="residential"/>
  </way>
  <way id="309281425" version="2" timestamp="2014-11-12T16:58:11Z" changeset="26739150" uid="735" user="blackadder">
    <nd ref="3146212056"/>
    <nd ref="3146212059"/>
    <nd ref="3146212053"/>
    <nd ref="3146212055"/>
    <nd ref="3146212041"/>
    <nd ref="3146212038"/>
    <nd ref="3146212050"/>
    <nd ref="3146212047"/>
    <nd ref="3146212056"/>
    <tag k="addr:city" v="Kingsbury"/>
    <tag k="addr:housenumber" v="27"/>
    <tag k="addr:postcode" v="B78 2PE"/>
    <tag k="addr:street" v="Sorrel Drive"/>
    <tag k="building" v="residential"/>
  </way>
  <way id="309281426" version="2" timestamp="2014-11-12T16:58:02Z" changeset="26739150" uid="735" user="blackadder">
    <nd ref="3146211191"/>
    <nd ref="3146211205"/>
    <nd ref="3146211197"/>
    <nd ref="3146211201"/>
    <nd ref="3146211188"/>
    <nd ref="3146211168"/>
    <nd ref="3146211161"/>
    <nd ref="3146211165"/>
    <nd ref="3146211156"/>
    <nd ref="3146211191"/>
    <tag k="addr:city" v="Kingsbury"/>
    <tag k="addr:housenumber" v="1"/>
    <tag k="addr:postcode" v="B78 2PE"/>
    <tag k="addr:street" v="Sorrel Drive"/>
    <tag k="building" v="residential"/>
  </way>
  <way id="309281427" version="2" timestamp="2014-11-12T16:58:08Z" changeset="26739150" uid="735" user="blackadder">
    <nd ref="3146211464"/>
    <nd ref="3146211478"/>
    <nd ref="3146211479"/>
    <nd ref="3146211491"/>
    <nd ref="3146211452"/>
    <nd ref="3146211436"/>
    <nd ref="3146211226"/>
    <nd ref="3146211215"/>
    <nd ref="3146211224"/>
    <nd ref="3146211464"/>
    <tag k="addr:city" v="Kingsbury"/>
    <tag k="addr:housenumber" v="18"/>
    <tag k="addr:postcode" v="B78 2PE"/>
    <tag k="addr:street" v="Sorrel Drive"/>
    <tag k="building" v="residential"/>
  </way>
  <way id="309297927" version="3" timestamp="2024-01-08T23:36:50Z" changeset="146046478" uid="20805092" user="Hotnet911">
    <nd ref="3146361755"/>
    <nd ref="1561114083"/>
    <nd ref="1561114120"/>
    <nd ref="1561114094"/>
    <nd ref="1561114163"/>
    <nd ref="1561114105"/>
    <nd ref="1561114119"/>
    <nd ref="1561114117"/>
    <nd ref="1561114087"/>
    <nd ref="1561114165"/>
    <nd ref="1561114099"/>
    <nd ref="1561114127"/>
    <nd ref="1561114090"/>
    <nd ref="1561114106"/>
    <nd ref="1561114158"/>
    <nd ref="1561114161"/>
    <nd ref="3146361757"/>
    <nd ref="3146361759"/>
    <nd ref="1561114125"/>
    <nd ref="3146361760"/>
    <nd ref="1561114116"/>
    <nd ref="1561114091"/>
    <nd ref="1561114144"/>
    <nd ref="3146361756"/>
    <nd ref="1561114092"/>
    <nd ref="3146361755"/>
    <tag k="amenity" v="pub"/>
    <tag k="building" v="yes"/>
    <tag k="internet_access" v="wlan"/>
    <tag k="internet_access:fee" v="no"/>
    <tag k="name" v="The Malt House"/>
    <tag k="wheelchair" v="yes"/>
  </way>
  <way id="309303657" version="2" timestamp="2014-12-04T01:09:42Z" changeset="27216254" uid="735" user="blackadder">
    <nd ref="3146407528"/>
    <nd ref="3146407530"/>
    <nd ref="3146407514"/>
    <nd ref="3146407513"/>
    <nd ref="3146407505"/>
    <nd ref="3146407504"/>
    <nd ref="3146407511"/>
    <nd ref="3146407512"/>
    <nd ref="3146407523"/>
    <nd ref="3146407524"/>
    <nd ref="3146407528"/>
    <tag k="addr:city" v="Kingsbury"/>
    <tag k="addr:housenumber" v="2"/>
    <tag k="addr:postcode" v="B78 2JW"/>
    <tag k="addr:street" v="Ash Grove"/>
    <tag k="building" v="residential"/>
  </way>
  <way id="309303658" version="2" timestamp="2014-11-10T18:11:56Z" changeset="26693848" uid="735" user="blackadder">
    <nd ref="3146407585"/>
    <nd ref="3146407592"/>
    <nd ref="3146407579"/>
    <nd ref="3146407573"/>
    <nd ref="3146407585"/>
    <tag k="addr:city" v="Kingsbury"/>
    <tag k="addr:housenumber" v="9"/>
    <tag k="addr:postcode" v="B78 2JN"/>
    <tag k="addr:street" v="Birch Close"/>
    <tag k="building" v="residential"/>
  </way>
  <way id="309303659" version="2" timestamp="2014-12-04T01:09:41Z" changeset="27216254" uid="735" user="blackadder">
    <nd ref="3146407582"/>
    <nd ref="3146407589"/>
    <nd ref="3146407576"/>
    <nd ref="3146407570"/>
    <nd ref="3146407582"/>
    <tag k="addr:city" v="Kingsbury"/>
    <tag k="addr:housenumber" v="18"/>
    <tag k="addr:postcode" v="B78 2JW"/>
    <tag k="addr:street" v="Ash Grove"/>
    <tag k="building" v="residential"/>
  </way>
  <way id="309303660" version="2" timestamp="2014-11-12T16:58:16Z" changeset="26739150" uid="735" user="blackadder">
    <nd ref="3146407632"/>
    <nd ref="3146407636"/>
    <nd ref="3146407630"/>
    <nd ref="3146407623"/>
    <nd ref="3146407632"/>
    <tag k="addr:city" v="Kingsbury"/>
    <tag k="addr:housenumber" v="57"/>
    <tag k="addr:postcode" v="B78 2JL"/>
    <tag k="addr:street" v="Sycamore Road"/>
    <tag k="building" v="residential"/>
  </way>
  <way id="309303661" version="2" timestamp="2014-12-04T01:09:40Z" changeset="27216254" uid="735" user="blackadder">
    <nd ref="3146407553"/>
    <nd ref="3146407555"/>
    <nd ref="3146407542"/>
    <nd ref="3146407541"/>
    <nd ref="3146407553"/>
    <tag k="addr:city" v="Kingsbury"/>
    <tag k="addr:housenumber" v="14"/>
    <tag k="addr:postcode" v="B78 2JW"/>
    <tag k="addr:street" v="Ash Grove"/>
    <tag k="building" v="residential"/>
  </way>
  <way id="309303662" version="2" timestamp="2014-11-10T18:11:52Z" changeset="26693848" uid="735" user="blackadder">
    <nd ref="3146407617"/>
    <nd ref="3146407622"/>
    <nd ref="3146407610"/>
    <nd ref="3146407603"/>
    <nd ref="3146407617"/>
    <tag k="addr:city" v="Kingsbury"/>
    <tag k="addr:housenumber" v="5"/>
    <tag k="addr:postcode" v="B78 2JN"/>
    <tag k="addr:street" v="Birch Close"/>
    <tag k="building" v="residential"/>
  </way>
  <way id="309303663" version="2" timestamp="2014-12-04T01:09:47Z" changeset="27216254" uid="735" user="blackadder">
    <nd ref="3146407621"/>
    <nd ref="3146407626"/>
    <nd ref="3146407616"/>
    <nd ref="3146407613"/>
    <nd ref="3146407621"/>
    <tag k="addr:city" v="Kingsbury"/>
    <tag k="addr:housenumber" v="5"/>
    <tag k="addr:postcode" v="B78 2JW"/>
    <tag k="addr:street" v="Ash Grove"/>
    <tag k="building" v="residential"/>
  </way>
  <way id="309303664" version="2" timestamp="2014-12-04T01:09:49Z" changeset="27216254" uid="735" user="blackadder">
    <nd ref="3146407619"/>
    <nd ref="3146407624"/>
    <nd ref="3146407615"/>
    <nd ref="3146407606"/>
    <nd ref="3146407619"/>
    <tag k="addr:city" v="Kingsbury"/>
    <tag k="addr:housenumber" v="7"/>
    <tag k="addr:postcode" v="B78 2JW"/>
    <tag k="addr:street" v="Ash Grove"/>
    <tag k="building" v="residential"/>
  </way>
  <way id="309303665" version="2" timestamp="2014-12-04T01:09:51Z" changeset="27216254" uid="735" user="blackadder">
    <nd ref="3146407602"/>
    <nd ref="3146407609"/>
    <nd ref="3146407596"/>
    <nd ref="3146407593"/>
    <nd ref="3146407602"/>
    <tag k="addr:city" v="Kingsbury"/>
    <tag k="addr:housenumber" v="9"/>
    <tag k="addr:postcode" v="B78 2JW"/>
    <tag k="addr:street" v="Ash Grove"/>
    <tag k="building" v="residential"/>
  </way>
  <way id="309303666" version="2" timestamp="2014-12-04T01:09:39Z" changeset="27216254" uid="735" user="blackadder">
    <nd ref="3146407545"/>
    <nd ref="3146407547"/>
    <nd ref="3146407526"/>
    <nd ref="3146407525"/>
    <nd ref="3146407545"/>
    <tag k="addr:city" v="Kingsbury"/>
    <tag k="addr:housenumber" v="12"/>
    <tag k="addr:postcode" v="B78 2JW"/>
    <tag k="addr:street" v="Ash Grove"/>
    <tag k="building" v="residential"/>
  </way>
  <way id="309303667" version="2" timestamp="2014-12-04T01:09:44Z" changeset="27216254" uid="735" user="blackadder">
    <nd ref="3146407607"/>
    <nd ref="3146407614"/>
    <nd ref="3146407601"/>
    <nd ref="3146407597"/>
    <nd ref="3146407607"/>
    <tag k="addr:city" v="Kingsbury"/>
    <tag k="addr:housenumber" v="3"/>
    <tag k="addr:postcode" v="B78 2JW"/>
    <tag k="addr:street" v="Ash Grove"/>
    <tag k="building" v="residential"/>
  </way>
  <way id="309303668" version="2" timestamp="2014-11-10T18:11:47Z" changeset="26693848" uid="735" user="blackadder">
    <nd ref="3146407572"/>
    <nd ref="3146407577"/>
    <nd ref="3146407566"/>
    <nd ref="3146407561"/>
    <nd ref="3146407572"/>
    <tag k="addr:city" v="Kingsbury"/>
    <tag k="addr:housenumber" v="11"/>
    <tag k="addr:postcode" v="B78 2JN"/>
    <tag k="addr:street" v="Birch Close"/>
    <tag k="building" v="residential"/>
  </way>
  <way id="309303669" version="2" timestamp="2014-11-10T18:11:45Z" changeset="26693848" uid="735" user="blackadder">
    <nd ref="3146407640"/>
    <nd ref="3146407646"/>
    <nd ref="3146407637"/>
    <nd ref="3146407634"/>
    <nd ref="3146407640"/>
    <tag k="addr:city" v="Kingsbury"/>
    <tag k="addr:housenumber" v="1"/>
    <tag k="addr:postcode" v="B78 2JN"/>
    <tag k="addr:street" v="Birch Close"/>
    <tag k="building" v="residential"/>
  </way>
  <way id="309303670" version="2" timestamp="2014-11-12T16:58:16Z" changeset="26739150" uid="735" user="blackadder">
    <nd ref="3146407642"/>
    <nd ref="3146407647"/>
    <nd ref="3146407638"/>
    <nd ref="3146407633"/>
    <nd ref="3146407642"/>
    <tag k="addr:city" v="Kingsbury"/>
    <tag k="addr:housenumber" v="59"/>
    <tag k="addr:postcode" v="B78 2JL"/>
    <tag k="addr:street" v="Sycamore Road"/>
    <tag k="building" v="residential"/>
  </way>
  <way id="309303671" version="2" timestamp="2014-12-04T01:09:50Z" changeset="27216254" uid="735" user="blackadder">
    <nd ref="3146407539"/>
    <nd ref="3146407540"/>
    <nd ref="3146407518"/>
    <nd ref="3146407517"/>
    <nd ref="3146407539"/>
    <tag k="addr:city" v="Kingsbury"/>
    <tag k="addr:housenumber" v="8"/>
    <tag k="addr:postcode" v="B78 2JW"/>
    <tag k="addr:street" v="Ash Grove"/>
    <tag k="building" v="residential"/>
  </way>
  <way id="309303672" version="2" timestamp="2014-12-04T01:09:38Z" changeset="27216254" uid="735" user="blackadder">
    <nd ref="3146407535"/>
    <nd ref="3146407537"/>
    <nd ref="3146407520"/>
    <nd ref="3146407519"/>
    <nd ref="3146407535"/>
    <tag k="addr:city" v="Kingsbury"/>
    <tag k="addr:housenumber" v="10"/>
    <tag k="addr:postcode" v="B78 2JW"/>
    <tag k="addr:street" v="Ash Grove"/>
    <tag k="building" v="residential"/>
  </way>
  <way id="309303673" version="2" timestamp="2014-11-10T18:11:53Z" changeset="26693848" uid="735" user="blackadder">
    <nd ref="3146407600"/>
    <nd ref="3146407604"/>
    <nd ref="3146407595"/>
    <nd ref="3146407590"/>
    <nd ref="3146407600"/>
    <tag k="addr:city" v="Kingsbury"/>
    <tag k="addr:housenumber" v="7"/>
    <tag k="addr:postcode" v="B78 2JN"/>
    <tag k="addr:street" v="Birch Close"/>
    <tag k="building" v="residential"/>
  </way>
  <way id="309303674" version="2" timestamp="2014-12-04T01:09:47Z" changeset="27216254" uid="735" user="blackadder">
    <nd ref="3146407557"/>
    <nd ref="3146407567"/>
    <nd ref="3146407565"/>
    <nd ref="3146407560"/>
    <nd ref="3146407556"/>
    <nd ref="3146407551"/>
    <nd ref="3146407557"/>
    <tag k="addr:city" v="Kingsbury"/>
    <tag k="addr:housenumber" v="49"/>
    <tag k="addr:postcode" v="B78 2JL"/>
    <tag k="addr:street" v="Sycamore Road"/>
    <tag k="building" v="residential"/>
  </way>
  <way id="309303675" version="2" timestamp="2014-12-04T01:09:37Z" changeset="27216254" uid="735" user="blackadder">
    <nd ref="3146407594"/>
    <nd ref="3146407599"/>
    <nd ref="3146407588"/>
    <nd ref="3146407586"/>
    <nd ref="3146407580"/>
    <nd ref="3146407578"/>
    <nd ref="3146407594"/>
    <tag k="addr:city" v="Kingsbury"/>
    <tag k="addr:housenumber" v="1"/>
    <tag k="addr:postcode" v="B78 2JW"/>
    <tag k="addr:street" v="Ash Grove"/>
    <tag k="building" v="residential"/>
  </way>
  <way id="309303676" version="2" timestamp="2014-11-10T18:11:51Z" changeset="26693848" uid="735" user="blackadder">
    <nd ref="3146407631"/>
    <nd ref="3146407635"/>
    <nd ref="3146407625"/>
    <nd ref="3146407618"/>
    <nd ref="3146407627"/>
    <nd ref="3146407629"/>
    <nd ref="3146407631"/>
    <tag k="addr:city" v="Kingsbury"/>
    <tag k="addr:housenumber" v="3"/>
    <tag k="addr:postcode" v="B78 2JN"/>
    <tag k="addr:street" v="Birch Close"/>
    <tag k="building" v="residential"/>
  </way>
  <way id="309303677" version="2" timestamp="2014-12-04T01:09:46Z" changeset="27216254" uid="735" user="blackadder">
    <nd ref="3146407546"/>
    <nd ref="3146407554"/>
    <nd ref="3146407552"/>
    <nd ref="3146407550"/>
    <nd ref="3146407538"/>
    <nd ref="3146407527"/>
    <nd ref="3146407546"/>
    <tag k="addr:city" v="Kingsbury"/>
    <tag k="addr:housenumber" v="47"/>
    <tag k="addr:postcode" v="B78 2JL"/>
    <tag k="addr:street" v="Sycamore Road"/>
    <tag k="building" v="residential"/>
  </way>
  <way id="309303678" version="2" timestamp="2014-11-12T16:58:16Z" changeset="26739150" uid="735" user="blackadder">
    <nd ref="3146407620"/>
    <nd ref="3146407628"/>
    <nd ref="3146407612"/>
    <nd ref="3146407605"/>
    <nd ref="3146407611"/>
    <nd ref="3146407608"/>
    <nd ref="3146407620"/>
    <tag k="addr:city" v="Kingsbury"/>
    <tag k="addr:housenumber" v="55"/>
    <tag k="addr:postcode" v="B78 2JL"/>
    <tag k="addr:street" v="Sycamore Road"/>
    <tag k="building" v="residential"/>
  </way>
  <way id="309303679" version="2" timestamp="2014-11-10T18:11:53Z" changeset="26693848" uid="735" user="blackadder">
    <nd ref="3146407676"/>
    <nd ref="3146407678"/>
    <nd ref="3146407655"/>
    <nd ref="3146407652"/>
    <nd ref="3146407670"/>
    <nd ref="3146407671"/>
    <nd ref="3146407676"/>
    <tag k="addr:city" v="Kingsbury"/>
    <tag k="addr:housenumber" v="63"/>
    <tag k="addr:postcode" v="B78 2JL"/>
    <tag k="addr:street" v="Sycamore Road"/>
    <tag k="building" v="residential"/>
  </way>
  <way id="309303680" version="2" timestamp="2014-12-04T01:09:48Z" changeset="27216254" uid="735" user="blackadder">
    <nd ref="3146407584"/>
    <nd ref="3146407598"/>
    <nd ref="3146407591"/>
    <nd ref="3146407587"/>
    <nd ref="3146407583"/>
    <nd ref="3146407574"/>
    <nd ref="3146407584"/>
    <tag k="addr:city" v="Kingsbury"/>
    <tag k="addr:housenumber" v="53"/>
    <tag k="addr:postcode" v="B78 2JL"/>
    <tag k="addr:street" v="Sycamore Road"/>
    <tag k="building" v="residential"/>
  </way>
  <way id="309303681" version="3" timestamp="2014-12-04T01:09:49Z" changeset="27216254" uid="735" user="blackadder">
    <nd ref="3146407665"/>
    <nd ref="3146407667"/>
    <nd ref="3146407669"/>
    <nd ref="3146407672"/>
    <nd ref="3218272481"/>
    <nd ref="3218272479"/>
    <nd ref="3146407651"/>
    <nd ref="3146407648"/>
    <nd ref="3146407665"/>
    <tag k="addr:city" v="Kingsbury"/>
    <tag k="addr:housenumber" v="69"/>
    <tag k="addr:postcode" v="B78 2JL"/>
    <tag k="addr:street" v="Sycamore Road"/>
    <tag k="building" v="residential"/>
  </way>
  <way id="309303682" version="2" timestamp="2014-11-10T18:11:53Z" changeset="26693848" uid="735" user="blackadder">
    <nd ref="3146407674"/>
    <nd ref="3146407675"/>
    <nd ref="3146407679"/>
    <nd ref="3146407680"/>
    <nd ref="3146407660"/>
    <nd ref="3146407657"/>
    <nd ref="3146407674"/>
    <tag k="addr:city" v="Kingsbury"/>
    <tag k="addr:housenumber" v="65"/>
    <tag k="addr:postcode" v="B78 2JL"/>
    <tag k="addr:street" v="Sycamore Road"/>
    <tag k="building" v="residential"/>
  </way>
  <way id="309303683" version="2" timestamp="2014-12-04T01:09:48Z" changeset="27216254" uid="735" user="blackadder">
    <nd ref="3146407534"/>
    <nd ref="3146407536"/>
    <nd ref="3146407516"/>
    <nd ref="3146407515"/>
    <nd ref="3146407510"/>
    <nd ref="3146407508"/>
    <nd ref="3146407534"/>
    <tag k="addr:city" v="Kingsbury"/>
    <tag k="addr:housenumber" v="6"/>
    <tag k="addr:postcode" v="B78 2JW"/>
    <tag k="addr:street" v="Ash Grove"/>
    <tag k="building" v="residential"/>
  </way>
  <way id="309303684" version="2" timestamp="2014-11-12T16:58:17Z" changeset="26739150" uid="735" user="blackadder">
    <nd ref="3146407663"/>
    <nd ref="3146407668"/>
    <nd ref="3146407661"/>
    <nd ref="3146407662"/>
    <nd ref="3146407650"/>
    <nd ref="3146407645"/>
    <nd ref="3146407663"/>
    <tag k="addr:city" v="Kingsbury"/>
    <tag k="addr:housenumber" v="61"/>
    <tag k="addr:postcode" v="B78 2JL"/>
    <tag k="addr:street" v="Sycamore Road"/>
    <tag k="building" v="residential"/>
  </way>
  <way id="309303685" version="2" timestamp="2014-12-04T01:09:47Z" changeset="27216254" uid="735" user="blackadder">
    <nd ref="3146407569"/>
    <nd ref="3146407581"/>
    <nd ref="3146407575"/>
    <nd ref="3146407571"/>
    <nd ref="3146407568"/>
    <nd ref="3146407564"/>
    <nd ref="3146407569"/>
    <tag k="addr:city" v="Kingsbury"/>
    <tag k="addr:housenumber" v="51"/>
    <tag k="addr:postcode" v="B78 2JL"/>
    <tag k="addr:street" v="Sycamore Road"/>
    <tag k="building" v="residential"/>
  </way>
  <way id="309303686" version="2" timestamp="2014-12-04T01:09:45Z" changeset="27216254" uid="735" user="blackadder">
    <nd ref="3146407532"/>
    <nd ref="3146407533"/>
    <nd ref="3146407529"/>
    <nd ref="3146407531"/>
    <nd ref="3146407507"/>
    <nd ref="3146407506"/>
    <nd ref="3146407522"/>
    <nd ref="3146407521"/>
    <nd ref="3146407532"/>
    <tag k="addr:city" v="Kingsbury"/>
    <tag k="addr:housenumber" v="4"/>
    <tag k="addr:postcode" v="B78 2JW"/>
    <tag k="addr:street" v="Ash Grove"/>
    <tag k="building" v="residential"/>
  </way>
  <way id="309303687" version="2" timestamp="2014-11-10T18:11:54Z" changeset="26693848" uid="735" user="blackadder">
    <nd ref="3146407656"/>
    <nd ref="3146407658"/>
    <nd ref="3146407664"/>
    <nd ref="3146407666"/>
    <nd ref="3146407641"/>
    <nd ref="3146407639"/>
    <nd ref="3146407644"/>
    <nd ref="3146407643"/>
    <nd ref="3146407656"/>
    <tag k="addr:city" v="Kingsbury"/>
    <tag k="addr:housenumber" v="71"/>
    <tag k="addr:postcode" v="B78 2JL"/>
    <tag k="addr:street" v="Sycamore Road"/>
    <tag k="building" v="residential"/>
  </way>
  <way id="309303688" version="2" timestamp="2014-11-10T18:11:53Z" changeset="26693848" uid="735" user="blackadder">
    <nd ref="3146407673"/>
    <nd ref="3146407677"/>
    <nd ref="3146407681"/>
    <nd ref="3146407682"/>
    <nd ref="3146407654"/>
    <nd ref="3179328414"/>
    <nd ref="3179328413"/>
    <nd ref="3179328412"/>
    <nd ref="3146407653"/>
    <nd ref="3146407649"/>
    <nd ref="3146407659"/>
    <nd ref="3146407673"/>
    <tag k="addr:city" v="Kingsbury"/>
    <tag k="addr:housenumber" v="67"/>
    <tag k="addr:postcode" v="B78 2JL"/>
    <tag k="addr:street" v="Sycamore Road"/>
    <tag k="building" v="residential"/>
  </way>
  <way id="309303689" version="2" timestamp="2014-12-04T01:09:40Z" changeset="27216254" uid="735" user="blackadder">
    <nd ref="3146407562"/>
    <nd ref="3146407563"/>
    <nd ref="3146407558"/>
    <nd ref="3146407559"/>
    <nd ref="3146407549"/>
    <nd ref="3146407548"/>
    <nd ref="3146407544"/>
    <nd ref="3146407543"/>
    <nd ref="3146407562"/>
    <tag k="addr:city" v="Kingsbury"/>
    <tag k="addr:housenumber" v="16"/>
    <tag k="addr:postcode" v="B78 2JW"/>
    <tag k="addr:street" v="Ash Grove"/>
    <tag k="building" v="residential"/>
  </way>
  <way id="309304102" version="2" timestamp="2014-12-04T01:09:41Z" changeset="27216254" uid="735" user="blackadder">
    <nd ref="3146412252"/>
    <nd ref="3146412255"/>
    <nd ref="3146412249"/>
    <nd ref="3146412247"/>
    <nd ref="3146412244"/>
    <nd ref="3146412243"/>
    <nd ref="3146412246"/>
    <nd ref="3146412245"/>
    <nd ref="3146412250"/>
    <nd ref="3146412248"/>
    <nd ref="3146412252"/>
    <tag k="addr:city" v="Kingsbury"/>
    <tag k="addr:housenumber" v="17"/>
    <tag k="addr:postcode" v="B78 2JN"/>
    <tag k="addr:street" v="Birch Close"/>
    <tag k="building" v="residential"/>
  </way>
  <way id="309304103" version="2" timestamp="2014-12-04T01:09:49Z" changeset="27216254" uid="735" user="blackadder">
    <nd ref="3146412284"/>
    <nd ref="3146412289"/>
    <nd ref="3146412280"/>
    <nd ref="3146412275"/>
    <nd ref="3146412284"/>
    <tag k="addr:city" v="Kingsbury"/>
    <tag k="addr:housenumber" v="6"/>
    <tag k="addr:postcode" v="B78 2JP"/>
    <tag k="addr:street" v="Willow Close"/>
    <tag k="building" v="residential"/>
  </way>
  <way id="309304104" version="2" timestamp="2014-12-04T01:09:45Z" changeset="27216254" uid="735" user="blackadder">
    <nd ref="3146412291"/>
    <nd ref="3146412295"/>
    <nd ref="3146412287"/>
    <nd ref="3146412283"/>
    <nd ref="3146412291"/>
    <tag k="addr:city" v="Kingsbury"/>
    <tag k="addr:housenumber" v="4"/>
    <tag k="addr:postcode" v="B78 2JP"/>
    <tag k="addr:street" v="Willow Close"/>
    <tag k="building" v="yes"/>
  </way>
  <way id="309304105" version="2" timestamp="2014-12-04T01:09:42Z" changeset="27216254" uid="735" user="blackadder">
    <nd ref="3146412296"/>
    <nd ref="3146412298"/>
    <nd ref="3146412290"/>
    <nd ref="3146412286"/>
    <nd ref="3146412296"/>
    <tag k="addr:city" v="Kingsbury"/>
    <tag k="addr:housenumber" v="2"/>
    <tag k="addr:postcode" v="B78 2JP"/>
    <tag k="addr:street" v="Willow Close"/>
    <tag k="building" v="yes"/>
  </way>
  <way id="309304106" version="2" timestamp="2014-12-04T01:09:39Z" changeset="27216254" uid="735" user="blackadder">
    <nd ref="3146412261"/>
    <nd ref="3146412266"/>
    <nd ref="3146412257"/>
    <nd ref="3146412251"/>
    <nd ref="3146412261"/>
    <tag k="addr:city" v="Kingsbury"/>
    <tag k="addr:housenumber" v="12"/>
    <tag k="addr:postcode" v="B78 2JP"/>
    <tag k="addr:street" v="Willow Close"/>
    <tag k="building" v="residential"/>
  </way>
  <way id="309304108" version="2" timestamp="2014-12-04T01:09:40Z" changeset="27216254" uid="735" user="blackadder">
    <nd ref="3146412262"/>
    <nd ref="3146412265"/>
    <nd ref="3146412260"/>
    <nd ref="3146412263"/>
    <nd ref="3146412258"/>
    <nd ref="3146412253"/>
    <nd ref="3146412256"/>
    <nd ref="3146412254"/>
    <nd ref="3146412262"/>
    <tag k="addr:city" v="Kingsbury"/>
    <tag k="addr:housenumber" v="15"/>
    <tag k="addr:postcode" v="B78 2JN"/>
    <tag k="addr:street" v="Birch Close"/>
    <tag k="building" v="residential"/>
  </way>
  <way id="309304109" version="2" timestamp="2014-12-04T01:09:38Z" changeset="27216254" uid="735" user="blackadder">
    <nd ref="3146412278"/>
    <nd ref="3146412281"/>
    <nd ref="3146412272"/>
    <nd ref="3146412274"/>
    <nd ref="3146412268"/>
    <nd ref="3146412264"/>
    <nd ref="3146412259"/>
    <nd ref="3146412269"/>
    <nd ref="3146412267"/>
    <nd ref="3146412278"/>
    <tag k="addr:city" v="Kingsbury"/>
    <tag k="addr:housenumber" v="10"/>
    <tag k="addr:postcode" v="B78 2JP"/>
    <tag k="addr:street" v="Willow Close"/>
    <tag k="building" v="residential"/>
  </way>
  <way id="309304110" version="2" timestamp="2014-12-04T01:09:50Z" changeset="27216254" uid="735" user="blackadder">
    <nd ref="3146412276"/>
    <nd ref="3146412279"/>
    <nd ref="3146412277"/>
    <nd ref="3146412282"/>
    <nd ref="3146412273"/>
    <nd ref="3146412270"/>
    <nd ref="3146412271"/>
    <nd ref="3146412268"/>
    <nd ref="3146412274"/>
    <nd ref="3146412276"/>
    <tag k="addr:city" v="Kingsbury"/>
    <tag k="addr:housenumber" v="8"/>
    <tag k="addr:postcode" v="B78 2JP"/>
    <tag k="addr:street" v="Willow Close"/>
    <tag k="building" v="residential"/>
  </way>
  <way id="309304972" version="2" timestamp="2014-12-04T01:09:43Z" changeset="27216254" uid="735" user="blackadder">
    <nd ref="3146418924"/>
    <nd ref="3146418920"/>
    <nd ref="3146418919"/>
    <nd ref="3146418921"/>
    <nd ref="3146418924"/>
    <tag k="addr:city" v="Kingsbury"/>
    <tag k="addr:housenumber" v="20"/>
    <tag k="addr:postcode" v="B78 2JP"/>
    <tag k="addr:street" v="Willow Close"/>
    <tag k="building" v="residential"/>
  </way>
  <way id="309304973" version="2" timestamp="2014-12-04T01:09:40Z" changeset="27216254" uid="735" user="blackadder">
    <nd ref="3146419145"/>
    <nd ref="3146419143"/>
    <nd ref="3146419138"/>
    <nd ref="3146419140"/>
    <nd ref="3146419145"/>
    <tag k="addr:city" v="Kingsbury"/>
    <tag k="addr:housenumber" v="14"/>
    <tag k="addr:postcode" v="B78 2JP"/>
    <tag k="addr:street" v="Willow Close"/>
    <tag k="building" v="residential"/>
  </way>
  <way id="309304974" version="2" timestamp="2014-12-04T01:09:37Z" changeset="27216254" uid="735" user="blackadder">
    <nd ref="3146419151"/>
    <nd ref="3146419153"/>
    <nd ref="3146419148"/>
    <nd ref="3146419147"/>
    <nd ref="3146419151"/>
    <tag k="addr:city" v="Kingsbury"/>
    <tag k="addr:housenumber" v="1"/>
    <tag k="addr:postcode" v="B78 2JJ"/>
    <tag k="addr:street" v="Beech Close"/>
    <tag k="building" v="residential"/>
  </way>
  <way id="309304975" version="2" timestamp="2014-11-10T18:11:54Z" changeset="26693848" uid="735" user="blackadder">
    <nd ref="3146419187"/>
    <nd ref="3146419188"/>
    <nd ref="3146419178"/>
    <nd ref="3146419176"/>
    <nd ref="3146419187"/>
    <tag k="addr:city" v="Kingsbury"/>
    <tag k="addr:housenumber" v="75"/>
    <tag k="addr:postcode" v="B78 2JL"/>
    <tag k="addr:street" v="Sycamore Road"/>
    <tag k="building" v="residential"/>
  </way>
  <way id="309304978" version="2" timestamp="2014-11-10T18:11:55Z" changeset="26693848" uid="735" user="blackadder">
    <nd ref="3146419174"/>
    <nd ref="3146419177"/>
    <nd ref="3146419170"/>
    <nd ref="3146419169"/>
    <nd ref="3146419174"/>
    <tag k="addr:city" v="Kingsbury"/>
    <tag k="addr:housenumber" v="81"/>
    <tag k="addr:postcode" v="B78 2JL"/>
    <tag k="addr:street" v="Sycamore Road"/>
    <tag k="building" v="residential"/>
  </way>
  <way id="309304979" version="2" timestamp="2014-12-04T01:09:45Z" changeset="27216254" uid="735" user="blackadder">
    <nd ref="3146419159"/>
    <nd ref="3146419163"/>
    <nd ref="3146419155"/>
    <nd ref="3146419152"/>
    <nd ref="3146419159"/>
    <tag k="addr:city" v="Kingsbury"/>
    <tag k="addr:housenumber" v="4"/>
    <tag k="addr:postcode" v="B78 2JN"/>
    <tag k="addr:street" v="Birch Close"/>
    <tag k="building" v="residential"/>
  </way>
  <way id="309304980" version="2" timestamp="2014-12-04T01:09:41Z" changeset="27216254" uid="735" user="blackadder">
    <nd ref="3146419136"/>
    <nd ref="3146419139"/>
    <nd ref="3146419137"/>
    <nd ref="3146419134"/>
    <nd ref="3146419136"/>
    <tag k="addr:city" v="Kingsbury"/>
    <tag k="addr:housenumber" v="16"/>
    <tag k="addr:postcode" v="B78 2JP"/>
    <tag k="addr:street" v="Willow Close"/>
    <tag k="building" v="residential"/>
  </way>
  <way id="309304981" version="2" timestamp="2014-11-10T18:11:54Z" changeset="26693848" uid="735" user="blackadder">
    <nd ref="3146419180"/>
    <nd ref="3146419182"/>
    <nd ref="3146419172"/>
    <nd ref="3146419171"/>
    <nd ref="3146419180"/>
    <tag k="addr:city" v="Kingsbury"/>
    <tag k="addr:housenumber" v="79"/>
    <tag k="addr:postcode" v="B78 2JL"/>
    <tag k="addr:street" v="Sycamore Road"/>
    <tag k="building" v="residential"/>
  </way>
  <way id="309304983" version="2" timestamp="2014-12-04T01:09:44Z" changeset="27216254" uid="735" user="blackadder">
    <nd ref="3146419154"/>
    <nd ref="3146419156"/>
    <nd ref="3146419150"/>
    <nd ref="3146419149"/>
    <nd ref="3146419154"/>
    <tag k="addr:city" v="Kingsbury"/>
    <tag k="addr:housenumber" v="3"/>
    <tag k="addr:postcode" v="B78 2JJ"/>
    <tag k="addr:street" v="Beech Close"/>
    <tag k="building" v="residential"/>
  </way>
  <way id="309304984" version="2" timestamp="2014-11-10T18:11:54Z" changeset="26693848" uid="735" user="blackadder">
    <nd ref="3146419184"/>
    <nd ref="3146419186"/>
    <nd ref="3146419175"/>
    <nd ref="3146419173"/>
    <nd ref="3146419184"/>
    <tag k="addr:city" v="Kingsbury"/>
    <tag k="addr:housenumber" v="77"/>
    <tag k="addr:postcode" v="B78 2JL"/>
    <tag k="addr:street" v="Sycamore Road"/>
    <tag k="building" v="residential"/>
  </way>
  <way id="309304985" version="2" timestamp="2014-12-04T01:09:42Z" changeset="27216254" uid="735" user="blackadder">
    <nd ref="3146419135"/>
    <nd ref="3146419130"/>
    <nd ref="3146418923"/>
    <nd ref="3146418927"/>
    <nd ref="3146419129"/>
    <nd ref="3146419133"/>
    <nd ref="3146419135"/>
    <tag k="addr:city" v="Kingsbury"/>
    <tag k="addr:housenumber" v="18"/>
    <tag k="addr:postcode" v="B78 2JP"/>
    <tag k="addr:street" v="Willow Close"/>
    <tag k="building" v="residential"/>
  </way>
  <way id="309304986" version="2" timestamp="2014-11-10T18:11:54Z" changeset="26693848" uid="735" user="blackadder">
    <nd ref="3146419189"/>
    <nd ref="3146419190"/>
    <nd ref="3146419185"/>
    <nd ref="3146419183"/>
    <nd ref="3146419181"/>
    <nd ref="3146419179"/>
    <nd ref="3146419189"/>
    <tag k="addr:city" v="Kingsbury"/>
    <tag k="addr:housenumber" v="73"/>
    <tag k="addr:postcode" v="B78 2JL"/>
    <tag k="addr:street" v="Sycamore Road"/>
    <tag k="building" v="residential"/>
  </way>
  <way id="309304987" version="2" timestamp="2014-12-04T01:09:42Z" changeset="27216254" uid="735" user="blackadder">
    <nd ref="3146419167"/>
    <nd ref="3146419168"/>
    <nd ref="3146419164"/>
    <nd ref="3146419162"/>
    <nd ref="3146419166"/>
    <nd ref="3146419165"/>
    <nd ref="3146419167"/>
    <tag k="addr:city" v="Kingsbury"/>
    <tag k="addr:housenumber" v="2"/>
    <tag k="addr:postcode" v="B78 2JN"/>
    <tag k="addr:street" v="Birch Close"/>
    <tag k="building" v="residential"/>
  </way>
  <way id="309304988" version="2" timestamp="2014-12-04T01:09:43Z" changeset="27216254" uid="735" user="blackadder">
    <nd ref="3146419132"/>
    <nd ref="3146418928"/>
    <nd ref="3146419131"/>
    <nd ref="3146418926"/>
    <nd ref="3146418922"/>
    <nd ref="3146418925"/>
    <nd ref="3146419132"/>
    <tag k="addr:city" v="Kingsbury"/>
    <tag k="addr:housenumber" v="22"/>
    <tag k="addr:postcode" v="B78 2JP"/>
    <tag k="addr:street" v="Willow Close"/>
    <tag k="building" v="residential"/>
  </way>
  <way id="309480960" version="2" timestamp="2014-12-04T01:09:50Z" changeset="27216254" uid="735" user="blackadder">
    <nd ref="3148170121"/>
    <nd ref="3148170234"/>
    <nd ref="3148170230"/>
    <nd ref="3148170235"/>
    <nd ref="3148170128"/>
    <nd ref="3148170124"/>
    <nd ref="3148170123"/>
    <nd ref="3148170104"/>
    <nd ref="3148170110"/>
    <nd ref="3148170111"/>
    <nd ref="3148170121"/>
    <tag k="addr:city" v="Kingsbury"/>
    <tag k="addr:housenumber" v="72"/>
    <tag k="addr:postcode" v="B78 2HX"/>
    <tag k="addr:street" v="Tamworth Road"/>
    <tag k="building" v="residential"/>
  </way>
  <way id="309480961" version="2" timestamp="2014-12-04T01:09:44Z" changeset="27216254" uid="735" user="blackadder">
    <nd ref="3148170652"/>
    <nd ref="3148170627"/>
    <nd ref="3148170606"/>
    <nd ref="3148170611"/>
    <nd ref="3148170600"/>
    <nd ref="3148170626"/>
    <nd ref="3148170634"/>
    <nd ref="3148170641"/>
    <nd ref="3148170655"/>
    <nd ref="3148170644"/>
    <nd ref="3148170652"/>
    <tag k="addr:city" v="Kingsbury"/>
    <tag k="addr:housenumber" v="27"/>
    <tag k="addr:postcode" v="B78 2JP"/>
    <tag k="addr:street" v="Willow Close"/>
    <tag k="building" v="residential"/>
  </way>
  <way id="309480962" version="2" timestamp="2014-12-04T01:09:44Z" changeset="27216254" uid="735" user="blackadder">
    <nd ref="3148170487"/>
    <nd ref="3148170472"/>
    <nd ref="3148170466"/>
    <nd ref="3148170462"/>
    <nd ref="3148170450"/>
    <nd ref="3148170458"/>
    <nd ref="3148170451"/>
    <nd ref="3148170457"/>
    <nd ref="3148170481"/>
    <nd ref="3148170476"/>
    <nd ref="3148170487"/>
    <tag k="addr:city" v="Kingsbury"/>
    <tag k="addr:housenumber" v="28"/>
    <tag k="addr:postcode" v="B78 2JR"/>
    <tag k="addr:street" v="Rowan Close"/>
    <tag k="building" v="yes"/>
  </way>
  <way id="309480963" version="2" timestamp="2014-12-04T01:09:48Z" changeset="27216254" uid="735" user="blackadder">
    <nd ref="3148170068"/>
    <nd ref="3148170066"/>
    <nd ref="3148170067"/>
    <nd ref="3148170064"/>
    <nd ref="3148170063"/>
    <nd ref="3148170062"/>
    <nd ref="3148170069"/>
    <nd ref="3148170073"/>
    <nd ref="3148170072"/>
    <nd ref="3148170075"/>
    <nd ref="3148170068"/>
    <tag k="addr:city" v="Kingsbury"/>
    <tag k="addr:housenumber" v="58"/>
    <tag k="addr:postcode" v="B78 2HX"/>
    <tag k="addr:street" v="Tamworth Road"/>
    <tag k="building" v="residential"/>
  </way>
  <way id="309480964" version="2" timestamp="2014-12-04T01:09:45Z" changeset="27216254" uid="735" user="blackadder">
    <nd ref="3148170332"/>
    <nd ref="3148170321"/>
    <nd ref="3148170286"/>
    <nd ref="3148170292"/>
    <nd ref="3148170301"/>
    <nd ref="3148170305"/>
    <nd ref="3148170307"/>
    <nd ref="3148170311"/>
    <nd ref="3148170323"/>
    <nd ref="3148170319"/>
    <nd ref="3148170332"/>
    <tag k="addr:city" v="Kingsbury"/>
    <tag k="addr:housenumber" v="38"/>
    <tag k="addr:postcode" v="B78 2JR"/>
    <tag k="addr:street" v="Rowan Close"/>
    <tag k="building" v="residential"/>
  </way>
  <way id="309480965" version="2" timestamp="2014-12-04T01:09:50Z" changeset="27216254" uid="735" user="blackadder">
    <nd ref="3148170263"/>
    <nd ref="3148170257"/>
    <nd ref="3148170262"/>
    <nd ref="3148170259"/>
    <nd ref="3148170270"/>
    <nd ref="3148170260"/>
    <nd ref="3148170248"/>
    <nd ref="3148170247"/>
    <nd ref="3148170125"/>
    <nd ref="3148170243"/>
    <nd ref="3148170263"/>
    <tag k="addr:city" v="Kingsbury"/>
    <tag k="addr:housenumber" v="74"/>
    <tag k="addr:postcode" v="B78 2HX"/>
    <tag k="addr:street" v="Tamworth Road"/>
    <tag k="building" v="residential"/>
  </way>
  <way id="309480966" version="2" timestamp="2014-12-04T01:09:48Z" changeset="27216254" uid="735" user="blackadder">
    <nd ref="3148170721"/>
    <nd ref="3148170733"/>
    <nd ref="3148170716"/>
    <nd ref="3148170719"/>
    <nd ref="3148170708"/>
    <nd ref="3148170713"/>
    <nd ref="3148170706"/>
    <nd ref="3148170697"/>
    <nd ref="3148170695"/>
    <nd ref="3148170703"/>
    <nd ref="3148170692"/>
    <nd ref="3148170721"/>
    <tag k="addr:city" v="Kingsbury"/>
    <tag k="addr:housenumber" v="54"/>
    <tag k="addr:postcode" v="B78 2JB"/>
    <tag k="addr:street" v="Sycamore Road"/>
    <tag k="building" v="residential"/>
  </way>
  <way id="309480967" version="2" timestamp="2014-12-04T01:09:43Z" changeset="27216254" uid="735" user="blackadder">
    <nd ref="3148170565"/>
    <nd ref="3148170557"/>
    <nd ref="3148170547"/>
    <nd ref="3148170542"/>
    <nd ref="3148170490"/>
    <nd ref="3148170497"/>
    <nd ref="3148170510"/>
    <nd ref="3148170515"/>
    <nd ref="3148170519"/>
    <nd ref="3148170520"/>
    <nd ref="3148170537"/>
    <nd ref="3148170531"/>
    <nd ref="3148170565"/>
    <tag k="addr:city" v="Kingsbury"/>
    <tag k="addr:housenumber" v="25"/>
    <tag k="addr:postcode" v="B78 2JP"/>
    <tag k="addr:street" v="Willow Close"/>
    <tag k="building" v="residential"/>
  </way>
  <way id="309480968" version="2" timestamp="2014-12-04T01:09:40Z" changeset="27216254" uid="735" user="blackadder">
    <nd ref="3148170754"/>
    <nd ref="3148170771"/>
    <nd ref="3148170757"/>
    <nd ref="3148170741"/>
    <nd ref="3148170754"/>
    <tag k="addr:city" v="Kingsbury"/>
    <tag k="addr:housenumber" v="120"/>
    <tag k="addr:postcode" v="B78 2HU"/>
    <tag k="addr:street" v="Tamworth Road"/>
    <tag k="building" v="residential"/>
  </way>
  <way id="309480969" version="2" timestamp="2014-12-04T01:09:48Z" changeset="27216254" uid="735" user="blackadder">
    <nd ref="3148170254"/>
    <nd ref="3148170258"/>
    <nd ref="3148170238"/>
    <nd ref="3148170236"/>
    <nd ref="3148170254"/>
    <tag k="addr:city" v="Kingsbury"/>
    <tag k="addr:housenumber" v="58"/>
    <tag k="addr:postcode" v="B78 2JR"/>
    <tag k="addr:street" v="Rowan Close"/>
    <tag k="building" v="residential"/>
  </way>
  <way id="309480970" version="2" timestamp="2014-12-04T01:09:47Z" changeset="27216254" uid="735" user="blackadder">
    <nd ref="3148170035"/>
    <nd ref="3148170037"/>
    <nd ref="3148170034"/>
    <nd ref="3148167728"/>
    <nd ref="3148170035"/>
    <tag k="addr:city" v="Kingsbury"/>
    <tag k="addr:housenumber" v="48"/>
    <tag k="addr:postcode" v="B78 2HX"/>
    <tag k="addr:street" v="Tamworth Road"/>
    <tag k="building" v="residential"/>
  </way>
  <way id="309480971" version="2" timestamp="2014-12-04T01:09:39Z" changeset="27216254" uid="735" user="blackadder">
    <nd ref="3148170672"/>
    <nd ref="3148170661"/>
    <nd ref="3148170642"/>
    <nd ref="3148170659"/>
    <nd ref="3148170672"/>
    <tag k="addr:city" v="Kingsbury"/>
    <tag k="addr:housenumber" v="110"/>
    <tag k="addr:postcode" v="B78 2HU"/>
    <tag k="addr:street" v="Tamworth Road"/>
    <tag k="building" v="residential"/>
  </way>
  <way id="309480972" version="2" timestamp="2014-12-04T01:09:46Z" changeset="27216254" uid="735" user="blackadder">
    <nd ref="3148170240"/>
    <nd ref="3148170241"/>
    <nd ref="3148170108"/>
    <nd ref="3148170106"/>
    <nd ref="3148170240"/>
    <tag k="addr:city" v="Kingsbury"/>
    <tag k="addr:housenumber" v="46"/>
    <tag k="addr:postcode" v="B78 2JR"/>
    <tag k="addr:street" v="Rowan Close"/>
    <tag k="building" v="residential"/>
  </way>
  <way id="309480973" version="2" timestamp="2014-12-04T01:09:49Z" changeset="27216254" uid="735" user="blackadder">
    <nd ref="3148170232"/>
    <nd ref="3148170233"/>
    <nd ref="3148170114"/>
    <nd ref="3148170112"/>
    <nd ref="3148170232"/>
    <tag k="addr:city" v="Kingsbury"/>
    <tag k="addr:housenumber" v="60"/>
    <tag k="addr:postcode" v="B78 2JR"/>
    <tag k="addr:street" v="Rowan Close"/>
    <tag k="building" v="residential"/>
  </way>
  <way id="309480974" version="2" timestamp="2014-12-04T01:09:48Z" changeset="27216254" uid="735" user="blackadder">
    <nd ref="3148170314"/>
    <nd ref="3148170315"/>
    <nd ref="3148170290"/>
    <nd ref="3148170289"/>
    <nd ref="3148170314"/>
    <tag k="addr:city" v="Kingsbury"/>
    <tag k="addr:housenumber" v="56"/>
    <tag k="addr:postcode" v="B78 2JR"/>
    <tag k="addr:street" v="Rowan Close"/>
    <tag k="building" v="yes"/>
  </way>
  <way id="309480975" version="2" timestamp="2014-12-04T01:09:48Z" changeset="27216254" uid="735" user="blackadder">
    <nd ref="3148170752"/>
    <nd ref="3148170761"/>
    <nd ref="3148170738"/>
    <nd ref="3148170727"/>
    <nd ref="3148170752"/>
    <tag k="addr:city" v="Kingsbury"/>
    <tag k="addr:housenumber" v="56"/>
    <tag k="addr:postcode" v="B78 2JB"/>
    <tag k="addr:street" v="Sycamore Road"/>
    <tag k="building" v="residential"/>
  </way>
  <way id="309480976" version="2" timestamp="2014-12-04T01:09:51Z" changeset="27216254" uid="735" user="blackadder">
    <nd ref="3148170540"/>
    <nd ref="3148170522"/>
    <nd ref="3148170500"/>
    <nd ref="3148170518"/>
    <nd ref="3148170540"/>
    <tag k="addr:city" v="Kingsbury"/>
    <tag k="addr:housenumber" v="98"/>
    <tag k="addr:postcode" v="B78 2HU"/>
    <tag k="addr:street" v="Tamworth Road"/>
    <tag k="building" v="residential"/>
  </way>
  <way id="309480977" version="2" timestamp="2014-12-04T01:09:45Z" changeset="27216254" uid="735" user="blackadder">
    <nd ref="3148170455"/>
    <nd ref="3148170439"/>
    <nd ref="3148170425"/>
    <nd ref="3148170448"/>
    <nd ref="3148170455"/>
    <tag k="addr:city" v="Kingsbury"/>
    <tag k="addr:housenumber" v="36"/>
    <tag k="addr:postcode" v="B78 2JB"/>
    <tag k="addr:street" v="Sycamore Road"/>
    <tag k="building" v="residential"/>
  </way>
  <way id="309480979" version="2" timestamp="2014-12-04T01:09:50Z" changeset="27216254" uid="735" user="blackadder">
    <nd ref="3148170338"/>
    <nd ref="3148170329"/>
    <nd ref="3148170309"/>
    <nd ref="3148170322"/>
    <nd ref="3148170338"/>
    <tag k="addr:city" v="Kingsbury"/>
    <tag k="addr:housenumber" v="82"/>
    <tag k="addr:postcode" v="B78 2HX"/>
    <tag k="addr:street" v="Tamworth Road"/>
    <tag k="building" v="residential"/>
  </way>
  <way id="309480982" version="2" timestamp="2014-12-04T01:09:39Z" changeset="27216254" uid="735" user="blackadder">
    <nd ref="3148170712"/>
    <nd ref="3148170732"/>
    <nd ref="3148170718"/>
    <nd ref="3148170696"/>
    <nd ref="3148170712"/>
    <tag k="addr:city" v="Kingsbury"/>
    <tag k="addr:housenumber" v="116"/>
    <tag k="addr:postcode" v="B78 2HU"/>
    <tag k="addr:street" v="Tamworth Road"/>
    <tag k="building" v="residential"/>
  </way>
  <way id="309480983" version="2" timestamp="2014-12-04T01:09:43Z" changeset="27216254" uid="735" user="blackadder">
    <nd ref="3148170421"/>
    <nd ref="3148170412"/>
    <nd ref="3148170374"/>
    <nd ref="3148170381"/>
    <nd ref="3148170421"/>
    <tag k="addr:city" v="Kingsbury"/>
    <tag k="addr:housenumber" v="22"/>
    <tag k="addr:postcode" v="B78 2JR"/>
    <tag k="addr:street" v="Rowan Close"/>
    <tag k="building" v="yes"/>
  </way>
  <way id="309480984" version="2" timestamp="2014-12-04T01:09:51Z" changeset="27216254" uid="735" user="blackadder">
    <nd ref="3148170445"/>
    <nd ref="3148170459"/>
    <nd ref="3148170446"/>
    <nd ref="3148170429"/>
    <nd ref="3148170445"/>
    <tag k="addr:city" v="Kingsbury"/>
    <tag k="addr:housenumber" v="92"/>
    <tag k="addr:postcode" v="B78 2HU"/>
    <tag k="addr:street" v="Tamworth Road"/>
    <tag k="building" v="residential"/>
  </way>
  <way id="309480985" version="3" timestamp="2016-12-04T16:44:17Z" changeset="44161318" uid="346039" user="fitzsimons">
    <nd ref="3148170636"/>
    <nd ref="3148170645"/>
    <nd ref="3148170621"/>
    <nd ref="3148170609"/>
    <nd ref="3148170636"/>
    <tag k="addr:city" v="Kingsbury"/>
    <tag k="addr:housenumber" v="37"/>
    <tag k="addr:postcode" v="B78 2JB"/>
    <tag k="addr:street" v="Sycamore Road"/>
    <tag k="building" v="residential"/>
  </way>
  <way id="309480988" version="2" timestamp="2014-12-04T01:09:41Z" changeset="27216254" uid="735" user="blackadder">
    <nd ref="3148170643"/>
    <nd ref="3148170667"/>
    <nd ref="3148170653"/>
    <nd ref="3148170624"/>
    <nd ref="3148170643"/>
    <tag k="addr:city" v="Kingsbury"/>
    <tag k="addr:housenumber" v="16"/>
    <tag k="addr:postcode" v="B78 2JN"/>
    <tag k="addr:street" v="Birch Close"/>
    <tag k="building" v="residential"/>
  </way>
  <way id="309480989" version="2" timestamp="2014-12-04T01:09:50Z" changeset="27216254" uid="735" user="blackadder">
    <nd ref="3148170337"/>
    <nd ref="3148170350"/>
    <nd ref="3148170338"/>
    <nd ref="3148170322"/>
    <nd ref="3148170337"/>
    <tag k="addr:city" v="Kingsbury"/>
    <tag k="addr:housenumber" v="84"/>
    <tag k="addr:postcode" v="B78 2HX"/>
    <tag k="addr:street" v="Tamworth Road"/>
    <tag k="building" v="residential"/>
  </way>
  <way id="309480991" version="2" timestamp="2014-12-04T01:09:38Z" changeset="27216254" uid="735" user="blackadder">
    <nd ref="3148170586"/>
    <nd ref="3148170599"/>
    <nd ref="3148170587"/>
    <nd ref="3148170574"/>
    <nd ref="3148170586"/>
    <tag k="addr:city" v="Kingsbury"/>
    <tag k="addr:housenumber" v="104"/>
    <tag k="addr:postcode" v="B78 2HU"/>
    <tag k="addr:street" v="Tamworth Road"/>
    <tag k="building" v="residential"/>
  </way>
  <way id="309480993" version="2" timestamp="2014-12-04T01:09:51Z" changeset="27216254" uid="735" user="blackadder">
    <nd ref="3148170739"/>
    <nd ref="3148170747"/>
    <nd ref="3148170724"/>
    <nd ref="3148170720"/>
    <nd ref="3148170739"/>
    <tag k="addr:city" v="Kingsbury"/>
    <tag k="addr:housenumber" v="9"/>
    <tag k="addr:postcode" v="B78 2JP"/>
    <tag k="addr:street" v="Willow Close"/>
    <tag k="building" v="residential"/>
  </way>
  <way id="309480994" version="2" timestamp="2014-12-04T01:09:49Z" changeset="27216254" uid="735" user="blackadder">
    <nd ref="3148170758"/>
    <nd ref="3148170765"/>
    <nd ref="3148170737"/>
    <nd ref="3148170729"/>
    <nd ref="3148170758"/>
    <tag k="addr:city" v="Kingsbury"/>
    <tag k="addr:housenumber" v="7"/>
    <tag k="addr:postcode" v="B78 2JP"/>
    <tag k="addr:street" v="Willow Close"/>
    <tag k="building" v="residential"/>
  </way>
  <way id="309480996" version="2" timestamp="2014-12-04T01:09:39Z" changeset="27216254" uid="735" user="blackadder">
    <nd ref="3148170757"/>
    <nd ref="3148170743"/>
    <nd ref="3148170725"/>
    <nd ref="3148170741"/>
    <nd ref="3148170757"/>
    <tag k="addr:city" v="Kingsbury"/>
    <tag k="addr:housenumber" v="118"/>
    <tag k="addr:postcode" v="B78 2HU"/>
    <tag k="addr:street" v="Tamworth Road"/>
    <tag k="building" v="residential"/>
  </way>
  <way id="309480999" version="2" timestamp="2014-12-04T01:09:45Z" changeset="27216254" uid="735" user="blackadder">
    <nd ref="3148170316"/>
    <nd ref="3148170306"/>
    <nd ref="3148170273"/>
    <nd ref="3148170282"/>
    <nd ref="3148170316"/>
    <tag k="addr:city" v="Kingsbury"/>
    <tag k="addr:housenumber" v="40"/>
    <tag k="addr:postcode" v="B78 2JR"/>
    <tag k="addr:street" v="Rowan Close"/>
    <tag k="building" v="residential"/>
  </way>
  <way id="309481000" version="3" timestamp="2016-12-04T16:44:17Z" changeset="44161318" uid="346039" user="fitzsimons">
    <nd ref="3148170663"/>
    <nd ref="3148170670"/>
    <nd ref="3148170656"/>
    <nd ref="3148170640"/>
    <nd ref="3148170663"/>
    <tag k="addr:city" v="Kingsbury"/>
    <tag k="addr:housenumber" v="39"/>
    <tag k="addr:postcode" v="B78 2JB"/>
    <tag k="addr:street" v="Sycamore Road"/>
    <tag k="building" v="residential"/>
  </way>
  <way id="309481002" version="2" timestamp="2014-12-04T01:09:40Z" changeset="27216254" uid="735" user="blackadder">
    <nd ref="3148170666"/>
    <nd ref="3148170694"/>
    <nd ref="3148170668"/>
    <nd ref="3148170648"/>
    <nd ref="3148170666"/>
    <tag k="addr:city" v="Kingsbury"/>
    <tag k="addr:housenumber" v="14"/>
    <tag k="addr:postcode" v="B78 2JN"/>
    <tag k="addr:street" v="Birch Close"/>
    <tag k="building" v="residential"/>
  </way>
  <way id="309481003" version="2" timestamp="2014-12-04T01:09:41Z" changeset="27216254" uid="735" user="blackadder">
    <nd ref="3148170414"/>
    <nd ref="3148170404"/>
    <nd ref="3148170375"/>
    <nd ref="3148170379"/>
    <nd ref="3148170414"/>
    <tag k="addr:city" v="Kingsbury"/>
    <tag k="addr:housenumber" v="16"/>
    <tag k="addr:postcode" v="B78 2JR"/>
    <tag k="addr:street" v="Rowan Close"/>
    <tag k="building" v="yes"/>
  </way>
  <way id="309481004" version="2" timestamp="2014-12-04T01:09:38Z" changeset="27216254" uid="735" user="blackadder">
    <nd ref="3148170632"/>
    <nd ref="3148170607"/>
    <nd ref="3148170590"/>
    <nd ref="3148170616"/>
    <nd ref="3148170632"/>
    <tag k="addr:city" v="Kingsbury"/>
    <tag k="addr:housenumber" v="106"/>
    <tag k="addr:postcode" v="B78 2HU"/>
    <tag k="addr:street" v="Tamworth Road"/>
    <tag k="building" v="residential"/>
  </way>
  <way id="309481006" version="2" timestamp="2014-12-04T01:09:47Z" changeset="27216254" uid="735" user="blackadder">
    <nd ref="3148170328"/>
    <nd ref="3148170330"/>
    <nd ref="3148170293"/>
    <nd ref="3148170291"/>
    <nd ref="3148170328"/>
    <tag k="addr:city" v="Kingsbury"/>
    <tag k="addr:housenumber" v="52"/>
    <tag k="addr:postcode" v="B78 2JR"/>
    <tag k="addr:street" v="Rowan Close"/>
    <tag k="building" v="residential"/>
  </way>
  <way id="309481007" version="2" timestamp="2014-12-04T01:09:39Z" changeset="27216254" uid="735" user="blackadder">
    <nd ref="3148170669"/>
    <nd ref="3148170693"/>
    <nd ref="3148170672"/>
    <nd ref="3148170659"/>
    <nd ref="3148170669"/>
    <tag k="addr:city" v="Kingsbury"/>
    <tag k="addr:housenumber" v="112"/>
    <tag k="addr:postcode" v="B78 2HU"/>
    <tag k="addr:street" v="Tamworth Road"/>
    <tag k="building" v="residential"/>
  </way>
  <way id="309481009" version="2" timestamp="2014-12-04T01:09:45Z" changeset="27216254" uid="735" user="blackadder">
    <nd ref="3148170562"/>
    <nd ref="3148170569"/>
    <nd ref="3148170524"/>
    <nd ref="3148170517"/>
    <nd ref="3148170562"/>
    <tag k="addr:city" v="Kingsbury"/>
    <tag k="addr:housenumber" v="4"/>
    <tag k="addr:postcode" v="B78 2JR"/>
    <tag k="addr:street" v="Rowan Close"/>
    <tag k="building" v="residential"/>
  </way>
  <way id="309481010" version="2" timestamp="2014-12-04T01:09:42Z" changeset="27216254" uid="735" user="blackadder">
    <nd ref="3148170583"/>
    <nd ref="3148170612"/>
    <nd ref="3148170591"/>
    <nd ref="3148170571"/>
    <nd ref="3148170583"/>
    <tag k="addr:city" v="Kingsbury"/>
    <tag k="addr:housenumber" v="20"/>
    <tag k="addr:postcode" v="B78 2JN"/>
    <tag k="addr:street" v="Birch Close"/>
    <tag k="building" v="residential"/>
  </way>
  <way id="309481011" version="2" timestamp="2014-12-04T01:09:38Z" changeset="27216254" uid="735" user="blackadder">
    <nd ref="3148170532"/>
    <nd ref="3148170564"/>
    <nd ref="3148170540"/>
    <nd ref="3148170518"/>
    <nd ref="3148170532"/>
    <tag k="addr:city" v="Kingsbury"/>
    <tag k="addr:housenumber" v="100"/>
    <tag k="addr:postcode" v="B78 2HU"/>
    <tag k="addr:street" v="Tamworth Road"/>
    <tag k="building" v="residential"/>
  </way>
  <way id="309481012" version="2" timestamp="2014-12-04T01:09:39Z" changeset="27216254" uid="735" user="blackadder">
    <nd ref="3148170675"/>
    <nd ref="3148170681"/>
    <nd ref="3148170658"/>
    <nd ref="3148170654"/>
    <nd ref="3148170675"/>
    <tag k="addr:city" v="Kingsbury"/>
    <tag k="addr:housenumber" v="11"/>
    <tag k="addr:postcode" v="B78 2JP"/>
    <tag k="addr:street" v="Willow Close"/>
    <tag k="building" v="residential"/>
  </way>
  <way id="309481013" version="2" timestamp="2014-12-04T01:09:39Z" changeset="27216254" uid="735" user="blackadder">
    <nd ref="3148170718"/>
    <nd ref="3148170700"/>
    <nd ref="3148170680"/>
    <nd ref="3148170696"/>
    <nd ref="3148170718"/>
    <tag k="addr:city" v="Kingsbury"/>
    <tag k="addr:housenumber" v="114"/>
    <tag k="addr:postcode" v="B78 2HU"/>
    <tag k="addr:street" v="Tamworth Road"/>
    <tag k="building" v="residential"/>
  </way>
  <way id="309481014" version="2" timestamp="2014-12-04T01:09:51Z" changeset="27216254" uid="735" user="blackadder">
    <nd ref="3148170446"/>
    <nd ref="3148170430"/>
    <nd ref="3148170406"/>
    <nd ref="3148170429"/>
    <nd ref="3148170446"/>
    <tag k="addr:city" v="Kingsbury"/>
    <tag k="addr:housenumber" v="90"/>
    <tag k="addr:postcode" v="B78 2HU"/>
    <tag k="addr:street" v="Tamworth Road"/>
    <tag k="building" v="residential"/>
  </way>
  <way id="309481015" version="2" timestamp="2014-12-04T01:09:42Z" changeset="27216254" uid="735" user="blackadder">
    <nd ref="3148170411"/>
    <nd ref="3148170402"/>
    <nd ref="3148170368"/>
    <nd ref="3148170372"/>
    <nd ref="3148170411"/>
    <tag k="addr:city" v="Kingsbury"/>
    <tag k="addr:housenumber" v="20"/>
    <tag k="addr:postcode" v="B78 2JR"/>
    <tag k="addr:street" v="Rowan Close"/>
    <tag k="building" v="yes"/>
  </way>
  <way id="309481016" version="2" timestamp="2014-12-04T01:09:46Z" changeset="27216254" uid="735" user="blackadder">
    <nd ref="3148170287"/>
    <nd ref="3148170279"/>
    <nd ref="3148170250"/>
    <nd ref="3148170266"/>
    <nd ref="3148170287"/>
    <tag k="addr:city" v="Kingsbury"/>
    <tag k="addr:housenumber" v="42"/>
    <tag k="addr:postcode" v="B78 2JR"/>
    <tag k="addr:street" v="Rowan Close"/>
    <tag k="building" v="residential"/>
  </way>
  <way id="309481017" version="2" timestamp="2014-12-04T01:09:38Z" changeset="27216254" uid="735" user="blackadder">
    <nd ref="3148170587"/>
    <nd ref="3148170575"/>
    <nd ref="3148170560"/>
    <nd ref="3148170574"/>
    <nd ref="3148170587"/>
    <tag k="addr:city" v="Kingsbury"/>
    <tag k="addr:housenumber" v="102"/>
    <tag k="addr:postcode" v="B78 2HU"/>
    <tag k="addr:street" v="Tamworth Road"/>
    <tag k="building" v="residential"/>
  </way>
  <way id="309481018" version="2" timestamp="2014-12-04T01:09:42Z" changeset="27216254" uid="735" user="blackadder">
    <nd ref="3148170594"/>
    <nd ref="3148170602"/>
    <nd ref="3148170580"/>
    <nd ref="3148170576"/>
    <nd ref="3148170594"/>
    <tag k="addr:city" v="Kingsbury"/>
    <tag k="addr:housenumber" v="19"/>
    <tag k="addr:postcode" v="B78 2JP"/>
    <tag k="addr:street" v="Willow Close"/>
    <tag k="building" v="residential"/>
  </way>
  <way id="309481019" version="2" timestamp="2014-12-04T01:09:47Z" changeset="27216254" uid="735" user="blackadder">
    <nd ref="3148170762"/>
    <nd ref="3148170767"/>
    <nd ref="3148170731"/>
    <nd ref="3148170723"/>
    <nd ref="3148170762"/>
    <tag k="addr:city" v="Kingsbury"/>
    <tag k="addr:housenumber" v="5"/>
    <tag k="addr:postcode" v="B78 2JP"/>
    <tag k="addr:street" v="Willow Close"/>
    <tag k="building" v="residential"/>
  </way>
  <way id="309481020" version="2" timestamp="2014-12-04T01:09:38Z" changeset="27216254" uid="735" user="blackadder">
    <nd ref="3148170631"/>
    <nd ref="3148170647"/>
    <nd ref="3148170632"/>
    <nd ref="3148170616"/>
    <nd ref="3148170631"/>
    <tag k="addr:city" v="Kingsbury"/>
    <tag k="addr:housenumber" v="108"/>
    <tag k="addr:postcode" v="B78 2HU"/>
    <tag k="addr:street" v="Tamworth Road"/>
    <tag k="building" v="residential"/>
  </way>
  <way id="309481022" version="2" timestamp="2014-12-04T01:09:51Z" changeset="27216254" uid="735" user="blackadder">
    <nd ref="3148170396"/>
    <nd ref="3148170403"/>
    <nd ref="3148170387"/>
    <nd ref="3148170367"/>
    <nd ref="3148170377"/>
    <nd ref="3148170396"/>
    <tag k="addr:city" v="Kingsbury"/>
    <tag k="addr:housenumber" v="86"/>
    <tag k="addr:postcode" v="B78 2HU"/>
    <tag k="addr:street" v="Tamworth Road"/>
    <tag k="building" v="residential"/>
  </way>
  <way id="309481023" version="2" timestamp="2014-12-04T01:09:50Z" changeset="27216254" uid="735" user="blackadder">
    <nd ref="3148170265"/>
    <nd ref="3148170278"/>
    <nd ref="3148170263"/>
    <nd ref="3148170243"/>
    <nd ref="3148170251"/>
    <nd ref="3148170253"/>
    <nd ref="3148170265"/>
    <tag k="addr:city" v="Kingsbury"/>
    <tag k="addr:housenumber" v="76"/>
    <tag k="addr:postcode" v="B78 2HX"/>
    <tag k="addr:street" v="Tamworth Road"/>
    <tag k="building" v="residential"/>
  </way>
  <way id="309481024" version="2" timestamp="2014-12-04T01:09:51Z" changeset="27216254" uid="735" user="blackadder">
    <nd ref="3148170486"/>
    <nd ref="3148170508"/>
    <nd ref="3148170504"/>
    <nd ref="3148170511"/>
    <nd ref="3148170499"/>
    <nd ref="3148170469"/>
    <nd ref="3148170486"/>
    <tag k="addr:city" v="Kingsbury"/>
    <tag k="addr:housenumber" v="96"/>
    <tag k="addr:postcode" v="B78 2HU"/>
    <tag k="addr:street" v="Tamworth Road"/>
    <tag k="building" v="residential"/>
  </way>
  <way id="309481025" version="3" timestamp="2016-12-04T16:44:16Z" changeset="44161318" uid="346039" user="fitzsimons">
    <nd ref="3148170698"/>
    <nd ref="3148170709"/>
    <nd ref="3148170677"/>
    <nd ref="3148170665"/>
    <nd ref="3148170685"/>
    <nd ref="3148170687"/>
    <nd ref="3148170698"/>
    <tag k="addr:city" v="Kingsbury"/>
    <tag k="addr:housenumber" v="41"/>
    <tag k="addr:postcode" v="B78 2JB"/>
    <tag k="addr:street" v="Sycamore Road"/>
    <tag k="building" v="residential"/>
  </way>
  <way id="309481026" version="2" timestamp="2014-12-04T01:09:39Z" changeset="27216254" uid="735" user="blackadder">
    <nd ref="3148170701"/>
    <nd ref="3148170728"/>
    <nd ref="3148170714"/>
    <nd ref="3148170707"/>
    <nd ref="3148170702"/>
    <nd ref="3148170678"/>
    <nd ref="3148170701"/>
    <tag k="addr:city" v="Kingsbury"/>
    <tag k="addr:housenumber" v="12"/>
    <tag k="addr:postcode" v="B78 2JN"/>
    <tag k="addr:street" v="Birch Close"/>
    <tag k="building" v="residential"/>
  </way>
  <way id="309481027" version="2" timestamp="2014-12-04T01:09:43Z" changeset="27216254" uid="735" user="blackadder">
    <nd ref="3148170549"/>
    <nd ref="3148170536"/>
    <nd ref="3148170488"/>
    <nd ref="3148170493"/>
    <nd ref="3148170498"/>
    <nd ref="3148170503"/>
    <nd ref="3148170549"/>
    <tag k="addr:city" v="Kingsbury"/>
    <tag k="addr:housenumber" v="21"/>
    <tag k="addr:postcode" v="B78 2JP"/>
    <tag k="addr:street" v="Willow Close"/>
    <tag k="building" v="residential"/>
  </way>
  <way id="309481028" version="2" timestamp="2014-12-04T01:09:49Z" changeset="27216254" uid="735" user="blackadder">
    <nd ref="3148170074"/>
    <nd ref="3148170079"/>
    <nd ref="3148170075"/>
    <nd ref="3148170068"/>
    <nd ref="3148170070"/>
    <nd ref="3148170071"/>
    <nd ref="3148170074"/>
    <tag k="addr:city" v="Kingsbury"/>
    <tag k="addr:housenumber" v="60"/>
    <tag k="addr:postcode" v="B78 2HX"/>
    <tag k="addr:street" v="Tamworth Road"/>
    <tag k="building" v="residential"/>
  </way>
  <way id="309481029" version="2" timestamp="2014-12-04T01:09:48Z" changeset="27216254" uid="735" user="blackadder">
    <nd ref="3148170325"/>
    <nd ref="3148170326"/>
    <nd ref="3148170312"/>
    <nd ref="3148170313"/>
    <nd ref="3148170288"/>
    <nd ref="3148170285"/>
    <nd ref="3148170325"/>
    <tag k="addr:city" v="Kingsbury"/>
    <tag k="addr:housenumber" v="54"/>
    <tag k="addr:postcode" v="B78 2JR"/>
    <tag k="addr:street" v="Rowan Close"/>
    <tag k="building" v="residential"/>
  </way>
  <way id="309481031" version="2" timestamp="2014-12-04T01:09:45Z" changeset="27216254" uid="735" user="blackadder">
    <nd ref="3148170340"/>
    <nd ref="3148170335"/>
    <nd ref="3148170339"/>
    <nd ref="3148170334"/>
    <nd ref="3148170308"/>
    <nd ref="3148170317"/>
    <nd ref="3148170340"/>
    <tag k="addr:city" v="Kingsbury"/>
    <tag k="addr:housenumber" v="36"/>
    <tag k="addr:postcode" v="B78 2JR"/>
    <tag k="addr:street" v="Rowan Close"/>
    <tag k="building" v="residential"/>
  </way>
  <way id="309481032" version="2" timestamp="2014-12-04T01:09:48Z" changeset="27216254" uid="735" user="blackadder">
    <nd ref="3148170567"/>
    <nd ref="3148170556"/>
    <nd ref="3148170563"/>
    <nd ref="3148170521"/>
    <nd ref="3148170506"/>
    <nd ref="3148170552"/>
    <nd ref="3148170567"/>
    <tag k="addr:city" v="Kingsbury"/>
    <tag k="addr:housenumber" v="6"/>
    <tag k="addr:postcode" v="B78 2JR"/>
    <tag k="addr:street" v="Rowan Close"/>
    <tag k="building" v="residential"/>
  </way>
  <way id="309481033" version="2" timestamp="2014-12-04T01:09:40Z" changeset="27216254" uid="735" user="blackadder">
    <nd ref="3148170808"/>
    <nd ref="3148170814"/>
    <nd ref="3148170806"/>
    <nd ref="3148170801"/>
    <nd ref="3148170782"/>
    <nd ref="3148170775"/>
    <nd ref="3148170808"/>
    <tag k="addr:city" v="Kingsbury"/>
    <tag k="addr:housenumber" v="122"/>
    <tag k="addr:postcode" v="B78 2HU"/>
    <tag k="addr:street" v="Tamworth Road"/>
    <tag k="building" v="residential"/>
  </way>
  <way id="309481034" version="2" timestamp="2014-12-04T01:09:46Z" changeset="27216254" uid="735" user="blackadder">
    <nd ref="3148167724"/>
    <nd ref="3148167722"/>
    <nd ref="3148167723"/>
    <nd ref="3148167726"/>
    <nd ref="3148167725"/>
    <nd ref="3148170029"/>
    <nd ref="3148167724"/>
    <tag k="addr:city" v="Kingsbury"/>
    <tag k="addr:housenumber" v="44"/>
    <tag k="addr:postcode" v="B78 2HX"/>
    <tag k="addr:street" v="Tamworth Road"/>
    <tag k="building" v="yes"/>
  </way>
  <way id="309481035" version="2" timestamp="2014-12-04T01:09:47Z" changeset="27216254" uid="735" user="blackadder">
    <nd ref="3148170050"/>
    <nd ref="3148170042"/>
    <nd ref="3148170036"/>
    <nd ref="3148170040"/>
    <nd ref="3148170039"/>
    <nd ref="3148170044"/>
    <nd ref="3148170050"/>
    <tag k="addr:city" v="Kingsbury"/>
    <tag k="addr:housenumber" v="50"/>
    <tag k="addr:postcode" v="B78 2HX"/>
    <tag k="addr:street" v="Tamworth Road"/>
    <tag k="building" v="residential"/>
  </way>
  <way id="309481036" version="2" timestamp="2014-12-04T01:09:44Z" changeset="27216254" uid="735" user="blackadder">
    <nd ref="3148170417"/>
    <nd ref="3148170405"/>
    <nd ref="3148170391"/>
    <nd ref="3148170384"/>
    <nd ref="3148170373"/>
    <nd ref="3148170388"/>
    <nd ref="3148170417"/>
    <tag k="addr:city" v="Kingsbury"/>
    <tag k="addr:housenumber" v="32"/>
    <tag k="addr:postcode" v="B78 2JR"/>
    <tag k="addr:street" v="Rowan Close"/>
    <tag k="building" v="residential"/>
  </way>
  <way id="309481037" version="2" timestamp="2014-12-04T01:09:44Z" changeset="27216254" uid="735" user="blackadder">
    <nd ref="3148170618"/>
    <nd ref="3148170598"/>
    <nd ref="3148170578"/>
    <nd ref="3148170593"/>
    <nd ref="3148170613"/>
    <nd ref="3148170604"/>
    <nd ref="3148170618"/>
    <tag k="addr:city" v="Kingsbury"/>
    <tag k="addr:housenumber" v="29"/>
    <tag k="addr:postcode" v="B78 2JP"/>
    <tag k="addr:street" v="Willow Close"/>
    <tag k="building" v="residential"/>
  </way>
  <way id="309481038" version="2" timestamp="2014-12-04T01:09:37Z" changeset="27216254" uid="735" user="blackadder">
    <nd ref="3148170778"/>
    <nd ref="3148170786"/>
    <nd ref="3148170781"/>
    <nd ref="3148170783"/>
    <nd ref="3148170756"/>
    <nd ref="3148170750"/>
    <nd ref="3148170778"/>
    <tag k="addr:city" v="Kingsbury"/>
    <tag k="addr:housenumber" v="1"/>
    <tag k="addr:postcode" v="B78 2JP"/>
    <tag k="addr:street" v="Willow Close"/>
    <tag k="building" v="residential"/>
  </way>
  <way id="309481040" version="2" timestamp="2014-12-04T01:09:38Z" changeset="27216254" uid="735" user="blackadder">
    <nd ref="3148170735"/>
    <nd ref="3148170759"/>
    <nd ref="3148170748"/>
    <nd ref="3148170740"/>
    <nd ref="3148170736"/>
    <nd ref="3148170715"/>
    <nd ref="3148170735"/>
    <tag k="addr:city" v="Kingsbury"/>
    <tag k="addr:housenumber" v="10"/>
    <tag k="addr:postcode" v="B78 2JN"/>
    <tag k="addr:street" v="Birch Close"/>
    <tag k="building" v="residential"/>
  </way>
  <way id="309481041" version="2" timestamp="2014-12-04T01:09:48Z" changeset="27216254" uid="735" user="blackadder">
    <nd ref="3148170060"/>
    <nd ref="3148170065"/>
    <nd ref="3148170061"/>
    <nd ref="3148170056"/>
    <nd ref="3148170058"/>
    <nd ref="3148170059"/>
    <nd ref="3148170060"/>
    <tag k="addr:city" v="Kingsbury"/>
    <tag k="addr:housenumber" v="56"/>
    <tag k="addr:postcode" v="B78 2HX"/>
    <tag k="addr:street" v="Tamworth Road"/>
    <tag k="building" v="residential"/>
  </way>
  <way id="309481042" version="2" timestamp="2014-12-04T01:09:47Z" changeset="27216254" uid="735" user="blackadder">
    <nd ref="3148170651"/>
    <nd ref="3148170660"/>
    <nd ref="3148170649"/>
    <nd ref="3148170646"/>
    <nd ref="3148170630"/>
    <nd ref="3148170619"/>
    <nd ref="3148170651"/>
    <tag k="addr:city" v="Kingsbury"/>
    <tag k="addr:housenumber" v="50"/>
    <tag k="addr:postcode" v="B78 2JB"/>
    <tag k="addr:street" v="Sycamore Road"/>
    <tag k="building" v="residential"/>
  </way>
  <way id="309481043" version="2" timestamp="2014-12-04T01:09:49Z" changeset="27216254" uid="735" user="blackadder">
    <nd ref="3148170098"/>
    <nd ref="3148170105"/>
    <nd ref="3148170102"/>
    <nd ref="3148170101"/>
    <nd ref="3148170097"/>
    <nd ref="3148170095"/>
    <nd ref="3148170098"/>
    <tag k="addr:city" v="Kingsbury"/>
    <tag k="addr:housenumber" v="68"/>
    <tag k="addr:postcode" v="B78 2HX"/>
    <tag k="addr:street" v="Tamworth Road"/>
    <tag k="building" v="residential"/>
  </way>
  <way id="309481044" version="2" timestamp="2014-12-04T01:09:51Z" changeset="27216254" uid="735" user="blackadder">
    <nd ref="3148170499"/>
    <nd ref="3148170484"/>
    <nd ref="3148170475"/>
    <nd ref="3148170471"/>
    <nd ref="3148170454"/>
    <nd ref="3148170469"/>
    <nd ref="3148170499"/>
    <tag k="addr:city" v="Kingsbury"/>
    <tag k="addr:housenumber" v="94"/>
    <tag k="addr:postcode" v="B78 2HU"/>
    <tag k="addr:street" v="Tamworth Road"/>
    <tag k="building" v="residential"/>
  </way>
  <way id="309481045" version="2" timestamp="2014-12-04T01:09:40Z" changeset="27216254" uid="735" user="blackadder">
    <nd ref="3148170650"/>
    <nd ref="3148170662"/>
    <nd ref="3148170639"/>
    <nd ref="3148170628"/>
    <nd ref="3148170638"/>
    <nd ref="3148170635"/>
    <nd ref="3148170650"/>
    <tag k="addr:city" v="Kingsbury"/>
    <tag k="addr:housenumber" v="15"/>
    <tag k="addr:postcode" v="B78 2JP"/>
    <tag k="addr:street" v="Willow Close"/>
    <tag k="building" v="residential"/>
  </way>
  <way id="309481046" version="2" timestamp="2014-12-04T01:09:43Z" changeset="27216254" uid="735" user="blackadder">
    <nd ref="3148170467"/>
    <nd ref="3148170460"/>
    <nd ref="3148170456"/>
    <nd ref="3148170449"/>
    <nd ref="3148170416"/>
    <nd ref="3148170435"/>
    <nd ref="3148170467"/>
    <tag k="addr:city" v="Kingsbury"/>
    <tag k="addr:housenumber" v="26"/>
    <tag k="addr:postcode" v="B78 2JR"/>
    <tag k="addr:street" v="Rowan Close"/>
    <tag k="building" v="yes"/>
  </way>
  <way id="309481047" version="2" timestamp="2014-12-04T01:09:43Z" changeset="27216254" uid="735" user="blackadder">
    <nd ref="3148170534"/>
    <nd ref="3148170529"/>
    <nd ref="3148170548"/>
    <nd ref="3148170538"/>
    <nd ref="3148170485"/>
    <nd ref="3148170496"/>
    <nd ref="3148170534"/>
    <tag k="addr:city" v="Kingsbury"/>
    <tag k="addr:housenumber" v="23"/>
    <tag k="addr:postcode" v="B78 2JP"/>
    <tag k="addr:street" v="Willow Close"/>
    <tag k="building" v="residential"/>
  </way>
  <way id="309481048" version="2" timestamp="2014-12-04T01:09:51Z" changeset="27216254" uid="735" user="blackadder">
    <nd ref="3148170400"/>
    <nd ref="3148170423"/>
    <nd ref="3148170396"/>
    <nd ref="3148170377"/>
    <nd ref="3148170392"/>
    <nd ref="3148170385"/>
    <nd ref="3148170400"/>
    <tag k="addr:city" v="Kingsbury"/>
    <tag k="addr:housenumber" v="88"/>
    <tag k="addr:postcode" v="B78 2HU"/>
    <tag k="addr:street" v="Tamworth Road"/>
    <tag k="building" v="residential"/>
  </way>
  <way id="309481049" version="2" timestamp="2014-12-04T01:09:44Z" changeset="27216254" uid="735" user="blackadder">
    <nd ref="3148170442"/>
    <nd ref="3148170465"/>
    <nd ref="3148170452"/>
    <nd ref="3148170440"/>
    <nd ref="3148170444"/>
    <nd ref="3148170431"/>
    <nd ref="3148170442"/>
    <tag k="addr:city" v="Kingsbury"/>
    <tag k="addr:housenumber" v="30"/>
    <tag k="addr:postcode" v="B78 2JR"/>
    <tag k="addr:street" v="Rowan Close"/>
    <tag k="building" v="residential"/>
  </way>
  <way id="309481050" version="2" timestamp="2014-12-04T01:09:40Z" changeset="27216254" uid="735" user="blackadder">
    <nd ref="3148170395"/>
    <nd ref="3148170376"/>
    <nd ref="3148170365"/>
    <nd ref="3148170369"/>
    <nd ref="3148170358"/>
    <nd ref="3148170363"/>
    <nd ref="3148170395"/>
    <tag k="addr:city" v="Kingsbury"/>
    <tag k="addr:housenumber" v="14"/>
    <tag k="addr:postcode" v="B78 2JR"/>
    <tag k="addr:street" v="Rowan Close"/>
    <tag k="building" v="yes"/>
  </way>
  <way id="309481051" version="2" timestamp="2014-12-04T01:09:48Z" changeset="27216254" uid="735" user="blackadder">
    <nd ref="3148170051"/>
    <nd ref="3148170055"/>
    <nd ref="3148170050"/>
    <nd ref="3148170044"/>
    <nd ref="3148170047"/>
    <nd ref="3148170048"/>
    <nd ref="3148170051"/>
    <tag k="addr:city" v="Kingsbury"/>
    <tag k="addr:housenumber" v="52"/>
    <tag k="addr:postcode" v="B78 2HX"/>
    <tag k="addr:street" v="Tamworth Road"/>
    <tag k="building" v="residential"/>
  </way>
  <way id="309481052" version="2" timestamp="2014-12-04T01:09:44Z" changeset="27216254" uid="735" user="blackadder">
    <nd ref="3148170772"/>
    <nd ref="3148170777"/>
    <nd ref="3148170745"/>
    <nd ref="3148170742"/>
    <nd ref="3148170730"/>
    <nd ref="3148170726"/>
    <nd ref="3148170772"/>
    <tag k="addr:city" v="Kingsbury"/>
    <tag k="addr:housenumber" v="3"/>
    <tag k="addr:postcode" v="B78 2JP"/>
    <tag k="addr:street" v="Willow Close"/>
    <tag k="building" v="residential"/>
  </way>
  <way id="309481053" version="2" timestamp="2014-12-04T01:09:50Z" changeset="27216254" uid="735" user="blackadder">
    <nd ref="3148170763"/>
    <nd ref="3148170787"/>
    <nd ref="3148170773"/>
    <nd ref="3148170768"/>
    <nd ref="3148170764"/>
    <nd ref="3148170744"/>
    <nd ref="3148170763"/>
    <tag k="addr:city" v="Kingsbury"/>
    <tag k="addr:housenumber" v="8"/>
    <tag k="addr:postcode" v="B78 2JN"/>
    <tag k="addr:street" v="Birch Close"/>
    <tag k="building" v="residential"/>
  </way>
  <way id="309481054" version="2" timestamp="2014-12-04T01:09:47Z" changeset="27216254" uid="735" user="blackadder">
    <nd ref="3148170318"/>
    <nd ref="3148170324"/>
    <nd ref="3148170297"/>
    <nd ref="3148170294"/>
    <nd ref="3148170302"/>
    <nd ref="3148170300"/>
    <nd ref="3148170318"/>
    <tag k="addr:city" v="Kingsbury"/>
    <tag k="addr:housenumber" v="50"/>
    <tag k="addr:postcode" v="B78 2JR"/>
    <tag k="addr:street" v="Rowan Close"/>
    <tag k="building" v="residential"/>
  </way>
  <way id="309481055" version="2" timestamp="2014-12-04T01:09:42Z" changeset="27216254" uid="735" user="blackadder">
    <nd ref="3148170570"/>
    <nd ref="3148170577"/>
    <nd ref="3148170558"/>
    <nd ref="3148170554"/>
    <nd ref="3148170533"/>
    <nd ref="3148170526"/>
    <nd ref="3148170570"/>
    <tag k="addr:city" v="Kingsbury"/>
    <tag k="addr:housenumber" v="2"/>
    <tag k="addr:postcode" v="B78 2JR"/>
    <tag k="addr:street" v="Rowan Close"/>
    <tag k="building" v="residential"/>
  </way>
  <way id="309481056" version="4" timestamp="2024-06-30T16:47:19Z" changeset="153376372" uid="13078383" user="Keith Barnett">
    <nd ref="3148167718"/>
    <nd ref="3148167717"/>
    <nd ref="3148167716"/>
    <nd ref="3148167720"/>
    <nd ref="3218272463"/>
    <nd ref="3148167718"/>
    <tag k="addr:housenumber" v="32"/>
    <tag k="addr:street" v="Oak Tree Close"/>
    <tag k="building" v="residential"/>
  </way>
  <way id="309481057" version="2" timestamp="2014-12-04T01:09:42Z" changeset="27216254" uid="735" user="blackadder">
    <nd ref="3148170614"/>
    <nd ref="3148170637"/>
    <nd ref="3148170617"/>
    <nd ref="3148170584"/>
    <nd ref="3148170595"/>
    <nd ref="3148170601"/>
    <nd ref="3148170614"/>
    <tag k="addr:city" v="Kingsbury"/>
    <tag k="addr:housenumber" v="18"/>
    <tag k="addr:postcode" v="B78 2JN"/>
    <tag k="addr:street" v="Birch Close"/>
    <tag k="building" v="residential"/>
  </way>
  <way id="309481059" version="2" timestamp="2014-12-04T01:09:48Z" changeset="27216254" uid="735" user="blackadder">
    <nd ref="3148170061"/>
    <nd ref="3148170057"/>
    <nd ref="3148170052"/>
    <nd ref="3148170054"/>
    <nd ref="3148170053"/>
    <nd ref="3148170056"/>
    <nd ref="3148170061"/>
    <tag k="addr:city" v="Kingsbury"/>
    <tag k="addr:housenumber" v="54"/>
    <tag k="addr:postcode" v="B78 2HX"/>
    <tag k="addr:street" v="Tamworth Road"/>
    <tag k="building" v="residential"/>
  </way>
  <way id="309481060" version="2" timestamp="2014-12-04T01:09:38Z" changeset="27216254" uid="735" user="blackadder">
    <nd ref="3148170489"/>
    <nd ref="3148170483"/>
    <nd ref="3148170474"/>
    <nd ref="3148170468"/>
    <nd ref="3148170426"/>
    <nd ref="3148170441"/>
    <nd ref="3148170489"/>
    <tag k="addr:city" v="Kingsbury"/>
    <tag k="addr:housenumber" v="10"/>
    <tag k="addr:postcode" v="B78 2JR"/>
    <tag k="addr:street" v="Rowan Close"/>
    <tag k="building" v="residential"/>
  </way>
  <way id="309481061" version="2" timestamp="2014-12-04T01:09:50Z" changeset="27216254" uid="735" user="blackadder">
    <nd ref="3148170295"/>
    <nd ref="3148170299"/>
    <nd ref="3148170280"/>
    <nd ref="3148170277"/>
    <nd ref="3148170274"/>
    <nd ref="3148170269"/>
    <nd ref="3148170281"/>
    <nd ref="3148170295"/>
    <tag k="addr:city" v="Kingsbury"/>
    <tag k="addr:housenumber" v="78"/>
    <tag k="addr:postcode" v="B78 2HX"/>
    <tag k="addr:street" v="Tamworth Road"/>
    <tag k="building" v="residential"/>
  </way>
  <way id="309481062" version="2" timestamp="2014-12-04T01:09:46Z" changeset="27216254" uid="735" user="blackadder">
    <nd ref="3148167727"/>
    <nd ref="3148170032"/>
    <nd ref="3148170031"/>
    <nd ref="3148170033"/>
    <nd ref="3148170030"/>
    <nd ref="3148170029"/>
    <nd ref="3148167724"/>
    <nd ref="3148167727"/>
    <tag k="addr:city" v="Kingsbury"/>
    <tag k="addr:housenumber" v="46"/>
    <tag k="addr:postcode" v="B78 2HX"/>
    <tag k="addr:street" v="Tamworth Road"/>
    <tag k="building" v="yes"/>
  </way>
  <way id="309481063" version="2" timestamp="2014-12-04T01:09:45Z" changeset="27216254" uid="735" user="blackadder">
    <nd ref="3148170470"/>
    <nd ref="3148170473"/>
    <nd ref="3148170479"/>
    <nd ref="3148170455"/>
    <nd ref="3148170448"/>
    <nd ref="3148170463"/>
    <nd ref="3148170464"/>
    <nd ref="3148170470"/>
    <tag k="addr:city" v="Kingsbury"/>
    <tag k="addr:housenumber" v="38"/>
    <tag k="addr:postcode" v="B78 2JB"/>
    <tag k="addr:street" v="Sycamore Road"/>
    <tag k="building" v="residential"/>
  </way>
  <way id="309481064" version="2" timestamp="2014-12-04T01:09:50Z" changeset="27216254" uid="735" user="blackadder">
    <nd ref="3148170514"/>
    <nd ref="3148170525"/>
    <nd ref="3148170541"/>
    <nd ref="3148170551"/>
    <nd ref="3148170502"/>
    <nd ref="3148170478"/>
    <nd ref="3148170495"/>
    <nd ref="3148170491"/>
    <nd ref="3148170514"/>
    <tag k="addr:city" v="Kingsbury"/>
    <tag k="addr:housenumber" v="8"/>
    <tag k="addr:postcode" v="B78 2JR"/>
    <tag k="addr:street" v="Rowan Close"/>
    <tag k="building" v="residential"/>
  </way>
  <way id="309481065" version="2" timestamp="2014-12-04T01:09:42Z" changeset="27216254" uid="735" user="blackadder">
    <nd ref="3148170436"/>
    <nd ref="3148170433"/>
    <nd ref="3148170422"/>
    <nd ref="3148170415"/>
    <nd ref="3148170382"/>
    <nd ref="3148170383"/>
    <nd ref="3148170378"/>
    <nd ref="3148170389"/>
    <nd ref="3148170436"/>
    <tag k="addr:city" v="Kingsbury"/>
    <tag k="addr:housenumber" v="18"/>
    <tag k="addr:postcode" v="B78 2JR"/>
    <tag k="addr:street" v="Rowan Close"/>
    <tag k="building" v="yes"/>
  </way>
  <way id="309481066" version="2" timestamp="2014-12-04T01:09:41Z" changeset="27216254" uid="735" user="blackadder">
    <nd ref="3148170622"/>
    <nd ref="3148170633"/>
    <nd ref="3148170620"/>
    <nd ref="3148170623"/>
    <nd ref="3148170610"/>
    <nd ref="3148170597"/>
    <nd ref="3148170605"/>
    <nd ref="3148170603"/>
    <nd ref="3148170622"/>
    <tag k="addr:city" v="Kingsbury"/>
    <tag k="addr:housenumber" v="17"/>
    <tag k="addr:postcode" v="B78 2JP"/>
    <tag k="addr:street" v="Willow Close"/>
    <tag k="building" v="residential"/>
  </way>
  <way id="309481067" version="2" timestamp="2014-12-04T01:09:46Z" changeset="27216254" uid="735" user="blackadder">
    <nd ref="3148170553"/>
    <nd ref="3148170539"/>
    <nd ref="3148170530"/>
    <nd ref="3148170512"/>
    <nd ref="3148170505"/>
    <nd ref="3148170523"/>
    <nd ref="3148170528"/>
    <nd ref="3148170545"/>
    <nd ref="3148170553"/>
    <tag k="addr:city" v="Kingsbury"/>
    <tag k="addr:housenumber" v="42"/>
    <tag k="addr:postcode" v="B78 2JB"/>
    <tag k="addr:street" v="Sycamore Road"/>
    <tag k="building" v="residential"/>
  </way>
  <way id="309481068" version="2" timestamp="2014-12-04T01:09:43Z" changeset="27216254" uid="735" user="blackadder">
    <nd ref="3148170443"/>
    <nd ref="3148170432"/>
    <nd ref="3148170427"/>
    <nd ref="3148170424"/>
    <nd ref="3148170410"/>
    <nd ref="3148170407"/>
    <nd ref="3148170380"/>
    <nd ref="3148170397"/>
    <nd ref="3148170443"/>
    <tag k="addr:city" v="Kingsbury"/>
    <tag k="addr:housenumber" v="24"/>
    <tag k="addr:postcode" v="B78 2JR"/>
    <tag k="addr:street" v="Rowan Close"/>
    <tag k="building" v="yes"/>
  </way>
  <way id="309481069" version="2" timestamp="2014-12-04T01:09:49Z" changeset="27216254" uid="735" user="blackadder">
    <nd ref="3148170088"/>
    <nd ref="3148170082"/>
    <nd ref="3148170076"/>
    <nd ref="3148170078"/>
    <nd ref="3148170077"/>
    <nd ref="3148170080"/>
    <nd ref="3148170081"/>
    <nd ref="3148170083"/>
    <nd ref="3148170088"/>
    <tag k="addr:city" v="Kingsbury"/>
    <tag k="addr:housenumber" v="62"/>
    <tag k="addr:postcode" v="B78 2HX"/>
    <tag k="addr:street" v="Tamworth Road"/>
    <tag k="building" v="residential"/>
  </way>
  <way id="309481070" version="2" timestamp="2014-12-04T01:09:45Z" changeset="27216254" uid="735" user="blackadder">
    <nd ref="3148170361"/>
    <nd ref="3148170356"/>
    <nd ref="3148170360"/>
    <nd ref="3148170355"/>
    <nd ref="3148170351"/>
    <nd ref="3148170348"/>
    <nd ref="3148170333"/>
    <nd ref="3148170343"/>
    <nd ref="3148170361"/>
    <tag k="addr:city" v="Kingsbury"/>
    <tag k="addr:housenumber" v="34"/>
    <tag k="addr:postcode" v="B78 2JR"/>
    <tag k="addr:street" v="Rowan Close"/>
    <tag k="building" v="residential"/>
  </way>
  <way id="309481071" version="2" timestamp="2014-12-04T01:09:45Z" changeset="27216254" uid="735" user="blackadder">
    <nd ref="3148170550"/>
    <nd ref="3148170527"/>
    <nd ref="3148170507"/>
    <nd ref="3148170513"/>
    <nd ref="3148170501"/>
    <nd ref="3148170509"/>
    <nd ref="3148170543"/>
    <nd ref="3148170535"/>
    <nd ref="3148170550"/>
    <tag k="addr:city" v="Kingsbury"/>
    <tag k="addr:housenumber" v="33"/>
    <tag k="addr:postcode" v="B78 2JP"/>
    <tag k="addr:street" v="Willow Close"/>
    <tag k="building" v="residential"/>
  </way>
  <way id="309481072" version="2" timestamp="2014-12-04T01:09:46Z" changeset="27216254" uid="735" user="blackadder">
    <nd ref="3148170630"/>
    <nd ref="3148170625"/>
    <nd ref="3148170629"/>
    <nd ref="3148170615"/>
    <nd ref="3148170608"/>
    <nd ref="3148170596"/>
    <nd ref="3148170588"/>
    <nd ref="3148170619"/>
    <nd ref="3148170630"/>
    <tag k="addr:city" v="Kingsbury"/>
    <tag k="addr:housenumber" v="48"/>
    <tag k="addr:postcode" v="B78 2JB"/>
    <tag k="addr:street" v="Sycamore Road"/>
    <tag k="building" v="residential"/>
  </way>
  <way id="309481073" version="2" timestamp="2014-12-04T01:09:39Z" changeset="27216254" uid="735" user="blackadder">
    <nd ref="3148170438"/>
    <nd ref="3148170418"/>
    <nd ref="3148170390"/>
    <nd ref="3148170393"/>
    <nd ref="3148170386"/>
    <nd ref="3148170398"/>
    <nd ref="3148170409"/>
    <nd ref="3148170413"/>
    <nd ref="3148170438"/>
    <tag k="addr:city" v="Kingsbury"/>
    <tag k="addr:housenumber" v="12"/>
    <tag k="addr:postcode" v="B78 2JR"/>
    <tag k="addr:street" v="Rowan Close"/>
    <tag k="building" v="residential"/>
  </way>
  <way id="309481074" version="2" timestamp="2014-12-04T01:09:44Z" changeset="27216254" uid="735" user="blackadder">
    <nd ref="3148170585"/>
    <nd ref="3148170573"/>
    <nd ref="3148170568"/>
    <nd ref="3148170561"/>
    <nd ref="3148170544"/>
    <nd ref="3148170572"/>
    <nd ref="3148170582"/>
    <nd ref="3148170579"/>
    <nd ref="3148170585"/>
    <tag k="addr:city" v="Kingsbury"/>
    <tag k="addr:housenumber" v="31"/>
    <tag k="addr:postcode" v="B78 2JP"/>
    <tag k="addr:street" v="Willow Close"/>
    <tag k="building" v="residential"/>
  </way>
  <way id="309481075" version="2" timestamp="2014-12-04T01:09:50Z" changeset="27216254" uid="735" user="blackadder">
    <nd ref="3148170303"/>
    <nd ref="3148170320"/>
    <nd ref="3148170310"/>
    <nd ref="3148170304"/>
    <nd ref="3148170295"/>
    <nd ref="3148170281"/>
    <nd ref="3148170296"/>
    <nd ref="3148170298"/>
    <nd ref="3148170303"/>
    <tag k="addr:city" v="Kingsbury"/>
    <tag k="addr:housenumber" v="80"/>
    <tag k="addr:postcode" v="B78 2HX"/>
    <tag k="addr:street" v="Tamworth Road"/>
    <tag k="building" v="residential"/>
  </way>
  <way id="309481076" version="2" timestamp="2014-12-04T01:09:46Z" changeset="27216254" uid="735" user="blackadder">
    <nd ref="3148170245"/>
    <nd ref="3148170246"/>
    <nd ref="3148170237"/>
    <nd ref="3148170239"/>
    <nd ref="3148170119"/>
    <nd ref="3148170118"/>
    <nd ref="3148170116"/>
    <nd ref="3148170115"/>
    <nd ref="3148170245"/>
    <tag k="addr:city" v="Kingsbury"/>
    <tag k="addr:housenumber" v="44"/>
    <tag k="addr:postcode" v="B78 2JR"/>
    <tag k="addr:street" v="Rowan Close"/>
    <tag k="building" v="residential"/>
  </way>
  <way id="309481077" version="2" timestamp="2014-12-04T01:09:46Z" changeset="27216254" uid="735" user="blackadder">
    <nd ref="3148170242"/>
    <nd ref="3148170244"/>
    <nd ref="3148170255"/>
    <nd ref="3148170256"/>
    <nd ref="3148170249"/>
    <nd ref="3148170252"/>
    <nd ref="3148170231"/>
    <nd ref="3148170229"/>
    <nd ref="3148170242"/>
    <tag k="addr:city" v="Kingsbury"/>
    <tag k="addr:housenumber" v="48"/>
    <tag k="addr:postcode" v="B78 2JR"/>
    <tag k="addr:street" v="Rowan Close"/>
    <tag k="building" v="residential"/>
  </way>
  <way id="309481078" version="2" timestamp="2014-12-04T01:09:46Z" changeset="27216254" uid="735" user="blackadder">
    <nd ref="3218272468"/>
    <nd ref="3218272469"/>
    <nd ref="3148170589"/>
    <nd ref="3148170581"/>
    <nd ref="3218272468"/>
    <tag k="addr:city" v="Kingsbury"/>
    <tag k="addr:housenumber" v="46"/>
    <tag k="addr:postcode" v="B78 2JB"/>
    <tag k="addr:street" v="Sycamore Road"/>
    <tag k="building" v="residential"/>
  </way>
  <way id="309481079" version="2" timestamp="2014-12-04T01:09:48Z" changeset="27216254" uid="735" user="blackadder">
    <nd ref="3148170793"/>
    <nd ref="3148170816"/>
    <nd ref="3148170805"/>
    <nd ref="3148170796"/>
    <nd ref="3148170792"/>
    <nd ref="3148170779"/>
    <nd ref="3148170791"/>
    <nd ref="3148170788"/>
    <nd ref="3148170793"/>
    <tag k="addr:city" v="Kingsbury"/>
    <tag k="addr:housenumber" v="6"/>
    <tag k="addr:postcode" v="B78 2JN"/>
    <tag k="addr:street" v="Birch Close"/>
    <tag k="building" v="residential"/>
  </way>
  <way id="309481080" version="2" timestamp="2014-12-04T01:09:49Z" changeset="27216254" uid="735" user="blackadder">
    <nd ref="3148170097"/>
    <nd ref="3148170096"/>
    <nd ref="3148170091"/>
    <nd ref="3148170090"/>
    <nd ref="3148170089"/>
    <nd ref="3148170092"/>
    <nd ref="3148170093"/>
    <nd ref="3148170095"/>
    <nd ref="3148170097"/>
    <tag k="addr:city" v="Kingsbury"/>
    <tag k="addr:housenumber" v="66"/>
    <tag k="addr:postcode" v="B78 2HX"/>
    <tag k="addr:street" v="Tamworth Road"/>
    <tag k="building" v="residential"/>
  </way>
  <way id="309481081" version="2" timestamp="2014-12-04T01:09:51Z" changeset="27216254" uid="735" user="blackadder">
    <nd ref="3148170354"/>
    <nd ref="3148170370"/>
    <nd ref="3148170362"/>
    <nd ref="3148170364"/>
    <nd ref="3148170353"/>
    <nd ref="3148170336"/>
    <nd ref="3148170344"/>
    <nd ref="3148170347"/>
    <nd ref="3148170354"/>
    <tag k="addr:city" v="Kingsbury"/>
    <tag k="addr:housenumber" v="84A"/>
    <tag k="addr:postcode" v="B78 2HX"/>
    <tag k="addr:street" v="Tamworth Road"/>
    <tag k="building" v="residential"/>
  </way>
  <way id="309481082" version="2" timestamp="2014-12-04T01:09:50Z" changeset="27216254" uid="735" user="blackadder">
    <nd ref="3148170123"/>
    <nd ref="3148170127"/>
    <nd ref="3148170120"/>
    <nd ref="3148170113"/>
    <nd ref="3148170107"/>
    <nd ref="3148170103"/>
    <nd ref="3148170100"/>
    <nd ref="3148170099"/>
    <nd ref="3148170104"/>
    <nd ref="3148170123"/>
    <tag k="addr:city" v="Kingsbury"/>
    <tag k="addr:housenumber" v="70"/>
    <tag k="addr:postcode" v="B78 2HX"/>
    <tag k="addr:street" v="Tamworth Road"/>
    <tag k="building" v="residential"/>
  </way>
  <way id="309481083" version="2" timestamp="2014-12-04T01:09:47Z" changeset="27216254" uid="735" user="blackadder">
    <nd ref="3148170682"/>
    <nd ref="3148170695"/>
    <nd ref="3148170697"/>
    <nd ref="3148170684"/>
    <nd ref="3148170683"/>
    <nd ref="3148170676"/>
    <nd ref="3148170674"/>
    <nd ref="3148170664"/>
    <nd ref="3148170657"/>
    <nd ref="3148170682"/>
    <tag k="addr:city" v="Kingsbury"/>
    <tag k="addr:housenumber" v="52"/>
    <tag k="addr:postcode" v="B78 2JB"/>
    <tag k="addr:street" v="Sycamore Road"/>
    <tag k="building" v="residential"/>
  </way>
  <way id="309481084" version="2" timestamp="2014-12-04T01:09:49Z" changeset="27216254" uid="735" user="blackadder">
    <nd ref="3148170090"/>
    <nd ref="3148170094"/>
    <nd ref="3148170088"/>
    <nd ref="3148170083"/>
    <nd ref="3148170085"/>
    <nd ref="3148170084"/>
    <nd ref="3148170086"/>
    <nd ref="3148170087"/>
    <nd ref="3148170089"/>
    <nd ref="3148170090"/>
    <tag k="addr:city" v="Kingsbury"/>
    <tag k="addr:housenumber" v="64"/>
    <tag k="addr:postcode" v="B78 2HX"/>
    <tag k="addr:street" v="Tamworth Road"/>
    <tag k="building" v="residential"/>
  </way>
  <way id="309481085" version="2" timestamp="2014-12-04T01:09:46Z" changeset="27216254" uid="735" user="blackadder">
    <nd ref="3148170505"/>
    <nd ref="3148170512"/>
    <nd ref="3148170492"/>
    <nd ref="3148170494"/>
    <nd ref="3148170482"/>
    <nd ref="3148170479"/>
    <nd ref="3148170473"/>
    <nd ref="3148170480"/>
    <nd ref="3148170477"/>
    <nd ref="3148170505"/>
    <tag k="addr:city" v="Kingsbury"/>
    <tag k="addr:housenumber" v="40"/>
    <tag k="addr:postcode" v="B78 2JB"/>
    <tag k="addr:street" v="Sycamore Road"/>
    <tag k="building" v="residential"/>
  </way>
  <way id="309769276" version="2" timestamp="2021-08-22T10:55:39Z" changeset="110056064" uid="30636" user="Tallguy">
    <nd ref="3151122739"/>
    <nd ref="3151122737"/>
    <nd ref="3151122731"/>
    <nd ref="3151122734"/>
    <nd ref="3151122739"/>
    <tag k="addr:housename" v="Childrens Farm"/>
    <tag k="addr:postcode" v="B76 0EE"/>
    <tag k="addr:street" v="Bodymoor Heath Lane"/>
    <tag k="addr:village" v="Kingsbury"/>
    <tag k="amenity" v="cafe"/>
    <tag k="building" v="yes"/>
    <tag k="fhrs:id" v="1099517"/>
    <tag k="name" v="Granary Tea Rooms"/>
    <tag k="opening_months" v="february-october"/>
    <tag k="source:addr" v="FHRS Open Data"/>
  </way>
  <way id="310208705" version="3" timestamp="2024-06-30T16:22:41Z" changeset="153376372" uid="13078383" user="Keith Barnett">
    <nd ref="3156043871"/>
    <nd ref="3156043875"/>
    <nd ref="3156043864"/>
    <nd ref="3156043861"/>
    <nd ref="3156043865"/>
    <nd ref="3156043863"/>
    <nd ref="3156043871"/>
    <tag k="addr:housenumber" v="1-3"/>
    <tag k="addr:street" v="Laburnum Close"/>
    <tag k="building" v="residential"/>
  </way>
  <way id="310210010" version="3" timestamp="2024-06-30T16:34:03Z" changeset="153376372" uid="13078383" user="Keith Barnett">
    <nd ref="3156058375"/>
    <nd ref="3156058378"/>
    <nd ref="3156058372"/>
    <nd ref="3156058371"/>
    <nd ref="3156058365"/>
    <nd ref="3156058364"/>
    <nd ref="3156058363"/>
    <nd ref="3156058369"/>
    <nd ref="3156058370"/>
    <nd ref="3156058374"/>
    <nd ref="3156058375"/>
    <tag k="addr:housenumber" v="8"/>
    <tag k="addr:street" v="Cedar Crescent"/>
    <tag k="building" v="residential"/>
  </way>
  <way id="310210011" version="3" timestamp="2024-06-30T16:35:14Z" changeset="153376372" uid="13078383" user="Keith Barnett">
    <nd ref="3156058136"/>
    <nd ref="3156058139"/>
    <nd ref="3156058123"/>
    <nd ref="3156058119"/>
    <nd ref="3156058109"/>
    <nd ref="3156058106"/>
    <nd ref="3156058116"/>
    <nd ref="3156058117"/>
    <nd ref="3156058125"/>
    <nd ref="3156058127"/>
    <nd ref="3156058136"/>
    <tag k="addr:housenumber" v="10"/>
    <tag k="addr:street" v="Sycamore Road"/>
    <tag k="building" v="residential"/>
  </way>
  <way id="310210012" version="3" timestamp="2024-06-30T16:34:07Z" changeset="153376372" uid="13078383" user="Keith Barnett">
    <nd ref="3156058365"/>
    <nd ref="3156058366"/>
    <nd ref="3156058361"/>
    <nd ref="3156058159"/>
    <nd ref="3156058153"/>
    <nd ref="3156058152"/>
    <nd ref="3156058151"/>
    <nd ref="3156058157"/>
    <nd ref="3156058158"/>
    <nd ref="3156058364"/>
    <nd ref="3156058365"/>
    <tag k="addr:housenumber" v="6"/>
    <tag k="addr:street" v="Cedar Crescent"/>
    <tag k="building" v="residential"/>
  </way>
  <way id="310210013" version="3" timestamp="2024-06-30T16:34:02Z" changeset="153376372" uid="13078383" user="Keith Barnett">
    <nd ref="3156058403"/>
    <nd ref="3156058404"/>
    <nd ref="3156058395"/>
    <nd ref="3156058396"/>
    <nd ref="3156058394"/>
    <nd ref="3156058393"/>
    <nd ref="3156058392"/>
    <nd ref="3156058389"/>
    <nd ref="3156058399"/>
    <nd ref="3156058400"/>
    <nd ref="3156058403"/>
    <tag k="addr:housenumber" v="12"/>
    <tag k="addr:street" v="Cedar Crescent"/>
    <tag k="building" v="residential"/>
  </way>
  <way id="310210014" version="3" timestamp="2024-06-30T16:34:02Z" changeset="153376372" uid="13078383" user="Keith Barnett">
    <nd ref="3156058393"/>
    <nd ref="3156058388"/>
    <nd ref="3156058387"/>
    <nd ref="3156058375"/>
    <nd ref="3156058374"/>
    <nd ref="3156058373"/>
    <nd ref="3156058382"/>
    <nd ref="3156058381"/>
    <nd ref="3156058384"/>
    <nd ref="3156058386"/>
    <nd ref="3156058392"/>
    <nd ref="3156058393"/>
    <tag k="addr:housenumber" v="10"/>
    <tag k="addr:street" v="Cedar Crescent"/>
    <tag k="building" v="residential"/>
  </way>
  <way id="310210015" version="3" timestamp="2024-06-30T16:34:05Z" changeset="153376372" uid="13078383" user="Keith Barnett">
    <nd ref="3156058153"/>
    <nd ref="3156058154"/>
    <nd ref="3156058150"/>
    <nd ref="3156058149"/>
    <nd ref="3156058140"/>
    <nd ref="3156058135"/>
    <nd ref="3156058146"/>
    <nd ref="3156058145"/>
    <nd ref="3156058147"/>
    <nd ref="3156058148"/>
    <nd ref="3156058152"/>
    <nd ref="3156058153"/>
    <tag k="addr:housenumber" v="4"/>
    <tag k="addr:street" v="Cedar Crescent"/>
    <tag k="building" v="residential"/>
  </way>
  <way id="310210019" version="3" timestamp="2024-06-30T16:38:37Z" changeset="153376372" uid="13078383" user="Keith Barnett">
    <nd ref="3156058110"/>
    <nd ref="3156058101"/>
    <nd ref="3156058100"/>
    <nd ref="3156058108"/>
    <nd ref="3156058110"/>
    <tag k="addr:housenumber" v="19"/>
    <tag k="addr:street" v="Elm Tree Close"/>
    <tag k="building" v="residential"/>
  </way>
  <way id="310210020" version="3" timestamp="2024-06-30T16:39:12Z" changeset="153376372" uid="13078383" user="Keith Barnett">
    <nd ref="3156058101"/>
    <nd ref="3156058097"/>
    <nd ref="3156058095"/>
    <nd ref="3156058100"/>
    <nd ref="3156058101"/>
    <tag k="addr:housenumber" v="17"/>
    <tag k="addr:street" v="Elm Tree Close"/>
    <tag k="building" v="residential"/>
  </way>
  <way id="310210021" version="3" timestamp="2024-06-30T16:38:35Z" changeset="153376372" uid="13078383" user="Keith Barnett">
    <nd ref="3156058138"/>
    <nd ref="3156058142"/>
    <nd ref="3156058130"/>
    <nd ref="3156058129"/>
    <nd ref="3156058138"/>
    <tag k="addr:housenumber" v="23"/>
    <tag k="addr:street" v="Elm Tree Close"/>
    <tag k="building" v="residential"/>
  </way>
  <way id="310210022" version="3" timestamp="2024-06-30T16:36:26Z" changeset="153376372" uid="13078383" user="Keith Barnett">
    <nd ref="3156058091"/>
    <nd ref="3156058092"/>
    <nd ref="3156058083"/>
    <nd ref="3156058082"/>
    <nd ref="3156058081"/>
    <nd ref="3156058091"/>
    <tag k="addr:housenumber" v="5"/>
    <tag k="addr:street" v="Elm Tree Close"/>
    <tag k="building" v="residential"/>
  </way>
  <way id="310210023" version="3" timestamp="2024-06-30T16:35:20Z" changeset="153376372" uid="13078383" user="Keith Barnett">
    <nd ref="3156058104"/>
    <nd ref="3156058105"/>
    <nd ref="3156058102"/>
    <nd ref="3156058103"/>
    <nd ref="3156058099"/>
    <nd ref="3156058098"/>
    <nd ref="3156058104"/>
    <tag k="addr:housenumber" v="1"/>
    <tag k="addr:street" v="Elm Tree Close"/>
    <tag k="building" v="residential"/>
  </way>
  <way id="310210024" version="3" timestamp="2024-06-30T16:37:25Z" changeset="153376372" uid="13078383" user="Keith Barnett">
    <nd ref="3156058088"/>
    <nd ref="3156058089"/>
    <nd ref="3156058080"/>
    <nd ref="3156058079"/>
    <nd ref="3156058077"/>
    <nd ref="3156058074"/>
    <nd ref="3156058088"/>
    <tag k="addr:housenumber" v="15"/>
    <tag k="addr:street" v="Elm Tree Close"/>
    <tag k="building" v="residential"/>
  </way>
  <way id="310210025" version="3" timestamp="2024-06-30T16:37:21Z" changeset="153376372" uid="13078383" user="Keith Barnett">
    <nd ref="3156058084"/>
    <nd ref="3156058085"/>
    <nd ref="3156058075"/>
    <nd ref="3156058073"/>
    <nd ref="3156058071"/>
    <nd ref="3156058068"/>
    <nd ref="3156058084"/>
    <tag k="addr:housenumber" v="9"/>
    <tag k="addr:street" v="Elm Tree Close"/>
    <tag k="building" v="residential"/>
  </way>
  <way id="310210027" version="3" timestamp="2024-06-30T16:37:16Z" changeset="153376372" uid="13078383" user="Keith Barnett">
    <nd ref="3156058085"/>
    <nd ref="3156058088"/>
    <nd ref="3156058074"/>
    <nd ref="3156058072"/>
    <nd ref="3156058076"/>
    <nd ref="3156058075"/>
    <nd ref="3156058085"/>
    <tag k="addr:housenumber" v="11"/>
    <tag k="addr:street" v="Elm Tree Close"/>
    <tag k="building" v="residential"/>
  </way>
  <way id="310210029" version="3" timestamp="2024-06-30T16:36:23Z" changeset="153376372" uid="13078383" user="Keith Barnett">
    <nd ref="3156058083"/>
    <nd ref="3156058084"/>
    <nd ref="3156058068"/>
    <nd ref="3156058067"/>
    <nd ref="3156058070"/>
    <nd ref="3156058069"/>
    <nd ref="3156058082"/>
    <nd ref="3156058083"/>
    <tag k="addr:housenumber" v="7"/>
    <tag k="addr:street" v="Elm Tree Close"/>
    <tag k="building" v="residential"/>
  </way>
  <way id="310210031" version="3" timestamp="2024-06-30T16:37:18Z" changeset="153376372" uid="13078383" user="Keith Barnett">
    <nd ref="3156058093"/>
    <nd ref="3156058094"/>
    <nd ref="3156058090"/>
    <nd ref="3156058091"/>
    <nd ref="3156058081"/>
    <nd ref="3156058078"/>
    <nd ref="3156058087"/>
    <nd ref="3156058086"/>
    <nd ref="3156058093"/>
    <tag k="addr:housenumber" v="3"/>
    <tag k="addr:street" v="Elm Tree Close"/>
    <tag k="building" v="residential"/>
  </way>
  <way id="310210032" version="3" timestamp="2024-06-30T16:34:10Z" changeset="153376372" uid="13078383" user="Keith Barnett">
    <nd ref="3156058131"/>
    <nd ref="3156058132"/>
    <nd ref="3156058114"/>
    <nd ref="3156058112"/>
    <nd ref="3156058126"/>
    <nd ref="3156058124"/>
    <nd ref="3156058133"/>
    <nd ref="3156058134"/>
    <nd ref="3156058131"/>
    <tag k="addr:housenumber" v="2"/>
    <tag k="addr:street" v="Cedar Crescent"/>
    <tag k="building" v="residential"/>
  </way>
  <way id="310210033" version="3" timestamp="2024-06-30T16:39:10Z" changeset="153376372" uid="13078383" user="Keith Barnett">
    <nd ref="3156058130"/>
    <nd ref="3156058120"/>
    <nd ref="3156058118"/>
    <nd ref="3156058115"/>
    <nd ref="3156058113"/>
    <nd ref="3156058122"/>
    <nd ref="3156058121"/>
    <nd ref="3156058128"/>
    <nd ref="3156058129"/>
    <nd ref="3156058130"/>
    <tag k="addr:housenumber" v="21"/>
    <tag k="addr:street" v="Elm Tree Close"/>
    <tag k="building" v="residential"/>
  </way>
  <way id="310211099" version="3" timestamp="2024-06-30T16:23:53Z" changeset="153376372" uid="13078383" user="Keith Barnett">
    <nd ref="3156069103"/>
    <nd ref="3156069096"/>
    <nd ref="3156069095"/>
    <nd ref="3156069094"/>
    <nd ref="3156069098"/>
    <nd ref="3156069097"/>
    <nd ref="3156069107"/>
    <nd ref="3156069108"/>
    <nd ref="3156069109"/>
    <nd ref="3156069101"/>
    <nd ref="3156069103"/>
    <tag k="addr:housenumber" v="32"/>
    <tag k="addr:street" v="Sycamore Road"/>
    <tag k="building" v="residential"/>
  </way>
  <way id="310211107" version="3" timestamp="2024-06-30T16:22:23Z" changeset="153376372" uid="13078383" user="Keith Barnett">
    <nd ref="3156069122"/>
    <nd ref="3156069123"/>
    <nd ref="3156069106"/>
    <nd ref="3156069105"/>
    <nd ref="3156069122"/>
    <tag k="addr:housenumber" v="2"/>
    <tag k="addr:street" v="Laburnum Close"/>
    <tag k="building" v="residential"/>
  </way>
  <way id="310211110" version="3" timestamp="2024-06-30T16:33:57Z" changeset="153376372" uid="13078383" user="Keith Barnett">
    <nd ref="3156068976"/>
    <nd ref="3156068971"/>
    <nd ref="3156068969"/>
    <nd ref="3156068984"/>
    <nd ref="3156068987"/>
    <nd ref="3156068976"/>
    <tag k="addr:housenumber" v="1"/>
    <tag k="addr:street" v="Cedar Crescent"/>
    <tag k="building" v="residential"/>
  </way>
  <way id="310211113" version="3" timestamp="2024-06-30T16:22:12Z" changeset="153376372" uid="13078383" user="Keith Barnett">
    <nd ref="3156069127"/>
    <nd ref="3156069129"/>
    <nd ref="3156069115"/>
    <nd ref="3156069113"/>
    <nd ref="3156069116"/>
    <nd ref="3156069114"/>
    <nd ref="3156069127"/>
    <tag k="addr:housenumber" v="6"/>
    <tag k="addr:street" v="Laburnum Close"/>
    <tag k="building" v="residential"/>
  </way>
  <way id="310211114" version="3" timestamp="2024-06-30T16:33:56Z" changeset="153376372" uid="13078383" user="Keith Barnett">
    <nd ref="3156068987"/>
    <nd ref="3156068989"/>
    <nd ref="3156068975"/>
    <nd ref="3156068973"/>
    <nd ref="3156068977"/>
    <nd ref="3156068976"/>
    <nd ref="3156068987"/>
    <tag k="addr:housenumber" v="3"/>
    <tag k="addr:street" v="Cedar Crescent"/>
    <tag k="building" v="residential"/>
  </way>
  <way id="310211115" version="3" timestamp="2024-06-30T16:21:25Z" changeset="153376372" uid="13078383" user="Keith Barnett">
    <nd ref="3156069129"/>
    <nd ref="3156069130"/>
    <nd ref="3156069124"/>
    <nd ref="3156069126"/>
    <nd ref="3156069118"/>
    <nd ref="3156069115"/>
    <nd ref="3156069129"/>
    <tag k="addr:housenumber" v="8"/>
    <tag k="addr:street" v="Laburnum Close"/>
    <tag k="building" v="residential"/>
  </way>
  <way id="310211122" version="3" timestamp="2024-06-30T16:23:51Z" changeset="153376372" uid="13078383" user="Keith Barnett">
    <nd ref="3156069128"/>
    <nd ref="3156069131"/>
    <nd ref="3156069117"/>
    <nd ref="3156069119"/>
    <nd ref="3156069111"/>
    <nd ref="3156069109"/>
    <nd ref="3156069108"/>
    <nd ref="3156069120"/>
    <nd ref="3156069121"/>
    <nd ref="3156069128"/>
    <tag k="addr:housenumber" v="34"/>
    <tag k="addr:street" v="Sycamore Road"/>
    <tag k="building" v="residential"/>
  </way>
  <way id="310211123" version="3" timestamp="2024-06-30T16:22:14Z" changeset="153376372" uid="13078383" user="Keith Barnett">
    <nd ref="3156069123"/>
    <nd ref="3156069125"/>
    <nd ref="3156069110"/>
    <nd ref="3156069112"/>
    <nd ref="3156069100"/>
    <nd ref="3156069099"/>
    <nd ref="3156069104"/>
    <nd ref="3156069102"/>
    <nd ref="3156069106"/>
    <nd ref="3156069123"/>
    <tag k="addr:housenumber" v="4"/>
    <tag k="addr:street" v="Laburnum Close"/>
    <tag k="building" v="residential"/>
  </way>
  <way id="310213081" version="2" timestamp="2014-12-04T01:09:41Z" changeset="27216254" uid="735" user="blackadder">
    <nd ref="3156087296"/>
    <nd ref="3156087295"/>
    <nd ref="3156087298"/>
    <nd ref="3156087297"/>
    <nd ref="3156087300"/>
    <nd ref="3156087301"/>
    <nd ref="3156087305"/>
    <nd ref="3156087306"/>
    <nd ref="3156087307"/>
    <nd ref="3156087304"/>
    <nd ref="3156087303"/>
    <nd ref="3156087296"/>
    <tag k="addr:city" v="Kingsbury"/>
    <tag k="addr:housenumber" v="17"/>
    <tag k="addr:postcode" v="B78 2JR"/>
    <tag k="addr:street" v="Rowan Close"/>
    <tag k="building" v="residential"/>
  </way>
  <way id="310213082" version="2" timestamp="2014-12-04T01:09:37Z" changeset="27216254" uid="735" user="blackadder">
    <nd ref="3156087367"/>
    <nd ref="3156087369"/>
    <nd ref="3156087371"/>
    <nd ref="3156087372"/>
    <nd ref="3156087366"/>
    <nd ref="3156087368"/>
    <nd ref="3156087354"/>
    <nd ref="3156087352"/>
    <nd ref="3156087357"/>
    <nd ref="3156087353"/>
    <nd ref="3156087356"/>
    <nd ref="3156087355"/>
    <nd ref="3156087367"/>
    <tag k="addr:city" v="Kingsbury"/>
    <tag k="addr:housenumber" v="1"/>
    <tag k="addr:postcode" v="B78 2JR"/>
    <tag k="addr:street" v="Rowan Close"/>
    <tag k="building" v="residential"/>
  </way>
  <way id="310213083" version="2" timestamp="2014-12-04T01:09:47Z" changeset="27216254" uid="735" user="blackadder">
    <nd ref="3156087358"/>
    <nd ref="3156087360"/>
    <nd ref="3156087362"/>
    <nd ref="3156087363"/>
    <nd ref="3156087359"/>
    <nd ref="3156087346"/>
    <nd ref="3156087345"/>
    <nd ref="3156087342"/>
    <nd ref="3156087344"/>
    <nd ref="3156087343"/>
    <nd ref="3156087349"/>
    <nd ref="3156087348"/>
    <nd ref="3156087358"/>
    <tag k="addr:city" v="Kingsbury"/>
    <tag k="addr:housenumber" v="5"/>
    <tag k="addr:postcode" v="B78 2JR"/>
    <tag k="addr:street" v="Rowan Close"/>
    <tag k="building" v="residential"/>
  </way>
  <way id="310213084" version="2" timestamp="2014-12-04T01:09:49Z" changeset="27216254" uid="735" user="blackadder">
    <nd ref="3156087337"/>
    <nd ref="3156087336"/>
    <nd ref="3156087332"/>
    <nd ref="3156087335"/>
    <nd ref="3156087337"/>
    <tag k="addr:city" v="Kingsbury"/>
    <tag k="addr:housenumber" v="7"/>
    <tag k="addr:postcode" v="B78 2JR"/>
    <tag k="addr:street" v="Rowan Close"/>
    <tag k="building" v="residential"/>
  </way>
  <way id="310213085" version="2" timestamp="2014-12-04T01:09:40Z" changeset="27216254" uid="735" user="blackadder">
    <nd ref="3156087311"/>
    <nd ref="3156087314"/>
    <nd ref="3156087306"/>
    <nd ref="3156087305"/>
    <nd ref="3156087311"/>
    <tag k="addr:city" v="Kingsbury"/>
    <tag k="addr:housenumber" v="15"/>
    <tag k="addr:postcode" v="B78 2JR"/>
    <tag k="addr:street" v="Rowan Close"/>
    <tag k="building" v="residential"/>
  </way>
  <way id="310213086" version="2" timestamp="2014-12-04T01:09:43Z" changeset="27216254" uid="735" user="blackadder">
    <nd ref="3156087308"/>
    <nd ref="3156087309"/>
    <nd ref="3156087302"/>
    <nd ref="3156087299"/>
    <nd ref="3156087308"/>
    <tag k="addr:city" v="Kingsbury"/>
    <tag k="addr:housenumber" v="27"/>
    <tag k="addr:postcode" v="B78 2JD"/>
    <tag k="addr:street" v="Sycamore Road"/>
    <tag k="building" v="residential"/>
  </way>
  <way id="310213087" version="2" timestamp="2014-12-04T01:09:44Z" changeset="27216254" uid="735" user="blackadder">
    <nd ref="3156087318"/>
    <nd ref="3156087319"/>
    <nd ref="3156087312"/>
    <nd ref="3156087310"/>
    <nd ref="3156087318"/>
    <tag k="addr:city" v="Kingsbury"/>
    <tag k="addr:housenumber" v="29"/>
    <tag k="addr:postcode" v="B78 2JD"/>
    <tag k="addr:street" v="Sycamore Road"/>
    <tag k="building" v="residential"/>
  </way>
  <way id="310213088" version="2" timestamp="2014-12-04T01:09:51Z" changeset="27216254" uid="735" user="blackadder">
    <nd ref="3156087334"/>
    <nd ref="3156087331"/>
    <nd ref="3156087324"/>
    <nd ref="3156087323"/>
    <nd ref="3156087326"/>
    <nd ref="3156087334"/>
    <tag k="addr:city" v="Kingsbury"/>
    <tag k="addr:housenumber" v="9"/>
    <tag k="addr:postcode" v="B78 2JR"/>
    <tag k="addr:street" v="Rowan Close"/>
    <tag k="building" v="residential"/>
  </way>
  <way id="310213090" version="2" timestamp="2014-12-04T01:09:44Z" changeset="27216254" uid="735" user="blackadder">
    <nd ref="3156087322"/>
    <nd ref="3156087330"/>
    <nd ref="3156087333"/>
    <nd ref="3156087329"/>
    <nd ref="3156087328"/>
    <nd ref="3156087327"/>
    <nd ref="3156087322"/>
    <tag k="addr:city" v="Kingsbury"/>
    <tag k="addr:housenumber" v="31"/>
    <tag k="addr:postcode" v="B78 2JD"/>
    <tag k="addr:street" v="Sycamore Road"/>
    <tag k="building" v="residential"/>
  </way>
  <way id="310213091" version="2" timestamp="2014-12-04T01:09:44Z" changeset="27216254" uid="735" user="blackadder">
    <nd ref="3156087359"/>
    <nd ref="3156087361"/>
    <nd ref="3156087365"/>
    <nd ref="3156087370"/>
    <nd ref="3156087367"/>
    <nd ref="3156087355"/>
    <nd ref="3156087351"/>
    <nd ref="3156087346"/>
    <nd ref="3156087359"/>
    <tag k="addr:city" v="Kingsbury"/>
    <tag k="addr:housenumber" v="3"/>
    <tag k="addr:postcode" v="B78 2JR"/>
    <tag k="addr:street" v="Rowan Close"/>
    <tag k="building" v="residential"/>
  </way>
  <way id="310213092" version="2" timestamp="2014-12-04T01:09:38Z" changeset="27216254" uid="735" user="blackadder">
    <nd ref="3156087323"/>
    <nd ref="3156087324"/>
    <nd ref="3156087325"/>
    <nd ref="3156087317"/>
    <nd ref="3156087316"/>
    <nd ref="3156087315"/>
    <nd ref="3156087313"/>
    <nd ref="3156087320"/>
    <nd ref="3156087321"/>
    <nd ref="3156087323"/>
    <tag k="addr:city" v="Kingsbury"/>
    <tag k="addr:housenumber" v="11"/>
    <tag k="addr:postcode" v="B78 2JR"/>
    <tag k="addr:street" v="Rowan Close"/>
    <tag k="building" v="residential"/>
  </way>
  <way id="310217035" version="3" timestamp="2024-06-30T16:47:51Z" changeset="153376372" uid="13078383" user="Keith Barnett">
    <nd ref="3156124380"/>
    <nd ref="3156124385"/>
    <nd ref="3156124386"/>
    <nd ref="3156124381"/>
    <nd ref="3156124378"/>
    <nd ref="3156124370"/>
    <nd ref="3156122660"/>
    <nd ref="3156122659"/>
    <nd ref="3156124368"/>
    <nd ref="3156124376"/>
    <nd ref="3156124380"/>
    <tag k="addr:housenumber" v="4"/>
    <tag k="addr:street" v="Oak Tree Close"/>
    <tag k="building" v="residential"/>
  </way>
  <way id="310217038" version="5" timestamp="2024-06-30T16:26:14Z" changeset="153376372" uid="13078383" user="Keith Barnett">
    <nd ref="3156124537"/>
    <nd ref="3156124535"/>
    <nd ref="3156124532"/>
    <nd ref="3156124529"/>
    <nd ref="3156124527"/>
    <nd ref="3156124541"/>
    <nd ref="3156124543"/>
    <nd ref="3156124553"/>
    <nd ref="3156124559"/>
    <nd ref="3156124557"/>
    <nd ref="3156124537"/>
    <tag k="addr:housenumber" v="2"/>
    <tag k="addr:street" v="Chestnut Close"/>
    <tag k="building" v="residential"/>
  </way>
  <way id="310217039" version="3" timestamp="2024-06-30T16:29:49Z" changeset="153376372" uid="13078383" user="Keith Barnett">
    <nd ref="3156124766"/>
    <nd ref="3156124767"/>
    <nd ref="3156124772"/>
    <nd ref="3156124774"/>
    <nd ref="3156124761"/>
    <nd ref="3156124762"/>
    <nd ref="3156124740"/>
    <nd ref="3156124738"/>
    <nd ref="3156124747"/>
    <nd ref="3156124746"/>
    <nd ref="3156124766"/>
    <tag k="addr:housenumber" v="22"/>
    <tag k="addr:street" v="Chestnut Close"/>
    <tag k="building" v="residential"/>
  </way>
  <way id="310217042" version="2" timestamp="2014-12-04T01:09:40Z" changeset="27216254" uid="735" user="blackadder">
    <nd ref="3156124705"/>
    <nd ref="3156124706"/>
    <nd ref="3156124693"/>
    <nd ref="3156124691"/>
    <nd ref="3156124687"/>
    <nd ref="3156124683"/>
    <nd ref="3156124690"/>
    <nd ref="3156124692"/>
    <nd ref="3156124698"/>
    <nd ref="3156124695"/>
    <nd ref="3156124701"/>
    <nd ref="3156124705"/>
    <tag k="addr:city" v="Kingsbury"/>
    <tag k="addr:housenumber" v="15"/>
    <tag k="addr:postcode" v="B78 2JD"/>
    <tag k="addr:street" v="Sycamore Road"/>
    <tag k="building" v="residential"/>
  </way>
  <way id="310217044" version="3" timestamp="2024-06-30T17:30:58Z" changeset="153376372" uid="13078383" user="Keith Barnett">
    <nd ref="3156124734"/>
    <nd ref="3156124739"/>
    <nd ref="3156124736"/>
    <nd ref="3156124737"/>
    <nd ref="3156124745"/>
    <nd ref="3156124748"/>
    <nd ref="3156124744"/>
    <nd ref="3156124720"/>
    <nd ref="3156124714"/>
    <nd ref="3156124719"/>
    <nd ref="3156124717"/>
    <nd ref="3156124734"/>
    <tag k="addr:housenumber" v="26"/>
    <tag k="addr:street" v="Chestnut Close"/>
    <tag k="building" v="residential"/>
  </way>
  <way id="310217047" version="3" timestamp="2024-06-30T16:29:20Z" changeset="153376372" uid="13078383" user="Keith Barnett">
    <nd ref="3156124538"/>
    <nd ref="3156124546"/>
    <nd ref="3156124558"/>
    <nd ref="3156124664"/>
    <nd ref="3156124661"/>
    <nd ref="3156124539"/>
    <nd ref="3156124534"/>
    <nd ref="3156124531"/>
    <nd ref="3156124524"/>
    <nd ref="3156124519"/>
    <nd ref="3156124525"/>
    <nd ref="3156124521"/>
    <nd ref="3156124538"/>
    <tag k="addr:housenumber" v="15"/>
    <tag k="addr:street" v="Chestnut Close"/>
    <tag k="building" v="residential"/>
  </way>
  <way id="310217049" version="3" timestamp="2024-06-30T17:30:55Z" changeset="153376372" uid="13078383" user="Keith Barnett">
    <nd ref="3156124744"/>
    <nd ref="3156124749"/>
    <nd ref="3156124731"/>
    <nd ref="3156124720"/>
    <nd ref="3156124744"/>
    <tag k="addr:housenumber" v="24"/>
    <tag k="addr:street" v="Chestnut Close"/>
    <tag k="building" v="residential"/>
  </way>
  <way id="310217051" version="3" timestamp="2024-06-30T16:47:14Z" changeset="153376372" uid="13078383" user="Keith Barnett">
    <nd ref="3156124476"/>
    <nd ref="3156124481"/>
    <nd ref="3156124466"/>
    <nd ref="3156124462"/>
    <nd ref="3156124476"/>
    <tag k="addr:housenumber" v="26"/>
    <tag k="addr:street" v="Oak Tree Close"/>
    <tag k="building" v="residential"/>
  </way>
  <way id="310217052" version="3" timestamp="2024-06-30T16:29:55Z" changeset="153376372" uid="13078383" user="Keith Barnett">
    <nd ref="3156124762"/>
    <nd ref="3156124763"/>
    <nd ref="3156124742"/>
    <nd ref="3156124740"/>
    <nd ref="3156124762"/>
    <tag k="addr:housenumber" v="20"/>
    <tag k="addr:street" v="Chestnut Close"/>
    <tag k="building" v="residential"/>
  </way>
  <way id="310217053" version="3" timestamp="2024-06-30T16:46:48Z" changeset="153376372" uid="13078383" user="Keith Barnett">
    <nd ref="3156124507"/>
    <nd ref="3156124511"/>
    <nd ref="3156124500"/>
    <nd ref="3156124493"/>
    <nd ref="3156124507"/>
    <tag k="addr:housenumber" v="18"/>
    <tag k="addr:street" v="Oak Tree Close"/>
    <tag k="building" v="residential"/>
  </way>
  <way id="310217056" version="3" timestamp="2024-06-30T16:46:44Z" changeset="153376372" uid="13078383" user="Keith Barnett">
    <nd ref="3156124507"/>
    <nd ref="3156124493"/>
    <nd ref="3156124485"/>
    <nd ref="3156124503"/>
    <nd ref="3156124507"/>
    <tag k="addr:housenumber" v="20"/>
    <tag k="addr:street" v="Oak Tree Close"/>
    <tag k="building" v="residential"/>
  </way>
  <way id="310217057" version="3" timestamp="2024-06-30T16:46:56Z" changeset="153376372" uid="13078383" user="Keith Barnett">
    <nd ref="3156124494"/>
    <nd ref="3156124502"/>
    <nd ref="3156124484"/>
    <nd ref="3156124477"/>
    <nd ref="3156124494"/>
    <tag k="addr:housenumber" v="22"/>
    <tag k="addr:street" v="Oak Tree Close"/>
    <tag k="building" v="residential"/>
  </way>
  <way id="310217058" version="3" timestamp="2024-06-30T16:29:36Z" changeset="153376372" uid="13078383" user="Keith Barnett">
    <nd ref="3156124699"/>
    <nd ref="3156124704"/>
    <nd ref="3156124688"/>
    <nd ref="3156124684"/>
    <nd ref="3156124699"/>
    <tag k="addr:housenumber" v="32"/>
    <tag k="addr:street" v="Chestnut Close"/>
    <tag k="building" v="residential"/>
  </way>
  <way id="310217059" version="3" timestamp="2024-06-30T16:46:59Z" changeset="153376372" uid="13078383" user="Keith Barnett">
    <nd ref="3156124494"/>
    <nd ref="3156124477"/>
    <nd ref="3156124468"/>
    <nd ref="3156124487"/>
    <nd ref="3156124494"/>
    <tag k="addr:housenumber" v="24"/>
    <tag k="addr:street" v="Oak Tree Close"/>
    <tag k="building" v="residential"/>
  </way>
  <way id="310217060" version="3" timestamp="2024-06-30T16:29:47Z" changeset="153376372" uid="13078383" user="Keith Barnett">
    <nd ref="3156124711"/>
    <nd ref="3156124718"/>
    <nd ref="3156124700"/>
    <nd ref="3156124694"/>
    <nd ref="3156124711"/>
    <tag k="addr:housenumber" v="30"/>
    <tag k="addr:street" v="Chestnut Close"/>
    <tag k="building" v="residential"/>
  </way>
  <way id="310217061" version="3" timestamp="2024-06-30T16:46:02Z" changeset="153376372" uid="13078383" user="Keith Barnett">
    <nd ref="3156124444"/>
    <nd ref="3156124438"/>
    <nd ref="3156124425"/>
    <nd ref="3156124434"/>
    <nd ref="3156124444"/>
    <tag k="addr:housenumber" v="12"/>
    <tag k="addr:street" v="Oak Tree Close"/>
    <tag k="building" v="residential"/>
  </way>
  <way id="310217063" version="3" timestamp="2024-06-30T16:46:00Z" changeset="153376372" uid="13078383" user="Keith Barnett">
    <nd ref="3156124453"/>
    <nd ref="3156124461"/>
    <nd ref="3156124455"/>
    <nd ref="3156124447"/>
    <nd ref="3156124453"/>
    <tag k="addr:housenumber" v="16"/>
    <tag k="addr:street" v="Oak Tree Close"/>
    <tag k="building" v="residential"/>
  </way>
  <way id="310217064" version="3" timestamp="2024-06-30T16:47:16Z" changeset="153376372" uid="13078383" user="Keith Barnett">
    <nd ref="3156124476"/>
    <nd ref="3156124462"/>
    <nd ref="3156124459"/>
    <nd ref="3156124467"/>
    <nd ref="3156124476"/>
    <tag k="addr:housenumber" v="28"/>
    <tag k="addr:street" v="Oak Tree Close"/>
    <tag k="building" v="residential"/>
  </way>
  <way id="310217067" version="3" timestamp="2024-06-30T16:30:48Z" changeset="153376372" uid="13078383" user="Keith Barnett">
    <nd ref="3156124504"/>
    <nd ref="3156124508"/>
    <nd ref="3156124492"/>
    <nd ref="3156124480"/>
    <nd ref="3156124489"/>
    <nd ref="3156124504"/>
    <tag k="addr:housenumber" v="5"/>
    <tag k="addr:street" v="Chestnut Close"/>
    <tag k="building" v="residential"/>
  </way>
  <way id="310217068" version="3" timestamp="2024-06-30T16:30:46Z" changeset="153376372" uid="13078383" user="Keith Barnett">
    <nd ref="3156124491"/>
    <nd ref="3156124495"/>
    <nd ref="3156124482"/>
    <nd ref="3156124478"/>
    <nd ref="3156124471"/>
    <nd ref="3156124491"/>
    <tag k="addr:housenumber" v="7"/>
    <tag k="addr:street" v="Chestnut Close"/>
    <tag k="building" v="residential"/>
  </way>
  <way id="310217069" version="3" timestamp="2024-06-30T17:30:54Z" changeset="153376372" uid="13078383" user="Keith Barnett">
    <nd ref="3156124715"/>
    <nd ref="3156124716"/>
    <nd ref="3156124697"/>
    <nd ref="3156124696"/>
    <nd ref="3156124703"/>
    <nd ref="3156124702"/>
    <nd ref="3156124715"/>
    <tag k="addr:housenumber" v="14"/>
    <tag k="addr:street" v="Chestnut Close"/>
    <tag k="building" v="residential"/>
  </way>
  <way id="310217070" version="3" timestamp="2024-06-30T16:29:38Z" changeset="153376372" uid="13078383" user="Keith Barnett">
    <nd ref="3156124689"/>
    <nd ref="3156124699"/>
    <nd ref="3156124684"/>
    <nd ref="3156124677"/>
    <nd ref="3156124682"/>
    <nd ref="3156124676"/>
    <nd ref="3156124689"/>
    <tag k="addr:housenumber" v="34"/>
    <tag k="addr:street" v="Chestnut Close"/>
    <tag k="building" v="residential"/>
  </way>
  <way id="310217071" version="3" timestamp="2024-06-30T17:31:00Z" changeset="153376372" uid="13078383" user="Keith Barnett">
    <nd ref="3156124741"/>
    <nd ref="3156124730"/>
    <nd ref="3156124729"/>
    <nd ref="3156124721"/>
    <nd ref="3156124722"/>
    <nd ref="3156124743"/>
    <nd ref="3156124741"/>
    <tag k="addr:housenumber" v="16"/>
    <tag k="addr:street" v="Chestnut Close"/>
    <tag k="building" v="residential"/>
  </way>
  <way id="310217072" version="5" timestamp="2024-06-30T16:31:17Z" changeset="153376372" uid="13078383" user="Keith Barnett">
    <nd ref="3156124557"/>
    <nd ref="3156124560"/>
    <nd ref="3156124666"/>
    <nd ref="3156124669"/>
    <nd ref="3156124544"/>
    <nd ref="3156124537"/>
    <nd ref="3156124557"/>
    <tag k="addr:housenumber" v="13"/>
    <tag k="addr:street" v="Sycamore Road"/>
    <tag k="building" v="residential"/>
  </way>
  <way id="310217073" version="3" timestamp="2024-06-30T16:29:17Z" changeset="153376372" uid="13078383" user="Keith Barnett">
    <nd ref="3156124661"/>
    <nd ref="3156124665"/>
    <nd ref="3156124670"/>
    <nd ref="3156124675"/>
    <nd ref="3156124556"/>
    <nd ref="3156124539"/>
    <nd ref="3156124661"/>
    <tag k="addr:housenumber" v="13"/>
    <tag k="addr:street" v="Chestnut Close"/>
    <tag k="building" v="residential"/>
  </way>
  <way id="310217074" version="3" timestamp="2024-06-30T16:26:24Z" changeset="153376372" uid="13078383" user="Keith Barnett">
    <nd ref="3156124536"/>
    <nd ref="3156124540"/>
    <nd ref="3156124526"/>
    <nd ref="3156124522"/>
    <nd ref="3156124520"/>
    <nd ref="3156124518"/>
    <nd ref="3156124536"/>
    <tag k="addr:housenumber" v="6"/>
    <tag k="addr:street" v="Chestnut Close"/>
    <tag k="building" v="residential"/>
  </way>
  <way id="310217076" version="3" timestamp="2024-06-30T17:30:55Z" changeset="153376372" uid="13078383" user="Keith Barnett">
    <nd ref="3156124764"/>
    <nd ref="3156124765"/>
    <nd ref="3156124743"/>
    <nd ref="3156124741"/>
    <nd ref="3156124752"/>
    <nd ref="3156124751"/>
    <nd ref="3156124764"/>
    <tag k="addr:housenumber" v="18"/>
    <tag k="addr:street" v="Chestnut Close"/>
    <tag k="building" v="residential"/>
  </way>
  <way id="310217077" version="3" timestamp="2024-06-30T16:30:43Z" changeset="153376372" uid="13078383" user="Keith Barnett">
    <nd ref="3156124479"/>
    <nd ref="3156124490"/>
    <nd ref="3156124483"/>
    <nd ref="3156124491"/>
    <nd ref="3156124471"/>
    <nd ref="3156124463"/>
    <nd ref="3156124479"/>
    <tag k="addr:housenumber" v="9"/>
    <tag k="addr:street" v="Chestnut Close"/>
    <tag k="building" v="residential"/>
  </way>
  <way id="310217078" version="3" timestamp="2024-06-30T16:45:56Z" changeset="153376372" uid="13078383" user="Keith Barnett">
    <nd ref="3156124442"/>
    <nd ref="3156124450"/>
    <nd ref="3156124448"/>
    <nd ref="3156124451"/>
    <nd ref="3156124445"/>
    <nd ref="3156124444"/>
    <nd ref="3156124434"/>
    <nd ref="3156124442"/>
    <tag k="addr:housenumber" v="14"/>
    <tag k="addr:street" v="Oak Tree Close"/>
    <tag k="building" v="residential"/>
  </way>
  <way id="310217079" version="3" timestamp="2024-06-30T16:30:58Z" changeset="153376372" uid="13078383" user="Keith Barnett">
    <nd ref="3156124514"/>
    <nd ref="3156124513"/>
    <nd ref="3156124512"/>
    <nd ref="3156124509"/>
    <nd ref="3156124497"/>
    <nd ref="3156124499"/>
    <nd ref="3156124501"/>
    <nd ref="3156124514"/>
    <tag k="addr:housenumber" v="1"/>
    <tag k="addr:street" v="Chestnut Close"/>
    <tag k="building" v="residential"/>
  </way>
  <way id="310217080" version="3" timestamp="2024-06-30T17:30:54Z" changeset="153376372" uid="13078383" user="Keith Barnett">
    <nd ref="3156124697"/>
    <nd ref="3156124681"/>
    <nd ref="3156124680"/>
    <nd ref="3156124679"/>
    <nd ref="3156124685"/>
    <nd ref="3156124686"/>
    <nd ref="3156124696"/>
    <nd ref="3156124697"/>
    <tag k="addr:housenumber" v="12"/>
    <tag k="addr:street" v="Chestnut Close"/>
    <tag k="building" v="residential"/>
  </way>
  <way id="310217081" version="3" timestamp="2024-06-30T16:29:22Z" changeset="153376372" uid="13078383" user="Keith Barnett">
    <nd ref="3156124542"/>
    <nd ref="3156124552"/>
    <nd ref="3156124538"/>
    <nd ref="3156124521"/>
    <nd ref="3156124517"/>
    <nd ref="3156124528"/>
    <nd ref="3156124533"/>
    <nd ref="3156124542"/>
    <tag k="addr:housenumber" v="17"/>
    <tag k="addr:street" v="Chestnut Close"/>
    <tag k="building" v="residential"/>
  </way>
  <way id="310217082" version="3" timestamp="2024-06-30T16:30:15Z" changeset="153376372" uid="13078383" user="Keith Barnett">
    <nd ref="3156124668"/>
    <nd ref="3156124548"/>
    <nd ref="3156124547"/>
    <nd ref="3156124555"/>
    <nd ref="3156124554"/>
    <nd ref="3156124662"/>
    <nd ref="3156124663"/>
    <nd ref="3156124667"/>
    <nd ref="3156124668"/>
    <tag k="addr:housenumber" v="8"/>
    <tag k="addr:street" v="Chestnut Close"/>
    <tag k="building" v="residential"/>
  </way>
  <way id="310217084" version="3" timestamp="2024-06-30T16:26:16Z" changeset="153376372" uid="13078383" user="Keith Barnett">
    <nd ref="3156124540"/>
    <nd ref="3156124549"/>
    <nd ref="3156124551"/>
    <nd ref="3156124545"/>
    <nd ref="3156124550"/>
    <nd ref="3156124530"/>
    <nd ref="3156124523"/>
    <nd ref="3156124526"/>
    <nd ref="3156124540"/>
    <tag k="addr:housenumber" v="4"/>
    <tag k="addr:street" v="Chestnut Close"/>
    <tag k="building" v="residential"/>
  </way>
  <way id="310217085" version="3" timestamp="2024-06-30T16:47:47Z" changeset="153376372" uid="13078383" user="Keith Barnett">
    <nd ref="3156124431"/>
    <nd ref="3156124424"/>
    <nd ref="3156124417"/>
    <nd ref="3156124405"/>
    <nd ref="3156124395"/>
    <nd ref="3156124404"/>
    <nd ref="3156124410"/>
    <nd ref="3156124419"/>
    <nd ref="3156124431"/>
    <tag k="addr:housenumber" v="8"/>
    <tag k="addr:street" v="Oak Tree Close"/>
    <tag k="building" v="residential"/>
  </way>
  <way id="310217086" version="2" timestamp="2014-12-04T01:09:42Z" changeset="27216254" uid="735" user="blackadder">
    <nd ref="3156124753"/>
    <nd ref="3156124755"/>
    <nd ref="3156124735"/>
    <nd ref="3156124732"/>
    <nd ref="3156124726"/>
    <nd ref="3156124724"/>
    <nd ref="3156124723"/>
    <nd ref="3156124750"/>
    <nd ref="3156124753"/>
    <tag k="addr:city" v="Kingsbury"/>
    <tag k="addr:housenumber" v="19"/>
    <tag k="addr:postcode" v="B78 2JD"/>
    <tag k="addr:street" v="Sycamore Road"/>
    <tag k="building" v="residential"/>
  </way>
  <way id="310217087" version="3" timestamp="2024-06-30T16:30:51Z" changeset="153376372" uid="13078383" user="Keith Barnett">
    <nd ref="3156124508"/>
    <nd ref="3156124515"/>
    <nd ref="3156124510"/>
    <nd ref="3156124516"/>
    <nd ref="3156124506"/>
    <nd ref="3156124505"/>
    <nd ref="3156124498"/>
    <nd ref="3156124492"/>
    <nd ref="3156124508"/>
    <tag k="addr:housenumber" v="3"/>
    <tag k="addr:street" v="Chestnut Close"/>
    <tag k="building" v="residential"/>
  </way>
  <way id="310217089" version="2" timestamp="2014-12-04T01:09:43Z" changeset="27216254" uid="735" user="blackadder">
    <nd ref="3156124791"/>
    <nd ref="3156124792"/>
    <nd ref="3156124790"/>
    <nd ref="3156124787"/>
    <nd ref="3156124785"/>
    <nd ref="3156124784"/>
    <nd ref="3156124783"/>
    <nd ref="3156124788"/>
    <nd ref="3156124789"/>
    <nd ref="3156124791"/>
    <tag k="addr:city" v="Kingsbury"/>
    <tag k="addr:housenumber" v="25"/>
    <tag k="addr:postcode" v="B78 2JD"/>
    <tag k="addr:street" v="Sycamore Road"/>
    <tag k="building" v="residential"/>
  </way>
  <way id="310217091" version="3" timestamp="2024-06-30T16:47:49Z" changeset="153376372" uid="13078383" user="Keith Barnett">
    <nd ref="3156124388"/>
    <nd ref="3156124401"/>
    <nd ref="3156124398"/>
    <nd ref="3156124399"/>
    <nd ref="3156124390"/>
    <nd ref="3156124386"/>
    <nd ref="3156124385"/>
    <nd ref="3156124387"/>
    <nd ref="3156124379"/>
    <nd ref="3156124388"/>
    <tag k="addr:housenumber" v="6"/>
    <tag k="addr:street" v="Oak Tree Close"/>
    <tag k="building" v="residential"/>
  </way>
  <way id="310217094" version="3" timestamp="2024-06-30T16:47:52Z" changeset="153376372" uid="13078383" user="Keith Barnett">
    <nd ref="3156124370"/>
    <nd ref="3156124371"/>
    <nd ref="3156124367"/>
    <nd ref="3156124364"/>
    <nd ref="3156122648"/>
    <nd ref="3156122641"/>
    <nd ref="3156122653"/>
    <nd ref="3156122656"/>
    <nd ref="3156122660"/>
    <nd ref="3156124370"/>
    <tag k="addr:housenumber" v="2"/>
    <tag k="addr:street" v="Oak Tree Close"/>
    <tag k="building" v="residential"/>
  </way>
  <way id="310217096" version="2" timestamp="2014-12-04T01:09:41Z" changeset="27216254" uid="735" user="blackadder">
    <nd ref="3156124726"/>
    <nd ref="3156124728"/>
    <nd ref="3156124712"/>
    <nd ref="3156124708"/>
    <nd ref="3156124705"/>
    <nd ref="3156124701"/>
    <nd ref="3156124709"/>
    <nd ref="3156124710"/>
    <nd ref="3156124724"/>
    <nd ref="3156124726"/>
    <tag k="addr:city" v="Kingsbury"/>
    <tag k="addr:housenumber" v="17"/>
    <tag k="addr:postcode" v="B78 2JD"/>
    <tag k="addr:street" v="Sycamore Road"/>
    <tag k="building" v="residential"/>
  </way>
  <way id="310217097" version="3" timestamp="2024-06-30T16:45:12Z" changeset="153376372" uid="13078383" user="Keith Barnett">
    <nd ref="3156124422"/>
    <nd ref="3156124439"/>
    <nd ref="3156124429"/>
    <nd ref="3156124433"/>
    <nd ref="3156124431"/>
    <nd ref="3156124419"/>
    <nd ref="3156124415"/>
    <nd ref="3156124421"/>
    <nd ref="3156124408"/>
    <nd ref="3156124422"/>
    <tag k="addr:housenumber" v="10"/>
    <tag k="addr:street" v="Oak Tree Close"/>
    <tag k="building" v="residential"/>
  </way>
  <way id="310217099" version="3" timestamp="2024-06-30T16:30:17Z" changeset="153376372" uid="13078383" user="Keith Barnett">
    <nd ref="3156124678"/>
    <nd ref="3156124679"/>
    <nd ref="3156124680"/>
    <nd ref="3156124673"/>
    <nd ref="3156124674"/>
    <nd ref="3156124668"/>
    <nd ref="3156124667"/>
    <nd ref="3156124672"/>
    <nd ref="3156124671"/>
    <nd ref="3156124678"/>
    <tag k="addr:housenumber" v="10"/>
    <tag k="addr:street" v="Chestnut Close"/>
    <tag k="building" v="residential"/>
  </way>
  <way id="310217100" version="3" timestamp="2024-06-30T16:29:45Z" changeset="153376372" uid="13078383" user="Keith Barnett">
    <nd ref="3156124718"/>
    <nd ref="3156124725"/>
    <nd ref="3156124733"/>
    <nd ref="3156124727"/>
    <nd ref="3156124734"/>
    <nd ref="3156124717"/>
    <nd ref="3156124713"/>
    <nd ref="3156124707"/>
    <nd ref="3156124700"/>
    <nd ref="3156124718"/>
    <tag k="addr:housenumber" v="28"/>
    <tag k="addr:street" v="Chestnut Close"/>
    <tag k="building" v="residential"/>
  </way>
  <way id="310217101" version="2" timestamp="2014-12-04T01:09:43Z" changeset="27216254" uid="735" user="blackadder">
    <nd ref="3156124785"/>
    <nd ref="3156124786"/>
    <nd ref="3156124780"/>
    <nd ref="3156124777"/>
    <nd ref="3156124775"/>
    <nd ref="3156124773"/>
    <nd ref="3156124778"/>
    <nd ref="3156124779"/>
    <nd ref="3156124784"/>
    <nd ref="3156124785"/>
    <tag k="addr:city" v="Kingsbury"/>
    <tag k="addr:housenumber" v="23"/>
    <tag k="addr:postcode" v="B78 2JD"/>
    <tag k="addr:street" v="Sycamore Road"/>
    <tag k="building" v="residential"/>
  </way>
  <way id="310217102" version="2" timestamp="2014-12-04T01:09:43Z" changeset="27216254" uid="735" user="blackadder">
    <nd ref="3156124775"/>
    <nd ref="3156124776"/>
    <nd ref="3156124760"/>
    <nd ref="3156124759"/>
    <nd ref="3156124753"/>
    <nd ref="3156124750"/>
    <nd ref="3156124758"/>
    <nd ref="3156124757"/>
    <nd ref="3156124773"/>
    <nd ref="3156124775"/>
    <tag k="addr:city" v="Kingsbury"/>
    <tag k="addr:housenumber" v="21"/>
    <tag k="addr:postcode" v="B78 2JD"/>
    <tag k="addr:street" v="Sycamore Road"/>
    <tag k="building" v="residential"/>
  </way>
  <way id="310219245" version="3" timestamp="2024-06-30T16:43:13Z" changeset="153376372" uid="13078383" user="Keith Barnett">
    <nd ref="3156141522"/>
    <nd ref="3156141518"/>
    <nd ref="3156141519"/>
    <nd ref="3156141517"/>
    <nd ref="3156141521"/>
    <nd ref="3156141512"/>
    <nd ref="3156141502"/>
    <nd ref="3156141505"/>
    <nd ref="3156141497"/>
    <nd ref="3156141515"/>
    <nd ref="3156141522"/>
    <tag k="addr:housenumber" v="18"/>
    <tag k="addr:street" v="Elm Tree Close"/>
    <tag k="building" v="residential"/>
  </way>
  <way id="310219246" version="3" timestamp="2024-06-30T16:48:29Z" changeset="153376372" uid="13078383" user="Keith Barnett">
    <nd ref="3156141541"/>
    <nd ref="3156141555"/>
    <nd ref="3156141547"/>
    <nd ref="3156141548"/>
    <nd ref="3156141543"/>
    <nd ref="3156141537"/>
    <nd ref="3156141533"/>
    <nd ref="3156141538"/>
    <nd ref="3156141527"/>
    <nd ref="3156141530"/>
    <nd ref="3156141526"/>
    <nd ref="3156141536"/>
    <nd ref="3156141534"/>
    <nd ref="3156141541"/>
    <tag k="addr:housenumber" v="4"/>
    <tag k="addr:street" v="Sycamore Road"/>
    <tag k="building" v="residential"/>
  </way>
  <way id="310219249" version="3" timestamp="2024-06-30T16:48:57Z" changeset="153376372" uid="13078383" user="Keith Barnett">
    <nd ref="3156141498"/>
    <nd ref="3156141490"/>
    <nd ref="3156141484"/>
    <nd ref="3156141491"/>
    <nd ref="3156141498"/>
    <tag k="addr:housenumber" v="2a"/>
    <tag k="addr:street" v="Sycamore Road"/>
    <tag k="building" v="residential"/>
  </way>
  <way id="310219250" version="3" timestamp="2024-06-01T16:55:13Z" changeset="152130489" uid="13078383" user="Keith Barnett">
    <nd ref="3156141486"/>
    <nd ref="3156141488"/>
    <nd ref="3156141487"/>
    <nd ref="3156141482"/>
    <nd ref="3156141486"/>
    <tag k="addr:housenumber" v="28"/>
    <tag k="addr:street" v="Tamworth Road"/>
    <tag k="building" v="residential"/>
  </way>
  <way id="310219251" version="3" timestamp="2024-06-30T16:43:27Z" changeset="153376372" uid="13078383" user="Keith Barnett">
    <nd ref="3156141545"/>
    <nd ref="3156141532"/>
    <nd ref="3156141520"/>
    <nd ref="3156141531"/>
    <nd ref="3156141545"/>
    <tag k="addr:housenumber" v="14"/>
    <tag k="addr:street" v="Elm Tree Close"/>
    <tag k="building" v="residential"/>
  </way>
  <way id="310219252" version="3" timestamp="2024-06-01T16:55:07Z" changeset="152130489" uid="13078383" user="Keith Barnett">
    <nd ref="3156141472"/>
    <nd ref="3156141476"/>
    <nd ref="3156141473"/>
    <nd ref="3156141468"/>
    <nd ref="3156141472"/>
    <tag k="addr:housenumber" v="22"/>
    <tag k="addr:street" v="Tamworth Road"/>
    <tag k="building" v="residential"/>
  </way>
  <way id="310219253" version="3" timestamp="2024-06-01T16:51:53Z" changeset="152130489" uid="13078383" user="Keith Barnett">
    <nd ref="3156141477"/>
    <nd ref="3156141480"/>
    <nd ref="3156141478"/>
    <nd ref="3156141474"/>
    <nd ref="3156141477"/>
    <tag k="addr:housenumber" v="24"/>
    <tag k="addr:street" v="Tamworth Road"/>
    <tag k="building" v="residential"/>
  </way>
  <way id="310219255" version="3" timestamp="2024-06-01T16:51:51Z" changeset="152130489" uid="13078383" user="Keith Barnett">
    <nd ref="3156141466"/>
    <nd ref="3156141467"/>
    <nd ref="3156141465"/>
    <nd ref="3156141464"/>
    <nd ref="3156141466"/>
    <tag k="addr:housenumber" v="20"/>
    <tag k="addr:street" v="Tamworth Road"/>
    <tag k="building" v="residential"/>
  </way>
  <way id="310219256" version="3" timestamp="2024-06-30T16:43:26Z" changeset="153376372" uid="13078383" user="Keith Barnett">
    <nd ref="3156141523"/>
    <nd ref="3156141535"/>
    <nd ref="3156141522"/>
    <nd ref="3156141515"/>
    <nd ref="3156141523"/>
    <tag k="addr:housenumber" v="16"/>
    <tag k="addr:street" v="Elm Tree Close"/>
    <tag k="building" v="residential"/>
  </way>
  <way id="310219257" version="3" timestamp="2024-06-30T16:43:41Z" changeset="153376372" uid="13078383" user="Keith Barnett">
    <nd ref="3156141559"/>
    <nd ref="3156142866"/>
    <nd ref="3156142862"/>
    <nd ref="3156141551"/>
    <nd ref="3156141559"/>
    <tag k="addr:housenumber" v="8"/>
    <tag k="addr:street" v="Elm Tree Close"/>
    <tag k="building" v="residential"/>
  </way>
  <way id="310219258" version="3" timestamp="2024-06-01T16:55:18Z" changeset="152130489" uid="13078383" user="Keith Barnett">
    <nd ref="3156141481"/>
    <nd ref="3156141485"/>
    <nd ref="3156141483"/>
    <nd ref="3156141479"/>
    <nd ref="3156141481"/>
    <tag k="addr:housenumber" v="26"/>
    <tag k="addr:street" v="Tamworth Road"/>
    <tag k="building" v="residential"/>
  </way>
  <way id="310219259" version="3" timestamp="2024-06-30T16:43:43Z" changeset="153376372" uid="13078383" user="Keith Barnett">
    <nd ref="3156142862"/>
    <nd ref="3156141552"/>
    <nd ref="3156141544"/>
    <nd ref="3156141551"/>
    <nd ref="3156142862"/>
    <tag k="addr:housenumber" v="10"/>
    <tag k="addr:street" v="Elm Tree Close"/>
    <tag k="building" v="residential"/>
  </way>
  <way id="310219260" version="3" timestamp="2024-06-30T16:43:29Z" changeset="153376372" uid="13078383" user="Keith Barnett">
    <nd ref="3156141540"/>
    <nd ref="3156141553"/>
    <nd ref="3156141545"/>
    <nd ref="3156141531"/>
    <nd ref="3156141528"/>
    <nd ref="3156141540"/>
    <tag k="addr:housenumber" v="12"/>
    <tag k="addr:street" v="Elm Tree Close"/>
    <tag k="building" v="residential"/>
  </way>
  <way id="310219261" version="3" timestamp="2024-06-30T16:49:28Z" changeset="153376372" uid="13078383" user="Keith Barnett">
    <nd ref="3156141506"/>
    <nd ref="3156141513"/>
    <nd ref="3156141500"/>
    <nd ref="3156141495"/>
    <nd ref="3156141493"/>
    <nd ref="3156141506"/>
    <tag k="addr:housenumber" v="2b"/>
    <tag k="addr:street" v="Sycamore Road"/>
    <tag k="building" v="residential"/>
  </way>
  <way id="310219262" version="3" timestamp="2024-06-30T16:49:31Z" changeset="153376372" uid="13078383" user="Keith Barnett">
    <nd ref="3156141524"/>
    <nd ref="3156141509"/>
    <nd ref="3156141500"/>
    <nd ref="3156141513"/>
    <nd ref="3156141516"/>
    <nd ref="3156141524"/>
    <tag k="addr:housenumber" v="2c"/>
    <tag k="addr:street" v="Sycamore Road"/>
    <tag k="building" v="residential"/>
  </way>
  <way id="310219263" version="3" timestamp="2024-06-30T16:44:02Z" changeset="153376372" uid="13078383" user="Keith Barnett">
    <nd ref="3156142879"/>
    <nd ref="3156142875"/>
    <nd ref="3156142877"/>
    <nd ref="3156142869"/>
    <nd ref="3156142861"/>
    <nd ref="3156142871"/>
    <nd ref="3156142879"/>
    <tag k="addr:housenumber" v="6"/>
    <tag k="addr:street" v="Elm Tree Close"/>
    <tag k="building" v="residential"/>
  </way>
  <way id="310219264" version="3" timestamp="2024-06-30T16:44:02Z" changeset="153376372" uid="13078383" user="Keith Barnett">
    <nd ref="3156142878"/>
    <nd ref="3156142881"/>
    <nd ref="3156142884"/>
    <nd ref="3156142879"/>
    <nd ref="3156142871"/>
    <nd ref="3156142873"/>
    <nd ref="3156142872"/>
    <nd ref="3156142878"/>
    <tag k="addr:housenumber" v="4"/>
    <tag k="addr:street" v="Elm Tree Close"/>
    <tag k="building" v="residential"/>
  </way>
  <way id="310219265" version="3" timestamp="2024-06-30T16:48:22Z" changeset="153376372" uid="13078383" user="Keith Barnett">
    <nd ref="3156141511"/>
    <nd ref="3156141508"/>
    <nd ref="3156141510"/>
    <nd ref="3156141504"/>
    <nd ref="3156141501"/>
    <nd ref="3156141496"/>
    <nd ref="3156141494"/>
    <nd ref="3156141503"/>
    <nd ref="3156141511"/>
    <tag k="addr:housenumber" v="2"/>
    <tag k="addr:street" v="Sycamore Road"/>
    <tag k="building" v="residential"/>
  </way>
  <way id="310219267" version="3" timestamp="2024-06-30T16:44:03Z" changeset="153376372" uid="13078383" user="Keith Barnett">
    <nd ref="3156142885"/>
    <nd ref="3156142887"/>
    <nd ref="3156142886"/>
    <nd ref="3156142883"/>
    <nd ref="3156142881"/>
    <nd ref="3156142878"/>
    <nd ref="3156142876"/>
    <nd ref="3156142880"/>
    <nd ref="3156142882"/>
    <nd ref="3156142885"/>
    <tag k="addr:housenumber" v="2"/>
    <tag k="addr:street" v="Elm Tree Close"/>
    <tag k="building" v="residential"/>
  </way>
  <way id="312449052" version="1" timestamp="2014-11-12T16:57:59Z" changeset="26739150" uid="735" user="blackadder">
    <nd ref="3141761540"/>
    <nd ref="3141761534"/>
    <nd ref="3141761538"/>
    <nd ref="3141761527"/>
    <nd ref="3141761531"/>
    <nd ref="3141761521"/>
    <nd ref="3141761533"/>
    <nd ref="3141761547"/>
    <nd ref="3141761546"/>
    <nd ref="3141761540"/>
    <tag k="addr:city" v="Kingsbury"/>
    <tag k="addr:housenumber" v="1"/>
    <tag k="addr:postcode" v="B78 2PA"/>
    <tag k="addr:street" v="The Larches"/>
    <tag k="building" v="residential"/>
  </way>
  <way id="312449053" version="1" timestamp="2014-11-12T16:57:59Z" changeset="26739150" uid="735" user="blackadder">
    <nd ref="3183034775"/>
    <nd ref="3143378012"/>
    <nd ref="3143378011"/>
    <nd ref="3183034774"/>
    <nd ref="3183034775"/>
    <tag k="addr:city" v="Kingsbury"/>
    <tag k="addr:housenumber" v="10"/>
    <tag k="addr:postcode" v="B78 2PG"/>
    <tag k="addr:street" v="The Firs"/>
    <tag k="building" v="residential"/>
  </way>
  <way id="312449055" version="1" timestamp="2014-11-12T16:58:00Z" changeset="26739150" uid="735" user="blackadder">
    <nd ref="3143368552"/>
    <nd ref="3143368560"/>
    <nd ref="3143368555"/>
    <nd ref="3183034812"/>
    <nd ref="3143368552"/>
    <tag k="addr:city" v="Kingsbury"/>
    <tag k="addr:housenumber" v="11"/>
    <tag k="addr:postcode" v="B78 2PB"/>
    <tag k="addr:street" v="Elder Close"/>
    <tag k="building" v="residential"/>
  </way>
  <way id="312449058" version="1" timestamp="2014-11-12T16:58:00Z" changeset="26739150" uid="735" user="blackadder">
    <nd ref="3183034807"/>
    <nd ref="3141761327"/>
    <nd ref="3141761431"/>
    <nd ref="3141761430"/>
    <nd ref="3141761440"/>
    <nd ref="3183034809"/>
    <nd ref="3183034807"/>
    <tag k="addr:city" v="Kingsbury"/>
    <tag k="addr:housenumber" v="14"/>
    <tag k="addr:postcode" v="B78 2PA"/>
    <tag k="addr:street" v="The Larches"/>
    <tag k="building" v="residential"/>
  </way>
  <way id="312449064" version="1" timestamp="2014-11-12T16:58:00Z" changeset="26739150" uid="735" user="blackadder">
    <nd ref="3183034790"/>
    <nd ref="3183034786"/>
    <nd ref="3143381341"/>
    <nd ref="3143381347"/>
    <nd ref="3183034790"/>
    <tag k="addr:city" v="Kingsbury"/>
    <tag k="addr:housenumber" v="15"/>
    <tag k="addr:postcode" v="B78 2PG"/>
    <tag k="addr:street" v="The Firs"/>
    <tag k="building" v="residential"/>
  </way>
  <way id="312449066" version="1" timestamp="2014-11-12T16:58:00Z" changeset="26739150" uid="735" user="blackadder">
    <nd ref="3183034777"/>
    <nd ref="3143378023"/>
    <nd ref="3143378028"/>
    <nd ref="3183034779"/>
    <nd ref="3183034777"/>
    <tag k="addr:city" v="Kingsbury"/>
    <tag k="addr:housenumber" v="16"/>
    <tag k="addr:postcode" v="B78 2PH"/>
    <tag k="addr:street" v="The Laurels"/>
    <tag k="building" v="residential"/>
  </way>
  <way id="312449068" version="1" timestamp="2014-11-12T16:58:00Z" changeset="26739150" uid="735" user="blackadder">
    <nd ref="3183034802"/>
    <nd ref="3183034804"/>
    <nd ref="3143367795"/>
    <nd ref="3143367792"/>
    <nd ref="3143367790"/>
    <nd ref="3183034802"/>
    <tag k="addr:city" v="Kingsbury"/>
    <tag k="addr:housenumber" v="17"/>
    <tag k="addr:postcode" v="B78 2PH"/>
    <tag k="addr:street" v="The Laurels"/>
    <tag k="building" v="residential"/>
  </way>
  <way id="312449070" version="1" timestamp="2014-11-12T16:58:00Z" changeset="26739150" uid="735" user="blackadder">
    <nd ref="3141761484"/>
    <nd ref="3141761482"/>
    <nd ref="3141761471"/>
    <nd ref="3183034813"/>
    <nd ref="3183034814"/>
    <nd ref="3141761484"/>
    <tag k="addr:city" v="Kingsbury"/>
    <tag k="addr:housenumber" v="2"/>
    <tag k="addr:postcode" v="B78 2PA"/>
    <tag k="addr:street" v="The Larches"/>
    <tag k="building" v="residential"/>
  </way>
  <way id="312449071" version="1" timestamp="2014-11-12T16:58:00Z" changeset="26739150" uid="735" user="blackadder">
    <nd ref="3183034797"/>
    <nd ref="3143381388"/>
    <nd ref="3143381396"/>
    <nd ref="3183034798"/>
    <nd ref="3183034797"/>
    <tag k="addr:city" v="Kingsbury"/>
    <tag k="addr:housenumber" v="2"/>
    <tag k="addr:postcode" v="B78 2PH"/>
    <tag k="addr:street" v="The Laurels"/>
    <tag k="building" v="residential"/>
  </way>
  <way id="312449072" version="1" timestamp="2014-11-12T16:58:00Z" changeset="26739150" uid="735" user="blackadder">
    <nd ref="3183034808"/>
    <nd ref="3141761437"/>
    <nd ref="3141761326"/>
    <nd ref="3183034806"/>
    <nd ref="3183034808"/>
    <tag k="addr:city" v="Kingsbury"/>
    <tag k="addr:housenumber" v="20"/>
    <tag k="addr:postcode" v="B78 2PA"/>
    <tag k="addr:street" v="The Larches"/>
    <tag k="building" v="residential"/>
  </way>
  <way id="312449073" version="1" timestamp="2014-11-12T16:58:00Z" changeset="26739150" uid="735" user="blackadder">
    <nd ref="3183034773"/>
    <nd ref="3146211689"/>
    <nd ref="3146211675"/>
    <nd ref="3146211674"/>
    <nd ref="3183034772"/>
    <nd ref="3183034773"/>
    <tag k="addr:city" v="Kingsbury"/>
    <tag k="addr:housenumber" v="22"/>
    <tag k="addr:postcode" v="B78 2PE"/>
    <tag k="addr:street" v="Sorrel Drive"/>
    <tag k="building" v="residential"/>
  </way>
  <way id="312449074" version="1" timestamp="2014-11-12T16:58:00Z" changeset="26739150" uid="735" user="blackadder">
    <nd ref="3183034778"/>
    <nd ref="3183034781"/>
    <nd ref="3143381330"/>
    <nd ref="3143378025"/>
    <nd ref="3183034778"/>
    <tag k="addr:city" v="Kingsbury"/>
    <tag k="addr:housenumber" v="24"/>
    <tag k="addr:postcode" v="B78 2PE"/>
    <tag k="addr:street" v="Sorrel Drive"/>
    <tag k="building" v="residential"/>
  </way>
  <way id="312449075" version="1" timestamp="2014-11-12T16:58:01Z" changeset="26739150" uid="735" user="blackadder">
    <nd ref="3183034799"/>
    <nd ref="3143367782"/>
    <nd ref="3143367784"/>
    <nd ref="3183034800"/>
    <nd ref="3183034799"/>
    <tag k="addr:city" v="Kingsbury"/>
    <tag k="addr:housenumber" v="3"/>
    <tag k="addr:postcode" v="B78 2PH"/>
    <tag k="addr:street" v="The Laurels"/>
    <tag k="building" v="residential"/>
  </way>
  <way id="312449076" version="1" timestamp="2014-11-12T16:58:01Z" changeset="26739150" uid="735" user="blackadder">
    <nd ref="3183034794"/>
    <nd ref="3143381371"/>
    <nd ref="3143381383"/>
    <nd ref="3183034796"/>
    <nd ref="3183034794"/>
    <tag k="addr:city" v="Kingsbury"/>
    <tag k="addr:housenumber" v="33"/>
    <tag k="addr:postcode" v="B78 2PH"/>
    <tag k="addr:street" v="The Laurels"/>
    <tag k="building" v="residential"/>
  </way>
  <way id="312449077" version="1" timestamp="2014-11-12T16:58:01Z" changeset="26739150" uid="735" user="blackadder">
    <nd ref="3183034810"/>
    <nd ref="3183034811"/>
    <nd ref="3143368508"/>
    <nd ref="3143368493"/>
    <nd ref="3183034810"/>
    <tag k="addr:city" v="Kingsbury"/>
    <tag k="addr:housenumber" v="50"/>
    <tag k="addr:postcode" v="B78 2PQ"/>
    <tag k="addr:street" v="Sorrel Drive"/>
    <tag k="building" v="residential"/>
  </way>
  <way id="312449078" version="1" timestamp="2014-11-12T16:58:01Z" changeset="26739150" uid="735" user="blackadder">
    <nd ref="3183034814"/>
    <nd ref="3183034815"/>
    <nd ref="3141761492"/>
    <nd ref="3141761487"/>
    <nd ref="3141761484"/>
    <nd ref="3183034814"/>
    <tag k="addr:city" v="Kingsbury"/>
    <tag k="addr:housenumber" v="54"/>
    <tag k="addr:postcode" v="B78 2PQ"/>
    <tag k="addr:street" v="Sorrel Drive"/>
    <tag k="building" v="residential"/>
  </way>
  <way id="312449079" version="1" timestamp="2014-11-12T16:58:01Z" changeset="26739150" uid="735" user="blackadder">
    <nd ref="3141761546"/>
    <nd ref="3183034820"/>
    <nd ref="3141761548"/>
    <nd ref="3141761537"/>
    <nd ref="3141761540"/>
    <nd ref="3141761546"/>
    <tag k="addr:city" v="Kingsbury"/>
    <tag k="addr:housenumber" v="56"/>
    <tag k="addr:postcode" v="B78 2PQ"/>
    <tag k="addr:street" v="Sorrel Drive"/>
    <tag k="building" v="residential"/>
  </way>
  <way id="312449080" version="1" timestamp="2014-11-12T16:58:01Z" changeset="26739150" uid="735" user="blackadder">
    <nd ref="3183034821"/>
    <nd ref="3183034822"/>
    <nd ref="3141761589"/>
    <nd ref="3141761582"/>
    <nd ref="3183034821"/>
    <tag k="addr:city" v="Kingsbury"/>
    <tag k="addr:housenumber" v="60"/>
    <tag k="addr:postcode" v="B78 2PQ"/>
    <tag k="addr:street" v="Sorrel Drive"/>
    <tag k="building" v="residential"/>
  </way>
  <way id="312449081" version="1" timestamp="2014-11-12T16:58:01Z" changeset="26739150" uid="735" user="blackadder">
    <nd ref="3183034801"/>
    <nd ref="3183034803"/>
    <nd ref="3143367791"/>
    <nd ref="3143367789"/>
    <nd ref="3183034801"/>
    <tag k="addr:city" v="Kingsbury"/>
    <tag k="addr:housenumber" v="7"/>
    <tag k="addr:postcode" v="B78 2PH"/>
    <tag k="addr:street" v="The Laurels"/>
    <tag k="building" v="residential"/>
  </way>
  <way id="312449082" version="1" timestamp="2014-11-12T16:58:01Z" changeset="26739150" uid="735" user="blackadder">
    <nd ref="3183034803"/>
    <nd ref="3183034805"/>
    <nd ref="3143367793"/>
    <nd ref="3143367791"/>
    <nd ref="3183034803"/>
    <tag k="addr:city" v="Kingsbury"/>
    <tag k="addr:housenumber" v="9"/>
    <tag k="addr:postcode" v="B78 2PH"/>
    <tag k="addr:street" v="The Laurels"/>
    <tag k="building" v="residential"/>
  </way>
  <way id="312738303" version="3" timestamp="2024-06-30T17:01:43Z" changeset="153376372" uid="13078383" user="Keith Barnett">
    <nd ref="3186272919"/>
    <nd ref="3186272920"/>
    <nd ref="3186272912"/>
    <nd ref="3186272913"/>
    <nd ref="3186272908"/>
    <nd ref="3186272905"/>
    <nd ref="3186272906"/>
    <nd ref="3186272910"/>
    <nd ref="3186272916"/>
    <nd ref="3186272917"/>
    <nd ref="3186272919"/>
    <tag k="addr:housenumber" v="71"/>
    <tag k="addr:street" v="Tamworth Road"/>
    <tag k="building" v="residential"/>
  </way>
  <way id="312738307" version="3" timestamp="2024-06-30T17:00:59Z" changeset="153376372" uid="13078383" user="Keith Barnett">
    <nd ref="3186272881"/>
    <nd ref="3186272882"/>
    <nd ref="3186272879"/>
    <nd ref="3186272880"/>
    <nd ref="3186272877"/>
    <nd ref="3186272878"/>
    <nd ref="3186272871"/>
    <nd ref="3186272870"/>
    <nd ref="3186272872"/>
    <nd ref="3186272869"/>
    <nd ref="3186272876"/>
    <nd ref="3186272875"/>
    <nd ref="3186272881"/>
    <tag k="addr:housenumber" v="65"/>
    <tag k="addr:street" v="Tamworth Road"/>
    <tag k="building" v="residential"/>
  </way>
  <way id="312738308" version="3" timestamp="2024-06-30T17:01:41Z" changeset="153376372" uid="13078383" user="Keith Barnett">
    <nd ref="3186272905"/>
    <nd ref="3186272902"/>
    <nd ref="3186272894"/>
    <nd ref="3186272896"/>
    <nd ref="3186272900"/>
    <nd ref="3186272901"/>
    <nd ref="3186272895"/>
    <nd ref="3186272897"/>
    <nd ref="3186272890"/>
    <nd ref="3186272892"/>
    <nd ref="3186272898"/>
    <nd ref="3186272899"/>
    <nd ref="3186272908"/>
    <nd ref="3186272905"/>
    <tag k="addr:housenumber" v="69"/>
    <tag k="addr:street" v="Tamworth Road"/>
    <tag k="building" v="residential"/>
  </way>
  <way id="312738310" version="3" timestamp="2024-06-30T16:58:48Z" changeset="153376372" uid="13078383" user="Keith Barnett">
    <nd ref="3186272714"/>
    <nd ref="3186272710"/>
    <nd ref="3186272707"/>
    <nd ref="3186272706"/>
    <nd ref="3186272694"/>
    <nd ref="3186272697"/>
    <nd ref="3186272690"/>
    <nd ref="3186272699"/>
    <nd ref="3186272704"/>
    <nd ref="3186272703"/>
    <nd ref="3186272705"/>
    <nd ref="3186272708"/>
    <nd ref="3186272711"/>
    <nd ref="3186272709"/>
    <nd ref="3186272712"/>
    <nd ref="3186272713"/>
    <nd ref="3186272714"/>
    <tag k="addr:housenumber" v="17-23"/>
    <tag k="addr:street" v="Tamworth Road"/>
    <tag k="building" v="residential"/>
  </way>
  <way id="312738313" version="3" timestamp="2024-06-30T17:08:45Z" changeset="153376372" uid="13078383" user="Keith Barnett">
    <nd ref="3186272966"/>
    <nd ref="3186272973"/>
    <nd ref="3186272954"/>
    <nd ref="3186272947"/>
    <nd ref="3186272966"/>
    <tag k="addr:housenumber" v="1"/>
    <tag k="addr:street" v="Barlow Court"/>
    <tag k="building" v="residential"/>
  </way>
  <way id="312738316" version="3" timestamp="2024-06-30T17:08:53Z" changeset="153376372" uid="13078383" user="Keith Barnett">
    <nd ref="3186272929"/>
    <nd ref="3186272926"/>
    <nd ref="3186272935"/>
    <nd ref="3186272936"/>
    <nd ref="3186272929"/>
    <tag k="addr:housenumber" v="5"/>
    <tag k="addr:street" v="Barlow Court"/>
    <tag k="building" v="residential"/>
  </way>
  <way id="312738321" version="3" timestamp="2024-06-30T17:08:41Z" changeset="153376372" uid="13078383" user="Keith Barnett">
    <nd ref="3186272955"/>
    <nd ref="3186272961"/>
    <nd ref="3186272945"/>
    <nd ref="3186272938"/>
    <nd ref="3186272955"/>
    <tag k="addr:housenumber" v="3"/>
    <tag k="addr:street" v="Barlow Court"/>
    <tag k="building" v="residential"/>
  </way>
  <way id="312738325" version="3" timestamp="2024-06-30T17:08:54Z" changeset="153376372" uid="13078383" user="Keith Barnett">
    <nd ref="3186272932"/>
    <nd ref="3186272929"/>
    <nd ref="3186272936"/>
    <nd ref="3186272940"/>
    <nd ref="3186272932"/>
    <tag k="addr:housenumber" v="4"/>
    <tag k="addr:street" v="Barlow Court"/>
    <tag k="building" v="residential"/>
  </way>
  <way id="312738327" version="3" timestamp="2024-06-30T17:08:43Z" changeset="153376372" uid="13078383" user="Keith Barnett">
    <nd ref="3186272961"/>
    <nd ref="3186272966"/>
    <nd ref="3186272947"/>
    <nd ref="3186272945"/>
    <nd ref="3186272961"/>
    <tag k="addr:housenumber" v="2"/>
    <tag k="addr:street" v="Barlow Court"/>
    <tag k="building" v="residential"/>
  </way>
  <way id="312738338" version="3" timestamp="2024-06-30T16:55:29Z" changeset="153376372" uid="13078383" user="Keith Barnett">
    <nd ref="3186272743"/>
    <nd ref="3186272741"/>
    <nd ref="3186272744"/>
    <nd ref="3186272742"/>
    <nd ref="3186272739"/>
    <nd ref="3186272740"/>
    <nd ref="3186272743"/>
    <tag k="addr:housenumber" v="43"/>
    <tag k="addr:street" v="Tamworth Road"/>
    <tag k="building" v="residential"/>
  </way>
  <way id="312738339" version="3" timestamp="2024-06-30T16:59:33Z" changeset="153376372" uid="13078383" user="Keith Barnett">
    <nd ref="3186272759"/>
    <nd ref="3186272751"/>
    <nd ref="3186272752"/>
    <nd ref="3186272757"/>
    <nd ref="3186272758"/>
    <nd ref="3186272760"/>
    <nd ref="3186272759"/>
    <tag k="addr:housenumber" v="49"/>
    <tag k="addr:street" v="Tamworth Road"/>
    <tag k="building" v="residential"/>
  </way>
  <way id="312738340" version="3" timestamp="2024-06-30T16:55:18Z" changeset="153376372" uid="13078383" user="Keith Barnett">
    <nd ref="3186272734"/>
    <nd ref="3186272733"/>
    <nd ref="3186272736"/>
    <nd ref="3186272735"/>
    <nd ref="3186272731"/>
    <nd ref="3186272732"/>
    <nd ref="3186272734"/>
    <tag k="addr:housenumber" v="39"/>
    <tag k="addr:street" v="Tamworth Road"/>
    <tag k="building" v="residential"/>
  </way>
  <way id="312738354" version="3" timestamp="2024-06-30T16:55:24Z" changeset="153376372" uid="13078383" user="Keith Barnett">
    <nd ref="3186272739"/>
    <nd ref="3186272735"/>
    <nd ref="3186272736"/>
    <nd ref="3186272737"/>
    <nd ref="3186272738"/>
    <nd ref="3186272740"/>
    <nd ref="3186272739"/>
    <tag k="addr:housenumber" v="41"/>
    <tag k="addr:street" v="Tamworth Road"/>
    <tag k="building" v="residential"/>
  </way>
  <way id="312738356" version="3" timestamp="2024-06-30T16:55:34Z" changeset="153376372" uid="13078383" user="Keith Barnett">
    <nd ref="3186272747"/>
    <nd ref="3186272742"/>
    <nd ref="3186272744"/>
    <nd ref="3186272745"/>
    <nd ref="3186272746"/>
    <nd ref="3186272748"/>
    <nd ref="3186272747"/>
    <tag k="addr:housenumber" v="45"/>
    <tag k="addr:street" v="Tamworth Road"/>
    <tag k="building" v="residential"/>
  </way>
  <way id="312738357" version="3" timestamp="2024-06-30T16:55:21Z" changeset="153376372" uid="13078383" user="Keith Barnett">
    <nd ref="3186272731"/>
    <nd ref="3186272727"/>
    <nd ref="3186272728"/>
    <nd ref="3186272729"/>
    <nd ref="3186272730"/>
    <nd ref="3186272732"/>
    <nd ref="3186272731"/>
    <tag k="addr:housenumber" v="37"/>
    <tag k="addr:street" v="Tamworth Road"/>
    <tag k="building" v="residential"/>
  </way>
  <way id="312738364" version="3" timestamp="2024-06-30T16:55:32Z" changeset="153376372" uid="13078383" user="Keith Barnett">
    <nd ref="3186272750"/>
    <nd ref="3186272749"/>
    <nd ref="3186272752"/>
    <nd ref="3186272751"/>
    <nd ref="3186272747"/>
    <nd ref="3186272748"/>
    <nd ref="3186272750"/>
    <tag k="addr:housenumber" v="47"/>
    <tag k="addr:street" v="Tamworth Road"/>
    <tag k="building" v="residential"/>
  </way>
  <way id="312738367" version="3" timestamp="2024-06-30T17:00:48Z" changeset="153376372" uid="13078383" user="Keith Barnett">
    <nd ref="3186272862"/>
    <nd ref="3186272861"/>
    <nd ref="3186272864"/>
    <nd ref="3186272863"/>
    <nd ref="3186272759"/>
    <nd ref="3186272760"/>
    <nd ref="3186272862"/>
    <tag k="addr:housenumber" v="51"/>
    <tag k="addr:street" v="Tamworth Road"/>
    <tag k="building" v="residential"/>
  </way>
  <way id="312738370" version="3" timestamp="2024-06-30T17:01:37Z" changeset="153376372" uid="13078383" user="Keith Barnett">
    <nd ref="3186272888"/>
    <nd ref="3186272891"/>
    <nd ref="3186272885"/>
    <nd ref="3186272883"/>
    <nd ref="3186272886"/>
    <nd ref="3186272884"/>
    <nd ref="3186272888"/>
    <tag k="addr:housenumber" v="67"/>
    <tag k="addr:street" v="Tamworth Road"/>
    <tag k="building" v="residential"/>
  </way>
  <way id="312738373" version="2" timestamp="2015-07-01T21:33:17Z" changeset="32342017" uid="1680091" user="CrimsonCaribou">
    <nd ref="3186273031"/>
    <nd ref="3186273051"/>
    <nd ref="3186273048"/>
    <nd ref="3186273053"/>
    <nd ref="3186273045"/>
    <nd ref="3186273018"/>
    <nd ref="3186273016"/>
    <nd ref="3186273005"/>
    <nd ref="3186273031"/>
    <tag k="building" v="yes"/>
    <tag k="name" v="The Co-operative Food"/>
    <tag k="operator" v="Tamworth Co-operative Society"/>
    <tag k="shop" v="supermarket"/>
  </way>
  <way id="315695895" version="2" timestamp="2024-06-30T16:47:22Z" changeset="153376372" uid="13078383" user="Keith Barnett">
    <nd ref="3148167718"/>
    <nd ref="3218272463"/>
    <nd ref="3148167721"/>
    <nd ref="3148167719"/>
    <nd ref="3148167718"/>
    <tag k="addr:housenumber" v="30"/>
    <tag k="addr:street" v="Oak Tree Close"/>
    <tag k="building" v="residential"/>
  </way>
  <way id="315695896" version="1" timestamp="2014-12-04T01:09:35Z" changeset="27216254" uid="735" user="blackadder">
    <nd ref="3218272468"/>
    <nd ref="3218272469"/>
    <nd ref="3148170559"/>
    <nd ref="3148170566"/>
    <nd ref="3148170553"/>
    <nd ref="3148170545"/>
    <nd ref="3148170555"/>
    <nd ref="3148170546"/>
    <nd ref="3218272468"/>
    <tag k="addr:city" v="Kingsbury"/>
    <tag k="addr:housenumber" v="44"/>
    <tag k="addr:postcode" v="B78 2JB"/>
    <tag k="addr:street" v="Sycamore Road"/>
    <tag k="building" v="residential"/>
  </way>
  <way id="316454146" version="3" timestamp="2017-05-03T13:34:20Z" changeset="48354795" uid="1778799" user="SomeoneElse_Revert">
    <nd ref="3225712525"/>
    <nd ref="3225712526"/>
    <tag k="DfT_AADF" v="12332"/>
    <tag k="DfT_AADF_bus" v="89"/>
    <tag k="DfT_AADF_car" v="9569"/>
    <tag k="DfT_AADF_hgv" v="1099"/>
    <tag k="DfT_AADF_lgv" v="1515"/>
    <tag k="DfT_AADF_year" v="2013"/>
    <tag k="DfT_traffic_counter_ref" v="7639"/>
    <tag k="bridge" v="yes"/>
    <tag k="gritting" v="priority_1"/>
    <tag k="gritting_depot" v="Coleshill Heath Road"/>
    <tag k="gritting_operator" v="Warwickshire County Council"/>
    <tag k="gritting_route_ref" v="1"/>
    <tag k="gritting_route_revision" v="201110"/>
    <tag k="highway" v="primary"/>
    <tag k="maintenance" v="gritting"/>
    <tag k="maxspeed" v="50 mph"/>
    <tag k="name" v="Kingsbury Road"/>
    <tag k="ref" v="A4097"/>
  </way>
  <way id="316454147" version="3" timestamp="2024-12-31T16:02:59Z" changeset="160839211" uid="13078383" user="Keith Barnett">
    <nd ref="3225712526"/>
    <nd ref="258879133"/>
    <tag k="DfT_AADF" v="12332"/>
    <tag k="DfT_AADF_bus" v="89"/>
    <tag k="DfT_AADF_car" v="9569"/>
    <tag k="DfT_AADF_hgv" v="1099"/>
    <tag k="DfT_AADF_lgv" v="1515"/>
    <tag k="DfT_AADF_year" v="2013"/>
    <tag k="DfT_traffic_counter_ref" v="7639"/>
    <tag k="gritting" v="priority_1"/>
    <tag k="gritting_depot" v="Coleshill Heath Road"/>
    <tag k="gritting_operator" v="Warwickshire County Council"/>
    <tag k="gritting_route_ref" v="1"/>
    <tag k="gritting_route_revision" v="201110"/>
    <tag k="highway" v="primary"/>
    <tag k="lanes" v="2"/>
    <tag k="maintenance" v="gritting"/>
    <tag k="maxspeed" v="50 mph"/>
    <tag k="name" v="Kingsbury Road"/>
    <tag k="ref" v="A4097"/>
    <tag k="surface" v="asphalt"/>
  </way>
  <way id="413999962" version="3" timestamp="2018-05-24T09:01:00Z" changeset="59235162" uid="9065" user="brianboru">
    <nd ref="1206084935"/>
    <nd ref="5639354589"/>
    <nd ref="5363281748"/>
    <nd ref="1206084886"/>
    <tag k="highway" v="residential"/>
    <tag k="name" v="Pinewood Avenue"/>
  </way>
  <way id="423284784" version="5" timestamp="2023-06-07T11:46:06Z" changeset="137052965" uid="8884283" user="rittoch">
    <nd ref="10961427906"/>
    <nd ref="10961397203"/>
    <nd ref="4229536108"/>
    <nd ref="4229536107"/>
    <nd ref="4229536110"/>
    <nd ref="4229536109"/>
    <nd ref="4229536106"/>
    <nd ref="6380470443"/>
    <nd ref="4229536105"/>
    <nd ref="4229536096"/>
    <nd ref="4229536097"/>
    <nd ref="4229536090"/>
    <nd ref="4229536091"/>
    <nd ref="10961427906"/>
    <tag k="amenity" v="place_of_worship"/>
    <tag k="building" v="yes"/>
    <tag k="denomination" v="anglican"/>
    <tag k="name" v="Church of the Resurrection"/>
    <tag k="religion" v="christian"/>
    <tag k="source" v="Warwicks CC Aerial Imagery 2013"/>
    <tag k="wikidata" v="Q5118032"/>
    <tag k="wikipedia" v="en:Church of the Resurrection, Hurley"/>
  </way>
  <way id="423302666" version="4" timestamp="2021-03-25T21:44:42Z" changeset="101746091" uid="145231" user="woodpeck_repair">
    <nd ref="4229648091"/>
    <nd ref="4229646587"/>
    <nd ref="4229646575"/>
    <nd ref="4229646578"/>
    <nd ref="4229648091"/>
    <tag k="building" v="residential"/>
    <tag k="heritage" v="2"/>
    <tag k="heritage:operator" v="Historic England"/>
    <tag k="listed_status" v="Grade II"/>
    <tag k="name" v="Grassyard House"/>
    <tag k="source" v="Warwicks CC Aerial Imagery 2013"/>
  </way>
  <way id="423302675" version="5" timestamp="2021-03-25T21:48:39Z" changeset="101746091" uid="145231" user="woodpeck_repair">
    <nd ref="4229646527"/>
    <nd ref="4229646526"/>
    <nd ref="4229646520"/>
    <nd ref="4229646523"/>
    <nd ref="4229646524"/>
    <nd ref="4229646525"/>
    <nd ref="4229646527"/>
    <tag k="addr:housename" v="Atherstone House"/>
    <tag k="building" v="residential"/>
    <tag k="heritage" v="2"/>
    <tag k="heritage:operator" v="Historic England"/>
    <tag k="listed_status" v="Grade II"/>
    <tag k="name" v="Atherstone House"/>
    <tag k="source" v="Warwicks CC Aerial Imagery 2013"/>
  </way>
  <way id="423302676" version="4" timestamp="2021-03-25T21:44:40Z" changeset="101746091" uid="145231" user="woodpeck_repair">
    <nd ref="4229646572"/>
    <nd ref="4229646570"/>
    <nd ref="4229646558"/>
    <nd ref="4229646556"/>
    <nd ref="4229646550"/>
    <nd ref="4229646554"/>
    <nd ref="4229646572"/>
    <tag k="building" v="residential"/>
    <tag k="heritage" v="2"/>
    <tag k="heritage:operator" v="Historic England"/>
    <tag k="listed_status" v="Grade II"/>
    <tag k="name" v="Peach Cottage"/>
    <tag k="source" v="Warwicks CC Aerial Imagery 2013"/>
  </way>
  <way id="423302680" version="2" timestamp="2016-06-07T15:43:39Z" changeset="39864555" uid="9065" user="brianboru">
    <nd ref="4229646547"/>
    <nd ref="4229646560"/>
    <nd ref="4229646559"/>
    <nd ref="4229646555"/>
    <nd ref="4229646552"/>
    <nd ref="4229646543"/>
    <nd ref="4229646547"/>
    <tag k="building" v="residential"/>
    <tag k="heritage" v="2"/>
    <tag k="heritage:operator" v="Historic England"/>
    <tag k="listed_status" v="Grade II"/>
    <tag k="name" v="Hurley Hall"/>
    <tag k="source" v="Warwicks CC Aerial Imagery 2013"/>
  </way>
  <way id="423436082" version="1" timestamp="2016-06-07T15:53:58Z" changeset="39864811" uid="9065" user="brianboru">
    <nd ref="2035297619"/>
    <nd ref="4230419846"/>
    <tag k="highway" v="residential"/>
    <tag k="name" v="East House Drive"/>
    <tag k="source" v="Warwicks CC Aerial Imagery 2013"/>
  </way>
  <way id="423436084" version="2" timestamp="2019-12-16T06:46:38Z" changeset="78456649" uid="9065" user="brianboru">
    <nd ref="4230420138"/>
    <nd ref="4230420137"/>
    <nd ref="4230420129"/>
    <nd ref="4230420127"/>
    <nd ref="4230420136"/>
    <nd ref="4230420134"/>
    <nd ref="4230420097"/>
    <nd ref="4230420104"/>
    <nd ref="4230420058"/>
    <nd ref="4230420059"/>
    <nd ref="4230420133"/>
    <nd ref="4230420132"/>
    <nd ref="4230420138"/>
    <tag k="addr:city" v="Hurley"/>
    <tag k="addr:housenumber" v="64"/>
    <tag k="addr:street" v="Knowle Hill"/>
    <tag k="building" v="residential"/>
    <tag k="source" v="Warwicks CC Aerial Imagery 2013"/>
  </way>
  <way id="472639684" version="2" timestamp="2019-12-16T06:46:38Z" changeset="78456649" uid="9065" user="brianboru">
    <nd ref="4668391113"/>
    <nd ref="4668391112"/>
    <nd ref="4668391111"/>
    <nd ref="4668391110"/>
    <nd ref="4668391113"/>
    <tag k="addr:city" v="Hurley"/>
    <tag k="addr:housenumber" v="77A"/>
    <tag k="addr:postcode" v="CV9 2JB"/>
    <tag k="addr:street" v="Knowle Hill"/>
    <tag k="building" v="residential"/>
    <tag k="source" v="Warwicks CC Aerial Imagery 2013"/>
  </way>
  <way id="472639706" version="2" timestamp="2020-07-27T19:05:32Z" changeset="88581653" uid="9065" user="brianboru">
    <nd ref="4668391252"/>
    <nd ref="7757478118"/>
    <nd ref="7757478117"/>
    <nd ref="4668391250"/>
    <nd ref="4668391251"/>
    <tag k="highway" v="residential"/>
    <tag k="name" v="Kings Close"/>
    <tag k="source" v="OS_OpenData_StreetView"/>
  </way>
  <way id="472640783" version="3" timestamp="2024-09-28T10:21:09Z" changeset="157203303" uid="13078383" user="Keith Barnett">
    <nd ref="4668402253"/>
    <nd ref="4668402252"/>
    <nd ref="4668402251"/>
    <nd ref="4668402250"/>
    <nd ref="4668402249"/>
    <nd ref="4668402248"/>
    <nd ref="4668402247"/>
    <nd ref="4668402246"/>
    <nd ref="4668402253"/>
    <tag k="addr:housenumber" v="5"/>
    <tag k="addr:street" v="Woodbridge Park"/>
    <tag k="building" v="residential"/>
    <tag k="source" v="Warwicks CC Aerial Imagery 2013"/>
  </way>
  <way id="472640784" version="3" timestamp="2024-09-28T10:21:07Z" changeset="157203303" uid="13078383" user="Keith Barnett">
    <nd ref="4668402261"/>
    <nd ref="4668402260"/>
    <nd ref="4668402259"/>
    <nd ref="4668402258"/>
    <nd ref="4668402257"/>
    <nd ref="4668402256"/>
    <nd ref="4668402255"/>
    <nd ref="4668402254"/>
    <nd ref="4668402261"/>
    <tag k="addr:housenumber" v="4"/>
    <tag k="addr:street" v="Woodbridge Park"/>
    <tag k="building" v="residential"/>
    <tag k="source" v="Warwicks CC Aerial Imagery 2013"/>
  </way>
  <way id="472640785" version="5" timestamp="2024-09-28T10:21:11Z" changeset="157203303" uid="13078383" user="Keith Barnett">
    <nd ref="4668402265"/>
    <nd ref="4668402264"/>
    <nd ref="4668402263"/>
    <nd ref="4668402262"/>
    <nd ref="4668402265"/>
    <tag k="addr:housenumber" v="3"/>
    <tag k="addr:street" v="Woodbridge Park"/>
    <tag k="building" v="residential"/>
    <tag k="source" v="Warwicks CC Aerial Imagery 2013"/>
  </way>
  <way id="472640786" version="3" timestamp="2024-09-28T10:20:36Z" changeset="157203303" uid="13078383" user="Keith Barnett">
    <nd ref="4668402271"/>
    <nd ref="4668402270"/>
    <nd ref="4668402269"/>
    <nd ref="4668402268"/>
    <nd ref="4668402267"/>
    <nd ref="4668402266"/>
    <nd ref="4668402271"/>
    <tag k="addr:housenumber" v="2"/>
    <tag k="addr:street" v="Woodbridge Park"/>
    <tag k="building" v="residential"/>
    <tag k="source" v="Warwicks CC Aerial Imagery 2013"/>
  </way>
  <way id="472640787" version="3" timestamp="2024-09-28T10:19:04Z" changeset="157203303" uid="13078383" user="Keith Barnett">
    <nd ref="4668402275"/>
    <nd ref="4668402274"/>
    <nd ref="4668402273"/>
    <nd ref="4668402272"/>
    <nd ref="4668402275"/>
    <tag k="addr:housenumber" v="1a"/>
    <tag k="addr:street" v="Woodbridge Park"/>
    <tag k="building" v="residential"/>
    <tag k="source" v="Warwicks CC Aerial Imagery 2013"/>
  </way>
  <way id="472640788" version="3" timestamp="2024-09-28T10:19:04Z" changeset="157203303" uid="13078383" user="Keith Barnett">
    <nd ref="4668402281"/>
    <nd ref="4668402280"/>
    <nd ref="4668402279"/>
    <nd ref="4668402278"/>
    <nd ref="4668402277"/>
    <nd ref="4668402276"/>
    <nd ref="4668402281"/>
    <tag k="addr:housenumber" v="1"/>
    <tag k="addr:street" v="Woodbridge Park"/>
    <tag k="building" v="residential"/>
    <tag k="source" v="Warwicks CC Aerial Imagery 2013"/>
  </way>
  <way id="472640789" version="3" timestamp="2024-09-28T10:19:05Z" changeset="157203303" uid="13078383" user="Keith Barnett">
    <nd ref="4668402289"/>
    <nd ref="4668402288"/>
    <nd ref="4668402287"/>
    <nd ref="4668402286"/>
    <nd ref="4668402285"/>
    <nd ref="4668402284"/>
    <nd ref="4668402283"/>
    <nd ref="4668402282"/>
    <nd ref="4668402289"/>
    <tag k="addr:housenumber" v="8"/>
    <tag k="addr:street" v="Woodbridge Park"/>
    <tag k="building" v="residential"/>
    <tag k="source" v="Warwicks CC Aerial Imagery 2013"/>
  </way>
  <way id="472640790" version="3" timestamp="2024-09-28T10:19:07Z" changeset="157203303" uid="13078383" user="Keith Barnett">
    <nd ref="4668402293"/>
    <nd ref="4668402292"/>
    <nd ref="4668402291"/>
    <nd ref="4668402290"/>
    <nd ref="4668402293"/>
    <tag k="addr:housenumber" v="9"/>
    <tag k="addr:street" v="Woodbridge Park"/>
    <tag k="building" v="residential"/>
    <tag k="source" v="Warwicks CC Aerial Imagery 2013"/>
  </way>
  <way id="472640791" version="3" timestamp="2024-09-28T10:19:10Z" changeset="157203303" uid="13078383" user="Keith Barnett">
    <nd ref="4668402298"/>
    <nd ref="4668402297"/>
    <nd ref="4668402296"/>
    <nd ref="4668402295"/>
    <nd ref="4668402294"/>
    <nd ref="4668402298"/>
    <tag k="addr:housenumber" v="10"/>
    <tag k="addr:street" v="Woodbridge Park"/>
    <tag k="building" v="residential"/>
    <tag k="source" v="Warwicks CC Aerial Imagery 2013"/>
  </way>
  <way id="472641909" version="2" timestamp="2019-12-16T06:46:38Z" changeset="78456649" uid="9065" user="brianboru">
    <nd ref="4668407612"/>
    <nd ref="4668407611"/>
    <nd ref="4668407610"/>
    <nd ref="4668407609"/>
    <nd ref="4668407612"/>
    <tag k="addr:city" v="Hurley"/>
    <tag k="addr:housenumber" v="129"/>
    <tag k="addr:postcode" v="CV9 2HX"/>
    <tag k="addr:street" v="Knowle Hill"/>
    <tag k="building" v="residential"/>
    <tag k="source" v="Warwicks CC Aerial Imagery 2013"/>
  </way>
  <way id="472642385" version="3" timestamp="2021-10-14T11:08:09Z" changeset="112498657" uid="5589" user="user_5589">
    <nd ref="4668404977"/>
    <nd ref="4668404976"/>
    <nd ref="4668404975"/>
    <nd ref="4668404974"/>
    <nd ref="4668404977"/>
    <tag k="amenity" v="pharmacy"/>
    <tag k="building" v="yes"/>
    <tag k="healthcare" v="pharmacy"/>
    <tag k="name" v="Peartree Pharmacy"/>
    <tag k="source" v="Warwicks CC Aerial Imagery 2013"/>
  </way>
  <way id="472642390" version="3" timestamp="2024-09-28T10:25:58Z" changeset="157203303" uid="13078383" user="Keith Barnett">
    <nd ref="4668410711"/>
    <nd ref="4668410710"/>
    <nd ref="4668410709"/>
    <nd ref="4668410708"/>
    <nd ref="4668410707"/>
    <nd ref="4668410706"/>
    <nd ref="4668410705"/>
    <nd ref="4668410704"/>
    <nd ref="4668410711"/>
    <tag k="addr:housenumber" v="7"/>
    <tag k="addr:street" v="Woodbridge Park"/>
    <tag k="building" v="residential"/>
    <tag k="source" v="Warwicks CC Aerial Imagery 2013"/>
  </way>
  <way id="472642391" version="3" timestamp="2024-09-28T10:24:39Z" changeset="157203303" uid="13078383" user="Keith Barnett">
    <nd ref="4668410717"/>
    <nd ref="4668410716"/>
    <nd ref="4668410715"/>
    <nd ref="4668410714"/>
    <nd ref="4668410713"/>
    <nd ref="4668410712"/>
    <nd ref="4668410717"/>
    <tag k="addr:housenumber" v="6"/>
    <tag k="addr:street" v="Woodbridge Park"/>
    <tag k="building" v="residential"/>
    <tag k="source" v="Warwicks CC Aerial Imagery 2013"/>
  </way>
  <way id="472642473" version="3" timestamp="2024-09-28T11:16:53Z" changeset="157203303" uid="13078383" user="Keith Barnett">
    <nd ref="4668411572"/>
    <nd ref="4668411568"/>
    <nd ref="4668411571"/>
    <nd ref="4668411570"/>
    <nd ref="4668411569"/>
    <nd ref="4668411572"/>
    <tag k="addr:housenumber" v="1-2"/>
    <tag k="addr:street" v="Dexter Court"/>
    <tag k="building" v="residential"/>
    <tag k="source" v="Warwicks CC Aerial Imagery 2013"/>
  </way>
  <way id="472642474" version="2" timestamp="2019-12-16T06:46:38Z" changeset="78456649" uid="9065" user="brianboru">
    <nd ref="4668411578"/>
    <nd ref="4668411577"/>
    <nd ref="4668411576"/>
    <nd ref="4668411575"/>
    <nd ref="4668411574"/>
    <nd ref="4668411573"/>
    <nd ref="4668411578"/>
    <tag k="addr:city" v="Hurley"/>
    <tag k="addr:housenumber" v="71"/>
    <tag k="addr:postcode" v="CV9 2JB"/>
    <tag k="addr:street" v="Knowle Hill"/>
    <tag k="building" v="residential"/>
    <tag k="source" v="Warwicks CC Aerial Imagery 2013"/>
  </way>
  <way id="472642475" version="2" timestamp="2019-12-16T06:46:38Z" changeset="78456649" uid="9065" user="brianboru">
    <nd ref="4668411586"/>
    <nd ref="4668411585"/>
    <nd ref="4668411584"/>
    <nd ref="4668411583"/>
    <nd ref="4668411582"/>
    <nd ref="4668411581"/>
    <nd ref="4668411580"/>
    <nd ref="4668411579"/>
    <nd ref="4668411586"/>
    <tag k="addr:city" v="Hurley"/>
    <tag k="addr:housenumber" v="73"/>
    <tag k="addr:postcode" v="CV9 2JB"/>
    <tag k="addr:street" v="Knowle Hill"/>
    <tag k="building" v="residential"/>
    <tag k="source" v="Warwicks CC Aerial Imagery 2013"/>
  </way>
  <way id="472642476" version="2" timestamp="2019-12-16T06:46:38Z" changeset="78456649" uid="9065" user="brianboru">
    <nd ref="4668412592"/>
    <nd ref="4668412591"/>
    <nd ref="4668412590"/>
    <nd ref="4668412589"/>
    <nd ref="4668411588"/>
    <nd ref="4668411587"/>
    <nd ref="4668411579"/>
    <nd ref="4668411586"/>
    <nd ref="4668412592"/>
    <tag k="addr:city" v="Hurley"/>
    <tag k="addr:housenumber" v="75"/>
    <tag k="addr:postcode" v="CV9 2JB"/>
    <tag k="addr:street" v="Knowle Hill"/>
    <tag k="building" v="residential"/>
    <tag k="source" v="Warwicks CC Aerial Imagery 2013"/>
  </way>
  <way id="472642477" version="3" timestamp="2019-12-16T06:46:38Z" changeset="78456649" uid="9065" user="brianboru">
    <nd ref="4668412600"/>
    <nd ref="4668412599"/>
    <nd ref="4668412598"/>
    <nd ref="4668412597"/>
    <nd ref="4668412596"/>
    <nd ref="4668412595"/>
    <nd ref="4668412594"/>
    <nd ref="4668412593"/>
    <nd ref="4668412600"/>
    <tag k="addr:city" v="Hurley"/>
    <tag k="addr:housenumber" v="77"/>
    <tag k="addr:postcode" v="CV9 2JB"/>
    <tag k="addr:street" v="Knowle Hill"/>
    <tag k="building" v="residential"/>
    <tag k="generator:method" v="photovoltaic"/>
    <tag k="generator:output:electricity" v="yes"/>
    <tag k="generator:source" v="solar"/>
    <tag k="generator:type" v="solar_photovoltaic_panel"/>
    <tag k="location" v="roof"/>
    <tag k="power" v="generator"/>
    <tag k="source" v="Warwicks CC Aerial Imagery 2013"/>
  </way>
  <way id="472642880" version="3" timestamp="2024-09-28T11:16:50Z" changeset="157203303" uid="13078383" user="Keith Barnett">
    <nd ref="4668416625"/>
    <nd ref="4668416622"/>
    <nd ref="4668416621"/>
    <nd ref="4668416624"/>
    <nd ref="4668416625"/>
    <tag k="addr:housenumber" v="22"/>
    <tag k="addr:street" v="Elm Grove"/>
    <tag k="building" v="residential"/>
    <tag k="source" v="Warwicks CC Aerial Imagery 2013"/>
  </way>
  <way id="472642881" version="3" timestamp="2024-09-28T11:16:50Z" changeset="157203303" uid="13078383" user="Keith Barnett">
    <nd ref="4668416626"/>
    <nd ref="4668416625"/>
    <nd ref="4668416624"/>
    <nd ref="4668416623"/>
    <nd ref="4668416626"/>
    <tag k="addr:housenumber" v="24"/>
    <tag k="addr:street" v="Elm Grove"/>
    <tag k="building" v="residential"/>
    <tag k="source" v="Warwicks CC Aerial Imagery 2013"/>
  </way>
  <way id="472642882" version="3" timestamp="2024-09-28T11:16:50Z" changeset="157203303" uid="13078383" user="Keith Barnett">
    <nd ref="4668416631"/>
    <nd ref="4668416628"/>
    <nd ref="4668416627"/>
    <nd ref="4668416630"/>
    <nd ref="4668416631"/>
    <tag k="addr:housenumber" v="26"/>
    <tag k="addr:street" v="Elm Grove"/>
    <tag k="building" v="residential"/>
    <tag k="source" v="Warwicks CC Aerial Imagery 2013"/>
  </way>
  <way id="472642883" version="3" timestamp="2024-09-28T11:16:50Z" changeset="157203303" uid="13078383" user="Keith Barnett">
    <nd ref="4668416632"/>
    <nd ref="4668416631"/>
    <nd ref="4668416630"/>
    <nd ref="4668416629"/>
    <nd ref="4668416632"/>
    <tag k="addr:housenumber" v="28"/>
    <tag k="addr:street" v="Elm Grove"/>
    <tag k="building" v="residential"/>
    <tag k="source" v="Warwicks CC Aerial Imagery 2013"/>
  </way>
  <way id="472642884" version="3" timestamp="2024-09-28T11:16:51Z" changeset="157203303" uid="13078383" user="Keith Barnett">
    <nd ref="4668416637"/>
    <nd ref="4668416634"/>
    <nd ref="4668416633"/>
    <nd ref="4668416636"/>
    <nd ref="4668416637"/>
    <tag k="addr:housenumber" v="30"/>
    <tag k="addr:street" v="Elm Grove"/>
    <tag k="building" v="residential"/>
    <tag k="source" v="Warwicks CC Aerial Imagery 2013"/>
  </way>
  <way id="472642885" version="3" timestamp="2024-09-28T11:16:51Z" changeset="157203303" uid="13078383" user="Keith Barnett">
    <nd ref="4668416638"/>
    <nd ref="4668416637"/>
    <nd ref="4668416636"/>
    <nd ref="4668416635"/>
    <nd ref="4668416638"/>
    <tag k="addr:housenumber" v="32"/>
    <tag k="addr:street" v="Elm Grove"/>
    <tag k="building" v="residential"/>
    <tag k="source" v="Warwicks CC Aerial Imagery 2013"/>
  </way>
  <way id="480932038" version="3" timestamp="2025-08-06T13:18:44Z" changeset="170057711" uid="21488431" user="700RPB">
    <nd ref="4738773526"/>
    <nd ref="1673615387"/>
    <tag k="gritting" v="priority_1"/>
    <tag k="gritting_depot" v="Coleshill Heath Road"/>
    <tag k="gritting_operator" v="Warwickshire County Council"/>
    <tag k="gritting_route_ref" v="1"/>
    <tag k="gritting_route_revision" v="201110"/>
    <tag k="highway" v="secondary"/>
    <tag k="maintenance" v="gritting"/>
    <tag k="maxheight" v="3.9"/>
    <tag k="name" v="Coventry Road"/>
    <tag k="ref" v="B4098"/>
    <tag k="surface" v="asphalt"/>
  </way>
  <way id="480932039" version="5" timestamp="2025-08-06T13:18:43Z" changeset="170057711" uid="21488431" user="700RPB">
    <nd ref="1673615387"/>
    <nd ref="7114453084"/>
    <nd ref="671159"/>
    <nd ref="603681208"/>
    <nd ref="671158"/>
    <nd ref="671157"/>
    <nd ref="671156"/>
    <nd ref="3109359375"/>
    <nd ref="1673615389"/>
    <nd ref="3109359385"/>
    <nd ref="2295598282"/>
    <nd ref="603681216"/>
    <nd ref="665884"/>
    <tag k="gritting" v="priority_1"/>
    <tag k="gritting_depot" v="Coleshill Heath Road"/>
    <tag k="gritting_operator" v="Warwickshire County Council"/>
    <tag k="gritting_route_ref" v="1"/>
    <tag k="gritting_route_revision" v="201110"/>
    <tag k="highway" v="secondary"/>
    <tag k="lanes" v="2"/>
    <tag k="maintenance" v="gritting"/>
    <tag k="name" v="Coventry Road"/>
    <tag k="ref" v="B4098"/>
    <tag k="surface" v="asphalt"/>
  </way>
  <way id="485556157" version="1" timestamp="2017-04-08T18:41:52Z" changeset="47575693" uid="133272" user="wongataa">
    <nd ref="4783367467"/>
    <nd ref="31199779"/>
    <tag k="DfT_AADF" v="10059"/>
    <tag k="DfT_AADF_bus" v="77"/>
    <tag k="DfT_AADF_car" v="8293"/>
    <tag k="DfT_AADF_hgv" v="378"/>
    <tag k="DfT_AADF_lgv" v="1191"/>
    <tag k="DfT_AADF_year" v="2013"/>
    <tag k="DfT_traffic_counter_ref" v="8522"/>
    <tag k="bridge" v="yes"/>
    <tag k="gritting" v="priority_1"/>
    <tag k="gritting_depot" v="Coleshill Heath Road"/>
    <tag k="gritting_operator" v="Warwickshire County Council"/>
    <tag k="gritting_route_ref" v="1"/>
    <tag k="gritting_route_revision" v="201110"/>
    <tag k="highway" v="primary"/>
    <tag k="layer" v="1"/>
    <tag k="maintenance" v="gritting"/>
    <tag k="maxspeed" v="30 mph"/>
    <tag k="name" v="Tamworth Road"/>
    <tag k="ref" v="A51"/>
  </way>
  <way id="487782899" version="1" timestamp="2017-04-18T17:05:39Z" changeset="47912264" uid="133272" user="wongataa">
    <nd ref="665878"/>
    <nd ref="4801955425"/>
    <tag k="DfT_AADF" v="12332"/>
    <tag k="DfT_AADF_bus" v="89"/>
    <tag k="DfT_AADF_car" v="9569"/>
    <tag k="DfT_AADF_hgv" v="1099"/>
    <tag k="DfT_AADF_lgv" v="1515"/>
    <tag k="DfT_AADF_year" v="2013"/>
    <tag k="DfT_traffic_counter_ref" v="7639"/>
    <tag k="bridge" v="yes"/>
    <tag k="gritting" v="priority_1"/>
    <tag k="gritting_depot" v="Coleshill Heath Road"/>
    <tag k="gritting_operator" v="Warwickshire County Council"/>
    <tag k="gritting_route_ref" v="1"/>
    <tag k="gritting_route_revision" v="201110"/>
    <tag k="highway" v="primary"/>
    <tag k="layer" v="1"/>
    <tag k="maintenance" v="gritting"/>
    <tag k="maxspeed" v="50 mph"/>
    <tag k="name" v="Kingsbury Road"/>
    <tag k="ref" v="A4097"/>
  </way>
  <way id="487782900" version="1" timestamp="2017-04-18T17:05:40Z" changeset="47912264" uid="133272" user="wongataa">
    <nd ref="4801955425"/>
    <nd ref="665879"/>
    <nd ref="3225712525"/>
    <tag k="DfT_AADF" v="12332"/>
    <tag k="DfT_AADF_bus" v="89"/>
    <tag k="DfT_AADF_car" v="9569"/>
    <tag k="DfT_AADF_hgv" v="1099"/>
    <tag k="DfT_AADF_lgv" v="1515"/>
    <tag k="DfT_AADF_year" v="2013"/>
    <tag k="DfT_traffic_counter_ref" v="7639"/>
    <tag k="gritting" v="priority_1"/>
    <tag k="gritting_depot" v="Coleshill Heath Road"/>
    <tag k="gritting_operator" v="Warwickshire County Council"/>
    <tag k="gritting_route_ref" v="1"/>
    <tag k="gritting_route_revision" v="201110"/>
    <tag k="highway" v="primary"/>
    <tag k="maintenance" v="gritting"/>
    <tag k="maxspeed" v="50 mph"/>
    <tag k="name" v="Kingsbury Road"/>
    <tag k="ref" v="A4097"/>
  </way>
  <way id="517540769" version="1" timestamp="2017-08-22T08:04:50Z" changeset="51329368" uid="735" user="blackadder">
    <nd ref="5050306967"/>
    <nd ref="5050306966"/>
    <tag k="highway" v="residential"/>
    <tag k="name" v="Birchfield Close"/>
  </way>
  <way id="517540770" version="4" timestamp="2024-07-04T10:07:41Z" changeset="153533973" uid="13078383" user="Keith Barnett">
    <nd ref="1206084868"/>
    <nd ref="5050306966"/>
    <nd ref="5050306968"/>
    <nd ref="1206084857"/>
    <nd ref="5050306969"/>
    <tag k="highway" v="residential"/>
    <tag k="lane_markings" v="no"/>
    <tag k="name" v="Birchfield Close"/>
    <tag k="sidewalk" v="both"/>
    <tag k="surface" v="asphalt"/>
  </way>
  <way id="517540771" version="4" timestamp="2024-07-04T09:59:01Z" changeset="153533973" uid="13078383" user="Keith Barnett">
    <nd ref="5050306971"/>
    <nd ref="5050306970"/>
    <tag k="highway" v="residential"/>
    <tag k="lane_markings" v="no"/>
    <tag k="name" v="Birchfield Close"/>
    <tag k="sidewalk" v="both"/>
    <tag k="surface" v="asphalt"/>
  </way>
  <way id="549193542" version="2" timestamp="2018-12-02T14:20:56Z" changeset="65096486" uid="242345" user="confusedbuffalo">
    <nd ref="5305134808"/>
    <nd ref="5305134809"/>
    <nd ref="5305134810"/>
    <nd ref="5305134811"/>
    <nd ref="5305134812"/>
    <nd ref="5305134813"/>
    <nd ref="5305134808"/>
    <tag k="addr:city" v="Tamworth"/>
    <tag k="addr:housename" v="Cliff Lakes"/>
    <tag k="addr:postcode" v="B78 2DL"/>
    <tag k="addr:street" v="Tamworth Road"/>
    <tag k="building" v="yes"/>
    <tag k="building:levels" v="1"/>
    <tag k="email" v="info@clifflakes.com"/>
    <tag k="name" v="Cliff Lakes"/>
    <tag k="phone" v="+44 7588 395792"/>
    <tag k="website" v="https://www.clifflakes.org/"/>
    <tag k="wheelchair" v="yes"/>
  </way>
  <way id="555952937" version="1" timestamp="2018-01-26T11:41:59Z" changeset="55768676" uid="5330798" user="Tomn92">
    <nd ref="1206085007"/>
    <nd ref="5363281750"/>
    <tag k="highway" v="residential"/>
  </way>
  <way id="590464398" version="3" timestamp="2024-08-20T17:19:15Z" changeset="155520995" uid="11965237" user="markbeech">
    <nd ref="5637360519"/>
    <nd ref="5637360518"/>
    <nd ref="5637360517"/>
    <nd ref="5637360516"/>
    <nd ref="5637360515"/>
    <nd ref="5637360514"/>
    <nd ref="5637360513"/>
    <nd ref="5637360512"/>
    <nd ref="5637360511"/>
    <nd ref="5637360510"/>
    <nd ref="5637360519"/>
    <tag k="addr:county" v="Warwickshire"/>
    <tag k="addr:housenumber" v="57"/>
    <tag k="addr:postcode" v="CV9 2QH"/>
    <tag k="addr:street" v="Tamworth Road"/>
    <tag k="addr:suburb" v="Wood End"/>
    <tag k="amenity" v="pub"/>
    <tag k="building" v="yes"/>
    <tag k="fhrs:id" v="401541"/>
    <tag k="name" v="Wood End Working Mens Club"/>
    <tag k="source" v="Warwickshire_CC_ Aerial_Imagery_2013"/>
  </way>
  <way id="590464403" version="3" timestamp="2024-12-24T23:57:18Z" changeset="160590505" uid="493595" user="Yorvik Prestigitator">
    <nd ref="5637360108"/>
    <nd ref="5363281723"/>
    <nd ref="5637360107"/>
    <nd ref="12450290686"/>
    <nd ref="5637360106"/>
    <nd ref="12450290687"/>
    <nd ref="5637360105"/>
    <nd ref="10776237234"/>
    <nd ref="5363281617"/>
    <nd ref="5637360103"/>
    <nd ref="5637360102"/>
    <nd ref="5363281724"/>
    <nd ref="5637360101"/>
    <nd ref="5637360100"/>
    <nd ref="5637360108"/>
    <tag k="addr:city" v="Wood End"/>
    <tag k="addr:street" v="Tamworth Road"/>
    <tag k="amenity" v="community_centre"/>
    <tag k="building" v="public"/>
    <tag k="community_centre" v="village_hall"/>
    <tag k="name" v="Wood End Village Hall"/>
    <tag k="source" v="Warwickshire_CC_ Aerial_Imagery_2013"/>
  </way>
  <way id="590464433" version="2" timestamp="2019-04-03T10:00:05Z" changeset="68830573" uid="3099063" user="StaffsMap">
    <nd ref="5637361889"/>
    <nd ref="5637361888"/>
    <nd ref="5637361887"/>
    <nd ref="5637361886"/>
    <nd ref="5637361889"/>
    <tag k="building" v="yes"/>
    <tag k="name" v="The Co-operative Wood End"/>
    <tag k="operator" v="Tamworth Cooperative"/>
    <tag k="shop" v="supermarket"/>
    <tag k="source" v="Warwickshire_CC_ Aerial_Imagery_2013"/>
  </way>
  <way id="590534211" version="1" timestamp="2018-05-23T15:28:23Z" changeset="59215390" uid="9065" user="brianboru">
    <nd ref="5637864210"/>
    <nd ref="5637864211"/>
    <nd ref="1313479967"/>
    <tag k="highway" v="residential"/>
    <tag k="name" v="Church Close"/>
  </way>
  <way id="590534234" version="3" timestamp="2024-07-04T09:56:28Z" changeset="153533968" uid="13078383" user="Keith Barnett">
    <nd ref="5637864563"/>
    <nd ref="5637864562"/>
    <nd ref="5637864561"/>
    <nd ref="5637864560"/>
    <nd ref="5637864559"/>
    <nd ref="5637864558"/>
    <nd ref="5637864563"/>
    <tag k="addr:housenumber" v="8"/>
    <tag k="addr:street" v="Birchfield Close"/>
    <tag k="building" v="residential"/>
    <tag k="source" v="Warwickshire_CC_ Aerial_Imagery_2013"/>
  </way>
  <way id="590534236" version="3" timestamp="2024-07-04T09:56:26Z" changeset="153533968" uid="13078383" user="Keith Barnett">
    <nd ref="5637864567"/>
    <nd ref="5637864566"/>
    <nd ref="5637864565"/>
    <nd ref="5637864564"/>
    <nd ref="5637864567"/>
    <tag k="addr:housenumber" v="9"/>
    <tag k="addr:street" v="Birchfield Close"/>
    <tag k="building" v="residential"/>
    <tag k="source" v="Warwickshire_CC_ Aerial_Imagery_2013"/>
  </way>
  <way id="590534239" version="3" timestamp="2024-07-04T09:56:24Z" changeset="153533968" uid="13078383" user="Keith Barnett">
    <nd ref="5637864573"/>
    <nd ref="5637864572"/>
    <nd ref="5637864571"/>
    <nd ref="5637864570"/>
    <nd ref="5637864569"/>
    <nd ref="5637864568"/>
    <nd ref="5637864573"/>
    <tag k="addr:housenumber" v="10"/>
    <tag k="addr:street" v="Birchfield Close"/>
    <tag k="building" v="residential"/>
    <tag k="source" v="Warwickshire_CC_ Aerial_Imagery_2013"/>
  </way>
  <way id="590534275" version="3" timestamp="2024-07-04T08:46:52Z" changeset="153533968" uid="13078383" user="Keith Barnett">
    <nd ref="5637864643"/>
    <nd ref="5637864640"/>
    <nd ref="5637864639"/>
    <nd ref="5637864638"/>
    <nd ref="5637864637"/>
    <nd ref="5637864636"/>
    <nd ref="5637864635"/>
    <nd ref="5637864643"/>
    <tag k="addr:housenumber" v="20a"/>
    <tag k="addr:street" v="Tamworth Road"/>
    <tag k="building" v="residential"/>
    <tag k="source" v="Warwickshire_CC_ Aerial_Imagery_2013"/>
  </way>
  <way id="590534277" version="3" timestamp="2024-07-04T08:46:49Z" changeset="153533968" uid="13078383" user="Keith Barnett">
    <nd ref="5637864644"/>
    <nd ref="5637864643"/>
    <nd ref="5637864635"/>
    <nd ref="5637864642"/>
    <nd ref="5637864641"/>
    <nd ref="5637864644"/>
    <tag k="addr:housenumber" v="20"/>
    <tag k="addr:street" v="Tamworth Road"/>
    <tag k="building" v="residential"/>
    <tag k="source" v="Warwickshire_CC_ Aerial_Imagery_2013"/>
  </way>
  <way id="590534393" version="1" timestamp="2018-05-23T15:28:28Z" changeset="59215390" uid="9065" user="brianboru">
    <nd ref="5637865146"/>
    <nd ref="5637865145"/>
    <tag k="highway" v="residential"/>
    <tag k="name" v="Everglade Road"/>
    <tag k="source" v="Warwickshire_CC_ Aerial_Imagery_2013"/>
  </way>
  <way id="590534428" version="1" timestamp="2018-05-23T15:28:30Z" changeset="59215390" uid="9065" user="brianboru">
    <nd ref="5637865253"/>
    <nd ref="5637865252"/>
    <tag k="highway" v="residential"/>
    <tag k="name" v="Everglade Road"/>
    <tag k="source" v="Warwickshire_CC_ Aerial_Imagery_2013"/>
  </way>
  <way id="590534440" version="3" timestamp="2024-07-04T08:56:07Z" changeset="153533968" uid="13078383" user="Keith Barnett">
    <nd ref="5637864886"/>
    <nd ref="5637864885"/>
    <nd ref="5637864884"/>
    <nd ref="5637864883"/>
    <nd ref="5637864882"/>
    <nd ref="5637864881"/>
    <nd ref="5637864886"/>
    <tag k="addr:housenumber" v="49-51"/>
    <tag k="addr:street" v="Tamworth Road"/>
    <tag k="building" v="residential"/>
    <tag k="source" v="Warwickshire_CC_ Aerial_Imagery_2013"/>
  </way>
  <way id="590534443" version="2" timestamp="2019-04-03T00:59:46Z" changeset="68818383" uid="3099063" user="StaffsMap">
    <nd ref="5637864902"/>
    <nd ref="5637864901"/>
    <nd ref="5637864900"/>
    <nd ref="5637360448"/>
    <nd ref="5637360449"/>
    <nd ref="5637864899"/>
    <nd ref="5637864902"/>
    <tag k="building" v="yes"/>
    <tag k="name" v="Wood End Garage"/>
    <tag k="shop" v="car_repair"/>
    <tag k="source" v="Warwickshire_CC_ Aerial_Imagery_2013"/>
  </way>
  <way id="590534445" version="5" timestamp="2024-07-04T08:46:19Z" changeset="153533968" uid="13078383" user="Keith Barnett">
    <nd ref="5637864906"/>
    <nd ref="6382538112"/>
    <nd ref="6380037398"/>
    <nd ref="5637864905"/>
    <nd ref="5637864904"/>
    <nd ref="5637864903"/>
    <nd ref="5637864906"/>
    <tag k="addr:housenumber" v="27-35"/>
    <tag k="addr:street" v="Tamworth Road"/>
    <tag k="building" v="residential"/>
    <tag k="source" v="Warwickshire_CC_ Aerial_Imagery_2013"/>
  </way>
  <way id="590731266" version="1" timestamp="2018-05-24T09:00:58Z" changeset="59235162" uid="9065" user="brianboru">
    <nd ref="5639354589"/>
    <nd ref="5639354588"/>
    <tag k="highway" v="residential"/>
    <tag k="name" v="Pinewood Avenue"/>
    <tag k="source" v="Warwickshire_CC_ Aerial_Imagery_2013"/>
  </way>
  <way id="590731267" version="1" timestamp="2018-05-24T09:00:58Z" changeset="59235162" uid="9065" user="brianboru">
    <nd ref="5639354591"/>
    <nd ref="5639354590"/>
    <tag k="highway" v="residential"/>
    <tag k="name" v="Pinewood Avenue"/>
    <tag k="source" v="Warwickshire_CC_ Aerial_Imagery_2013"/>
  </way>
  <way id="590735776" version="2" timestamp="2019-04-06T03:34:03Z" changeset="68942289" uid="3099063" user="StaffsMap">
    <nd ref="5639378059"/>
    <nd ref="5639378058"/>
    <nd ref="5639378137"/>
    <nd ref="5639378056"/>
    <nd ref="5639378055"/>
    <nd ref="5639378054"/>
    <nd ref="5639378053"/>
    <nd ref="5639378052"/>
    <nd ref="5639378059"/>
    <tag k="building" v="yes"/>
    <tag k="name" v="Crowning Glory"/>
    <tag k="shop" v="hairdresser"/>
    <tag k="source" v="Warwickshire_CC_ Aerial_Imagery_2013"/>
  </way>
  <way id="590735783" version="4" timestamp="2020-10-11T17:42:12Z" changeset="92309233" uid="281267" user="smb1001">
    <nd ref="5639378111"/>
    <nd ref="5639378110"/>
    <nd ref="5639378109"/>
    <nd ref="5639378108"/>
    <nd ref="5639378111"/>
    <tag k="amenity" v="place_of_worship"/>
    <tag k="building" v="yes"/>
    <tag k="denomination" v="anglican"/>
    <tag k="name" v="St Michael &amp; All Angels Church"/>
    <tag k="religion" v="christian"/>
    <tag k="source" v="Warwickshire_CC_ Aerial_Imagery_2013"/>
    <tag k="wikidata" v="Q7594826"/>
    <tag k="wikipedia" v="en:St Michael &amp; All Angels Church, Wood End"/>
  </way>
  <way id="590735834" version="1" timestamp="2018-05-24T09:10:36Z" changeset="59235424" uid="9065" user="brianboru">
    <nd ref="5639378319"/>
    <nd ref="5639378318"/>
    <tag k="highway" v="residential"/>
    <tag k="name" v="Woodside Close"/>
    <tag k="source" v="Warwickshire_CC_ Aerial_Imagery_2013"/>
  </way>
  <way id="590748573" version="3" timestamp="2024-11-29T09:24:04Z" changeset="159733330" uid="20144448" user="World_Winner">
    <nd ref="253222673"/>
    <nd ref="5639464225"/>
    <nd ref="5639464224"/>
    <tag k="highway" v="tertiary"/>
    <tag k="name" v="Main Road"/>
    <tag k="source" v="Warwickshire_CC_ Aerial_Imagery_2013"/>
  </way>
  <way id="590748652" version="3" timestamp="2024-07-04T09:43:29Z" changeset="153533968" uid="13078383" user="Keith Barnett">
    <nd ref="5639464733"/>
    <nd ref="5639464730"/>
    <nd ref="5639464729"/>
    <nd ref="5639464728"/>
    <nd ref="5639464727"/>
    <nd ref="5639464726"/>
    <nd ref="5639464725"/>
    <nd ref="5639464731"/>
    <nd ref="5639464732"/>
    <nd ref="5639464733"/>
    <tag k="addr:housenumber" v="149-151"/>
    <tag k="addr:street" v="Tamworth Road"/>
    <tag k="building" v="residential"/>
    <tag k="source" v="Warwickshire_CC_ Aerial_Imagery_2013"/>
  </way>
  <way id="590748655" version="3" timestamp="2024-07-04T09:43:13Z" changeset="153533968" uid="13078383" user="Keith Barnett">
    <nd ref="5639464738"/>
    <nd ref="5639464734"/>
    <nd ref="5639464735"/>
    <nd ref="5639464736"/>
    <nd ref="5639464737"/>
    <nd ref="5639464743"/>
    <nd ref="5639464742"/>
    <nd ref="5639464741"/>
    <nd ref="5639464740"/>
    <nd ref="5639464739"/>
    <nd ref="5639464738"/>
    <tag k="addr:housenumber" v="147"/>
    <tag k="addr:street" v="Tamworth Road"/>
    <tag k="building" v="residential"/>
    <tag k="source" v="Warwickshire_CC_ Aerial_Imagery_2013"/>
  </way>
  <way id="590748657" version="3" timestamp="2024-07-04T09:39:08Z" changeset="153533968" uid="13078383" user="Keith Barnett">
    <nd ref="5639464749"/>
    <nd ref="5639464748"/>
    <nd ref="5639464747"/>
    <nd ref="5639464746"/>
    <nd ref="5639464745"/>
    <nd ref="5639464744"/>
    <nd ref="5639464749"/>
    <tag k="addr:housenumber" v="145"/>
    <tag k="addr:street" v="Tamworth Road"/>
    <tag k="building" v="residential"/>
    <tag k="source" v="Warwickshire_CC_ Aerial_Imagery_2013"/>
  </way>
  <way id="590748660" version="3" timestamp="2024-07-04T09:39:10Z" changeset="153533968" uid="13078383" user="Keith Barnett">
    <nd ref="5639464753"/>
    <nd ref="5639464752"/>
    <nd ref="5639464751"/>
    <nd ref="5639464750"/>
    <nd ref="5639464753"/>
    <tag k="addr:housenumber" v="143"/>
    <tag k="addr:street" v="Tamworth Road"/>
    <tag k="building" v="residential"/>
    <tag k="source" v="Warwickshire_CC_ Aerial_Imagery_2013"/>
  </way>
  <way id="590748662" version="3" timestamp="2024-07-04T09:36:03Z" changeset="153533968" uid="13078383" user="Keith Barnett">
    <nd ref="5639464759"/>
    <nd ref="5639464758"/>
    <nd ref="5639464757"/>
    <nd ref="5639464756"/>
    <nd ref="5639464755"/>
    <nd ref="5639464754"/>
    <nd ref="5639464759"/>
    <tag k="addr:housenumber" v="141"/>
    <tag k="addr:street" v="Tamworth Road"/>
    <tag k="building" v="residential"/>
    <tag k="source" v="Warwickshire_CC_ Aerial_Imagery_2013"/>
  </way>
  <way id="590748671" version="3" timestamp="2024-07-04T09:35:00Z" changeset="153533968" uid="13078383" user="Keith Barnett">
    <nd ref="5639464780"/>
    <nd ref="5639464779"/>
    <nd ref="5639464778"/>
    <nd ref="5639464777"/>
    <nd ref="5639464780"/>
    <tag k="addr:housenumber" v="130-136"/>
    <tag k="addr:street" v="Tamworth Road"/>
    <tag k="building" v="residential"/>
    <tag k="source" v="Warwickshire_CC_ Aerial_Imagery_2013"/>
  </way>
  <way id="590748673" version="3" timestamp="2024-07-04T09:35:56Z" changeset="153533968" uid="13078383" user="Keith Barnett">
    <nd ref="5639464790"/>
    <nd ref="5639464789"/>
    <nd ref="5639464788"/>
    <nd ref="5639464787"/>
    <nd ref="5639464786"/>
    <nd ref="5639464785"/>
    <nd ref="5639464784"/>
    <nd ref="5639464783"/>
    <nd ref="5639464782"/>
    <nd ref="5639464781"/>
    <nd ref="5639464790"/>
    <tag k="addr:housenumber" v="139"/>
    <tag k="addr:street" v="Tamworth Road"/>
    <tag k="building" v="residential"/>
    <tag k="source" v="Warwickshire_CC_ Aerial_Imagery_2013"/>
  </way>
  <way id="590748676" version="3" timestamp="2024-07-04T09:35:01Z" changeset="153533968" uid="13078383" user="Keith Barnett">
    <nd ref="5639464796"/>
    <nd ref="5639464795"/>
    <nd ref="5639464794"/>
    <nd ref="5639464793"/>
    <nd ref="5639464792"/>
    <nd ref="5639464791"/>
    <nd ref="5639464796"/>
    <tag k="addr:housenumber" v="135-137"/>
    <tag k="addr:street" v="Tamworth Road"/>
    <tag k="building" v="residential"/>
    <tag k="source" v="Warwickshire_CC_ Aerial_Imagery_2013"/>
  </way>
  <way id="590748683" version="3" timestamp="2024-07-04T09:33:26Z" changeset="153533968" uid="13078383" user="Keith Barnett">
    <nd ref="5639464816"/>
    <nd ref="5639464815"/>
    <nd ref="5639464814"/>
    <nd ref="5639464813"/>
    <nd ref="5639464812"/>
    <nd ref="5639464811"/>
    <nd ref="5639464810"/>
    <nd ref="5639464809"/>
    <nd ref="5639464816"/>
    <tag k="addr:housenumber" v="125-127"/>
    <tag k="addr:street" v="Tamworth Road"/>
    <tag k="building" v="residential"/>
    <tag k="source" v="Warwickshire_CC_ Aerial_Imagery_2013"/>
  </way>
  <way id="590748685" version="3" timestamp="2024-07-04T09:32:50Z" changeset="153533968" uid="13078383" user="Keith Barnett">
    <nd ref="5639464922"/>
    <nd ref="5639464921"/>
    <nd ref="5639464820"/>
    <nd ref="5639464819"/>
    <nd ref="5639464818"/>
    <nd ref="5639464817"/>
    <nd ref="5639464922"/>
    <tag k="addr:housenumber" v="123a"/>
    <tag k="addr:street" v="Tamworth Road"/>
    <tag k="building" v="residential"/>
    <tag k="source" v="Warwickshire_CC_ Aerial_Imagery_2013"/>
  </way>
  <way id="590748693" version="3" timestamp="2024-07-04T09:31:06Z" changeset="153533968" uid="13078383" user="Keith Barnett">
    <nd ref="5639464948"/>
    <nd ref="5639464947"/>
    <nd ref="5639464946"/>
    <nd ref="5639464945"/>
    <nd ref="5639464944"/>
    <nd ref="5639464943"/>
    <nd ref="5639464942"/>
    <nd ref="5639464941"/>
    <nd ref="5639464948"/>
    <tag k="addr:housenumber" v="117-117a"/>
    <tag k="addr:street" v="Tamworth Road"/>
    <tag k="building" v="residential"/>
    <tag k="source" v="Warwickshire_CC_ Aerial_Imagery_2013"/>
  </way>
  <way id="590748733" version="3" timestamp="2024-07-04T09:15:11Z" changeset="153533968" uid="13078383" user="Keith Barnett">
    <nd ref="5639465241"/>
    <nd ref="5639465240"/>
    <nd ref="5639465239"/>
    <nd ref="5639465238"/>
    <nd ref="5639465241"/>
    <tag k="addr:housenumber" v="11-12"/>
    <tag k="addr:street" v="Meadow View"/>
    <tag k="building" v="residential"/>
    <tag k="source" v="Warwickshire_CC_ Aerial_Imagery_2013"/>
  </way>
  <way id="590748735" version="3" timestamp="2024-07-04T09:14:59Z" changeset="153533968" uid="13078383" user="Keith Barnett">
    <nd ref="5639465245"/>
    <nd ref="5639465244"/>
    <nd ref="5639465243"/>
    <nd ref="5639465242"/>
    <nd ref="5639465245"/>
    <tag k="addr:housenumber" v="13-14"/>
    <tag k="addr:street" v="Meadow View"/>
    <tag k="building" v="residential"/>
    <tag k="source" v="Warwickshire_CC_ Aerial_Imagery_2013"/>
  </way>
  <way id="590748807" version="3" timestamp="2024-07-04T10:26:32Z" changeset="153533968" uid="13078383" user="Keith Barnett">
    <nd ref="5639465582"/>
    <nd ref="5639465581"/>
    <nd ref="5639465580"/>
    <nd ref="5639465579"/>
    <nd ref="5639465578"/>
    <nd ref="5639465577"/>
    <nd ref="5639465576"/>
    <nd ref="5639465575"/>
    <nd ref="5639465582"/>
    <tag k="addr:housenumber" v="62-64"/>
    <tag k="addr:street" v="Delves Crescent"/>
    <tag k="building" v="residential"/>
    <tag k="source" v="Warwickshire_CC_ Aerial_Imagery_2013"/>
  </way>
  <way id="590748905" version="3" timestamp="2024-07-04T10:00:39Z" changeset="153533968" uid="13078383" user="Keith Barnett">
    <nd ref="5639465787"/>
    <nd ref="5639465783"/>
    <nd ref="5639465782"/>
    <nd ref="5639465781"/>
    <nd ref="5639465787"/>
    <tag k="addr:housenumber" v="20"/>
    <tag k="addr:street" v="Birchfield Close"/>
    <tag k="building" v="residential"/>
    <tag k="source" v="Warwickshire_CC_ Aerial_Imagery_2013"/>
  </way>
  <way id="590748908" version="3" timestamp="2024-07-04T10:00:37Z" changeset="153533968" uid="13078383" user="Keith Barnett">
    <nd ref="5639465788"/>
    <nd ref="5639465784"/>
    <nd ref="5639465785"/>
    <nd ref="5639465786"/>
    <nd ref="5639465781"/>
    <nd ref="5639465787"/>
    <nd ref="5639465792"/>
    <nd ref="5639465793"/>
    <nd ref="5639465791"/>
    <nd ref="5639465790"/>
    <nd ref="5639465789"/>
    <nd ref="5639465788"/>
    <tag k="addr:housenumber" v="19"/>
    <tag k="addr:street" v="Birchfield Close"/>
    <tag k="building" v="residential"/>
    <tag k="source" v="Warwickshire_CC_ Aerial_Imagery_2013"/>
  </way>
  <way id="590748912" version="3" timestamp="2024-07-04T10:00:28Z" changeset="153533968" uid="13078383" user="Keith Barnett">
    <nd ref="5639465795"/>
    <nd ref="5639465793"/>
    <nd ref="5639465792"/>
    <nd ref="5639465794"/>
    <nd ref="5639465795"/>
    <tag k="addr:housenumber" v="18"/>
    <tag k="addr:street" v="Birchfield Close"/>
    <tag k="building" v="residential"/>
    <tag k="source" v="Warwickshire_CC_ Aerial_Imagery_2013"/>
  </way>
  <way id="590748917" version="3" timestamp="2024-07-04T10:00:26Z" changeset="153533968" uid="13078383" user="Keith Barnett">
    <nd ref="5639465797"/>
    <nd ref="5639465795"/>
    <nd ref="5639465794"/>
    <nd ref="5639465796"/>
    <nd ref="5639465797"/>
    <tag k="addr:housenumber" v="17"/>
    <tag k="addr:street" v="Birchfield Close"/>
    <tag k="building" v="residential"/>
    <tag k="source" v="Warwickshire_CC_ Aerial_Imagery_2013"/>
  </way>
  <way id="590748923" version="3" timestamp="2024-07-04T10:00:24Z" changeset="153533968" uid="13078383" user="Keith Barnett">
    <nd ref="5639465798"/>
    <nd ref="5639465797"/>
    <nd ref="5639465796"/>
    <nd ref="5639466041"/>
    <nd ref="5639465798"/>
    <tag k="addr:housenumber" v="16"/>
    <tag k="addr:street" v="Birchfield Close"/>
    <tag k="building" v="residential"/>
    <tag k="source" v="Warwickshire_CC_ Aerial_Imagery_2013"/>
  </way>
  <way id="590748929" version="3" timestamp="2024-07-04T09:56:31Z" changeset="153533968" uid="13078383" user="Keith Barnett">
    <nd ref="5639465802"/>
    <nd ref="5639465801"/>
    <nd ref="5639465800"/>
    <nd ref="5639465799"/>
    <nd ref="5639465802"/>
    <tag k="addr:housenumber" v="14"/>
    <tag k="addr:street" v="Birchfield Close"/>
    <tag k="building" v="residential"/>
    <tag k="source" v="Warwickshire_CC_ Aerial_Imagery_2013"/>
  </way>
  <way id="590748935" version="3" timestamp="2024-07-04T09:56:33Z" changeset="153533968" uid="13078383" user="Keith Barnett">
    <nd ref="5639465808"/>
    <nd ref="5639465807"/>
    <nd ref="5639465806"/>
    <nd ref="5639465805"/>
    <nd ref="5639465804"/>
    <nd ref="5639465803"/>
    <nd ref="5639465808"/>
    <tag k="addr:housenumber" v="12"/>
    <tag k="addr:street" v="Birchfield Close"/>
    <tag k="building" v="residential"/>
    <tag k="source" v="Warwickshire_CC_ Aerial_Imagery_2013"/>
  </way>
  <way id="590748941" version="3" timestamp="2024-07-04T09:56:30Z" changeset="153533968" uid="13078383" user="Keith Barnett">
    <nd ref="5639465812"/>
    <nd ref="5639465811"/>
    <nd ref="5639465810"/>
    <nd ref="5639465809"/>
    <nd ref="5639465812"/>
    <tag k="addr:housenumber" v="11"/>
    <tag k="addr:street" v="Birchfield Close"/>
    <tag k="building" v="residential"/>
    <tag k="source" v="Warwickshire_CC_ Aerial_Imagery_2013"/>
  </way>
  <way id="590748981" version="3" timestamp="2024-07-04T10:00:23Z" changeset="153533968" uid="13078383" user="Keith Barnett">
    <nd ref="5639466043"/>
    <nd ref="5639466042"/>
    <nd ref="5639466041"/>
    <nd ref="5639465798"/>
    <nd ref="5639466040"/>
    <nd ref="5639466043"/>
    <tag k="addr:housenumber" v="15"/>
    <tag k="addr:street" v="Birchfield Close"/>
    <tag k="building" v="residential"/>
    <tag k="source" v="Warwickshire_CC_ Aerial_Imagery_2013"/>
  </way>
  <way id="591560485" version="1" timestamp="2018-05-28T10:35:58Z" changeset="59336272" uid="9065" user="brianboru">
    <nd ref="5647447370"/>
    <nd ref="2035297623"/>
    <nd ref="5647447369"/>
    <tag k="highway" v="residential"/>
    <tag k="name" v="Wakefield Close"/>
    <tag k="source" v="Warwicks CC Aerial Imagery 2013"/>
  </way>
  <way id="649023189" version="3" timestamp="2020-05-01T13:17:05Z" changeset="84472291" uid="6095563" user="Don Dapper">
    <nd ref="254680190"/>
    <nd ref="254680194"/>
    <nd ref="254680197"/>
    <nd ref="254680201"/>
    <nd ref="3126851905"/>
    <nd ref="254680206"/>
    <tag k="gritting" v="priority_1"/>
    <tag k="gritting_depot" v="Coleshill Heath Road"/>
    <tag k="gritting_operator" v="Warwickshire County Council"/>
    <tag k="gritting_route_ref" v="2"/>
    <tag k="gritting_route_revision" v="201105"/>
    <tag k="highway" v="tertiary"/>
    <tag k="maintenance" v="gritting"/>
    <tag k="maxspeed" v="30 mph"/>
    <tag k="name" v="Atherstone Lane"/>
    <tag k="surface" v="paved"/>
  </way>
  <way id="657661396" version="4" timestamp="2024-07-04T10:39:48Z" changeset="153533973" uid="13078383" user="Keith Barnett">
    <nd ref="2163020250"/>
    <nd ref="6159252222"/>
    <tag k="highway" v="residential"/>
    <tag k="lane_markings" v="no"/>
    <tag k="name" v="Boulters Lane"/>
    <tag k="sidewalk" v="no"/>
    <tag k="surface" v="asphalt"/>
  </way>
  <way id="657661398" version="5" timestamp="2024-12-24T23:57:18Z" changeset="160590505" uid="493595" user="Yorvik Prestigitator">
    <nd ref="2163020248"/>
    <nd ref="12450290695"/>
    <nd ref="2163020250"/>
    <nd ref="12450290693"/>
    <nd ref="12450290697"/>
    <nd ref="2163020236"/>
    <tag k="highway" v="residential"/>
    <tag k="lane_markings" v="no"/>
    <tag k="name" v="Boulters Lane"/>
    <tag k="sidewalk" v="left"/>
    <tag k="surface" v="asphalt"/>
  </way>
  <way id="683463133" version="3" timestamp="2025-01-15T12:44:05Z" changeset="161379570" uid="5229644" user="Nathan_A_RF">
    <nd ref="31199769"/>
    <nd ref="2871271280"/>
    <nd ref="243677605"/>
    <nd ref="31199770"/>
    <nd ref="665883"/>
    <tag k="highway" v="primary"/>
    <tag k="junction" v="roundabout"/>
    <tag k="oneway" v="yes"/>
    <tag k="route" v="rcn"/>
    <tag k="surface" v="asphalt"/>
  </way>
  <way id="683463134" version="2" timestamp="2025-01-15T12:44:05Z" changeset="161379570" uid="5229644" user="Nathan_A_RF">
    <nd ref="31199767"/>
    <nd ref="243677602"/>
    <nd ref="31199766"/>
    <nd ref="243677603"/>
    <nd ref="31199768"/>
    <nd ref="243677604"/>
    <nd ref="31199769"/>
    <tag k="highway" v="primary"/>
    <tag k="junction" v="roundabout"/>
    <tag k="oneway" v="yes"/>
    <tag k="surface" v="asphalt"/>
  </way>
  <way id="683463135" version="3" timestamp="2025-01-15T12:44:05Z" changeset="161379570" uid="5229644" user="Nathan_A_RF">
    <nd ref="31199773"/>
    <nd ref="243677600"/>
    <nd ref="31199774"/>
    <nd ref="243677601"/>
    <nd ref="31199767"/>
    <tag k="highway" v="primary"/>
    <tag k="junction" v="roundabout"/>
    <tag k="oneway" v="yes"/>
    <tag k="route" v="rcn"/>
    <tag k="surface" v="asphalt"/>
  </way>
  <way id="697679221" version="1" timestamp="2019-06-17T05:24:58Z" changeset="71316348" uid="8446889" user="nimmalab">
    <nd ref="6552175512"/>
    <nd ref="6552175513"/>
    <tag k="highway" v="residential"/>
  </way>
  <way id="699832612" version="2" timestamp="2019-07-21T07:46:17Z" changeset="72475750" uid="9065" user="brianboru">
    <nd ref="6571916190"/>
    <nd ref="6571916191"/>
    <nd ref="6571916193"/>
    <nd ref="6571916195"/>
    <nd ref="6571916196"/>
    <nd ref="6571916192"/>
    <nd ref="6634788515"/>
    <nd ref="6571916194"/>
    <tag k="highway" v="residential"/>
    <tag k="name" v="Colonel Dibley Close"/>
    <tag k="source:name" v="OS Open Roads"/>
  </way>
  <way id="706111555" version="1" timestamp="2019-07-21T07:46:15Z" changeset="72475750" uid="9065" user="brianboru">
    <nd ref="6634788515"/>
    <nd ref="6634788514"/>
    <tag k="highway" v="residential"/>
    <tag k="name" v="Colonel Dibley Close"/>
    <tag k="source" v="Maxar Imagery"/>
    <tag k="source:name" v="OS Open Roads"/>
  </way>
  <way id="706111556" version="2" timestamp="2020-10-09T05:00:54Z" changeset="92207178" uid="11734152" user="baggg">
    <nd ref="1445498421"/>
    <nd ref="7990699104"/>
    <nd ref="6634788517"/>
    <nd ref="6571916189"/>
    <nd ref="6571916190"/>
    <nd ref="6634788516"/>
    <tag k="highway" v="residential"/>
    <tag k="name" v="Colonel Dibley Close"/>
    <tag k="source:name" v="OS Open Roads"/>
  </way>
  <way id="706111581" version="3" timestamp="2024-12-31T16:00:51Z" changeset="160839263" uid="13078383" user="Keith Barnett">
    <nd ref="6634788595"/>
    <nd ref="6634788594"/>
    <nd ref="6634788593"/>
    <nd ref="6634788592"/>
    <nd ref="6634788595"/>
    <tag k="addr:housenumber" v="29-31"/>
    <tag k="addr:street" v="Piccadilly Crescent"/>
    <tag k="building" v="residential"/>
    <tag k="source" v="Warwicks CC Aerial Imagery 2013"/>
  </way>
  <way id="712523224" version="2" timestamp="2020-09-28T00:20:22Z" changeset="91600731" uid="498071" user="BabBabBabBab">
    <nd ref="6699165965"/>
    <nd ref="1484206925"/>
    <nd ref="7949171676"/>
    <nd ref="3123233998"/>
    <nd ref="1484206921"/>
    <nd ref="1484206912"/>
    <tag k="highway" v="unclassified"/>
  </way>
  <way id="755813913" version="2" timestamp="2022-08-07T10:27:48Z" changeset="124591140" uid="16768230" user="WickedWolfie">
    <nd ref="7059362096"/>
    <nd ref="7059362095"/>
    <nd ref="7059362094"/>
    <nd ref="7059362093"/>
    <nd ref="7059362096"/>
    <tag k="building" v="residential"/>
    <tag k="name" v="Blythe Cottage"/>
    <tag k="source" v="Warwicks CC Aerial Imagery 2013"/>
  </way>
  <way id="755813936" version="2" timestamp="2020-05-01T13:17:05Z" changeset="84472291" uid="6095563" user="Don Dapper">
    <nd ref="3126851907"/>
    <nd ref="603771940"/>
    <nd ref="254680206"/>
    <tag k="gritting" v="priority_1"/>
    <tag k="gritting_depot" v="Coleshill Heath Road"/>
    <tag k="gritting_operator" v="Warwickshire County Council"/>
    <tag k="gritting_route_ref" v="2"/>
    <tag k="gritting_route_revision" v="201105"/>
    <tag k="highway" v="tertiary"/>
    <tag k="maintenance" v="gritting"/>
    <tag k="name" v="Atherstone Road"/>
  </way>
  <way id="761217059" version="1" timestamp="2020-01-06T11:21:44Z" changeset="79245931" uid="9065" user="brianboru">
    <nd ref="1295499974"/>
    <nd ref="1295500019"/>
    <tag k="highway" v="residential"/>
    <tag k="name" v="Haydock Close"/>
    <tag k="source" v="Bing, OS_Locator"/>
  </way>
  <way id="798806363" version="8" timestamp="2023-02-12T23:57:22Z" changeset="132466767" uid="493595" user="Yorvik Prestigitator">
    <nd ref="7470680537"/>
    <nd ref="2301572558"/>
    <nd ref="2301689454"/>
    <nd ref="2301572568"/>
    <nd ref="3126852047"/>
    <nd ref="7719805733"/>
    <nd ref="98101628"/>
    <nd ref="3126852048"/>
    <nd ref="2301572605"/>
    <nd ref="2301572610"/>
    <nd ref="2301572630"/>
    <nd ref="9883590277"/>
    <nd ref="2301572643"/>
    <nd ref="10653197526"/>
    <nd ref="253222689"/>
    <nd ref="8406885276"/>
    <nd ref="2301572695"/>
    <nd ref="705786806"/>
    <nd ref="5647447768"/>
    <nd ref="8514389937"/>
    <nd ref="9883590275"/>
    <nd ref="2301689649"/>
    <nd ref="253222682"/>
    <nd ref="2301572920"/>
    <nd ref="2301572928"/>
    <nd ref="98101632"/>
    <nd ref="2301572936"/>
    <nd ref="253222680"/>
    <nd ref="8239418680"/>
    <nd ref="6869613846"/>
    <nd ref="253222686"/>
    <nd ref="2301572898"/>
    <nd ref="2301572903"/>
    <nd ref="2301572909"/>
    <nd ref="8454135747"/>
    <nd ref="98101635"/>
    <tag k="gritting" v="priority_1"/>
    <tag k="gritting_depot" v="Coleshill Heath Road"/>
    <tag k="gritting_operator" v="Warwickshire County Council"/>
    <tag k="gritting_route_ref" v="2"/>
    <tag k="gritting_route_revision" v="201105"/>
    <tag k="highway" v="tertiary"/>
    <tag k="maintenance" v="gritting"/>
    <tag k="name" v="Hurley Common"/>
  </way>
  <way id="798806364" version="1" timestamp="2020-05-01T13:17:05Z" changeset="84472291" uid="6095563" user="Don Dapper">
    <nd ref="7470680538"/>
    <nd ref="7470680537"/>
    <tag k="bridge" v="yes"/>
    <tag k="gritting" v="priority_1"/>
    <tag k="gritting_depot" v="Coleshill Heath Road"/>
    <tag k="gritting_operator" v="Warwickshire County Council"/>
    <tag k="gritting_route_ref" v="2"/>
    <tag k="gritting_route_revision" v="201105"/>
    <tag k="highway" v="tertiary"/>
    <tag k="layer" v="1"/>
    <tag k="maintenance" v="gritting"/>
    <tag k="name" v="Hurley Common"/>
  </way>
  <way id="830852939" version="1" timestamp="2020-07-27T19:05:32Z" changeset="88581653" uid="9065" user="brianboru">
    <nd ref="7757478116"/>
    <nd ref="4668391252"/>
    <nd ref="7757478115"/>
    <tag k="highway" v="residential"/>
    <tag k="name" v="Kings Close"/>
    <tag k="source" v="bing"/>
  </way>
  <way id="840502293" version="1" timestamp="2020-08-25T10:42:57Z" changeset="89909071" uid="133272" user="wongataa">
    <nd ref="2301573004"/>
    <nd ref="603360158"/>
    <nd ref="98101635"/>
    <tag k="gritting" v="priority_1"/>
    <tag k="gritting_depot" v="Coleshill Heath Road"/>
    <tag k="gritting_operator" v="Warwickshire County Council"/>
    <tag k="gritting_route_ref" v="2"/>
    <tag k="gritting_route_revision" v="201105"/>
    <tag k="highway" v="tertiary"/>
    <tag k="maintenance" v="gritting"/>
    <tag k="name" v="Hurley Common"/>
    <tag k="source" v="NPE;survey"/>
    <tag k="source:name" v="OS_OpenData_Open_Roads"/>
  </way>
  <way id="840502295" version="1" timestamp="2020-08-25T10:42:57Z" changeset="89909071" uid="133272" user="wongataa">
    <nd ref="247223154"/>
    <nd ref="247223155"/>
    <nd ref="6903114950"/>
    <nd ref="603363160"/>
    <nd ref="5639464302"/>
    <nd ref="247229691"/>
    <tag k="gritting" v="priority_1"/>
    <tag k="gritting_depot" v="Coleshill Heath Road"/>
    <tag k="gritting_operator" v="Warwickshire County Council"/>
    <tag k="gritting_route_ref" v="2"/>
    <tag k="gritting_route_revision" v="201105"/>
    <tag k="highway" v="tertiary"/>
    <tag k="highway_authority_ref" v="C8"/>
    <tag k="maintenance" v="gritting"/>
    <tag k="name" v="Tamworth Road"/>
    <tag k="source:name" v="OS_OpenData_Open_Roads"/>
  </way>
  <way id="852515191" version="6" timestamp="2023-03-13T21:19:20Z" changeset="133642198" uid="5589" user="user_5589">
    <nd ref="217024"/>
    <nd ref="21422732"/>
    <nd ref="217026"/>
    <nd ref="21422731"/>
    <nd ref="217028"/>
    <nd ref="21422730"/>
    <nd ref="217030"/>
    <nd ref="21422733"/>
    <tag k="bicycle" v="no"/>
    <tag k="carriageway_ref" v="A"/>
    <tag k="cutting" v="yes"/>
    <tag k="foot" v="no"/>
    <tag k="highway" v="motorway"/>
    <tag k="lanes" v="2"/>
    <tag k="lit" v="no"/>
    <tag k="maxheight" v="default"/>
    <tag k="maxspeed" v="70 mph"/>
    <tag k="maxspeed:type" v="GB:motorway"/>
    <tag k="national_highways:area" v="9"/>
    <tag k="oneway" v="yes"/>
    <tag k="operator" v="National Highways"/>
    <tag k="operator:wikidata" v="Q5760006"/>
    <tag k="parking:both" v="no"/>
    <tag k="parking:both:restriction" v="no_stopping"/>
    <tag k="ref" v="M42"/>
    <tag k="surface" v="asphalt"/>
  </way>
  <way id="852515192" version="5" timestamp="2023-03-13T21:19:20Z" changeset="133642198" uid="5589" user="user_5589">
    <nd ref="21422722"/>
    <nd ref="21422721"/>
    <nd ref="21422720"/>
    <nd ref="21422723"/>
    <tag k="bicycle" v="no"/>
    <tag k="carriageway_ref" v="B"/>
    <tag k="foot" v="no"/>
    <tag k="highway" v="motorway"/>
    <tag k="lanes" v="2"/>
    <tag k="lit" v="no"/>
    <tag k="maxspeed" v="70 mph"/>
    <tag k="maxspeed:type" v="GB:motorway"/>
    <tag k="national_highways:area" v="9"/>
    <tag k="oneway" v="yes"/>
    <tag k="operator" v="National Highways"/>
    <tag k="operator:wikidata" v="Q5760006"/>
    <tag k="parking:both" v="no"/>
    <tag k="parking:both:restriction" v="no_stopping"/>
    <tag k="ref" v="M42"/>
    <tag k="surface" v="concrete"/>
  </way>
  <way id="852515194" version="6" timestamp="2023-03-13T21:19:20Z" changeset="133642198" uid="5589" user="user_5589">
    <nd ref="21422742"/>
    <nd ref="21422729"/>
    <nd ref="21422728"/>
    <nd ref="21422727"/>
    <nd ref="21422726"/>
    <nd ref="21422725"/>
    <nd ref="21422724"/>
    <nd ref="21422722"/>
    <tag k="bicycle" v="no"/>
    <tag k="carriageway_ref" v="B"/>
    <tag k="cutting" v="yes"/>
    <tag k="foot" v="no"/>
    <tag k="highway" v="motorway"/>
    <tag k="lanes" v="2"/>
    <tag k="lit" v="no"/>
    <tag k="maxheight" v="default"/>
    <tag k="maxspeed" v="70 mph"/>
    <tag k="maxspeed:type" v="GB:motorway"/>
    <tag k="national_highways:area" v="9"/>
    <tag k="oneway" v="yes"/>
    <tag k="operator" v="National Highways"/>
    <tag k="operator:wikidata" v="Q5760006"/>
    <tag k="parking:both" v="no"/>
    <tag k="parking:both:restriction" v="no_stopping"/>
    <tag k="ref" v="M42"/>
    <tag k="surface" v="concrete"/>
  </way>
  <way id="852515195" version="5" timestamp="2023-03-13T21:19:20Z" changeset="133642198" uid="5589" user="user_5589">
    <nd ref="7952384427"/>
    <nd ref="21422712"/>
    <nd ref="3123233788"/>
    <nd ref="21422711"/>
    <tag k="bicycle" v="no"/>
    <tag k="carriageway_ref" v="B"/>
    <tag k="foot" v="no"/>
    <tag k="highway" v="motorway"/>
    <tag k="lanes" v="2"/>
    <tag k="lit" v="no"/>
    <tag k="maxspeed" v="70 mph"/>
    <tag k="maxspeed:type" v="GB:motorway"/>
    <tag k="national_highways:area" v="9"/>
    <tag k="oneway" v="yes"/>
    <tag k="operator" v="National Highways"/>
    <tag k="operator:wikidata" v="Q5760006"/>
    <tag k="parking:both" v="no"/>
    <tag k="parking:both:restriction" v="no_stopping"/>
    <tag k="ref" v="M42"/>
    <tag k="surface" v="concrete"/>
  </way>
  <way id="852515196" version="6" timestamp="2023-03-13T21:19:20Z" changeset="133642198" uid="5589" user="user_5589">
    <nd ref="7952384426"/>
    <nd ref="3123233820"/>
    <nd ref="217017"/>
    <nd ref="3123233873"/>
    <nd ref="3123233882"/>
    <nd ref="217016"/>
    <nd ref="3123233904"/>
    <nd ref="21422717"/>
    <nd ref="3123233945"/>
    <nd ref="217015"/>
    <nd ref="21422718"/>
    <tag k="bicycle" v="no"/>
    <tag k="carriageway_ref" v="A"/>
    <tag k="cutting" v="yes"/>
    <tag k="foot" v="no"/>
    <tag k="highway" v="motorway"/>
    <tag k="lanes" v="2"/>
    <tag k="lit" v="no"/>
    <tag k="maxheight" v="default"/>
    <tag k="maxspeed" v="70 mph"/>
    <tag k="maxspeed:type" v="GB:motorway"/>
    <tag k="national_highways:area" v="9"/>
    <tag k="oneway" v="yes"/>
    <tag k="operator" v="National Highways"/>
    <tag k="operator:wikidata" v="Q5760006"/>
    <tag k="parking:both" v="no"/>
    <tag k="parking:both:restriction" v="no_stopping"/>
    <tag k="ref" v="M42"/>
    <tag k="surface" v="asphalt"/>
  </way>
  <way id="852515197" version="5" timestamp="2023-03-13T21:19:20Z" changeset="133642198" uid="5589" user="user_5589">
    <nd ref="21422718"/>
    <nd ref="217021"/>
    <nd ref="5008572034"/>
    <nd ref="21422719"/>
    <nd ref="217024"/>
    <tag k="bicycle" v="no"/>
    <tag k="carriageway_ref" v="A"/>
    <tag k="foot" v="no"/>
    <tag k="highway" v="motorway"/>
    <tag k="lanes" v="2"/>
    <tag k="lit" v="no"/>
    <tag k="maxspeed" v="70 mph"/>
    <tag k="maxspeed:type" v="GB:motorway"/>
    <tag k="national_highways:area" v="9"/>
    <tag k="oneway" v="yes"/>
    <tag k="operator" v="National Highways"/>
    <tag k="operator:wikidata" v="Q5760006"/>
    <tag k="parking:both" v="no"/>
    <tag k="parking:both:restriction" v="no_stopping"/>
    <tag k="ref" v="M42"/>
    <tag k="surface" v="asphalt"/>
  </way>
  <way id="852515198" version="6" timestamp="2023-03-13T21:19:20Z" changeset="133642198" uid="5589" user="user_5589">
    <nd ref="21422723"/>
    <nd ref="21422715"/>
    <nd ref="3123233937"/>
    <nd ref="21422716"/>
    <nd ref="3123233900"/>
    <nd ref="21422714"/>
    <nd ref="3123233879"/>
    <nd ref="3123233871"/>
    <nd ref="21422713"/>
    <nd ref="3123233811"/>
    <nd ref="7952384427"/>
    <tag k="bicycle" v="no"/>
    <tag k="carriageway_ref" v="B"/>
    <tag k="cutting" v="yes"/>
    <tag k="foot" v="no"/>
    <tag k="highway" v="motorway"/>
    <tag k="lanes" v="2"/>
    <tag k="lit" v="no"/>
    <tag k="maxheight" v="default"/>
    <tag k="maxspeed" v="70 mph"/>
    <tag k="maxspeed:type" v="GB:motorway"/>
    <tag k="national_highways:area" v="9"/>
    <tag k="oneway" v="yes"/>
    <tag k="operator" v="National Highways"/>
    <tag k="operator:wikidata" v="Q5760006"/>
    <tag k="parking:both" v="no"/>
    <tag k="parking:both:restriction" v="no_stopping"/>
    <tag k="ref" v="M42"/>
    <tag k="surface" v="concrete"/>
  </way>
  <way id="852984180" version="2" timestamp="2020-10-01T12:29:10Z" changeset="91827077" uid="498071" user="BabBabBabBab">
    <nd ref="7955956215"/>
    <nd ref="603364054"/>
    <nd ref="7963178526"/>
    <nd ref="1559645342"/>
    <nd ref="60330691"/>
    <nd ref="603364045"/>
    <tag k="gritting" v="priority_1"/>
    <tag k="gritting_depot" v="Coleshill Heath Road"/>
    <tag k="gritting_operator" v="Warwickshire County Council"/>
    <tag k="gritting_route_ref" v="1"/>
    <tag k="gritting_route_revision" v="201110"/>
    <tag k="highway" v="tertiary"/>
    <tag k="highway_authority_ref" v="C79"/>
    <tag k="lanes" v="2"/>
    <tag k="maintenance" v="gritting"/>
    <tag k="maxspeed" v="50 mph"/>
    <tag k="name" v="Overwoods Road"/>
    <tag k="source" v="Bing, OS_Locator"/>
    <tag k="surface" v="asphalt"/>
  </way>
  <way id="1209615045" version="1" timestamp="2023-09-21T00:22:22Z" changeset="141535361" uid="12198029" user="spelledwrongdotuk">
    <nd ref="11206627855"/>
    <nd ref="11206627856"/>
    <nd ref="11206627857"/>
    <nd ref="11206627858"/>
    <nd ref="11206627855"/>
    <tag k="building" v="yes"/>
    <tag k="name" v="signal box"/>
  </way>
  <way id="1343483875" version="1" timestamp="2024-12-18T14:07:26Z" changeset="160353058" uid="20652475" user="scottpengelly">
    <nd ref="575993837"/>
    <nd ref="3123160865"/>
    <nd ref="31199798"/>
    <nd ref="2596040414"/>
    <nd ref="2596040491"/>
    <nd ref="31199797"/>
    <nd ref="2596040931"/>
    <nd ref="3123158927"/>
    <nd ref="2596040265"/>
    <nd ref="3138740014"/>
    <nd ref="31199796"/>
    <nd ref="12430858292"/>
    <tag k="DfT_AADF" v="10059"/>
    <tag k="DfT_AADF_bus" v="77"/>
    <tag k="DfT_AADF_car" v="8293"/>
    <tag k="DfT_AADF_hgv" v="378"/>
    <tag k="DfT_AADF_lgv" v="1191"/>
    <tag k="DfT_AADF_year" v="2013"/>
    <tag k="DfT_traffic_counter_ref" v="8522"/>
    <tag k="gritting" v="priority_1"/>
    <tag k="gritting_depot" v="Coleshill Heath Road"/>
    <tag k="gritting_operator" v="Warwickshire County Council"/>
    <tag k="gritting_route_ref" v="1"/>
    <tag k="gritting_route_revision" v="201110"/>
    <tag k="highway" v="primary"/>
    <tag k="lanes" v="2"/>
    <tag k="maintenance" v="gritting"/>
    <tag k="maxspeed" v="50 mph"/>
    <tag k="name" v="Tamworth Road"/>
    <tag k="old_ref" v="A423"/>
    <tag k="ref" v="A51"/>
    <tag k="sidewalk" v="both"/>
    <tag k="surface" v="asphalt"/>
  </way>
  <way id="1346083399" version="1" timestamp="2024-12-24T23:57:18Z" changeset="160590505" uid="493595" user="Yorvik Prestigitator">
    <nd ref="12450290688"/>
    <nd ref="12450290689"/>
    <nd ref="12450290690"/>
    <nd ref="12450290691"/>
    <nd ref="2163020236"/>
    <tag k="highway" v="residential"/>
  </way>
  <way id="1351556786" version="1" timestamp="2025-01-15T12:44:05Z" changeset="161379570" uid="5229644" user="Nathan_A_RF">
    <nd ref="705795452"/>
    <nd ref="1445498403"/>
    <nd ref="125978836"/>
    <nd ref="125970876"/>
    <nd ref="2296679449"/>
    <nd ref="1484206888"/>
    <nd ref="125970872"/>
    <nd ref="98150332"/>
    <nd ref="98150333"/>
    <nd ref="3101748894"/>
    <tag k="gritting" v="priority_1"/>
    <tag k="gritting_depot" v="Coleshill Heath Road"/>
    <tag k="gritting_operator" v="Warwickshire County Council"/>
    <tag k="gritting_route_ref" v="1"/>
    <tag k="gritting_route_revision" v="201110"/>
    <tag k="highway" v="tertiary"/>
    <tag k="highway_authority_ref" v="C8"/>
    <tag k="lanes" v="2"/>
    <tag k="maintenance" v="gritting"/>
    <tag k="maxspeed" v="60 mph"/>
    <tag k="maxspeed:type" v="GB:nsl_single"/>
    <tag k="name" v="Trinity Road"/>
    <tag k="surface" v="asphalt"/>
  </way>
  <way id="1351556787" version="1" timestamp="2025-01-15T12:44:05Z" changeset="161379570" uid="5229644" user="Nathan_A_RF">
    <nd ref="705792024"/>
    <nd ref="705792025"/>
    <nd ref="1445498411"/>
    <nd ref="1445498339"/>
    <nd ref="125978834"/>
    <nd ref="1673613148"/>
    <nd ref="98150331"/>
    <nd ref="1445498345"/>
    <nd ref="1445498412"/>
    <nd ref="705795452"/>
    <tag k="gritting" v="priority_1"/>
    <tag k="gritting_depot" v="Coleshill Heath Road"/>
    <tag k="gritting_operator" v="Warwickshire County Council"/>
    <tag k="gritting_route_ref" v="1"/>
    <tag k="gritting_route_revision" v="201110"/>
    <tag k="highway" v="tertiary"/>
    <tag k="highway_authority_ref" v="C8"/>
    <tag k="lanes" v="1"/>
    <tag k="maintenance" v="gritting"/>
    <tag k="maxheight" v="3.5"/>
    <tag k="maxspeed" v="60 mph"/>
    <tag k="maxspeed:type" v="GB:nsl_single"/>
    <tag k="name" v="Trinity Road"/>
    <tag k="oneway" v="alternating"/>
    <tag k="surface" v="asphalt"/>
  </way>
  <relation id="4101213" version="4" timestamp="2022-04-22T10:11:50Z" changeset="120041874" uid="242345" user="confusedbuffalo">
    <member type="way" ref="307140800" role="outer"/>
    <member type="way" ref="307140796" role="inner"/>
    <tag k="addr:city" v="Kingsbury"/>
    <tag k="addr:postcode" v="B78 2HW"/>
    <tag k="addr:street" v="Bromage Avenue"/>
    <tag k="amenity" v="school"/>
    <tag k="building" v="school"/>
    <tag k="capacity" v="315"/>
    <tag k="isced:level" v="1"/>
    <tag k="max_age" v="11"/>
    <tag k="min_age" v="4"/>
    <tag k="name" v="Kingsbury Primary School"/>
    <tag k="phone" v="+44 1827 872275"/>
    <tag k="ref:GB:uprn" v="100071398991"/>
    <tag k="ref:edubase" v="134924"/>
    <tag k="religion" v="none"/>
    <tag k="school:boarding" v="no"/>
    <tag k="school:gender" v="mixed"/>
    <tag k="school:selective" v="no"/>
    <tag k="school:trust" v="no"/>
    <tag k="school:type" v="community"/>
    <tag k="type" v="multipolygon"/>
    <tag k="website" v="https://www.kingsburyps.co.uk/"/>
  </relation>

</osm>
