<?xml version="1.0" encoding="UTF-8"?>
<osm version="0.6" generator="Overpass API 0.7.62.8 e802775f">
<note>The data included in this document is from www.openstreetmap.org. The data is made available under ODbL.</note>
<meta osm_base="2025-10-23T17:34:45Z" areas="2025-10-23T14:54:58Z"/>

  <node id="206740" lat="52.5786794" lon="-1.7741102" version="3" timestamp="2011-04-18T17:14:56Z" changeset="7899010" uid="735" user="blackadder"/>
  <node id="206783" lat="52.5880161" lon="-1.7878272" version="2" timestamp="2012-12-10T16:41:06Z" changeset="14228171" uid="735" user="blackadder"/>
  <node id="207022" lat="52.5708937" lon="-1.7714482" version="3" timestamp="2012-01-06T08:31:47Z" changeset="10308855" uid="735" user="blackadder"/>
  <node id="207029" lat="52.5669598" lon="-1.7704141" version="3" timestamp="2011-06-11T10:00:08Z" changeset="8404445" uid="82783" user="Paul The Archivist"/>
  <node id="207034" lat="52.5666405" lon="-1.7696650" version="3" timestamp="2011-06-11T10:00:23Z" changeset="8404445" uid="82783" user="Paul The Archivist"/>
  <node id="207044" lat="52.5641306" lon="-1.7702324" version="4" timestamp="2012-06-20T10:05:42Z" changeset="11956806" uid="735" user="blackadder"/>
  <node id="208881" lat="52.5603311" lon="-1.7413086" version="2" timestamp="2012-12-10T17:29:43Z" changeset="14228719" uid="735" user="blackadder"/>
  <node id="208893" lat="52.5647633" lon="-1.7573639" version="4" timestamp="2014-04-16T07:22:01Z" changeset="21724098" uid="735" user="blackadder"/>
  <node id="228098" lat="52.5812845" lon="-1.7849785" version="6" timestamp="2017-08-17T02:47:49Z" changeset="51191515" uid="6202436" user="Gabriel Reynolds">
    <tag k="highway" v="motorway_junction"/>
    <tag k="name" v="Langley Mill"/>
    <tag k="ref" v="T3"/>
  </node>
  <node id="246744" lat="52.5581705" lon="-1.7496520" version="6" timestamp="2011-09-18T17:32:29Z" changeset="9335111" uid="4951" user="PeterEastern"/>
  <node id="255164" lat="52.5879734" lon="-1.7870589" version="2" timestamp="2012-12-10T16:41:06Z" changeset="14228171" uid="735" user="blackadder"/>
  <node id="255180" lat="52.5892326" lon="-1.7825087" version="2" timestamp="2012-11-10T07:51:17Z" changeset="13817781" uid="5926" user="c2r"/>
  <node id="270011" lat="52.5519918" lon="-1.7300322" version="2" timestamp="2017-08-03T02:54:41Z" changeset="50794719" uid="5296090" user="TR42"/>
  <node id="270019" lat="52.5675579" lon="-1.7238883" version="4" timestamp="2020-01-06T08:11:02Z" changeset="79237308" uid="9065" user="brianboru"/>
  <node id="286725" lat="52.5907219" lon="-1.7817779" version="6" timestamp="2025-01-15T14:48:09Z" changeset="161383800" uid="5229644" user="Nathan_A_RF"/>
  <node id="9485104" lat="52.5908331" lon="-1.7166619" version="3" timestamp="2014-11-11T12:03:11Z" changeset="26709031" uid="735" user="blackadder"/>
  <node id="132535628" lat="52.5905882" lon="-1.7809937" version="6" timestamp="2025-01-15T14:48:09Z" changeset="161383800" uid="5229644" user="Nathan_A_RF"/>
  <node id="132535642" lat="52.5901458" lon="-1.7808811" version="3" timestamp="2013-05-28T10:46:12Z" changeset="16321952" uid="735" user="blackadder"/>
  <node id="312271875" lat="52.5638706" lon="-1.7589789" version="5" timestamp="2014-04-16T07:22:02Z" changeset="21724098" uid="735" user="blackadder"/>
  <node id="325174926" lat="52.5928795" lon="-1.7956684" version="2" timestamp="2011-10-10T16:53:30Z" changeset="9523482" uid="735" user="blackadder"/>
  <node id="883495419" lat="52.5683612" lon="-1.7706255" version="2" timestamp="2011-04-18T17:14:52Z" changeset="7899010" uid="735" user="blackadder"/>
  <node id="883495422" lat="52.5681058" lon="-1.7705585" version="2" timestamp="2011-04-18T17:15:00Z" changeset="7899010" uid="735" user="blackadder"/>
  <node id="883495427" lat="52.5679077" lon="-1.7699133" version="2" timestamp="2011-04-18T17:14:51Z" changeset="7899010" uid="735" user="blackadder"/>
  <node id="883495428" lat="52.5676830" lon="-1.7698690" version="2" timestamp="2011-04-18T17:14:54Z" changeset="7899010" uid="735" user="blackadder"/>
  <node id="1791494989" lat="52.5615788" lon="-1.7668697" version="1" timestamp="2012-06-17T11:19:24Z" changeset="11924409" uid="9065" user="brianboru"/>
  <node id="1791495016" lat="52.5631673" lon="-1.7698464" version="1" timestamp="2012-06-17T11:19:25Z" changeset="11924409" uid="9065" user="brianboru"/>
  <node id="2001845353" lat="52.5631155" lon="-1.7703061" version="2" timestamp="2015-09-21T04:40:03Z" changeset="34153332" uid="178626" user="Rovastar"/>
  <node id="2001845355" lat="52.5720532" lon="-1.7723954" version="1" timestamp="2012-11-07T21:06:25Z" changeset="13790171" uid="5926" user="c2r"/>
  <node id="2001845357" lat="52.5720854" lon="-1.7722215" version="1" timestamp="2012-11-07T21:06:25Z" changeset="13790171" uid="5926" user="c2r"/>
  <node id="2001849070" lat="52.5785773" lon="-1.7766638" version="1" timestamp="2012-11-07T21:11:16Z" changeset="13790171" uid="5926" user="c2r"/>
  <node id="2060137701" lat="52.5644866" lon="-1.7543786" version="1" timestamp="2012-12-10T17:29:38Z" changeset="14228719" uid="735" user="blackadder"/>
  <node id="2421595617" lat="52.5903847" lon="-1.7823145" version="1" timestamp="2013-08-17T09:53:06Z" changeset="17381753" uid="61942" user="SomeoneElse"/>
  <node id="4485256473" lat="52.5744753" lon="-1.7905493" version="1" timestamp="2016-11-06T11:45:59Z" changeset="43439299" uid="133272" user="wongataa"/>
  <node id="5010529876" lat="52.5875413" lon="-1.7884864" version="1" timestamp="2017-08-03T03:11:19Z" changeset="50794719" uid="5296090" user="TR42"/>
  <node id="6415227006" lat="52.5851104" lon="-1.7223366" version="1" timestamp="2019-04-18T22:03:30Z" changeset="69361084" uid="498071" user="BabBabBabBab"/>
  <way id="457" version="16" timestamp="2025-08-20T11:19:52Z" changeset="170719845" uid="16453092" user="pdysrb">
    <nd ref="207031"/>
    <nd ref="1319872702"/>
    <nd ref="1319872698"/>
    <nd ref="207032"/>
    <nd ref="6211579902"/>
    <nd ref="1319872694"/>
    <nd ref="1250191821"/>
    <nd ref="1319872700"/>
    <nd ref="207033"/>
    <nd ref="207034"/>
    <tag k="foot" v="no"/>
    <tag k="gritting" v="priority_1"/>
    <tag k="gritting_depot" v="Coleshill Heath Road"/>
    <tag k="gritting_operator" v="Warwickshire County Council"/>
    <tag k="gritting_route_ref" v="1"/>
    <tag k="gritting_route_revision" v="201110"/>
    <tag k="highway" v="trunk"/>
    <tag k="junction" v="circular"/>
    <tag k="lanes" v="2"/>
    <tag k="lit" v="yes"/>
    <tag k="maintenance" v="gritting"/>
    <tag k="maxspeed" v="70 mph"/>
    <tag k="name" v="Sutton Coldfield Bypass"/>
    <tag k="note" v="gritting addition Oct 2010"/>
    <tag k="oneway" v="yes"/>
    <tag k="ref" v="A38"/>
    <tag k="source" v="survey;Bing"/>
    <tag k="source:maxspeed" v="survey"/>
  </way>
  <way id="458" version="12" timestamp="2025-08-23T19:47:42Z" changeset="170897487" uid="16453092" user="pdysrb">
    <nd ref="207034"/>
    <nd ref="1250191724"/>
    <nd ref="207047"/>
    <nd ref="1250191912"/>
    <nd ref="207046"/>
    <nd ref="207045"/>
    <nd ref="207049"/>
    <nd ref="2001845356"/>
    <tag k="gritting" v="priority_1"/>
    <tag k="gritting_operator" v="Birmingham City Council"/>
    <tag k="highway" v="trunk"/>
    <tag k="lanes" v="2"/>
    <tag k="lit" v="yes"/>
    <tag k="maintenance" v="gritting"/>
    <tag k="maxspeed" v="70 mph"/>
    <tag k="name" v="Sutton Coldfield Bypass"/>
    <tag k="note" v="gritting addition Oct 2010"/>
    <tag k="oneway" v="yes"/>
    <tag k="ref" v="A38"/>
    <tag k="source" v="survey"/>
    <tag k="source:maxspeed" v="survey"/>
  </way>
  <way id="459" version="10" timestamp="2025-08-23T19:47:42Z" changeset="170897487" uid="16453092" user="pdysrb">
    <nd ref="1250191631"/>
    <nd ref="206997"/>
    <nd ref="1250191624"/>
    <nd ref="206995"/>
    <nd ref="2001849076"/>
    <tag k="carriageway_ref" v="A"/>
    <tag k="gritting" v="priority_1"/>
    <tag k="gritting_depot" v="Coleshill Heath Road"/>
    <tag k="gritting_operator" v="Warwickshire County Council"/>
    <tag k="gritting_route_ref" v="1"/>
    <tag k="gritting_route_revision" v="201110"/>
    <tag k="highway" v="trunk"/>
    <tag k="lanes" v="2"/>
    <tag k="lit" v="yes"/>
    <tag k="maintenance" v="gritting"/>
    <tag k="maxspeed" v="70 mph"/>
    <tag k="name" v="Sutton Coldfield Bypass"/>
    <tag k="oneway" v="yes"/>
    <tag k="ref" v="A38"/>
    <tag k="source" v="survey"/>
    <tag k="source:maxspeed" v="survey"/>
  </way>
  <way id="460" version="12" timestamp="2025-09-27T15:23:57Z" changeset="172530990" uid="16453092" user="pdysrb">
    <nd ref="207029"/>
    <nd ref="1250191902"/>
    <nd ref="207038"/>
    <nd ref="1579257990"/>
    <nd ref="207039"/>
    <nd ref="207027"/>
    <nd ref="207025"/>
    <nd ref="1579258030"/>
    <nd ref="207023"/>
    <nd ref="1579258043"/>
    <nd ref="207021"/>
    <nd ref="2001845355"/>
    <tag k="carriageway_ref" v="A"/>
    <tag k="foot" v="no"/>
    <tag k="gritting" v="priority_1"/>
    <tag k="gritting_depot" v="Coleshill Heath Road"/>
    <tag k="gritting_operator" v="Warwickshire County Council"/>
    <tag k="gritting_route_ref" v="1"/>
    <tag k="gritting_route_revision" v="201110"/>
    <tag k="highway" v="trunk"/>
    <tag k="lanes" v="2"/>
    <tag k="lit" v="yes"/>
    <tag k="maintenance" v="gritting"/>
    <tag k="maxspeed" v="70 mph"/>
    <tag k="name" v="Sutton Coldfield Bypass"/>
    <tag k="note" v="gritting addition Oct 2010"/>
    <tag k="oneway" v="yes"/>
    <tag k="ref" v="A38"/>
    <tag k="source" v="survey"/>
    <tag k="source:maxspeed" v="survey"/>
  </way>
  <way id="461" version="13" timestamp="2025-09-27T15:23:57Z" changeset="172530990" uid="16453092" user="pdysrb">
    <nd ref="207002"/>
    <nd ref="207009"/>
    <nd ref="2001849070"/>
    <tag k="carriageway_ref" v="B"/>
    <tag k="foot" v="no"/>
    <tag k="gritting" v="priority_1"/>
    <tag k="gritting_depot" v="Coleshill Heath Road"/>
    <tag k="gritting_operator" v="Warwickshire County Council"/>
    <tag k="gritting_route_ref" v="1"/>
    <tag k="gritting_route_revision" v="201110"/>
    <tag k="highway" v="trunk"/>
    <tag k="lanes" v="2"/>
    <tag k="lit" v="yes"/>
    <tag k="maintenance" v="gritting"/>
    <tag k="maxspeed" v="70 mph"/>
    <tag k="name" v="Sutton Coldfield Bypass"/>
    <tag k="note" v="gritting addition Oct 2010"/>
    <tag k="oneway" v="yes"/>
    <tag k="ref" v="A38"/>
    <tag k="source" v="survey"/>
    <tag k="source:maxspeed" v="survey"/>
  </way>
  <way id="462" version="13" timestamp="2025-08-20T11:19:52Z" changeset="170719845" uid="16453092" user="pdysrb">
    <nd ref="206998"/>
    <nd ref="1250191631"/>
    <tag k="foot" v="no"/>
    <tag k="gritting" v="priority_1"/>
    <tag k="gritting_depot" v="Coleshill Heath Road"/>
    <tag k="gritting_operator" v="Warwickshire County Council"/>
    <tag k="gritting_route_ref" v="1"/>
    <tag k="gritting_route_revision" v="201110"/>
    <tag k="highway" v="trunk"/>
    <tag k="junction" v="roundabout"/>
    <tag k="lanes" v="2"/>
    <tag k="lit" v="yes"/>
    <tag k="maintenance" v="gritting"/>
    <tag k="maxspeed" v="70 mph"/>
    <tag k="name" v="Sutton Coldfield Bypass"/>
    <tag k="note" v="gritting addition Oct 2010"/>
    <tag k="oneway" v="yes"/>
    <tag k="ref" v="A38"/>
    <tag k="source" v="survey"/>
    <tag k="source:maxspeed" v="survey"/>
  </way>
  <way id="463" version="15" timestamp="2023-08-18T14:49:55Z" changeset="140057855" uid="5589" user="user_5589">
    <nd ref="132535642"/>
    <nd ref="5010527484"/>
    <nd ref="132535637"/>
    <nd ref="2322975324"/>
    <nd ref="132535634"/>
    <nd ref="2322975326"/>
    <nd ref="132535630"/>
    <nd ref="1252866512"/>
    <nd ref="206754"/>
    <nd ref="2322975325"/>
    <nd ref="206755"/>
    <tag k="DfT_AADF" v="20164"/>
    <tag k="DfT_AADF_bus" v="51"/>
    <tag k="DfT_AADF_car" v="14227"/>
    <tag k="DfT_AADF_hgv" v="3103"/>
    <tag k="DfT_AADF_lgv" v="2698"/>
    <tag k="DfT_AADF_year" v="2013"/>
    <tag k="DfT_traffic_counter_ref" v="47186"/>
    <tag k="gritting" v="priority_1"/>
    <tag k="gritting_depot" v="Coleshill Heath Road"/>
    <tag k="gritting_operator" v="Warwickshire County Council"/>
    <tag k="gritting_route_ref" v="1"/>
    <tag k="gritting_route_revision" v="201110"/>
    <tag k="highway" v="trunk"/>
    <tag k="lanes" v="2"/>
    <tag k="lit" v="yes"/>
    <tag k="maintenance" v="gritting"/>
    <tag k="maxspeed" v="60 mph"/>
    <tag k="maxspeed:type" v="GB:nsl_single"/>
    <tag k="name" v="London Road"/>
    <tag k="oneway" v="yes"/>
    <tag k="ref" v="A446"/>
    <tag k="surface" v="asphalt"/>
  </way>
  <way id="825" version="21" timestamp="2025-09-27T15:21:15Z" changeset="172530888" uid="16453092" user="pdysrb">
    <nd ref="206740"/>
    <nd ref="278284"/>
    <nd ref="5010527483"/>
    <nd ref="325851391"/>
    <nd ref="325851334"/>
    <nd ref="278283"/>
    <nd ref="2254457799"/>
    <nd ref="278282"/>
    <nd ref="8622689051"/>
    <nd ref="5010527489"/>
    <nd ref="11657879457"/>
    <nd ref="325851319"/>
    <nd ref="278281"/>
    <nd ref="1970194060"/>
    <nd ref="2254457785"/>
    <nd ref="325851326"/>
    <nd ref="1791822366"/>
    <nd ref="1791822354"/>
    <nd ref="278280"/>
    <nd ref="6301234410"/>
    <nd ref="278279"/>
    <nd ref="278278"/>
    <nd ref="278277"/>
    <nd ref="278276"/>
    <nd ref="5010527487"/>
    <nd ref="5010527481"/>
    <nd ref="1791822041"/>
    <nd ref="278275"/>
    <nd ref="2254457773"/>
    <tag k="DfT_AADF" v="20164"/>
    <tag k="DfT_AADF_bus" v="51"/>
    <tag k="DfT_AADF_car" v="14227"/>
    <tag k="DfT_AADF_hgv" v="3103"/>
    <tag k="DfT_AADF_lgv" v="2698"/>
    <tag k="DfT_AADF_year" v="2013"/>
    <tag k="DfT_traffic_counter_ref" v="47186"/>
    <tag k="foot" v="no"/>
    <tag k="gritting" v="priority_1"/>
    <tag k="gritting_depot" v="Coleshill Heath Road"/>
    <tag k="gritting_operator" v="Warwickshire County Council"/>
    <tag k="gritting_route_ref" v="1"/>
    <tag k="gritting_route_revision" v="201110"/>
    <tag k="highway" v="trunk"/>
    <tag k="lanes" v="2"/>
    <tag k="lit" v="no"/>
    <tag k="maintenance" v="gritting"/>
    <tag k="maxspeed" v="60 mph"/>
    <tag k="maxspeed:type" v="GB:nsl_single"/>
    <tag k="name" v="London Road"/>
    <tag k="ref" v="A446"/>
    <tag k="shoulder" v="no"/>
    <tag k="surface" v="asphalt"/>
  </way>
  <way id="826" version="12" timestamp="2023-02-18T01:40:16Z" changeset="132700461" uid="13341565" user="Falsernet">
    <nd ref="207044"/>
    <nd ref="227880"/>
    <nd ref="227879"/>
    <nd ref="227878"/>
    <nd ref="1791553009"/>
    <nd ref="227881"/>
    <nd ref="227889"/>
    <nd ref="227888"/>
    <nd ref="1791553063"/>
    <nd ref="227887"/>
    <nd ref="1791553159"/>
    <nd ref="1791553239"/>
    <nd ref="1791553293"/>
    <nd ref="227886"/>
    <tag k="bicycle" v="no"/>
    <tag k="foot" v="no"/>
    <tag k="highway" v="motorway_link"/>
    <tag k="horse" v="no"/>
    <tag k="lanes" v="2"/>
    <tag k="lit" v="yes"/>
    <tag k="maxspeed" v="70 mph"/>
    <tag k="motor_vehicle" v="designated"/>
    <tag k="oneway" v="yes"/>
    <tag k="operator" v="Midland Expressway Ltd"/>
    <tag k="ref" v="M6 Toll"/>
    <tag k="toll" v="yes"/>
  </way>
  <way id="829" version="12" timestamp="2016-11-21T23:10:43Z" changeset="43858912" uid="91225" user="tms13">
    <nd ref="228098"/>
    <nd ref="653314"/>
    <nd ref="1250191623"/>
    <nd ref="1250191711"/>
    <nd ref="653313"/>
    <nd ref="653315"/>
    <nd ref="653312"/>
    <nd ref="206998"/>
    <tag k="bicycle" v="no"/>
    <tag k="foot" v="no"/>
    <tag k="highway" v="motorway_link"/>
    <tag k="horse" v="no"/>
    <tag k="lanes" v="1"/>
    <tag k="lit" v="yes"/>
    <tag k="maxspeed" v="70 mph"/>
    <tag k="maxspeed:type" v="GB:motorway"/>
    <tag k="motor_vehicle" v="designated"/>
    <tag k="oneway" v="yes"/>
    <tag k="operator" v="Midland Expressway Ltd"/>
    <tag k="ref" v="M6 Toll"/>
    <tag k="toll" v="yes"/>
  </way>
  <way id="860" version="10" timestamp="2025-04-16T17:26:45Z" changeset="165039121" uid="22685556" user="AH9999">
    <nd ref="4485256473"/>
    <nd ref="206728"/>
    <nd ref="20944783"/>
    <nd ref="206729"/>
    <nd ref="1970194075"/>
    <nd ref="20944792"/>
    <nd ref="206730"/>
    <nd ref="1970094760"/>
    <nd ref="206731"/>
    <nd ref="1970094759"/>
    <nd ref="206732"/>
    <nd ref="1970094764"/>
    <nd ref="1970094771"/>
    <nd ref="206733"/>
    <nd ref="1250191830"/>
    <nd ref="1250191620"/>
    <nd ref="8186315109"/>
    <nd ref="206734"/>
    <nd ref="1250191610"/>
    <tag k="highway" v="unclassified"/>
    <tag k="maxspeed" v="60 mph"/>
    <tag k="maxspeed:type" v="GB:nsl_single"/>
    <tag k="name" v="Withy Hill Road"/>
    <tag k="surface" v="paved"/>
  </way>
  <way id="901" version="7" timestamp="2014-12-08T22:35:34Z" changeset="27345186" uid="735" user="blackadder">
    <nd ref="1791494989"/>
    <nd ref="1250191853"/>
    <nd ref="208906"/>
    <nd ref="208905"/>
    <nd ref="208904"/>
    <nd ref="208903"/>
    <nd ref="3225740745"/>
    <nd ref="2794140782"/>
    <nd ref="2659034417"/>
    <nd ref="208902"/>
    <tag k="highway" v="unclassified"/>
    <tag k="name" v="Holly Lane"/>
  </way>
  <way id="2364" version="20" timestamp="2022-10-09T13:49:13Z" changeset="127248728" uid="139424" user="pigsonthewing">
    <nd ref="270019"/>
    <nd ref="1291059683"/>
    <nd ref="270020"/>
    <nd ref="270021"/>
    <nd ref="1316145258"/>
    <nd ref="680356247"/>
    <nd ref="270023"/>
    <nd ref="603666883"/>
    <nd ref="270024"/>
    <nd ref="270025"/>
    <nd ref="680356252"/>
    <nd ref="603666890"/>
    <nd ref="270026"/>
    <nd ref="270027"/>
    <nd ref="6580983414"/>
    <nd ref="2647405439"/>
    <nd ref="270028"/>
    <nd ref="1544334431"/>
    <nd ref="1544334410"/>
    <nd ref="270029"/>
    <nd ref="1544334408"/>
    <nd ref="270035"/>
    <nd ref="258880486"/>
    <nd ref="1544334406"/>
    <nd ref="270034"/>
    <nd ref="6887825997"/>
    <nd ref="258880487"/>
    <nd ref="258880485"/>
    <tag k="cycleway:both" v="no"/>
    <tag k="gritting" v="priority_1"/>
    <tag k="gritting_depot" v="Coleshill Heath Road"/>
    <tag k="gritting_operator" v="Warwickshire County Council"/>
    <tag k="gritting_route_ref" v="1"/>
    <tag k="gritting_route_revision" v="201110"/>
    <tag k="highway" v="unclassified"/>
    <tag k="highway_authority_ref" v="C125"/>
    <tag k="lanes" v="2"/>
    <tag k="maintenance" v="gritting"/>
    <tag k="maxspeed" v="60 mph"/>
    <tag k="maxspeed:type" v="GB:nsl_single"/>
    <tag k="name" v="Bodymoor Heath Road"/>
    <tag k="shoulder" v="no"/>
    <tag k="source" v="OS_Locator"/>
    <tag k="source:maxspeed" v="survey"/>
    <tag k="surface" v="asphalt"/>
  </way>
  <way id="2434" version="20" timestamp="2025-05-08T18:17:22Z" changeset="165997189" uid="3199858" user="Mateusz Konieczny - bot account">
    <nd ref="2060137701"/>
    <nd ref="2060137704"/>
    <nd ref="208896"/>
    <nd ref="208897"/>
    <nd ref="2060137714"/>
    <nd ref="208898"/>
    <nd ref="2060137716"/>
    <nd ref="208892"/>
    <nd ref="2060137711"/>
    <nd ref="208891"/>
    <nd ref="2659034426"/>
    <nd ref="2060137694"/>
    <nd ref="208890"/>
    <nd ref="2659034421"/>
    <nd ref="2060137689"/>
    <nd ref="208889"/>
    <nd ref="2060137686"/>
    <nd ref="2060137684"/>
    <nd ref="208888"/>
    <nd ref="924378195"/>
    <tag k="DfT_AADF" v="20164"/>
    <tag k="DfT_AADF_bus" v="51"/>
    <tag k="DfT_AADF_car" v="14227"/>
    <tag k="DfT_AADF_hgv" v="3103"/>
    <tag k="DfT_AADF_lgv" v="2698"/>
    <tag k="DfT_AADF_year" v="2013"/>
    <tag k="DfT_traffic_counter_ref" v="47186"/>
    <tag k="gritting" v="priority_1"/>
    <tag k="gritting_depot" v="Coleshill Heath Road"/>
    <tag k="gritting_operator" v="Warwickshire County Council"/>
    <tag k="gritting_route_ref" v="1"/>
    <tag k="gritting_route_revision" v="201110"/>
    <tag k="highway" v="trunk"/>
    <tag k="lanes" v="2"/>
    <tag k="lit" v="no"/>
    <tag k="maintenance" v="gritting"/>
    <tag k="maxspeed" v="60 mph"/>
    <tag k="maxspeed:type" v="GB:nsl_single"/>
    <tag k="name" v="Lichfield Road"/>
    <tag k="ref" v="A446"/>
    <tag k="shoulder" v="no"/>
    <tag k="sidewalk" v="no"/>
    <tag k="surface" v="asphalt"/>
  </way>
  <way id="2440" version="6" timestamp="2020-09-24T07:54:16Z" changeset="91415876" uid="8958978" user="Tema_Ded">
    <nd ref="270106"/>
    <nd ref="603665003"/>
    <nd ref="270107"/>
    <nd ref="603665004"/>
    <nd ref="270108"/>
    <nd ref="6533973162"/>
    <nd ref="6533973165"/>
    <nd ref="603665005"/>
    <nd ref="270109"/>
    <tag k="highway" v="unclassified"/>
    <tag k="name" v="Brick Kiln Lane"/>
    <tag k="source" v="OS_Locator"/>
  </way>
  <way id="2441" version="11" timestamp="2021-07-24T14:07:05Z" changeset="108533907" uid="133272" user="wongataa">
    <nd ref="270102"/>
    <nd ref="270103"/>
    <nd ref="3228448701"/>
    <nd ref="3228448707"/>
    <nd ref="3228448708"/>
    <nd ref="270104"/>
    <nd ref="270105"/>
    <nd ref="3228431311"/>
    <nd ref="270106"/>
    <tag k="highway" v="unclassified"/>
    <tag k="name" v="Wishaw Lane"/>
  </way>
  <way id="2442" version="4" timestamp="2023-08-17T15:21:42Z" changeset="140018428" uid="705850" user="Cebderby">
    <nd ref="639613"/>
    <nd ref="618567"/>
    <nd ref="2305144249"/>
    <nd ref="618566"/>
    <nd ref="618565"/>
    <nd ref="618564"/>
    <nd ref="618563"/>
    <nd ref="618562"/>
    <nd ref="618561"/>
    <nd ref="618560"/>
    <nd ref="618559"/>
    <nd ref="618558"/>
    <nd ref="1460564255"/>
    <nd ref="11123069031"/>
    <nd ref="639604"/>
    <nd ref="9485105"/>
    <tag k="highway" v="unclassified"/>
    <tag k="name" v="Park Lane"/>
  </way>
  <way id="2444" version="4" timestamp="2017-07-23T08:00:55Z" changeset="50495188" uid="735" user="blackadder">
    <nd ref="618538"/>
    <nd ref="639576"/>
    <nd ref="639577"/>
    <nd ref="2305257556"/>
    <nd ref="4987730740"/>
    <nd ref="639578"/>
    <nd ref="2305257565"/>
    <nd ref="639579"/>
    <nd ref="2305257574"/>
    <nd ref="639580"/>
    <nd ref="2305257580"/>
    <nd ref="639581"/>
    <nd ref="639582"/>
    <nd ref="639583"/>
    <nd ref="2305257590"/>
    <nd ref="2305257593"/>
    <nd ref="2305257594"/>
    <nd ref="639584"/>
    <nd ref="2305257601"/>
    <nd ref="639585"/>
    <nd ref="639586"/>
    <nd ref="639587"/>
    <nd ref="639588"/>
    <nd ref="639589"/>
    <nd ref="639590"/>
    <tag k="gritting" v="priority_1"/>
    <tag k="gritting_depot" v="Coleshill Heath Road"/>
    <tag k="gritting_operator" v="Warwickshire County Council"/>
    <tag k="gritting_route_ref" v="1"/>
    <tag k="gritting_route_revision" v="201110"/>
    <tag k="highway" v="unclassified"/>
    <tag k="maintenance" v="gritting"/>
    <tag k="name" v="Church Lane"/>
  </way>
  <way id="2445" version="9" timestamp="2023-08-17T15:21:42Z" changeset="140018428" uid="705850" user="Cebderby">
    <nd ref="618538"/>
    <nd ref="11123069033"/>
    <nd ref="618539"/>
    <nd ref="618540"/>
    <nd ref="618541"/>
    <nd ref="618542"/>
    <nd ref="5012704193"/>
    <nd ref="618543"/>
    <nd ref="540757416"/>
    <nd ref="5012704189"/>
    <nd ref="1374224614"/>
    <nd ref="618544"/>
    <nd ref="7953347370"/>
    <nd ref="7953347367"/>
    <nd ref="618545"/>
    <nd ref="618546"/>
    <nd ref="618547"/>
    <nd ref="2794153412"/>
    <nd ref="618548"/>
    <nd ref="618549"/>
    <nd ref="618550"/>
    <nd ref="618551"/>
    <nd ref="618552"/>
    <nd ref="618553"/>
    <nd ref="618554"/>
    <nd ref="2794153410"/>
    <nd ref="618555"/>
    <nd ref="618556"/>
    <nd ref="618557"/>
    <nd ref="2305144279"/>
    <nd ref="2794153409"/>
    <nd ref="2794153408"/>
    <nd ref="11123069032"/>
    <nd ref="618558"/>
    <tag k="highway" v="unclassified"/>
    <tag k="name" v="Crowberry Lane"/>
  </way>
  <way id="2446" version="4" timestamp="2014-05-13T21:06:05Z" changeset="22321751" uid="735" user="blackadder">
    <nd ref="618527"/>
    <nd ref="1579277362"/>
    <nd ref="618528"/>
    <nd ref="618529"/>
    <tag k="highway" v="residential"/>
    <tag k="name" v="Simmons Close"/>
  </way>
  <way id="2447" version="10" timestamp="2024-02-23T13:00:18Z" changeset="147811140" uid="84263" user="Robert Whittaker">
    <nd ref="618530"/>
    <nd ref="1579277357"/>
    <nd ref="1579277359"/>
    <nd ref="2309321564"/>
    <nd ref="618526"/>
    <nd ref="30477878"/>
    <nd ref="11656228295"/>
    <nd ref="618531"/>
    <nd ref="5021937004"/>
    <nd ref="2309321565"/>
    <nd ref="1579277360"/>
    <nd ref="618527"/>
    <nd ref="1579277341"/>
    <nd ref="618532"/>
    <nd ref="2309321462"/>
    <nd ref="1579277318"/>
    <nd ref="618533"/>
    <nd ref="618534"/>
    <nd ref="8824028948"/>
    <nd ref="8824028945"/>
    <nd ref="8811268550"/>
    <nd ref="618536"/>
    <nd ref="618537"/>
    <nd ref="2305257544"/>
    <nd ref="618538"/>
    <tag k="gritting" v="priority_1"/>
    <tag k="gritting_depot" v="Coleshill Heath Road"/>
    <tag k="gritting_operator" v="Warwickshire County Council"/>
    <tag k="gritting_route_ref" v="1"/>
    <tag k="gritting_route_revision" v="201110"/>
    <tag k="highway" v="unclassified"/>
    <tag k="maintenance" v="gritting"/>
  </way>
  <way id="2448" version="3" timestamp="2012-01-06T09:09:48Z" changeset="10309142" uid="735" user="blackadder">
    <nd ref="618521"/>
    <nd ref="603661693"/>
    <nd ref="618524"/>
    <nd ref="1579277342"/>
    <nd ref="603661694"/>
    <nd ref="618525"/>
    <nd ref="618530"/>
    <tag k="highway" v="unclassified"/>
    <tag k="name" v="Church Lane"/>
  </way>
  <way id="2449" version="5" timestamp="2020-10-11T04:23:46Z" changeset="92291548" uid="10457692" user="pravallg">
    <nd ref="618520"/>
    <nd ref="2309321465"/>
    <nd ref="33166005"/>
    <nd ref="3191659199"/>
    <nd ref="2309321464"/>
    <nd ref="33166004"/>
    <nd ref="7996299880"/>
    <nd ref="1579277323"/>
    <nd ref="618521"/>
    <tag k="highway" v="unclassified"/>
  </way>
  <way id="2451" version="6" timestamp="2019-10-22T09:04:40Z" changeset="76037373" uid="10252557" user="anuvashi">
    <nd ref="618521"/>
    <nd ref="618522"/>
    <nd ref="618523"/>
    <nd ref="618514"/>
    <nd ref="2309321006"/>
    <nd ref="618513"/>
    <nd ref="618512"/>
    <nd ref="618511"/>
    <nd ref="618510"/>
    <nd ref="618509"/>
    <nd ref="618508"/>
    <nd ref="618507"/>
    <nd ref="618496"/>
    <nd ref="618497"/>
    <nd ref="618498"/>
    <nd ref="3191659197"/>
    <nd ref="618499"/>
    <nd ref="2309320891"/>
    <nd ref="618500"/>
    <nd ref="618501"/>
    <nd ref="618503"/>
    <nd ref="618504"/>
    <nd ref="2309320889"/>
    <nd ref="618505"/>
    <nd ref="618506"/>
    <nd ref="618495"/>
    <nd ref="618494"/>
    <nd ref="603661860"/>
    <nd ref="618493"/>
    <nd ref="2309320882"/>
    <nd ref="618492"/>
    <nd ref="603661861"/>
    <nd ref="2309320830"/>
    <nd ref="603661862"/>
    <nd ref="618491"/>
    <nd ref="603662069"/>
    <nd ref="6905023270"/>
    <nd ref="618490"/>
    <nd ref="618489"/>
    <nd ref="618488"/>
    <nd ref="618487"/>
    <nd ref="618486"/>
    <nd ref="618485"/>
    <nd ref="618484"/>
    <tag k="highway" v="unclassified"/>
    <tag k="name" v="Vicarage Hill"/>
  </way>
  <way id="2452" version="5" timestamp="2013-05-27T13:38:21Z" changeset="16309775" uid="9065" user="brianboru">
    <nd ref="618484"/>
    <nd ref="603662926"/>
    <nd ref="639606"/>
    <nd ref="603662932"/>
    <nd ref="639607"/>
    <nd ref="603662939"/>
    <nd ref="603662941"/>
    <nd ref="603662946"/>
    <nd ref="603662950"/>
    <nd ref="639610"/>
    <nd ref="603662962"/>
    <nd ref="639611"/>
    <nd ref="603662976"/>
    <nd ref="2305144246"/>
    <nd ref="639612"/>
    <nd ref="2305144239"/>
    <nd ref="603662983"/>
    <nd ref="603663529"/>
    <nd ref="639613"/>
    <tag k="highway" v="unclassified"/>
    <tag k="name" v="Wishaw Lane"/>
  </way>
  <way id="2481" version="13" timestamp="2022-08-16T16:31:35Z" changeset="124977905" uid="5589" user="user_5589">
    <nd ref="208881"/>
    <nd ref="618608"/>
    <nd ref="270095"/>
    <nd ref="8444279827"/>
    <nd ref="8444279826"/>
    <nd ref="270096"/>
    <nd ref="8444279828"/>
    <nd ref="270097"/>
    <nd ref="8444279831"/>
    <nd ref="8444279829"/>
    <nd ref="8444279830"/>
    <nd ref="3228439495"/>
    <nd ref="8444279832"/>
    <nd ref="3228439497"/>
    <nd ref="8444279834"/>
    <nd ref="8444279833"/>
    <nd ref="3228439500"/>
    <nd ref="8444279835"/>
    <nd ref="8444279836"/>
    <nd ref="270099"/>
    <nd ref="8444279837"/>
    <nd ref="8444174770"/>
    <nd ref="3228439531"/>
    <nd ref="8444174756"/>
    <nd ref="8444174769"/>
    <nd ref="8423947597"/>
    <nd ref="270098"/>
    <nd ref="8444279838"/>
    <nd ref="8444279839"/>
    <nd ref="8444174773"/>
    <nd ref="8444279840"/>
    <nd ref="8444174774"/>
    <nd ref="8444174775"/>
    <nd ref="8444174776"/>
    <nd ref="8444174771"/>
    <nd ref="8444174772"/>
    <nd ref="8444174778"/>
    <nd ref="8444174779"/>
    <nd ref="8444174777"/>
    <nd ref="8444174780"/>
    <nd ref="8444174781"/>
    <nd ref="270100"/>
    <nd ref="8444174783"/>
    <nd ref="3228431060"/>
    <nd ref="8444174782"/>
    <nd ref="270101"/>
    <nd ref="8433101097"/>
    <nd ref="270102"/>
    <tag k="highway" v="unclassified"/>
    <tag k="maxweight" v="2.5"/>
    <tag k="name" v="Wishaw Lane"/>
    <tag k="note" v="Maxweight is except for access (and applies to all vehicles not just goods vehicles)"/>
    <tag k="surface" v="asphalt"/>
  </way>
  <way id="2482" version="9" timestamp="2021-07-24T14:07:06Z" changeset="108533907" uid="133272" user="wongataa">
    <nd ref="618467"/>
    <nd ref="1970193850"/>
    <nd ref="618466"/>
    <nd ref="2207075193"/>
    <nd ref="618465"/>
    <nd ref="1970193845"/>
    <nd ref="618464"/>
    <nd ref="618463"/>
    <nd ref="618462"/>
    <nd ref="1970193842"/>
    <nd ref="618461"/>
    <nd ref="618460"/>
    <nd ref="618459"/>
    <nd ref="618458"/>
    <nd ref="618457"/>
    <nd ref="618456"/>
    <nd ref="2207075180"/>
    <nd ref="3191690555"/>
    <nd ref="618455"/>
    <nd ref="618454"/>
    <nd ref="618453"/>
    <nd ref="618452"/>
    <nd ref="618451"/>
    <nd ref="618450"/>
    <nd ref="618449"/>
    <nd ref="618448"/>
    <nd ref="618447"/>
    <nd ref="618446"/>
    <nd ref="618445"/>
    <nd ref="8433304656"/>
    <nd ref="8433304655"/>
    <nd ref="8433304657"/>
    <nd ref="618444"/>
    <nd ref="8433304659"/>
    <nd ref="8433304658"/>
    <nd ref="618443"/>
    <nd ref="8433304663"/>
    <nd ref="8433304664"/>
    <nd ref="8433304661"/>
    <nd ref="8433304662"/>
    <nd ref="8433304660"/>
    <nd ref="8433304666"/>
    <nd ref="8433304667"/>
    <nd ref="8433304665"/>
    <nd ref="8433304668"/>
    <nd ref="8433291425"/>
    <nd ref="8433304669"/>
    <nd ref="618442"/>
    <nd ref="8433304670"/>
    <nd ref="8433291427"/>
    <nd ref="8433291426"/>
    <nd ref="8433291428"/>
    <nd ref="8433291429"/>
    <nd ref="8433291430"/>
    <nd ref="618441"/>
    <nd ref="8433291431"/>
    <nd ref="618440"/>
    <nd ref="8433101094"/>
    <nd ref="8433101093"/>
    <nd ref="8433291432"/>
    <nd ref="618439"/>
    <nd ref="8433101092"/>
    <nd ref="618438"/>
    <nd ref="8433291433"/>
    <nd ref="8433291434"/>
    <nd ref="8433101091"/>
    <nd ref="8433291435"/>
    <nd ref="8433101095"/>
    <nd ref="8433291436"/>
    <nd ref="8433291437"/>
    <nd ref="3228448683"/>
    <nd ref="8433101096"/>
    <nd ref="270102"/>
    <tag k="highway" v="unclassified"/>
    <tag k="name" v="Green Lane"/>
  </way>
  <way id="2483" version="15" timestamp="2021-03-26T04:40:29Z" changeset="101757252" uid="10170576" user="sabodige">
    <nd ref="639614"/>
    <nd ref="2794153404"/>
    <nd ref="639615"/>
    <nd ref="639616"/>
    <nd ref="639617"/>
    <nd ref="639618"/>
    <nd ref="1579281584"/>
    <nd ref="639619"/>
    <nd ref="1579281585"/>
    <nd ref="639620"/>
    <nd ref="1579281586"/>
    <nd ref="639621"/>
    <nd ref="2794134054"/>
    <nd ref="1579281588"/>
    <nd ref="639622"/>
    <nd ref="1579281589"/>
    <nd ref="639623"/>
    <nd ref="639624"/>
    <nd ref="639625"/>
    <nd ref="639626"/>
    <nd ref="639627"/>
    <nd ref="639628"/>
    <nd ref="639629"/>
    <nd ref="639630"/>
    <nd ref="639631"/>
    <nd ref="639632"/>
    <nd ref="639633"/>
    <nd ref="7192568082"/>
    <nd ref="639634"/>
    <nd ref="2794153405"/>
    <nd ref="639635"/>
    <nd ref="639636"/>
    <nd ref="639637"/>
    <nd ref="639638"/>
    <nd ref="639639"/>
    <nd ref="639640"/>
    <nd ref="639641"/>
    <nd ref="639642"/>
    <nd ref="2305271575"/>
    <nd ref="639643"/>
    <nd ref="2336318908"/>
    <nd ref="639645"/>
    <nd ref="639646"/>
    <nd ref="639647"/>
    <nd ref="639648"/>
    <nd ref="639649"/>
    <nd ref="639650"/>
    <nd ref="639651"/>
    <nd ref="639652"/>
    <nd ref="639653"/>
    <nd ref="639654"/>
    <nd ref="1579281594"/>
    <nd ref="8562441612"/>
    <nd ref="639655"/>
    <nd ref="639656"/>
    <nd ref="639657"/>
    <nd ref="639658"/>
    <nd ref="639659"/>
    <nd ref="7694770612"/>
    <nd ref="639660"/>
    <nd ref="639661"/>
    <nd ref="639662"/>
    <nd ref="639663"/>
    <nd ref="639664"/>
    <nd ref="2207075192"/>
    <nd ref="639665"/>
    <nd ref="639666"/>
    <nd ref="639667"/>
    <nd ref="639668"/>
    <nd ref="639669"/>
    <nd ref="639670"/>
    <nd ref="639671"/>
    <nd ref="639672"/>
    <nd ref="639673"/>
    <nd ref="639674"/>
    <nd ref="639675"/>
    <nd ref="639676"/>
    <nd ref="2321913955"/>
    <nd ref="639677"/>
    <nd ref="639678"/>
    <nd ref="639679"/>
    <nd ref="639680"/>
    <nd ref="618467"/>
    <tag k="highway" v="unclassified"/>
    <tag k="maxweight" v="2.5"/>
    <tag k="name" v="Middleton Lane"/>
    <tag k="note" v="Maxweight is except for access (and applies to all vehicles not just goods vehicles)"/>
    <tag k="source" v="OS_Locator"/>
  </way>
  <way id="2484" version="9" timestamp="2014-11-17T16:03:46Z" changeset="26846576" uid="735" user="blackadder">
    <nd ref="618484"/>
    <nd ref="618483"/>
    <nd ref="2794153406"/>
    <nd ref="618482"/>
    <nd ref="618481"/>
    <nd ref="2321940328"/>
    <nd ref="618480"/>
    <nd ref="2321126915"/>
    <nd ref="2336199778"/>
    <nd ref="618479"/>
    <nd ref="618478"/>
    <nd ref="618477"/>
    <nd ref="618476"/>
    <nd ref="3191659186"/>
    <nd ref="618475"/>
    <nd ref="2336199636"/>
    <nd ref="618474"/>
    <nd ref="618473"/>
    <nd ref="618472"/>
    <nd ref="618471"/>
    <nd ref="1579281601"/>
    <nd ref="618470"/>
    <nd ref="1579281600"/>
    <nd ref="618469"/>
    <nd ref="1579281599"/>
    <nd ref="2321126887"/>
    <nd ref="618468"/>
    <nd ref="1579281598"/>
    <nd ref="618467"/>
    <tag k="highway" v="unclassified"/>
    <tag k="name" v="Middleton Lane"/>
    <tag k="source" v="OS_Locator"/>
  </way>
  <way id="2485" version="16" timestamp="2021-03-30T08:53:22Z" changeset="101969067" uid="10170574" user="asnghpi">
    <nd ref="206748"/>
    <nd ref="2321127186"/>
    <nd ref="653316"/>
    <nd ref="639548"/>
    <nd ref="2305257635"/>
    <nd ref="639549"/>
    <nd ref="6908947175"/>
    <nd ref="639550"/>
    <nd ref="639551"/>
    <nd ref="639552"/>
    <nd ref="639553"/>
    <nd ref="2322997483"/>
    <nd ref="3191424674"/>
    <nd ref="3191424673"/>
    <nd ref="6544173383"/>
    <nd ref="3191424672"/>
    <nd ref="603661687"/>
    <nd ref="3191424670"/>
    <nd ref="3191424667"/>
    <nd ref="603661688"/>
    <nd ref="33165923"/>
    <nd ref="6760640101"/>
    <nd ref="6573667187"/>
    <nd ref="6573667186"/>
    <nd ref="603661689"/>
    <nd ref="639554"/>
    <nd ref="639555"/>
    <nd ref="603661690"/>
    <nd ref="639556"/>
    <nd ref="639557"/>
    <nd ref="3191659235"/>
    <nd ref="603661691"/>
    <nd ref="639558"/>
    <nd ref="639559"/>
    <nd ref="639560"/>
    <nd ref="639561"/>
    <nd ref="639562"/>
    <nd ref="639563"/>
    <nd ref="603661692"/>
    <nd ref="639564"/>
    <nd ref="639565"/>
    <nd ref="639566"/>
    <nd ref="639567"/>
    <nd ref="8574411102"/>
    <nd ref="639569"/>
    <nd ref="639570"/>
    <nd ref="639571"/>
    <nd ref="639572"/>
    <nd ref="639573"/>
    <nd ref="639574"/>
    <nd ref="7377465200"/>
    <nd ref="618530"/>
    <tag k="gritting" v="priority_1"/>
    <tag k="gritting_depot" v="Coleshill Heath Road"/>
    <tag k="gritting_operator" v="Warwickshire County Council"/>
    <tag k="gritting_route_ref" v="1"/>
    <tag k="gritting_route_revision" v="201110"/>
    <tag k="highway" v="unclassified"/>
    <tag k="highway_authority_ref" v="C78"/>
    <tag k="maintenance" v="gritting"/>
    <tag k="name" v="Coppice Lane"/>
  </way>
  <way id="2582" version="4" timestamp="2014-04-28T20:34:17Z" changeset="22010454" uid="735" user="blackadder">
    <nd ref="255164"/>
    <nd ref="255167"/>
    <nd ref="2060085688"/>
    <nd ref="255168"/>
    <nd ref="2060085696"/>
    <nd ref="255169"/>
    <nd ref="2060085699"/>
    <nd ref="255170"/>
    <nd ref="255171"/>
    <nd ref="2060085702"/>
    <nd ref="255173"/>
    <nd ref="255174"/>
    <nd ref="2060085708"/>
    <nd ref="255175"/>
    <nd ref="255176"/>
    <nd ref="2060085705"/>
    <nd ref="255182"/>
    <tag k="abutters" v="residential"/>
    <tag k="highway" v="residential"/>
    <tag k="name" v="Tamworth Road"/>
    <tag k="surface" v="paved"/>
  </way>
  <way id="2583" version="5" timestamp="2024-06-27T17:33:18Z" changeset="153258728" uid="13078383" user="Keith Barnett">
    <nd ref="206783"/>
    <nd ref="255165"/>
    <nd ref="255164"/>
    <nd ref="2060085685"/>
    <nd ref="255178"/>
    <nd ref="255179"/>
    <tag k="abutters" v="residential"/>
    <tag k="highway" v="residential"/>
    <tag k="lane_markings" v="no"/>
    <tag k="name" v="Hill Lane"/>
    <tag k="sidewalk" v="both"/>
    <tag k="surface" v="asphalt"/>
  </way>
  <way id="2584" version="5" timestamp="2025-01-13T22:19:29Z" changeset="161326939" uid="13792107" user="LordGarySugar">
    <nd ref="255165"/>
    <nd ref="255166"/>
    <tag k="access" v="private"/>
    <tag k="highway" v="residential"/>
    <tag k="name" v="Colletts Brook"/>
    <tag k="surface" v="paved"/>
  </way>
  <way id="2192585" version="9" timestamp="2025-03-08T15:56:22Z" changeset="163369679" uid="5589" user="user_5589">
    <nd ref="9485104"/>
    <nd ref="9485103"/>
    <nd ref="9485100"/>
    <nd ref="3180571310"/>
    <nd ref="9485098"/>
    <tag k="DfT_AADF" v="8890"/>
    <tag k="DfT_AADF_bus" v="12"/>
    <tag k="DfT_AADF_car" v="7205"/>
    <tag k="DfT_AADF_hgv" v="403"/>
    <tag k="DfT_AADF_lgv" v="1209"/>
    <tag k="DfT_AADF_year" v="2013"/>
    <tag k="DfT_traffic_counter_ref" v="38607"/>
    <tag k="gritting" v="priority_1"/>
    <tag k="gritting_depot" v="Coleshill Heath Road"/>
    <tag k="gritting_operator" v="Warwickshire County Council"/>
    <tag k="gritting_route_ref" v="1"/>
    <tag k="gritting_route_revision" v="201110"/>
    <tag k="highway" v="primary"/>
    <tag k="lanes" v="1"/>
    <tag k="maintenance" v="gritting"/>
    <tag k="maxspeed" v="50 mph"/>
    <tag k="oneway" v="yes"/>
    <tag k="ref" v="A4091"/>
    <tag k="surface" v="asphalt"/>
  </way>
  <way id="3188345" version="5" timestamp="2025-01-15T14:48:09Z" changeset="161383800" uid="5229644" user="Nathan_A_RF">
    <nd ref="286725"/>
    <nd ref="15404524"/>
    <nd ref="15404525"/>
    <tag k="abutters" v="retail"/>
    <tag k="highway" v="unclassified"/>
    <tag k="name" v="London Road"/>
    <tag k="oneway" v="yes"/>
  </way>
  <way id="3998319" version="1" timestamp="2006-11-12T13:47:06Z" changeset="153259" uid="735" user="blackadder">
    <nd ref="639590"/>
    <nd ref="9485070"/>
    <tag k="created_by" v="JOSM"/>
    <tag k="highway" v="unclassified"/>
  </way>
  <way id="4769629" version="2" timestamp="2010-01-03T14:37:46Z" changeset="3528458" uid="57932" user="Strange but untrue">
    <nd ref="618568"/>
    <nd ref="603663450"/>
    <nd ref="639613"/>
    <tag k="highway" v="unclassified"/>
    <tag k="name" v="Wishaw Lane"/>
  </way>
  <way id="4995496" version="4" timestamp="2014-11-17T12:39:06Z" changeset="26842504" uid="735" user="blackadder">
    <nd ref="33166098"/>
    <nd ref="3191424376"/>
    <nd ref="33165931"/>
    <nd ref="1579277414"/>
    <nd ref="33165930"/>
    <nd ref="3191424451"/>
    <nd ref="33165929"/>
    <nd ref="33165928"/>
    <nd ref="3191424481"/>
    <nd ref="33165927"/>
    <nd ref="3191424493"/>
    <nd ref="33165926"/>
    <nd ref="33165925"/>
    <nd ref="3191424574"/>
    <nd ref="3191424622"/>
    <nd ref="2321127116"/>
    <nd ref="3191424643"/>
    <nd ref="33165923"/>
    <tag k="highway" v="unclassified"/>
  </way>
  <way id="8126979" version="8" timestamp="2025-01-15T14:48:09Z" changeset="161383800" uid="5229644" user="Nathan_A_RF">
    <nd ref="132535628"/>
    <nd ref="12504546030"/>
    <nd ref="206751"/>
    <tag k="abutters" v="retail"/>
    <tag k="highway" v="unclassified"/>
    <tag k="name" v="London Road"/>
    <tag k="oneway" v="yes"/>
  </way>
  <way id="13986972" version="4" timestamp="2025-01-15T14:48:09Z" changeset="161383800" uid="5229644" user="Nathan_A_RF">
    <nd ref="132535628"/>
    <nd ref="15404532"/>
    <nd ref="15404525"/>
    <nd ref="1561115473"/>
    <nd ref="1561115435"/>
    <nd ref="15404526"/>
    <nd ref="15404527"/>
    <nd ref="15404528"/>
    <nd ref="15404529"/>
    <nd ref="15404530"/>
    <nd ref="15404531"/>
    <nd ref="605969"/>
    <tag k="abutters" v="retail"/>
    <tag k="highway" v="unclassified"/>
    <tag k="name" v="London Road"/>
  </way>
  <way id="13986975" version="11" timestamp="2014-09-29T11:38:37Z" changeset="25744585" uid="735" user="blackadder">
    <nd ref="2421595617"/>
    <nd ref="206762"/>
    <nd ref="1252866704"/>
    <nd ref="206763"/>
    <nd ref="2005987937"/>
    <tag k="carriageway_ref" v="B"/>
    <tag k="gritting" v="priority_1"/>
    <tag k="gritting_depot" v="Coleshill Heath Road"/>
    <tag k="gritting_operator" v="Warwickshire County Council"/>
    <tag k="gritting_route_ref" v="1"/>
    <tag k="gritting_route_revision" v="201110"/>
    <tag k="highway" v="trunk"/>
    <tag k="lanes" v="2"/>
    <tag k="lit" v="yes"/>
    <tag k="maintenance" v="gritting"/>
    <tag k="maxspeed" v="70 mph"/>
    <tag k="name" v="Sutton Coldfield Bypass"/>
    <tag k="oneway" v="yes"/>
    <tag k="ref" v="A38"/>
    <tag k="source" v="survey"/>
    <tag k="source:maxspeed" v="survey"/>
  </way>
  <way id="13986977" version="17" timestamp="2023-08-18T14:50:54Z" changeset="140057855" uid="5589" user="user_5589">
    <nd ref="132535642"/>
    <nd ref="206750"/>
    <nd ref="206749"/>
    <nd ref="206748"/>
    <nd ref="2321127147"/>
    <nd ref="2321127104"/>
    <nd ref="206747"/>
    <nd ref="2321127063"/>
    <nd ref="2321127048"/>
    <nd ref="206746"/>
    <nd ref="1472229109"/>
    <nd ref="206745"/>
    <nd ref="206744"/>
    <nd ref="5010527486"/>
    <nd ref="206742"/>
    <nd ref="206743"/>
    <nd ref="1472232680"/>
    <nd ref="206741"/>
    <nd ref="1472232673"/>
    <nd ref="603645462"/>
    <nd ref="603645464"/>
    <nd ref="2254457837"/>
    <nd ref="603645465"/>
    <nd ref="603645466"/>
    <nd ref="206740"/>
    <tag k="DfT_AADF" v="20164"/>
    <tag k="DfT_AADF_bus" v="51"/>
    <tag k="DfT_AADF_car" v="14227"/>
    <tag k="DfT_AADF_hgv" v="3103"/>
    <tag k="DfT_AADF_lgv" v="2698"/>
    <tag k="DfT_AADF_year" v="2013"/>
    <tag k="DfT_traffic_counter_ref" v="47186"/>
    <tag k="gritting" v="priority_1"/>
    <tag k="gritting_depot" v="Coleshill Heath Road"/>
    <tag k="gritting_operator" v="Warwickshire County Council"/>
    <tag k="gritting_route_ref" v="1"/>
    <tag k="gritting_route_revision" v="201110"/>
    <tag k="highway" v="trunk"/>
    <tag k="lanes" v="2"/>
    <tag k="lit" v="no"/>
    <tag k="maintenance" v="gritting"/>
    <tag k="maxspeed" v="60 mph"/>
    <tag k="maxspeed:type" v="GB:nsl_single"/>
    <tag k="name" v="London Road"/>
    <tag k="ref" v="A446"/>
    <tag k="shoulder" v="no"/>
    <tag k="surface" v="asphalt"/>
  </way>
  <way id="28423143" version="7" timestamp="2025-09-28T14:43:56Z" changeset="172570426" uid="133272" user="wongataa">
    <nd ref="1791495016"/>
    <nd ref="8811730501"/>
    <nd ref="8026779026"/>
    <nd ref="1250191904"/>
    <nd ref="208909"/>
    <nd ref="1250191942"/>
    <nd ref="208908"/>
    <nd ref="1791494989"/>
    <tag k="gritting" v="priority_3"/>
    <tag k="highway" v="unclassified"/>
    <tag k="maintenance" v="gritting"/>
    <tag k="maxspeed" v="GB:nsl_single"/>
    <tag k="name" v="Lindridge Road"/>
  </way>
  <way id="28423281" version="3" timestamp="2014-12-08T22:47:11Z" changeset="27345382" uid="735" user="blackadder">
    <nd ref="312271875"/>
    <nd ref="208901"/>
    <nd ref="2659034420"/>
    <nd ref="208900"/>
    <nd ref="3225752822"/>
    <nd ref="208899"/>
    <nd ref="208893"/>
    <tag k="highway" v="unclassified"/>
    <tag k="name" v="Holly Lane"/>
  </way>
  <way id="29499675" version="23" timestamp="2023-05-27T09:18:47Z" changeset="136616729" uid="5589" user="user_5589">
    <nd ref="325174926"/>
    <nd ref="228119"/>
    <nd ref="1461414041"/>
    <nd ref="228114"/>
    <nd ref="228117"/>
    <nd ref="1792000252"/>
    <nd ref="228113"/>
    <nd ref="1791967374"/>
    <nd ref="228111"/>
    <nd ref="228109"/>
    <nd ref="1791967311"/>
    <nd ref="228106"/>
    <nd ref="1791967265"/>
    <nd ref="228107"/>
    <nd ref="228103"/>
    <nd ref="228101"/>
    <nd ref="1250191696"/>
    <nd ref="1250191833"/>
    <nd ref="228098"/>
    <nd ref="228096"/>
    <nd ref="1250191923"/>
    <nd ref="1250191883"/>
    <nd ref="228094"/>
    <nd ref="1250191719"/>
    <nd ref="228092"/>
    <nd ref="1970094888"/>
    <nd ref="228086"/>
    <nd ref="1250191785"/>
    <nd ref="228089"/>
    <nd ref="228091"/>
    <nd ref="228061"/>
    <nd ref="228058"/>
    <nd ref="228057"/>
    <nd ref="1250191829"/>
    <nd ref="228054"/>
    <nd ref="1250191877"/>
    <nd ref="1791553297"/>
    <nd ref="227882"/>
    <nd ref="1791553153"/>
    <nd ref="227883"/>
    <nd ref="227885"/>
    <nd ref="883495419"/>
    <tag k="bicycle" v="no"/>
    <tag k="highway" v="motorway"/>
    <tag k="int_ref" v="E 05"/>
    <tag k="lanes" v="3"/>
    <tag k="lit" v="no"/>
    <tag k="maxheight" v="default"/>
    <tag k="maxspeed" v="70 mph"/>
    <tag k="maxspeed:type" v="GB:motorway"/>
    <tag k="oneway" v="yes"/>
    <tag k="operator" v="Midland Expressway Ltd"/>
    <tag k="parking:both" v="no"/>
    <tag k="parking:both:restriction" v="no_stopping"/>
    <tag k="ref" v="M6 Toll"/>
    <tag k="surface" v="asphalt"/>
    <tag k="toll" v="yes"/>
  </way>
  <way id="74810753" version="13" timestamp="2023-05-27T09:18:47Z" changeset="136616729" uid="5589" user="user_5589">
    <nd ref="883495419"/>
    <nd ref="227884"/>
    <nd ref="883495427"/>
    <tag k="bicycle" v="no"/>
    <tag k="bridge" v="yes"/>
    <tag k="highway" v="motorway"/>
    <tag k="int_ref" v="E 05"/>
    <tag k="lanes" v="3"/>
    <tag k="layer" v="2"/>
    <tag k="lit" v="no"/>
    <tag k="maxspeed" v="70 mph"/>
    <tag k="maxspeed:type" v="GB:motorway"/>
    <tag k="oneway" v="yes"/>
    <tag k="operator" v="Midland Expressway Ltd"/>
    <tag k="parking:both" v="no"/>
    <tag k="parking:both:restriction" v="no_stopping"/>
    <tag k="ref" v="M6 Toll"/>
    <tag k="surface" v="asphalt"/>
    <tag k="toll" v="yes"/>
  </way>
  <way id="74810761" version="13" timestamp="2023-05-27T09:18:47Z" changeset="136616729" uid="5589" user="user_5589">
    <nd ref="883495428"/>
    <nd ref="246755"/>
    <nd ref="883495422"/>
    <tag k="STAG_ADMIN:classification" v="motorway"/>
    <tag k="STAG_ADMIN:country" v="GB"/>
    <tag k="STAG_ADMIN:name" v="Midlands Expressway"/>
    <tag k="STAG_ADMIN:oneway" v="true"/>
    <tag k="STAG_ADMIN:ref" v="M6 Toll"/>
    <tag k="STAG_ADMIN:ref_euro" v="E05"/>
    <tag k="STAG_ADMIN:toll" v="true"/>
    <tag k="STAG_ADMIN:toll_motor_charge" v="£4.00"/>
    <tag k="STAG_BUILT:construction" v="asphalt"/>
    <tag k="STAG_BUILT:divided" v="true"/>
    <tag k="STAG_BUILT:lanes" v="3"/>
    <tag k="STAG_BUILT:road" v="motorway"/>
    <tag k="STAG_BUILT:shoulder" v="true"/>
    <tag k="bicycle" v="no"/>
    <tag k="bridge" v="yes"/>
    <tag k="highway" v="motorway"/>
    <tag k="int_ref" v="E 05"/>
    <tag k="lanes" v="3"/>
    <tag k="layer" v="2"/>
    <tag k="lit" v="no"/>
    <tag k="maxspeed" v="70 mph"/>
    <tag k="maxspeed:type" v="GB:motorway"/>
    <tag k="oneway" v="yes"/>
    <tag k="operator" v="Midland Expressway Ltd"/>
    <tag k="parking:both" v="no"/>
    <tag k="parking:both:restriction" v="no_stopping"/>
    <tag k="ref" v="M6 Toll"/>
    <tag k="surface" v="asphalt"/>
    <tag k="toll" v="yes"/>
  </way>
  <way id="74810782" version="19" timestamp="2023-05-27T09:18:47Z" changeset="136616729" uid="5589" user="user_5589">
    <nd ref="883495427"/>
    <nd ref="227877"/>
    <nd ref="7845080070"/>
    <nd ref="1250191628"/>
    <nd ref="7845080072"/>
    <nd ref="227876"/>
    <nd ref="1250191721"/>
    <nd ref="7845080074"/>
    <nd ref="1250191826"/>
    <nd ref="1250191891"/>
    <nd ref="1579277016"/>
    <nd ref="227873"/>
    <nd ref="227872"/>
    <nd ref="227871"/>
    <nd ref="227870"/>
    <nd ref="1250191895"/>
    <nd ref="227869"/>
    <nd ref="227868"/>
    <nd ref="1579277010"/>
    <nd ref="227867"/>
    <nd ref="1579277004"/>
    <nd ref="227866"/>
    <tag k="bicycle" v="no"/>
    <tag k="foot" v="no"/>
    <tag k="highway" v="motorway"/>
    <tag k="horse" v="no"/>
    <tag k="int_ref" v="E 05"/>
    <tag k="lanes" v="3"/>
    <tag k="lit" v="no"/>
    <tag k="maxheight" v="default"/>
    <tag k="maxspeed" v="70 mph"/>
    <tag k="maxspeed:type" v="GB:motorway"/>
    <tag k="motor_vehicle" v="designated"/>
    <tag k="oneway" v="yes"/>
    <tag k="operator" v="Midland Expressway Ltd"/>
    <tag k="parking:both" v="no"/>
    <tag k="parking:both:restriction" v="no_stopping"/>
    <tag k="ref" v="M6 Toll"/>
    <tag k="surface" v="asphalt"/>
    <tag k="toll" v="yes"/>
  </way>
  <way id="74810791" version="21" timestamp="2023-05-27T09:18:47Z" changeset="136616729" uid="5589" user="user_5589">
    <nd ref="883495422"/>
    <nd ref="246754"/>
    <nd ref="1791553078"/>
    <nd ref="246753"/>
    <nd ref="246752"/>
    <nd ref="1791553275"/>
    <nd ref="227886"/>
    <nd ref="1250191751"/>
    <nd ref="228055"/>
    <nd ref="1250191837"/>
    <nd ref="228056"/>
    <nd ref="228059"/>
    <nd ref="228060"/>
    <nd ref="228090"/>
    <nd ref="228088"/>
    <nd ref="1250191808"/>
    <nd ref="228087"/>
    <nd ref="1970094887"/>
    <nd ref="228093"/>
    <nd ref="1250191660"/>
    <nd ref="228095"/>
    <nd ref="1250191940"/>
    <nd ref="1250191676"/>
    <nd ref="228097"/>
    <nd ref="228099"/>
    <nd ref="1250191822"/>
    <nd ref="1250191758"/>
    <nd ref="228100"/>
    <nd ref="228102"/>
    <nd ref="228104"/>
    <nd ref="228105"/>
    <nd ref="1791967276"/>
    <nd ref="228108"/>
    <nd ref="228110"/>
    <nd ref="1791967373"/>
    <nd ref="1792000173"/>
    <nd ref="228112"/>
    <nd ref="228116"/>
    <nd ref="228115"/>
    <nd ref="1461414039"/>
    <nd ref="228118"/>
    <nd ref="325174925"/>
    <tag k="STAG_ADMIN:classification" v="motorway"/>
    <tag k="STAG_ADMIN:country" v="GB"/>
    <tag k="STAG_ADMIN:name" v="Midlands Expressway"/>
    <tag k="STAG_ADMIN:oneway" v="true"/>
    <tag k="STAG_ADMIN:ref" v="M6 Toll"/>
    <tag k="STAG_ADMIN:ref_euro" v="E05"/>
    <tag k="STAG_ADMIN:toll" v="true"/>
    <tag k="STAG_ADMIN:toll_motor_charge" v="£4.00"/>
    <tag k="STAG_BUILT:construction" v="asphalt"/>
    <tag k="STAG_BUILT:divided" v="true"/>
    <tag k="STAG_BUILT:lanes" v="3"/>
    <tag k="STAG_BUILT:road" v="motorway"/>
    <tag k="STAG_BUILT:shoulder" v="true"/>
    <tag k="bicycle" v="no"/>
    <tag k="highway" v="motorway"/>
    <tag k="int_ref" v="E 05"/>
    <tag k="lanes" v="3"/>
    <tag k="lit" v="no"/>
    <tag k="maxheight" v="default"/>
    <tag k="maxspeed" v="70 mph"/>
    <tag k="maxspeed:type" v="GB:motorway"/>
    <tag k="oneway" v="yes"/>
    <tag k="operator" v="Midland Expressway Ltd"/>
    <tag k="parking:both" v="no"/>
    <tag k="parking:both:restriction" v="no_stopping"/>
    <tag k="ref" v="M6 Toll"/>
    <tag k="surface" v="asphalt"/>
    <tag k="toll" v="yes"/>
  </way>
  <way id="79062162" version="4" timestamp="2025-07-17T23:26:06Z" changeset="169083589" uid="8857" user="philipcullen">
    <nd ref="924037776"/>
    <nd ref="2060085749"/>
    <nd ref="2060085752"/>
    <nd ref="2060085755"/>
    <nd ref="924037704"/>
    <nd ref="2060085764"/>
    <nd ref="2060085770"/>
    <nd ref="2060085758"/>
    <nd ref="924037613"/>
    <nd ref="2060085746"/>
    <nd ref="2060085726"/>
    <nd ref="924037750"/>
    <nd ref="2060085723"/>
    <nd ref="2060085720"/>
    <nd ref="2060085729"/>
    <nd ref="924037776"/>
    <tag k="building" v="yes"/>
    <tag k="name" v="Exova"/>
    <tag k="ref:GB:uprn" v="100071484352"/>
    <tag k="source" v="OS_OpenData_StreetView;survey"/>
  </way>
  <way id="79062171" version="10" timestamp="2025-07-17T23:26:06Z" changeset="169083589" uid="8857" user="philipcullen">
    <nd ref="924037640"/>
    <nd ref="924037623"/>
    <nd ref="924037758"/>
    <nd ref="924037678"/>
    <nd ref="924037640"/>
    <tag k="amenity" v="fast_food"/>
    <tag k="brand" v="McDonald's"/>
    <tag k="brand:wikidata" v="Q38076"/>
    <tag k="brand:wikipedia" v="en:McDonald's"/>
    <tag k="building" v="yes"/>
    <tag k="check_date" v="2024-08-31"/>
    <tag k="check_date:opening_hours" v="2024-08-31"/>
    <tag k="contact:website" v="https://www.mcdonalds.com/gb/en-gb/location/sutton-coldfield/bassetts-pole---a38/london-road/8260976.html"/>
    <tag k="cuisine" v="burger"/>
    <tag k="drive_through" v="yes"/>
    <tag k="indoor_seating" v="yes"/>
    <tag k="internet_access" v="wlan"/>
    <tag k="name" v="McDonald's"/>
    <tag k="opening_hours" v="24/7"/>
    <tag k="outdoor_seating" v="yes"/>
    <tag k="phone" v="+44 121 308 6765"/>
    <tag k="ref:GB:uprn" v="10001172145"/>
    <tag k="self_service" v="yes"/>
    <tag k="takeaway" v="yes"/>
  </way>
  <way id="79100212" version="3" timestamp="2025-07-16T20:12:18Z" changeset="169029520" uid="8857" user="philipcullen">
    <nd ref="924378240"/>
    <nd ref="924378061"/>
    <nd ref="2336318506"/>
    <nd ref="2336318508"/>
    <nd ref="924378137"/>
    <nd ref="924378135"/>
    <nd ref="924378240"/>
    <tag k="building" v="yes"/>
    <tag k="name" v="Archer's"/>
    <tag k="note" v="Haulage and storage company"/>
    <tag k="ref:GB:uprn" v="100071485910"/>
    <tag k="source" v="OS_OpenData_StreetView;survey"/>
    <tag k="website" v="http://www.archerstransport.co.uk/"/>
  </way>
  <way id="109126990" version="3" timestamp="2025-04-16T17:26:45Z" changeset="165039121" uid="22685556" user="AH9999">
    <nd ref="1250191686"/>
    <nd ref="8831215824"/>
    <nd ref="206739"/>
    <nd ref="1250191898"/>
    <nd ref="206740"/>
    <tag k="highway" v="unclassified"/>
    <tag k="maxspeed" v="60 mph"/>
    <tag k="maxspeed:type" v="GB:nsl_single"/>
    <tag k="name" v="Withy Hill Road"/>
    <tag k="surface" v="paved"/>
  </way>
  <way id="109126996" version="1" timestamp="2011-04-18T17:14:41Z" changeset="7899010" uid="735" user="blackadder">
    <nd ref="1250191627"/>
    <nd ref="1250191686"/>
    <tag k="bridge" v="yes"/>
    <tag k="highway" v="unclassified"/>
    <tag k="layer" v="1"/>
    <tag k="name" v="Withy Hill Road"/>
    <tag k="source" v="GPS Survey"/>
    <tag k="surface" v="paved"/>
  </way>
  <way id="109126999" version="2" timestamp="2023-01-20T12:24:40Z" changeset="131506449" uid="350183" user="Belseybob">
    <nd ref="1250191610"/>
    <nd ref="1250191824"/>
    <tag k="bridge" v="yes"/>
    <tag k="highway" v="unclassified"/>
    <tag k="layer" v="1"/>
    <tag k="lit" v="no"/>
    <tag k="name" v="Withy Hill Road"/>
    <tag k="source" v="GPS Survey"/>
    <tag k="surface" v="paved"/>
  </way>
  <way id="109127000" version="2" timestamp="2025-04-16T17:26:45Z" changeset="165039121" uid="22685556" user="AH9999">
    <nd ref="1250191824"/>
    <nd ref="1250191627"/>
    <tag k="highway" v="unclassified"/>
    <tag k="maxspeed" v="60 mph"/>
    <tag k="maxspeed:type" v="GB:nsl_single"/>
    <tag k="name" v="Withy Hill Road"/>
    <tag k="surface" v="paved"/>
  </way>
  <way id="113823988" version="9" timestamp="2024-02-04T13:37:36Z" changeset="147054392" uid="16586381" user="KasperSFranz">
    <nd ref="1290430683"/>
    <nd ref="1290431266"/>
    <nd ref="1290430845"/>
    <nd ref="1290430765"/>
    <nd ref="1290430690"/>
    <nd ref="1290431200"/>
    <nd ref="1290431087"/>
    <nd ref="1290430841"/>
    <nd ref="1290431205"/>
    <nd ref="1290431075"/>
    <nd ref="1290430852"/>
    <nd ref="1290430769"/>
    <nd ref="1290431059"/>
    <nd ref="1290430847"/>
    <nd ref="1290430766"/>
    <nd ref="1290430704"/>
    <nd ref="1290431190"/>
    <nd ref="1290430683"/>
    <tag k="building" v="yes"/>
    <tag k="fee" v="yes"/>
    <tag k="heritage" v="2"/>
    <tag k="heritage:operator" v="Historic England"/>
    <tag k="listed_status" v="Grade II*"/>
    <tag k="name" v="Middleton Hall"/>
    <tag k="operator" v="Middleton Hall Trust"/>
    <tag k="tourism" v="museum"/>
    <tag k="url" v="http://www.middletonhalltrust.co.uk/middletonhome.shtml"/>
    <tag k="wikidata" v="Q6842011"/>
    <tag k="wikipedia" v="en:Middleton Hall, Warwickshire"/>
  </way>
  <way id="113824010" version="2" timestamp="2019-08-08T13:17:43Z" changeset="73155104" uid="9065" user="brianboru">
    <nd ref="1290430754"/>
    <nd ref="1290430737"/>
    <nd ref="1290431329"/>
    <nd ref="1290431146"/>
    <nd ref="1290430726"/>
    <nd ref="1290431289"/>
    <nd ref="1290431143"/>
    <nd ref="1290430955"/>
    <nd ref="1290431172"/>
    <nd ref="1290431021"/>
    <nd ref="1290430822"/>
    <nd ref="1290430752"/>
    <nd ref="1290430978"/>
    <nd ref="1290430815"/>
    <nd ref="1290430742"/>
    <nd ref="1290431356"/>
    <nd ref="1290430882"/>
    <nd ref="1290430778"/>
    <nd ref="1290430717"/>
    <nd ref="1290431243"/>
    <nd ref="1290430754"/>
    <tag k="building" v="yes"/>
    <tag k="heritage" v="2"/>
    <tag k="heritage:operator" v="Historic England"/>
    <tag k="layer" v="1"/>
    <tag k="listed_status" v="Grade II*"/>
    <tag k="name" v="Courtyard Centre"/>
    <tag k="operator" v="Middleton Hall Trust"/>
    <tag k="shop" v="mall"/>
    <tag k="source" v="survey; Bing"/>
  </way>
  <way id="114490499" version="10" timestamp="2022-10-09T14:19:52Z" changeset="127248728" uid="139424" user="pigsonthewing">
    <nd ref="1296831878"/>
    <nd ref="1296832871"/>
    <tag k="DfT_AADF" v="9105"/>
    <tag k="DfT_AADF_bus" v="61"/>
    <tag k="DfT_AADF_car" v="7106"/>
    <tag k="DfT_AADF_hgv" v="524"/>
    <tag k="DfT_AADF_lgv" v="1349"/>
    <tag k="DfT_AADF_year" v="2013"/>
    <tag k="DfT_traffic_counter_ref" v="7636"/>
    <tag k="bridge" v="yes"/>
    <tag k="cycleway:both" v="no"/>
    <tag k="gritting" v="priority_1"/>
    <tag k="gritting_depot" v="Coleshill Heath Road"/>
    <tag k="gritting_operator" v="Warwickshire County Council"/>
    <tag k="gritting_route_ref" v="1"/>
    <tag k="gritting_route_revision" v="201110"/>
    <tag k="highway" v="primary"/>
    <tag k="lanes" v="2"/>
    <tag k="layer" v="1"/>
    <tag k="maintenance" v="gritting"/>
    <tag k="maxspeed" v="60 mph"/>
    <tag k="maxspeed:type" v="GB:nsl_single"/>
    <tag k="maxweight:signed" v="no"/>
    <tag k="ref" v="A4091"/>
    <tag k="shoulder" v="no"/>
    <tag k="source" v="bing"/>
    <tag k="source:maxspeed" v="survey"/>
    <tag k="surface" v="asphalt"/>
  </way>
  <way id="114490582" version="12" timestamp="2022-10-09T14:19:48Z" changeset="127248728" uid="139424" user="pigsonthewing">
    <nd ref="1296832871"/>
    <nd ref="270019"/>
    <tag k="DfT_AADF" v="9105"/>
    <tag k="DfT_AADF_bus" v="61"/>
    <tag k="DfT_AADF_car" v="7106"/>
    <tag k="DfT_AADF_hgv" v="524"/>
    <tag k="DfT_AADF_lgv" v="1349"/>
    <tag k="DfT_AADF_year" v="2013"/>
    <tag k="DfT_traffic_counter_ref" v="7636"/>
    <tag k="cycleway:both" v="no"/>
    <tag k="gritting" v="priority_1"/>
    <tag k="gritting_depot" v="Coleshill Heath Road"/>
    <tag k="gritting_operator" v="Warwickshire County Council"/>
    <tag k="gritting_route_ref" v="1"/>
    <tag k="gritting_route_revision" v="201110"/>
    <tag k="highway" v="primary"/>
    <tag k="lanes" v="2"/>
    <tag k="maintenance" v="gritting"/>
    <tag k="maxspeed" v="60 mph"/>
    <tag k="maxspeed:type" v="GB:nsl_single"/>
    <tag k="ref" v="A4091"/>
    <tag k="shoulder" v="no"/>
    <tag k="source:maxspeed" v="survey"/>
    <tag k="surface" v="asphalt"/>
  </way>
  <way id="117174622" version="8" timestamp="2025-08-20T11:19:52Z" changeset="170719845" uid="16453092" user="pdysrb">
    <nd ref="207002"/>
    <nd ref="16144551"/>
    <nd ref="207003"/>
    <nd ref="16144552"/>
    <nd ref="207004"/>
    <tag k="foot" v="no"/>
    <tag k="gritting" v="priority_1"/>
    <tag k="gritting_depot" v="Coleshill Heath Road"/>
    <tag k="gritting_operator" v="Warwickshire County Council"/>
    <tag k="gritting_route_ref" v="1"/>
    <tag k="gritting_route_revision" v="201110"/>
    <tag k="highway" v="trunk"/>
    <tag k="junction" v="roundabout"/>
    <tag k="lanes" v="2"/>
    <tag k="lit" v="yes"/>
    <tag k="maintenance" v="gritting"/>
    <tag k="maxspeed" v="70 mph"/>
    <tag k="name" v="Sutton Coldfield Bypass"/>
    <tag k="note" v="gritting addition Oct 2010"/>
    <tag k="oneway" v="yes"/>
    <tag k="ref" v="A38"/>
    <tag k="source" v="survey"/>
    <tag k="source:maxspeed" v="survey"/>
  </way>
  <way id="117174628" version="8" timestamp="2025-08-20T11:19:52Z" changeset="170719845" uid="16453092" user="pdysrb">
    <nd ref="207004"/>
    <nd ref="16144553"/>
    <nd ref="207005"/>
    <nd ref="206998"/>
    <tag k="foot" v="no"/>
    <tag k="gritting" v="priority_1"/>
    <tag k="gritting_depot" v="Coleshill Heath Road"/>
    <tag k="gritting_operator" v="Warwickshire County Council"/>
    <tag k="gritting_route_ref" v="1"/>
    <tag k="gritting_route_revision" v="201110"/>
    <tag k="highway" v="trunk"/>
    <tag k="junction" v="roundabout"/>
    <tag k="lanes" v="2"/>
    <tag k="lit" v="yes"/>
    <tag k="maintenance" v="gritting"/>
    <tag k="maxspeed" v="70 mph"/>
    <tag k="name" v="Sutton Coldfield Bypass"/>
    <tag k="note" v="gritting addition Oct 2010"/>
    <tag k="oneway" v="yes"/>
    <tag k="ref" v="A38"/>
    <tag k="source" v="survey"/>
    <tag k="source:maxspeed" v="survey"/>
  </way>
  <way id="117174632" version="8" timestamp="2025-08-20T11:19:52Z" changeset="170719845" uid="16453092" user="pdysrb">
    <nd ref="207001"/>
    <nd ref="16144554"/>
    <nd ref="207002"/>
    <tag k="foot" v="no"/>
    <tag k="gritting" v="priority_1"/>
    <tag k="gritting_depot" v="Coleshill Heath Road"/>
    <tag k="gritting_operator" v="Warwickshire County Council"/>
    <tag k="gritting_route_ref" v="1"/>
    <tag k="gritting_route_revision" v="201110"/>
    <tag k="highway" v="trunk"/>
    <tag k="junction" v="roundabout"/>
    <tag k="lanes" v="2"/>
    <tag k="lit" v="yes"/>
    <tag k="maintenance" v="gritting"/>
    <tag k="maxspeed" v="70 mph"/>
    <tag k="name" v="Sutton Coldfield Bypass"/>
    <tag k="note" v="gritting addition Oct 2010"/>
    <tag k="oneway" v="yes"/>
    <tag k="ref" v="A38"/>
    <tag k="source" v="survey"/>
    <tag k="source:maxspeed" v="survey"/>
  </way>
  <way id="117175229" version="9" timestamp="2025-08-20T11:19:52Z" changeset="170719845" uid="16453092" user="pdysrb">
    <nd ref="207034"/>
    <nd ref="1319872692"/>
    <nd ref="1319872697"/>
    <nd ref="207035"/>
    <nd ref="1319872704"/>
    <nd ref="1250191791"/>
    <nd ref="1319872695"/>
    <nd ref="207036"/>
    <tag k="foot" v="no"/>
    <tag k="gritting" v="priority_1"/>
    <tag k="gritting_depot" v="Coleshill Heath Road"/>
    <tag k="gritting_operator" v="Warwickshire County Council"/>
    <tag k="gritting_route_ref" v="1"/>
    <tag k="gritting_route_revision" v="201110"/>
    <tag k="highway" v="trunk"/>
    <tag k="junction" v="circular"/>
    <tag k="lanes" v="2"/>
    <tag k="lit" v="yes"/>
    <tag k="maintenance" v="gritting"/>
    <tag k="maxspeed" v="70 mph"/>
    <tag k="name" v="Sutton Coldfield Bypass"/>
    <tag k="note" v="gritting addition Oct 2010"/>
    <tag k="oneway" v="yes"/>
    <tag k="ref" v="A38"/>
    <tag k="source" v="survey;Bing"/>
    <tag k="source:maxspeed" v="survey"/>
  </way>
  <way id="117175230" version="9" timestamp="2025-08-20T11:19:52Z" changeset="170719845" uid="16453092" user="pdysrb">
    <nd ref="207036"/>
    <nd ref="1319872703"/>
    <nd ref="207037"/>
    <nd ref="1319872696"/>
    <nd ref="1250191816"/>
    <nd ref="1319872701"/>
    <nd ref="207029"/>
    <tag k="foot" v="no"/>
    <tag k="gritting" v="priority_1"/>
    <tag k="gritting_depot" v="Coleshill Heath Road"/>
    <tag k="gritting_operator" v="Warwickshire County Council"/>
    <tag k="gritting_route_ref" v="1"/>
    <tag k="gritting_route_revision" v="201110"/>
    <tag k="highway" v="trunk"/>
    <tag k="junction" v="circular"/>
    <tag k="lanes" v="2"/>
    <tag k="lit" v="yes"/>
    <tag k="maintenance" v="gritting"/>
    <tag k="maxspeed" v="70 mph"/>
    <tag k="name" v="Sutton Coldfield Bypass"/>
    <tag k="note" v="gritting addition Oct 2010"/>
    <tag k="oneway" v="yes"/>
    <tag k="ref" v="A38"/>
    <tag k="source" v="survey;Bing"/>
    <tag k="source:maxspeed" v="survey"/>
  </way>
  <way id="117175231" version="9" timestamp="2025-08-20T11:19:52Z" changeset="170719845" uid="16453092" user="pdysrb">
    <nd ref="207029"/>
    <nd ref="1319872693"/>
    <nd ref="207030"/>
    <nd ref="1319872699"/>
    <nd ref="207031"/>
    <tag k="foot" v="no"/>
    <tag k="gritting" v="priority_1"/>
    <tag k="gritting_depot" v="Coleshill Heath Road"/>
    <tag k="gritting_operator" v="Warwickshire County Council"/>
    <tag k="gritting_route_ref" v="1"/>
    <tag k="gritting_route_revision" v="201110"/>
    <tag k="highway" v="trunk"/>
    <tag k="junction" v="circular"/>
    <tag k="lanes" v="2"/>
    <tag k="lit" v="yes"/>
    <tag k="maintenance" v="gritting"/>
    <tag k="maxspeed" v="70 mph"/>
    <tag k="name" v="Sutton Coldfield Bypass"/>
    <tag k="note" v="gritting addition Oct 2010"/>
    <tag k="oneway" v="yes"/>
    <tag k="ref" v="A38"/>
    <tag k="source" v="survey;Bing"/>
    <tag k="source:maxspeed" v="survey"/>
  </way>
  <way id="135234355" version="7" timestamp="2019-04-18T22:03:32Z" changeset="69361084" uid="498071" user="BabBabBabBab">
    <nd ref="9485117"/>
    <nd ref="1485350187"/>
    <nd ref="639604"/>
    <nd ref="1460564256"/>
    <nd ref="1460564258"/>
    <nd ref="639605"/>
    <nd ref="1460564259"/>
    <nd ref="639603"/>
    <nd ref="1460564261"/>
    <nd ref="639602"/>
    <nd ref="639601"/>
    <nd ref="9485109"/>
    <nd ref="9485112"/>
    <nd ref="9485111"/>
    <nd ref="639599"/>
    <nd ref="1460564263"/>
    <nd ref="639598"/>
    <nd ref="639597"/>
    <nd ref="639596"/>
    <nd ref="639595"/>
    <nd ref="639594"/>
    <nd ref="639593"/>
    <nd ref="639592"/>
    <nd ref="639591"/>
    <nd ref="639590"/>
    <nd ref="1460564265"/>
    <nd ref="9485071"/>
    <nd ref="1460564269"/>
    <nd ref="6415227006"/>
    <tag k="DfT_AADF" v="9105"/>
    <tag k="DfT_AADF_bus" v="61"/>
    <tag k="DfT_AADF_car" v="7106"/>
    <tag k="DfT_AADF_hgv" v="524"/>
    <tag k="DfT_AADF_lgv" v="1349"/>
    <tag k="DfT_AADF_year" v="2013"/>
    <tag k="DfT_traffic_counter_ref" v="7636"/>
    <tag k="gritting" v="priority_1"/>
    <tag k="gritting_depot" v="Coleshill Heath Road"/>
    <tag k="gritting_operator" v="Warwickshire County Council"/>
    <tag k="gritting_route_ref" v="1"/>
    <tag k="gritting_route_revision" v="201110"/>
    <tag k="highway" v="primary"/>
    <tag k="highway_authority_ref" v="C125"/>
    <tag k="lanes" v="1"/>
    <tag k="maintenance" v="gritting"/>
    <tag k="maxspeed" v="50 mph"/>
    <tag k="oneway" v="yes"/>
    <tag k="ref" v="A4091"/>
  </way>
  <way id="142662622" version="2" timestamp="2013-05-28T11:20:29Z" changeset="16322298" uid="735" user="blackadder">
    <nd ref="1561115529"/>
    <nd ref="1561115528"/>
    <nd ref="1561115470"/>
    <nd ref="2322997547"/>
    <nd ref="1561115466"/>
    <nd ref="2322997539"/>
    <nd ref="2322997541"/>
    <nd ref="2322997536"/>
    <nd ref="1561115529"/>
    <tag k="building" v="yes"/>
    <tag k="name" v="NPF"/>
  </way>
  <way id="144373632" version="7" timestamp="2023-02-18T01:40:16Z" changeset="132700461" uid="13341565" user="Falsernet">
    <nd ref="207022"/>
    <nd ref="1579258044"/>
    <nd ref="1579258040"/>
    <nd ref="1579258036"/>
    <nd ref="1579258031"/>
    <nd ref="1579258027"/>
    <nd ref="1579258026"/>
    <nd ref="1250191695"/>
    <nd ref="1579258017"/>
    <nd ref="1579258008"/>
    <tag k="bicycle" v="no"/>
    <tag k="foot" v="no"/>
    <tag k="highway" v="motorway_link"/>
    <tag k="horse" v="no"/>
    <tag k="lanes" v="1"/>
    <tag k="lit" v="yes"/>
    <tag k="maxspeed" v="70 mph"/>
    <tag k="motor_vehicle" v="designated"/>
    <tag k="oneway" v="yes"/>
    <tag k="operator" v="Midland Expressway Ltd"/>
    <tag k="ref" v="M6 Toll"/>
    <tag k="toll" v="yes"/>
  </way>
  <way id="144373633" version="13" timestamp="2023-05-27T09:18:47Z" changeset="136616729" uid="5589" user="user_5589">
    <nd ref="246744"/>
    <nd ref="1579257955"/>
    <nd ref="1579257956"/>
    <nd ref="1579257957"/>
    <nd ref="1579277009"/>
    <nd ref="1579257958"/>
    <nd ref="1579277011"/>
    <nd ref="1579257959"/>
    <nd ref="1579257960"/>
    <nd ref="1579257961"/>
    <nd ref="1579257962"/>
    <nd ref="1579277012"/>
    <nd ref="261013614"/>
    <nd ref="1579277014"/>
    <nd ref="1579257966"/>
    <nd ref="1579257970"/>
    <nd ref="1579257973"/>
    <nd ref="7845080075"/>
    <nd ref="1579257975"/>
    <nd ref="7845080073"/>
    <nd ref="1579257979"/>
    <nd ref="7845080071"/>
    <nd ref="1579257982"/>
    <nd ref="7845080069"/>
    <nd ref="1579257988"/>
    <nd ref="1579257989"/>
    <nd ref="883495428"/>
    <tag k="STAG_ADMIN:classification" v="motorway"/>
    <tag k="STAG_ADMIN:country" v="GB"/>
    <tag k="STAG_ADMIN:name" v="Midlands Expressway"/>
    <tag k="STAG_ADMIN:oneway" v="true"/>
    <tag k="STAG_ADMIN:ref" v="M6 Toll"/>
    <tag k="STAG_ADMIN:ref_euro" v="E05"/>
    <tag k="STAG_ADMIN:toll" v="true"/>
    <tag k="STAG_ADMIN:toll_motor_charge" v="£4.00"/>
    <tag k="STAG_BUILT:construction" v="asphalt"/>
    <tag k="STAG_BUILT:divided" v="true"/>
    <tag k="STAG_BUILT:lanes" v="3"/>
    <tag k="STAG_BUILT:road" v="motorway"/>
    <tag k="STAG_BUILT:shoulder" v="true"/>
    <tag k="bicycle" v="no"/>
    <tag k="foot" v="no"/>
    <tag k="highway" v="motorway"/>
    <tag k="horse" v="no"/>
    <tag k="int_ref" v="E 05"/>
    <tag k="lanes" v="3"/>
    <tag k="lit" v="no"/>
    <tag k="maxheight" v="default"/>
    <tag k="maxspeed" v="70 mph"/>
    <tag k="maxspeed:type" v="GB:motorway"/>
    <tag k="motor_vehicle" v="designated"/>
    <tag k="oneway" v="yes"/>
    <tag k="operator" v="Midland Expressway Ltd"/>
    <tag k="parking:both" v="no"/>
    <tag k="parking:both:restriction" v="no_stopping"/>
    <tag k="ref" v="M6 Toll"/>
    <tag k="surface" v="asphalt"/>
    <tag k="toll" v="yes"/>
  </way>
  <way id="144373634" version="8" timestamp="2023-02-18T01:40:16Z" changeset="132700461" uid="13341565" user="Falsernet">
    <nd ref="1579257968"/>
    <nd ref="1579257969"/>
    <nd ref="1579257972"/>
    <nd ref="1250191744"/>
    <nd ref="6507174521"/>
    <nd ref="6507174520"/>
    <tag k="bicycle" v="no"/>
    <tag k="foot" v="no"/>
    <tag k="highway" v="motorway_link"/>
    <tag k="horse" v="no"/>
    <tag k="lanes" v="2"/>
    <tag k="lit" v="yes"/>
    <tag k="maxspeed" v="70 mph"/>
    <tag k="motor_vehicle" v="yes"/>
    <tag k="oneway" v="yes"/>
    <tag k="operator" v="Midland Expressway Ltd"/>
    <tag k="toll" v="yes"/>
  </way>
  <way id="189597799" version="6" timestamp="2025-09-27T15:23:57Z" changeset="172530990" uid="16453092" user="pdysrb">
    <nd ref="2001845355"/>
    <nd ref="207019"/>
    <nd ref="207017"/>
    <nd ref="1791822383"/>
    <nd ref="207015"/>
    <nd ref="207013"/>
    <nd ref="207008"/>
    <nd ref="2001849075"/>
    <tag k="carriageway_ref" v="A"/>
    <tag k="foot" v="no"/>
    <tag k="gritting" v="priority_1"/>
    <tag k="gritting_depot" v="Coleshill Heath Road"/>
    <tag k="gritting_operator" v="Warwickshire County Council"/>
    <tag k="gritting_route_ref" v="1"/>
    <tag k="gritting_route_revision" v="201110"/>
    <tag k="highway" v="trunk"/>
    <tag k="lanes" v="2"/>
    <tag k="lit" v="no"/>
    <tag k="maintenance" v="gritting"/>
    <tag k="maxspeed" v="70 mph"/>
    <tag k="name" v="Sutton Coldfield Bypass"/>
    <tag k="note" v="gritting addition Oct 2010"/>
    <tag k="oneway" v="yes"/>
    <tag k="ref" v="A38"/>
    <tag k="source" v="survey"/>
    <tag k="source:maxspeed" v="survey"/>
  </way>
  <way id="189597800" version="5" timestamp="2025-09-27T15:23:57Z" changeset="172530990" uid="16453092" user="pdysrb">
    <nd ref="2001845357"/>
    <nd ref="1791822123"/>
    <nd ref="207022"/>
    <nd ref="207024"/>
    <nd ref="1579258032"/>
    <nd ref="207026"/>
    <nd ref="1250191680"/>
    <nd ref="207028"/>
    <nd ref="207040"/>
    <nd ref="1250191701"/>
    <nd ref="207041"/>
    <nd ref="2001845351"/>
    <nd ref="1579257987"/>
    <nd ref="207031"/>
    <tag k="carriageway_ref" v="B"/>
    <tag k="foot" v="no"/>
    <tag k="gritting" v="priority_1"/>
    <tag k="gritting_depot" v="Coleshill Heath Road"/>
    <tag k="gritting_operator" v="Warwickshire County Council"/>
    <tag k="gritting_route_ref" v="1"/>
    <tag k="gritting_route_revision" v="201110"/>
    <tag k="highway" v="trunk"/>
    <tag k="lanes" v="2"/>
    <tag k="lit" v="yes"/>
    <tag k="maintenance" v="gritting"/>
    <tag k="maxspeed" v="70 mph"/>
    <tag k="name" v="Sutton Coldfield Bypass"/>
    <tag k="note" v="gritting addition Oct 2010"/>
    <tag k="oneway" v="yes"/>
    <tag k="ref" v="A38"/>
    <tag k="source" v="survey"/>
    <tag k="source:maxspeed" v="survey"/>
  </way>
  <way id="189597803" version="5" timestamp="2025-08-23T19:47:42Z" changeset="170897487" uid="16453092" user="pdysrb">
    <nd ref="2001845353"/>
    <nd ref="207048"/>
    <nd ref="207044"/>
    <nd ref="207043"/>
    <nd ref="1250191668"/>
    <nd ref="207042"/>
    <nd ref="207036"/>
    <tag k="gritting" v="priority_1"/>
    <tag k="gritting_operator" v="Birmingham City Council"/>
    <tag k="highway" v="trunk"/>
    <tag k="lanes" v="2"/>
    <tag k="lit" v="yes"/>
    <tag k="maintenance" v="gritting"/>
    <tag k="maxspeed" v="70 mph"/>
    <tag k="name" v="Sutton Coldfield Bypass"/>
    <tag k="note" v="gritting addition Oct 2010"/>
    <tag k="oneway" v="yes"/>
    <tag k="ref" v="A38"/>
    <tag k="source" v="survey"/>
    <tag k="source:maxspeed" v="survey"/>
    <tag k="traffic:sensor:ref" v="JTMS23"/>
    <tag k="traffic:sensor:ref_1" v="BIRM-JTMS23"/>
  </way>
  <way id="189598283" version="7" timestamp="2025-08-23T19:47:42Z" changeset="170897487" uid="16453092" user="pdysrb">
    <nd ref="2001849076"/>
    <nd ref="1250191886"/>
    <nd ref="206993"/>
    <nd ref="206991"/>
    <nd ref="206990"/>
    <nd ref="206987"/>
    <nd ref="2800558829"/>
    <nd ref="206985"/>
    <nd ref="206765"/>
    <nd ref="255180"/>
    <tag k="carriageway_ref" v="A"/>
    <tag k="gritting" v="priority_1"/>
    <tag k="gritting_depot" v="Coleshill Heath Road"/>
    <tag k="gritting_operator" v="Warwickshire County Council"/>
    <tag k="gritting_route_ref" v="1"/>
    <tag k="gritting_route_revision" v="201110"/>
    <tag k="highway" v="trunk"/>
    <tag k="lanes" v="2"/>
    <tag k="lit" v="no"/>
    <tag k="maintenance" v="gritting"/>
    <tag k="maxspeed" v="70 mph"/>
    <tag k="name" v="Sutton Coldfield Bypass"/>
    <tag k="oneway" v="yes"/>
    <tag k="ref" v="A38"/>
    <tag k="source" v="survey"/>
    <tag k="source:maxspeed" v="survey"/>
  </way>
  <way id="189598284" version="5" timestamp="2025-09-27T15:23:57Z" changeset="172530990" uid="16453092" user="pdysrb">
    <nd ref="2001849075"/>
    <nd ref="207007"/>
    <nd ref="2001849074"/>
    <nd ref="207006"/>
    <nd ref="207004"/>
    <tag k="carriageway_ref" v="A"/>
    <tag k="foot" v="no"/>
    <tag k="gritting" v="priority_1"/>
    <tag k="gritting_depot" v="Coleshill Heath Road"/>
    <tag k="gritting_operator" v="Warwickshire County Council"/>
    <tag k="gritting_route_ref" v="1"/>
    <tag k="gritting_route_revision" v="201110"/>
    <tag k="highway" v="trunk"/>
    <tag k="lanes" v="2"/>
    <tag k="lit" v="yes"/>
    <tag k="maintenance" v="gritting"/>
    <tag k="maxspeed" v="70 mph"/>
    <tag k="name" v="Sutton Coldfield Bypass"/>
    <tag k="note" v="gritting addition Oct 2010"/>
    <tag k="oneway" v="yes"/>
    <tag k="ref" v="A38"/>
    <tag k="source" v="survey"/>
    <tag k="source:maxspeed" v="survey"/>
  </way>
  <way id="189598285" version="5" timestamp="2025-09-27T15:23:57Z" changeset="172530990" uid="16453092" user="pdysrb">
    <nd ref="2001849070"/>
    <nd ref="207010"/>
    <nd ref="207014"/>
    <nd ref="207016"/>
    <nd ref="1791822382"/>
    <nd ref="207018"/>
    <nd ref="1791822338"/>
    <nd ref="207020"/>
    <nd ref="2001845357"/>
    <tag k="carriageway_ref" v="B"/>
    <tag k="foot" v="no"/>
    <tag k="gritting" v="priority_1"/>
    <tag k="gritting_depot" v="Coleshill Heath Road"/>
    <tag k="gritting_operator" v="Warwickshire County Council"/>
    <tag k="gritting_route_ref" v="1"/>
    <tag k="gritting_route_revision" v="201110"/>
    <tag k="highway" v="trunk"/>
    <tag k="lanes" v="2"/>
    <tag k="lit" v="no"/>
    <tag k="maintenance" v="gritting"/>
    <tag k="maxspeed" v="70 mph"/>
    <tag k="name" v="Sutton Coldfield Bypass"/>
    <tag k="note" v="gritting addition Oct 2010"/>
    <tag k="oneway" v="yes"/>
    <tag k="ref" v="A38"/>
    <tag k="source" v="survey"/>
    <tag k="source:maxspeed" v="survey"/>
  </way>
  <way id="189598286" version="4" timestamp="2025-08-23T19:47:42Z" changeset="170897487" uid="16453092" user="pdysrb">
    <nd ref="2001849073"/>
    <nd ref="206996"/>
    <nd ref="1250191682"/>
    <nd ref="207011"/>
    <nd ref="1250191760"/>
    <nd ref="207012"/>
    <nd ref="207001"/>
    <tag k="carriageway_ref" v="B"/>
    <tag k="gritting" v="priority_1"/>
    <tag k="gritting_depot" v="Coleshill Heath Road"/>
    <tag k="gritting_operator" v="Warwickshire County Council"/>
    <tag k="gritting_route_ref" v="1"/>
    <tag k="gritting_route_revision" v="201110"/>
    <tag k="highway" v="trunk"/>
    <tag k="lanes" v="2"/>
    <tag k="lit" v="yes"/>
    <tag k="maintenance" v="gritting"/>
    <tag k="maxspeed" v="70 mph"/>
    <tag k="name" v="Sutton Coldfield Bypass"/>
    <tag k="oneway" v="yes"/>
    <tag k="ref" v="A38"/>
    <tag k="source" v="survey"/>
    <tag k="source:maxspeed" v="survey"/>
  </way>
  <way id="189992730" version="2" timestamp="2014-09-29T11:38:38Z" changeset="25744585" uid="735" user="blackadder">
    <nd ref="255180"/>
    <nd ref="2005987936"/>
    <nd ref="206766"/>
    <nd ref="1252866782"/>
    <nd ref="206767"/>
    <nd ref="206761"/>
    <tag k="carriageway_ref" v="A"/>
    <tag k="gritting" v="priority_1"/>
    <tag k="gritting_depot" v="Coleshill Heath Road"/>
    <tag k="gritting_operator" v="Warwickshire County Council"/>
    <tag k="gritting_route_ref" v="1"/>
    <tag k="gritting_route_revision" v="201110"/>
    <tag k="highway" v="trunk"/>
    <tag k="lanes" v="2"/>
    <tag k="lit" v="yes"/>
    <tag k="maintenance" v="gritting"/>
    <tag k="maxspeed" v="70 mph"/>
    <tag k="name" v="Sutton Coldfield Bypass"/>
    <tag k="oneway" v="yes"/>
    <tag k="ref" v="A38"/>
    <tag k="source" v="survey"/>
    <tag k="source:maxspeed" v="survey"/>
  </way>
  <way id="189992731" version="5" timestamp="2025-08-23T19:47:42Z" changeset="170897487" uid="16453092" user="pdysrb">
    <nd ref="2005987937"/>
    <nd ref="2321127254"/>
    <nd ref="206764"/>
    <nd ref="206986"/>
    <nd ref="206988"/>
    <nd ref="206989"/>
    <nd ref="206992"/>
    <nd ref="206994"/>
    <nd ref="2001849073"/>
    <tag k="carriageway_ref" v="B"/>
    <tag k="gritting" v="priority_1"/>
    <tag k="gritting_depot" v="Coleshill Heath Road"/>
    <tag k="gritting_operator" v="Warwickshire County Council"/>
    <tag k="gritting_route_ref" v="1"/>
    <tag k="gritting_route_revision" v="201110"/>
    <tag k="highway" v="trunk"/>
    <tag k="lanes" v="2"/>
    <tag k="lit" v="no"/>
    <tag k="maintenance" v="gritting"/>
    <tag k="maxspeed" v="70 mph"/>
    <tag k="name" v="Sutton Coldfield Bypass"/>
    <tag k="oneway" v="yes"/>
    <tag k="ref" v="A38"/>
    <tag k="source" v="survey"/>
    <tag k="source:maxspeed" v="survey"/>
  </way>
  <way id="195593210" version="3" timestamp="2023-08-17T14:19:52Z" changeset="140015621" uid="705850" user="Cebderby">
    <nd ref="2060137752"/>
    <nd ref="2060137754"/>
    <nd ref="2060137756"/>
    <nd ref="2060137758"/>
    <nd ref="2060137761"/>
    <nd ref="2060137768"/>
    <nd ref="11122431508"/>
    <nd ref="11122431507"/>
    <nd ref="11122431506"/>
    <nd ref="11122431509"/>
    <nd ref="11122431510"/>
    <nd ref="2060137774"/>
    <nd ref="2060137773"/>
    <nd ref="2060137776"/>
    <nd ref="2060137771"/>
    <nd ref="2060137770"/>
    <nd ref="2060137759"/>
    <nd ref="2060137762"/>
    <nd ref="11122430881"/>
    <nd ref="11122430882"/>
    <nd ref="2060137757"/>
    <nd ref="2060137755"/>
    <nd ref="2060137753"/>
    <nd ref="11122430884"/>
    <nd ref="11122430883"/>
    <nd ref="2060137752"/>
    <tag k="building" v="yes"/>
    <tag k="name" v="Bodymoor Heath Training Complex (Aston Villa Football Club)"/>
  </way>
  <way id="216070543" version="9" timestamp="2025-09-27T15:21:15Z" changeset="172530888" uid="16453092" user="pdysrb">
    <nd ref="2254457773"/>
    <nd ref="2418578026"/>
    <nd ref="1579281593"/>
    <nd ref="1579281592"/>
    <nd ref="278274"/>
    <nd ref="2254457771"/>
    <tag k="DfT_AADF" v="20164"/>
    <tag k="DfT_AADF_bus" v="51"/>
    <tag k="DfT_AADF_car" v="14227"/>
    <tag k="DfT_AADF_hgv" v="3103"/>
    <tag k="DfT_AADF_lgv" v="2698"/>
    <tag k="DfT_AADF_year" v="2013"/>
    <tag k="DfT_traffic_counter_ref" v="47186"/>
    <tag k="foot" v="no"/>
    <tag k="gritting" v="priority_1"/>
    <tag k="gritting_depot" v="Coleshill Heath Road"/>
    <tag k="gritting_operator" v="Warwickshire County Council"/>
    <tag k="gritting_route_ref" v="1"/>
    <tag k="gritting_route_revision" v="201110"/>
    <tag k="highway" v="trunk"/>
    <tag k="lanes" v="3"/>
    <tag k="lanes:backward" v="1"/>
    <tag k="lanes:forward" v="2"/>
    <tag k="lit" v="no"/>
    <tag k="maintenance" v="gritting"/>
    <tag k="maxspeed" v="60 mph"/>
    <tag k="maxspeed:type" v="GB:nsl_single"/>
    <tag k="name" v="London Road"/>
    <tag k="note" v="Has crawler lane southbound"/>
    <tag k="ref" v="A446"/>
    <tag k="shoulder" v="no"/>
    <tag k="surface" v="asphalt"/>
  </way>
  <way id="216070546" version="10" timestamp="2023-08-18T14:52:29Z" changeset="140057855" uid="5589" user="user_5589">
    <nd ref="2254457771"/>
    <nd ref="278273"/>
    <nd ref="5010527485"/>
    <nd ref="1579281591"/>
    <nd ref="278272"/>
    <nd ref="5010527490"/>
    <nd ref="1579281590"/>
    <nd ref="278271"/>
    <nd ref="278270"/>
    <tag k="DfT_AADF" v="20164"/>
    <tag k="DfT_AADF_bus" v="51"/>
    <tag k="DfT_AADF_car" v="14227"/>
    <tag k="DfT_AADF_hgv" v="3103"/>
    <tag k="DfT_AADF_lgv" v="2698"/>
    <tag k="DfT_AADF_year" v="2013"/>
    <tag k="DfT_traffic_counter_ref" v="47186"/>
    <tag k="gritting" v="priority_1"/>
    <tag k="gritting_depot" v="Coleshill Heath Road"/>
    <tag k="gritting_operator" v="Warwickshire County Council"/>
    <tag k="gritting_route_ref" v="1"/>
    <tag k="gritting_route_revision" v="201110"/>
    <tag k="highway" v="trunk"/>
    <tag k="lanes" v="2"/>
    <tag k="lit" v="no"/>
    <tag k="maintenance" v="gritting"/>
    <tag k="maxspeed" v="60 mph"/>
    <tag k="maxspeed:type" v="GB:nsl_single"/>
    <tag k="name" v="London Road"/>
    <tag k="overtaking" v="no"/>
    <tag k="ref" v="A446"/>
    <tag k="shoulder" v="no"/>
    <tag k="surface" v="asphalt"/>
  </way>
  <way id="221952347" version="6" timestamp="2025-07-17T23:26:06Z" changeset="169083589" uid="8857" user="philipcullen">
    <nd ref="2309321580"/>
    <nd ref="2309321581"/>
    <nd ref="2309321578"/>
    <nd ref="2309321579"/>
    <nd ref="2309321576"/>
    <nd ref="2309321575"/>
    <nd ref="2309321574"/>
    <nd ref="2309321573"/>
    <nd ref="2309321580"/>
    <tag k="amenity" v="place_of_worship"/>
    <tag k="building" v="church"/>
    <tag k="denomination" v="anglican"/>
    <tag k="heritage" v="2"/>
    <tag k="heritage:operator" v="Historic England"/>
    <tag k="listed_status" v="Grade II*"/>
    <tag k="name" v="St John The Baptist"/>
    <tag k="ref:GB:uprn" v="100071485906"/>
    <tag k="ref:dove" v="15719"/>
    <tag k="religion" v="christian"/>
    <tag k="wikidata" v="Q17550476"/>
  </way>
  <way id="221952348" version="1" timestamp="2013-05-18T08:29:05Z" changeset="16176988" uid="735" user="blackadder">
    <nd ref="2309321444"/>
    <nd ref="2309321425"/>
    <nd ref="2309321440"/>
    <nd ref="2309321422"/>
    <nd ref="2309321353"/>
    <nd ref="2309321368"/>
    <nd ref="2309321321"/>
    <nd ref="2309321332"/>
    <nd ref="2309321380"/>
    <nd ref="2309321387"/>
    <nd ref="2309321327"/>
    <nd ref="2309321354"/>
    <nd ref="2309321379"/>
    <nd ref="2309321382"/>
    <nd ref="2309321375"/>
    <nd ref="2309321378"/>
    <nd ref="2309321409"/>
    <nd ref="2309321405"/>
    <nd ref="2309321430"/>
    <nd ref="2309321421"/>
    <nd ref="2309321444"/>
    <tag k="amenity" v="pub"/>
    <tag k="building" v="yes"/>
    <tag k="name" v="The Green Man"/>
  </way>
  <way id="221952441" version="2" timestamp="2014-04-16T07:14:23Z" changeset="21723981" uid="735" user="blackadder">
    <nd ref="2309321564"/>
    <nd ref="2309321454"/>
    <nd ref="2309321253"/>
    <nd ref="2794132019"/>
    <tag k="highway" v="residential"/>
    <tag k="name" v="Samuel White Close"/>
  </way>
  <way id="224790263" version="3" timestamp="2025-07-17T23:26:06Z" changeset="169083589" uid="8857" user="philipcullen">
    <nd ref="2336199687"/>
    <nd ref="2336199710"/>
    <nd ref="2336199713"/>
    <nd ref="2336199720"/>
    <nd ref="2336199702"/>
    <nd ref="2336199704"/>
    <nd ref="2336199695"/>
    <nd ref="2336199670"/>
    <nd ref="2336199684"/>
    <nd ref="2336199674"/>
    <nd ref="2336199699"/>
    <nd ref="2336199693"/>
    <nd ref="2336199682"/>
    <nd ref="2336199668"/>
    <nd ref="2336199687"/>
    <tag k="building" v="yes"/>
    <tag k="name" v="Ash End House"/>
    <tag k="ref:GB:uprn" v="100071485754"/>
  </way>
  <way id="224790277" version="2" timestamp="2014-05-10T06:33:15Z" changeset="22244236" uid="735" user="blackadder">
    <nd ref="2336199577"/>
    <nd ref="2336199569"/>
    <nd ref="2336199555"/>
    <nd ref="2336199572"/>
    <nd ref="2336199559"/>
    <nd ref="2336199563"/>
    <nd ref="2336199577"/>
    <tag k="building" v="yes"/>
    <tag k="name" v="Ash End Barn"/>
  </way>
  <way id="274734833" version="1" timestamp="2014-04-16T07:14:23Z" changeset="21723981" uid="735" user="blackadder">
    <nd ref="2309321253"/>
    <nd ref="2794132022"/>
    <tag k="highway" v="residential"/>
    <tag k="name" v="Samuel White Close"/>
  </way>
  <way id="274734834" version="1" timestamp="2014-04-16T07:14:23Z" changeset="21723981" uid="735" user="blackadder">
    <nd ref="2794132019"/>
    <nd ref="2794132016"/>
    <nd ref="2794132013"/>
    <nd ref="2794132015"/>
    <nd ref="2794132018"/>
    <tag k="highway" v="residential"/>
    <tag k="name" v="Samuel White Close"/>
  </way>
  <way id="274867743" version="3" timestamp="2025-07-17T23:26:06Z" changeset="169083589" uid="8857" user="philipcullen">
    <nd ref="2795363969"/>
    <nd ref="2795363972"/>
    <nd ref="2795363846"/>
    <nd ref="2795363843"/>
    <nd ref="2795363829"/>
    <nd ref="2795363828"/>
    <nd ref="2795363813"/>
    <nd ref="2795363814"/>
    <nd ref="2795363796"/>
    <nd ref="2795363792"/>
    <nd ref="2795363969"/>
    <tag k="addr:housenumber" v="2"/>
    <tag k="addr:postcode" v="B75 6LA"/>
    <tag k="addr:street" v="Colletts Brook"/>
    <tag k="building" v="residential"/>
    <tag k="ref:GB:uprn" v="10001171456"/>
  </way>
  <way id="274867744" version="3" timestamp="2025-07-17T23:26:06Z" changeset="169083589" uid="8857" user="philipcullen">
    <nd ref="2795364008"/>
    <nd ref="2795364006"/>
    <nd ref="2795364028"/>
    <nd ref="2795364026"/>
    <nd ref="2795364012"/>
    <nd ref="2795364009"/>
    <nd ref="2795364024"/>
    <nd ref="2795364021"/>
    <nd ref="2795364019"/>
    <nd ref="2795364015"/>
    <nd ref="2795363976"/>
    <nd ref="2795363982"/>
    <nd ref="2795363850"/>
    <nd ref="2795363854"/>
    <nd ref="2795363860"/>
    <nd ref="2795363865"/>
    <nd ref="2795363858"/>
    <nd ref="2795363862"/>
    <nd ref="2795363990"/>
    <nd ref="2795363992"/>
    <nd ref="2795364008"/>
    <tag k="addr:housenumber" v="2"/>
    <tag k="addr:postcode" v="B75 6LF"/>
    <tag k="addr:street" v="Hill Lane"/>
    <tag k="building" v="residential"/>
    <tag k="ref:GB:uprn" v="200001874509"/>
  </way>
  <way id="274867746" version="3" timestamp="2025-07-17T23:26:06Z" changeset="169083589" uid="8857" user="philipcullen">
    <nd ref="2795363830"/>
    <nd ref="2795363825"/>
    <nd ref="2795363788"/>
    <nd ref="2795363795"/>
    <nd ref="2795363830"/>
    <tag k="addr:housenumber" v="44"/>
    <tag k="addr:postcode" v="B75 6LF"/>
    <tag k="addr:street" v="Hill Lane"/>
    <tag k="building" v="residential"/>
    <tag k="ref:GB:uprn" v="100070125168"/>
  </way>
  <way id="274867748" version="3" timestamp="2025-07-17T23:26:06Z" changeset="169083589" uid="8857" user="philipcullen">
    <nd ref="2795361467"/>
    <nd ref="2795361464"/>
    <nd ref="2795361448"/>
    <nd ref="2795361450"/>
    <nd ref="2795361467"/>
    <tag k="addr:housenumber" v="70"/>
    <tag k="addr:postcode" v="B75 6LF"/>
    <tag k="addr:street" v="Hill Lane"/>
    <tag k="building" v="residential"/>
    <tag k="ref:GB:uprn" v="100070125187"/>
  </way>
  <way id="274867749" version="3" timestamp="2025-07-17T23:26:06Z" changeset="169083589" uid="8857" user="philipcullen">
    <nd ref="2795363861"/>
    <nd ref="2795363856"/>
    <nd ref="2795363818"/>
    <nd ref="2795363821"/>
    <nd ref="2795363861"/>
    <tag k="addr:housenumber" v="34"/>
    <tag k="addr:postcode" v="B75 6LF"/>
    <tag k="addr:street" v="Hill Lane"/>
    <tag k="building" v="residential"/>
    <tag k="ref:GB:uprn" v="100070125159"/>
  </way>
  <way id="274867750" version="3" timestamp="2025-07-17T23:26:06Z" changeset="169083589" uid="8857" user="philipcullen">
    <nd ref="2795361447"/>
    <nd ref="2795361460"/>
    <nd ref="2795361459"/>
    <nd ref="2795361445"/>
    <nd ref="2795361447"/>
    <tag k="addr:housenumber" v="74"/>
    <tag k="addr:postcode" v="B75 6LF"/>
    <tag k="addr:street" v="Hill Lane"/>
    <tag k="building" v="residential"/>
    <tag k="ref:GB:uprn" v="100070125189"/>
  </way>
  <way id="274867751" version="3" timestamp="2025-07-17T23:26:06Z" changeset="169083589" uid="8857" user="philipcullen">
    <nd ref="2795364007"/>
    <nd ref="2795364005"/>
    <nd ref="2795363979"/>
    <nd ref="2795363984"/>
    <nd ref="2795364007"/>
    <tag k="addr:housenumber" v="12"/>
    <tag k="addr:postcode" v="B75 6LF"/>
    <tag k="addr:street" v="Hill Lane"/>
    <tag k="building" v="residential"/>
    <tag k="ref:GB:uprn" v="100070125138"/>
  </way>
  <way id="274867752" version="3" timestamp="2025-07-17T23:26:06Z" changeset="169083589" uid="8857" user="philipcullen">
    <nd ref="2795363770"/>
    <nd ref="2795361468"/>
    <nd ref="2795361449"/>
    <nd ref="2795361451"/>
    <nd ref="2795363770"/>
    <tag k="addr:housenumber" v="68"/>
    <tag k="addr:postcode" v="B75 6LF"/>
    <tag k="addr:street" v="Hill Lane"/>
    <tag k="building" v="residential"/>
    <tag k="ref:GB:uprn" v="100070125186"/>
  </way>
  <way id="274867753" version="3" timestamp="2025-07-17T23:26:06Z" changeset="169083589" uid="8857" user="philipcullen">
    <nd ref="2795363840"/>
    <nd ref="2795363834"/>
    <nd ref="2795363806"/>
    <nd ref="2795363811"/>
    <nd ref="2795363840"/>
    <tag k="addr:housenumber" v="40"/>
    <tag k="addr:postcode" v="B75 6LF"/>
    <tag k="addr:street" v="Hill Lane"/>
    <tag k="building" v="residential"/>
    <tag k="ref:GB:uprn" v="100070125165"/>
  </way>
  <way id="274867754" version="3" timestamp="2025-07-17T23:26:06Z" changeset="169083589" uid="8857" user="philipcullen">
    <nd ref="2795363977"/>
    <nd ref="2795363973"/>
    <nd ref="2795364001"/>
    <nd ref="2795364003"/>
    <nd ref="2795363977"/>
    <tag k="addr:housenumber" v="16"/>
    <tag k="addr:postcode" v="B75 6LF"/>
    <tag k="addr:street" v="Hill Lane"/>
    <tag k="building" v="residential"/>
    <tag k="ref:GB:uprn" v="100070125141"/>
  </way>
  <way id="274867755" version="3" timestamp="2025-07-17T23:26:06Z" changeset="169083589" uid="8857" user="philipcullen">
    <nd ref="2795363991"/>
    <nd ref="2795363986"/>
    <nd ref="2795363848"/>
    <nd ref="2795363852"/>
    <nd ref="2795363991"/>
    <tag k="addr:housenumber" v="24"/>
    <tag k="addr:postcode" v="B75 6LF"/>
    <tag k="addr:street" v="Hill Lane"/>
    <tag k="building" v="residential"/>
    <tag k="ref:GB:uprn" v="100070125149"/>
  </way>
  <way id="274867756" version="3" timestamp="2025-07-17T23:26:06Z" changeset="169083589" uid="8857" user="philipcullen">
    <nd ref="2795363994"/>
    <nd ref="2795363991"/>
    <nd ref="2795363852"/>
    <nd ref="2795363857"/>
    <nd ref="2795363994"/>
    <tag k="addr:housenumber" v="22"/>
    <tag k="addr:postcode" v="B75 6LF"/>
    <tag k="addr:street" v="Hill Lane"/>
    <tag k="building" v="residential"/>
    <tag k="ref:GB:uprn" v="100070125147"/>
  </way>
  <way id="274867757" version="2" timestamp="2014-04-28T20:34:13Z" changeset="22010454" uid="735" user="blackadder">
    <nd ref="2795363856"/>
    <nd ref="2795363851"/>
    <nd ref="2795363815"/>
    <nd ref="2795363818"/>
    <nd ref="2795363856"/>
    <tag k="addr:housenumber" v="36"/>
    <tag k="addr:postcode" v="B75 6LF"/>
    <tag k="addr:street" v="Hill Lane"/>
    <tag k="building" v="residential"/>
  </way>
  <way id="274867758" version="3" timestamp="2025-07-17T23:26:06Z" changeset="169083589" uid="8857" user="philipcullen">
    <nd ref="2795363993"/>
    <nd ref="2795363997"/>
    <nd ref="2795364017"/>
    <nd ref="2795364013"/>
    <nd ref="2795363993"/>
    <tag k="addr:housenumber" v="6"/>
    <tag k="addr:postcode" v="B75 6LF"/>
    <tag k="addr:street" v="Hill Lane"/>
    <tag k="building" v="residential"/>
    <tag k="ref:GB:uprn" v="100070125132"/>
  </way>
  <way id="274867759" version="3" timestamp="2025-07-17T23:26:06Z" changeset="169083589" uid="8857" user="philipcullen">
    <nd ref="2795363867"/>
    <nd ref="2795363864"/>
    <nd ref="2795363998"/>
    <nd ref="2795364000"/>
    <nd ref="2795363867"/>
    <tag k="addr:housenumber" v="18"/>
    <tag k="addr:postcode" v="B75 6LF"/>
    <tag k="addr:street" v="Hill Lane"/>
    <tag k="building" v="residential"/>
    <tag k="ref:GB:uprn" v="100070125143"/>
  </way>
  <way id="274867760" version="3" timestamp="2025-07-17T23:26:06Z" changeset="169083589" uid="8857" user="philipcullen">
    <nd ref="2795363803"/>
    <nd ref="2795363800"/>
    <nd ref="2795361466"/>
    <nd ref="2795363769"/>
    <nd ref="2795363803"/>
    <tag k="addr:housenumber" v="54"/>
    <tag k="addr:postcode" v="B75 6LF"/>
    <tag k="addr:street" v="Hill Lane"/>
    <tag k="building" v="residential"/>
    <tag k="ref:GB:uprn" v="100070125178"/>
  </way>
  <way id="274867763" version="3" timestamp="2025-07-17T23:26:06Z" changeset="169083589" uid="8857" user="philipcullen">
    <nd ref="2795361464"/>
    <nd ref="2795361462"/>
    <nd ref="2795361446"/>
    <nd ref="2795361448"/>
    <nd ref="2795361464"/>
    <tag k="addr:housenumber" v="72"/>
    <tag k="addr:postcode" v="B75 6LF"/>
    <tag k="addr:street" v="Hill Lane"/>
    <tag k="building" v="residential"/>
    <tag k="ref:GB:uprn" v="100070125188"/>
  </way>
  <way id="274867768" version="3" timestamp="2025-07-17T23:26:06Z" changeset="169083589" uid="8857" user="philipcullen">
    <nd ref="2795361459"/>
    <nd ref="2795361457"/>
    <nd ref="2795361444"/>
    <nd ref="2795361445"/>
    <nd ref="2795361459"/>
    <tag k="addr:housenumber" v="76"/>
    <tag k="addr:postcode" v="B75 6LF"/>
    <tag k="addr:street" v="Hill Lane"/>
    <tag k="building" v="residential"/>
    <tag k="ref:GB:uprn" v="100070125190"/>
  </way>
  <way id="274867771" version="3" timestamp="2025-07-17T23:26:06Z" changeset="169083589" uid="8857" user="philipcullen">
    <nd ref="2795363790"/>
    <nd ref="2795363782"/>
    <nd ref="2795361454"/>
    <nd ref="2795361456"/>
    <nd ref="2795363790"/>
    <tag k="addr:housenumber" v="62"/>
    <tag k="addr:postcode" v="B75 6LF"/>
    <tag k="addr:street" v="Hill Lane"/>
    <tag k="building" v="residential"/>
    <tag k="ref:GB:uprn" v="100070125183"/>
  </way>
  <way id="274867774" version="3" timestamp="2025-07-17T23:26:06Z" changeset="169083589" uid="8857" user="philipcullen">
    <nd ref="2795363864"/>
    <nd ref="2795363859"/>
    <nd ref="2795363995"/>
    <nd ref="2795363998"/>
    <nd ref="2795363864"/>
    <tag k="addr:housenumber" v="20"/>
    <tag k="addr:postcode" v="B75 6LF"/>
    <tag k="addr:street" v="Hill Lane"/>
    <tag k="building" v="residential"/>
    <tag k="ref:GB:uprn" v="100070125145"/>
  </way>
  <way id="274867776" version="3" timestamp="2025-07-17T23:26:06Z" changeset="169083589" uid="8857" user="philipcullen">
    <nd ref="2795363826"/>
    <nd ref="2795363824"/>
    <nd ref="2795363863"/>
    <nd ref="2795363866"/>
    <nd ref="2795363826"/>
    <tag k="addr:housenumber" v="32"/>
    <tag k="addr:postcode" v="B75 6LF"/>
    <tag k="addr:street" v="Hill Lane"/>
    <tag k="building" v="residential"/>
    <tag k="ref:GB:uprn" v="100070125157"/>
  </way>
  <way id="274867778" version="3" timestamp="2025-07-17T23:26:06Z" changeset="169083589" uid="8857" user="philipcullen">
    <nd ref="2795363833"/>
    <nd ref="2795363830"/>
    <nd ref="2795363795"/>
    <nd ref="2795363797"/>
    <nd ref="2795363833"/>
    <tag k="addr:housenumber" v="42"/>
    <tag k="addr:postcode" v="B75 6LF"/>
    <tag k="addr:street" v="Hill Lane"/>
    <tag k="building" v="residential"/>
    <tag k="ref:GB:uprn" v="100070125167"/>
  </way>
  <way id="274867779" version="3" timestamp="2025-07-17T23:26:06Z" changeset="169083589" uid="8857" user="philipcullen">
    <nd ref="2795364013"/>
    <nd ref="2795364011"/>
    <nd ref="2795363989"/>
    <nd ref="2795363993"/>
    <nd ref="2795364013"/>
    <tag k="addr:housenumber" v="8"/>
    <tag k="addr:postcode" v="B75 6LF"/>
    <tag k="addr:street" v="Hill Lane"/>
    <tag k="building" v="residential"/>
    <tag k="ref:GB:uprn" v="100070125134"/>
  </way>
  <way id="274867780" version="3" timestamp="2025-07-17T23:26:06Z" changeset="169083589" uid="8857" user="philipcullen">
    <nd ref="2795363798"/>
    <nd ref="2795363793"/>
    <nd ref="2795361461"/>
    <nd ref="2795361463"/>
    <nd ref="2795363798"/>
    <tag k="addr:housenumber" v="58"/>
    <tag k="addr:postcode" v="B75 6LF"/>
    <tag k="addr:street" v="Hill Lane"/>
    <tag k="building" v="residential"/>
    <tag k="ref:GB:uprn" v="100070125181"/>
  </way>
  <way id="274867782" version="3" timestamp="2025-07-17T23:26:06Z" changeset="169083589" uid="8857" user="philipcullen">
    <nd ref="2795364010"/>
    <nd ref="2795364007"/>
    <nd ref="2795363984"/>
    <nd ref="2795363988"/>
    <nd ref="2795364010"/>
    <tag k="addr:housenumber" v="10"/>
    <tag k="addr:postcode" v="B75 6LF"/>
    <tag k="addr:street" v="Hill Lane"/>
    <tag k="building" v="residential"/>
    <tag k="ref:GB:uprn" v="100070125136"/>
  </way>
  <way id="274867784" version="3" timestamp="2025-07-17T23:26:06Z" changeset="169083589" uid="8857" user="philipcullen">
    <nd ref="2795364018"/>
    <nd ref="2795364014"/>
    <nd ref="2795363983"/>
    <nd ref="2795363987"/>
    <nd ref="2795364018"/>
    <tag k="addr:housenumber" v="4A"/>
    <tag k="addr:postcode" v="B75 6LF"/>
    <tag k="addr:street" v="Hill Lane"/>
    <tag k="building" v="residential"/>
    <tag k="ref:GB:uprn" v="100070125130"/>
  </way>
  <way id="274867787" version="3" timestamp="2025-07-17T23:26:06Z" changeset="169083589" uid="8857" user="philipcullen">
    <nd ref="2795363800"/>
    <nd ref="2795363799"/>
    <nd ref="2795361465"/>
    <nd ref="2795361466"/>
    <nd ref="2795363800"/>
    <tag k="addr:housenumber" v="56"/>
    <tag k="addr:postcode" v="B75 6LF"/>
    <tag k="addr:street" v="Hill Lane"/>
    <tag k="building" v="residential"/>
    <tag k="ref:GB:uprn" v="100070125180"/>
  </way>
  <way id="274867789" version="3" timestamp="2025-07-17T23:26:06Z" changeset="169083589" uid="8857" user="philipcullen">
    <nd ref="2795363775"/>
    <nd ref="2795361452"/>
    <nd ref="2795361451"/>
    <nd ref="2795363770"/>
    <nd ref="2795363775"/>
    <tag k="addr:housenumber" v="66"/>
    <tag k="addr:postcode" v="B75 6LF"/>
    <tag k="addr:street" v="Hill Lane"/>
    <tag k="building" v="residential"/>
    <tag k="ref:GB:uprn" v="100070125185"/>
  </way>
  <way id="274867791" version="3" timestamp="2025-07-17T23:26:06Z" changeset="169083589" uid="8857" user="philipcullen">
    <nd ref="2795363823"/>
    <nd ref="2795363820"/>
    <nd ref="2795363789"/>
    <nd ref="2795363794"/>
    <nd ref="2795363823"/>
    <tag k="addr:housenumber" v="46"/>
    <tag k="addr:postcode" v="B75 6LF"/>
    <tag k="addr:street" v="Hill Lane"/>
    <tag k="building" v="residential"/>
    <tag k="ref:GB:uprn" v="100070125170"/>
  </way>
  <way id="274867792" version="3" timestamp="2025-07-17T23:26:06Z" changeset="169083589" uid="8857" user="philipcullen">
    <nd ref="2795363782"/>
    <nd ref="2795363774"/>
    <nd ref="2795361453"/>
    <nd ref="2795361454"/>
    <nd ref="2795363782"/>
    <tag k="addr:housenumber" v="64"/>
    <tag k="addr:postcode" v="B75 6LF"/>
    <tag k="addr:street" v="Hill Lane"/>
    <tag k="building" v="residential"/>
    <tag k="ref:GB:uprn" v="100070125184"/>
  </way>
  <way id="274867794" version="3" timestamp="2025-07-17T23:26:06Z" changeset="169083589" uid="8857" user="philipcullen">
    <nd ref="2795364020"/>
    <nd ref="2795363868"/>
    <nd ref="2795363974"/>
    <nd ref="2795364023"/>
    <nd ref="2795364020"/>
    <tag k="addr:housenumber" v="4"/>
    <tag k="addr:postcode" v="B75 6LF"/>
    <tag k="addr:street" v="Hill Lane"/>
    <tag k="building" v="residential"/>
    <tag k="ref:GB:uprn" v="100071484416"/>
  </way>
  <way id="274867796" version="3" timestamp="2025-07-17T23:26:06Z" changeset="169083589" uid="8857" user="philipcullen">
    <nd ref="2795363793"/>
    <nd ref="2795363785"/>
    <nd ref="2795361455"/>
    <nd ref="2795361458"/>
    <nd ref="2795361461"/>
    <nd ref="2795363793"/>
    <tag k="addr:housenumber" v="60"/>
    <tag k="addr:postcode" v="B75 6LF"/>
    <tag k="addr:street" v="Hill Lane"/>
    <tag k="building" v="residential"/>
    <tag k="ref:GB:uprn" v="100070125182"/>
  </way>
  <way id="274867797" version="3" timestamp="2025-07-17T23:26:06Z" changeset="169083589" uid="8857" user="philipcullen">
    <nd ref="2795363847"/>
    <nd ref="2795363844"/>
    <nd ref="2795363838"/>
    <nd ref="2795363832"/>
    <nd ref="2795363971"/>
    <nd ref="2795363981"/>
    <nd ref="2795363847"/>
    <tag k="addr:housenumber" v="28"/>
    <tag k="addr:postcode" v="B75 6LF"/>
    <tag k="addr:street" v="Hill Lane"/>
    <tag k="building" v="residential"/>
    <tag k="ref:GB:uprn" v="100070125153"/>
  </way>
  <way id="274867799" version="3" timestamp="2025-07-17T23:26:06Z" changeset="169083589" uid="8857" user="philipcullen">
    <nd ref="2795363978"/>
    <nd ref="2795363975"/>
    <nd ref="2795363980"/>
    <nd ref="2795363977"/>
    <nd ref="2795364003"/>
    <nd ref="2795364004"/>
    <nd ref="2795363978"/>
    <tag k="addr:housenumber" v="14"/>
    <tag k="addr:postcode" v="B75 6LF"/>
    <tag k="addr:street" v="Hill Lane"/>
    <tag k="building" v="residential"/>
    <tag k="ref:GB:uprn" v="100070125139"/>
  </way>
  <way id="274867803" version="3" timestamp="2025-07-17T23:26:06Z" changeset="169083589" uid="8857" user="philipcullen">
    <nd ref="2795363847"/>
    <nd ref="2795363839"/>
    <nd ref="2795363841"/>
    <nd ref="2795363853"/>
    <nd ref="2795363855"/>
    <nd ref="2795363985"/>
    <nd ref="2795363981"/>
    <nd ref="2795363847"/>
    <tag k="addr:housenumber" v="26"/>
    <tag k="addr:postcode" v="B75 6LF"/>
    <tag k="addr:street" v="Hill Lane"/>
    <tag k="building" v="residential"/>
    <tag k="ref:GB:uprn" v="100070125151"/>
  </way>
  <way id="274867805" version="3" timestamp="2025-07-17T23:26:06Z" changeset="169083589" uid="8857" user="philipcullen">
    <nd ref="2795363811"/>
    <nd ref="2795363812"/>
    <nd ref="2795363804"/>
    <nd ref="2795363807"/>
    <nd ref="2795363801"/>
    <nd ref="2795363802"/>
    <nd ref="2795363845"/>
    <nd ref="2795363840"/>
    <nd ref="2795363811"/>
    <tag k="addr:housenumber" v="38"/>
    <tag k="addr:postcode" v="B75 6LF"/>
    <tag k="addr:street" v="Hill Lane"/>
    <tag k="building" v="residential"/>
    <tag k="ref:GB:uprn" v="100070125163"/>
  </way>
  <way id="274867807" version="3" timestamp="2025-07-17T23:26:06Z" changeset="169083589" uid="8857" user="philipcullen">
    <nd ref="2795363820"/>
    <nd ref="2795363817"/>
    <nd ref="2795363810"/>
    <nd ref="2795363808"/>
    <nd ref="2795363778"/>
    <nd ref="2795363783"/>
    <nd ref="2795363786"/>
    <nd ref="2795363789"/>
    <nd ref="2795363820"/>
    <tag k="addr:housenumber" v="48"/>
    <tag k="addr:postcode" v="B75 6LF"/>
    <tag k="addr:street" v="Hill Lane"/>
    <tag k="building" v="residential"/>
    <tag k="ref:GB:uprn" v="100070125172"/>
  </way>
  <way id="274867811" version="3" timestamp="2025-07-17T23:26:06Z" changeset="169083589" uid="8857" user="philipcullen">
    <nd ref="2795363791"/>
    <nd ref="2795363816"/>
    <nd ref="2795363809"/>
    <nd ref="2795363781"/>
    <nd ref="2795363784"/>
    <nd ref="2795363777"/>
    <nd ref="2795363780"/>
    <nd ref="2795363787"/>
    <nd ref="2795363791"/>
    <tag k="addr:housenumber" v="50"/>
    <tag k="addr:postcode" v="B75 6LF"/>
    <tag k="addr:street" v="Hill Lane"/>
    <tag k="building" v="residential"/>
    <tag k="ref:GB:uprn" v="100070125174"/>
  </way>
  <way id="274867813" version="3" timestamp="2025-07-17T23:26:06Z" changeset="169083589" uid="8857" user="philipcullen">
    <nd ref="2795363809"/>
    <nd ref="2795363805"/>
    <nd ref="2795363773"/>
    <nd ref="2795363776"/>
    <nd ref="2795363771"/>
    <nd ref="2795363772"/>
    <nd ref="2795363779"/>
    <nd ref="2795363781"/>
    <nd ref="2795363809"/>
    <tag k="addr:housenumber" v="52"/>
    <tag k="addr:postcode" v="B75 6LF"/>
    <tag k="addr:street" v="Hill Lane"/>
    <tag k="building" v="residential"/>
    <tag k="ref:GB:uprn" v="100070125176"/>
  </way>
  <way id="274867815" version="3" timestamp="2025-07-17T23:26:06Z" changeset="169083589" uid="8857" user="philipcullen">
    <nd ref="2795363827"/>
    <nd ref="2795363819"/>
    <nd ref="2795363822"/>
    <nd ref="2795363837"/>
    <nd ref="2795363836"/>
    <nd ref="2795363970"/>
    <nd ref="2795363866"/>
    <nd ref="2795363826"/>
    <nd ref="2795363827"/>
    <tag k="addr:housenumber" v="30"/>
    <tag k="addr:postcode" v="B75 6LF"/>
    <tag k="addr:street" v="Hill Lane"/>
    <tag k="building" v="residential"/>
    <tag k="ref:GB:uprn" v="100070125155"/>
  </way>
  <way id="275429836" version="3" timestamp="2025-07-17T23:26:06Z" changeset="169083589" uid="8857" user="philipcullen">
    <nd ref="2800561343"/>
    <nd ref="2800561347"/>
    <nd ref="2800561341"/>
    <nd ref="2800561340"/>
    <nd ref="2800561328"/>
    <nd ref="2800561327"/>
    <nd ref="2800561317"/>
    <nd ref="2800561316"/>
    <nd ref="2800561331"/>
    <nd ref="2800561329"/>
    <nd ref="2800561343"/>
    <tag k="addr:housenumber" v="11"/>
    <tag k="addr:postcode" v="B75 6LE"/>
    <tag k="addr:street" v="Hill Lane"/>
    <tag k="building" v="residential"/>
    <tag k="ref:GB:uprn" v="100070125137"/>
  </way>
  <way id="275429837" version="3" timestamp="2025-07-17T23:26:06Z" changeset="169083589" uid="8857" user="philipcullen">
    <nd ref="2800561350"/>
    <nd ref="2800561351"/>
    <nd ref="2800561356"/>
    <nd ref="2800561357"/>
    <nd ref="2800561362"/>
    <nd ref="2800561364"/>
    <nd ref="2800561315"/>
    <nd ref="2800561309"/>
    <nd ref="2800561323"/>
    <nd ref="2800561319"/>
    <nd ref="2800561342"/>
    <nd ref="2800561345"/>
    <nd ref="2800561350"/>
    <tag k="addr:housenumber" v="49"/>
    <tag k="addr:postcode" v="B75 6LE"/>
    <tag k="addr:street" v="Hill Lane"/>
    <tag k="building" v="residential"/>
    <tag k="ref:GB:uprn" v="100070125173"/>
  </way>
  <way id="275429838" version="3" timestamp="2025-07-17T23:26:06Z" changeset="169083589" uid="8857" user="philipcullen">
    <nd ref="2800561338"/>
    <nd ref="2800561335"/>
    <nd ref="2800558897"/>
    <nd ref="2800561302"/>
    <nd ref="2800561338"/>
    <tag k="addr:housenumber" v="15"/>
    <tag k="addr:postcode" v="B75 6LE"/>
    <tag k="addr:street" v="Hill Lane"/>
    <tag k="building" v="residential"/>
    <tag k="ref:GB:uprn" v="100070125140"/>
  </way>
  <way id="275429839" version="3" timestamp="2025-07-17T23:26:06Z" changeset="169083589" uid="8857" user="philipcullen">
    <nd ref="2800561333"/>
    <nd ref="2800561332"/>
    <nd ref="2800561308"/>
    <nd ref="2800561310"/>
    <nd ref="2800561333"/>
    <tag k="addr:housenumber" v="19"/>
    <tag k="addr:postcode" v="B75 6LE"/>
    <tag k="addr:street" v="Hill Lane"/>
    <tag k="building" v="residential"/>
    <tag k="ref:GB:uprn" v="100070125144"/>
  </way>
  <way id="275429841" version="3" timestamp="2025-07-17T23:26:06Z" changeset="169083589" uid="8857" user="philipcullen">
    <nd ref="2800561360"/>
    <nd ref="2800561358"/>
    <nd ref="2800561318"/>
    <nd ref="2800561322"/>
    <nd ref="2800561360"/>
    <tag k="addr:housenumber" v="3A"/>
    <tag k="addr:postcode" v="B75 6LE"/>
    <tag k="addr:street" v="Hill Lane"/>
    <tag k="building" v="residential"/>
    <tag k="ref:GB:uprn" v="10001171936"/>
  </way>
  <way id="275429842" version="3" timestamp="2025-07-17T23:26:06Z" changeset="169083589" uid="8857" user="philipcullen">
    <nd ref="2800561355"/>
    <nd ref="2800561353"/>
    <nd ref="2800561336"/>
    <nd ref="2800561339"/>
    <nd ref="2800561355"/>
    <tag k="addr:housenumber" v="5"/>
    <tag k="addr:postcode" v="B75 6LE"/>
    <tag k="addr:street" v="Hill Lane"/>
    <tag k="building" v="residential"/>
    <tag k="ref:GB:uprn" v="100070125131"/>
  </way>
  <way id="275429843" version="3" timestamp="2025-07-17T23:26:06Z" changeset="169083589" uid="8857" user="philipcullen">
    <nd ref="2800558878"/>
    <nd ref="2800558883"/>
    <nd ref="2800558848"/>
    <nd ref="2800558847"/>
    <nd ref="2800558878"/>
    <tag k="addr:housenumber" v="39"/>
    <tag k="addr:postcode" v="B75 6LE"/>
    <tag k="addr:street" v="Hill Lane"/>
    <tag k="building" v="residential"/>
    <tag k="ref:GB:uprn" v="100070125164"/>
  </way>
  <way id="275429844" version="3" timestamp="2025-07-17T23:26:06Z" changeset="169083589" uid="8857" user="philipcullen">
    <nd ref="2800558840"/>
    <nd ref="2800558844"/>
    <nd ref="2800558868"/>
    <nd ref="2800558863"/>
    <nd ref="2800558840"/>
    <tag k="addr:housenumber" v="45"/>
    <tag k="addr:postcode" v="B75 6LE"/>
    <tag k="addr:street" v="Hill Lane"/>
    <tag k="building" v="residential"/>
    <tag k="ref:GB:uprn" v="100070125169"/>
  </way>
  <way id="275429846" version="3" timestamp="2025-07-17T23:26:06Z" changeset="169083589" uid="8857" user="philipcullen">
    <nd ref="2800558880"/>
    <nd ref="2800558886"/>
    <nd ref="2800558846"/>
    <nd ref="2800558845"/>
    <nd ref="2800558880"/>
    <tag k="addr:housenumber" v="41"/>
    <tag k="addr:postcode" v="B75 6LE"/>
    <tag k="addr:street" v="Hill Lane"/>
    <tag k="building" v="residential"/>
    <tag k="ref:GB:uprn" v="100070125166"/>
  </way>
  <way id="275429847" version="3" timestamp="2025-07-17T23:26:06Z" changeset="169083589" uid="8857" user="philipcullen">
    <nd ref="2800561303"/>
    <nd ref="2800561304"/>
    <nd ref="2800558875"/>
    <nd ref="2800558872"/>
    <nd ref="2800561303"/>
    <tag k="addr:housenumber" v="27"/>
    <tag k="addr:postcode" v="B75 6LE"/>
    <tag k="addr:street" v="Hill Lane"/>
    <tag k="building" v="residential"/>
    <tag k="ref:GB:uprn" v="100070125152"/>
  </way>
  <way id="275429848" version="3" timestamp="2025-07-17T23:26:06Z" changeset="169083589" uid="8857" user="philipcullen">
    <nd ref="2800561346"/>
    <nd ref="2800561344"/>
    <nd ref="2800561324"/>
    <nd ref="2800561325"/>
    <nd ref="2800561346"/>
    <tag k="addr:housenumber" v="9"/>
    <tag k="addr:postcode" v="B75 6LE"/>
    <tag k="addr:street" v="Hill Lane"/>
    <tag k="building" v="residential"/>
    <tag k="ref:GB:uprn" v="100070125135"/>
  </way>
  <way id="275429849" version="3" timestamp="2025-07-17T23:26:06Z" changeset="169083589" uid="8857" user="philipcullen">
    <nd ref="2800558888"/>
    <nd ref="2800558890"/>
    <nd ref="2800561314"/>
    <nd ref="2800561312"/>
    <nd ref="2800558888"/>
    <tag k="addr:housenumber" v="21"/>
    <tag k="addr:postcode" v="B75 6LE"/>
    <tag k="addr:street" v="Hill Lane"/>
    <tag k="building" v="residential"/>
    <tag k="ref:GB:uprn" v="100070125146"/>
  </way>
  <way id="275429850" version="3" timestamp="2025-07-17T23:26:06Z" changeset="169083589" uid="8857" user="philipcullen">
    <nd ref="2823454735"/>
    <nd ref="2800558854"/>
    <nd ref="2800558877"/>
    <nd ref="2823454736"/>
    <nd ref="2823454735"/>
    <tag k="addr:housenumber" v="33"/>
    <tag k="addr:postcode" v="B75 6LE"/>
    <tag k="addr:street" v="Hill Lane"/>
    <tag k="building" v="residential"/>
    <tag k="ref:GB:uprn" v="100070125158"/>
  </way>
  <way id="275429851" version="3" timestamp="2025-07-17T23:26:06Z" changeset="169083589" uid="8857" user="philipcullen">
    <nd ref="2800561321"/>
    <nd ref="2800561320"/>
    <nd ref="2800558900"/>
    <nd ref="2800561301"/>
    <nd ref="2800561321"/>
    <tag k="addr:housenumber" v="17"/>
    <tag k="addr:postcode" v="B75 6LE"/>
    <tag k="addr:street" v="Hill Lane"/>
    <tag k="building" v="residential"/>
    <tag k="ref:GB:uprn" v="100070125142"/>
  </way>
  <way id="275429852" version="3" timestamp="2025-07-17T23:26:06Z" changeset="169083589" uid="8857" user="philipcullen">
    <nd ref="2800561311"/>
    <nd ref="2800561313"/>
    <nd ref="2800558884"/>
    <nd ref="2800558879"/>
    <nd ref="2800561311"/>
    <tag k="addr:housenumber" v="23"/>
    <tag k="addr:postcode" v="B75 6LE"/>
    <tag k="addr:street" v="Hill Lane"/>
    <tag k="building" v="residential"/>
    <tag k="ref:GB:uprn" v="100070125148"/>
  </way>
  <way id="275429853" version="3" timestamp="2025-07-17T23:26:06Z" changeset="169083589" uid="8857" user="philipcullen">
    <nd ref="2800561391"/>
    <nd ref="2800561390"/>
    <nd ref="2800561379"/>
    <nd ref="2800561380"/>
    <nd ref="2800561391"/>
    <tag k="addr:housenumber" v="7"/>
    <tag k="addr:postcode" v="B75 6LE"/>
    <tag k="addr:street" v="Hill Lane"/>
    <tag k="building" v="residential"/>
    <tag k="ref:GB:uprn" v="100070125133"/>
  </way>
  <way id="275429854" version="3" timestamp="2025-07-17T23:26:06Z" changeset="169083589" uid="8857" user="philipcullen">
    <nd ref="2800558867"/>
    <nd ref="2800558870"/>
    <nd ref="2800558841"/>
    <nd ref="2800558839"/>
    <nd ref="2800558867"/>
    <tag k="addr:housenumber" v="47"/>
    <tag k="addr:postcode" v="B75 6LE"/>
    <tag k="addr:street" v="Hill Lane"/>
    <tag k="building" v="residential"/>
    <tag k="ref:GB:uprn" v="100070125171"/>
  </way>
  <way id="275429855" version="3" timestamp="2025-07-17T23:26:06Z" changeset="169083589" uid="8857" user="philipcullen">
    <nd ref="2800558894"/>
    <nd ref="2800558895"/>
    <nd ref="2800558864"/>
    <nd ref="2800558860"/>
    <nd ref="2800558894"/>
    <tag k="addr:housenumber" v="29"/>
    <tag k="addr:postcode" v="B75 6LE"/>
    <tag k="addr:street" v="Hill Lane"/>
    <tag k="building" v="residential"/>
    <tag k="ref:GB:uprn" v="100070125154"/>
  </way>
  <way id="275429858" version="3" timestamp="2025-07-17T23:26:06Z" changeset="169083589" uid="8857" user="philipcullen">
    <nd ref="2800558893"/>
    <nd ref="2800558896"/>
    <nd ref="2800558857"/>
    <nd ref="2800558856"/>
    <nd ref="2800558862"/>
    <nd ref="2800558859"/>
    <nd ref="2800558893"/>
    <tag k="addr:housenumber" v="31"/>
    <tag k="addr:postcode" v="B75 6LE"/>
    <tag k="addr:street" v="Hill Lane"/>
    <tag k="building" v="residential"/>
    <tag k="ref:GB:uprn" v="100070125156"/>
  </way>
  <way id="275429859" version="3" timestamp="2025-07-17T23:26:06Z" changeset="169083589" uid="8857" user="philipcullen">
    <nd ref="2800561369"/>
    <nd ref="2800561365"/>
    <nd ref="2800561334"/>
    <nd ref="2800561337"/>
    <nd ref="2800561326"/>
    <nd ref="2800561330"/>
    <nd ref="2800561369"/>
    <tag k="addr:housenumber" v="3"/>
    <tag k="addr:postcode" v="B75 6LE"/>
    <tag k="addr:street" v="Hill Lane"/>
    <tag k="building" v="residential"/>
    <tag k="ref:GB:uprn" v="100071484414"/>
  </way>
  <way id="275429862" version="3" timestamp="2025-07-17T23:26:06Z" changeset="169083589" uid="8857" user="philipcullen">
    <nd ref="2800561374"/>
    <nd ref="2800561373"/>
    <nd ref="2800561366"/>
    <nd ref="2800561363"/>
    <nd ref="2800561348"/>
    <nd ref="2800561354"/>
    <nd ref="2800561374"/>
    <tag k="addr:housenumber" v="1"/>
    <tag k="addr:postcode" v="B75 6LE"/>
    <tag k="addr:street" v="Hill Lane"/>
    <tag k="building" v="residential"/>
    <tag k="ref:GB:uprn" v="100070125129"/>
  </way>
  <way id="275429865" version="3" timestamp="2025-07-17T23:26:06Z" changeset="169083589" uid="8857" user="philipcullen">
    <nd ref="2800558898"/>
    <nd ref="2800558899"/>
    <nd ref="2800561306"/>
    <nd ref="2800561307"/>
    <nd ref="2800558876"/>
    <nd ref="2800558874"/>
    <nd ref="2800558898"/>
    <tag k="addr:housenumber" v="25"/>
    <tag k="addr:postcode" v="B75 6LE"/>
    <tag k="addr:street" v="Hill Lane"/>
    <tag k="building" v="residential"/>
    <tag k="ref:GB:uprn" v="100070125150"/>
  </way>
  <way id="275429867" version="3" timestamp="2025-07-17T23:26:06Z" changeset="169083589" uid="8857" user="philipcullen">
    <nd ref="2800561563"/>
    <nd ref="2800561546"/>
    <nd ref="2800561542"/>
    <nd ref="2800561553"/>
    <nd ref="2800561549"/>
    <nd ref="2800561557"/>
    <nd ref="2800561563"/>
    <tag k="addr:housename" v="Wayside"/>
    <tag k="addr:housenumber" v="55"/>
    <tag k="addr:postcode" v="B75 6LE"/>
    <tag k="addr:street" v="Hill Lane"/>
    <tag k="building" v="residential"/>
    <tag k="ref:GB:uprn" v="100070125179"/>
  </way>
  <way id="275429868" version="3" timestamp="2025-07-17T23:26:06Z" changeset="169083589" uid="8857" user="philipcullen">
    <nd ref="2800558889"/>
    <nd ref="2800558892"/>
    <nd ref="2800558851"/>
    <nd ref="2800558850"/>
    <nd ref="2800558866"/>
    <nd ref="2800558861"/>
    <nd ref="2800558889"/>
    <tag k="addr:housenumber" v="37"/>
    <tag k="addr:postcode" v="B75 6LE"/>
    <tag k="addr:street" v="Hill Lane"/>
    <tag k="building" v="residential"/>
    <tag k="ref:GB:uprn" v="100070125162"/>
  </way>
  <way id="275429871" version="3" timestamp="2025-07-17T23:26:06Z" changeset="169083589" uid="8857" user="philipcullen">
    <nd ref="2800561387"/>
    <nd ref="2800561378"/>
    <nd ref="2800561375"/>
    <nd ref="2800561370"/>
    <nd ref="2800561367"/>
    <nd ref="2800561381"/>
    <nd ref="2800561382"/>
    <nd ref="2800561386"/>
    <nd ref="2800561387"/>
    <tag k="addr:housenumber" v="51"/>
    <tag k="addr:postcode" v="B75 6LE"/>
    <tag k="addr:street" v="Hill Lane"/>
    <tag k="building" v="residential"/>
    <tag k="ref:GB:uprn" v="100070125175"/>
  </way>
  <way id="275429874" version="3" timestamp="2025-07-17T23:26:06Z" changeset="169083589" uid="8857" user="philipcullen">
    <nd ref="2800561523"/>
    <nd ref="2800561525"/>
    <nd ref="2800561512"/>
    <nd ref="2800561513"/>
    <nd ref="2800561395"/>
    <nd ref="2800561393"/>
    <nd ref="2800561508"/>
    <nd ref="2800561510"/>
    <nd ref="2800561523"/>
    <tag k="addr:housenumber" v="53"/>
    <tag k="addr:postcode" v="B75 6LE"/>
    <tag k="addr:street" v="Hill Lane"/>
    <tag k="building" v="residential"/>
    <tag k="ref:GB:uprn" v="100070125177"/>
  </way>
  <way id="275429876" version="3" timestamp="2025-07-17T23:26:06Z" changeset="169083589" uid="8857" user="philipcullen">
    <nd ref="2800558869"/>
    <nd ref="2800558871"/>
    <nd ref="2800558843"/>
    <nd ref="2800558842"/>
    <nd ref="2800558852"/>
    <nd ref="2800558849"/>
    <nd ref="2800558858"/>
    <nd ref="2800558865"/>
    <nd ref="2800558869"/>
    <tag k="addr:housenumber" v="43"/>
    <tag k="addr:postcode" v="B75 6LE"/>
    <tag k="addr:street" v="Hill Lane"/>
    <tag k="building" v="residential"/>
    <tag k="ref:GB:uprn" v="100071484415"/>
  </way>
  <way id="277905103" version="4" timestamp="2024-06-27T17:58:52Z" changeset="153259711" uid="13078383" user="Keith Barnett">
    <nd ref="255182"/>
    <nd ref="2823454754"/>
    <nd ref="255181"/>
    <nd ref="2060085692"/>
    <nd ref="255178"/>
    <tag k="abutters" v="residential"/>
    <tag k="highway" v="residential"/>
    <tag k="lane_markings" v="no"/>
    <tag k="name" v="Hill Lane"/>
    <tag k="sidewalk" v="right"/>
    <tag k="surface" v="asphalt"/>
  </way>
  <way id="277905104" version="1" timestamp="2014-04-28T20:34:09Z" changeset="22010454" uid="735" user="blackadder">
    <nd ref="2823454735"/>
    <nd ref="2823454736"/>
    <nd ref="2800558885"/>
    <nd ref="2800558855"/>
    <nd ref="2823454735"/>
    <tag k="addr:housenumber" v="35"/>
    <tag k="addr:postcode" v="B75 6LE"/>
    <tag k="addr:street" v="Hill Lane"/>
    <tag k="building" v="residential"/>
  </way>
  <way id="305542319" version="7" timestamp="2022-10-09T14:19:42Z" changeset="127248728" uid="139424" user="pigsonthewing">
    <nd ref="270019"/>
    <nd ref="603665018"/>
    <nd ref="603665019"/>
    <nd ref="270109"/>
    <nd ref="9485394"/>
    <nd ref="2305144178"/>
    <nd ref="9485396"/>
    <nd ref="9485116"/>
    <nd ref="9485117"/>
    <tag k="DfT_AADF" v="9105"/>
    <tag k="DfT_AADF_bus" v="61"/>
    <tag k="DfT_AADF_car" v="7106"/>
    <tag k="DfT_AADF_hgv" v="524"/>
    <tag k="DfT_AADF_lgv" v="1349"/>
    <tag k="DfT_AADF_year" v="2013"/>
    <tag k="DfT_traffic_counter_ref" v="7636"/>
    <tag k="cycleway:both" v="no"/>
    <tag k="gritting" v="priority_1"/>
    <tag k="gritting_depot" v="Coleshill Heath Road"/>
    <tag k="gritting_operator" v="Warwickshire County Council"/>
    <tag k="gritting_route_ref" v="1"/>
    <tag k="gritting_route_revision" v="201110"/>
    <tag k="highway" v="primary"/>
    <tag k="lanes" v="2"/>
    <tag k="maintenance" v="gritting"/>
    <tag k="maxspeed" v="60 mph"/>
    <tag k="maxspeed:type" v="GB:nsl_single"/>
    <tag k="ref" v="A4091"/>
    <tag k="shoulder" v="no"/>
    <tag k="source:maxspeed" v="survey"/>
    <tag k="surface" v="asphalt"/>
  </way>
  <way id="312212231" version="6" timestamp="2025-03-08T15:56:48Z" changeset="163369679" uid="5589" user="user_5589">
    <nd ref="9485098"/>
    <nd ref="20965138"/>
    <nd ref="9485096"/>
    <nd ref="9485095"/>
    <nd ref="9485091"/>
    <nd ref="9485090"/>
    <nd ref="9485089"/>
    <nd ref="9485088"/>
    <nd ref="9485084"/>
    <nd ref="5022051426"/>
    <nd ref="9485083"/>
    <nd ref="9485081"/>
    <nd ref="9485080"/>
    <nd ref="9485073"/>
    <nd ref="1460564268"/>
    <nd ref="9485072"/>
    <nd ref="9485070"/>
    <tag k="DfT_AADF" v="9105"/>
    <tag k="DfT_AADF_bus" v="61"/>
    <tag k="DfT_AADF_car" v="7106"/>
    <tag k="DfT_AADF_hgv" v="524"/>
    <tag k="DfT_AADF_lgv" v="1349"/>
    <tag k="DfT_AADF_year" v="2013"/>
    <tag k="DfT_traffic_counter_ref" v="7636"/>
    <tag k="gritting" v="priority_1"/>
    <tag k="gritting_depot" v="Coleshill Heath Road"/>
    <tag k="gritting_operator" v="Warwickshire County Council"/>
    <tag k="gritting_route_ref" v="1"/>
    <tag k="gritting_route_revision" v="201110"/>
    <tag k="highway" v="primary"/>
    <tag k="lanes" v="1"/>
    <tag k="maintenance" v="gritting"/>
    <tag k="maxspeed" v="50 mph"/>
    <tag k="oneway" v="yes"/>
    <tag k="ref" v="A4091"/>
    <tag k="surface" v="asphalt"/>
  </way>
  <way id="313236275" version="2" timestamp="2020-07-27T18:58:28Z" changeset="88581373" uid="9065" user="brianboru">
    <nd ref="3191424645"/>
    <nd ref="3191424642"/>
    <nd ref="3191424617"/>
    <nd ref="3191424619"/>
    <nd ref="3191424637"/>
    <nd ref="3191424639"/>
    <nd ref="3191424613"/>
    <nd ref="3191424624"/>
    <nd ref="3191424633"/>
    <nd ref="3191424636"/>
    <nd ref="3191424645"/>
    <tag k="building" v="yes"/>
    <tag k="name" v="Coppice Garden Centre"/>
    <tag k="shop" v="garden_centre"/>
  </way>
  <way id="431216318" version="3" timestamp="2023-02-18T01:40:16Z" changeset="132700461" uid="13341565" user="Falsernet">
    <nd ref="1579258008"/>
    <nd ref="1250191777"/>
    <nd ref="1579257991"/>
    <nd ref="6507174533"/>
    <tag k="bicycle" v="no"/>
    <tag k="foot" v="no"/>
    <tag k="highway" v="motorway_link"/>
    <tag k="horse" v="no"/>
    <tag k="lanes" v="2"/>
    <tag k="lit" v="yes"/>
    <tag k="maxspeed" v="70 mph"/>
    <tag k="motor_vehicle" v="yes"/>
    <tag k="oneway" v="yes"/>
    <tag k="operator" v="Midland Expressway Ltd"/>
    <tag k="ref" v="M6 Toll"/>
    <tag k="toll" v="yes"/>
  </way>
  <way id="431216319" version="2" timestamp="2023-02-18T01:40:16Z" changeset="132700461" uid="13341565" user="Falsernet">
    <nd ref="1579257980"/>
    <nd ref="1579257978"/>
    <nd ref="1579257976"/>
    <nd ref="1579257974"/>
    <nd ref="1579257971"/>
    <nd ref="1579257967"/>
    <nd ref="1579257964"/>
    <nd ref="227873"/>
    <tag k="bicycle" v="no"/>
    <tag k="foot" v="no"/>
    <tag k="highway" v="motorway_link"/>
    <tag k="horse" v="no"/>
    <tag k="lanes" v="1"/>
    <tag k="lit" v="yes"/>
    <tag k="maxspeed" v="70 mph"/>
    <tag k="motor_vehicle" v="designated"/>
    <tag k="oneway" v="yes"/>
    <tag k="operator" v="Midland Expressway Ltd"/>
    <tag k="ref" v="M6 Toll"/>
    <tag k="toll" v="yes"/>
  </way>
  <way id="431216335" version="3" timestamp="2023-02-18T01:40:16Z" changeset="132700461" uid="13341565" user="Falsernet">
    <nd ref="261013614"/>
    <nd ref="1579257963"/>
    <nd ref="1579257965"/>
    <nd ref="1579257968"/>
    <tag k="bicycle" v="no"/>
    <tag k="foot" v="no"/>
    <tag k="highway" v="motorway_link"/>
    <tag k="horse" v="no"/>
    <tag k="lanes" v="1"/>
    <tag k="lit" v="yes"/>
    <tag k="maxspeed" v="70 mph"/>
    <tag k="motor_vehicle" v="yes"/>
    <tag k="oneway" v="yes"/>
    <tag k="operator" v="Midland Expressway Ltd"/>
    <tag k="toll" v="yes"/>
  </way>
  <way id="512425911" version="10" timestamp="2022-10-09T14:20:13Z" changeset="127248728" uid="139424" user="pigsonthewing">
    <nd ref="270011"/>
    <nd ref="270012"/>
    <nd ref="1511613237"/>
    <nd ref="270013"/>
    <nd ref="25498102"/>
    <nd ref="270014"/>
    <nd ref="2659042636"/>
    <nd ref="8433361316"/>
    <nd ref="8433361314"/>
    <nd ref="8433361315"/>
    <nd ref="270015"/>
    <nd ref="2440949738"/>
    <nd ref="6301344568"/>
    <nd ref="270016"/>
    <nd ref="5022051395"/>
    <nd ref="270017"/>
    <nd ref="270018"/>
    <nd ref="1296831878"/>
    <tag k="DfT_AADF" v="9105"/>
    <tag k="DfT_AADF_bus" v="61"/>
    <tag k="DfT_AADF_car" v="7106"/>
    <tag k="DfT_AADF_hgv" v="524"/>
    <tag k="DfT_AADF_lgv" v="1349"/>
    <tag k="DfT_AADF_year" v="2013"/>
    <tag k="DfT_traffic_counter_ref" v="7636"/>
    <tag k="cycleway:both" v="no"/>
    <tag k="gritting" v="priority_1"/>
    <tag k="gritting_depot" v="Coleshill Heath Road"/>
    <tag k="gritting_operator" v="Warwickshire County Council"/>
    <tag k="gritting_route_ref" v="1"/>
    <tag k="gritting_route_revision" v="201110"/>
    <tag k="highway" v="primary"/>
    <tag k="lanes" v="2"/>
    <tag k="lit" v="no"/>
    <tag k="maintenance" v="gritting"/>
    <tag k="maxspeed" v="60 mph"/>
    <tag k="maxspeed:type" v="GB:nsl_single"/>
    <tag k="name" v="Tamworth Road"/>
    <tag k="ref" v="A4091"/>
    <tag k="shoulder" v="no"/>
    <tag k="source:maxspeed" v="survey"/>
    <tag k="surface" v="asphalt"/>
  </way>
  <way id="512428586" version="5" timestamp="2025-01-15T14:48:09Z" changeset="161383800" uid="5229644" user="Nathan_A_RF">
    <nd ref="286725"/>
    <nd ref="206753"/>
    <nd ref="2322975329"/>
    <nd ref="2322975327"/>
    <nd ref="206752"/>
    <nd ref="1561115415"/>
    <nd ref="206751"/>
    <nd ref="12504546031"/>
    <nd ref="132535642"/>
    <tag k="DfT_AADF" v="20164"/>
    <tag k="DfT_AADF_bus" v="51"/>
    <tag k="DfT_AADF_car" v="14227"/>
    <tag k="DfT_AADF_hgv" v="3103"/>
    <tag k="DfT_AADF_lgv" v="2698"/>
    <tag k="DfT_AADF_year" v="2013"/>
    <tag k="DfT_traffic_counter_ref" v="47186"/>
    <tag k="highway" v="trunk"/>
    <tag k="lanes" v="1"/>
    <tag k="lit" v="yes"/>
    <tag k="maxspeed" v="60 mph"/>
    <tag k="maxspeed:type" v="GB:nsl_single"/>
    <tag k="name" v="London Road"/>
    <tag k="oneway" v="yes"/>
    <tag k="ref" v="A446"/>
    <tag k="surface" v="asphalt"/>
  </way>
  <way id="512428664" version="2" timestamp="2025-01-15T14:48:09Z" changeset="161383800" uid="5229644" user="Nathan_A_RF">
    <nd ref="5010529876"/>
    <nd ref="207091"/>
    <tag k="DfT_AADF" v="16500"/>
    <tag k="DfT_AADF_bus" v="92"/>
    <tag k="DfT_AADF_car" v="14525"/>
    <tag k="DfT_AADF_hgv" v="235"/>
    <tag k="DfT_AADF_lgv" v="1597"/>
    <tag k="DfT_AADF_year" v="2013"/>
    <tag k="DfT_traffic_counter_ref" v="77254"/>
    <tag k="gritting" v="priority_1"/>
    <tag k="highway" v="primary"/>
    <tag k="lanes" v="2"/>
    <tag k="lit" v="yes"/>
    <tag k="maintenance" v="gritting"/>
    <tag k="maxspeed" v="60 mph"/>
    <tag k="maxspeed:type" v="GB:nsl_single"/>
    <tag k="name" v="Tamworth Road"/>
    <tag k="ref" v="A453"/>
  </way>
  <way id="684677295" version="2" timestamp="2025-03-08T15:56:42Z" changeset="163369679" uid="5589" user="user_5589">
    <nd ref="6415227006"/>
    <nd ref="9485075"/>
    <nd ref="9485076"/>
    <nd ref="20965247"/>
    <nd ref="9485077"/>
    <nd ref="9485078"/>
    <nd ref="5022051425"/>
    <nd ref="9485079"/>
    <nd ref="20965248"/>
    <nd ref="9485085"/>
    <nd ref="9485086"/>
    <nd ref="9485087"/>
    <nd ref="9485093"/>
    <nd ref="9485092"/>
    <nd ref="9485094"/>
    <nd ref="9485097"/>
    <nd ref="3180571309"/>
    <nd ref="9485099"/>
    <tag k="DfT_AADF" v="9105"/>
    <tag k="DfT_AADF_bus" v="61"/>
    <tag k="DfT_AADF_car" v="7106"/>
    <tag k="DfT_AADF_hgv" v="524"/>
    <tag k="DfT_AADF_lgv" v="1349"/>
    <tag k="DfT_AADF_year" v="2013"/>
    <tag k="DfT_traffic_counter_ref" v="7636"/>
    <tag k="gritting" v="priority_1"/>
    <tag k="gritting_depot" v="Coleshill Heath Road"/>
    <tag k="gritting_operator" v="Warwickshire County Council"/>
    <tag k="gritting_route_ref" v="1"/>
    <tag k="gritting_route_revision" v="201110"/>
    <tag k="highway" v="primary"/>
    <tag k="highway_authority_ref" v="C125"/>
    <tag k="lanes" v="2"/>
    <tag k="maintenance" v="gritting"/>
    <tag k="maxspeed" v="50 mph"/>
    <tag k="oneway" v="yes"/>
    <tag k="ref" v="A4091"/>
    <tag k="surface" v="asphalt"/>
  </way>
  <way id="684677298" version="2" timestamp="2025-03-08T15:57:35Z" changeset="163369679" uid="5589" user="user_5589">
    <nd ref="9485070"/>
    <nd ref="9485069"/>
    <nd ref="9485385"/>
    <nd ref="9485386"/>
    <nd ref="9485387"/>
    <nd ref="9485389"/>
    <nd ref="9485390"/>
    <nd ref="9485391"/>
    <nd ref="1460564264"/>
    <nd ref="9485110"/>
    <nd ref="639600"/>
    <nd ref="9485392"/>
    <nd ref="9485393"/>
    <nd ref="9485108"/>
    <nd ref="1460564262"/>
    <nd ref="9485107"/>
    <nd ref="1460564260"/>
    <nd ref="9485106"/>
    <nd ref="1460564257"/>
    <nd ref="9485105"/>
    <nd ref="9485117"/>
    <tag k="DfT_AADF" v="9105"/>
    <tag k="DfT_AADF_bus" v="61"/>
    <tag k="DfT_AADF_car" v="7106"/>
    <tag k="DfT_AADF_hgv" v="524"/>
    <tag k="DfT_AADF_lgv" v="1349"/>
    <tag k="DfT_AADF_year" v="2013"/>
    <tag k="DfT_traffic_counter_ref" v="7636"/>
    <tag k="gritting" v="priority_1"/>
    <tag k="gritting_depot" v="Coleshill Heath Road"/>
    <tag k="gritting_operator" v="Warwickshire County Council"/>
    <tag k="gritting_route_ref" v="1"/>
    <tag k="gritting_route_revision" v="201110"/>
    <tag k="highway" v="primary"/>
    <tag k="lanes" v="2"/>
    <tag k="maintenance" v="gritting"/>
    <tag k="maxspeed" v="50 mph"/>
    <tag k="oneway" v="yes"/>
    <tag k="ref" v="A4091"/>
    <tag k="surface" v="asphalt"/>
  </way>
  <way id="693099497" version="2" timestamp="2025-09-28T14:43:56Z" changeset="172570426" uid="133272" user="wongataa">
    <nd ref="6507174524"/>
    <nd ref="6507174523"/>
    <nd ref="6507174525"/>
    <nd ref="6507174526"/>
    <nd ref="6507174520"/>
    <nd ref="6507174527"/>
    <nd ref="6507174524"/>
    <tag k="barrier" v="toll_booth"/>
    <tag k="bicycle" v="no"/>
    <tag k="building" v="yes"/>
    <tag k="foot" v="no"/>
    <tag k="horse" v="no"/>
    <tag k="motor_vehicle" v="yes"/>
    <tag k="name" v="Langley Mill Toll Booth (off-slip)"/>
  </way>
  <way id="693099498" version="2" timestamp="2023-02-18T01:40:16Z" changeset="132700461" uid="13341565" user="Falsernet">
    <nd ref="6507174523"/>
    <nd ref="6507174522"/>
    <nd ref="1250191663"/>
    <nd ref="1250191806"/>
    <nd ref="1579257984"/>
    <nd ref="1579257985"/>
    <nd ref="1579257983"/>
    <nd ref="207033"/>
    <tag k="bicycle" v="no"/>
    <tag k="foot" v="no"/>
    <tag k="highway" v="motorway_link"/>
    <tag k="horse" v="no"/>
    <tag k="lanes" v="2"/>
    <tag k="lit" v="yes"/>
    <tag k="maxspeed" v="70 mph"/>
    <tag k="motor_vehicle" v="yes"/>
    <tag k="oneway" v="yes"/>
    <tag k="operator" v="Midland Expressway Ltd"/>
    <tag k="toll" v="yes"/>
  </way>
  <way id="693099499" version="3" timestamp="2024-02-07T18:20:49Z" changeset="147187205" uid="13341565" user="Falsernet">
    <nd ref="6507174520"/>
    <nd ref="6507174523"/>
    <tag k="bicycle" v="no"/>
    <tag k="covered" v="yes"/>
    <tag k="foot" v="no"/>
    <tag k="highway" v="motorway_link"/>
    <tag k="horse" v="no"/>
    <tag k="lanes" v="2"/>
    <tag k="layer" v="-1"/>
    <tag k="lit" v="yes"/>
    <tag k="maxspeed" v="70 mph"/>
    <tag k="motor_vehicle" v="yes"/>
    <tag k="oneway" v="yes"/>
    <tag k="operator" v="Midland Expressway Ltd"/>
    <tag k="toll" v="yes"/>
  </way>
  <way id="693099500" version="2" timestamp="2025-09-28T14:43:56Z" changeset="172570426" uid="133272" user="wongataa">
    <nd ref="6507174528"/>
    <nd ref="6507174533"/>
    <nd ref="6507174529"/>
    <nd ref="6507174530"/>
    <nd ref="6507174532"/>
    <nd ref="6507174531"/>
    <nd ref="6507174528"/>
    <tag k="barrier" v="toll_booth"/>
    <tag k="bicycle" v="no"/>
    <tag k="building" v="yes"/>
    <tag k="foot" v="no"/>
    <tag k="horse" v="no"/>
    <tag k="motor_vehicle" v="yes"/>
    <tag k="name" v="Langley Mill Toll Booth (on-slip)"/>
  </way>
  <way id="693099501" version="3" timestamp="2024-02-07T18:20:49Z" changeset="147187205" uid="13341565" user="Falsernet">
    <nd ref="6507174533"/>
    <nd ref="6507174532"/>
    <tag k="bicycle" v="no"/>
    <tag k="covered" v="yes"/>
    <tag k="foot" v="no"/>
    <tag k="highway" v="motorway_link"/>
    <tag k="horse" v="no"/>
    <tag k="lanes" v="2"/>
    <tag k="layer" v="-1"/>
    <tag k="lit" v="yes"/>
    <tag k="maxspeed" v="70 mph"/>
    <tag k="motor_vehicle" v="yes"/>
    <tag k="oneway" v="yes"/>
    <tag k="operator" v="Midland Expressway Ltd"/>
    <tag k="ref" v="M6 Toll"/>
    <tag k="toll" v="yes"/>
  </way>
  <way id="693099502" version="2" timestamp="2023-02-18T01:40:16Z" changeset="132700461" uid="13341565" user="Falsernet">
    <nd ref="6507174532"/>
    <nd ref="1250191875"/>
    <nd ref="1579257981"/>
    <nd ref="1579257980"/>
    <tag k="bicycle" v="no"/>
    <tag k="foot" v="no"/>
    <tag k="highway" v="motorway_link"/>
    <tag k="horse" v="no"/>
    <tag k="lanes" v="2"/>
    <tag k="lit" v="yes"/>
    <tag k="maxspeed" v="70 mph"/>
    <tag k="motor_vehicle" v="yes"/>
    <tag k="oneway" v="yes"/>
    <tag k="operator" v="Midland Expressway Ltd"/>
    <tag k="ref" v="M6 Toll"/>
    <tag k="toll" v="yes"/>
  </way>
  <way id="850465372" version="2" timestamp="2020-09-24T07:54:16Z" changeset="91415876" uid="8958978" user="Tema_Ded">
    <nd ref="270106"/>
    <nd ref="618587"/>
    <nd ref="618586"/>
    <nd ref="603664778"/>
    <nd ref="618585"/>
    <nd ref="618584"/>
    <nd ref="618583"/>
    <nd ref="603664779"/>
    <nd ref="618582"/>
    <nd ref="603664780"/>
    <nd ref="5022051665"/>
    <nd ref="618581"/>
    <nd ref="2305144195"/>
    <nd ref="618580"/>
    <nd ref="618579"/>
    <nd ref="2207075218"/>
    <nd ref="618578"/>
    <nd ref="618577"/>
    <nd ref="618576"/>
    <nd ref="2305144214"/>
    <nd ref="618575"/>
    <nd ref="2305144216"/>
    <nd ref="618574"/>
    <nd ref="2305144217"/>
    <nd ref="618573"/>
    <nd ref="618572"/>
    <nd ref="603664782"/>
    <nd ref="618571"/>
    <nd ref="5022051485"/>
    <nd ref="603664783"/>
    <nd ref="2305144224"/>
    <nd ref="2305144226"/>
    <nd ref="618570"/>
    <nd ref="30477383"/>
    <nd ref="618569"/>
    <nd ref="603664784"/>
    <nd ref="618568"/>
    <nd ref="618567"/>
    <tag k="highway" v="unclassified"/>
    <tag k="name" v="Wishaw Lane"/>
  </way>
  <way id="881237391" version="3" timestamp="2023-08-18T14:52:35Z" changeset="140057855" uid="5589" user="user_5589">
    <nd ref="278270"/>
    <nd ref="1579281587"/>
    <nd ref="6957144432"/>
    <nd ref="2794134052"/>
    <nd ref="208893"/>
    <tag k="DfT_AADF" v="20164"/>
    <tag k="DfT_AADF_bus" v="51"/>
    <tag k="DfT_AADF_car" v="14227"/>
    <tag k="DfT_AADF_hgv" v="3103"/>
    <tag k="DfT_AADF_lgv" v="2698"/>
    <tag k="DfT_AADF_year" v="2013"/>
    <tag k="DfT_traffic_counter_ref" v="47186"/>
    <tag k="gritting" v="priority_1"/>
    <tag k="gritting_depot" v="Coleshill Heath Road"/>
    <tag k="gritting_operator" v="Warwickshire County Council"/>
    <tag k="gritting_route_ref" v="1"/>
    <tag k="gritting_route_revision" v="201110"/>
    <tag k="highway" v="trunk"/>
    <tag k="lanes" v="3"/>
    <tag k="lanes:backward" v="1"/>
    <tag k="lanes:forward" v="2"/>
    <tag k="lit" v="no"/>
    <tag k="maintenance" v="gritting"/>
    <tag k="maxspeed" v="60 mph"/>
    <tag k="maxspeed:type" v="GB:nsl_single"/>
    <tag k="name" v="London Road"/>
    <tag k="overtaking" v="no"/>
    <tag k="ref" v="A446"/>
    <tag k="surface" v="asphalt"/>
    <tag k="turn:lanes:forward" v="through|right"/>
  </way>
  <way id="881237392" version="5" timestamp="2025-05-08T18:20:18Z" changeset="165997189" uid="3199858" user="Mateusz Konieczny - bot account">
    <nd ref="639614"/>
    <nd ref="208895"/>
    <nd ref="2060137701"/>
    <tag k="DfT_AADF" v="20164"/>
    <tag k="DfT_AADF_bus" v="51"/>
    <tag k="DfT_AADF_car" v="14227"/>
    <tag k="DfT_AADF_hgv" v="3103"/>
    <tag k="DfT_AADF_lgv" v="2698"/>
    <tag k="DfT_AADF_year" v="2013"/>
    <tag k="DfT_traffic_counter_ref" v="47186"/>
    <tag k="gritting" v="priority_1"/>
    <tag k="gritting_depot" v="Coleshill Heath Road"/>
    <tag k="gritting_operator" v="Warwickshire County Council"/>
    <tag k="gritting_route_ref" v="1"/>
    <tag k="gritting_route_revision" v="201110"/>
    <tag k="highway" v="trunk"/>
    <tag k="lanes" v="3"/>
    <tag k="lanes:backward" v="1"/>
    <tag k="lanes:forward" v="2"/>
    <tag k="lit" v="no"/>
    <tag k="maintenance" v="gritting"/>
    <tag k="maxspeed" v="60 mph"/>
    <tag k="maxspeed:type" v="GB:nsl_single"/>
    <tag k="name" v="Lichfield Road"/>
    <tag k="overtaking" v="no"/>
    <tag k="ref" v="A446"/>
    <tag k="shoulder" v="no"/>
    <tag k="sidewalk" v="no"/>
    <tag k="surface" v="asphalt"/>
    <tag k="turn:lanes:forward" v="through|right"/>
  </way>
  <way id="881237393" version="5" timestamp="2025-05-08T18:20:19Z" changeset="165997189" uid="3199858" user="Mateusz Konieczny - bot account">
    <nd ref="208893"/>
    <nd ref="2659034428"/>
    <nd ref="3225752828"/>
    <nd ref="1579281583"/>
    <nd ref="3225752827"/>
    <nd ref="208894"/>
    <nd ref="2794153403"/>
    <nd ref="639614"/>
    <tag k="DfT_AADF" v="20164"/>
    <tag k="DfT_AADF_bus" v="51"/>
    <tag k="DfT_AADF_car" v="14227"/>
    <tag k="DfT_AADF_hgv" v="3103"/>
    <tag k="DfT_AADF_lgv" v="2698"/>
    <tag k="DfT_AADF_year" v="2013"/>
    <tag k="DfT_traffic_counter_ref" v="47186"/>
    <tag k="gritting" v="priority_1"/>
    <tag k="gritting_depot" v="Coleshill Heath Road"/>
    <tag k="gritting_operator" v="Warwickshire County Council"/>
    <tag k="gritting_route_ref" v="1"/>
    <tag k="gritting_route_revision" v="201110"/>
    <tag k="highway" v="trunk"/>
    <tag k="lanes" v="2"/>
    <tag k="lit" v="no"/>
    <tag k="maintenance" v="gritting"/>
    <tag k="maxspeed" v="60 mph"/>
    <tag k="maxspeed:type" v="GB:nsl_single"/>
    <tag k="name" v="Lichfield Road"/>
    <tag k="overtaking" v="no"/>
    <tag k="ref" v="A446"/>
    <tag k="shoulder" v="no"/>
    <tag k="sidewalk" v="no"/>
    <tag k="surface" v="asphalt"/>
  </way>
  <way id="908225804" version="1" timestamp="2021-02-17T22:33:20Z" changeset="99480156" uid="9536196" user="HanTGC">
    <nd ref="8433197253"/>
    <nd ref="8433197254"/>
    <nd ref="8433197255"/>
    <nd ref="8433197256"/>
    <nd ref="8433197253"/>
    <tag k="building" v="yes"/>
    <tag k="name" v="pylon"/>
  </way>
  <way id="908225805" version="1" timestamp="2021-02-17T22:33:20Z" changeset="99480156" uid="9536196" user="HanTGC">
    <nd ref="8433197257"/>
    <nd ref="8433197258"/>
    <nd ref="8433197259"/>
    <nd ref="8433197260"/>
    <nd ref="8433197257"/>
    <tag k="building" v="yes"/>
    <tag k="name" v="pylon"/>
  </way>
  <way id="908225806" version="1" timestamp="2021-02-17T22:33:20Z" changeset="99480156" uid="9536196" user="HanTGC">
    <nd ref="8433197261"/>
    <nd ref="8433197262"/>
    <nd ref="8433197263"/>
    <nd ref="8433197264"/>
    <nd ref="8433197261"/>
    <tag k="building" v="yes"/>
    <tag k="name" v="pylon"/>
  </way>
  <way id="908225807" version="1" timestamp="2021-02-17T22:33:20Z" changeset="99480156" uid="9536196" user="HanTGC">
    <nd ref="8433197265"/>
    <nd ref="8433197266"/>
    <nd ref="8433197267"/>
    <nd ref="8433197268"/>
    <nd ref="8433197265"/>
    <tag k="building" v="yes"/>
    <tag k="name" v="pylon"/>
  </way>
  <way id="908225808" version="1" timestamp="2021-02-17T22:33:20Z" changeset="99480156" uid="9536196" user="HanTGC">
    <nd ref="8433197269"/>
    <nd ref="8433197270"/>
    <nd ref="8433197271"/>
    <nd ref="8433197272"/>
    <nd ref="8433197269"/>
    <tag k="building" v="yes"/>
    <tag k="name" v="pylon"/>
  </way>
  <way id="908225809" version="1" timestamp="2021-02-17T22:33:20Z" changeset="99480156" uid="9536196" user="HanTGC">
    <nd ref="8433197273"/>
    <nd ref="8433197274"/>
    <nd ref="8433197275"/>
    <nd ref="8433197276"/>
    <nd ref="8433197273"/>
    <tag k="building" v="yes"/>
    <tag k="name" v="pylon"/>
  </way>
  <way id="908225810" version="1" timestamp="2021-02-17T22:33:20Z" changeset="99480156" uid="9536196" user="HanTGC">
    <nd ref="8433197277"/>
    <nd ref="8433197278"/>
    <nd ref="8433197279"/>
    <nd ref="8433197280"/>
    <nd ref="8433197277"/>
    <tag k="building" v="yes"/>
    <tag k="name" v="pylon"/>
  </way>
  <way id="908234691" version="1" timestamp="2021-02-17T23:32:42Z" changeset="99481489" uid="9536196" user="HanTGC">
    <nd ref="8433304643"/>
    <nd ref="8433304644"/>
    <nd ref="8433304645"/>
    <nd ref="8433304646"/>
    <nd ref="8433304647"/>
    <nd ref="8433304648"/>
    <nd ref="8433304649"/>
    <nd ref="8433304650"/>
    <nd ref="8433304651"/>
    <nd ref="8433304652"/>
    <nd ref="8433304653"/>
    <nd ref="8433304643"/>
    <tag k="building" v="yes"/>
    <tag k="name" v="steps"/>
  </way>
  <way id="981779353" version="4" timestamp="2025-08-20T11:19:52Z" changeset="170719845" uid="16453092" user="pdysrb">
    <nd ref="1250191631"/>
    <nd ref="206999"/>
    <nd ref="2001849072"/>
    <nd ref="1250191914"/>
    <nd ref="207000"/>
    <nd ref="207001"/>
    <tag k="foot" v="no"/>
    <tag k="gritting" v="priority_1"/>
    <tag k="gritting_depot" v="Coleshill Heath Road"/>
    <tag k="gritting_operator" v="Warwickshire County Council"/>
    <tag k="gritting_route_ref" v="1"/>
    <tag k="gritting_route_revision" v="201110"/>
    <tag k="highway" v="trunk"/>
    <tag k="junction" v="roundabout"/>
    <tag k="lanes" v="2"/>
    <tag k="lit" v="yes"/>
    <tag k="maintenance" v="gritting"/>
    <tag k="maxspeed" v="70 mph"/>
    <tag k="name" v="Sutton Coldfield Bypass"/>
    <tag k="note" v="gritting addition Oct 2010"/>
    <tag k="oneway" v="yes"/>
    <tag k="ref" v="A38"/>
    <tag k="source" v="survey"/>
    <tag k="source:maxspeed" v="survey"/>
  </way>

</osm>
