<?xml version="1.0" encoding="UTF-8"?>
<osm version="0.6" generator="Overpass API 0.7.62.8 e802775f">
<note>The data included in this document is from www.openstreetmap.org. The data is made available under ODbL.</note>
<meta osm_base="2025-10-23T17:18:16Z" areas="2025-10-23T12:46:58Z"/>

  <node id="26339099" lat="52.0973475" lon="-1.6284893" version="4" timestamp="2025-02-02T14:35:16Z" changeset="162049032" uid="19756269" user="RyanBush"/>
  <node id="28264767" lat="52.0775455" lon="-1.6180061" version="4" timestamp="2019-01-16T09:46:54Z" changeset="66356770" uid="52797" user="hofoen"/>
  <node id="30247821" lat="52.0813776" lon="-1.6742258" version="2" timestamp="2013-11-05T20:19:47Z" changeset="18736386" uid="9065" user="brianboru"/>
  <node id="277912367" lat="52.1044992" lon="-1.6235099" version="4" timestamp="2025-02-02T14:35:16Z" changeset="162049032" uid="19756269" user="RyanBush"/>
  <node id="277913480" lat="52.0944914" lon="-1.6756231" version="3" timestamp="2013-12-13T14:04:33Z" changeset="19433317" uid="9065" user="brianboru"/>
  <node id="279130169" lat="52.0558226" lon="-1.6743804" version="3" timestamp="2011-11-13T17:29:47Z" changeset="9816682" uid="9065" user="brianboru"/>
  <node id="279311446" lat="52.1203709" lon="-1.6505840" version="3" timestamp="2017-01-13T07:59:31Z" changeset="45126422" uid="1834625" user="urViator"/>
  <node id="289655738" lat="52.0880680" lon="-1.6803467" version="2" timestamp="2010-08-24T21:03:23Z" changeset="5584144" uid="9065" user="brianboru"/>
  <node id="433319032" lat="52.1243963" lon="-1.6477767" version="2" timestamp="2011-10-20T11:36:14Z" changeset="9607778" uid="49031" user="craigloftus"/>
  <node id="433319046" lat="52.1233597" lon="-1.6491065" version="4" timestamp="2016-07-05T11:19:48Z" changeset="40497333" uid="705850" user="Cebderby"/>
  <node id="671826111" lat="52.0756562" lon="-1.6214098" version="2" timestamp="2011-11-11T16:58:21Z" changeset="9797985" uid="243152" user="ChinnorBoy"/>
  <node id="1331167318" lat="52.1054999" lon="-1.6227382" version="2" timestamp="2019-01-16T18:37:22Z" changeset="66372667" uid="52797" user="hofoen"/>
  <node id="1474100017" lat="52.1044309" lon="-1.6239127" version="3" timestamp="2013-09-29T15:54:28Z" changeset="18095146" uid="9065" user="brianboru"/>
  <node id="12244978130" lat="52.0672378" lon="-1.6335584" version="1" timestamp="2024-10-11T21:35:41Z" changeset="157774183" uid="19970540" user="SakiWolf"/>
  <node id="12246120700" lat="52.0589273" lon="-1.6588039" version="2" timestamp="2025-02-02T14:18:02Z" changeset="162048337" uid="19756269" user="RyanBush"/>
  <way id="2953458" version="18" timestamp="2025-02-02T14:35:16Z" changeset="162049032" uid="19756269" user="RyanBush">
    <nd ref="26339077"/>
    <nd ref="12551306228"/>
    <nd ref="1331167365"/>
    <nd ref="26339105"/>
    <nd ref="323166"/>
    <tag k="cycleway:both" v="no"/>
    <tag k="highway" v="primary"/>
    <tag k="lanes" v="1"/>
    <tag k="lit" v="yes"/>
    <tag k="maxspeed" v="60 mph"/>
    <tag k="maxspeed:type" v="GB:nsl_single"/>
    <tag k="name" v="Stratford Road"/>
    <tag k="oneway" v="yes"/>
    <tag k="ref" v="A3400"/>
    <tag k="shoulder" v="no"/>
    <tag k="sidewalk" v="left"/>
    <tag k="sidewalk:left:surface" v="asphalt"/>
    <tag k="source:name" v="dictacam"/>
    <tag k="source_ref:name" v="80n:dsc10352.mpg"/>
    <tag k="surface" v="asphalt"/>
  </way>
  <way id="4328478" version="21" timestamp="2025-02-02T14:35:16Z" changeset="162049032" uid="19756269" user="RyanBush">
    <nd ref="26339074"/>
    <nd ref="26339095"/>
    <nd ref="12468722516"/>
    <nd ref="12551306236"/>
    <nd ref="26339094"/>
    <nd ref="12551306235"/>
    <nd ref="1331167315"/>
    <nd ref="12551306234"/>
    <nd ref="26339100"/>
    <nd ref="12551306233"/>
    <nd ref="26339099"/>
    <tag k="cycleway:both" v="no"/>
    <tag k="foot" v="yes"/>
    <tag k="highway" v="trunk"/>
    <tag k="lanes" v="1"/>
    <tag k="lit" v="yes"/>
    <tag k="maxspeed" v="60 mph"/>
    <tag k="maxspeed:type" v="GB:nsl_single"/>
    <tag k="name" v="Fosse Way"/>
    <tag k="oneway" v="yes"/>
    <tag k="ref" v="A429"/>
    <tag k="restriction" v="no_stopping"/>
    <tag k="shoulder" v="no"/>
    <tag k="sidewalk" v="no"/>
    <tag k="source" v="survey"/>
    <tag k="source:maxspeed" v="survey"/>
    <tag k="surface" v="asphalt"/>
  </way>
  <way id="4328480" version="13" timestamp="2025-01-02T12:16:01Z" changeset="160904418" uid="5229644" user="Nathan_A_RF">
    <nd ref="323166"/>
    <nd ref="26339104"/>
    <nd ref="26339103"/>
    <nd ref="1331167333"/>
    <tag k="cycleway:both" v="no"/>
    <tag k="highway" v="primary"/>
    <tag k="lanes" v="1"/>
    <tag k="lit" v="yes"/>
    <tag k="maxspeed" v="60 mph"/>
    <tag k="maxspeed:type" v="GB:nsl_single"/>
    <tag k="name" v="Stratford Road"/>
    <tag k="oneway" v="yes"/>
    <tag k="ref" v="A3400"/>
    <tag k="shoulder" v="no"/>
    <tag k="sidewalk" v="left"/>
    <tag k="sidewalk:left:surface" v="asphalt"/>
    <tag k="surface" v="asphalt"/>
  </way>
  <way id="4328481" version="17" timestamp="2025-02-02T14:35:16Z" changeset="162049032" uid="19756269" user="RyanBush">
    <nd ref="26339099"/>
    <nd ref="26339098"/>
    <nd ref="12551306232"/>
    <nd ref="26339096"/>
    <nd ref="12551306231"/>
    <nd ref="7843498163"/>
    <nd ref="7843498162"/>
    <nd ref="1331167316"/>
    <nd ref="12551306230"/>
    <nd ref="26339097"/>
    <nd ref="4531748208"/>
    <tag k="cycleway:both" v="no"/>
    <tag k="foot" v="yes"/>
    <tag k="highway" v="trunk"/>
    <tag k="lanes" v="1"/>
    <tag k="lit" v="yes"/>
    <tag k="maxspeed" v="60 mph"/>
    <tag k="maxspeed:type" v="GB:nsl_single"/>
    <tag k="name" v="Fosse Way"/>
    <tag k="oneway" v="yes"/>
    <tag k="ref" v="A429"/>
    <tag k="restriction" v="no_stopping"/>
    <tag k="shoulder" v="no"/>
    <tag k="sidewalk" v="no"/>
    <tag k="source" v="survey"/>
    <tag k="source:maxspeed" v="survey"/>
    <tag k="surface" v="asphalt"/>
  </way>
  <way id="4436933" version="18" timestamp="2025-02-02T14:35:16Z" changeset="162049032" uid="19756269" user="RyanBush">
    <nd ref="4531748214"/>
    <nd ref="12551306214"/>
    <nd ref="12468722515"/>
    <nd ref="12551306215"/>
    <nd ref="12551306216"/>
    <nd ref="2455557116"/>
    <nd ref="26339090"/>
    <nd ref="2455557118"/>
    <nd ref="4531748206"/>
    <tag k="cycleway:both" v="no"/>
    <tag k="foot" v="yes"/>
    <tag k="highway" v="trunk"/>
    <tag k="lanes" v="1"/>
    <tag k="lit" v="yes"/>
    <tag k="maxspeed" v="60 mph"/>
    <tag k="maxspeed:type" v="GB:nsl_single"/>
    <tag k="name" v="Fosse Way"/>
    <tag k="oneway" v="yes"/>
    <tag k="ref" v="A429"/>
    <tag k="restriction" v="no_stopping"/>
    <tag k="shoulder" v="no"/>
    <tag k="sidewalk" v="no"/>
    <tag k="source" v="survey"/>
    <tag k="source:maxspeed" v="survey"/>
    <tag k="surface" v="asphalt"/>
  </way>
  <way id="4436934" version="17" timestamp="2025-02-02T14:35:16Z" changeset="162049032" uid="19756269" user="RyanBush">
    <nd ref="26339081"/>
    <nd ref="2455557112"/>
    <nd ref="12551306218"/>
    <nd ref="26339091"/>
    <nd ref="2455557114"/>
    <nd ref="1331167308"/>
    <nd ref="12551306217"/>
    <nd ref="12468722514"/>
    <nd ref="4531748214"/>
    <tag k="cycleway:both" v="no"/>
    <tag k="foot" v="yes"/>
    <tag k="highway" v="trunk"/>
    <tag k="lanes" v="1"/>
    <tag k="lit" v="yes"/>
    <tag k="maxspeed" v="60 mph"/>
    <tag k="maxspeed:type" v="GB:nsl_single"/>
    <tag k="name" v="Fosse Way"/>
    <tag k="oneway" v="yes"/>
    <tag k="ref" v="A429"/>
    <tag k="restriction" v="no_stopping"/>
    <tag k="shoulder" v="no"/>
    <tag k="sidewalk" v="no"/>
    <tag k="source" v="survey"/>
    <tag k="source:maxspeed" v="survey"/>
    <tag k="surface" v="asphalt"/>
  </way>
  <way id="4746147" version="14" timestamp="2024-08-17T22:26:16Z" changeset="155391858" uid="456597" user="4004">
    <nd ref="30247797"/>
    <nd ref="1609247126"/>
    <nd ref="1609246791"/>
    <nd ref="30247801"/>
    <nd ref="1609246950"/>
    <nd ref="1609246839"/>
    <nd ref="1540773467"/>
    <nd ref="30247803"/>
    <nd ref="1609247078"/>
    <nd ref="1609247033"/>
    <nd ref="30247805"/>
    <nd ref="1609215965"/>
    <nd ref="1609215976"/>
    <nd ref="1540773434"/>
    <nd ref="1540773381"/>
    <nd ref="1609215974"/>
    <nd ref="1609215961"/>
    <nd ref="1609215978"/>
    <nd ref="1540773391"/>
    <nd ref="6582534101"/>
    <nd ref="1609215964"/>
    <nd ref="6582534102"/>
    <nd ref="1609215960"/>
    <nd ref="1609215970"/>
    <nd ref="30247812"/>
    <tag k="highway" v="unclassified"/>
    <tag k="surface" v="asphalt"/>
  </way>
  <way id="4746149" version="3" timestamp="2019-04-12T22:40:26Z" changeset="69164215" uid="322039" user="MacLondon">
    <nd ref="30247816"/>
    <nd ref="2456550087"/>
    <nd ref="2456550090"/>
    <nd ref="30247817"/>
    <nd ref="30247818"/>
    <nd ref="30247819"/>
    <nd ref="30247820"/>
    <nd ref="30247821"/>
    <tag k="highway" v="unclassified"/>
  </way>
  <way id="4746152" version="5" timestamp="2019-04-12T22:40:26Z" changeset="69164215" uid="322039" user="MacLondon">
    <nd ref="30247821"/>
    <nd ref="30247834"/>
    <nd ref="30247835"/>
    <nd ref="30247836"/>
    <nd ref="30247837"/>
    <nd ref="2521434650"/>
    <nd ref="30247838"/>
    <nd ref="30247839"/>
    <nd ref="30247840"/>
    <nd ref="440698200"/>
    <tag k="highway" v="unclassified"/>
  </way>
  <way id="8389622" version="14" timestamp="2025-01-02T12:16:01Z" changeset="160904418" uid="5229644" user="Nathan_A_RF">
    <nd ref="26339083"/>
    <nd ref="4531748205"/>
    <nd ref="26339102"/>
    <nd ref="323161"/>
    <tag k="cycleway:both" v="no"/>
    <tag k="highway" v="primary"/>
    <tag k="lanes" v="1"/>
    <tag k="lit" v="yes"/>
    <tag k="maxspeed" v="60 mph"/>
    <tag k="maxspeed:type" v="GB:nsl_single"/>
    <tag k="name" v="Stratford Road"/>
    <tag k="oneway" v="yes"/>
    <tag k="ref" v="A3400"/>
    <tag k="shoulder" v="no"/>
    <tag k="source:maxspeed" v="survey"/>
    <tag k="surface" v="asphalt"/>
  </way>
  <way id="8389624" version="17" timestamp="2025-01-02T12:16:01Z" changeset="160904418" uid="5229644" user="Nathan_A_RF">
    <nd ref="323161"/>
    <nd ref="26339101"/>
    <nd ref="4531748203"/>
    <nd ref="1331167336"/>
    <nd ref="4531748215"/>
    <tag k="cycleway:both" v="no"/>
    <tag k="highway" v="primary"/>
    <tag k="lanes" v="1"/>
    <tag k="lit" v="yes"/>
    <tag k="maxspeed" v="60 mph"/>
    <tag k="maxspeed:type" v="GB:nsl_single"/>
    <tag k="name" v="Stratford Road"/>
    <tag k="oneway" v="yes"/>
    <tag k="ref" v="A3400"/>
    <tag k="shoulder" v="no"/>
    <tag k="source:maxspeed" v="survey"/>
    <tag k="surface" v="asphalt"/>
  </way>
  <way id="25504356" version="13" timestamp="2025-01-02T12:16:01Z" changeset="160904418" uid="5229644" user="Nathan_A_RF">
    <nd ref="277912367"/>
    <nd ref="12117560399"/>
    <nd ref="1474100018"/>
    <nd ref="1474100017"/>
    <nd ref="277912368"/>
    <nd ref="1331167389"/>
    <nd ref="1474100019"/>
    <nd ref="1681563771"/>
    <nd ref="6214237605"/>
    <nd ref="277912369"/>
    <nd ref="6214237606"/>
    <nd ref="1474100020"/>
    <nd ref="1331167339"/>
    <nd ref="277912370"/>
    <nd ref="277912371"/>
    <nd ref="1498852130"/>
    <nd ref="7890507878"/>
    <nd ref="277912949"/>
    <tag k="cycleway:both" v="no"/>
    <tag k="highway" v="tertiary"/>
    <tag k="lanes" v="2"/>
    <tag k="maxspeed" v="60 mph"/>
    <tag k="maxspeed:type" v="GB:nsl_single"/>
    <tag k="name" v="Halford Road"/>
    <tag k="surface" v="asphalt"/>
  </way>
  <way id="25504460" version="5" timestamp="2024-08-14T14:32:25Z" changeset="155244439" uid="5589" user="user_5589">
    <nd ref="277913177"/>
    <nd ref="1608864367"/>
    <nd ref="1608864395"/>
    <nd ref="277913178"/>
    <nd ref="277913179"/>
    <tag k="highway" v="tertiary"/>
    <tag k="maxspeed" v="30 mph"/>
    <tag k="surface" v="asphalt"/>
  </way>
  <way id="25504508" version="8" timestamp="2024-08-14T14:32:03Z" changeset="155244439" uid="5589" user="user_5589">
    <nd ref="277913179"/>
    <nd ref="1608864035"/>
    <nd ref="1608864335"/>
    <nd ref="277913469"/>
    <nd ref="277913470"/>
    <nd ref="1608864556"/>
    <nd ref="277913471"/>
    <nd ref="1608864272"/>
    <nd ref="1608864332"/>
    <nd ref="1608864296"/>
    <tag k="highway" v="tertiary"/>
    <tag k="maxspeed" v="30 mph"/>
    <tag k="name" v="Ilmington Road"/>
    <tag k="source:name" v="OS_OpenData_Locator"/>
    <tag k="surface" v="asphalt"/>
  </way>
  <way id="25609366" version="5" timestamp="2019-06-05T10:14:03Z" changeset="70950198" uid="8446889" user="nimmalab">
    <nd ref="270739390"/>
    <nd ref="1598970175"/>
    <nd ref="6524006420"/>
    <nd ref="878857081"/>
    <nd ref="1598970173"/>
    <nd ref="1540773333"/>
    <nd ref="279129290"/>
    <tag k="highway" v="unclassified"/>
    <tag k="source" v="survey"/>
  </way>
  <way id="25609370" version="2" timestamp="2010-08-24T20:18:46Z" changeset="5583630" uid="9065" user="brianboru">
    <nd ref="279129290"/>
    <nd ref="877673628"/>
    <nd ref="279129330"/>
    <tag k="highway" v="unclassified"/>
    <tag k="source" v="survey"/>
  </way>
  <way id="25609384" version="8" timestamp="2020-01-13T14:22:00Z" changeset="79520404" uid="10170581" user="hrikrib">
    <nd ref="30247812"/>
    <nd ref="1540773288"/>
    <nd ref="1540773240"/>
    <nd ref="1540773235"/>
    <nd ref="1540773439"/>
    <nd ref="1540773428"/>
    <nd ref="1540773410"/>
    <nd ref="6582505784"/>
    <nd ref="1540773405"/>
    <nd ref="7128585415"/>
    <nd ref="1540773406"/>
    <nd ref="1540773385"/>
    <nd ref="6582505783"/>
    <nd ref="1540773402"/>
    <nd ref="1540773369"/>
    <nd ref="1540773355"/>
    <nd ref="1540773343"/>
    <nd ref="3609335745"/>
    <tag k="highway" v="unclassified"/>
    <tag k="source" v="NPE"/>
  </way>
  <way id="25609393" version="5" timestamp="2013-11-01T07:44:27Z" changeset="18647398" uid="9065" user="brianboru">
    <nd ref="277913177"/>
    <nd ref="279129432"/>
    <nd ref="279129433"/>
    <nd ref="279129434"/>
    <nd ref="2515949477"/>
    <nd ref="279129435"/>
    <nd ref="2515949480"/>
    <nd ref="2515949482"/>
    <nd ref="279129436"/>
    <tag k="highway" v="unclassified"/>
    <tag k="name" v="Newbold Road"/>
    <tag k="source" v="NPE"/>
    <tag k="source:name" v="OS_OpenData_Locator"/>
  </way>
  <way id="25609545" version="4" timestamp="2013-09-29T15:48:05Z" changeset="18095029" uid="9065" user="brianboru">
    <nd ref="279130169"/>
    <nd ref="279130714"/>
    <nd ref="279130715"/>
    <nd ref="2476674218"/>
    <nd ref="279130716"/>
    <nd ref="2476674225"/>
    <nd ref="279130717"/>
    <nd ref="2476674285"/>
    <nd ref="279130718"/>
    <nd ref="2476674337"/>
    <nd ref="279130719"/>
    <nd ref="279130720"/>
    <nd ref="2476674351"/>
    <nd ref="2476674355"/>
    <nd ref="279130721"/>
    <nd ref="279130722"/>
    <nd ref="279130723"/>
    <nd ref="279130724"/>
    <nd ref="279130725"/>
    <nd ref="279130726"/>
    <nd ref="2476674418"/>
    <nd ref="279130727"/>
    <nd ref="2476674426"/>
    <nd ref="279130728"/>
    <nd ref="2476674431"/>
    <nd ref="2476674432"/>
    <nd ref="437379593"/>
    <nd ref="2476674436"/>
    <nd ref="2476674438"/>
    <nd ref="2476674441"/>
    <nd ref="279130729"/>
    <nd ref="2476674443"/>
    <nd ref="279130730"/>
    <nd ref="279130731"/>
    <tag k="highway" v="unclassified"/>
    <tag k="source" v="survey"/>
  </way>
  <way id="25625613" version="9" timestamp="2025-02-02T14:35:16Z" changeset="162049032" uid="19756269" user="RyanBush">
    <nd ref="1540773244"/>
    <nd ref="2455545429"/>
    <nd ref="3609335747"/>
    <nd ref="279294424"/>
    <nd ref="279294425"/>
    <nd ref="279294427"/>
    <nd ref="279294428"/>
    <nd ref="279294429"/>
    <nd ref="2455579380"/>
    <nd ref="878869747"/>
    <nd ref="1474099997"/>
    <nd ref="1474099996"/>
    <nd ref="12551306135"/>
    <nd ref="12551306134"/>
    <nd ref="279294430"/>
    <tag k="highway" v="unclassified"/>
    <tag k="source" v="NPE"/>
  </way>
  <way id="25625616" version="8" timestamp="2020-12-18T09:33:10Z" changeset="96057481" uid="11734152" user="baggg">
    <nd ref="277913471"/>
    <nd ref="1608864237"/>
    <nd ref="1608864122"/>
    <nd ref="1608864257"/>
    <nd ref="8239840841"/>
    <nd ref="7936880308"/>
    <nd ref="1608864241"/>
    <nd ref="279294598"/>
    <nd ref="2578263663"/>
    <nd ref="279294599"/>
    <nd ref="1608864076"/>
    <nd ref="1608864530"/>
    <nd ref="1608864080"/>
    <nd ref="1608864112"/>
    <nd ref="279294600"/>
    <nd ref="279294601"/>
    <nd ref="279129395"/>
    <tag k="highway" v="unclassified"/>
    <tag k="source" v="NPE"/>
  </way>
  <way id="25627354" version="10" timestamp="2021-11-02T14:25:52Z" changeset="113287358" uid="9065" user="brianboru">
    <nd ref="279311446"/>
    <nd ref="1673223991"/>
    <nd ref="2575821524"/>
    <nd ref="1673223989"/>
    <nd ref="1673223992"/>
    <nd ref="2584852395"/>
    <nd ref="279311445"/>
    <nd ref="279311444"/>
    <nd ref="279311443"/>
    <nd ref="279311442"/>
    <nd ref="6483367914"/>
    <nd ref="279311441"/>
    <nd ref="433319025"/>
    <nd ref="433319027"/>
    <nd ref="433319028"/>
    <nd ref="279311405"/>
    <tag k="highway" v="unclassified"/>
    <tag k="source" v="NPE;survey"/>
  </way>
  <way id="36073006" version="4" timestamp="2019-09-23T19:03:26Z" changeset="74823478" uid="705850" user="Cebderby">
    <nd ref="421428354"/>
    <nd ref="2584883131"/>
    <nd ref="2584883130"/>
    <nd ref="6818190435"/>
    <nd ref="570739687"/>
    <tag k="highway" v="residential"/>
    <tag k="name" v="Church Road"/>
  </way>
  <way id="36073184" version="3" timestamp="2022-05-14T17:56:40Z" changeset="120988250" uid="411244" user="RobJN">
    <nd ref="570739683"/>
    <nd ref="9739965596"/>
    <nd ref="9739965595"/>
    <nd ref="421429989"/>
    <nd ref="9739965594"/>
    <nd ref="421429990"/>
    <nd ref="570739676"/>
    <nd ref="421429991"/>
    <tag k="highway" v="unclassified"/>
    <tag k="name" v="Moss Lane"/>
  </way>
  <way id="36073185" version="2" timestamp="2009-11-25T11:31:41Z" changeset="3211344" uid="57884" user="EdLoach">
    <nd ref="570739676"/>
    <nd ref="421429993"/>
    <nd ref="421429994"/>
    <tag k="highway" v="residential"/>
    <tag k="name" v="Rimell Close"/>
  </way>
  <way id="36073186" version="1" timestamp="2009-06-16T11:42:13Z" changeset="1533803" uid="51046" user="clive_4332">
    <nd ref="421429997"/>
    <nd ref="421429993"/>
    <tag k="highway" v="residential"/>
    <tag k="name" v="Rimell Close"/>
  </way>
  <way id="38338812" version="5" timestamp="2025-03-09T17:03:25Z" changeset="163409718" uid="493595" user="Yorvik Prestigitator">
    <nd ref="6543970915"/>
    <nd ref="6543970914"/>
    <nd ref="452740892"/>
    <nd ref="12647985340"/>
    <nd ref="2573312258"/>
    <nd ref="570739704"/>
    <tag k="highway" v="unclassified"/>
    <tag k="name" v="Mill Lane"/>
  </way>
  <way id="38338953" version="4" timestamp="2021-02-02T09:23:16Z" changeset="98565531" uid="10170576" user="sabodige">
    <nd ref="570739701"/>
    <nd ref="8386677962"/>
    <nd ref="452746803"/>
    <nd ref="7008982468"/>
    <nd ref="452746807"/>
    <tag k="highway" v="residential"/>
    <tag k="name" v="Church Lane"/>
    <tag k="source" v="GPS"/>
  </way>
  <way id="38338954" version="4" timestamp="2021-10-11T09:50:05Z" changeset="112366499" uid="9065" user="brianboru">
    <nd ref="570739699"/>
    <nd ref="452746826"/>
    <nd ref="452746831"/>
    <nd ref="9164520535"/>
    <nd ref="452746834"/>
    <nd ref="6716101280"/>
    <nd ref="9164520536"/>
    <nd ref="6716101281"/>
    <nd ref="452746838"/>
    <tag k="highway" v="residential"/>
    <tag k="name" v="Brook Lane"/>
    <tag k="source" v="GPS"/>
  </way>
  <way id="38338955" version="4" timestamp="2021-10-11T09:50:05Z" changeset="112366499" uid="9065" user="brianboru">
    <nd ref="452746838"/>
    <nd ref="7931784871"/>
    <nd ref="452746853"/>
    <nd ref="9164520553"/>
    <tag k="highway" v="residential"/>
    <tag k="name" v="Hands Paddock"/>
    <tag k="source" v="GPS"/>
  </way>
  <way id="38338958" version="4" timestamp="2019-11-25T16:54:59Z" changeset="77535535" uid="9065" user="brianboru">
    <nd ref="323144"/>
    <nd ref="2584883227"/>
    <nd ref="452746892"/>
    <nd ref="7008959308"/>
    <nd ref="452746893"/>
    <nd ref="570739722"/>
    <nd ref="2584883251"/>
    <nd ref="7008984521"/>
    <nd ref="452746894"/>
    <tag k="highway" v="unclassified"/>
    <tag k="name" v="Rookery Lane"/>
    <tag k="source" v="GPS"/>
  </way>
  <way id="38338961" version="5" timestamp="2021-10-11T09:50:05Z" changeset="112366499" uid="9065" user="brianboru">
    <nd ref="570739698"/>
    <nd ref="452749303"/>
    <nd ref="2584883221"/>
    <nd ref="452749310"/>
    <nd ref="9164520659"/>
    <nd ref="452749313"/>
    <nd ref="452749316"/>
    <nd ref="2584883243"/>
    <nd ref="452749318"/>
    <nd ref="2584883230"/>
    <nd ref="452749321"/>
    <nd ref="452749323"/>
    <nd ref="452749326"/>
    <tag k="highway" v="unclassified"/>
    <tag k="name" v="Middlefield Lane"/>
    <tag k="source" v="GPS"/>
    <tag k="source:name" v="OS_OpenData_Locator"/>
  </way>
  <way id="39051616" version="3" timestamp="2019-08-16T17:14:41Z" changeset="73424419" uid="9065" user="brianboru">
    <nd ref="570739703"/>
    <nd ref="466085182"/>
    <nd ref="6716207502"/>
    <nd ref="6716207501"/>
    <nd ref="570739728"/>
    <nd ref="466085204"/>
    <nd ref="466085217"/>
    <nd ref="570739732"/>
    <nd ref="466085232"/>
    <nd ref="6716207493"/>
    <nd ref="466085244"/>
    <nd ref="6716207492"/>
    <nd ref="466085250"/>
    <tag k="highway" v="residential"/>
    <tag k="name" v="Sandfield Lane"/>
    <tag k="source" v="GPS"/>
  </way>
  <way id="39051618" version="3" timestamp="2019-08-16T17:14:41Z" changeset="73424419" uid="9065" user="brianboru">
    <nd ref="570739732"/>
    <nd ref="466085317"/>
    <nd ref="466085328"/>
    <nd ref="6716207495"/>
    <nd ref="6716207498"/>
    <nd ref="6716207497"/>
    <nd ref="6716207496"/>
    <nd ref="466085341"/>
    <tag k="highway" v="residential"/>
    <tag k="name" v="Saint Davids Walk"/>
    <tag k="source" v="GPS"/>
  </way>
  <way id="39051901" version="3" timestamp="2019-08-16T17:14:41Z" changeset="73424419" uid="9065" user="brianboru">
    <nd ref="466101799"/>
    <nd ref="6716207500"/>
    <nd ref="466101803"/>
    <nd ref="570739728"/>
    <tag k="highway" v="residential"/>
    <tag k="name" v="Heron Way"/>
    <tag k="source" v="GPS"/>
  </way>
  <way id="39051903" version="3" timestamp="2019-08-16T17:14:41Z" changeset="73424419" uid="9065" user="brianboru">
    <nd ref="466085182"/>
    <nd ref="6716207503"/>
    <nd ref="6716207504"/>
    <nd ref="466101826"/>
    <tag k="highway" v="residential"/>
  </way>
  <way id="39051905" version="4" timestamp="2025-03-09T17:03:25Z" changeset="163409718" uid="493595" user="Yorvik Prestigitator">
    <nd ref="466101826"/>
    <nd ref="6716207506"/>
    <nd ref="466101847"/>
    <nd ref="466101852"/>
    <nd ref="466101854"/>
    <nd ref="466101859"/>
    <nd ref="8933509087"/>
    <nd ref="8933509088"/>
    <nd ref="8933509089"/>
    <nd ref="8933509090"/>
    <nd ref="8933509091"/>
    <nd ref="8933509092"/>
    <nd ref="8933509093"/>
    <nd ref="8933509094"/>
    <nd ref="8933509095"/>
    <nd ref="12647985346"/>
    <nd ref="12647985347"/>
    <tag k="highway" v="residential"/>
    <tag k="name" v="The Burrows"/>
    <tag k="source" v="GPS"/>
  </way>
  <way id="39051906" version="2" timestamp="2009-11-27T19:25:05Z" changeset="3230887" uid="57884" user="EdLoach">
    <nd ref="466101826"/>
    <nd ref="466101874"/>
    <nd ref="466101878"/>
    <nd ref="466101882"/>
    <tag k="highway" v="residential"/>
    <tag k="name" v="Miles Meadow"/>
    <tag k="source" v="GPS"/>
  </way>
  <way id="42836539" version="16" timestamp="2025-02-02T14:35:16Z" changeset="162049032" uid="19756269" user="RyanBush">
    <nd ref="26339099"/>
    <nd ref="12551306237"/>
    <nd ref="12468722517"/>
    <nd ref="1331167382"/>
    <nd ref="12551306238"/>
    <nd ref="26339107"/>
    <nd ref="12551306239"/>
    <nd ref="26339106"/>
    <nd ref="26339108"/>
    <nd ref="12551306240"/>
    <nd ref="1331167403"/>
    <nd ref="12551306241"/>
    <nd ref="26339109"/>
    <nd ref="1331167358"/>
    <nd ref="12551306242"/>
    <nd ref="26339110"/>
    <nd ref="12551306243"/>
    <nd ref="386587"/>
    <nd ref="12551306244"/>
    <nd ref="12551306245"/>
    <nd ref="12551306246"/>
    <nd ref="7730598517"/>
    <nd ref="386588"/>
    <nd ref="2573287101"/>
    <nd ref="12551306247"/>
    <nd ref="12551306248"/>
    <nd ref="12551306249"/>
    <nd ref="12551306250"/>
    <nd ref="26339111"/>
    <nd ref="12551306251"/>
    <nd ref="12551306252"/>
    <nd ref="12551306253"/>
    <nd ref="1474100014"/>
    <nd ref="1474100015"/>
    <nd ref="277912367"/>
    <tag k="cycleway:both" v="no"/>
    <tag k="highway" v="trunk"/>
    <tag k="lanes" v="2"/>
    <tag k="lit" v="no"/>
    <tag k="maxspeed" v="60 mph"/>
    <tag k="maxspeed:type" v="GB:nsl_single"/>
    <tag k="name" v="Fosse Way"/>
    <tag k="ref" v="A429"/>
    <tag k="restriction" v="no_stopping"/>
    <tag k="shoulder" v="no"/>
    <tag k="sidewalk" v="no"/>
    <tag k="source" v="survey"/>
    <tag k="source:maxspeed" v="survey"/>
    <tag k="surface" v="asphalt"/>
  </way>
  <way id="42836540" version="15" timestamp="2023-08-25T14:37:59Z" changeset="140374874" uid="5589" user="user_5589">
    <nd ref="6390305871"/>
    <nd ref="272301266"/>
    <nd ref="1609038011"/>
    <nd ref="270741637"/>
    <nd ref="1498858781"/>
    <nd ref="272301268"/>
    <nd ref="272305808"/>
    <nd ref="270741627"/>
    <nd ref="1498858784"/>
    <nd ref="272305810"/>
    <nd ref="323171"/>
    <nd ref="270741644"/>
    <nd ref="323172"/>
    <nd ref="1498858783"/>
    <nd ref="323173"/>
    <nd ref="1609037991"/>
    <nd ref="877649869"/>
    <nd ref="323174"/>
    <tag k="check_date:lit" v="2023-08-25"/>
    <tag k="cycleway:both" v="no"/>
    <tag k="highway" v="primary"/>
    <tag k="lanes" v="2"/>
    <tag k="lit" v="no"/>
    <tag k="maxspeed" v="30 mph"/>
    <tag k="name" v="Stratford Road"/>
    <tag k="ref" v="A3400"/>
    <tag k="source:name" v="dictacam"/>
    <tag k="source_ref:name" v="80n:dsc10352.mpg"/>
    <tag k="surface" v="asphalt"/>
  </way>
  <way id="47073910" version="4" timestamp="2021-10-11T09:50:05Z" changeset="112366499" uid="9065" user="brianboru">
    <nd ref="452746894"/>
    <nd ref="2584883254"/>
    <nd ref="452746881"/>
    <nd ref="7008984520"/>
    <nd ref="452746878"/>
    <nd ref="2584883234"/>
    <nd ref="2584883232"/>
    <nd ref="452746876"/>
    <tag k="highway" v="residential"/>
    <tag k="name" v="Park View Lane"/>
    <tag k="source" v="GPS"/>
  </way>
  <way id="51982465" version="2" timestamp="2013-09-13T08:20:31Z" changeset="17813110" uid="9065" user="brianboru">
    <nd ref="279130731"/>
    <nd ref="2456550059"/>
    <nd ref="279130732"/>
    <nd ref="2456550079"/>
    <nd ref="2456550081"/>
    <nd ref="2456550082"/>
    <nd ref="2456550084"/>
    <nd ref="30247816"/>
    <tag k="highway" v="unclassified"/>
    <tag k="source" v="survey"/>
  </way>
  <way id="53053452" version="11" timestamp="2025-09-23T09:02:51Z" changeset="172332352" uid="346601" user="Russ McD">
    <nd ref="671826111"/>
    <nd ref="1498907075"/>
    <nd ref="323187"/>
    <nd ref="1498906960"/>
    <nd ref="1498907041"/>
    <nd ref="1498907000"/>
    <nd ref="9049997013"/>
    <nd ref="323190"/>
    <nd ref="323191"/>
    <nd ref="1498907026"/>
    <nd ref="323192"/>
    <nd ref="323193"/>
    <nd ref="1498907051"/>
    <nd ref="1498906949"/>
    <nd ref="323194"/>
    <nd ref="1498907054"/>
    <nd ref="12469386975"/>
    <tag k="cycleway:both" v="no"/>
    <tag k="highway" v="primary"/>
    <tag k="lanes" v="2"/>
    <tag k="maxspeed" v="60 mph"/>
    <tag k="maxspeed:type" v="GB:nsl_single"/>
    <tag k="name" v="Stratford Road"/>
    <tag k="ref" v="A3400"/>
    <tag k="shoulder" v="no"/>
    <tag k="source:name" v="dictacam"/>
    <tag k="source_ref:name" v="80n:dsc10352.mpg"/>
    <tag k="surface" v="asphalt"/>
  </way>
  <way id="53053453" version="13" timestamp="2025-09-23T09:02:51Z" changeset="172332352" uid="346601" user="Russ McD">
    <nd ref="12244978130"/>
    <nd ref="1609320308"/>
    <nd ref="1609320545"/>
    <nd ref="1609320266"/>
    <nd ref="1609319979"/>
    <nd ref="1609321124"/>
    <nd ref="1609320614"/>
    <nd ref="1609320356"/>
    <nd ref="1609320353"/>
    <nd ref="1609321059"/>
    <nd ref="1609320028"/>
    <nd ref="1609321279"/>
    <nd ref="1609319963"/>
    <nd ref="1609320776"/>
    <nd ref="1609246981"/>
    <nd ref="1609246860"/>
    <nd ref="5896478369"/>
    <nd ref="1609247036"/>
    <nd ref="1609246924"/>
    <nd ref="5896478367"/>
    <nd ref="1609247075"/>
    <nd ref="2456550022"/>
    <tag k="highway" v="tertiary"/>
    <tag k="maxspeed" v="60 mph"/>
    <tag k="maxspeed:type" v="GB:nsl_single"/>
    <tag k="name" v="Darlingscote Road"/>
  </way>
  <way id="53053461" version="7" timestamp="2025-01-02T18:10:55Z" changeset="160919840" uid="5229644" user="Nathan_A_RF">
    <nd ref="323186"/>
    <nd ref="1498907046"/>
    <nd ref="671826111"/>
    <tag k="cycleway:both" v="no"/>
    <tag k="highway" v="primary"/>
    <tag k="lanes" v="2"/>
    <tag k="maxspeed" v="60 mph"/>
    <tag k="maxspeed:type" v="GB:nsl_single"/>
    <tag k="name" v="Stratford Road"/>
    <tag k="ref" v="A3400"/>
    <tag k="shoulder" v="no"/>
    <tag k="source:name" v="dictacam"/>
    <tag k="source_ref:name" v="80n:dsc10352.mpg"/>
    <tag k="surface" v="asphalt"/>
  </way>
  <way id="53053462" version="4" timestamp="2019-01-16T09:46:55Z" changeset="66356770" uid="52797" user="hofoen">
    <nd ref="28264767"/>
    <nd ref="671826113"/>
    <tag k="bridge" v="yes"/>
    <tag k="bridge:name" v="Honington Bridge"/>
    <tag k="heritage" v="yes"/>
    <tag k="highway" v="tertiary"/>
    <tag k="layer" v="1"/>
    <tag k="name" v="Idlicote Road"/>
    <tag k="source:name" v="naptan"/>
    <tag k="wikidata" v="Q17643787"/>
  </way>
  <way id="60809851" version="3" timestamp="2013-12-13T14:04:31Z" changeset="19433317" uid="9065" user="brianboru">
    <nd ref="289655738"/>
    <nd ref="254002949"/>
    <nd ref="2578215014"/>
    <nd ref="254002950"/>
    <nd ref="254002951"/>
    <nd ref="254002952"/>
    <nd ref="2578214998"/>
    <nd ref="254002953"/>
    <nd ref="254002954"/>
    <nd ref="30247821"/>
    <tag k="highway" v="unclassified"/>
  </way>
  <way id="60809935" version="12" timestamp="2025-02-02T14:35:16Z" changeset="162049032" uid="19756269" user="RyanBush">
    <nd ref="277912367"/>
    <nd ref="12551306254"/>
    <nd ref="386589"/>
    <tag k="cycleway:both" v="no"/>
    <tag k="highway" v="trunk"/>
    <tag k="lanes" v="2"/>
    <tag k="lit" v="no"/>
    <tag k="maxspeed" v="60 mph"/>
    <tag k="maxspeed:type" v="GB:nsl_single"/>
    <tag k="ref" v="A429"/>
    <tag k="restriction" v="no_stopping"/>
    <tag k="shoulder" v="no"/>
    <tag k="sidewalk" v="both"/>
    <tag k="source" v="survey"/>
    <tag k="source:maxspeed" v="survey"/>
    <tag k="surface" v="asphalt"/>
  </way>
  <way id="74201670" version="5" timestamp="2025-04-11T11:49:35Z" changeset="164812129" uid="1195658" user="mycae-gmx">
    <nd ref="671826113"/>
    <nd ref="2563104373"/>
    <nd ref="2563104372"/>
    <nd ref="28264765"/>
    <nd ref="2563104368"/>
    <nd ref="28264764"/>
    <nd ref="877649975"/>
    <tag k="highway" v="tertiary"/>
    <tag k="name" v="Idlicote Road"/>
    <tag k="source:name" v="naptan"/>
    <tag k="surface" v="asphalt"/>
  </way>
  <way id="74201672" version="6" timestamp="2022-01-24T12:13:38Z" changeset="116537499" uid="34867" user="SammyTheSnake">
    <nd ref="270741545"/>
    <nd ref="1331167360"/>
    <nd ref="270741546"/>
    <nd ref="270741547"/>
    <nd ref="1331167405"/>
    <nd ref="270741548"/>
    <nd ref="270741549"/>
    <nd ref="270741550"/>
    <nd ref="270741551"/>
    <nd ref="270741552"/>
    <nd ref="2500852364"/>
    <nd ref="270741553"/>
    <nd ref="270741554"/>
    <nd ref="270741555"/>
    <nd ref="270741556"/>
    <nd ref="270741557"/>
    <nd ref="270741558"/>
    <nd ref="270741562"/>
    <nd ref="272301256"/>
    <nd ref="270741563"/>
    <nd ref="1582963955"/>
    <nd ref="270741564"/>
    <nd ref="272305804"/>
    <nd ref="270741565"/>
    <nd ref="272305805"/>
    <nd ref="877649922"/>
    <nd ref="7543154588"/>
    <nd ref="323174"/>
    <tag k="highway" v="unclassified"/>
    <tag k="name" v="Blackwell Road"/>
    <tag k="source" v="survey"/>
    <tag k="surface" v="asphalt"/>
  </way>
  <way id="74203331" version="2" timestamp="2015-06-21T17:21:22Z" changeset="32121913" uid="154484" user="PeterP">
    <nd ref="279129290"/>
    <nd ref="279129291"/>
    <nd ref="877673756"/>
    <nd ref="279129292"/>
    <nd ref="279129293"/>
    <nd ref="279129294"/>
    <nd ref="279129295"/>
    <nd ref="877673644"/>
    <nd ref="3609335749"/>
    <nd ref="877673695"/>
    <nd ref="254002953"/>
    <tag k="highway" v="unclassified"/>
    <tag k="source" v="NPE;OS_OpenData_StreetView"/>
  </way>
  <way id="74203333" version="5" timestamp="2019-06-24T10:15:11Z" changeset="71555612" uid="9259465" user="alivelis">
    <nd ref="279129330"/>
    <nd ref="878858595"/>
    <nd ref="279129331"/>
    <nd ref="2578263610"/>
    <nd ref="6567460867"/>
    <nd ref="279129332"/>
    <nd ref="279129333"/>
    <nd ref="279129334"/>
    <nd ref="2578245297"/>
    <nd ref="2578245307"/>
    <nd ref="279129335"/>
    <nd ref="279129336"/>
    <nd ref="279129317"/>
    <tag k="highway" v="unclassified"/>
    <tag k="source" v="NPE"/>
  </way>
  <way id="74350182" version="7" timestamp="2023-12-01T09:06:34Z" changeset="144654010" uid="504708" user="HillWithSmallFields">
    <nd ref="878858907"/>
    <nd ref="1598981567"/>
    <nd ref="1598981571"/>
    <nd ref="1598981572"/>
    <nd ref="1598981583"/>
    <nd ref="1598981586"/>
    <nd ref="1598981573"/>
    <nd ref="1598981576"/>
    <nd ref="1598981568"/>
    <nd ref="1598981569"/>
    <nd ref="1598981574"/>
    <nd ref="878859158"/>
    <nd ref="878857414"/>
    <nd ref="1598981558"/>
    <nd ref="1598981549"/>
    <nd ref="1598981547"/>
    <nd ref="1598981552"/>
    <nd ref="878858423"/>
    <nd ref="878858907"/>
    <tag k="amenity" v="place_of_worship"/>
    <tag k="building" v="church"/>
    <tag k="denomination" v="anglican"/>
    <tag k="heritage" v="2"/>
    <tag k="heritage:operator" v="Historic England"/>
    <tag k="listed_status" v="Grade I"/>
    <tag k="name" v="St Gregory"/>
    <tag k="ref:dove" v="13469"/>
    <tag k="religion" v="christian"/>
    <tag k="source" v="visual survey;OS_OpenData_StreetView"/>
    <tag k="wikidata" v="Q17528276"/>
  </way>
  <way id="74350215" version="3" timestamp="2025-03-16T16:20:51Z" changeset="163696406" uid="493595" user="Yorvik Prestigitator">
    <nd ref="878859097"/>
    <nd ref="1608932912"/>
    <nd ref="1608933002"/>
    <nd ref="878856589"/>
    <nd ref="878857551"/>
    <nd ref="12670375347"/>
    <nd ref="878858616"/>
    <nd ref="12670375348"/>
    <nd ref="12670375352"/>
    <nd ref="878859097"/>
    <tag k="amenity" v="community_centre"/>
    <tag k="building" v="public"/>
    <tag k="community_centre" v="village_hall"/>
    <tag k="name" v="Blackwell Village Hall"/>
    <tag k="source" v="survey;OS_OpenData_StreetView"/>
  </way>
  <way id="118358240" version="10" timestamp="2025-01-02T12:16:01Z" changeset="160904418" uid="5229644" user="Nathan_A_RF">
    <nd ref="1331167318"/>
    <nd ref="6214237615"/>
    <nd ref="26339112"/>
    <tag k="bridge" v="yes"/>
    <tag k="cycleway:both" v="no"/>
    <tag k="highway" v="trunk"/>
    <tag k="lanes" v="2"/>
    <tag k="layer" v="1"/>
    <tag k="lit" v="no"/>
    <tag k="maxspeed" v="60 mph"/>
    <tag k="maxspeed:type" v="GB:nsl_single"/>
    <tag k="maxweight:signed" v="no"/>
    <tag k="ref" v="A429"/>
    <tag k="restriction" v="no_stopping"/>
    <tag k="sidewalk" v="both"/>
    <tag k="source" v="survey"/>
    <tag k="source:maxspeed" v="survey"/>
    <tag k="surface" v="asphalt"/>
  </way>
  <way id="133968148" version="3" timestamp="2012-03-18T20:23:25Z" changeset="11023591" uid="9065" user="brianboru">
    <nd ref="323138"/>
    <nd ref="1474100039"/>
    <tag k="bridge" v="yes"/>
    <tag k="highway" v="primary"/>
    <tag k="layer" v="1"/>
    <tag k="maxspeed" v="50 mph"/>
    <tag k="name" v="Stratford Road"/>
    <tag k="ref" v="A3400"/>
    <tag k="source" v="gps_survey"/>
    <tag k="source:maxspeed" v="survey"/>
  </way>
  <way id="133968149" version="7" timestamp="2012-03-18T20:23:27Z" changeset="11023591" uid="9065" user="brianboru">
    <nd ref="1474100039"/>
    <nd ref="323139"/>
    <nd ref="1498846258"/>
    <nd ref="323140"/>
    <nd ref="1498846332"/>
    <nd ref="323141"/>
    <nd ref="1680692673"/>
    <tag k="highway" v="primary"/>
    <tag k="maxspeed" v="50 mph"/>
    <tag k="name" v="Stratford Road"/>
    <tag k="ref" v="A3400"/>
    <tag k="source" v="gps_survey"/>
    <tag k="source:maxspeed" v="survey;bing"/>
  </way>
  <way id="133968155" version="18" timestamp="2025-02-02T14:35:16Z" changeset="162049032" uid="19756269" user="RyanBush">
    <nd ref="10089709493"/>
    <nd ref="12551306132"/>
    <nd ref="1474099995"/>
    <nd ref="12551306133"/>
    <nd ref="279294430"/>
    <nd ref="12551306136"/>
    <nd ref="2455579361"/>
    <nd ref="12551306137"/>
    <nd ref="2455579367"/>
    <nd ref="12551306138"/>
    <nd ref="1474099998"/>
    <nd ref="386577"/>
    <nd ref="12551306139"/>
    <nd ref="2455579456"/>
    <nd ref="12551306140"/>
    <nd ref="5525954208"/>
    <nd ref="2455579467"/>
    <nd ref="12551306141"/>
    <nd ref="2455579474"/>
    <nd ref="12551306142"/>
    <nd ref="1474099999"/>
    <nd ref="12551306143"/>
    <nd ref="12551306144"/>
    <nd ref="1474100000"/>
    <nd ref="12551306145"/>
    <nd ref="1474100001"/>
    <nd ref="12551306146"/>
    <nd ref="386578"/>
    <nd ref="12551306147"/>
    <nd ref="1474100002"/>
    <nd ref="12551306148"/>
    <nd ref="270739494"/>
    <nd ref="3609335712"/>
    <nd ref="12551306149"/>
    <nd ref="1598981497"/>
    <nd ref="12551306150"/>
    <nd ref="386579"/>
    <nd ref="12551306151"/>
    <nd ref="1331167341"/>
    <nd ref="1331167319"/>
    <nd ref="12551306152"/>
    <nd ref="386581"/>
    <nd ref="1331167323"/>
    <nd ref="12551306153"/>
    <nd ref="270741538"/>
    <nd ref="1331167300"/>
    <tag k="cycleway:both" v="no"/>
    <tag k="highway" v="trunk"/>
    <tag k="lanes" v="2"/>
    <tag k="lit" v="no"/>
    <tag k="maxspeed" v="60 mph"/>
    <tag k="maxspeed:type" v="GB:nsl_single"/>
    <tag k="name" v="Fosse Way"/>
    <tag k="ref" v="A429"/>
    <tag k="restriction" v="no_stopping"/>
    <tag k="shoulder" v="no"/>
    <tag k="sidewalk" v="no"/>
    <tag k="source" v="survey"/>
    <tag k="source:maxspeed" v="survey"/>
    <tag k="surface" v="asphalt"/>
  </way>
  <way id="133968158" version="2" timestamp="2013-12-09T18:02:49Z" changeset="19363233" uid="9065" user="brianboru">
    <nd ref="1474100028"/>
    <nd ref="1474100026"/>
    <nd ref="433319047"/>
    <nd ref="1474100025"/>
    <nd ref="433319048"/>
    <nd ref="433319050"/>
    <tag k="highway" v="unclassified"/>
  </way>
  <way id="133968161" version="1" timestamp="2011-10-20T11:35:21Z" changeset="9607778" uid="49031" user="craigloftus">
    <nd ref="433319046"/>
    <nd ref="1474100028"/>
    <tag k="bridge" v="yes"/>
    <tag k="highway" v="unclassified"/>
    <tag k="layer" v="1"/>
  </way>
  <way id="133968163" version="10" timestamp="2025-01-02T12:16:01Z" changeset="160904418" uid="5229644" user="Nathan_A_RF">
    <nd ref="1474100017"/>
    <nd ref="1474100016"/>
    <nd ref="12117560400"/>
    <nd ref="1474100015"/>
    <tag k="cycleway:both" v="no"/>
    <tag k="highway" v="tertiary"/>
    <tag k="lanes" v="2"/>
    <tag k="lit" v="no"/>
    <tag k="maxspeed" v="60 mph"/>
    <tag k="maxspeed:type" v="GB:nsl_single"/>
    <tag k="name" v="Halford Road"/>
    <tag k="sidewalk" v="no"/>
    <tag k="surface" v="asphalt"/>
  </way>
  <way id="136618092" version="3" timestamp="2021-02-05T04:03:32Z" changeset="98736662" uid="9259458" user="aepunavy">
    <nd ref="1498847376"/>
    <nd ref="1498847378"/>
    <nd ref="2584883258"/>
    <nd ref="452749286"/>
    <tag k="highway" v="unclassified"/>
    <tag k="name" v="Chapel Lane"/>
    <tag k="oneway" v="yes"/>
    <tag k="source" v="GPS"/>
  </way>
  <way id="136618342" version="11" timestamp="2024-08-14T14:37:20Z" changeset="155244439" uid="5589" user="user_5589">
    <nd ref="1498852140"/>
    <nd ref="7890507879"/>
    <nd ref="7889744860"/>
    <nd ref="2455557195"/>
    <nd ref="277913271"/>
    <nd ref="8239449764"/>
    <nd ref="277913272"/>
    <nd ref="8239449746"/>
    <nd ref="277913273"/>
    <nd ref="8404361489"/>
    <nd ref="277913274"/>
    <nd ref="1608864011"/>
    <nd ref="1683004698"/>
    <tag k="highway" v="tertiary"/>
    <tag k="maxspeed" v="60 mph"/>
    <tag k="maxspeed:type" v="GB:nsl_single"/>
    <tag k="name" v="Halford Road"/>
    <tag k="surface" v="asphalt"/>
  </way>
  <way id="136618658" version="9" timestamp="2025-04-11T11:49:36Z" changeset="164812129" uid="1195658" user="mycae-gmx">
    <nd ref="1498858784"/>
    <nd ref="9089441998"/>
    <nd ref="270743988"/>
    <nd ref="270743993"/>
    <nd ref="1609038000"/>
    <nd ref="270741647"/>
    <nd ref="270743996"/>
    <nd ref="1609038155"/>
    <nd ref="1609037964"/>
    <nd ref="1609037961"/>
    <nd ref="5867373401"/>
    <nd ref="5867373400"/>
    <nd ref="1609038288"/>
    <nd ref="1609038084"/>
    <nd ref="9014408010"/>
    <nd ref="1609038004"/>
    <nd ref="5867373403"/>
    <nd ref="5867373402"/>
    <nd ref="1609038229"/>
    <nd ref="270744009"/>
    <nd ref="5867370872"/>
    <nd ref="270744011"/>
    <nd ref="5867370871"/>
    <nd ref="5867370870"/>
    <nd ref="270744016"/>
    <nd ref="270744017"/>
    <nd ref="1609038236"/>
    <nd ref="270744018"/>
    <nd ref="270744019"/>
    <nd ref="270744020"/>
    <nd ref="7677634692"/>
    <nd ref="1598981546"/>
    <nd ref="877649910"/>
    <nd ref="270744021"/>
    <nd ref="877649846"/>
    <tag k="highway" v="unclassified"/>
    <tag k="noname" v="yes"/>
    <tag k="surface" v="asphalt"/>
  </way>
  <way id="140684486" version="4" timestamp="2025-02-02T14:35:16Z" changeset="162049032" uid="19756269" user="RyanBush">
    <nd ref="30247812"/>
    <nd ref="279130455"/>
    <nd ref="279130456"/>
    <nd ref="6582524436"/>
    <nd ref="279130457"/>
    <nd ref="279130458"/>
    <nd ref="279130459"/>
    <nd ref="6546426389"/>
    <nd ref="1540773484"/>
    <nd ref="279130460"/>
    <nd ref="279130461"/>
    <nd ref="279130462"/>
    <nd ref="1540773487"/>
    <nd ref="1474099987"/>
    <nd ref="1474099986"/>
    <nd ref="12551306102"/>
    <nd ref="12551306101"/>
    <nd ref="279130453"/>
    <tag k="highway" v="unclassified"/>
    <tag k="source" v="NPE"/>
  </way>
  <way id="144791516" version="2" timestamp="2022-09-03T15:02:35Z" changeset="125741661" uid="5589" user="user_5589">
    <nd ref="323174"/>
    <nd ref="1498858780"/>
    <tag k="highway" v="primary"/>
    <tag k="name" v="Stratford Road"/>
    <tag k="ref" v="A3400"/>
    <tag k="source:name" v="dictacam"/>
    <tag k="source_ref:name" v="80n:dsc10352.mpg"/>
    <tag k="surface" v="asphalt"/>
  </way>
  <way id="144791519" version="2" timestamp="2022-09-03T15:02:34Z" changeset="125741661" uid="5589" user="user_5589">
    <nd ref="877649846"/>
    <nd ref="1498858780"/>
    <tag k="highway" v="unclassified"/>
    <tag k="noname" v="yes"/>
    <tag k="surface" v="asphalt"/>
  </way>
  <way id="144791520" version="6" timestamp="2025-01-02T18:10:55Z" changeset="160919840" uid="5229644" user="Nathan_A_RF">
    <nd ref="1498858780"/>
    <nd ref="270741566"/>
    <nd ref="1498906995"/>
    <nd ref="323175"/>
    <nd ref="6877712884"/>
    <nd ref="323176"/>
    <tag k="cycleway:both" v="no"/>
    <tag k="highway" v="primary"/>
    <tag k="lanes" v="2"/>
    <tag k="maxspeed" v="30 mph"/>
    <tag k="name" v="Stratford Road"/>
    <tag k="ref" v="A3400"/>
    <tag k="source:name" v="dictacam"/>
    <tag k="source_ref:name" v="80n:dsc10352.mpg"/>
    <tag k="surface" v="asphalt"/>
  </way>
  <way id="146628572" version="3" timestamp="2019-08-21T12:16:45Z" changeset="73578016" uid="10170569" user="poodoshi">
    <nd ref="1598969447"/>
    <nd ref="1598969451"/>
    <nd ref="6731827396"/>
    <nd ref="1598969452"/>
    <nd ref="1598969454"/>
    <nd ref="1598969457"/>
    <nd ref="1598969461"/>
    <nd ref="1608932869"/>
    <nd ref="1598969464"/>
    <nd ref="1598969463"/>
    <nd ref="1598969462"/>
    <nd ref="1598969459"/>
    <nd ref="1608932843"/>
    <nd ref="270739390"/>
    <tag k="highway" v="residential"/>
    <tag k="noname" v="yes"/>
    <tag k="source" v="survey"/>
  </way>
  <way id="146628573" version="4" timestamp="2020-08-27T14:41:35Z" changeset="90033330" uid="9065" user="brianboru">
    <nd ref="1608932949"/>
    <nd ref="7850270799"/>
    <nd ref="1598969446"/>
    <tag k="highway" v="residential"/>
    <tag k="layer" v="1"/>
    <tag k="noname" v="yes"/>
    <tag k="source" v="survey"/>
  </way>
  <way id="146628575" version="2" timestamp="2025-05-25T17:03:33Z" changeset="166743788" uid="5589" user="user_5589">
    <nd ref="1598969441"/>
    <nd ref="1598969437"/>
    <tag k="bridge" v="yes"/>
    <tag k="highway" v="unclassified"/>
    <tag k="layer" v="1"/>
    <tag k="maxweight:signed" v="no"/>
    <tag k="noname" v="yes"/>
    <tag k="source" v="survey"/>
  </way>
  <way id="146628576" version="2" timestamp="2012-01-28T16:00:23Z" changeset="10522212" uid="64" user="lsces">
    <nd ref="1608932875"/>
    <nd ref="1598969438"/>
    <nd ref="1598969432"/>
    <nd ref="1598969425"/>
    <nd ref="1598969422"/>
    <nd ref="1598969421"/>
    <nd ref="1598969423"/>
    <nd ref="1598969429"/>
    <nd ref="1598969431"/>
    <nd ref="1598969430"/>
    <nd ref="1598969424"/>
    <nd ref="1598969419"/>
    <nd ref="1598969413"/>
    <nd ref="1598969411"/>
    <nd ref="1598969410"/>
    <nd ref="1598969412"/>
    <nd ref="1598969416"/>
    <nd ref="1598969420"/>
    <nd ref="1598969434"/>
    <nd ref="1598969436"/>
    <nd ref="1598969440"/>
    <nd ref="1598969442"/>
    <nd ref="1598969441"/>
    <tag k="highway" v="unclassified"/>
    <tag k="noname" v="yes"/>
    <tag k="source" v="survey"/>
  </way>
  <way id="146628577" version="6" timestamp="2025-01-02T12:07:59Z" changeset="160904126" uid="5229644" user="Nathan_A_RF">
    <nd ref="1598969437"/>
    <nd ref="3609335714"/>
    <nd ref="1598969428"/>
    <nd ref="3609335708"/>
    <nd ref="270741544"/>
    <nd ref="1598969415"/>
    <nd ref="270739494"/>
    <tag k="cycleway:both" v="no"/>
    <tag k="highway" v="unclassified"/>
    <tag k="maxspeed" v="60 mph"/>
    <tag k="maxspeed:type" v="GB:nsl_single"/>
    <tag k="noname" v="yes"/>
    <tag k="source" v="survey"/>
    <tag k="surface" v="asphalt"/>
  </way>
  <way id="146629804" version="7" timestamp="2025-01-02T12:07:59Z" changeset="160904126" uid="5229644" user="Nathan_A_RF">
    <nd ref="270741545"/>
    <nd ref="386579"/>
    <tag k="cycleway:both" v="no"/>
    <tag k="highway" v="unclassified"/>
    <tag k="lanes" v="2"/>
    <tag k="maxspeed" v="60 mph"/>
    <tag k="maxspeed:type" v="GB:nsl_single"/>
    <tag k="name" v="Blackwell Road"/>
    <tag k="sidewalk" v="no"/>
    <tag k="source" v="survey"/>
    <tag k="surface" v="asphalt"/>
  </way>
  <way id="146629805" version="2" timestamp="2012-01-28T17:30:12Z" changeset="10523092" uid="64" user="lsces">
    <nd ref="270741564"/>
    <nd ref="1598981529"/>
    <nd ref="1598981565"/>
    <nd ref="1609038195"/>
    <nd ref="1598981598"/>
    <nd ref="1598981608"/>
    <nd ref="1609037944"/>
    <nd ref="1609037994"/>
    <nd ref="1609038131"/>
    <tag k="highway" v="residential"/>
    <tag k="name" v="Manor Farm Road"/>
    <tag k="source" v="visual survey;bing"/>
  </way>
  <way id="146629809" version="3" timestamp="2023-08-16T13:44:21Z" changeset="139965729" uid="7345137" user="magrej">
    <nd ref="270744019"/>
    <nd ref="11119054516"/>
    <nd ref="1598981570"/>
    <nd ref="1598981554"/>
    <nd ref="1598981543"/>
    <nd ref="1598981539"/>
    <nd ref="6877729313"/>
    <nd ref="1598981531"/>
    <nd ref="1598981525"/>
    <nd ref="1598981522"/>
    <nd ref="1598981519"/>
    <nd ref="1598981518"/>
    <nd ref="11119054517"/>
    <nd ref="1598981520"/>
    <nd ref="1598981533"/>
    <nd ref="1598981536"/>
    <nd ref="1598981534"/>
    <nd ref="11119054518"/>
    <nd ref="1598981532"/>
    <tag k="highway" v="residential"/>
    <tag k="name" v="Mill Lane"/>
    <tag k="source" v="visual survey;bing"/>
  </way>
  <way id="146630263" version="4" timestamp="2025-01-02T18:10:55Z" changeset="160919840" uid="5229644" user="Nathan_A_RF">
    <nd ref="877649975"/>
    <nd ref="323186"/>
    <tag k="cycleway:both" v="no"/>
    <tag k="highway" v="tertiary"/>
    <tag k="name" v="Idlicote Road"/>
    <tag k="source" v="survey"/>
    <tag k="surface" v="asphalt"/>
  </way>
  <way id="147683177" version="1" timestamp="2012-01-28T15:17:16Z" changeset="10521819" uid="64" user="lsces">
    <nd ref="1608864332"/>
    <nd ref="1608864091"/>
    <nd ref="1608864179"/>
    <nd ref="1608864401"/>
    <nd ref="1608864473"/>
    <nd ref="1608864257"/>
    <tag k="highway" v="unclassified"/>
  </way>
  <way id="147683180" version="4" timestamp="2020-09-24T08:23:05Z" changeset="91417893" uid="11734026" user="sourabik">
    <nd ref="1608864122"/>
    <nd ref="1608864141"/>
    <nd ref="6782359253"/>
    <nd ref="1608864211"/>
    <nd ref="2578263709"/>
    <nd ref="1608864083"/>
    <nd ref="7936880325"/>
    <nd ref="1608864363"/>
    <nd ref="1608864210"/>
    <nd ref="1608864240"/>
    <nd ref="279129399"/>
    <tag k="highway" v="residential"/>
    <tag k="name" v="Middle Street"/>
  </way>
  <way id="147689019" version="1" timestamp="2012-01-28T16:00:15Z" changeset="10522212" uid="64" user="lsces">
    <nd ref="1608933092"/>
    <nd ref="1608932786"/>
    <nd ref="1608932966"/>
    <nd ref="1608932848"/>
    <nd ref="1598969461"/>
    <nd ref="1608933045"/>
    <nd ref="1608933087"/>
    <nd ref="1608932960"/>
    <nd ref="1608932999"/>
    <nd ref="1608933042"/>
    <nd ref="1608932925"/>
    <nd ref="1540773244"/>
    <tag k="highway" v="unclassified"/>
  </way>
  <way id="147689026" version="1" timestamp="2012-01-28T16:00:16Z" changeset="10522212" uid="64" user="lsces">
    <nd ref="1608932869"/>
    <nd ref="1608932861"/>
    <nd ref="1608932901"/>
    <nd ref="1608932879"/>
    <nd ref="1608932939"/>
    <nd ref="1608933069"/>
    <tag k="highway" v="unclassified"/>
  </way>
  <way id="147689027" version="2" timestamp="2013-12-13T14:17:25Z" changeset="19433519" uid="9065" user="brianboru">
    <nd ref="1608933099"/>
    <nd ref="1608932894"/>
    <nd ref="1608932982"/>
    <nd ref="1608932985"/>
    <nd ref="2578245215"/>
    <nd ref="1608933052"/>
    <nd ref="1608932840"/>
    <nd ref="1608932821"/>
    <nd ref="1608932946"/>
    <nd ref="1608933092"/>
    <nd ref="1608933076"/>
    <nd ref="1608932888"/>
    <nd ref="1608933069"/>
    <nd ref="1608932948"/>
    <nd ref="1608932964"/>
    <nd ref="1608932871"/>
    <nd ref="1608932844"/>
    <nd ref="1608932983"/>
    <nd ref="270739390"/>
    <tag k="highway" v="unclassified"/>
    <tag k="name" v="Ilminton Road"/>
  </way>
  <way id="147704164" version="2" timestamp="2018-08-27T12:29:16Z" changeset="62038615" uid="9065" user="brianboru">
    <nd ref="1609038005"/>
    <nd ref="1609037970"/>
    <nd ref="1609037968"/>
    <nd ref="1609038294"/>
    <nd ref="1609038374"/>
    <nd ref="1609038012"/>
    <nd ref="5860949518"/>
    <nd ref="1609038013"/>
    <nd ref="1609038284"/>
    <tag k="highway" v="residential"/>
    <tag k="name" v="Cotswold Close"/>
  </way>
  <way id="147704165" version="2" timestamp="2013-02-25T14:50:02Z" changeset="15162507" uid="322785" user="BCNorwich">
    <nd ref="1609038316"/>
    <nd ref="1609037979"/>
    <nd ref="1609037944"/>
    <tag k="highway" v="residential"/>
  </way>
  <way id="147704175" version="6" timestamp="2021-09-13T20:48:08Z" changeset="111165030" uid="53626" user="jambamkin">
    <nd ref="1609037950"/>
    <nd ref="9089441999"/>
    <nd ref="1609038246"/>
    <nd ref="1609037992"/>
    <nd ref="1609038133"/>
    <nd ref="1609037965"/>
    <nd ref="1609038221"/>
    <nd ref="1609038215"/>
    <nd ref="270741565"/>
    <tag k="highway" v="residential"/>
    <tag k="lit" v="no"/>
    <tag k="name" v="Fosseway Crescent"/>
    <tag k="source:name" v="OS_OpenData_Locator"/>
    <tag k="surface" v="asphalt"/>
  </way>
  <way id="147704177" version="2" timestamp="2022-09-03T08:24:27Z" changeset="125726088" uid="5589" user="user_5589">
    <nd ref="1609038062"/>
    <nd ref="1609038307"/>
    <nd ref="1609038011"/>
    <tag k="highway" v="residential"/>
    <tag k="name" v="Shakesfield Close"/>
    <tag k="surface" v="asphalt"/>
  </way>
  <way id="147704182" version="1" timestamp="2012-01-28T17:30:03Z" changeset="10523092" uid="64" user="lsces">
    <nd ref="1609037964"/>
    <nd ref="1609037981"/>
    <nd ref="1609038250"/>
    <nd ref="1609038009"/>
    <nd ref="1609038071"/>
    <nd ref="1609038299"/>
    <nd ref="1609038055"/>
    <nd ref="1609037986"/>
    <nd ref="270744020"/>
    <tag k="highway" v="residential"/>
  </way>
  <way id="147704184" version="2" timestamp="2018-08-27T12:29:16Z" changeset="62038615" uid="9065" user="brianboru">
    <nd ref="1609038216"/>
    <nd ref="1609038095"/>
    <nd ref="1609038202"/>
    <nd ref="5860949628"/>
    <nd ref="1609037938"/>
    <nd ref="5860949627"/>
    <nd ref="1609037931"/>
    <nd ref="1609038062"/>
    <nd ref="1609038010"/>
    <nd ref="1609038123"/>
    <tag k="highway" v="residential"/>
    <tag k="name" v="Shakesfield Close"/>
  </way>
  <way id="147704205" version="8" timestamp="2025-01-02T12:07:59Z" changeset="160904126" uid="5229644" user="Nathan_A_RF">
    <nd ref="1609038341"/>
    <nd ref="1609038261"/>
    <nd ref="1609038171"/>
    <nd ref="1609038205"/>
    <nd ref="1609037945"/>
    <nd ref="1331167363"/>
    <tag k="cycleway:both" v="no"/>
    <tag k="highway" v="residential"/>
    <tag k="lit" v="no"/>
    <tag k="maxspeed" v="60 mph"/>
    <tag k="maxspeed:type" v="GB:nsl_single"/>
    <tag k="name" v="Old Fosse Way"/>
    <tag k="sidewalk" v="no"/>
    <tag k="source:name" v="OS_OpenData_Locator"/>
    <tag k="surface" v="asphalt"/>
  </way>
  <way id="147704206" version="2" timestamp="2018-08-27T12:29:16Z" changeset="62038615" uid="9065" user="brianboru">
    <nd ref="1609037936"/>
    <nd ref="1609037958"/>
    <nd ref="1609038294"/>
    <tag k="highway" v="residential"/>
    <tag k="name" v="Cotswold Close"/>
  </way>
  <way id="147704209" version="1" timestamp="2012-01-28T17:30:06Z" changeset="10523092" uid="64" user="lsces">
    <nd ref="270741647"/>
    <nd ref="1609038353"/>
    <nd ref="1609038282"/>
    <nd ref="1609038067"/>
    <nd ref="270741644"/>
    <tag k="highway" v="residential"/>
  </way>
  <way id="147704217" version="1" timestamp="2012-01-28T17:30:07Z" changeset="10523092" uid="64" user="lsces">
    <nd ref="1609038166"/>
    <nd ref="1609038000"/>
    <tag k="highway" v="residential"/>
  </way>
  <way id="147704218" version="1" timestamp="2012-01-28T17:30:08Z" changeset="10523092" uid="64" user="lsces">
    <nd ref="1609038257"/>
    <nd ref="1609038284"/>
    <nd ref="1609037967"/>
    <tag k="highway" v="residential"/>
    <tag k="name" v="Cotswold Close"/>
  </way>
  <way id="147704221" version="2" timestamp="2021-09-13T20:48:08Z" changeset="111165030" uid="53626" user="jambamkin">
    <nd ref="1609037965"/>
    <nd ref="9089441997"/>
    <nd ref="1609038330"/>
    <nd ref="1609037971"/>
    <nd ref="1609038060"/>
    <nd ref="9089441996"/>
    <nd ref="1609038195"/>
    <tag k="highway" v="residential"/>
    <tag k="name" v="Queen's Road"/>
  </way>
  <way id="147704223" version="1" timestamp="2012-01-28T17:30:08Z" changeset="10523092" uid="64" user="lsces">
    <nd ref="1609038018"/>
    <nd ref="1609037988"/>
    <tag k="highway" v="residential"/>
  </way>
  <way id="147704229" version="3" timestamp="2018-08-30T07:42:22Z" changeset="62129552" uid="9065" user="brianboru">
    <nd ref="1609037930"/>
    <nd ref="1609038152"/>
    <nd ref="1609037988"/>
    <nd ref="1609037956"/>
    <nd ref="5867370868"/>
    <nd ref="1609037993"/>
    <nd ref="1609038236"/>
    <tag k="highway" v="residential"/>
  </way>
  <way id="147704231" version="5" timestamp="2022-10-10T13:55:20Z" changeset="127305518" uid="9357577" user="MajaMaravic">
    <nd ref="270741627"/>
    <nd ref="1609038118"/>
    <nd ref="1609037954"/>
    <nd ref="1609037950"/>
    <nd ref="1609038158"/>
    <nd ref="1609038128"/>
    <nd ref="9089442000"/>
    <nd ref="1609038338"/>
    <nd ref="1609037980"/>
    <nd ref="1609038349"/>
    <nd ref="1609038005"/>
    <nd ref="1609038326"/>
    <nd ref="1609037969"/>
    <nd ref="1609038231"/>
    <nd ref="7153699832"/>
    <tag k="highway" v="residential"/>
    <tag k="name" v="Armscote Road"/>
    <tag k="surface" v="asphalt"/>
  </way>
  <way id="147704233" version="1" timestamp="2012-01-28T17:30:09Z" changeset="10523092" uid="64" user="lsces">
    <nd ref="1609038164"/>
    <nd ref="1609038346"/>
    <nd ref="1609038160"/>
    <nd ref="1609038290"/>
    <nd ref="1609038333"/>
    <nd ref="1609038166"/>
    <nd ref="1609038150"/>
    <nd ref="270743996"/>
    <tag k="highway" v="residential"/>
  </way>
  <way id="147704234" version="5" timestamp="2024-12-29T22:53:32Z" changeset="160770738" uid="21226027" user="DorneyLake123">
    <nd ref="1609038093"/>
    <nd ref="1609038223"/>
    <nd ref="1609038350"/>
    <nd ref="1609038278"/>
    <nd ref="1609038219"/>
    <nd ref="1609037997"/>
    <nd ref="1609038093"/>
    <tag k="addr:postcode" v="CV36 4NS"/>
    <tag k="addr:street" v="Stratford Road"/>
    <tag k="amenity" v="pub"/>
    <tag k="building" v="yes"/>
    <tag k="fhrs:id" v="1407799"/>
    <tag k="name" v="The Lion"/>
    <tag k="outdoor_seating" v="yes"/>
    <tag k="website" v="https://theliontredington.co.uk/"/>
    <tag k="wikidata" v="Q26275007"/>
  </way>
  <way id="147707554" version="1" timestamp="2012-01-28T17:44:20Z" changeset="10523092" uid="64" user="lsces">
    <nd ref="1609047008"/>
    <nd ref="1609046993"/>
    <nd ref="1609047011"/>
    <nd ref="1609047014"/>
    <nd ref="1609047019"/>
    <nd ref="1609047002"/>
    <nd ref="1609047008"/>
    <tag k="addr:postcode" v="CV36 4PB"/>
    <tag k="building" v="yes"/>
    <tag k="name" v="Farmhouse"/>
  </way>
  <way id="149128733" version="2" timestamp="2015-06-21T17:21:23Z" changeset="32121913" uid="154484" user="PeterP">
    <nd ref="3609335722"/>
    <nd ref="3609335756"/>
    <nd ref="1621538837"/>
    <nd ref="3609335701"/>
    <nd ref="3609335730"/>
    <nd ref="1621538841"/>
    <nd ref="1621538833"/>
    <tag k="highway" v="residential"/>
    <tag k="name" v="Potters Lane"/>
  </way>
  <way id="154856923" version="1" timestamp="2012-03-13T11:31:05Z" changeset="10965496" uid="9065" user="brianboru">
    <nd ref="433319059"/>
    <nd ref="1673223982"/>
    <nd ref="1673223980"/>
    <tag k="highway" v="unclassified"/>
    <tag k="source" v="bing"/>
  </way>
  <way id="155694761" version="5" timestamp="2025-03-09T17:03:25Z" changeset="163409718" uid="493595" user="Yorvik Prestigitator">
    <nd ref="1680692673"/>
    <nd ref="279311450"/>
    <nd ref="1498846330"/>
    <nd ref="1498847380"/>
    <nd ref="8100642665"/>
    <nd ref="323142"/>
    <nd ref="570739698"/>
    <nd ref="1498847376"/>
    <nd ref="12647985322"/>
    <nd ref="323143"/>
    <nd ref="323144"/>
    <nd ref="12647985318"/>
    <nd ref="12647985302"/>
    <nd ref="323145"/>
    <nd ref="570739683"/>
    <nd ref="570739699"/>
    <nd ref="5469622324"/>
    <nd ref="323146"/>
    <nd ref="1498852153"/>
    <nd ref="11336815500"/>
    <nd ref="570739701"/>
    <nd ref="323147"/>
    <nd ref="323148"/>
    <nd ref="570739703"/>
    <nd ref="1498852149"/>
    <nd ref="1680692670"/>
    <tag k="highway" v="primary"/>
    <tag k="maxspeed" v="30 mph"/>
    <tag k="name" v="Stratford Road"/>
    <tag k="ref" v="A3400"/>
    <tag k="source" v="gps_survey"/>
    <tag k="source:maxspeed" v="survey;bing"/>
  </way>
  <way id="155694774" version="5" timestamp="2025-01-02T12:16:01Z" changeset="160904418" uid="5229644" user="Nathan_A_RF">
    <nd ref="1680692670"/>
    <nd ref="570739704"/>
    <nd ref="1498852148"/>
    <nd ref="1498852139"/>
    <nd ref="1498852143"/>
    <nd ref="1498852134"/>
    <nd ref="323150"/>
    <nd ref="2515949507"/>
    <nd ref="8860127920"/>
    <nd ref="1498852138"/>
    <nd ref="323151"/>
    <nd ref="1498852150"/>
    <nd ref="1498852132"/>
    <nd ref="323152"/>
    <nd ref="1498852146"/>
    <nd ref="323153"/>
    <nd ref="1498852131"/>
    <nd ref="323154"/>
    <nd ref="1498852142"/>
    <nd ref="323155"/>
    <nd ref="1498852136"/>
    <nd ref="323156"/>
    <nd ref="277912949"/>
    <nd ref="1498852140"/>
    <nd ref="323157"/>
    <nd ref="1498852145"/>
    <nd ref="1498852144"/>
    <nd ref="323158"/>
    <nd ref="1498852129"/>
    <nd ref="323159"/>
    <nd ref="1498852137"/>
    <nd ref="1498852135"/>
    <nd ref="323160"/>
    <nd ref="1498852152"/>
    <nd ref="1498852151"/>
    <nd ref="1609038214"/>
    <tag k="highway" v="primary"/>
    <tag k="lit" v="no"/>
    <tag k="maxspeed" v="60 mph"/>
    <tag k="maxspeed:type" v="GB:nsl_single"/>
    <tag k="name" v="Stratford Road"/>
    <tag k="ref" v="A3400"/>
    <tag k="sidewalk" v="left"/>
    <tag k="source" v="gps_survey"/>
    <tag k="source:maxspeed" v="survey"/>
  </way>
  <way id="155965958" version="6" timestamp="2024-08-14T14:31:36Z" changeset="155244439" uid="5589" user="user_5589">
    <nd ref="1608864296"/>
    <nd ref="1608864497"/>
    <nd ref="277913472"/>
    <nd ref="7886279705"/>
    <nd ref="1683004906"/>
    <nd ref="7886279715"/>
    <nd ref="1608864233"/>
    <nd ref="277913473"/>
    <nd ref="277913474"/>
    <nd ref="2584844207"/>
    <nd ref="2584844204"/>
    <nd ref="1609213162"/>
    <nd ref="2584844201"/>
    <nd ref="277913475"/>
    <nd ref="2584844195"/>
    <nd ref="1609213199"/>
    <nd ref="277913476"/>
    <nd ref="279129317"/>
    <nd ref="2584844169"/>
    <nd ref="277913477"/>
    <nd ref="277913478"/>
    <nd ref="2584844154"/>
    <nd ref="277913479"/>
    <nd ref="1683004943"/>
    <nd ref="1683004740"/>
    <nd ref="1683004790"/>
    <nd ref="277913480"/>
    <tag k="highway" v="tertiary"/>
    <tag k="maxspeed" v="60 mph"/>
    <tag k="maxspeed:type" v="GB:nsl_single"/>
    <tag k="name" v="Ilmington Road"/>
    <tag k="source:name" v="OS_OpenData_Locator"/>
    <tag k="surface" v="asphalt"/>
  </way>
  <way id="155965976" version="2" timestamp="2024-08-14T14:37:27Z" changeset="155244439" uid="5589" user="user_5589">
    <nd ref="1683004698"/>
    <nd ref="1608864374"/>
    <nd ref="277913177"/>
    <tag k="highway" v="tertiary"/>
    <tag k="maxspeed" v="30 mph"/>
    <tag k="surface" v="asphalt"/>
  </way>
  <way id="191357829" version="5" timestamp="2020-11-03T06:22:17Z" changeset="93457899" uid="11734011" user="ambakum">
    <nd ref="279129436"/>
    <nd ref="2515949486"/>
    <nd ref="2515949487"/>
    <nd ref="279129437"/>
    <nd ref="279129438"/>
    <nd ref="1608864325"/>
    <nd ref="279129439"/>
    <nd ref="8076755210"/>
    <nd ref="279129440"/>
    <nd ref="8076786217"/>
    <nd ref="8012314529"/>
    <nd ref="279129441"/>
    <nd ref="2515949521"/>
    <nd ref="5469622322"/>
    <nd ref="279129442"/>
    <nd ref="5469586915"/>
    <nd ref="279129443"/>
    <nd ref="570739687"/>
    <nd ref="279129444"/>
    <nd ref="323147"/>
    <tag k="highway" v="unclassified"/>
    <tag k="source" v="NPE"/>
  </way>
  <way id="191357830" version="4" timestamp="2024-08-14T14:31:39Z" changeset="155244439" uid="5589" user="user_5589">
    <nd ref="277913480"/>
    <nd ref="1683004795"/>
    <nd ref="1683004797"/>
    <nd ref="1683004799"/>
    <nd ref="277913481"/>
    <nd ref="2578215119"/>
    <nd ref="2578215117"/>
    <nd ref="277913482"/>
    <nd ref="277913483"/>
    <nd ref="2578215096"/>
    <nd ref="277913484"/>
    <nd ref="1683004941"/>
    <nd ref="277913485"/>
    <nd ref="277913486"/>
    <nd ref="2578215086"/>
    <nd ref="2578215087"/>
    <nd ref="2578215093"/>
    <nd ref="277913487"/>
    <nd ref="254002944"/>
    <tag k="highway" v="tertiary"/>
    <tag k="maxspeed" v="60 mph"/>
    <tag k="maxspeed:type" v="GB:nsl_single"/>
    <tag k="name" v="Armscote Road"/>
    <tag k="surface" v="asphalt"/>
  </way>
  <way id="192383409" version="1" timestamp="2012-11-24T05:15:12Z" changeset="14008372" uid="4951" user="PeterEastern">
    <nd ref="2029430760"/>
    <nd ref="2029430759"/>
    <nd ref="452749286"/>
    <tag k="highway" v="residential"/>
    <tag k="name" v="Feldon View"/>
    <tag k="source" v="OS_OpenData_StreetView"/>
    <tag k="source:name" v="OS_OpenData_Locator"/>
  </way>
  <way id="235352161" version="8" timestamp="2025-01-02T18:10:55Z" changeset="160919840" uid="5229644" user="Nathan_A_RF">
    <nd ref="323176"/>
    <nd ref="12469386974"/>
    <nd ref="12469386973"/>
    <nd ref="12469386972"/>
    <nd ref="6877712866"/>
    <nd ref="323177"/>
    <nd ref="1498907005"/>
    <nd ref="323178"/>
    <nd ref="1498907070"/>
    <nd ref="1498907072"/>
    <nd ref="323179"/>
    <nd ref="1498906974"/>
    <nd ref="1498907018"/>
    <nd ref="3609335750"/>
    <nd ref="323180"/>
    <nd ref="1498906980"/>
    <nd ref="323181"/>
    <nd ref="2500852307"/>
    <nd ref="1498907023"/>
    <nd ref="323182"/>
    <nd ref="1498907019"/>
    <nd ref="1498906926"/>
    <nd ref="28264763"/>
    <nd ref="1498907034"/>
    <nd ref="323183"/>
    <nd ref="1498906933"/>
    <nd ref="323184"/>
    <nd ref="1498907044"/>
    <nd ref="1498907058"/>
    <nd ref="1498906972"/>
    <nd ref="1498906947"/>
    <nd ref="1498907012"/>
    <nd ref="323185"/>
    <nd ref="1498906951"/>
    <nd ref="323186"/>
    <tag k="cycleway:both" v="no"/>
    <tag k="highway" v="primary"/>
    <tag k="lanes" v="2"/>
    <tag k="maxspeed" v="60 mph"/>
    <tag k="maxspeed:type" v="GB:nsl_single"/>
    <tag k="name" v="Stratford Road"/>
    <tag k="ref" v="A3400"/>
    <tag k="shoulder" v="no"/>
    <tag k="source:name" v="dictacam"/>
    <tag k="source_ref:name" v="80n:dsc10352.mpg"/>
    <tag k="surface" v="asphalt"/>
  </way>
  <way id="251040855" version="1" timestamp="2013-12-09T18:02:47Z" changeset="19363233" uid="9065" user="brianboru">
    <nd ref="433319051"/>
    <nd ref="433319053"/>
    <nd ref="433319055"/>
    <nd ref="433319056"/>
    <nd ref="433319057"/>
    <nd ref="433319058"/>
    <nd ref="433319059"/>
    <nd ref="433319061"/>
    <nd ref="433319062"/>
    <nd ref="279311446"/>
    <tag k="highway" v="unclassified"/>
  </way>
  <way id="251040856" version="1" timestamp="2013-12-09T18:02:47Z" changeset="19363233" uid="9065" user="brianboru">
    <nd ref="433319050"/>
    <nd ref="433319051"/>
    <tag k="bridge" v="yes"/>
    <tag k="highway" v="unclassified"/>
    <tag k="layer" v="1"/>
  </way>
  <way id="251603393" version="4" timestamp="2020-10-05T21:14:58Z" changeset="92007731" uid="364" user="Edward">
    <nd ref="2577994282"/>
    <nd ref="2577994283"/>
    <nd ref="2577994284"/>
    <nd ref="2577994278"/>
    <nd ref="2577994277"/>
    <nd ref="2577994274"/>
    <nd ref="2577994273"/>
    <nd ref="2577994276"/>
    <nd ref="2577994275"/>
    <nd ref="2577994282"/>
    <tag k="amenity" v="place_of_worship"/>
    <tag k="building" v="church"/>
    <tag k="denomination" v="anglican"/>
    <tag k="heritage" v="2"/>
    <tag k="heritage:operator" v="Historic England"/>
    <tag k="listed_status" v="Grade II"/>
    <tag k="name" v="St George"/>
    <tag k="religion" v="christian"/>
    <tag k="source" v="bing"/>
    <tag k="wikidata" v="Q26586872"/>
  </way>
  <way id="252429104" version="3" timestamp="2023-11-09T21:52:30Z" changeset="143840481" uid="411244" user="RobJN">
    <nd ref="2584883155"/>
    <nd ref="2584883157"/>
    <nd ref="11336815502"/>
    <nd ref="2584883153"/>
    <nd ref="2584883162"/>
    <nd ref="2584883158"/>
    <nd ref="2584883160"/>
    <nd ref="2584883150"/>
    <nd ref="2584883148"/>
    <nd ref="2584883145"/>
    <nd ref="2584883143"/>
    <nd ref="2584883147"/>
    <nd ref="2584883146"/>
    <nd ref="2584883155"/>
    <tag k="amenity" v="place_of_worship"/>
    <tag k="building" v="church"/>
    <tag k="denomination" v="anglican"/>
    <tag k="name" v="St David"/>
    <tag k="religion" v="christian"/>
    <tag k="source" v="bing"/>
    <tag k="wikidata" v="Q26646458"/>
  </way>
  <way id="252429105" version="2" timestamp="2025-03-09T17:03:25Z" changeset="163409718" uid="493595" user="Yorvik Prestigitator">
    <nd ref="2584883193"/>
    <nd ref="2584883196"/>
    <nd ref="2584883191"/>
    <nd ref="2584883189"/>
    <nd ref="2584883187"/>
    <nd ref="421430003"/>
    <nd ref="2584883185"/>
    <nd ref="2584883193"/>
    <tag k="addr:city" v="Newbold on Stour"/>
    <tag k="addr:postcode" v="CV37 8TR"/>
    <tag k="addr:street" v="Moss Lane"/>
    <tag k="amenity" v="community_centre"/>
    <tag k="building" v="public"/>
    <tag k="community_centre" v="village_hall"/>
    <tag k="name" v="Newbold on Stour Village Hall"/>
    <tag k="website" v="https://newboldonstourvillagehall.co.uk/"/>
  </way>
  <way id="294820463" version="4" timestamp="2018-07-06T09:54:26Z" changeset="60462065" uid="2218698" user="Matt Carus">
    <nd ref="2984425239"/>
    <nd ref="2984425240"/>
    <nd ref="2984425241"/>
    <nd ref="2984425242"/>
    <nd ref="2984425239"/>
    <tag k="building" v="yes"/>
    <tag k="club" v="scout"/>
    <tag k="name" v="Newbold Sea Scout Hut"/>
  </way>
  <way id="354593851" version="7" timestamp="2025-03-16T16:20:51Z" changeset="163696406" uid="493595" user="Yorvik Prestigitator">
    <nd ref="1608932949"/>
    <nd ref="1608932867"/>
    <nd ref="1608932976"/>
    <nd ref="1608932944"/>
    <nd ref="12670375349"/>
    <nd ref="8239090872"/>
    <nd ref="3602725239"/>
    <nd ref="1608932832"/>
    <nd ref="1608932799"/>
    <nd ref="1608932825"/>
    <nd ref="1608932852"/>
    <nd ref="8407792694"/>
    <nd ref="1608932857"/>
    <nd ref="1608932924"/>
    <nd ref="1608933099"/>
    <nd ref="1608932836"/>
    <nd ref="1608933093"/>
    <nd ref="279129387"/>
    <nd ref="279129388"/>
    <nd ref="279129389"/>
    <nd ref="279129390"/>
    <nd ref="279129391"/>
    <nd ref="279129392"/>
    <nd ref="279129393"/>
    <nd ref="279129394"/>
    <nd ref="6575429617"/>
    <nd ref="279129395"/>
    <nd ref="1608864331"/>
    <nd ref="6575429619"/>
    <nd ref="279129396"/>
    <nd ref="6567467483"/>
    <nd ref="1608864245"/>
    <nd ref="279129397"/>
    <nd ref="279129398"/>
    <nd ref="2578263693"/>
    <nd ref="279129399"/>
    <nd ref="1608864464"/>
    <nd ref="277913179"/>
    <tag k="highway" v="unclassified"/>
    <tag k="source" v="NPE"/>
  </way>
  <way id="354593858" version="1" timestamp="2015-06-18T14:01:02Z" changeset="32051834" uid="154484" user="PeterP">
    <nd ref="1608932875"/>
    <nd ref="1608932949"/>
    <tag k="highway" v="unclassified"/>
    <tag k="source" v="NPE"/>
  </way>
  <way id="354593861" version="1" timestamp="2015-06-18T14:01:02Z" changeset="32051834" uid="154484" user="PeterP">
    <nd ref="1598969446"/>
    <nd ref="1598969447"/>
    <tag k="bridge" v="yes"/>
    <tag k="highway" v="residential"/>
    <tag k="layer" v="1"/>
    <tag k="noname" v="yes"/>
    <tag k="source" v="survey"/>
  </way>
  <way id="355316509" version="2" timestamp="2020-12-18T10:01:29Z" changeset="96059294" uid="10170582" user="priymose">
    <nd ref="3609335745"/>
    <nd ref="1540773356"/>
    <nd ref="1540773347"/>
    <nd ref="1540773313"/>
    <nd ref="1540773307"/>
    <nd ref="1540773265"/>
    <nd ref="1540773490"/>
    <nd ref="1540773482"/>
    <nd ref="1540773441"/>
    <nd ref="1540773378"/>
    <nd ref="1540773371"/>
    <nd ref="1540773321"/>
    <nd ref="1540773285"/>
    <nd ref="1540773247"/>
    <nd ref="1540773237"/>
    <nd ref="1540773234"/>
    <nd ref="1540773396"/>
    <nd ref="1540773357"/>
    <nd ref="1540773354"/>
    <nd ref="1540773345"/>
    <nd ref="1540773352"/>
    <nd ref="1540773349"/>
    <nd ref="1540773339"/>
    <nd ref="1540773315"/>
    <nd ref="1540773291"/>
    <nd ref="1540773252"/>
    <nd ref="1540773245"/>
    <nd ref="8239868097"/>
    <nd ref="1540773488"/>
    <nd ref="1540773479"/>
    <nd ref="1540773444"/>
    <nd ref="1540773432"/>
    <nd ref="1540773398"/>
    <nd ref="1540773373"/>
    <nd ref="1540773331"/>
    <nd ref="1540773292"/>
    <nd ref="1540773290"/>
    <nd ref="1540773244"/>
    <nd ref="1540773272"/>
    <nd ref="1540773242"/>
    <nd ref="1540773241"/>
    <nd ref="1598973235"/>
    <nd ref="1608932823"/>
    <nd ref="1608932875"/>
    <tag k="highway" v="unclassified"/>
    <tag k="source" v="NPE"/>
  </way>
  <way id="355316517" version="4" timestamp="2020-10-21T10:37:34Z" changeset="92825690" uid="11734021" user="rjjaura">
    <nd ref="30247812"/>
    <nd ref="30247813"/>
    <nd ref="3609335738"/>
    <nd ref="6475058550"/>
    <nd ref="6475058544"/>
    <nd ref="8030318171"/>
    <nd ref="1621538833"/>
    <tag k="highway" v="unclassified"/>
  </way>
  <way id="355316524" version="2" timestamp="2019-04-12T22:41:38Z" changeset="69164215" uid="322039" user="MacLondon">
    <nd ref="1621538833"/>
    <nd ref="3609335719"/>
    <nd ref="2456550086"/>
    <nd ref="2577994300"/>
    <nd ref="2456550088"/>
    <nd ref="30247814"/>
    <nd ref="30247815"/>
    <nd ref="30247816"/>
    <tag k="highway" v="unclassified"/>
  </way>
  <way id="568532381" version="1" timestamp="2018-03-10T17:12:27Z" changeset="57062991" uid="346039" user="fitzsimons">
    <nd ref="1609038009"/>
    <nd ref="1609038288"/>
    <tag k="highway" v="unclassified"/>
  </way>
  <way id="568546251" version="2" timestamp="2019-09-23T19:03:26Z" changeset="74823478" uid="705850" user="Cebderby">
    <nd ref="5469586915"/>
    <nd ref="5469586916"/>
    <nd ref="5469586917"/>
    <nd ref="5469586918"/>
    <tag k="highway" v="residential"/>
    <tag k="name" v="Spencer's Spinney Lane"/>
    <tag k="source" v="Maxar-Premium"/>
  </way>
  <way id="568546253" version="4" timestamp="2020-12-18T07:46:42Z" changeset="96050786" uid="10455625" user="bmmundad">
    <nd ref="6753333539"/>
    <nd ref="6753333535"/>
    <nd ref="6753333534"/>
    <nd ref="6753333533"/>
    <nd ref="6753333532"/>
    <nd ref="6753333531"/>
    <nd ref="5469586919"/>
    <nd ref="6753333530"/>
    <nd ref="5469586920"/>
    <nd ref="6753333529"/>
    <nd ref="6818190461"/>
    <nd ref="6818190431"/>
    <nd ref="6818190434"/>
    <nd ref="8239606469"/>
    <nd ref="8239606473"/>
    <nd ref="5469622321"/>
    <nd ref="6818190446"/>
    <nd ref="8239606484"/>
    <nd ref="5469622322"/>
    <tag k="highway" v="residential"/>
    <tag k="name" v="Hawkins Way"/>
    <tag k="source" v="Maxar-Premium"/>
  </way>
  <way id="615447868" version="2" timestamp="2019-01-16T09:46:55Z" changeset="66356770" uid="52797" user="hofoen">
    <nd ref="5819791009"/>
    <nd ref="5819791008"/>
    <nd ref="5819791007"/>
    <nd ref="5819791006"/>
    <nd ref="5819791005"/>
    <nd ref="5819791004"/>
    <nd ref="5819791003"/>
    <nd ref="5819791002"/>
    <nd ref="5819791009"/>
    <tag k="building" v="residential"/>
    <tag k="heritage" v="yes"/>
    <tag k="name" v="Old Tollbar Cottage"/>
    <tag k="source" v="Warwicks CC Aerial Imagery 2013"/>
    <tag k="wikidata" v="Q26481009"/>
  </way>
  <way id="615473508" version="2" timestamp="2020-08-29T14:00:31Z" changeset="90120776" uid="5589" user="user_5589">
    <nd ref="5819993785"/>
    <nd ref="5819993784"/>
    <nd ref="5819993783"/>
    <nd ref="5819993782"/>
    <nd ref="5819993781"/>
    <nd ref="5819993780"/>
    <nd ref="5819993779"/>
    <nd ref="5819993778"/>
    <nd ref="5819993785"/>
    <tag k="building" v="yes"/>
    <tag k="name" v="Cross Roads"/>
    <tag k="shop" v="car"/>
    <tag k="source" v="Warwicks CC Aerial Imagery 2013"/>
  </way>
  <way id="659864374" version="3" timestamp="2025-03-09T17:03:25Z" changeset="163409718" uid="493595" user="Yorvik Prestigitator">
    <nd ref="6178054324"/>
    <nd ref="6178054323"/>
    <nd ref="6178054322"/>
    <nd ref="12647985321"/>
    <nd ref="12647985320"/>
    <nd ref="6178054320"/>
    <nd ref="6178054319"/>
    <nd ref="6178054318"/>
    <nd ref="452770391"/>
    <nd ref="452770388"/>
    <nd ref="6178054324"/>
    <tag k="amenity" v="pub"/>
    <tag k="building" v="yes"/>
    <tag k="fhrs:id" v="1666396"/>
    <tag k="name" v="The White Hart"/>
    <tag k="source" v="local_knowledge"/>
  </way>
  <way id="675704372" version="3" timestamp="2023-08-15T06:16:26Z" changeset="139898029" uid="8724788" user="Aleksandar Matejevic">
    <nd ref="7850215984"/>
    <nd ref="11115673198"/>
    <nd ref="11115673195"/>
    <nd ref="7850215983"/>
    <nd ref="11115673197"/>
    <nd ref="11115673196"/>
    <nd ref="7850257885"/>
    <nd ref="11115673201"/>
    <nd ref="7850257886"/>
    <nd ref="11115673200"/>
    <nd ref="11115673199"/>
    <nd ref="7850257887"/>
    <nd ref="7850257888"/>
    <nd ref="7850257889"/>
    <nd ref="11115673192"/>
    <nd ref="11115673191"/>
    <nd ref="6327873082"/>
    <nd ref="11115673189"/>
    <nd ref="6327873083"/>
    <nd ref="11115673202"/>
    <nd ref="11115673203"/>
    <nd ref="6327873084"/>
    <nd ref="11115673204"/>
    <nd ref="7850215980"/>
    <nd ref="6327873485"/>
    <nd ref="11115685608"/>
    <nd ref="11115685607"/>
    <nd ref="11115685606"/>
    <nd ref="6327873486"/>
    <nd ref="11115685605"/>
    <nd ref="6327873487"/>
    <tag k="highway" v="residential"/>
    <tag k="name" v="Averis Way"/>
    <tag k="note" v="no street signs seen 09/03/19"/>
    <tag k="surface" v="asphalt"/>
  </way>
  <way id="682372161" version="5" timestamp="2025-01-02T12:16:01Z" changeset="160904418" uid="5229644" user="Nathan_A_RF">
    <nd ref="1609038214"/>
    <nd ref="323161"/>
    <tag k="cycleway:both" v="no"/>
    <tag k="highway" v="primary"/>
    <tag k="lanes" v="2"/>
    <tag k="lit" v="yes"/>
    <tag k="maxspeed" v="60 mph"/>
    <tag k="maxspeed:type" v="GB:nsl_single"/>
    <tag k="name" v="Stratford Road"/>
    <tag k="ref" v="A3400"/>
    <tag k="sidewalk" v="left"/>
    <tag k="source" v="gps_survey"/>
    <tag k="source:maxspeed" v="survey"/>
    <tag k="surface" v="asphalt"/>
  </way>
  <way id="682372162" version="8" timestamp="2025-01-02T12:16:01Z" changeset="160904418" uid="5229644" user="Nathan_A_RF">
    <nd ref="323166"/>
    <nd ref="4531748212"/>
    <nd ref="12117579604"/>
    <nd ref="323167"/>
    <nd ref="323168"/>
    <nd ref="1498858779"/>
    <nd ref="6327873487"/>
    <nd ref="1498858786"/>
    <nd ref="323169"/>
    <nd ref="6390305871"/>
    <tag k="cycleway:both" v="no"/>
    <tag k="highway" v="primary"/>
    <tag k="lanes" v="2"/>
    <tag k="lit" v="yes"/>
    <tag k="maxspeed" v="60 mph"/>
    <tag k="maxspeed:type" v="GB:nsl_single"/>
    <tag k="name" v="Stratford Road"/>
    <tag k="ref" v="A3400"/>
    <tag k="shoulder" v="no"/>
    <tag k="sidewalk" v="right"/>
    <tag k="sidewalk:right:surface" v="asphalt"/>
    <tag k="source:name" v="dictacam"/>
    <tag k="source_ref:name" v="80n:dsc10352.mpg"/>
    <tag k="surface" v="asphalt"/>
  </way>
  <way id="700206365" version="1" timestamp="2019-06-27T20:12:38Z" changeset="71685469" uid="9065" user="brianboru">
    <nd ref="6575429617"/>
    <nd ref="6575429618"/>
    <nd ref="279294602"/>
    <nd ref="279294603"/>
    <nd ref="1331167344"/>
    <nd ref="1474100006"/>
    <nd ref="279294604"/>
    <tag k="highway" v="unclassified"/>
    <tag k="source" v="NPE"/>
  </way>
  <way id="700206367" version="1" timestamp="2019-06-27T20:12:38Z" changeset="71685469" uid="9065" user="brianboru">
    <nd ref="6575429653"/>
    <nd ref="6575429652"/>
    <nd ref="6575429651"/>
    <nd ref="6575429650"/>
    <nd ref="6575429649"/>
    <nd ref="6575429648"/>
    <nd ref="6575429647"/>
    <nd ref="6575429646"/>
    <nd ref="6575429645"/>
    <nd ref="6575429644"/>
    <nd ref="6575429643"/>
    <nd ref="6575429642"/>
    <nd ref="6575429641"/>
    <nd ref="6575429640"/>
    <nd ref="6575429639"/>
    <nd ref="6575429638"/>
    <nd ref="6575429637"/>
    <nd ref="6575429636"/>
    <nd ref="6575429635"/>
    <nd ref="6575429634"/>
    <nd ref="6575429633"/>
    <nd ref="6575429632"/>
    <nd ref="6575429631"/>
    <nd ref="6575429630"/>
    <nd ref="6575429629"/>
    <nd ref="6575429653"/>
    <tag k="building" v="residential"/>
    <tag k="heritage" v="2"/>
    <tag k="heritage:operator" v="Historic England"/>
    <tag k="listed_status" v="Grade II*"/>
    <tag k="name" v="Armscote House"/>
    <tag k="source" v="Warwicks CC Aerial Imagery 2013"/>
  </way>
  <way id="714488574" version="1" timestamp="2019-08-16T17:14:41Z" changeset="73424419" uid="9065" user="brianboru">
    <nd ref="6716207492"/>
    <nd ref="6716207491"/>
    <tag k="highway" v="residential"/>
    <tag k="name" v="Sandfield Lane"/>
    <tag k="source" v="Warwicks CC Aerial Imagery 2013"/>
  </way>
  <way id="714488575" version="1" timestamp="2019-08-16T17:14:41Z" changeset="73424419" uid="9065" user="brianboru">
    <nd ref="466085352"/>
    <nd ref="466085341"/>
    <nd ref="6716207494"/>
    <tag k="highway" v="residential"/>
    <tag k="name" v="Saint Davids Walk"/>
    <tag k="source" v="GPS"/>
  </way>
  <way id="714488576" version="1" timestamp="2019-08-16T17:14:41Z" changeset="73424419" uid="9065" user="brianboru">
    <nd ref="6716207500"/>
    <nd ref="6716207499"/>
    <tag k="highway" v="residential"/>
    <tag k="name" v="Heron Way"/>
    <tag k="source" v="Warwicks CC Aerial Imagery 2013"/>
  </way>
  <way id="714488577" version="1" timestamp="2019-08-16T17:14:41Z" changeset="73424419" uid="9065" user="brianboru">
    <nd ref="466101854"/>
    <nd ref="6716207505"/>
    <tag k="highway" v="residential"/>
    <tag k="name" v="The Burrows"/>
    <tag k="source" v="Warwicks CC Aerial Imagery 2013"/>
  </way>
  <way id="723087975" version="1" timestamp="2019-09-09T09:57:02Z" changeset="74252787" uid="10219381" user="shhys">
    <nd ref="6782359253"/>
    <nd ref="6782359254"/>
    <tag k="highway" v="residential"/>
  </way>
  <way id="727570025" version="3" timestamp="2023-11-09T21:52:30Z" changeset="143840481" uid="411244" user="RobJN">
    <nd ref="6753333539"/>
    <nd ref="6753333541"/>
    <nd ref="6753333542"/>
    <nd ref="6753333543"/>
    <nd ref="6753333544"/>
    <nd ref="6753333545"/>
    <nd ref="6753333546"/>
    <nd ref="11336815513"/>
    <nd ref="6753333547"/>
    <nd ref="6753333548"/>
    <nd ref="6753333549"/>
    <nd ref="6753333550"/>
    <nd ref="6753333551"/>
    <nd ref="6753333552"/>
    <nd ref="6753333553"/>
    <nd ref="6753333554"/>
    <nd ref="6753333555"/>
    <nd ref="6753333556"/>
    <nd ref="6753333557"/>
    <nd ref="6753333558"/>
    <nd ref="6753333559"/>
    <nd ref="6753333561"/>
    <nd ref="6753333563"/>
    <nd ref="6753333565"/>
    <nd ref="6753333566"/>
    <nd ref="6753333567"/>
    <nd ref="6753333568"/>
    <nd ref="6753333569"/>
    <nd ref="6753333539"/>
    <tag k="highway" v="residential"/>
    <tag k="name" v="Riley Walk"/>
    <tag k="source" v="Maxar-Premium"/>
  </way>
  <way id="771036084" version="8" timestamp="2025-02-02T14:35:16Z" changeset="162049032" uid="19756269" user="RyanBush">
    <nd ref="1331167333"/>
    <nd ref="12551306229"/>
    <nd ref="26339081"/>
    <nd ref="12551306219"/>
    <nd ref="1331167372"/>
    <nd ref="12551306220"/>
    <nd ref="26339082"/>
    <nd ref="12551306221"/>
    <nd ref="26339084"/>
    <nd ref="4531748206"/>
    <nd ref="12551306222"/>
    <nd ref="26339083"/>
    <tag k="cycleway:both" v="no"/>
    <tag k="highway" v="trunk"/>
    <tag k="junction" v="roundabout"/>
    <tag k="lanes" v="1"/>
    <tag k="lit" v="yes"/>
    <tag k="maxspeed" v="60 mph"/>
    <tag k="maxspeed:type" v="GB:nsl_single"/>
    <tag k="oneway" v="yes"/>
    <tag k="ref" v="A429"/>
    <tag k="restriction" v="no_stopping"/>
    <tag k="shoulder" v="no"/>
    <tag k="sidewalk" v="left"/>
    <tag k="sidewalk:left:surface" v="asphalt"/>
    <tag k="source" v="survey"/>
    <tag k="source:maxspeed" v="survey"/>
    <tag k="surface" v="asphalt"/>
  </way>
  <way id="771036085" version="7" timestamp="2025-02-02T14:35:16Z" changeset="162049032" uid="19756269" user="RyanBush">
    <nd ref="26339077"/>
    <nd ref="26339079"/>
    <nd ref="1331167346"/>
    <nd ref="26339080"/>
    <nd ref="1331167333"/>
    <tag k="cycleway:both" v="no"/>
    <tag k="highway" v="trunk"/>
    <tag k="junction" v="roundabout"/>
    <tag k="lanes" v="1"/>
    <tag k="lit" v="yes"/>
    <tag k="maxspeed" v="60 mph"/>
    <tag k="maxspeed:type" v="GB:nsl_single"/>
    <tag k="oneway" v="yes"/>
    <tag k="ref" v="A429"/>
    <tag k="restriction" v="no_stopping"/>
    <tag k="shoulder" v="no"/>
    <tag k="sidewalk" v="no"/>
    <tag k="source" v="survey"/>
    <tag k="source:maxspeed" v="survey"/>
    <tag k="surface" v="asphalt"/>
  </way>
  <way id="771036086" version="6" timestamp="2025-02-02T14:35:16Z" changeset="162049032" uid="19756269" user="RyanBush">
    <nd ref="26339083"/>
    <nd ref="12551306223"/>
    <nd ref="26339072"/>
    <nd ref="1331167304"/>
    <nd ref="26339073"/>
    <nd ref="1331167332"/>
    <nd ref="4531748215"/>
    <tag k="cycleway:both" v="no"/>
    <tag k="highway" v="trunk"/>
    <tag k="junction" v="roundabout"/>
    <tag k="lanes" v="1"/>
    <tag k="lit" v="yes"/>
    <tag k="maxspeed" v="60 mph"/>
    <tag k="maxspeed:type" v="GB:nsl_single"/>
    <tag k="oneway" v="yes"/>
    <tag k="ref" v="A429"/>
    <tag k="restriction" v="no_stopping"/>
    <tag k="shoulder" v="no"/>
    <tag k="source" v="survey"/>
    <tag k="source:maxspeed" v="survey"/>
    <tag k="surface" v="asphalt"/>
  </way>
  <way id="771036090" version="7" timestamp="2025-02-02T14:35:16Z" changeset="162049032" uid="19756269" user="RyanBush">
    <nd ref="4531748215"/>
    <nd ref="26339074"/>
    <nd ref="12551306224"/>
    <nd ref="26339075"/>
    <nd ref="12551306225"/>
    <nd ref="26339076"/>
    <nd ref="12551306226"/>
    <nd ref="1331167335"/>
    <nd ref="4531748208"/>
    <nd ref="12468722512"/>
    <nd ref="12551306227"/>
    <nd ref="12468722513"/>
    <nd ref="12468722511"/>
    <nd ref="26339077"/>
    <tag k="cycleway:both" v="no"/>
    <tag k="highway" v="trunk"/>
    <tag k="junction" v="roundabout"/>
    <tag k="lanes" v="1"/>
    <tag k="lit" v="yes"/>
    <tag k="maxspeed" v="60 mph"/>
    <tag k="maxspeed:type" v="GB:nsl_single"/>
    <tag k="oneway" v="yes"/>
    <tag k="ref" v="A429"/>
    <tag k="restriction" v="no_stopping"/>
    <tag k="shoulder" v="no"/>
    <tag k="sidewalk" v="no"/>
    <tag k="source" v="survey"/>
    <tag k="source:maxspeed" v="survey"/>
    <tag k="surface" v="asphalt"/>
  </way>
  <way id="845743915" version="2" timestamp="2022-01-09T22:41:29Z" changeset="115960312" uid="1778799" user="SomeoneElse_Revert">
    <nd ref="7890466583"/>
    <nd ref="7890466582"/>
    <nd ref="2578263732"/>
    <nd ref="7890481600"/>
    <nd ref="7890466581"/>
    <nd ref="7890466580"/>
    <nd ref="7890466579"/>
    <nd ref="7890466578"/>
    <nd ref="7890466577"/>
    <nd ref="7890466583"/>
    <tag k="accommodation" v="yes"/>
    <tag k="amenity" v="pub"/>
    <tag k="building" v="yes"/>
    <tag k="name" v="The Fuzzy Duck"/>
    <tag k="source" v="survey"/>
    <tag k="website" v="https://www.fuzzyduckarmscote.com/"/>
  </way>
  <way id="858842346" version="2" timestamp="2023-08-16T13:44:21Z" changeset="139965729" uid="7345137" user="magrej">
    <nd ref="1598981532"/>
    <nd ref="8006083927"/>
    <nd ref="8006083929"/>
    <nd ref="8006083930"/>
    <nd ref="8006083931"/>
    <nd ref="8006083932"/>
    <nd ref="8006083948"/>
    <nd ref="8006083928"/>
    <tag k="highway" v="residential"/>
    <tag k="name" v="Mill Lane"/>
    <tag k="source" v="maxar"/>
  </way>
  <way id="862770708" version="2" timestamp="2025-08-09T17:22:07Z" changeset="170213314" uid="90943" user="chris_debian">
    <nd ref="6818190456"/>
    <nd ref="6818190442"/>
    <nd ref="6753333533"/>
    <tag k="highway" v="residential"/>
    <tag k="source" v="Maxar-Premium"/>
  </way>
  <way id="904000312" version="1" timestamp="2021-02-05T04:03:32Z" changeset="98736662" uid="9259458" user="aepunavy">
    <nd ref="452749286"/>
    <nd ref="452749289"/>
    <nd ref="570739722"/>
    <tag k="highway" v="unclassified"/>
    <tag k="name" v="Chapel Lane"/>
    <tag k="source" v="GPS"/>
  </way>
  <way id="991902446" version="1" timestamp="2021-10-11T09:50:05Z" changeset="112366499" uid="9065" user="brianboru">
    <nd ref="452746853"/>
    <nd ref="452746855"/>
    <tag k="highway" v="residential"/>
    <tag k="name" v="Hands Paddock"/>
    <tag k="source" v="GPS"/>
  </way>
  <way id="991902454" version="1" timestamp="2021-10-11T09:50:05Z" changeset="112366499" uid="9065" user="brianboru">
    <nd ref="452746871"/>
    <nd ref="452746876"/>
    <nd ref="9164520586"/>
    <tag k="highway" v="residential"/>
    <tag k="name" v="Park View Lane"/>
    <tag k="source" v="GPS"/>
  </way>
  <way id="998428088" version="1" timestamp="2021-11-02T14:25:52Z" changeset="113287358" uid="9065" user="brianboru">
    <nd ref="279311450"/>
    <nd ref="1498846292"/>
    <nd ref="1498846293"/>
    <nd ref="279311449"/>
    <nd ref="279311448"/>
    <nd ref="1673223975"/>
    <nd ref="279311447"/>
    <nd ref="1673223977"/>
    <nd ref="1673223979"/>
    <nd ref="1673223980"/>
    <nd ref="279311446"/>
    <tag k="highway" v="unclassified"/>
    <tag k="source" v="NPE;survey"/>
  </way>
  <way id="998428089" version="1" timestamp="2021-11-02T14:25:52Z" changeset="113287358" uid="9065" user="brianboru">
    <nd ref="433319032"/>
    <nd ref="323138"/>
    <tag k="highway" v="primary"/>
    <tag k="maxspeed" v="50 mph"/>
    <tag k="name" v="Stratford Road"/>
    <tag k="ref" v="A3400"/>
    <tag k="source" v="gps_survey"/>
    <tag k="source:maxspeed" v="survey"/>
  </way>
  <way id="1000646351" version="2" timestamp="2023-01-12T15:37:25Z" changeset="131194222" uid="204049" user="olehz">
    <nd ref="9236524863"/>
    <nd ref="9236524862"/>
    <nd ref="9236524861"/>
    <nd ref="9236524860"/>
    <nd ref="9236524863"/>
    <tag k="building" v="yes"/>
    <tag k="name" v="Shipston Local 11kV"/>
    <tag k="power" v="substation"/>
    <tag k="ref" v="772590"/>
    <tag k="source" v="bing"/>
    <tag k="voltage" v="11000"/>
  </way>
  <way id="1000646354" version="1" timestamp="2021-11-08T22:43:23Z" changeset="113541760" uid="9065" user="brianboru">
    <nd ref="9236524916"/>
    <nd ref="9236524915"/>
    <nd ref="9236524914"/>
    <nd ref="9236524913"/>
    <nd ref="9236524912"/>
    <nd ref="9236524916"/>
    <tag k="building" v="yes"/>
    <tag k="name" v="Blackwell Grange PV"/>
    <tag k="power" v="substation"/>
    <tag k="ref" v="779476"/>
    <tag k="source" v="bing"/>
  </way>
  <way id="1102615829" version="6" timestamp="2025-02-02T14:35:16Z" changeset="162049032" uid="19756269" user="RyanBush">
    <nd ref="25290044"/>
    <nd ref="12551306131"/>
    <nd ref="10089709493"/>
    <tag k="cycleway:both" v="no"/>
    <tag k="highway" v="trunk"/>
    <tag k="lanes" v="2"/>
    <tag k="lit" v="no"/>
    <tag k="maxspeed" v="60 mph"/>
    <tag k="maxspeed:type" v="GB:nsl_single"/>
    <tag k="name" v="Fosse Way"/>
    <tag k="ref" v="A429"/>
    <tag k="restriction" v="no_stopping"/>
    <tag k="shoulder" v="no"/>
    <tag k="sidewalk" v="no"/>
    <tag k="source" v="survey"/>
    <tag k="source:maxspeed" v="survey"/>
    <tag k="surface" v="asphalt"/>
  </way>
  <way id="1102615830" version="6" timestamp="2025-02-02T14:35:16Z" changeset="162049032" uid="19756269" user="RyanBush">
    <nd ref="10089709492"/>
    <nd ref="12551306129"/>
    <nd ref="25290044"/>
    <tag k="cycleway:both" v="no"/>
    <tag k="highway" v="trunk"/>
    <tag k="lanes" v="2"/>
    <tag k="lit" v="no"/>
    <tag k="maxspeed" v="60 mph"/>
    <tag k="maxspeed:type" v="GB:nsl_single"/>
    <tag k="name" v="Fosse Way"/>
    <tag k="ref" v="A429"/>
    <tag k="restriction" v="no_stopping"/>
    <tag k="shoulder" v="no"/>
    <tag k="sidewalk" v="no"/>
    <tag k="source" v="survey"/>
    <tag k="source:maxspeed" v="survey"/>
    <tag k="surface" v="asphalt"/>
  </way>
  <way id="1102615831" version="8" timestamp="2025-02-02T14:35:16Z" changeset="162049032" uid="19756269" user="RyanBush">
    <nd ref="12246120700"/>
    <nd ref="12551230286"/>
    <nd ref="12551230287"/>
    <nd ref="12551230288"/>
    <nd ref="1474099982"/>
    <nd ref="12551230289"/>
    <nd ref="12551230290"/>
    <nd ref="1474099983"/>
    <nd ref="12551230291"/>
    <nd ref="12551230292"/>
    <nd ref="1474099984"/>
    <nd ref="12551230295"/>
    <nd ref="1474099985"/>
    <nd ref="2476674257"/>
    <nd ref="12551230296"/>
    <nd ref="12551230297"/>
    <nd ref="12551230298"/>
    <nd ref="375482"/>
    <nd ref="12551230299"/>
    <nd ref="12551230300"/>
    <nd ref="279130453"/>
    <nd ref="12551306103"/>
    <nd ref="12551306104"/>
    <nd ref="12551306105"/>
    <nd ref="1474099988"/>
    <nd ref="12551306106"/>
    <nd ref="12551306107"/>
    <nd ref="12551306115"/>
    <nd ref="375481"/>
    <nd ref="12551306116"/>
    <nd ref="12551306117"/>
    <nd ref="1474099989"/>
    <nd ref="12551306118"/>
    <nd ref="1474099990"/>
    <nd ref="12551306119"/>
    <nd ref="12551306120"/>
    <nd ref="1474099991"/>
    <nd ref="12551306121"/>
    <nd ref="12551306122"/>
    <nd ref="12551306123"/>
    <nd ref="25290042"/>
    <nd ref="12551306124"/>
    <nd ref="12117579609"/>
    <nd ref="1474099992"/>
    <nd ref="12551306125"/>
    <nd ref="5896476744"/>
    <nd ref="12551306126"/>
    <nd ref="12551306127"/>
    <nd ref="1474099993"/>
    <nd ref="12551306128"/>
    <nd ref="386576"/>
    <nd ref="10089709492"/>
    <tag k="cycleway:both" v="no"/>
    <tag k="highway" v="trunk"/>
    <tag k="lanes" v="2"/>
    <tag k="lit" v="no"/>
    <tag k="maxspeed" v="60 mph"/>
    <tag k="maxspeed:type" v="GB:nsl_single"/>
    <tag k="name" v="Fosse Way"/>
    <tag k="ref" v="A429"/>
    <tag k="restriction" v="no_stopping"/>
    <tag k="shoulder" v="no"/>
    <tag k="sidewalk" v="no"/>
    <tag k="source" v="survey"/>
    <tag k="source:maxspeed" v="survey"/>
    <tag k="surface" v="asphalt"/>
  </way>
  <way id="1102615832" version="9" timestamp="2025-02-02T14:35:16Z" changeset="162049032" uid="19756269" user="RyanBush">
    <nd ref="2456550022"/>
    <nd ref="30247376"/>
    <nd ref="12551306130"/>
    <nd ref="12117579608"/>
    <nd ref="25290044"/>
    <tag k="cycleway:both" v="no"/>
    <tag k="highway" v="tertiary"/>
    <tag k="lanes" v="2"/>
    <tag k="maxspeed" v="60 mph"/>
    <tag k="maxspeed:type" v="GB:nsl_single"/>
    <tag k="name" v="Darlingscote Road"/>
    <tag k="sidewalk" v="no"/>
    <tag k="surface" v="asphalt"/>
  </way>
  <way id="1102615833" version="5" timestamp="2024-08-17T22:26:16Z" changeset="155391858" uid="456597" user="4004">
    <nd ref="25290044"/>
    <nd ref="12117579607"/>
    <nd ref="1474099994"/>
    <nd ref="30247797"/>
    <tag k="cycleway:both" v="no"/>
    <tag k="highway" v="unclassified"/>
    <tag k="sidewalk" v="no"/>
    <tag k="surface" v="asphalt"/>
  </way>
  <way id="1102619681" version="6" timestamp="2025-02-02T14:35:16Z" changeset="162049032" uid="19756269" user="RyanBush">
    <nd ref="1331167300"/>
    <nd ref="12551306154"/>
    <nd ref="270741592"/>
    <tag k="cycleway:both" v="no"/>
    <tag k="highway" v="trunk"/>
    <tag k="lanes" v="2"/>
    <tag k="lit" v="no"/>
    <tag k="maxspeed" v="60 mph"/>
    <tag k="maxspeed:type" v="GB:nsl_single"/>
    <tag k="name" v="Fosse Way"/>
    <tag k="ref" v="A429"/>
    <tag k="restriction" v="no_stopping"/>
    <tag k="shoulder" v="no"/>
    <tag k="sidewalk" v="no"/>
    <tag k="source" v="survey"/>
    <tag k="source:maxspeed" v="survey"/>
    <tag k="surface" v="asphalt"/>
  </way>
  <way id="1102619682" version="2" timestamp="2024-08-17T22:26:16Z" changeset="155391858" uid="456597" user="4004">
    <nd ref="7153699832"/>
    <nd ref="1609038245"/>
    <nd ref="9089447927"/>
    <nd ref="1609038351"/>
    <nd ref="1609037989"/>
    <nd ref="1609037957"/>
    <nd ref="1609038021"/>
    <nd ref="1609038008"/>
    <nd ref="1609038037"/>
    <nd ref="1609038169"/>
    <nd ref="12117579605"/>
    <nd ref="270741592"/>
    <tag k="highway" v="residential"/>
    <tag k="name" v="Armscote Road"/>
    <tag k="surface" v="asphalt"/>
  </way>
  <way id="1102619683" version="6" timestamp="2025-02-02T14:35:16Z" changeset="162049032" uid="19756269" user="RyanBush">
    <nd ref="270741592"/>
    <nd ref="386580"/>
    <nd ref="12551306155"/>
    <nd ref="1331167399"/>
    <tag k="cycleway:both" v="no"/>
    <tag k="highway" v="trunk"/>
    <tag k="lanes" v="2"/>
    <tag k="lit" v="no"/>
    <tag k="maxspeed" v="60 mph"/>
    <tag k="maxspeed:type" v="GB:nsl_single"/>
    <tag k="name" v="Fosse Way"/>
    <tag k="ref" v="A429"/>
    <tag k="restriction" v="no_stopping"/>
    <tag k="shoulder" v="no"/>
    <tag k="sidewalk" v="no"/>
    <tag k="source" v="survey"/>
    <tag k="source:maxspeed" v="survey"/>
    <tag k="surface" v="asphalt"/>
  </way>
  <way id="1102619684" version="7" timestamp="2025-02-02T14:35:16Z" changeset="162049032" uid="19756269" user="RyanBush">
    <nd ref="1331167399"/>
    <nd ref="12551306156"/>
    <nd ref="270741539"/>
    <nd ref="12551306157"/>
    <nd ref="12551306158"/>
    <nd ref="386582"/>
    <nd ref="279294604"/>
    <nd ref="12551306159"/>
    <nd ref="1331167313"/>
    <nd ref="12551306160"/>
    <nd ref="1611831587"/>
    <nd ref="12551306161"/>
    <nd ref="12551306162"/>
    <nd ref="270743976"/>
    <nd ref="12551306163"/>
    <nd ref="1331167378"/>
    <nd ref="12551306164"/>
    <nd ref="270743977"/>
    <nd ref="12551306165"/>
    <nd ref="1331167363"/>
    <nd ref="12551306166"/>
    <nd ref="386584"/>
    <nd ref="12551306167"/>
    <nd ref="1331167334"/>
    <nd ref="26339085"/>
    <nd ref="1331167375"/>
    <nd ref="12551306168"/>
    <nd ref="4531748213"/>
    <tag k="cycleway:both" v="no"/>
    <tag k="highway" v="trunk"/>
    <tag k="lanes" v="2"/>
    <tag k="lit" v="no"/>
    <tag k="maxspeed" v="60 mph"/>
    <tag k="maxspeed:type" v="GB:nsl_single"/>
    <tag k="name" v="Fosse Way"/>
    <tag k="ref" v="A429"/>
    <tag k="restriction" v="no_stopping"/>
    <tag k="shoulder" v="no"/>
    <tag k="sidewalk" v="no"/>
    <tag k="source" v="survey"/>
    <tag k="source:maxspeed" v="survey"/>
    <tag k="surface" v="asphalt"/>
  </way>
  <way id="1125229038" version="5" timestamp="2025-02-02T14:35:16Z" changeset="162049032" uid="19756269" user="RyanBush">
    <nd ref="4531748213"/>
    <nd ref="12551306169"/>
    <nd ref="4531748209"/>
    <nd ref="12551306212"/>
    <nd ref="4531748207"/>
    <nd ref="12551306213"/>
    <nd ref="4531748211"/>
    <nd ref="4531748204"/>
    <nd ref="4531748210"/>
    <nd ref="4531748214"/>
    <tag k="cycleway:both" v="no"/>
    <tag k="highway" v="trunk"/>
    <tag k="lanes" v="2"/>
    <tag k="lit" v="yes"/>
    <tag k="maxspeed" v="60 mph"/>
    <tag k="maxspeed:type" v="GB:nsl_single"/>
    <tag k="name" v="Fosse Way"/>
    <tag k="ref" v="A429"/>
    <tag k="restriction" v="no_stopping"/>
    <tag k="shoulder" v="no"/>
    <tag k="sidewalk" v="no"/>
    <tag k="source" v="survey"/>
    <tag k="source:maxspeed" v="survey"/>
    <tag k="surface" v="asphalt"/>
  </way>
  <way id="1161125662" version="5" timestamp="2025-02-02T14:35:16Z" changeset="162049032" uid="19756269" user="RyanBush">
    <nd ref="386589"/>
    <nd ref="12551306255"/>
    <nd ref="1331167318"/>
    <tag k="cycleway:both" v="no"/>
    <tag k="highway" v="trunk"/>
    <tag k="lanes" v="2"/>
    <tag k="lit" v="no"/>
    <tag k="maxspeed" v="60 mph"/>
    <tag k="maxspeed:type" v="GB:nsl_single"/>
    <tag k="ref" v="A429"/>
    <tag k="restriction" v="no_stopping"/>
    <tag k="shoulder" v="no"/>
    <tag k="sidewalk" v="no"/>
    <tag k="source" v="survey"/>
    <tag k="source:maxspeed" v="survey"/>
    <tag k="surface" v="asphalt"/>
  </way>
  <way id="1351223030" version="1" timestamp="2025-01-14T14:51:12Z" changeset="161348182" uid="165" user="Richard">
    <nd ref="1609213228"/>
    <nd ref="1609213154"/>
    <nd ref="1609213132"/>
    <nd ref="1609213193"/>
    <nd ref="1609213157"/>
    <nd ref="1609213233"/>
    <nd ref="1609213151"/>
    <nd ref="1609213256"/>
    <nd ref="1609213131"/>
    <nd ref="1609213202"/>
    <nd ref="1609213149"/>
    <nd ref="1609213177"/>
    <nd ref="1609213208"/>
    <nd ref="1609213222"/>
    <nd ref="1609213236"/>
    <nd ref="1609213140"/>
    <nd ref="1609213209"/>
    <nd ref="1609213227"/>
    <nd ref="1609213231"/>
    <nd ref="1609213153"/>
    <nd ref="1609213238"/>
    <nd ref="279129317"/>
    <tag k="access" v="yes"/>
    <tag k="highway" v="unclassified"/>
    <tag k="name" v="Berryfields Lane"/>
    <tag k="note" v="cased on OSSV"/>
    <tag k="source:name" v="os_opendata_locator"/>
  </way>
  <way id="1365780039" version="1" timestamp="2025-03-09T17:03:25Z" changeset="163409718" uid="493595" user="Yorvik Prestigitator">
    <nd ref="12647985348"/>
    <nd ref="12647985347"/>
    <nd ref="12647985349"/>
    <tag k="highway" v="residential"/>
  </way>

</osm>
