<?xml version="1.0" encoding="UTF-8"?>
<osm version="0.6" generator="Overpass API 0.7.62.8 e802775f">
<note>The data included in this document is from www.openstreetmap.org. The data is made available under ODbL.</note>
<meta osm_base="2025-12-17T13:10:58Z" areas="2025-12-17T10:32:22Z"/>

  <node id="27567802" lat="52.6717092" lon="-1.3957718" version="1" timestamp="2007-04-24T02:18:02Z" changeset="24270" uid="4903" user="Damocov">
    <tag k="created_by" v="JOSM"/>
  </node>
  <node id="102198037" lat="52.6990121" lon="-1.4015347" version="2" timestamp="2007-11-08T09:19:27Z" changeset="440429" uid="165" user="Richard"/>
  <node id="251071865" lat="52.6921164" lon="-1.3994765" version="4" timestamp="2020-09-23T16:00:29Z" changeset="91379112" uid="705850" user="Cebderby">
    <tag k="direction" v="clockwise"/>
    <tag k="highway" v="mini_roundabout"/>
  </node>
  <node id="251071904" lat="52.6983246" lon="-1.3866575" version="4" timestamp="2014-12-06T13:18:51Z" changeset="27289653" uid="600015" user="CartogLarry"/>
  <node id="251071915" lat="52.6992391" lon="-1.3673561" version="6" timestamp="2016-08-20T00:38:55Z" changeset="41568113" uid="493595" user="Yorvik Prestigitator">
    <tag k="direction" v="clockwise"/>
    <tag k="highway" v="mini_roundabout"/>
  </node>
  <node id="255238190" lat="52.6905792" lon="-1.3432139" version="2" timestamp="2020-05-25T11:53:00Z" changeset="85716194" uid="705850" user="Cebderby"/>
  <node id="255719612" lat="52.6810398" lon="-1.3604778" version="2" timestamp="2017-07-29T08:14:02Z" changeset="50666301" uid="735" user="blackadder"/>
  <node id="409555604" lat="52.6729808" lon="-1.3979613" version="1" timestamp="2009-05-22T11:59:26Z" changeset="1284819" uid="83322" user="Neil Dixon"/>
  <node id="1920275478" lat="52.6925759" lon="-1.4092016" version="2" timestamp="2019-09-29T00:43:25Z" changeset="75051228" uid="705850" user="Cebderby"/>
  <node id="3043330915" lat="52.6865822" lon="-1.3529106" version="1" timestamp="2014-08-26T11:59:13Z" changeset="25024746" uid="1440778" user="ward309">
    <tag k="building" v="industrial"/>
    <tag k="name" v="Pall-Ex"/>
  </node>
  <node id="5001187443" lat="52.6852913" lon="-1.3532109" version="2" timestamp="2025-09-23T16:24:40Z" changeset="172353054" uid="12667" user="Curran1980"/>
  <node id="5001187448" lat="52.6852577" lon="-1.3536964" version="2" timestamp="2025-09-23T16:24:40Z" changeset="172353054" uid="12667" user="Curran1980"/>
  <node id="6833522623" lat="52.6895613" lon="-1.4118275" version="2" timestamp="2020-09-23T16:00:29Z" changeset="91379112" uid="705850" user="Cebderby"/>
  <node id="7556058355" lat="52.6902080" lon="-1.3432315" version="1" timestamp="2020-05-25T11:53:00Z" changeset="85716194" uid="705850" user="Cebderby"/>
  <node id="7556059209" lat="52.6904855" lon="-1.3437095" version="1" timestamp="2020-05-25T11:53:00Z" changeset="85716194" uid="705850" user="Cebderby"/>
  <way id="11477583" version="30" timestamp="2025-08-01T14:47:23Z" changeset="169822359" uid="10782281" user="jaxNT">
    <nd ref="1313884094"/>
    <nd ref="27567835"/>
    <nd ref="1825137545"/>
    <nd ref="6694735146"/>
    <nd ref="843118962"/>
    <nd ref="7934983830"/>
    <nd ref="7569561439"/>
    <nd ref="102237599"/>
    <nd ref="1171861963"/>
    <nd ref="7569561441"/>
    <nd ref="27567837"/>
    <nd ref="8074130652"/>
    <nd ref="27567838"/>
    <nd ref="27567839"/>
    <nd ref="1171878887"/>
    <nd ref="27567840"/>
    <nd ref="7934983838"/>
    <nd ref="1899781279"/>
    <nd ref="7144614799"/>
    <nd ref="1171878838"/>
    <nd ref="27567841"/>
    <nd ref="6738458490"/>
    <nd ref="27567842"/>
    <nd ref="7934983861"/>
    <nd ref="1171852120"/>
    <nd ref="27567843"/>
    <nd ref="7976689467"/>
    <nd ref="7976689464"/>
    <nd ref="8024601527"/>
    <nd ref="4418893141"/>
    <nd ref="27567844"/>
    <nd ref="4385103837"/>
    <nd ref="1171861965"/>
    <nd ref="27567846"/>
    <nd ref="7163145189"/>
    <nd ref="27567847"/>
    <nd ref="1171905817"/>
    <nd ref="1171881604"/>
    <nd ref="6738418645"/>
    <nd ref="7301474013"/>
    <nd ref="7301474012"/>
    <nd ref="251071843"/>
    <nd ref="27567849"/>
    <nd ref="251071838"/>
    <nd ref="7934983841"/>
    <nd ref="27567850"/>
    <nd ref="7934983853"/>
    <nd ref="27567852"/>
    <nd ref="27567853"/>
    <nd ref="27567855"/>
    <nd ref="27567856"/>
    <nd ref="6314410186"/>
    <nd ref="102197760"/>
    <nd ref="102198030"/>
    <nd ref="102198031"/>
    <tag k="highway" v="primary"/>
    <tag k="lanes" v="2"/>
    <tag k="maxspeed" v="30 mph"/>
    <tag k="name" v="Melbourne Road"/>
    <tag k="ref" v="A447"/>
    <tag k="source:maxspeed" v="survey"/>
    <tag k="surface" v="asphalt"/>
  </way>
  <way id="11479511" version="19" timestamp="2025-08-01T14:47:22Z" changeset="169822358" uid="10782281" user="jaxNT">
    <nd ref="102237975"/>
    <nd ref="7569561443"/>
    <nd ref="7325410936"/>
    <nd ref="102237976"/>
    <nd ref="7569561462"/>
    <nd ref="102237978"/>
    <nd ref="7569561481"/>
    <nd ref="7569561480"/>
    <nd ref="1171879003"/>
    <tag k="highway" v="tertiary"/>
    <tag k="name" v="Station Road"/>
    <tag k="source" v="NaPTAN"/>
    <tag k="surface" v="asphalt"/>
  </way>
  <way id="23211269" version="20" timestamp="2019-02-02T19:43:30Z" changeset="66863350" uid="1680091" user="CrimsonCaribou">
    <nd ref="251071843"/>
    <nd ref="251071840"/>
    <nd ref="251071841"/>
    <nd ref="251071862"/>
    <nd ref="3244775804"/>
    <nd ref="251071863"/>
    <nd ref="251071864"/>
    <nd ref="251071865"/>
    <tag k="highway" v="tertiary"/>
    <tag k="name" v="Ashby Road"/>
    <tag k="source:name" v="NaPTAN"/>
  </way>
  <way id="23567817" version="19" timestamp="2024-05-10T13:21:07Z" changeset="151146439" uid="1888163" user="RattusMaximus">
    <nd ref="7556058355"/>
    <nd ref="7556058354"/>
    <nd ref="255238173"/>
    <nd ref="255417238"/>
    <nd ref="255417239"/>
    <nd ref="255417240"/>
    <nd ref="255417241"/>
    <nd ref="255417242"/>
    <nd ref="255417243"/>
    <nd ref="4745831643"/>
    <nd ref="2039850121"/>
    <nd ref="255417244"/>
    <nd ref="255417245"/>
    <nd ref="255417246"/>
    <nd ref="255417247"/>
    <nd ref="255417248"/>
    <nd ref="255417249"/>
    <nd ref="4746820446"/>
    <nd ref="255417250"/>
    <nd ref="255417251"/>
    <nd ref="2039850203"/>
    <nd ref="255417252"/>
    <tag k="highway" v="tertiary"/>
    <tag k="name" v="Stanton Lane"/>
  </way>
  <way id="23567819" version="9" timestamp="2012-10-30T10:46:21Z" changeset="13684938" uid="188349" user="MatSmith">
    <nd ref="255238192"/>
    <nd ref="255238193"/>
    <nd ref="255238223"/>
    <nd ref="640365874"/>
    <nd ref="255238224"/>
    <nd ref="255238225"/>
    <nd ref="255238226"/>
    <nd ref="255238227"/>
    <nd ref="255238228"/>
    <nd ref="255238229"/>
    <nd ref="255238221"/>
    <tag k="highway" v="secondary"/>
    <tag k="name" v="Victoria Road"/>
    <tag k="ref" v="B585"/>
  </way>
  <way id="23567820" version="7" timestamp="2021-03-24T22:01:47Z" changeset="101676070" uid="24119" user="Mauls">
    <nd ref="255238203"/>
    <nd ref="255238192"/>
    <tag k="bridge" v="yes"/>
    <tag k="bridge:name" v="Ellis Town Bridge"/>
    <tag k="bridge:ref" v="35"/>
    <tag k="highway" v="secondary"/>
    <tag k="layer" v="1"/>
    <tag k="ref" v="B585"/>
  </way>
  <way id="23567824" version="23" timestamp="2025-04-05T19:25:40Z" changeset="164565528" uid="18492077" user="redwoods">
    <nd ref="251071915"/>
    <nd ref="251071916"/>
    <nd ref="4035093491"/>
    <nd ref="4358165696"/>
    <nd ref="255238262"/>
    <nd ref="11569228409"/>
    <nd ref="6507947111"/>
    <nd ref="255238261"/>
    <nd ref="6907917873"/>
    <nd ref="8032163771"/>
    <nd ref="1171931471"/>
    <nd ref="6871110215"/>
    <nd ref="255238255"/>
    <nd ref="4418072303"/>
    <nd ref="12731800372"/>
    <nd ref="1171945260"/>
    <nd ref="255238253"/>
    <nd ref="6871110217"/>
    <nd ref="255238252"/>
    <nd ref="1171945258"/>
    <nd ref="1171931549"/>
    <nd ref="255238250"/>
    <nd ref="255238249"/>
    <tag k="highway" v="tertiary"/>
    <tag k="name" v="Whitehill Road"/>
    <tag k="source:name" v="NaPTAN"/>
  </way>
  <way id="27315910" version="13" timestamp="2025-09-23T16:24:40Z" changeset="172353054" uid="12667" user="Curran1980">
    <nd ref="5001187443"/>
    <nd ref="640383092"/>
    <nd ref="5001187449"/>
    <nd ref="299834120"/>
    <nd ref="640383097"/>
    <nd ref="2004080120"/>
    <nd ref="640406010"/>
    <nd ref="640374142"/>
    <nd ref="2004080102"/>
    <nd ref="9773151549"/>
    <nd ref="2004080036"/>
    <nd ref="2004080255"/>
    <tag k="highway" v="tertiary"/>
    <tag k="name" v="Station Road"/>
  </way>
  <way id="34912450" version="9" timestamp="2019-12-27T06:32:18Z" changeset="78911027" uid="9902286" user="di5order">
    <nd ref="409555604"/>
    <nd ref="4228889380"/>
    <nd ref="4228889689"/>
    <nd ref="409555605"/>
    <nd ref="4228889690"/>
    <nd ref="4228889381"/>
    <nd ref="4228889692"/>
    <nd ref="4228889382"/>
    <nd ref="441125522"/>
    <nd ref="409555606"/>
    <nd ref="1960066115"/>
    <nd ref="1960069871"/>
    <nd ref="4228889691"/>
    <nd ref="409555607"/>
    <nd ref="4228889383"/>
    <nd ref="409555608"/>
    <nd ref="4228889384"/>
    <nd ref="409555609"/>
    <nd ref="4228889385"/>
    <nd ref="409555610"/>
    <nd ref="4228889386"/>
    <nd ref="409555611"/>
    <nd ref="4228889387"/>
    <nd ref="4228889388"/>
    <nd ref="6495258390"/>
    <nd ref="2004456386"/>
    <nd ref="415005003"/>
    <nd ref="409555612"/>
    <nd ref="2004456390"/>
    <nd ref="409555613"/>
    <nd ref="1892923063"/>
    <nd ref="7087544033"/>
    <nd ref="315802094"/>
    <tag k="highway" v="unclassified"/>
  </way>
  <way id="35390605" version="5" timestamp="2020-10-10T13:22:32Z" changeset="92275605" uid="9259458" user="aepunavy">
    <nd ref="409555604"/>
    <nd ref="415005004"/>
    <nd ref="415005005"/>
    <nd ref="7397093710"/>
    <nd ref="415005006"/>
    <nd ref="415005007"/>
    <nd ref="415005008"/>
    <nd ref="415005009"/>
    <nd ref="415005010"/>
    <nd ref="415005011"/>
    <nd ref="7994947577"/>
    <nd ref="415005012"/>
    <nd ref="415005013"/>
    <nd ref="415005014"/>
    <nd ref="415005015"/>
    <nd ref="7588333381"/>
    <nd ref="415005016"/>
    <nd ref="415005017"/>
    <nd ref="415005018"/>
    <nd ref="415005019"/>
    <nd ref="415005020"/>
    <nd ref="415005021"/>
    <nd ref="415005022"/>
    <nd ref="415005023"/>
    <nd ref="415005024"/>
    <nd ref="415005025"/>
    <nd ref="415005026"/>
    <tag k="highway" v="unclassified"/>
    <tag k="name" v="Overton Road"/>
    <tag k="source:name" v="OS OpenData StreetView"/>
  </way>
  <way id="35390709" version="4" timestamp="2020-10-19T08:21:41Z" changeset="92691190" uid="10252557" user="anuvashi">
    <nd ref="415005026"/>
    <nd ref="1171853754"/>
    <nd ref="1171853755"/>
    <nd ref="1171853756"/>
    <nd ref="1171853758"/>
    <nd ref="1171853760"/>
    <nd ref="1171853762"/>
    <nd ref="8021253014"/>
    <nd ref="1171853764"/>
    <nd ref="1171853765"/>
    <nd ref="1171853766"/>
    <nd ref="1171849238"/>
    <tag k="highway" v="unclassified"/>
    <tag k="name" v="Overton Road"/>
    <tag k="source:name" v="OS OpenData StreetView"/>
  </way>
  <way id="35390711" version="12" timestamp="2024-02-10T08:49:24Z" changeset="147284401" uid="20086345" user="donq1986b">
    <nd ref="255719612"/>
    <nd ref="5001187829"/>
    <nd ref="255719613"/>
    <nd ref="5001187830"/>
    <nd ref="255719614"/>
    <nd ref="5001187831"/>
    <nd ref="255719615"/>
    <nd ref="441129399"/>
    <nd ref="255719616"/>
    <nd ref="2867194200"/>
    <nd ref="255719617"/>
    <nd ref="441129400"/>
    <nd ref="255719618"/>
    <nd ref="5501265829"/>
    <nd ref="255719619"/>
    <nd ref="5501265830"/>
    <nd ref="11379809811"/>
    <nd ref="255719620"/>
    <nd ref="255719621"/>
    <nd ref="8025904187"/>
    <nd ref="255719622"/>
    <nd ref="8025885824"/>
    <nd ref="6880654688"/>
    <nd ref="11379809798"/>
    <nd ref="4749507239"/>
    <nd ref="255719623"/>
    <nd ref="255719624"/>
    <nd ref="8025885879"/>
    <nd ref="255719625"/>
    <nd ref="255719626"/>
    <nd ref="8025885807"/>
    <nd ref="255719627"/>
    <nd ref="255719628"/>
    <nd ref="255719629"/>
    <nd ref="251550862"/>
    <nd ref="11379809842"/>
    <nd ref="251550863"/>
    <tag k="cycleway:both" v="no"/>
    <tag k="highway" v="secondary"/>
    <tag k="name" v="Wood Road"/>
    <tag k="ref" v="B585"/>
    <tag k="surface" v="asphalt"/>
  </way>
  <way id="35390712" version="4" timestamp="2017-07-29T08:14:06Z" changeset="50666301" uid="735" user="blackadder">
    <nd ref="5001187448"/>
    <nd ref="255719607"/>
    <nd ref="5001187440"/>
    <nd ref="5001187441"/>
    <nd ref="5001187442"/>
    <nd ref="255719608"/>
    <nd ref="255719609"/>
    <nd ref="5001187439"/>
    <nd ref="5001187438"/>
    <nd ref="255719610"/>
    <nd ref="5001187435"/>
    <nd ref="5001187436"/>
    <nd ref="5001187437"/>
    <nd ref="255719611"/>
    <nd ref="255719612"/>
    <tag k="highway" v="secondary"/>
    <tag k="name" v="Wood Road"/>
    <tag k="ref" v="B585"/>
  </way>
  <way id="50402378" version="3" timestamp="2013-01-02T16:06:06Z" changeset="14501767" uid="172180" user="AMB">
    <nd ref="640365874"/>
    <nd ref="640365880"/>
    <tag k="highway" v="residential"/>
  </way>
  <way id="50405472" version="3" timestamp="2017-03-20T21:26:25Z" changeset="47024545" uid="4215039" user="Stan W">
    <nd ref="255238221"/>
    <nd ref="4745817167"/>
    <nd ref="4745817165"/>
    <nd ref="255719606"/>
    <tag k="highway" v="secondary"/>
    <tag k="name" v="Station Road"/>
    <tag k="ref" v="B585"/>
  </way>
  <way id="65531160" version="8" timestamp="2025-02-27T13:14:29Z" changeset="163012070" uid="508" user="Welshie">
    <nd ref="251071904"/>
    <nd ref="7956461082"/>
    <nd ref="3566373286"/>
    <nd ref="8077270486"/>
    <nd ref="799546232"/>
    <nd ref="799546237"/>
    <nd ref="799546240"/>
    <nd ref="799546245"/>
    <nd ref="799546250"/>
    <nd ref="799546272"/>
    <nd ref="799546276"/>
    <nd ref="799546281"/>
    <nd ref="3566373292"/>
    <nd ref="799546284"/>
    <nd ref="799546288"/>
    <nd ref="799546291"/>
    <nd ref="1925241368"/>
    <nd ref="799546294"/>
    <nd ref="12623263482"/>
    <nd ref="1925246028"/>
    <tag k="highway" v="unclassified"/>
    <tag k="name" v="Richmond Road"/>
  </way>
  <way id="101493299" version="9" timestamp="2020-09-23T16:00:29Z" changeset="91379112" uid="705850" user="Cebderby">
    <nd ref="1171849219"/>
    <nd ref="1171849220"/>
    <nd ref="5325916048"/>
    <nd ref="1171849221"/>
    <nd ref="5325916036"/>
    <nd ref="1171849222"/>
    <nd ref="1171865791"/>
    <nd ref="1171865709"/>
    <nd ref="1171849223"/>
    <nd ref="4418893147"/>
    <nd ref="1171849224"/>
    <nd ref="1171849225"/>
    <nd ref="1171849226"/>
    <nd ref="1171861885"/>
    <nd ref="1171849227"/>
    <nd ref="1171849228"/>
    <nd ref="1171849229"/>
    <nd ref="1171849230"/>
    <nd ref="6524125565"/>
    <nd ref="1899781296"/>
    <nd ref="1171849231"/>
    <nd ref="1171849232"/>
    <nd ref="1171849233"/>
    <nd ref="1171849234"/>
    <nd ref="1171849235"/>
    <nd ref="1171849236"/>
    <nd ref="1171849237"/>
    <nd ref="1171849238"/>
    <nd ref="1171849239"/>
    <nd ref="1958626209"/>
    <nd ref="1171849240"/>
    <nd ref="7934983856"/>
    <nd ref="27567835"/>
    <tag k="highway" v="residential"/>
    <tag k="name" v="High Street"/>
  </way>
  <way id="101493506" version="7" timestamp="2021-11-21T19:57:18Z" changeset="114071299" uid="8829660" user="MinerMax555">
    <nd ref="1171852081"/>
    <nd ref="1171852082"/>
    <nd ref="1171852084"/>
    <nd ref="1942664305"/>
    <nd ref="1171852086"/>
    <nd ref="1171852087"/>
    <nd ref="1171852089"/>
    <nd ref="1171852091"/>
    <nd ref="1171852092"/>
    <nd ref="1171852094"/>
    <nd ref="1942662916"/>
    <nd ref="1171852095"/>
    <nd ref="1171852096"/>
    <nd ref="6694888127"/>
    <nd ref="6694888124"/>
    <nd ref="6694888118"/>
    <nd ref="1171852097"/>
    <nd ref="1942666047"/>
    <nd ref="1171852098"/>
    <nd ref="9272977592"/>
    <nd ref="1171852099"/>
    <nd ref="1891153908"/>
    <nd ref="1171852100"/>
    <tag k="highway" v="residential"/>
    <tag k="name" v="Pretoria Road"/>
  </way>
  <way id="101493507" version="11" timestamp="2021-06-16T11:27:02Z" changeset="106463032" uid="10205154" user="mundlk">
    <nd ref="1171849219"/>
    <nd ref="1171852104"/>
    <nd ref="6694887646"/>
    <nd ref="5325916033"/>
    <nd ref="1171852106"/>
    <nd ref="6694887658"/>
    <nd ref="5325706506"/>
    <nd ref="6867704618"/>
    <nd ref="5325707973"/>
    <nd ref="1171852108"/>
    <nd ref="4418048343"/>
    <nd ref="8838548628"/>
    <nd ref="1171861986"/>
    <nd ref="5325707993"/>
    <nd ref="3448577222"/>
    <nd ref="1171871334"/>
    <nd ref="5325706503"/>
    <nd ref="5325707995"/>
    <nd ref="251071865"/>
    <tag k="highway" v="residential"/>
    <tag k="name" v="Chapel Street"/>
  </way>
  <way id="101493508" version="3" timestamp="2020-10-05T10:50:29Z" changeset="91979676" uid="705850" user="Cebderby">
    <nd ref="1171849227"/>
    <nd ref="1171852115"/>
    <nd ref="1171852116"/>
    <nd ref="1171852118"/>
    <nd ref="1171852119"/>
    <nd ref="7934983881"/>
    <nd ref="7976689456"/>
    <nd ref="1171852120"/>
    <tag k="highway" v="residential"/>
    <tag k="name" v="Gladstone Street"/>
    <tag k="oneway" v="yes"/>
  </way>
  <way id="101493509" version="2" timestamp="2020-09-23T16:00:29Z" changeset="91379112" uid="705850" user="Cebderby">
    <nd ref="1171852116"/>
    <nd ref="1171852124"/>
    <nd ref="1171852123"/>
    <nd ref="1171852122"/>
    <nd ref="1171852121"/>
    <tag k="highway" v="residential"/>
    <tag k="name" v="Bernard Close"/>
  </way>
  <way id="101493510" version="2" timestamp="2020-09-23T16:00:29Z" changeset="91379112" uid="705850" user="Cebderby">
    <nd ref="1171852126"/>
    <nd ref="7934983854"/>
    <nd ref="1171852128"/>
    <nd ref="1171852130"/>
    <nd ref="1171849239"/>
    <tag k="highway" v="residential"/>
    <tag k="name" v="Hall Street"/>
  </way>
  <way id="101493511" version="8" timestamp="2020-09-23T16:00:29Z" changeset="91379112" uid="705850" user="Cebderby">
    <nd ref="1171852100"/>
    <nd ref="1171852140"/>
    <nd ref="6867704623"/>
    <nd ref="4418048609"/>
    <nd ref="6867704628"/>
    <nd ref="1171852141"/>
    <nd ref="1891180816"/>
    <nd ref="1171852143"/>
    <nd ref="6694887634"/>
    <nd ref="6694887632"/>
    <nd ref="7934983840"/>
    <nd ref="6694887630"/>
    <nd ref="6694887628"/>
    <nd ref="1171852144"/>
    <nd ref="1171852145"/>
    <nd ref="6694887635"/>
    <nd ref="1171849219"/>
    <tag k="highway" v="residential"/>
    <tag k="name" v="Curzon Street"/>
  </way>
  <way id="101494444" version="1" timestamp="2011-02-25T09:38:19Z" changeset="7388762" uid="353053" user="Spant">
    <nd ref="1171861753"/>
    <nd ref="1171861754"/>
    <nd ref="1171861755"/>
    <nd ref="1171861757"/>
    <tag k="highway" v="residential"/>
    <tag k="name" v="Brick Kiln Lane"/>
  </way>
  <way id="101494445" version="2" timestamp="2013-08-05T14:04:21Z" changeset="17228602" uid="1383062" user="Chris Filip">
    <nd ref="1171861771"/>
    <nd ref="1171861772"/>
    <nd ref="1171861773"/>
    <nd ref="1171861775"/>
    <nd ref="1171861753"/>
    <nd ref="1171861776"/>
    <tag k="highway" v="residential"/>
    <tag k="name" v="Dryer Close"/>
    <tag k="source:name" v="OS OpenData Locator"/>
  </way>
  <way id="101494446" version="2" timestamp="2020-09-23T16:00:29Z" changeset="91379112" uid="705850" user="Cebderby">
    <nd ref="1171861777"/>
    <nd ref="7934983880"/>
    <nd ref="1171861780"/>
    <nd ref="1171861782"/>
    <tag k="highway" v="residential"/>
    <tag k="name" v="Garden Lane"/>
  </way>
  <way id="101494447" version="4" timestamp="2020-09-26T11:23:31Z" changeset="91547820" uid="10455632" user="depsm">
    <nd ref="7934983826"/>
    <nd ref="1171861789"/>
    <nd ref="1171861793"/>
    <nd ref="1171861777"/>
    <nd ref="1171861795"/>
    <nd ref="1171861798"/>
    <nd ref="1171861799"/>
    <nd ref="7944607894"/>
    <nd ref="1171861800"/>
    <tag k="highway" v="residential"/>
    <tag k="name" v="Water Meadow Way"/>
    <tag k="source:name" v="OS OpenData Locator"/>
  </way>
  <way id="101494448" version="4" timestamp="2019-08-08T13:33:45Z" changeset="73155817" uid="660655" user="Chris Hills">
    <nd ref="1171861804"/>
    <nd ref="1171861806"/>
    <nd ref="6694861952"/>
    <nd ref="6694861951"/>
    <nd ref="1171865803"/>
    <nd ref="1171861808"/>
    <nd ref="1171865805"/>
    <nd ref="1171861811"/>
    <nd ref="1171865807"/>
    <nd ref="1171861814"/>
    <nd ref="1171861817"/>
    <nd ref="1171861820"/>
    <nd ref="1171861799"/>
    <tag k="highway" v="residential"/>
    <tag k="name" v="Douglas Drive"/>
    <tag k="source:name" v="OS OpenData Locator"/>
  </way>
  <way id="101494449" version="1" timestamp="2011-02-25T09:38:22Z" changeset="7388762" uid="353053" user="Spant">
    <nd ref="1171861840"/>
    <nd ref="1171861851"/>
    <nd ref="1171861853"/>
    <nd ref="1171861856"/>
    <nd ref="1171861857"/>
    <tag k="highway" v="residential"/>
  </way>
  <way id="101494450" version="1" timestamp="2011-02-25T09:38:23Z" changeset="7388762" uid="353053" user="Spant">
    <nd ref="1171861859"/>
    <nd ref="1171861860"/>
    <nd ref="1171861862"/>
    <nd ref="1171861864"/>
    <nd ref="1171861866"/>
    <tag k="highway" v="residential"/>
    <tag k="name" v="West Walk"/>
  </way>
  <way id="101494451" version="2" timestamp="2016-12-24T16:13:53Z" changeset="44647790" uid="600015" user="CartogLarry">
    <nd ref="1171861874"/>
    <nd ref="1171861876"/>
    <nd ref="1171861782"/>
    <nd ref="1171861880"/>
    <nd ref="1171861883"/>
    <nd ref="1171861884"/>
    <nd ref="1171861885"/>
    <tag k="highway" v="residential"/>
    <tag k="name" v="Legion Drive"/>
  </way>
  <way id="101494452" version="1" timestamp="2011-02-25T09:38:23Z" changeset="7388762" uid="353053" user="Spant">
    <nd ref="1171861895"/>
    <nd ref="1171861898"/>
    <nd ref="1171861876"/>
    <tag k="highway" v="residential"/>
    <tag k="name" v="Thomas Street"/>
  </way>
  <way id="101494453" version="1" timestamp="2011-02-25T09:38:24Z" changeset="7388762" uid="353053" user="Spant">
    <nd ref="1171861905"/>
    <nd ref="1171861757"/>
    <nd ref="1171861907"/>
    <nd ref="1171861874"/>
    <nd ref="1171861909"/>
    <tag k="highway" v="residential"/>
    <tag k="name" v="Hextall Drive"/>
  </way>
  <way id="101494454" version="3" timestamp="2020-08-06T12:23:50Z" changeset="89038670" uid="10126622" user="hvannere">
    <nd ref="1171861918"/>
    <nd ref="6694735437"/>
    <nd ref="6694735435"/>
    <nd ref="1171861927"/>
    <nd ref="1171861928"/>
    <nd ref="1171861930"/>
    <nd ref="6694735288"/>
    <nd ref="6694735423"/>
    <nd ref="6694735421"/>
    <nd ref="1171861936"/>
    <nd ref="7791514165"/>
    <nd ref="6694735407"/>
    <nd ref="1171861939"/>
    <tag k="highway" v="residential"/>
    <tag k="name" v="Sunnyside"/>
  </way>
  <way id="101494455" version="1" timestamp="2011-02-25T09:38:25Z" changeset="7388762" uid="353053" user="Spant">
    <nd ref="1171861947"/>
    <nd ref="1171861936"/>
    <tag k="highway" v="residential"/>
  </way>
  <way id="101494456" version="2" timestamp="2020-05-29T12:50:36Z" changeset="85947729" uid="705850" user="Cebderby">
    <nd ref="102237975"/>
    <nd ref="1171861962"/>
    <nd ref="1171861963"/>
    <tag k="highway" v="tertiary"/>
    <tag k="name" v="Station Road"/>
    <tag k="oneway" v="yes"/>
  </way>
  <way id="101494457" version="3" timestamp="2020-10-05T10:50:29Z" changeset="91979676" uid="705850" user="Cebderby">
    <nd ref="1171861965"/>
    <nd ref="7976689449"/>
    <nd ref="7976748998"/>
    <nd ref="1171861966"/>
    <nd ref="1171861968"/>
    <nd ref="1171861840"/>
    <nd ref="1171861866"/>
    <nd ref="1171861857"/>
    <nd ref="1171861972"/>
    <nd ref="7279054825"/>
    <nd ref="1171861976"/>
    <nd ref="1171861979"/>
    <nd ref="1171861982"/>
    <nd ref="1171861986"/>
    <tag k="highway" v="residential"/>
    <tag k="name" v="Central Avenue"/>
  </way>
  <way id="101494458" version="3" timestamp="2023-06-16T20:30:52Z" changeset="137428111" uid="1888163" user="RattusMaximus">
    <nd ref="1171861853"/>
    <nd ref="1171861998"/>
    <nd ref="7279054827"/>
    <tag k="highway" v="residential"/>
    <tag k="name" v="East Walk"/>
  </way>
  <way id="101494462" version="3" timestamp="2020-05-29T12:50:36Z" changeset="85947729" uid="705850" user="Cebderby">
    <nd ref="1171862046"/>
    <nd ref="6694735232"/>
    <nd ref="6694735230"/>
    <nd ref="6694735228"/>
    <nd ref="6694735243"/>
    <nd ref="6694735245"/>
    <nd ref="6694735247"/>
    <nd ref="1171861939"/>
    <nd ref="6694735255"/>
    <nd ref="6694735257"/>
    <nd ref="1171862060"/>
    <nd ref="6694735302"/>
    <nd ref="6694735337"/>
    <nd ref="6694735343"/>
    <nd ref="6694735349"/>
    <nd ref="6694735355"/>
    <nd ref="7569561440"/>
    <nd ref="843118962"/>
    <tag k="highway" v="residential"/>
    <tag k="name" v="Church View"/>
  </way>
  <way id="101494579" version="2" timestamp="2019-08-08T13:33:45Z" changeset="73155817" uid="660655" user="Chris Hills">
    <nd ref="1171865709"/>
    <nd ref="1171865713"/>
    <nd ref="1171865717"/>
    <nd ref="6694861938"/>
    <nd ref="1171865720"/>
    <nd ref="1171861804"/>
    <tag k="highway" v="residential"/>
    <tag k="name" v="Orchard Street"/>
  </way>
  <way id="101494581" version="2" timestamp="2020-09-23T16:00:29Z" changeset="91379112" uid="705850" user="Cebderby">
    <nd ref="7934983840"/>
    <nd ref="1171865723"/>
    <nd ref="1171865725"/>
    <nd ref="1171865726"/>
    <nd ref="1171865727"/>
    <nd ref="1171865728"/>
    <nd ref="1171865729"/>
    <nd ref="1171865731"/>
    <nd ref="1171865733"/>
    <nd ref="1171865742"/>
    <nd ref="1171865743"/>
    <nd ref="7934983878"/>
    <nd ref="1171865744"/>
    <nd ref="1171865746"/>
    <nd ref="7934983836"/>
    <nd ref="1171865747"/>
    <nd ref="1171865749"/>
    <nd ref="1171861804"/>
    <tag k="highway" v="residential"/>
    <tag k="name" v="Copson Street"/>
  </way>
  <way id="101494582" version="1" timestamp="2011-02-25T09:41:23Z" changeset="7388762" uid="353053" user="Spant">
    <nd ref="1171865759"/>
    <nd ref="1171865760"/>
    <nd ref="1171865764"/>
    <nd ref="1171865767"/>
    <nd ref="1171865769"/>
    <nd ref="1171865773"/>
    <nd ref="1171865774"/>
    <nd ref="1171865775"/>
    <nd ref="1171865717"/>
    <tag k="highway" v="residential"/>
    <tag k="name" v="Fairfield"/>
  </way>
  <way id="101494583" version="2" timestamp="2018-01-07T18:59:35Z" changeset="55243547" uid="84681" user="SK53">
    <nd ref="1171865782"/>
    <nd ref="5325916074"/>
    <nd ref="1171865784"/>
    <nd ref="1171865773"/>
    <tag k="highway" v="residential"/>
  </way>
  <way id="101494584" version="1" timestamp="2011-02-25T09:41:23Z" changeset="7388762" uid="353053" user="Spant">
    <nd ref="1171865788"/>
    <nd ref="1171865789"/>
    <nd ref="1171865790"/>
    <nd ref="1171865791"/>
    <tag k="highway" v="residential"/>
    <tag k="name" v="Harratts Close"/>
  </way>
  <way id="101494585" version="1" timestamp="2011-02-25T09:41:25Z" changeset="7388762" uid="353053" user="Spant">
    <nd ref="1171865815"/>
    <nd ref="1171865816"/>
    <nd ref="1171865817"/>
    <nd ref="1171865803"/>
    <tag k="highway" v="residential"/>
    <tag k="name" v="Glen Avenue"/>
  </way>
  <way id="101494586" version="1" timestamp="2011-02-25T09:41:25Z" changeset="7388762" uid="353053" user="Spant">
    <nd ref="1171865824"/>
    <nd ref="1171865826"/>
    <nd ref="1171865828"/>
    <nd ref="1171865807"/>
    <tag k="highway" v="residential"/>
    <tag k="name" v="New Row"/>
  </way>
  <way id="101494587" version="2" timestamp="2012-02-03T18:49:40Z" changeset="10577985" uid="12992" user="trigpoint">
    <nd ref="1171849224"/>
    <nd ref="1171865831"/>
    <nd ref="1171865832"/>
    <nd ref="1171865833"/>
    <nd ref="1171865835"/>
    <nd ref="1171865805"/>
    <tag k="highway" v="residential"/>
    <tag k="name" v="Grange Road"/>
  </way>
  <way id="101494625" version="9" timestamp="2020-10-21T14:25:54Z" changeset="92839407" uid="9641456" user="rababdul">
    <nd ref="1891180816"/>
    <nd ref="1171868907"/>
    <nd ref="1171868912"/>
    <nd ref="1171868913"/>
    <nd ref="7934983858"/>
    <nd ref="1171868915"/>
    <nd ref="1171868916"/>
    <nd ref="1171868918"/>
    <nd ref="4385119806"/>
    <nd ref="1171868920"/>
    <nd ref="1171868921"/>
    <nd ref="1171868924"/>
    <nd ref="1171868927"/>
    <nd ref="1171868929"/>
    <nd ref="4385129029"/>
    <nd ref="7507028711"/>
    <nd ref="8032520087"/>
    <nd ref="1171868941"/>
    <nd ref="1171868944"/>
    <nd ref="1171868946"/>
    <nd ref="6819286445"/>
    <nd ref="1171868948"/>
    <nd ref="1171868963"/>
    <nd ref="1171868897"/>
    <nd ref="1171868964"/>
    <nd ref="1171868965"/>
    <nd ref="1171868966"/>
    <nd ref="1171868968"/>
    <nd ref="1171852100"/>
    <tag k="highway" v="residential"/>
    <tag k="name" v="Brookside Crescent"/>
  </way>
  <way id="101494626" version="3" timestamp="2018-01-07T18:59:36Z" changeset="55243547" uid="84681" user="SK53">
    <nd ref="1171868980"/>
    <nd ref="4418048605"/>
    <nd ref="5325916058"/>
    <nd ref="5325915618"/>
    <nd ref="1171868941"/>
    <tag k="highway" v="residential"/>
    <tag k="name" v="Springfield Close"/>
  </way>
  <way id="101494627" version="3" timestamp="2024-01-26T15:55:39Z" changeset="146715239" uid="474183" user="ratrun">
    <nd ref="1171868989"/>
    <nd ref="6694887871"/>
    <nd ref="6694887873"/>
    <nd ref="6694887913"/>
    <nd ref="6694887880"/>
    <nd ref="6694887907"/>
    <nd ref="1171868991"/>
    <nd ref="6694887857"/>
    <nd ref="6694887903"/>
    <nd ref="6694887851"/>
    <nd ref="6694887897"/>
    <nd ref="6694887845"/>
    <nd ref="6694887893"/>
    <nd ref="6694887844"/>
    <nd ref="6694887837"/>
    <nd ref="6694887887"/>
    <nd ref="1171869003"/>
    <nd ref="6694887831"/>
    <nd ref="6694887829"/>
    <nd ref="11545734391"/>
    <nd ref="1171869004"/>
    <tag k="highway" v="residential"/>
    <tag k="name" v="Deepdale Close"/>
  </way>
  <way id="101494628" version="2" timestamp="2018-01-07T18:59:36Z" changeset="55243547" uid="84681" user="SK53">
    <nd ref="1171869003"/>
    <nd ref="1171868929"/>
    <tag k="highway" v="residential"/>
  </way>
  <way id="101494941" version="1" timestamp="2011-02-25T09:45:47Z" changeset="7388762" uid="353053" user="Spant">
    <nd ref="1171871345"/>
    <nd ref="1171871348"/>
    <nd ref="1171871352"/>
    <nd ref="1171871354"/>
    <nd ref="1171871359"/>
    <nd ref="1171871361"/>
    <nd ref="1171871363"/>
    <nd ref="1171871334"/>
    <tag k="highway" v="residential"/>
    <tag k="name" v="The Hastings"/>
  </way>
  <way id="101494943" version="1" timestamp="2011-02-25T09:45:47Z" changeset="7388762" uid="353053" user="Spant">
    <nd ref="1171871364"/>
    <nd ref="1171871366"/>
    <nd ref="1171871369"/>
    <nd ref="1171871359"/>
    <tag k="highway" v="residential"/>
    <tag k="name" v="Swifts Close"/>
  </way>
  <way id="101494945" version="1" timestamp="2011-02-25T09:45:48Z" changeset="7388762" uid="353053" user="Spant">
    <nd ref="1171871376"/>
    <nd ref="1171871378"/>
    <nd ref="1171871381"/>
    <nd ref="1171871345"/>
    <nd ref="1171871382"/>
    <tag k="highway" v="residential"/>
    <tag k="name" v="Slaybarns Way"/>
  </way>
  <way id="101495259" version="5" timestamp="2019-08-08T12:19:48Z" changeset="73152327" uid="660655" user="Chris Hills">
    <nd ref="1171878792"/>
    <nd ref="1171878793"/>
    <nd ref="1171878794"/>
    <nd ref="1171878796"/>
    <nd ref="1171878798"/>
    <nd ref="6694735111"/>
    <nd ref="6694735110"/>
    <nd ref="1171878800"/>
    <nd ref="6694735112"/>
    <nd ref="6694735113"/>
    <nd ref="1171878801"/>
    <nd ref="1171878802"/>
    <nd ref="6694735130"/>
    <nd ref="1171878803"/>
    <nd ref="6694735126"/>
    <nd ref="6694735115"/>
    <nd ref="6694735118"/>
    <nd ref="6694735117"/>
    <nd ref="6694735119"/>
    <nd ref="1171878806"/>
    <nd ref="6694735120"/>
    <nd ref="6694735122"/>
    <nd ref="6694735121"/>
    <nd ref="6694735124"/>
    <nd ref="6694735123"/>
    <nd ref="6694735125"/>
    <nd ref="1171878809"/>
    <tag k="highway" v="residential"/>
    <tag k="name" v="St Denys' Crescent"/>
    <tag k="not:name" v="Saint Denys Crescent"/>
    <tag k="not:name_1" v="St Deny's Crescent"/>
  </way>
  <way id="101495260" version="2" timestamp="2020-05-29T12:50:36Z" changeset="85947729" uid="705850" user="Cebderby">
    <nd ref="1171878796"/>
    <nd ref="7569562793"/>
    <nd ref="1171878822"/>
    <nd ref="1171878824"/>
    <nd ref="1171878826"/>
    <nd ref="1171878829"/>
    <nd ref="1171878830"/>
    <nd ref="1171878831"/>
    <nd ref="1171878832"/>
    <nd ref="1171878809"/>
    <nd ref="1171878834"/>
    <nd ref="1171878836"/>
    <nd ref="1171878838"/>
    <tag k="highway" v="residential"/>
    <tag k="name" v="Valley Road"/>
  </way>
  <way id="101495261" version="4" timestamp="2020-05-29T12:50:36Z" changeset="85947729" uid="705850" user="Cebderby">
    <nd ref="1171878844"/>
    <nd ref="1171878847"/>
    <nd ref="4385107249"/>
    <nd ref="1171878849"/>
    <nd ref="1171878852"/>
    <nd ref="1171878855"/>
    <nd ref="1171878857"/>
    <nd ref="1171905756"/>
    <nd ref="1171878859"/>
    <nd ref="1171878862"/>
    <nd ref="1171878863"/>
    <nd ref="7569561414"/>
    <nd ref="1171878830"/>
    <tag k="highway" v="residential"/>
    <tag k="name" v="Laud Close"/>
  </way>
  <way id="101495262" version="2" timestamp="2019-08-08T12:19:48Z" changeset="73152327" uid="660655" user="Chris Hills">
    <nd ref="1171878801"/>
    <nd ref="1171878872"/>
    <nd ref="1171878875"/>
    <nd ref="1171878876"/>
    <nd ref="6694735129"/>
    <nd ref="6694735128"/>
    <nd ref="1171878879"/>
    <nd ref="1171878881"/>
    <nd ref="6694735127"/>
    <nd ref="6694735114"/>
    <nd ref="1171878803"/>
    <tag k="highway" v="residential"/>
  </way>
  <way id="101495263" version="2" timestamp="2023-06-16T20:30:52Z" changeset="137428111" uid="1888163" user="RattusMaximus">
    <nd ref="1171878885"/>
    <nd ref="1171878887"/>
    <tag k="access" v="private"/>
    <tag k="highway" v="residential"/>
    <tag k="name" v="Royal Oak Close"/>
  </way>
  <way id="101495264" version="2" timestamp="2016-09-05T10:55:31Z" changeset="41927703" uid="4215039" user="Stan W">
    <nd ref="1171878898"/>
    <nd ref="4385110582"/>
    <nd ref="1171878901"/>
    <tag k="highway" v="residential"/>
    <tag k="name" v="Chestnut Close"/>
  </way>
  <way id="101495265" version="2" timestamp="2016-09-05T10:52:49Z" changeset="41927637" uid="4215039" user="Stan W">
    <nd ref="1171878908"/>
    <nd ref="4385107903"/>
    <nd ref="1171878910"/>
    <tag k="highway" v="residential"/>
    <tag k="name" v="Sycamore Close"/>
  </way>
  <way id="101495266" version="1" timestamp="2011-02-25T09:52:40Z" changeset="7388762" uid="353053" user="Spant">
    <nd ref="1171878917"/>
    <nd ref="1171878920"/>
    <nd ref="1171878924"/>
    <nd ref="1171878926"/>
    <tag k="highway" v="residential"/>
    <tag k="name" v="Heatherdale"/>
  </way>
  <way id="101495267" version="2" timestamp="2020-05-29T12:50:36Z" changeset="85947729" uid="705850" user="Cebderby">
    <nd ref="1171878931"/>
    <nd ref="1171878936"/>
    <nd ref="1171878937"/>
    <nd ref="7569562790"/>
    <nd ref="1171878940"/>
    <tag k="highway" v="residential"/>
    <tag k="name" v="Ferndale"/>
  </way>
  <way id="101495268" version="1" timestamp="2011-02-25T09:52:42Z" changeset="7388762" uid="353053" user="Spant">
    <nd ref="1171878952"/>
    <nd ref="1171878953"/>
    <nd ref="1171878955"/>
    <nd ref="1171878958"/>
    <tag k="highway" v="residential"/>
    <tag k="name" v="Ashdale"/>
  </way>
  <way id="101495269" version="10" timestamp="2025-08-01T14:47:21Z" changeset="169822358" uid="10782281" user="jaxNT">
    <nd ref="1171879010"/>
    <nd ref="4385104370"/>
    <nd ref="1171879011"/>
    <nd ref="1171879012"/>
    <nd ref="7698628923"/>
    <nd ref="1171879014"/>
    <nd ref="1171879025"/>
    <nd ref="4385106119"/>
    <nd ref="7698628925"/>
    <nd ref="1171879031"/>
    <nd ref="1171879034"/>
    <nd ref="1171892045"/>
    <nd ref="1171879036"/>
    <nd ref="4385103829"/>
    <nd ref="1171879037"/>
    <nd ref="1171879038"/>
    <nd ref="1171879039"/>
    <nd ref="1171879041"/>
    <nd ref="1171879042"/>
    <nd ref="1171879043"/>
    <nd ref="1171878926"/>
    <nd ref="1171879045"/>
    <nd ref="1171879048"/>
    <nd ref="7569562791"/>
    <nd ref="1171879051"/>
    <nd ref="7569562792"/>
    <nd ref="1171879052"/>
    <nd ref="1171878792"/>
    <nd ref="1171879054"/>
    <nd ref="1171879057"/>
    <nd ref="7409488134"/>
    <tag k="highway" v="residential"/>
    <tag k="name" v="Thorndale"/>
    <tag k="surface" v="asphalt"/>
  </way>
  <way id="101495270" version="9" timestamp="2025-08-01T14:47:22Z" changeset="169822359" uid="10782281" user="jaxNT">
    <nd ref="1171879054"/>
    <nd ref="7569561472"/>
    <nd ref="1171879079"/>
    <nd ref="1171879082"/>
    <nd ref="7569562786"/>
    <nd ref="1171879085"/>
    <nd ref="1171878958"/>
    <nd ref="1171879087"/>
    <nd ref="1171878940"/>
    <nd ref="1171879090"/>
    <nd ref="1171879091"/>
    <nd ref="4385110578"/>
    <nd ref="1171879095"/>
    <nd ref="1171879099"/>
    <nd ref="1171879104"/>
    <nd ref="5389392886"/>
    <nd ref="4385107898"/>
    <nd ref="1171879110"/>
    <nd ref="1171879112"/>
    <nd ref="1171881537"/>
    <nd ref="1171879116"/>
    <nd ref="1171879118"/>
    <nd ref="1171879120"/>
    <nd ref="1171881571"/>
    <nd ref="1171879121"/>
    <nd ref="7934983815"/>
    <nd ref="1171879125"/>
    <nd ref="1171879128"/>
    <nd ref="7934983825"/>
    <nd ref="251071835"/>
    <tag k="highway" v="residential"/>
    <tag k="lane_markings" v="no"/>
    <tag k="name" v="Parkdale"/>
    <tag k="surface" v="asphalt"/>
  </way>
  <way id="101495271" version="1" timestamp="2011-02-25T09:52:48Z" changeset="7388762" uid="353053" user="Spant">
    <nd ref="1171879099"/>
    <nd ref="1171879147"/>
    <nd ref="1171878901"/>
    <nd ref="1171878910"/>
    <nd ref="1171879038"/>
    <tag k="highway" v="residential"/>
    <tag k="name" v="Oak Drive"/>
  </way>
  <way id="101495738" version="3" timestamp="2020-09-23T16:00:29Z" changeset="91379112" uid="705850" user="Cebderby">
    <nd ref="1171881529"/>
    <nd ref="1171881532"/>
    <nd ref="4385110682"/>
    <nd ref="7934983855"/>
    <nd ref="1171881533"/>
    <nd ref="1171881535"/>
    <nd ref="1171881536"/>
    <nd ref="1171881537"/>
    <tag k="highway" v="residential"/>
    <tag k="name" v="Cedar Drive"/>
  </way>
  <way id="101495741" version="1" timestamp="2011-02-25T09:54:47Z" changeset="7388762" uid="353053" user="Spant">
    <nd ref="1171881549"/>
    <nd ref="1171881551"/>
    <nd ref="1171881535"/>
    <tag k="highway" v="residential"/>
    <tag k="name" v="Elm Close"/>
  </way>
  <way id="101495742" version="2" timestamp="2020-09-23T16:00:29Z" changeset="91379112" uid="705850" user="Cebderby">
    <nd ref="1171881571"/>
    <nd ref="1171881570"/>
    <nd ref="1171881569"/>
    <nd ref="1171881568"/>
    <nd ref="1171881563"/>
    <tag k="highway" v="residential"/>
    <tag k="name" v="Beech Way"/>
  </way>
  <way id="101495745" version="2" timestamp="2020-09-23T16:00:29Z" changeset="91379112" uid="705850" user="Cebderby">
    <nd ref="7934983834"/>
    <nd ref="1171881579"/>
    <nd ref="1171881584"/>
    <nd ref="1171881586"/>
    <tag k="highway" v="residential"/>
    <tag k="name" v="Linden Close"/>
  </way>
  <way id="101495750" version="1" timestamp="2011-02-25T09:54:49Z" changeset="7388762" uid="353053" user="Spant">
    <nd ref="1171881584"/>
    <nd ref="1171881588"/>
    <nd ref="1171881590"/>
    <nd ref="1171881599"/>
    <nd ref="1171881604"/>
    <tag k="highway" v="residential"/>
    <tag k="name" v="Maple Drive"/>
  </way>
  <way id="101497101" version="2" timestamp="2016-09-05T10:56:43Z" changeset="41927737" uid="4215039" user="Stan W">
    <nd ref="1171892051"/>
    <nd ref="4385110686"/>
    <nd ref="1171892045"/>
    <tag k="highway" v="residential"/>
    <tag k="name" v="Willow Way"/>
  </way>
  <way id="101497247" version="1" timestamp="2011-02-25T10:04:55Z" changeset="7388762" uid="353053" user="Spant">
    <nd ref="1171892407"/>
    <nd ref="1171892409"/>
    <nd ref="27567850"/>
    <tag k="highway" v="residential"/>
    <tag k="name" v="Argyle Street"/>
  </way>
  <way id="101498737" version="2" timestamp="2019-03-03T15:00:37Z" changeset="67739087" uid="705850" user="Cebderby">
    <nd ref="1171902904"/>
    <nd ref="6314410203"/>
    <nd ref="1171902905"/>
    <nd ref="1171902906"/>
    <nd ref="1171902907"/>
    <nd ref="1171902909"/>
    <nd ref="1171902911"/>
    <nd ref="1171902913"/>
    <nd ref="1171902914"/>
    <nd ref="1171902916"/>
    <nd ref="6314409821"/>
    <nd ref="1171902918"/>
    <nd ref="1171902920"/>
    <nd ref="1171902922"/>
    <nd ref="1171902924"/>
    <nd ref="1171902925"/>
    <nd ref="1171902926"/>
    <nd ref="6314409881"/>
    <nd ref="102198031"/>
    <tag k="highway" v="residential"/>
    <tag k="name" v="Chandlers Croft"/>
  </way>
  <way id="101498738" version="3" timestamp="2021-07-02T17:38:14Z" changeset="107324243" uid="10370720" user="okwithmydecay">
    <nd ref="1171902928"/>
    <nd ref="1171902930"/>
    <nd ref="1171902932"/>
    <nd ref="1171902933"/>
    <nd ref="7401627811"/>
    <nd ref="1171902935"/>
    <nd ref="7401627814"/>
    <nd ref="7401627810"/>
    <nd ref="7401627809"/>
    <nd ref="1171902940"/>
    <nd ref="7401627808"/>
    <nd ref="1171902941"/>
    <nd ref="1171902942"/>
    <nd ref="7401627807"/>
    <nd ref="1171902943"/>
    <nd ref="1171902944"/>
    <nd ref="7401627806"/>
    <nd ref="1171902945"/>
    <nd ref="251071893"/>
    <tag k="highway" v="residential"/>
    <tag k="name" v="Victoria Road"/>
  </way>
  <way id="101498739" version="4" timestamp="2020-09-29T23:23:10Z" changeset="91732561" uid="705850" user="Cebderby">
    <nd ref="6314409843"/>
    <nd ref="1171902949"/>
    <nd ref="1171902951"/>
    <nd ref="7401627812"/>
    <nd ref="1171902952"/>
    <nd ref="7956498490"/>
    <nd ref="1171902953"/>
    <nd ref="6314409854"/>
    <tag k="highway" v="residential"/>
    <tag k="name" v="Gamble Close"/>
  </way>
  <way id="101498740" version="2" timestamp="2020-04-14T10:46:58Z" changeset="83528818" uid="10252551" user="amanura">
    <nd ref="1171902952"/>
    <nd ref="7401627813"/>
    <nd ref="1171902957"/>
    <nd ref="1171902959"/>
    <nd ref="7401627819"/>
    <nd ref="1171902932"/>
    <tag k="highway" v="residential"/>
    <tag k="name" v="Paget Road"/>
  </way>
  <way id="101498741" version="2" timestamp="2016-01-06T01:29:29Z" changeset="36394545" uid="76617" user="robbieonsea">
    <nd ref="1171902961"/>
    <nd ref="251071892"/>
    <tag k="highway" v="residential"/>
    <tag k="name" v="Leicester Road"/>
  </way>
  <way id="101498742" version="2" timestamp="2016-09-05T11:12:29Z" changeset="41928086" uid="4215039" user="Stan W">
    <nd ref="1171902962"/>
    <nd ref="4385127952"/>
    <nd ref="1171902963"/>
    <nd ref="1171902965"/>
    <nd ref="1171902966"/>
    <tag k="highway" v="residential"/>
    <tag k="name" v="Elizabeth Avenue"/>
  </way>
  <way id="101498743" version="1" timestamp="2011-02-25T10:14:53Z" changeset="7388762" uid="353053" user="Spant">
    <nd ref="1171902971"/>
    <nd ref="1171902973"/>
    <nd ref="1171902975"/>
    <nd ref="1171902977"/>
    <nd ref="1171902978"/>
    <nd ref="1171902979"/>
    <nd ref="1171902980"/>
    <nd ref="1171902981"/>
    <nd ref="1171902984"/>
    <nd ref="1171902971"/>
    <nd ref="1171902987"/>
    <nd ref="1171902990"/>
    <nd ref="1171902992"/>
    <nd ref="1171902966"/>
    <tag k="highway" v="residential"/>
    <tag k="name" v="Jacques Street"/>
  </way>
  <way id="101498744" version="3" timestamp="2020-09-23T16:00:29Z" changeset="91379112" uid="705850" user="Cebderby">
    <nd ref="1171902994"/>
    <nd ref="7934983860"/>
    <nd ref="1171902995"/>
    <nd ref="1171902996"/>
    <nd ref="1171902997"/>
    <nd ref="1171902998"/>
    <nd ref="1171903000"/>
    <nd ref="1171903002"/>
    <nd ref="1171903005"/>
    <nd ref="6314409868"/>
    <nd ref="1171903007"/>
    <tag k="highway" v="residential"/>
    <tag k="name" v="Winchester Court"/>
  </way>
  <way id="101498745" version="1" timestamp="2011-02-25T10:14:54Z" changeset="7388762" uid="353053" user="Spant">
    <nd ref="1171903012"/>
    <nd ref="1171903013"/>
    <tag k="highway" v="residential"/>
    <tag k="name" v="Albert Street"/>
  </way>
  <way id="101498746" version="4" timestamp="2020-09-29T23:23:10Z" changeset="91732561" uid="705850" user="Cebderby">
    <nd ref="1171903017"/>
    <nd ref="6314409844"/>
    <nd ref="1171903019"/>
    <nd ref="1171902904"/>
    <nd ref="6314409884"/>
    <nd ref="7953321961"/>
    <nd ref="1171903021"/>
    <nd ref="1171903023"/>
    <nd ref="7956461038"/>
    <nd ref="1171903025"/>
    <nd ref="1171903027"/>
    <nd ref="6314410212"/>
    <tag k="highway" v="residential"/>
    <tag k="name" v="Flatts Close"/>
  </way>
  <way id="101498747" version="3" timestamp="2020-03-16T10:11:49Z" changeset="82251689" uid="10252551" user="amanura">
    <nd ref="27567853"/>
    <nd ref="1171903030"/>
    <nd ref="1171903007"/>
    <nd ref="7298774964"/>
    <nd ref="1171903032"/>
    <nd ref="1171903013"/>
    <nd ref="1171902966"/>
    <nd ref="1171903034"/>
    <nd ref="4385112273"/>
    <nd ref="251071868"/>
    <tag k="highway" v="residential"/>
    <tag k="name" v="Penistone Street"/>
  </way>
  <way id="101498823" version="2" timestamp="2025-04-05T19:01:35Z" changeset="164564731" uid="2014259" user="nickjohnston">
    <nd ref="1171904542"/>
    <nd ref="1171904543"/>
    <nd ref="1171904544"/>
    <nd ref="1171904545"/>
    <nd ref="1171902944"/>
    <tag k="highway" v="residential"/>
    <tag k="name" v="Costello Close"/>
  </way>
  <way id="101498824" version="1" timestamp="2011-02-25T10:17:26Z" changeset="7388762" uid="353053" user="Spant">
    <nd ref="1171904546"/>
    <nd ref="1171904544"/>
    <tag k="highway" v="residential"/>
  </way>
  <way id="101498825" version="3" timestamp="2020-09-23T16:00:29Z" changeset="91379112" uid="705850" user="Cebderby">
    <nd ref="1171904547"/>
    <nd ref="1171904548"/>
    <nd ref="1171904549"/>
    <nd ref="1171904550"/>
    <nd ref="1171904551"/>
    <nd ref="4385113958"/>
    <nd ref="1171904552"/>
    <nd ref="1171904553"/>
    <nd ref="1171904554"/>
    <nd ref="7934983828"/>
    <nd ref="1171904555"/>
    <nd ref="1171904556"/>
    <nd ref="1171904557"/>
    <nd ref="1171904558"/>
    <nd ref="1171904547"/>
    <nd ref="251071898"/>
    <tag k="highway" v="residential"/>
    <tag k="name" v="Redlands Estate"/>
  </way>
  <way id="116569778" version="10" timestamp="2022-09-26T13:33:18Z" changeset="126657022" uid="705850" user="Cebderby">
    <nd ref="27567802"/>
    <nd ref="27567821"/>
    <nd ref="409555604"/>
    <nd ref="27567822"/>
    <nd ref="27567823"/>
    <nd ref="27567825"/>
    <nd ref="27567826"/>
    <nd ref="6536872797"/>
    <nd ref="27567828"/>
    <nd ref="1960066108"/>
    <tag k="highway" v="primary"/>
    <tag k="maxspeed" v="50 mph"/>
    <tag k="name" v="Hinckley Road"/>
    <tag k="ref" v="A447"/>
    <tag k="source:name" v="NaPTAN"/>
  </way>
  <way id="116570059" version="9" timestamp="2025-08-01T14:47:23Z" changeset="169822359" uid="10782281" user="jaxNT">
    <nd ref="102198031"/>
    <nd ref="102198032"/>
    <nd ref="6314410188"/>
    <nd ref="102198033"/>
    <nd ref="3186181518"/>
    <nd ref="1903830350"/>
    <nd ref="102198034"/>
    <nd ref="102198035"/>
    <nd ref="3448608377"/>
    <nd ref="3448608376"/>
    <nd ref="102198036"/>
    <nd ref="3448608378"/>
    <nd ref="799524708"/>
    <nd ref="4886445499"/>
    <nd ref="6314409872"/>
    <nd ref="102198037"/>
    <tag k="highway" v="primary"/>
    <tag k="lanes" v="2"/>
    <tag k="maxspeed" v="30 mph"/>
    <tag k="name" v="Ravenstone Road"/>
    <tag k="ref" v="A447"/>
    <tag k="source:maxspeed" v="survey"/>
    <tag k="surface" v="asphalt"/>
  </way>
  <way id="116570060" version="17" timestamp="2024-05-19T19:09:04Z" changeset="151548172" uid="20086345" user="donq1986b">
    <nd ref="102198037"/>
    <nd ref="5488977507"/>
    <nd ref="102198038"/>
    <tag k="cycleway:both" v="no"/>
    <tag k="highway" v="primary"/>
    <tag k="lanes" v="2"/>
    <tag k="maxspeed" v="30 mph"/>
    <tag k="name" v="Melbourne Road"/>
    <tag k="ref" v="A447"/>
    <tag k="sidewalk" v="both"/>
    <tag k="sidewalk:both:surface" v="asphalt"/>
    <tag k="source:maxspeed" v="survey"/>
    <tag k="surface" v="asphalt"/>
  </way>
  <way id="171492154" version="1" timestamp="2012-07-14T08:55:16Z" changeset="12215148" uid="705850" user="Cebderby">
    <nd ref="1825137549"/>
    <nd ref="1171902959"/>
    <tag k="highway" v="residential"/>
    <tag k="name" v="Christopher Close"/>
  </way>
  <way id="171492155" version="2" timestamp="2020-09-23T16:00:29Z" changeset="91379112" uid="705850" user="Cebderby">
    <nd ref="1825137542"/>
    <nd ref="7934983874"/>
    <nd ref="1825137545"/>
    <tag k="highway" v="residential"/>
    <tag k="name" v="Hawthorne Drive"/>
  </way>
  <way id="199216768" version="1" timestamp="2013-01-02T16:05:51Z" changeset="14501767" uid="172180" user="AMB">
    <nd ref="640365882"/>
    <nd ref="640365880"/>
    <nd ref="640365885"/>
    <tag k="highway" v="residential"/>
  </way>
  <way id="224562516" version="5" timestamp="2020-08-15T10:54:35Z" changeset="89442293" uid="9855984" user="Turm">
    <nd ref="255238249"/>
    <nd ref="255238248"/>
    <nd ref="7814879441"/>
    <nd ref="255238247"/>
    <nd ref="255238246"/>
    <nd ref="255238245"/>
    <nd ref="255238244"/>
    <nd ref="1899837457"/>
    <nd ref="255238243"/>
    <nd ref="4745817128"/>
    <nd ref="255238242"/>
    <nd ref="255238241"/>
    <nd ref="7569507311"/>
    <nd ref="1899815682"/>
    <nd ref="255238240"/>
    <nd ref="6575941440"/>
    <nd ref="255238239"/>
    <nd ref="255238222"/>
    <nd ref="255238221"/>
    <tag k="highway" v="tertiary"/>
    <tag k="name" v="Ellistown Terrace Road"/>
    <tag k="source:name" v="NaPTAN"/>
  </way>
  <way id="232439639" version="2" timestamp="2016-11-17T17:15:10Z" changeset="43736433" uid="873940" user="Mike Baggaley">
    <nd ref="2407932777"/>
    <nd ref="2407932771"/>
    <nd ref="4506707310"/>
    <nd ref="2407932769"/>
    <nd ref="4506707311"/>
    <nd ref="2407932773"/>
    <nd ref="2407932775"/>
    <nd ref="4506707313"/>
    <nd ref="2407932784"/>
    <nd ref="4506707312"/>
    <nd ref="2407932795"/>
    <nd ref="4506707314"/>
    <nd ref="2407932799"/>
    <nd ref="2407932797"/>
    <nd ref="4506707309"/>
    <nd ref="2407932793"/>
    <nd ref="4506707308"/>
    <nd ref="2407932786"/>
    <nd ref="4506707307"/>
    <nd ref="2407932777"/>
    <tag k="highway" v="tertiary"/>
    <tag k="junction" v="roundabout"/>
    <tag k="name" v="Ashby Road"/>
    <tag k="source:name" v="OS OpenData StreetView"/>
  </way>
  <way id="232439646" version="2" timestamp="2014-12-18T08:52:55Z" changeset="27546593" uid="91225" user="tms13">
    <nd ref="2407932775"/>
    <nd ref="2407932782"/>
    <nd ref="251071832"/>
    <tag k="highway" v="tertiary"/>
    <tag k="name" v="Ashby Road"/>
    <tag k="oneway" v="yes"/>
    <tag k="source:name" v="OS OpenData StreetView"/>
  </way>
  <way id="232439648" version="2" timestamp="2014-12-18T08:52:54Z" changeset="27546593" uid="91225" user="tms13">
    <nd ref="251071833"/>
    <nd ref="2407932780"/>
    <nd ref="2407932777"/>
    <tag k="highway" v="tertiary"/>
    <tag k="name" v="Ashby Road"/>
    <tag k="oneway" v="yes"/>
    <tag k="source:name" v="OS OpenData StreetView"/>
  </way>
  <way id="232439651" version="3" timestamp="2019-09-29T00:43:25Z" changeset="75051228" uid="705850" user="Cebderby">
    <nd ref="1920275478"/>
    <nd ref="6833522868"/>
    <nd ref="6833522655"/>
    <nd ref="251071758"/>
    <nd ref="251071832"/>
    <tag k="highway" v="tertiary"/>
    <tag k="name" v="Ashby Road"/>
    <tag k="source:name" v="OS OpenData StreetView"/>
  </way>
  <way id="232439654" version="2" timestamp="2014-12-18T08:52:54Z" changeset="27546593" uid="91225" user="tms13">
    <nd ref="2407932793"/>
    <nd ref="2407932789"/>
    <nd ref="251071833"/>
    <tag k="highway" v="tertiary"/>
    <tag k="name" v="Ashby Road"/>
    <tag k="oneway" v="yes"/>
    <tag k="source:name" v="OS OpenData StreetView"/>
  </way>
  <way id="232439669" version="2" timestamp="2019-09-29T00:43:25Z" changeset="75051228" uid="705850" user="Cebderby">
    <nd ref="2407932834"/>
    <nd ref="2407932837"/>
    <nd ref="2407932841"/>
    <nd ref="6833522747"/>
    <nd ref="2407932845"/>
    <tag k="highway" v="residential"/>
    <tag k="name" v="Horseshoe Close"/>
    <tag k="source" v="Bing"/>
    <tag k="source:name" v="OS OpenData Locator"/>
  </way>
  <way id="232439703" version="2" timestamp="2019-09-29T00:43:25Z" changeset="75051228" uid="705850" user="Cebderby">
    <nd ref="2407932832"/>
    <nd ref="2407932828"/>
    <nd ref="2407932826"/>
    <nd ref="6833522751"/>
    <nd ref="2407932819"/>
    <nd ref="6833522639"/>
    <tag k="highway" v="residential"/>
    <tag k="name" v="Stonebridge Close"/>
    <tag k="source" v="Bing"/>
    <tag k="source:name" v="OS OpenData Locator"/>
  </way>
  <way id="232439713" version="2" timestamp="2019-09-29T00:43:25Z" changeset="75051228" uid="705850" user="Cebderby">
    <nd ref="2407932857"/>
    <nd ref="2407932853"/>
    <nd ref="2407932851"/>
    <nd ref="6833522849"/>
    <nd ref="2407932849"/>
    <nd ref="6833522645"/>
    <nd ref="2407932847"/>
    <nd ref="2407932843"/>
    <nd ref="6833522603"/>
    <nd ref="2407932834"/>
    <nd ref="6833522785"/>
    <nd ref="2407932832"/>
    <nd ref="2407932830"/>
    <nd ref="2407932821"/>
    <nd ref="6833522829"/>
    <nd ref="6833522719"/>
    <nd ref="2407932817"/>
    <nd ref="2407932815"/>
    <tag k="highway" v="residential"/>
    <tag k="name" v="Usbourne Way"/>
    <tag k="source" v="Bing"/>
    <tag k="source:name" v="OS OpenData Locator"/>
  </way>
  <way id="232439715" version="3" timestamp="2016-11-17T17:15:09Z" changeset="43736433" uid="873940" user="Mike Baggaley">
    <nd ref="4506707314"/>
    <nd ref="2407932815"/>
    <tag k="highway" v="residential"/>
    <tag k="name" v="Usbourne Way"/>
    <tag k="oneway" v="yes"/>
    <tag k="source" v="Bing"/>
    <tag k="source:name" v="OS OpenData Locator"/>
  </way>
  <way id="232439717" version="3" timestamp="2016-11-17T17:15:10Z" changeset="43736433" uid="873940" user="Mike Baggaley">
    <nd ref="2407932815"/>
    <nd ref="2407932811"/>
    <nd ref="4506707309"/>
    <tag k="highway" v="residential"/>
    <tag k="name" v="Usbourne Way"/>
    <tag k="oneway" v="yes"/>
    <tag k="source" v="Bing"/>
    <tag k="source:name" v="OS OpenData Locator"/>
  </way>
  <way id="232439720" version="1" timestamp="2013-08-05T14:04:13Z" changeset="17228602" uid="1383062" user="Chris Filip">
    <nd ref="251071891"/>
    <nd ref="2407932859"/>
    <nd ref="2407932855"/>
    <tag k="highway" v="residential"/>
    <tag k="name" v="Wellington Court"/>
    <tag k="source" v="Bing"/>
    <tag k="source:name" v="OS OpenData Locator"/>
  </way>
  <way id="282783849" version="11" timestamp="2024-05-19T19:09:56Z" changeset="151548172" uid="20086345" user="donq1986b">
    <nd ref="2867194167"/>
    <nd ref="415007105"/>
    <nd ref="415007106"/>
    <nd ref="415007107"/>
    <nd ref="415007108"/>
    <nd ref="415007109"/>
    <nd ref="415007110"/>
    <nd ref="8448394768"/>
    <nd ref="415007111"/>
    <nd ref="8448394769"/>
    <nd ref="415007112"/>
    <nd ref="8448394770"/>
    <nd ref="415007113"/>
    <nd ref="8448394771"/>
    <nd ref="415007114"/>
    <nd ref="415007115"/>
    <nd ref="8448394780"/>
    <nd ref="8448394772"/>
    <nd ref="415007116"/>
    <nd ref="10883941617"/>
    <nd ref="2300844475"/>
    <nd ref="7162188941"/>
    <nd ref="2300857067"/>
    <nd ref="415007117"/>
    <nd ref="6877898379"/>
    <nd ref="8448394786"/>
    <nd ref="4745817144"/>
    <nd ref="4745817149"/>
    <nd ref="255719612"/>
    <tag k="cycleway:both" v="no"/>
    <tag k="highway" v="residential"/>
    <tag k="lane_markings" v="no"/>
    <tag k="name" v="Battram Road"/>
    <tag k="oneway" v="no"/>
    <tag k="sidewalk" v="left"/>
    <tag k="sidewalk:left:surface" v="asphalt"/>
    <tag k="surface" v="asphalt"/>
  </way>
  <way id="282789847" version="7" timestamp="2024-05-19T19:09:49Z" changeset="151548172" uid="20086345" user="donq1986b">
    <nd ref="415007103"/>
    <nd ref="4749507268"/>
    <nd ref="415007104"/>
    <nd ref="2867194167"/>
    <tag k="cycleway:both" v="no"/>
    <tag k="highway" v="residential"/>
    <tag k="lane_markings" v="no"/>
    <tag k="name" v="Battram Road"/>
    <tag k="oneway" v="no"/>
    <tag k="sidewalk" v="left"/>
    <tag k="sidewalk:left:surface" v="asphalt"/>
    <tag k="surface" v="asphalt"/>
  </way>
  <way id="312728008" version="4" timestamp="2020-09-29T23:23:10Z" changeset="91732561" uid="705850" user="Cebderby">
    <nd ref="2407932857"/>
    <nd ref="3231215658"/>
    <nd ref="7956498517"/>
    <nd ref="6833522749"/>
    <nd ref="3186181511"/>
    <nd ref="6833522790"/>
    <nd ref="3186181512"/>
    <nd ref="7956461035"/>
    <nd ref="6833522814"/>
    <nd ref="3186181513"/>
    <nd ref="6833522670"/>
    <nd ref="3186181514"/>
    <nd ref="3186181515"/>
    <nd ref="7956461030"/>
    <nd ref="3186181516"/>
    <nd ref="3186181517"/>
    <nd ref="3186181518"/>
    <tag k="highway" v="residential"/>
    <tag k="maxspeed" v="30 mph"/>
    <tag k="name" v="Usbourne Way"/>
    <tag k="surface" v="asphalt"/>
  </way>
  <way id="316932188" version="3" timestamp="2020-09-23T16:00:29Z" changeset="91379112" uid="705850" user="Cebderby">
    <nd ref="2407932851"/>
    <nd ref="6833522787"/>
    <nd ref="6833522633"/>
    <nd ref="7934983865"/>
    <nd ref="3231214881"/>
    <nd ref="6833522727"/>
    <tag k="highway" v="residential"/>
    <tag k="name" v="Otter Close"/>
  </way>
  <way id="316932250" version="5" timestamp="2020-09-29T23:23:10Z" changeset="91732561" uid="705850" user="Cebderby">
    <nd ref="3231215658"/>
    <nd ref="6945701072"/>
    <nd ref="7956461052"/>
    <nd ref="3406038495"/>
    <nd ref="7956498497"/>
    <nd ref="3231215659"/>
    <nd ref="6945701073"/>
    <nd ref="3231215660"/>
    <nd ref="7956461029"/>
    <nd ref="3231218561"/>
    <nd ref="7956461032"/>
    <nd ref="7956461025"/>
    <nd ref="6909216390"/>
    <nd ref="6909216396"/>
    <nd ref="3406038497"/>
    <nd ref="6909216395"/>
    <nd ref="3231218562"/>
    <tag k="highway" v="residential"/>
    <tag k="name" v="Farley Crescent"/>
  </way>
  <way id="316932753" version="4" timestamp="2020-09-23T16:00:29Z" changeset="91379112" uid="705850" user="Cebderby">
    <nd ref="3231218562"/>
    <nd ref="7934983852"/>
    <nd ref="3186181513"/>
    <tag k="highway" v="residential"/>
    <tag k="name" v="Farley Crescent"/>
  </way>
  <way id="317767414" version="1" timestamp="2014-12-18T08:52:54Z" changeset="27546593" uid="91225" user="tms13">
    <nd ref="251071832"/>
    <nd ref="2407932791"/>
    <nd ref="2407932795"/>
    <tag k="highway" v="tertiary"/>
    <tag k="name" v="Ashby Road"/>
    <tag k="oneway" v="yes"/>
    <tag k="source:name" v="OS OpenData StreetView"/>
  </way>
  <way id="317767415" version="3" timestamp="2020-09-23T16:00:29Z" changeset="91379112" uid="705850" user="Cebderby">
    <nd ref="251071833"/>
    <nd ref="251071834"/>
    <nd ref="251071835"/>
    <nd ref="251071836"/>
    <nd ref="7301474009"/>
    <nd ref="251071837"/>
    <nd ref="7934983805"/>
    <nd ref="251071838"/>
    <tag k="highway" v="tertiary"/>
    <tag k="name" v="Ashby Road"/>
    <tag k="source:name" v="OS OpenData StreetView"/>
  </way>
  <way id="318104185" version="8" timestamp="2025-04-01T17:00:56Z" changeset="164384848" uid="417748" user="Dave Venables">
    <nd ref="3244775784"/>
    <nd ref="3244775785"/>
    <nd ref="3244775786"/>
    <nd ref="3244775787"/>
    <nd ref="3244775788"/>
    <nd ref="3244775789"/>
    <nd ref="3244775790"/>
    <nd ref="3244775791"/>
    <nd ref="3244775784"/>
    <tag k="addr:city" v="Coalville"/>
    <tag k="addr:housenumber" v="2"/>
    <tag k="addr:postcode" v="LE67 6HA"/>
    <tag k="addr:street" v="Ashby Road"/>
    <tag k="addr:village" v="Ibstock"/>
    <tag k="brand" v="The Co-operative Food"/>
    <tag k="brand:wikidata" v="Q107617274"/>
    <tag k="building" v="yes"/>
    <tag k="check_date" v="2024-07-15"/>
    <tag k="check_date:opening_hours" v="2024-07-15"/>
    <tag k="fhrs:id" v="64487"/>
    <tag k="name" v="The Co-operative Food"/>
    <tag k="opening_hours" v="Mo-Sa 07:00-22:00; Su 10:00-16:00"/>
    <tag k="operator" v="Central England Co-operative"/>
    <tag k="operator:wikidata" v="Q16986583"/>
    <tag k="shop" v="supermarket"/>
    <tag k="website" v="https://stores.centralengland.coop/leicestershire/ibstock/ashby-road"/>
  </way>
  <way id="333485880" version="5" timestamp="2021-09-23T18:23:51Z" changeset="111612397" uid="242345" user="confusedbuffalo">
    <nd ref="3406038495"/>
    <nd ref="7956461022"/>
    <nd ref="6945701071"/>
    <nd ref="3406038496"/>
    <nd ref="3406038497"/>
    <tag k="highway" v="residential"/>
    <tag k="maxspeed" v="30 mph"/>
    <tag k="name" v="Pike Lane"/>
    <tag k="postal_code" v="LE67 6AP"/>
  </way>
  <way id="461590353" version="2" timestamp="2020-06-22T12:29:55Z" changeset="86980905" uid="8958978" user="Tema_Ded">
    <nd ref="4570585924"/>
    <nd ref="1171868890"/>
    <nd ref="7643402289"/>
    <nd ref="1171868894"/>
    <nd ref="1171868895"/>
    <nd ref="1171868896"/>
    <nd ref="1171868897"/>
    <tag k="highway" v="residential"/>
    <tag k="name" v="Spring Road"/>
    <tag k="source" v="Survey"/>
  </way>
  <way id="497006263" version="2" timestamp="2019-03-03T15:00:38Z" changeset="67739087" uid="705850" user="Cebderby">
    <nd ref="4886445472"/>
    <nd ref="4886445495"/>
    <nd ref="6314409823"/>
    <nd ref="6314409870"/>
    <nd ref="4886445473"/>
    <tag k="highway" v="residential"/>
    <tag k="name" v="Howards Close"/>
    <tag k="source" v="DigitalGlobe-Standard"/>
    <tag k="source:name" v="OS_OpenData_Locator"/>
  </way>
  <way id="497006266" version="1" timestamp="2017-05-30T21:52:28Z" changeset="49115974" uid="705850" user="Cebderby">
    <nd ref="4886445483"/>
    <nd ref="4886445489"/>
    <nd ref="4886445488"/>
    <tag k="highway" v="residential"/>
    <tag k="name" v="George Avenue"/>
    <tag k="source" v="DigitalGlobe imagery"/>
    <tag k="source:name" v="OS_OpenData_Locator"/>
  </way>
  <way id="497006270" version="3" timestamp="2020-09-23T16:00:29Z" changeset="91379112" uid="705850" user="Cebderby">
    <nd ref="4886445489"/>
    <nd ref="7934983813"/>
    <nd ref="7934983857"/>
    <nd ref="6314410225"/>
    <nd ref="4886445462"/>
    <tag k="highway" v="residential"/>
    <tag k="name" v="George Avenue"/>
    <tag k="source" v="DigitalGlobe imagery"/>
    <tag k="source:name" v="OS_OpenData_Locator"/>
  </way>
  <way id="497006276" version="3" timestamp="2019-08-23T10:54:06Z" changeset="73660274" uid="162917" user="DLMatthews">
    <nd ref="4886445486"/>
    <nd ref="4886445472"/>
    <nd ref="4886445457"/>
    <nd ref="4886445502"/>
    <nd ref="4886445500"/>
    <nd ref="6314410223"/>
    <nd ref="4886445478"/>
    <nd ref="4886445494"/>
    <nd ref="4886445466"/>
    <nd ref="4886445467"/>
    <nd ref="4886445469"/>
    <nd ref="4886445459"/>
    <nd ref="4886445449"/>
    <tag k="highway" v="residential"/>
    <tag k="name" v="Baker Grove"/>
    <tag k="source" v="DigitalGlobe imagery"/>
  </way>
  <way id="497006280" version="2" timestamp="2019-03-03T15:00:37Z" changeset="67739087" uid="705850" user="Cebderby">
    <nd ref="4886445450"/>
    <nd ref="6314409831"/>
    <nd ref="4886445500"/>
    <tag k="fixme" v="shape not clear on imagery, extent from OS Locator box only"/>
    <tag k="highway" v="residential"/>
    <tag k="name" v="Mary Close"/>
    <tag k="source" v="DigitalGlobe imagery"/>
    <tag k="source:name" v="OS_OpenData_Locator"/>
  </way>
  <way id="497006282" version="3" timestamp="2019-03-03T15:00:37Z" changeset="67739087" uid="705850" user="Cebderby">
    <nd ref="4886445449"/>
    <nd ref="4886445476"/>
    <nd ref="4886445497"/>
    <nd ref="4886445485"/>
    <nd ref="4886445481"/>
    <nd ref="4886445496"/>
    <nd ref="6314409822"/>
    <nd ref="4886445474"/>
    <tag k="highway" v="residential"/>
    <tag k="name" v="Frances Way"/>
    <tag k="source" v="DigitalGlobe imagery"/>
    <tag k="source:name" v="OS_OpenData_Locator"/>
  </way>
  <way id="497006284" version="2" timestamp="2019-03-03T15:00:38Z" changeset="67739087" uid="705850" user="Cebderby">
    <nd ref="4886445466"/>
    <nd ref="4886445460"/>
    <nd ref="4886445498"/>
    <nd ref="4886445503"/>
    <nd ref="4886445463"/>
    <nd ref="4886445490"/>
    <tag k="highway" v="residential"/>
    <tag k="name" v="William Close"/>
    <tag k="source" v="DigitalGlobe imagery"/>
    <tag k="source:name" v="OS_OpenData_Locator"/>
  </way>
  <way id="497006286" version="4" timestamp="2020-09-23T16:00:29Z" changeset="91379112" uid="705850" user="Cebderby">
    <nd ref="4886445499"/>
    <nd ref="4886445475"/>
    <nd ref="4886445493"/>
    <nd ref="7934983807"/>
    <nd ref="4886445445"/>
    <nd ref="4886445504"/>
    <nd ref="4886445461"/>
    <nd ref="6314409825"/>
    <nd ref="4886445492"/>
    <nd ref="4886445449"/>
    <tag k="highway" v="residential"/>
    <tag k="name" v="Frances Way"/>
    <tag k="source" v="DigitalGlobe imagery"/>
  </way>
  <way id="497006287" version="1" timestamp="2017-05-30T21:52:29Z" changeset="49115974" uid="705850" user="Cebderby">
    <nd ref="4886445453"/>
    <nd ref="4886445487"/>
    <tag k="highway" v="residential"/>
    <tag k="name" v="Harry Lane"/>
    <tag k="source" v="DigitalGlobe imagery"/>
    <tag k="source:name" v="OS_OpenData_Locator"/>
  </way>
  <way id="551462464" version="1" timestamp="2018-01-07T16:29:15Z" changeset="55239752" uid="84681" user="SK53">
    <nd ref="5325707999"/>
    <nd ref="5325707925"/>
    <nd ref="5325707941"/>
    <nd ref="5325707987"/>
    <nd ref="5325706503"/>
    <tag k="highway" v="residential"/>
    <tag k="source" v="EsriWorldImagery"/>
  </way>
  <way id="551462467" version="2" timestamp="2023-06-16T20:30:52Z" changeset="137428111" uid="1888163" user="RattusMaximus">
    <nd ref="5325706510"/>
    <nd ref="5325706507"/>
    <nd ref="5325707937"/>
    <nd ref="5325707968"/>
    <nd ref="5325707961"/>
    <nd ref="5325707947"/>
    <nd ref="5325707993"/>
    <tag k="access" v="private"/>
    <tag k="highway" v="residential"/>
    <tag k="name" v="Bakers Field Close"/>
    <tag k="source" v="EsriWorldImagery"/>
  </way>
  <way id="551462469" version="1" timestamp="2018-01-07T16:29:15Z" changeset="55239752" uid="84681" user="SK53">
    <nd ref="5325706520"/>
    <nd ref="5325706510"/>
    <nd ref="5325706502"/>
    <tag k="highway" v="residential"/>
  </way>
  <way id="551482555" version="5" timestamp="2025-04-01T17:00:56Z" changeset="164384848" uid="417748" user="Dave Venables">
    <nd ref="5325916034"/>
    <nd ref="5325916077"/>
    <nd ref="5325916070"/>
    <nd ref="5325916057"/>
    <nd ref="5325916034"/>
    <tag k="addr:city" v="Coalville"/>
    <tag k="addr:postcode" v="LE67 6HF"/>
    <tag k="addr:street" v="Chapel Street"/>
    <tag k="addr:village" v="Ibstock"/>
    <tag k="amenity" v="place_of_worship"/>
    <tag k="building" v="chapel"/>
    <tag k="denomination" v="baptist"/>
    <tag k="loc_name" v="The Chapel"/>
    <tag k="name" v="Ibstock Baptist Chapel"/>
    <tag k="religion" v="christian"/>
    <tag k="source" v="survey"/>
    <tag k="source:geometry" v="Bing"/>
    <tag k="website" v="https://www.ibstockbaptistchurch.doodlekit.com/"/>
  </way>
  <way id="551482557" version="2" timestamp="2020-02-27T09:03:24Z" changeset="81540092" uid="417748" user="Dave Venables">
    <nd ref="5325916059"/>
    <nd ref="5325916049"/>
    <nd ref="5325916062"/>
    <nd ref="5325916027"/>
    <nd ref="5325916035"/>
    <nd ref="5325916078"/>
    <nd ref="5325916044"/>
    <nd ref="5325916054"/>
    <nd ref="5325916069"/>
    <nd ref="5325916072"/>
    <nd ref="5325916061"/>
    <nd ref="5325916076"/>
    <nd ref="5325916060"/>
    <nd ref="5325916047"/>
    <nd ref="5325916050"/>
    <nd ref="5325916040"/>
    <nd ref="5325916059"/>
    <tag k="addr:city" v="Coalville"/>
    <tag k="addr:housenumber" v="17"/>
    <tag k="addr:postcode" v="LE67 6LG"/>
    <tag k="addr:street" v="High Street"/>
    <tag k="addr:village" v="Ibstock"/>
    <tag k="building" v="pub"/>
    <tag k="fhrs:id" v="1225991"/>
    <tag k="name" v="Ram Inn"/>
    <tag k="old_fhrs:id" v="945218"/>
    <tag k="source" v="survey"/>
    <tag k="source:addr" v="FHRS Open Data"/>
  </way>
  <way id="551482559" version="1" timestamp="2018-01-07T18:59:34Z" changeset="55243547" uid="84681" user="SK53">
    <nd ref="5325916021"/>
    <nd ref="5325916074"/>
    <tag k="highway" v="residential"/>
  </way>
  <way id="551482560" version="5" timestamp="2025-04-01T17:00:56Z" changeset="164384848" uid="417748" user="Dave Venables">
    <nd ref="5325916032"/>
    <nd ref="5325916056"/>
    <nd ref="5325916025"/>
    <nd ref="5325915620"/>
    <nd ref="5325916045"/>
    <nd ref="5325916052"/>
    <nd ref="5325916064"/>
    <nd ref="5325916063"/>
    <nd ref="5325916032"/>
    <tag k="addr:city" v="Coalville"/>
    <tag k="addr:postcode" v="LE67 6LG"/>
    <tag k="addr:street" v="High Street"/>
    <tag k="addr:village" v="Ibstock"/>
    <tag k="amenity" v="community_centre"/>
    <tag k="building" v="cinema"/>
    <tag k="name" v="The Palace"/>
    <tag k="source" v="survey"/>
    <tag k="source:geometry" v="Bing"/>
    <tag k="website" v="https://www.thepalaceibstock.co.uk/"/>
    <tag k="wikidata" v="Q41557631"/>
  </way>
  <way id="551482561" version="1" timestamp="2018-01-07T18:59:34Z" changeset="55243547" uid="84681" user="SK53">
    <nd ref="5325916042"/>
    <nd ref="5325916058"/>
    <tag k="highway" v="residential"/>
    <tag k="name" v="Springfield Close"/>
  </way>
  <way id="551482562" version="1" timestamp="2018-01-07T18:59:34Z" changeset="55243547" uid="84681" user="SK53">
    <nd ref="5325916029"/>
    <nd ref="1171865788"/>
    <nd ref="5325916075"/>
    <tag k="highway" v="residential"/>
    <tag k="name" v="Harratts Close"/>
  </way>
  <way id="571025076" version="1" timestamp="2018-03-19T14:46:50Z" changeset="57320324" uid="84681" user="SK53">
    <nd ref="5489000740"/>
    <nd ref="27567834"/>
    <nd ref="1958626204"/>
    <nd ref="1313884094"/>
    <tag k="highway" v="primary"/>
    <tag k="maxspeed" v="30 mph"/>
    <tag k="name" v="Hinckley Road"/>
    <tag k="ref" v="A447"/>
    <tag k="source:maxspeed" v="Bing"/>
    <tag k="source:name" v="NaPTAN"/>
  </way>
  <way id="571027895" version="2" timestamp="2022-09-26T13:33:18Z" changeset="126657022" uid="705850" user="Cebderby">
    <nd ref="1960066108"/>
    <nd ref="27567829"/>
    <nd ref="27567830"/>
    <nd ref="1891256442"/>
    <nd ref="1891142974"/>
    <nd ref="27567831"/>
    <nd ref="27567832"/>
    <nd ref="27567833"/>
    <nd ref="5489000740"/>
    <tag k="highway" v="primary"/>
    <tag k="maxspeed" v="50 mph"/>
    <tag k="name" v="Hinckley Road"/>
    <tag k="ref" v="A447"/>
    <tag k="sidewalk" v="separate"/>
    <tag k="source:name" v="NaPTAN"/>
  </way>
  <way id="578462180" version="1" timestamp="2018-04-10T11:05:25Z" changeset="57968714" uid="3457816" user="Arrow Cars UK">
    <nd ref="4886445474"/>
    <nd ref="4886445471"/>
    <nd ref="4886445446"/>
    <nd ref="4886445465"/>
    <nd ref="4886445462"/>
    <nd ref="4886445484"/>
    <nd ref="4886445452"/>
    <nd ref="4886445482"/>
    <nd ref="4886445447"/>
    <nd ref="4886445453"/>
    <nd ref="4886445501"/>
    <tag k="highway" v="residential"/>
    <tag k="name" v="Harry Lane"/>
    <tag k="source" v="DigitalGlobe imagery"/>
    <tag k="source:name" v="OS_OpenData_Locator"/>
  </way>
  <way id="578462331" version="3" timestamp="2020-09-29T23:23:10Z" changeset="91732561" uid="705850" user="Cebderby">
    <nd ref="4886445474"/>
    <nd ref="6314410230"/>
    <nd ref="7956498508"/>
    <tag k="highway" v="residential"/>
    <tag k="name" v="Frances Way"/>
  </way>
  <way id="667932449" version="7" timestamp="2020-10-27T11:00:32Z" changeset="93115634" uid="10126615" user="neerdixi">
    <nd ref="251071865"/>
    <nd ref="251071866"/>
    <nd ref="1903831978"/>
    <nd ref="251071867"/>
    <nd ref="8050142440"/>
    <nd ref="251071868"/>
    <nd ref="251071869"/>
    <nd ref="7698624147"/>
    <nd ref="7698624136"/>
    <nd ref="7698624146"/>
    <nd ref="7698624132"/>
    <nd ref="4385112210"/>
    <nd ref="251071891"/>
    <nd ref="4738684912"/>
    <nd ref="251071892"/>
    <nd ref="251071893"/>
    <nd ref="251071894"/>
    <nd ref="4385113954"/>
    <nd ref="251071895"/>
    <nd ref="251071896"/>
    <nd ref="251071897"/>
    <nd ref="251071898"/>
    <nd ref="251071899"/>
    <nd ref="6337064475"/>
    <nd ref="251071900"/>
    <nd ref="4745831115"/>
    <nd ref="251071901"/>
    <nd ref="3566373284"/>
    <nd ref="4738684926"/>
    <nd ref="251071902"/>
    <nd ref="6863890530"/>
    <nd ref="251071903"/>
    <nd ref="251071904"/>
    <nd ref="3221659482"/>
    <nd ref="251071905"/>
    <nd ref="5554374689"/>
    <nd ref="3221659481"/>
    <nd ref="5554374708"/>
    <nd ref="6738405342"/>
    <nd ref="7653094349"/>
    <nd ref="251071906"/>
    <nd ref="251071907"/>
    <nd ref="4738662983"/>
    <nd ref="251071908"/>
    <nd ref="3221659486"/>
    <nd ref="251071909"/>
    <nd ref="251071910"/>
    <tag k="highway" v="tertiary"/>
    <tag k="name" v="Leicester Road"/>
    <tag k="source:name" v="NaPTAN"/>
  </way>
  <way id="669929827" version="5" timestamp="2021-01-08T20:48:50Z" changeset="97190018" uid="53626" user="jambamkin">
    <nd ref="6273967103"/>
    <nd ref="6273967102"/>
    <nd ref="8303879888"/>
    <nd ref="6273967104"/>
    <nd ref="8303879887"/>
    <nd ref="6273967101"/>
    <nd ref="6273967100"/>
    <nd ref="6273967099"/>
    <nd ref="8303879889"/>
    <nd ref="8303879885"/>
    <nd ref="8303879886"/>
    <nd ref="6273967098"/>
    <tag k="fixme" v="check name - all same?"/>
    <tag k="highway" v="residential"/>
    <tag k="name" v="Mill Hood Wood Way"/>
  </way>
  <way id="669929828" version="4" timestamp="2019-09-29T00:43:25Z" changeset="75051228" uid="705850" user="Cebderby">
    <nd ref="102237981"/>
    <nd ref="6273967106"/>
    <nd ref="6273967107"/>
    <nd ref="6273967108"/>
    <nd ref="6833522640"/>
    <nd ref="6833522859"/>
    <nd ref="6273967109"/>
    <tag k="highway" v="residential"/>
    <tag k="name" v="Mill Hood Wood Way"/>
  </way>
  <way id="669929829" version="3" timestamp="2019-09-29T00:43:25Z" changeset="75051228" uid="705850" user="Cebderby">
    <nd ref="6273967110"/>
    <nd ref="6273967124"/>
    <nd ref="6273967125"/>
    <nd ref="6273967126"/>
    <nd ref="6273967127"/>
    <nd ref="6833522611"/>
    <nd ref="6833522591"/>
    <tag k="highway" v="residential"/>
    <tag k="name" v="Coronet Drive"/>
  </way>
  <way id="673313688" version="5" timestamp="2021-01-08T20:48:50Z" changeset="97190018" uid="53626" user="jambamkin">
    <nd ref="6273967120"/>
    <nd ref="6305467844"/>
    <nd ref="6833522821"/>
    <nd ref="7052077805"/>
    <nd ref="6305467860"/>
    <nd ref="6305467846"/>
    <nd ref="6305467847"/>
    <nd ref="6305467848"/>
    <nd ref="6305467856"/>
    <nd ref="8303879884"/>
    <nd ref="6305467849"/>
    <nd ref="6273967098"/>
    <tag k="highway" v="residential"/>
    <tag k="name" v="Mill Hood Wood Way"/>
  </way>
  <way id="673313691" version="3" timestamp="2021-01-08T20:48:50Z" changeset="97190018" uid="53626" user="jambamkin">
    <nd ref="6305467856"/>
    <nd ref="6305467857"/>
    <nd ref="8303879881"/>
    <nd ref="6305467858"/>
    <nd ref="8303879880"/>
    <nd ref="8303879882"/>
    <nd ref="8303879883"/>
    <nd ref="6833522705"/>
    <nd ref="6305467859"/>
    <tag k="fixme" v="check name"/>
    <tag k="highway" v="residential"/>
  </way>
  <way id="673313693" version="1" timestamp="2019-02-27T10:54:46Z" changeset="67613380" uid="9196095" user="mhdrahm">
    <nd ref="6305467865"/>
    <nd ref="6305467866"/>
    <nd ref="6305467867"/>
    <tag k="highway" v="residential"/>
  </way>
  <way id="674247483" version="1" timestamp="2019-03-03T15:00:33Z" changeset="67739087" uid="705850" user="Cebderby">
    <nd ref="1171903027"/>
    <nd ref="6314409877"/>
    <tag k="highway" v="residential"/>
    <tag k="name" v="Flatts Close"/>
  </way>
  <way id="674247487" version="1" timestamp="2019-03-03T15:00:34Z" changeset="67739087" uid="705850" user="Cebderby">
    <nd ref="4886445463"/>
    <nd ref="6314410238"/>
    <tag k="highway" v="residential"/>
    <tag k="name" v="William Close"/>
    <tag k="source" v="DigitalGlobe imagery"/>
    <tag k="source:name" v="OS_OpenData_Locator"/>
  </way>
  <way id="674247492" version="2" timestamp="2019-08-23T10:54:06Z" changeset="73660274" uid="162917" user="DLMatthews">
    <nd ref="6314409874"/>
    <nd ref="6314410244"/>
    <nd ref="6314409827"/>
    <nd ref="6314409820"/>
    <nd ref="6314410217"/>
    <nd ref="6314410229"/>
    <nd ref="6314410223"/>
    <tag k="highway" v="residential"/>
    <tag k="name" v="Baker Grove"/>
  </way>
  <way id="674247493" version="1" timestamp="2019-03-03T15:00:34Z" changeset="67739087" uid="705850" user="Cebderby">
    <nd ref="1171902949"/>
    <nd ref="6314410198"/>
    <tag k="highway" v="residential"/>
    <tag k="name" v="Gamble Close"/>
  </way>
  <way id="674247497" version="1" timestamp="2019-03-03T15:00:34Z" changeset="67739087" uid="705850" user="Cebderby">
    <nd ref="6314409830"/>
    <nd ref="4886445473"/>
    <nd ref="6314409862"/>
    <tag k="highway" v="residential"/>
    <tag k="name" v="Howards Close"/>
    <tag k="source" v="DigitalGlobe-Standard"/>
    <tag k="source:name" v="OS_OpenData_Locator"/>
  </way>
  <way id="674247498" version="1" timestamp="2019-03-03T15:00:34Z" changeset="67739087" uid="705850" user="Cebderby">
    <nd ref="6314409844"/>
    <nd ref="6314410194"/>
    <tag k="highway" v="residential"/>
    <tag k="name" v="Flatts Close"/>
  </way>
  <way id="674247503" version="2" timestamp="2019-08-23T10:54:06Z" changeset="73660274" uid="162917" user="DLMatthews">
    <nd ref="6314409860"/>
    <nd ref="6314409874"/>
    <nd ref="6314409858"/>
    <tag k="highway" v="residential"/>
    <tag k="name" v="Baker Grove"/>
  </way>
  <way id="712024602" version="2" timestamp="2025-09-23T20:39:18Z" changeset="172363543" uid="22079293" user="Packmanton">
    <nd ref="6694888052"/>
    <nd ref="6694888054"/>
    <nd ref="6694888055"/>
    <nd ref="6694888053"/>
    <nd ref="6694888052"/>
    <tag k="addr:housename" v="Brookside Garage"/>
    <tag k="addr:postcode" v="LE67 6LR"/>
    <tag k="addr:street" v="Brookside Industrial Estate"/>
    <tag k="building" v="industrial"/>
    <tag k="building:levels" v="1"/>
    <tag k="name" v="Brookside Garage"/>
  </way>
  <way id="712024606" version="5" timestamp="2025-10-06T22:40:17Z" changeset="172935954" uid="95856" user="⇄ john paul jones &amp; gringo">
    <nd ref="6694888063"/>
    <nd ref="6694888064"/>
    <nd ref="6694888065"/>
    <nd ref="6694888060"/>
    <nd ref="6694888063"/>
    <tag k="addr:city" v="Ibstock"/>
    <tag k="addr:country" v="GB"/>
    <tag k="addr:hamlet" v="Brookside Industrial Estate"/>
    <tag k="addr:housename" v="Brookside House"/>
    <tag k="addr:postcode" v="LE67 6LR"/>
    <tag k="addr:street" v="Spring Road"/>
    <tag k="addr:unit" v="6"/>
    <tag k="building" v="commercial"/>
    <tag k="building:levels" v="2"/>
    <tag k="name" v="Printed Ribbon UK"/>
    <tag k="shop" v="yes"/>
    <tag k="smoking" v="no"/>
  </way>
  <way id="717521470" version="3" timestamp="2023-06-16T20:30:52Z" changeset="137428111" uid="1888163" user="RattusMaximus">
    <nd ref="6738418645"/>
    <nd ref="6738418646"/>
    <nd ref="7934983803"/>
    <tag k="access" v="private"/>
    <tag k="highway" v="residential"/>
    <tag k="name" v="Pike Croft Close"/>
  </way>
  <way id="717522809" version="3" timestamp="2020-09-23T16:00:29Z" changeset="91379112" uid="705850" user="Cebderby">
    <nd ref="6273967120"/>
    <nd ref="7934983842"/>
    <nd ref="6833522699"/>
    <nd ref="6833522681"/>
    <nd ref="6833522694"/>
    <nd ref="6833522604"/>
    <nd ref="6273967121"/>
    <nd ref="6273967122"/>
    <nd ref="6273967123"/>
    <nd ref="6273967109"/>
    <tag k="highway" v="residential"/>
    <tag k="name" v="Mill Hood Wood Way"/>
  </way>
  <way id="717522810" version="2" timestamp="2019-09-29T00:43:25Z" changeset="75051228" uid="705850" user="Cebderby">
    <nd ref="6273967114"/>
    <nd ref="6833522864"/>
    <nd ref="6273967115"/>
    <nd ref="6833522753"/>
    <nd ref="6273967116"/>
    <nd ref="6273967117"/>
    <nd ref="6833522637"/>
    <nd ref="6305467865"/>
    <nd ref="6273967118"/>
    <nd ref="6833522647"/>
    <nd ref="6833522769"/>
    <nd ref="6273967119"/>
    <nd ref="6273967120"/>
    <tag k="highway" v="residential"/>
    <tag k="name" v="Coronet Drive"/>
  </way>
  <way id="717522811" version="2" timestamp="2019-09-29T00:43:25Z" changeset="75051228" uid="705850" user="Cebderby">
    <nd ref="6273967109"/>
    <nd ref="6833522823"/>
    <nd ref="6273967110"/>
    <nd ref="6833522601"/>
    <nd ref="6833522712"/>
    <nd ref="6273967111"/>
    <nd ref="6273967112"/>
    <nd ref="6833522761"/>
    <nd ref="6273967113"/>
    <nd ref="6833522593"/>
    <nd ref="6833522626"/>
    <nd ref="6833522706"/>
    <nd ref="6273967114"/>
    <tag k="highway" v="residential"/>
    <tag k="name" v="Coronet Drive"/>
  </way>
  <way id="717523019" version="1" timestamp="2019-08-23T10:45:33Z" changeset="73659857" uid="162917" user="DLMatthews">
    <nd ref="6738458490"/>
    <nd ref="6738458491"/>
    <nd ref="6738458492"/>
    <nd ref="6738458493"/>
    <tag k="highway" v="residential"/>
    <tag k="name" v="Melbourne Park"/>
  </way>
  <way id="729414470" version="3" timestamp="2022-10-28T15:14:17Z" changeset="128179804" uid="872624" user="jlwarlow">
    <nd ref="6833522623"/>
    <nd ref="7934983818"/>
    <nd ref="102237983"/>
    <nd ref="6833522838"/>
    <tag k="highway" v="tertiary"/>
    <tag k="maxspeed" v="30 mph"/>
    <tag k="name" v="Station Road"/>
    <tag k="oneway" v="no"/>
    <tag k="source" v="NaPTAN"/>
  </way>
  <way id="729414476" version="1" timestamp="2019-09-29T00:43:25Z" changeset="75051228" uid="705850" user="Cebderby">
    <nd ref="6273967098"/>
    <nd ref="6273967097"/>
    <nd ref="6833522718"/>
    <nd ref="6833522810"/>
    <nd ref="6833522850"/>
    <nd ref="6273967105"/>
    <nd ref="6273967096"/>
    <nd ref="6833522862"/>
    <nd ref="6833522711"/>
    <nd ref="6833522855"/>
    <nd ref="6273967095"/>
    <tag k="highway" v="residential"/>
    <tag k="name" v="Mill Hood Wood Way"/>
  </way>
  <way id="729414486" version="1" timestamp="2019-09-29T00:43:25Z" changeset="75051228" uid="705850" user="Cebderby">
    <nd ref="6833522865"/>
    <nd ref="6833522677"/>
    <nd ref="6833522615"/>
    <nd ref="6833522598"/>
    <nd ref="6833522827"/>
    <nd ref="6833522643"/>
    <nd ref="6833522599"/>
    <nd ref="6833522622"/>
    <nd ref="6833469084"/>
    <nd ref="6833522652"/>
    <nd ref="6833522631"/>
    <nd ref="6833522658"/>
    <nd ref="6833522726"/>
    <nd ref="6833522614"/>
    <nd ref="6833522585"/>
    <nd ref="102237981"/>
    <nd ref="6833522865"/>
    <tag k="highway" v="tertiary"/>
    <tag k="junction" v="roundabout"/>
  </way>
  <way id="729414487" version="1" timestamp="2019-09-29T00:43:25Z" changeset="75051228" uid="705850" user="Cebderby">
    <nd ref="2407932819"/>
    <nd ref="2407932808"/>
    <nd ref="2407932804"/>
    <tag k="highway" v="residential"/>
    <tag k="name" v="Stonebridge Close"/>
    <tag k="source" v="Bing"/>
    <tag k="source:name" v="OS OpenData Locator"/>
  </way>
  <way id="729414490" version="1" timestamp="2019-09-29T00:43:25Z" changeset="75051228" uid="705850" user="Cebderby">
    <nd ref="6273967095"/>
    <nd ref="6833522802"/>
    <nd ref="4506707311"/>
    <tag k="highway" v="residential"/>
    <tag k="name" v="Mill Hood Wood Way"/>
    <tag k="oneway" v="yes"/>
  </way>
  <way id="729414494" version="1" timestamp="2019-09-29T00:43:25Z" changeset="75051228" uid="705850" user="Cebderby">
    <nd ref="6833522646"/>
    <nd ref="2407932804"/>
    <nd ref="2407932801"/>
    <tag k="highway" v="residential"/>
    <tag k="name" v="Stonebridge Close"/>
    <tag k="source" v="Bing"/>
    <tag k="source:name" v="OS OpenData Locator"/>
  </way>
  <way id="729414501" version="1" timestamp="2019-09-29T00:43:25Z" changeset="75051228" uid="705850" user="Cebderby">
    <nd ref="6305467855"/>
    <nd ref="6273967103"/>
    <nd ref="6833522799"/>
    <tag k="highway" v="residential"/>
    <tag k="name" v="Mill Hood Wood Way"/>
  </way>
  <way id="729414502" version="1" timestamp="2019-09-29T00:43:25Z" changeset="75051228" uid="705850" user="Cebderby">
    <nd ref="6833522623"/>
    <nd ref="6833522794"/>
    <nd ref="6833522726"/>
    <tag k="highway" v="tertiary"/>
    <tag k="name" v="Station Road"/>
    <tag k="oneway" v="yes"/>
    <tag k="source" v="Maxar-Premium"/>
  </way>
  <way id="729414506" version="1" timestamp="2019-09-29T00:43:25Z" changeset="75051228" uid="705850" user="Cebderby">
    <nd ref="2407932771"/>
    <nd ref="6833522863"/>
    <nd ref="6273967095"/>
    <tag k="highway" v="residential"/>
    <tag k="name" v="Mill Hood Wood Way"/>
    <tag k="oneway" v="yes"/>
  </way>
  <way id="729414507" version="1" timestamp="2019-09-29T00:43:25Z" changeset="75051228" uid="705850" user="Cebderby">
    <nd ref="3231214881"/>
    <nd ref="6833522662"/>
    <tag k="highway" v="residential"/>
    <tag k="name" v="Otter Close"/>
  </way>
  <way id="729414516" version="1" timestamp="2019-09-29T00:43:25Z" changeset="75051228" uid="705850" user="Cebderby">
    <nd ref="6273967129"/>
    <nd ref="6833522629"/>
    <nd ref="6833522599"/>
    <tag k="highway" v="tertiary"/>
    <tag k="name" v="Station Road"/>
    <tag k="oneway" v="yes"/>
    <tag k="source" v="Maxar-Premium"/>
  </way>
  <way id="729414518" version="1" timestamp="2019-09-29T00:43:25Z" changeset="75051228" uid="705850" user="Cebderby">
    <nd ref="6833522652"/>
    <nd ref="6833522623"/>
    <tag k="highway" v="tertiary"/>
    <tag k="name" v="Station Road"/>
    <tag k="oneway" v="yes"/>
    <tag k="source" v="Maxar-Premium"/>
  </way>
  <way id="729414526" version="1" timestamp="2019-09-29T00:43:25Z" changeset="75051228" uid="705850" user="Cebderby">
    <nd ref="6833522615"/>
    <nd ref="6833522649"/>
    <nd ref="6273967129"/>
    <tag k="highway" v="tertiary"/>
    <tag k="name" v="Station Road"/>
    <tag k="oneway" v="yes"/>
    <tag k="source" v="Maxar-Premium"/>
  </way>
  <way id="792398177" version="4" timestamp="2025-08-01T14:47:21Z" changeset="169822358" uid="10782281" user="jaxNT">
    <nd ref="7409488145"/>
    <nd ref="7409488146"/>
    <nd ref="7409488147"/>
    <nd ref="7409488148"/>
    <nd ref="7409488149"/>
    <nd ref="7409488150"/>
    <nd ref="7506290093"/>
    <nd ref="7569561478"/>
    <nd ref="7409488142"/>
    <nd ref="7409488141"/>
    <nd ref="7409488134"/>
    <nd ref="7409488140"/>
    <nd ref="7409488143"/>
    <nd ref="7409488144"/>
    <nd ref="1171879003"/>
    <nd ref="7409488139"/>
    <nd ref="7409488138"/>
    <nd ref="7409488137"/>
    <nd ref="7409488136"/>
    <nd ref="7409488135"/>
    <nd ref="7569561476"/>
    <nd ref="7409488145"/>
    <tag k="highway" v="tertiary"/>
    <tag k="junction" v="roundabout"/>
    <tag k="source" v="Maxar"/>
    <tag k="surface" v="asphalt"/>
  </way>
  <way id="792398178" version="3" timestamp="2020-05-29T12:50:36Z" changeset="85947729" uid="705850" user="Cebderby">
    <nd ref="7506290093"/>
    <nd ref="7569561477"/>
    <nd ref="7569561479"/>
    <nd ref="102237979"/>
    <nd ref="6322745177"/>
    <nd ref="5407059336"/>
    <nd ref="6273967128"/>
    <nd ref="102237980"/>
    <nd ref="6833522759"/>
    <nd ref="6273967129"/>
    <tag k="highway" v="tertiary"/>
    <tag k="name" v="Station Road"/>
    <tag k="source" v="NaPTAN"/>
  </way>
  <way id="792398179" version="7" timestamp="2025-08-01T14:47:22Z" changeset="169822359" uid="10782281" user="jaxNT">
    <nd ref="7409488145"/>
    <nd ref="7409488151"/>
    <nd ref="7569561475"/>
    <nd ref="7409488159"/>
    <nd ref="7409488152"/>
    <nd ref="7409488153"/>
    <nd ref="7409488154"/>
    <tag k="highway" v="residential"/>
    <tag k="lane_markings" v="no"/>
    <tag k="name" v="Dale Road"/>
    <tag k="surface" v="asphalt"/>
  </way>
  <way id="792398180" version="7" timestamp="2022-12-12T15:58:10Z" changeset="130004097" uid="705850" user="Cebderby">
    <nd ref="7409488159"/>
    <nd ref="7409488160"/>
    <nd ref="7934981756"/>
    <nd ref="8390649285"/>
    <nd ref="7409488161"/>
    <nd ref="8390649287"/>
    <nd ref="7569561474"/>
    <nd ref="8390649289"/>
    <nd ref="8390649291"/>
    <nd ref="7409488162"/>
    <nd ref="8390649294"/>
    <nd ref="7409488163"/>
    <nd ref="8390649296"/>
    <nd ref="7506290100"/>
    <nd ref="8390649300"/>
    <nd ref="7409488164"/>
    <nd ref="8390649302"/>
    <nd ref="8390649305"/>
    <nd ref="8390649307"/>
    <nd ref="8390649309"/>
    <nd ref="8390649312"/>
    <nd ref="7409488167"/>
    <tag k="highway" v="residential"/>
    <tag k="name" v="Lewis Close"/>
  </way>
  <way id="802462874" version="5" timestamp="2022-12-12T15:58:10Z" changeset="130004097" uid="705850" user="Cebderby">
    <nd ref="7506290085"/>
    <nd ref="7506290089"/>
    <nd ref="7506290094"/>
    <nd ref="7506290090"/>
    <nd ref="7506290091"/>
    <nd ref="7506290092"/>
    <tag k="highway" v="residential"/>
    <tag k="name" v="Satchwell Place"/>
  </way>
  <way id="808023927" version="1" timestamp="2020-05-25T11:53:00Z" changeset="85716194" uid="705850" user="Cebderby">
    <nd ref="7556059215"/>
    <nd ref="7556058355"/>
    <tag k="highway" v="tertiary"/>
    <tag k="name" v="Stanton Lane"/>
    <tag k="oneway" v="yes"/>
  </way>
  <way id="808023928" version="1" timestamp="2020-05-25T11:53:00Z" changeset="85716194" uid="705850" user="Cebderby">
    <nd ref="7556058355"/>
    <nd ref="7556058330"/>
    <nd ref="7556059218"/>
    <tag k="highway" v="tertiary"/>
    <tag k="name" v="Stanton Lane"/>
    <tag k="oneway" v="yes"/>
  </way>
  <way id="808023933" version="1" timestamp="2020-05-25T11:53:00Z" changeset="85716194" uid="705850" user="Cebderby">
    <nd ref="7556059209"/>
    <nd ref="7556058373"/>
    <nd ref="255238190"/>
    <tag k="highway" v="secondary"/>
    <tag k="name" v="West Lane"/>
    <tag k="oneway" v="yes"/>
    <tag k="ref" v="B585"/>
    <tag k="source" v="Maxar"/>
  </way>
  <way id="808023934" version="1" timestamp="2020-05-25T11:53:00Z" changeset="85716194" uid="705850" user="Cebderby">
    <nd ref="255238190"/>
    <nd ref="7556058372"/>
    <nd ref="7556058371"/>
    <nd ref="7556059214"/>
    <tag k="highway" v="secondary"/>
    <tag k="name" v="West Lane"/>
    <tag k="oneway" v="yes"/>
    <tag k="ref" v="B585"/>
    <tag k="source" v="Maxar"/>
  </way>
  <way id="808023935" version="1" timestamp="2020-05-25T11:53:00Z" changeset="85716194" uid="705850" user="Cebderby">
    <nd ref="7556059222"/>
    <nd ref="7556058374"/>
    <nd ref="7556058352"/>
    <nd ref="255238172"/>
    <tag k="highway" v="secondary"/>
    <tag k="name" v="West Lane"/>
    <tag k="oneway" v="yes"/>
    <tag k="ref" v="B585"/>
    <tag k="source" v="Maxar"/>
  </way>
  <way id="808023936" version="1" timestamp="2020-05-25T11:53:00Z" changeset="85716194" uid="705850" user="Cebderby">
    <nd ref="255238172"/>
    <nd ref="7556058375"/>
    <nd ref="7556059204"/>
    <tag k="highway" v="secondary"/>
    <tag k="name" v="West Lane"/>
    <tag k="oneway" v="yes"/>
    <tag k="ref" v="B585"/>
    <tag k="source" v="Maxar"/>
  </way>
  <way id="808023938" version="2" timestamp="2024-05-11T13:32:05Z" changeset="151186502" uid="4626766" user="Edward Smith (MilPop14)">
    <nd ref="7556059222"/>
    <nd ref="7556059224"/>
    <nd ref="7556059200"/>
    <nd ref="7556059201"/>
    <nd ref="7556059202"/>
    <nd ref="7556059203"/>
    <nd ref="7556059204"/>
    <tag k="highway" v="secondary"/>
    <tag k="junction" v="roundabout"/>
    <tag k="source" v="Maxar"/>
  </way>
  <way id="808023939" version="3" timestamp="2023-12-11T18:14:09Z" changeset="145009862" uid="705850" user="Cebderby">
    <nd ref="255238172"/>
    <nd ref="255238194"/>
    <nd ref="255238195"/>
    <nd ref="255238196"/>
    <nd ref="255238197"/>
    <nd ref="255238198"/>
    <nd ref="11410364542"/>
    <nd ref="255238199"/>
    <nd ref="255238200"/>
    <nd ref="255238201"/>
    <nd ref="7782817294"/>
    <nd ref="255238202"/>
    <nd ref="255238203"/>
    <tag k="highway" v="secondary"/>
    <tag k="name" v="West Lane"/>
    <tag k="ref" v="B585"/>
    <tag k="source:name" v="OS OpenData StreetView"/>
  </way>
  <way id="809562568" version="5" timestamp="2025-08-01T14:47:22Z" changeset="169822359" uid="10782281" user="jaxNT">
    <nd ref="7569561419"/>
    <nd ref="10255856763"/>
    <nd ref="10255856725"/>
    <nd ref="7569561418"/>
    <nd ref="7409488154"/>
    <tag k="highway" v="residential"/>
    <tag k="lane_markings" v="no"/>
    <tag k="name" v="Riley Drive"/>
    <tag k="source" v="Maxar"/>
    <tag k="source:name" v="OS_OpenMap_Local"/>
    <tag k="surface" v="asphalt"/>
  </way>
  <way id="809562570" version="1" timestamp="2020-05-29T12:50:36Z" changeset="85947729" uid="705850" user="Cebderby">
    <nd ref="102237599"/>
    <nd ref="7569561442"/>
    <nd ref="6694735145"/>
    <nd ref="102237975"/>
    <tag k="highway" v="tertiary"/>
    <tag k="name" v="Station Road"/>
    <tag k="oneway" v="yes"/>
  </way>
  <way id="809562571" version="2" timestamp="2023-07-11T11:14:17Z" changeset="138375565" uid="8951082" user="AndjelaS">
    <nd ref="7569561443"/>
    <nd ref="7569561444"/>
    <nd ref="7569561445"/>
    <nd ref="11039591321"/>
    <nd ref="11039591323"/>
    <nd ref="11039591320"/>
    <nd ref="11039591319"/>
    <nd ref="11039591322"/>
    <nd ref="11039591318"/>
    <tag k="highway" v="residential"/>
    <tag k="name" v="Cantwell Close"/>
    <tag k="source" v="Maxar"/>
    <tag k="surface" v="paved"/>
  </way>
  <way id="809562576" version="1" timestamp="2020-05-29T12:50:36Z" changeset="85947729" uid="705850" user="Cebderby">
    <nd ref="7569561470"/>
    <nd ref="7409488167"/>
    <nd ref="7569561471"/>
    <tag k="highway" v="residential"/>
  </way>
  <way id="809562577" version="4" timestamp="2025-08-01T14:47:21Z" changeset="169822358" uid="10782281" user="jaxNT">
    <nd ref="7409488154"/>
    <nd ref="10255856764"/>
    <nd ref="7409488156"/>
    <nd ref="10255837396"/>
    <nd ref="7506290092"/>
    <nd ref="7506288869"/>
    <tag k="highway" v="residential"/>
    <tag k="name" v="Pepper Drive"/>
    <tag k="source" v="Maxar"/>
    <tag k="surface" v="asphalt"/>
  </way>
  <way id="809562582" version="1" timestamp="2020-05-29T12:50:36Z" changeset="85947729" uid="705850" user="Cebderby">
    <nd ref="7569562788"/>
    <nd ref="1171878931"/>
    <nd ref="7569562787"/>
    <tag k="highway" v="residential"/>
    <tag k="name" v="Ferndale"/>
  </way>
  <way id="824476290" version="1" timestamp="2020-07-09T08:09:47Z" changeset="87750749" uid="9902286" user="di5order">
    <nd ref="2407932859"/>
    <nd ref="7698624131"/>
    <tag k="highway" v="residential"/>
  </way>
  <way id="824476293" version="1" timestamp="2020-07-09T08:09:47Z" changeset="87750749" uid="9902286" user="di5order">
    <nd ref="7698624136"/>
    <nd ref="7698624137"/>
    <nd ref="7698624138"/>
    <nd ref="7698624139"/>
    <nd ref="7698624140"/>
    <nd ref="7698624141"/>
    <nd ref="7698624142"/>
    <nd ref="7698624143"/>
    <nd ref="7698624144"/>
    <nd ref="7698624145"/>
    <nd ref="7698624146"/>
    <tag k="highway" v="residential"/>
  </way>
  <way id="824479217" version="1" timestamp="2020-07-09T08:15:59Z" changeset="87751126" uid="9902286" user="di5order">
    <nd ref="1171879014"/>
    <nd ref="7698628924"/>
    <tag k="highway" v="residential"/>
  </way>
  <way id="824479218" version="1" timestamp="2020-07-09T08:15:59Z" changeset="87751126" uid="9902286" user="di5order">
    <nd ref="7698628925"/>
    <nd ref="7698628926"/>
    <nd ref="7698628927"/>
    <tag k="highway" v="residential"/>
  </way>
  <way id="850552030" version="1" timestamp="2020-09-23T16:00:29Z" changeset="91379112" uid="705850" user="Cebderby">
    <nd ref="7934983835"/>
    <nd ref="1171881563"/>
    <nd ref="7934983823"/>
    <tag k="highway" v="residential"/>
    <tag k="name" v="Beech Way"/>
  </way>
  <way id="850552039" version="1" timestamp="2020-09-23T16:00:29Z" changeset="91379112" uid="705850" user="Cebderby">
    <nd ref="7934983819"/>
    <nd ref="1171852121"/>
    <nd ref="7934983879"/>
    <tag k="highway" v="residential"/>
    <tag k="name" v="Bernard Close"/>
  </way>
  <way id="881275914" version="3" timestamp="2025-04-01T17:20:06Z" changeset="164385674" uid="417748" user="Dave Venables">
    <nd ref="706859761"/>
    <nd ref="8196444186"/>
    <nd ref="8196444188"/>
    <nd ref="8196444184"/>
    <nd ref="8196444189"/>
    <nd ref="8196444187"/>
    <nd ref="8196444183"/>
    <nd ref="8196444185"/>
    <nd ref="706859761"/>
    <tag k="addr:city" v="Coalville"/>
    <tag k="addr:postcode" v="LE67 6PB"/>
    <tag k="addr:street" v="Hinckley Road"/>
    <tag k="addr:village" v="Ibstock"/>
    <tag k="amenity" v="place_of_worship"/>
    <tag k="building" v="church"/>
    <tag k="denomination" v="anglican"/>
    <tag k="name" v="St Denys"/>
    <tag k="ref:dove" v="15895"/>
    <tag k="religion" v="christian"/>
    <tag k="wikidata" v="Q17542490"/>
  </way>
  <way id="902252725" version="2" timestamp="2021-10-07T12:46:34Z" changeset="112215371" uid="14082056" user="tomkynaston">
    <nd ref="8380524698"/>
    <nd ref="8380524699"/>
    <nd ref="9155312579"/>
    <nd ref="8380524700"/>
    <nd ref="8380524698"/>
    <tag k="building" v="yes"/>
    <tag k="name" v="Countryside Properties"/>
  </way>
  <way id="903371816" version="3" timestamp="2025-04-01T17:00:56Z" changeset="164384848" uid="417748" user="Dave Venables">
    <nd ref="8390316867"/>
    <nd ref="8390316868"/>
    <nd ref="8390316869"/>
    <nd ref="8390316870"/>
    <nd ref="8390316867"/>
    <tag k="addr:city" v="Coalville"/>
    <tag k="addr:housenumber" v="4"/>
    <tag k="addr:postcode" v="LE67 6QH"/>
    <tag k="addr:street" v="Lewis Close"/>
    <tag k="addr:village" v="Ibstock"/>
    <tag k="building" v="house"/>
  </way>
  <way id="903371817" version="3" timestamp="2025-04-01T17:00:56Z" changeset="164384848" uid="417748" user="Dave Venables">
    <nd ref="8390316871"/>
    <nd ref="8390316872"/>
    <nd ref="8390316873"/>
    <nd ref="8390316874"/>
    <nd ref="8390316871"/>
    <tag k="addr:city" v="Coalville"/>
    <tag k="addr:housenumber" v="6"/>
    <tag k="addr:postcode" v="LE67 6QH"/>
    <tag k="addr:street" v="Lewis Close"/>
    <tag k="addr:village" v="Ibstock"/>
    <tag k="building" v="house"/>
  </way>
  <way id="903371818" version="3" timestamp="2025-04-01T17:00:56Z" changeset="164384848" uid="417748" user="Dave Venables">
    <nd ref="8390316875"/>
    <nd ref="8390316876"/>
    <nd ref="8390316877"/>
    <nd ref="8390316878"/>
    <nd ref="8390316875"/>
    <tag k="addr:city" v="Coalville"/>
    <tag k="addr:housenumber" v="8"/>
    <tag k="addr:postcode" v="LE67 6QH"/>
    <tag k="addr:street" v="Lewis Close"/>
    <tag k="addr:village" v="Ibstock"/>
    <tag k="building" v="house"/>
  </way>
  <way id="903371819" version="3" timestamp="2025-04-01T17:00:56Z" changeset="164384848" uid="417748" user="Dave Venables">
    <nd ref="8390316879"/>
    <nd ref="8390316880"/>
    <nd ref="8390316881"/>
    <nd ref="8390316882"/>
    <nd ref="8390316879"/>
    <tag k="addr:city" v="Coalville"/>
    <tag k="addr:housenumber" v="10"/>
    <tag k="addr:postcode" v="LE67 6QH"/>
    <tag k="addr:street" v="Lewis Close"/>
    <tag k="addr:village" v="Ibstock"/>
    <tag k="building" v="house"/>
  </way>
  <way id="903371820" version="3" timestamp="2025-04-01T17:00:56Z" changeset="164384848" uid="417748" user="Dave Venables">
    <nd ref="8390316883"/>
    <nd ref="8390316884"/>
    <nd ref="8390316885"/>
    <nd ref="8390316886"/>
    <nd ref="8390316887"/>
    <nd ref="8390316888"/>
    <nd ref="8390316883"/>
    <tag k="addr:city" v="Coalville"/>
    <tag k="addr:housenumber" v="12"/>
    <tag k="addr:postcode" v="LE67 6QH"/>
    <tag k="addr:street" v="Lewis Close"/>
    <tag k="addr:village" v="Ibstock"/>
    <tag k="building" v="house"/>
  </way>
  <way id="903371821" version="3" timestamp="2025-04-01T17:00:56Z" changeset="164384848" uid="417748" user="Dave Venables">
    <nd ref="8390316889"/>
    <nd ref="8390316890"/>
    <nd ref="8390316891"/>
    <nd ref="8390316892"/>
    <nd ref="8390316893"/>
    <nd ref="8390316894"/>
    <nd ref="8390316889"/>
    <tag k="addr:city" v="Coalville"/>
    <tag k="addr:housenumber" v="14"/>
    <tag k="addr:postcode" v="LE67 6QH"/>
    <tag k="addr:street" v="Lewis Close"/>
    <tag k="addr:village" v="Ibstock"/>
    <tag k="building" v="house"/>
  </way>
  <way id="903409684" version="3" timestamp="2025-08-01T14:47:21Z" changeset="169822358" uid="10782281" user="jaxNT">
    <nd ref="8390649275"/>
    <nd ref="10255837361"/>
    <nd ref="7506288869"/>
    <nd ref="8390649274"/>
    <tag k="highway" v="residential"/>
    <tag k="name" v="Pepper Drive"/>
    <tag k="surface" v="asphalt"/>
  </way>
  <way id="1103108278" version="4" timestamp="2025-08-01T14:47:22Z" changeset="169822359" uid="10782281" user="jaxNT">
    <nd ref="10255856760"/>
    <nd ref="7569561419"/>
    <nd ref="10094693996"/>
    <nd ref="10094693997"/>
    <nd ref="10094693998"/>
    <nd ref="10094693999"/>
    <nd ref="10094694000"/>
    <nd ref="10094694001"/>
    <nd ref="10094694002"/>
    <nd ref="10094694003"/>
    <nd ref="10094694004"/>
    <nd ref="10094694005"/>
    <nd ref="10094694006"/>
    <nd ref="10094694008"/>
    <nd ref="10094694009"/>
    <nd ref="10094694010"/>
    <nd ref="10094694011"/>
    <nd ref="10094694012"/>
    <tag k="highway" v="residential"/>
    <tag k="lane_markings" v="no"/>
    <tag k="name" v="Riley Drive"/>
    <tag k="source:name" v="OS_OpenMap_Local"/>
    <tag k="surface" v="asphalt"/>
  </way>
  <way id="1103108279" version="2" timestamp="2022-12-12T15:58:10Z" changeset="130004097" uid="705850" user="Cebderby">
    <nd ref="7506290094"/>
    <nd ref="7569561473"/>
    <nd ref="7506290095"/>
    <nd ref="10255837388"/>
    <nd ref="7506290096"/>
    <nd ref="7506290097"/>
    <nd ref="7506290098"/>
    <nd ref="10094694007"/>
    <nd ref="7506290099"/>
    <nd ref="10094694015"/>
    <nd ref="10255856736"/>
    <nd ref="10094694016"/>
    <nd ref="10094707417"/>
    <nd ref="10094707418"/>
    <tag k="fixme" v="name?"/>
    <tag k="highway" v="residential"/>
    <tag k="source" v="Maxar"/>
  </way>
  <way id="1121253098" version="1" timestamp="2022-12-12T15:58:10Z" changeset="130004097" uid="705850" user="Cebderby">
    <nd ref="10255856735"/>
    <nd ref="10094707418"/>
    <nd ref="10255837372"/>
    <nd ref="10094707419"/>
    <tag k="highway" v="residential"/>
  </way>
  <way id="1121253099" version="1" timestamp="2022-12-12T15:58:10Z" changeset="130004097" uid="705850" user="Cebderby">
    <nd ref="7506288883"/>
    <nd ref="7506290085"/>
    <nd ref="10255837379"/>
    <nd ref="10094707422"/>
    <tag k="highway" v="residential"/>
    <tag k="name" v="Satchwell Place"/>
  </way>
  <way id="1121253100" version="1" timestamp="2022-12-12T15:58:10Z" changeset="130004097" uid="705850" user="Cebderby">
    <nd ref="10094694011"/>
    <nd ref="10255856761"/>
    <tag k="highway" v="residential"/>
    <tag k="name" v="Riley Drive"/>
  </way>
  <way id="1171252445" version="1" timestamp="2023-05-10T14:07:02Z" changeset="135938607" uid="10370720" user="okwithmydecay">
    <nd ref="2300857068"/>
    <nd ref="10883911094"/>
    <nd ref="10883911095"/>
    <nd ref="10883911096"/>
    <nd ref="2300857068"/>
    <tag k="addr:housenumber" v="55"/>
    <tag k="addr:street" v="Battram Road"/>
    <tag k="amenity" v="townhall"/>
    <tag k="building" v="yes"/>
    <tag k="designation" v="Village Hall"/>
    <tag k="name" v="Battram Access Centre"/>
    <tag k="roof:shape" v="gabled"/>
  </way>
  <way id="1281954813" version="1" timestamp="2024-05-11T13:32:05Z" changeset="151186502" uid="4626766" user="Edward Smith (MilPop14)">
    <nd ref="7556059218"/>
    <nd ref="7556059219"/>
    <nd ref="7556059220"/>
    <nd ref="7556059221"/>
    <nd ref="7556059222"/>
    <tag k="highway" v="secondary"/>
    <tag k="junction" v="roundabout"/>
    <tag k="source" v="Maxar"/>
  </way>
  <way id="1281954814" version="1" timestamp="2024-05-11T13:32:05Z" changeset="151186502" uid="4626766" user="Edward Smith (MilPop14)">
    <nd ref="7556059215"/>
    <nd ref="7556058353"/>
    <nd ref="7556059216"/>
    <nd ref="7556059217"/>
    <nd ref="7556059218"/>
    <tag k="highway" v="secondary"/>
    <tag k="junction" v="roundabout"/>
    <tag k="source" v="Maxar"/>
  </way>
  <way id="1281954857" version="1" timestamp="2024-05-11T13:32:05Z" changeset="151186502" uid="4626766" user="Edward Smith (MilPop14)">
    <nd ref="7556059204"/>
    <nd ref="7556059205"/>
    <nd ref="7556059223"/>
    <nd ref="7556059206"/>
    <nd ref="7556059207"/>
    <nd ref="7556059208"/>
    <nd ref="7556059209"/>
    <nd ref="7556059210"/>
    <nd ref="7556059225"/>
    <nd ref="7556059211"/>
    <nd ref="7556059212"/>
    <nd ref="7556059213"/>
    <nd ref="7556059214"/>
    <nd ref="7556059215"/>
    <tag k="highway" v="secondary"/>
    <tag k="junction" v="roundabout"/>
    <tag k="source" v="Maxar"/>
  </way>
  <way id="1432332275" version="1" timestamp="2025-09-23T16:24:40Z" changeset="172353054" uid="12667" user="Curran1980">
    <nd ref="13165577201"/>
    <nd ref="13165546191"/>
    <nd ref="13165577209"/>
    <nd ref="13165577216"/>
    <nd ref="13165577212"/>
    <nd ref="13165577202"/>
    <nd ref="13165577214"/>
    <nd ref="13165577210"/>
    <nd ref="13165577215"/>
    <nd ref="13165546193"/>
    <nd ref="13165577218"/>
    <nd ref="13165577208"/>
    <nd ref="13165577219"/>
    <nd ref="13165546192"/>
    <nd ref="13165577213"/>
    <nd ref="13165577220"/>
    <nd ref="13165577203"/>
    <nd ref="13165546189"/>
    <nd ref="13165546197"/>
    <nd ref="13165577201"/>
    <tag k="highway" v="secondary"/>
    <tag k="junction" v="roundabout"/>
    <tag k="ref" v="B585"/>
  </way>
  <way id="1432332276" version="1" timestamp="2025-09-23T16:24:40Z" changeset="172353054" uid="12667" user="Curran1980">
    <nd ref="13165577201"/>
    <nd ref="13165546195"/>
    <nd ref="13165577206"/>
    <nd ref="13165577211"/>
    <nd ref="255719606"/>
    <nd ref="13165546199"/>
    <nd ref="13165577207"/>
    <nd ref="13165577216"/>
    <tag k="highway" v="secondary"/>
    <tag k="oneway" v="yes"/>
    <tag k="ref" v="B585"/>
  </way>
  <way id="1432332277" version="1" timestamp="2025-09-23T16:24:40Z" changeset="172353054" uid="12667" user="Curran1980">
    <nd ref="13165577214"/>
    <nd ref="13165546196"/>
    <nd ref="5001187443"/>
    <tag k="highway" v="tertiary"/>
    <tag k="name" v="Station Road"/>
    <tag k="oneway" v="yes"/>
  </way>
  <way id="1432332278" version="1" timestamp="2025-09-23T16:24:40Z" changeset="172353054" uid="12667" user="Curran1980">
    <nd ref="5001187443"/>
    <nd ref="13165577217"/>
    <nd ref="13165546198"/>
    <nd ref="13165546190"/>
    <nd ref="13165577218"/>
    <tag k="highway" v="tertiary"/>
    <tag k="name" v="Station Road"/>
    <tag k="oneway" v="yes"/>
  </way>
  <way id="1432332279" version="1" timestamp="2025-09-23T16:24:40Z" changeset="172353054" uid="12667" user="Curran1980">
    <nd ref="13165577219"/>
    <nd ref="13165577205"/>
    <nd ref="13165546200"/>
    <nd ref="5001187448"/>
    <tag k="highway" v="secondary"/>
    <tag k="oneway" v="yes"/>
    <tag k="ref" v="B585"/>
  </way>
  <way id="1432332280" version="1" timestamp="2025-09-23T16:24:40Z" changeset="172353054" uid="12667" user="Curran1980">
    <nd ref="5001187448"/>
    <nd ref="13165546194"/>
    <nd ref="13165577204"/>
    <nd ref="13165577203"/>
    <tag k="highway" v="secondary"/>
    <tag k="oneway" v="yes"/>
    <tag k="ref" v="B585"/>
  </way>

</osm>
