<?xml version="1.0" encoding="UTF-8"?>
<osm version="0.6" generator="Overpass API 0.7.62.8 e802775f">
<note>The data included in this document is from www.openstreetmap.org. The data is made available under ODbL.</note>
<meta osm_base="2025-10-23T17:51:02Z" areas="2025-10-23T12:46:58Z"/>

  <node id="240023943" lat="53.3611139" lon="-1.0668257" version="27" timestamp="2012-12-09T17:11:24Z" changeset="14215583" uid="61607" user="skylark"/>
  <node id="247490034" lat="53.3627407" lon="-1.1281136" version="9" timestamp="2024-03-11T13:13:50Z" changeset="148505616" uid="6739258" user="John Stanworth"/>
  <node id="304133533" lat="53.3350166" lon="-1.1563064" version="19" timestamp="2014-05-22T15:59:53Z" changeset="22488320" uid="2011702" user="krd_mapper"/>
  <node id="612902714" lat="53.3656397" lon="-1.1205979" version="3" timestamp="2012-06-20T23:51:02Z" changeset="11964237" uid="556942" user="BillyWizz"/>
  <node id="694901383" lat="53.3571971" lon="-1.1090210" version="3" timestamp="2023-12-09T22:46:17Z" changeset="144950210" uid="12616743" user="BassetlawMapper"/>
  <node id="8710464517" lat="53.3255795" lon="-1.1211406" version="1" timestamp="2021-05-07T17:48:14Z" changeset="104334177" uid="11130356" user="Alex_457"/>
  <way id="16963923" version="12" timestamp="2021-10-15T15:07:40Z" changeset="112546957" uid="32952" user="DennisL">
    <nd ref="737896047"/>
    <nd ref="737896281"/>
    <nd ref="175892092"/>
    <nd ref="175892097"/>
    <nd ref="8415119635"/>
    <nd ref="175892106"/>
    <nd ref="175892115"/>
    <nd ref="175892123"/>
    <nd ref="737896423"/>
    <nd ref="175892176"/>
    <nd ref="316938404"/>
    <tag k="highway" v="tertiary"/>
    <tag k="maxspeed" v="70 mph"/>
    <tag k="name" v="Hundred Acre Lane"/>
  </way>
  <way id="27693925" version="15" timestamp="2024-03-19T16:47:24Z" changeset="148871040" uid="6739258" user="John Stanworth">
    <nd ref="304133533"/>
    <nd ref="8414181864"/>
    <nd ref="4328277070"/>
    <nd ref="4328277071"/>
    <nd ref="304133878"/>
    <nd ref="304133879"/>
    <nd ref="4328277078"/>
    <nd ref="304133880"/>
    <nd ref="4328278008"/>
    <nd ref="3605703199"/>
    <nd ref="4328278010"/>
    <nd ref="4328278011"/>
    <nd ref="304133881"/>
    <nd ref="304133882"/>
    <nd ref="4328278034"/>
    <nd ref="4328278043"/>
    <nd ref="304133883"/>
    <nd ref="11730729107"/>
    <nd ref="3426933109"/>
    <nd ref="304133884"/>
    <nd ref="4328278063"/>
    <nd ref="4328278064"/>
    <nd ref="304133885"/>
    <nd ref="4328278065"/>
    <nd ref="4328278067"/>
    <nd ref="11398670958"/>
    <nd ref="4328278068"/>
    <nd ref="304133887"/>
    <nd ref="4328278069"/>
    <nd ref="4328278071"/>
    <nd ref="11398670959"/>
    <nd ref="3426611092"/>
    <nd ref="304133889"/>
    <nd ref="11398670960"/>
    <nd ref="11398670961"/>
    <nd ref="11398670962"/>
    <nd ref="11398670963"/>
    <nd ref="11398670964"/>
    <nd ref="11398670965"/>
    <nd ref="11398670966"/>
    <nd ref="11398670967"/>
    <nd ref="304133890"/>
    <nd ref="11398670968"/>
    <nd ref="11398670969"/>
    <nd ref="11398670970"/>
    <nd ref="11398670971"/>
    <nd ref="304133891"/>
    <nd ref="11398670972"/>
    <nd ref="304133892"/>
    <nd ref="11398670973"/>
    <nd ref="11398670974"/>
    <nd ref="11398670975"/>
    <nd ref="11398670976"/>
    <nd ref="304133893"/>
    <nd ref="11398670978"/>
    <nd ref="11398670979"/>
    <nd ref="304133894"/>
    <nd ref="11398670980"/>
    <nd ref="11398670981"/>
    <nd ref="304133896"/>
    <nd ref="11398670982"/>
    <nd ref="11398670983"/>
    <nd ref="304133897"/>
    <nd ref="11398670985"/>
    <nd ref="11398670986"/>
    <nd ref="304133898"/>
    <nd ref="304133899"/>
    <nd ref="3605673154"/>
    <nd ref="3605673106"/>
    <nd ref="11398670987"/>
    <nd ref="4683620927"/>
    <tag k="highway" v="tertiary"/>
    <tag k="lit" v="no"/>
    <tag k="name" v="Owday Lane"/>
  </way>
  <way id="28524482" version="12" timestamp="2021-10-15T15:11:25Z" changeset="112547121" uid="32952" user="DennisL">
    <nd ref="316938404"/>
    <nd ref="1796477754"/>
    <nd ref="175892179"/>
    <nd ref="1796477753"/>
    <nd ref="1796477756"/>
    <nd ref="737891631"/>
    <nd ref="175892185"/>
    <nd ref="313322320"/>
    <nd ref="4683811662"/>
    <tag k="highway" v="tertiary"/>
    <tag k="lit" v="no"/>
    <tag k="maxspeed" v="70 mph"/>
    <tag k="name" v="Tinkers Hill"/>
  </way>
  <way id="28524494" version="7" timestamp="2023-12-09T22:46:17Z" changeset="144950210" uid="12616743" user="BassetlawMapper">
    <nd ref="248489705"/>
    <nd ref="11398670036"/>
    <nd ref="4683811664"/>
    <nd ref="694901363"/>
    <nd ref="11406390721"/>
    <nd ref="4683811667"/>
    <nd ref="248489706"/>
    <nd ref="11406390748"/>
    <nd ref="11406390749"/>
    <nd ref="694901689"/>
    <nd ref="694901372"/>
    <nd ref="694901690"/>
    <nd ref="11406390698"/>
    <nd ref="694901691"/>
    <nd ref="11406390697"/>
    <nd ref="694901692"/>
    <nd ref="11406384271"/>
    <nd ref="11406384272"/>
    <nd ref="175860853"/>
    <tag k="highway" v="tertiary"/>
    <tag k="lit" v="yes"/>
    <tag k="maxspeed" v="30 mph"/>
    <tag k="name" v="Greenway"/>
  </way>
  <way id="28524644" version="15" timestamp="2022-12-23T12:32:03Z" changeset="130420030" uid="705850" user="Cebderby">
    <nd ref="175860871"/>
    <nd ref="7849203484"/>
    <nd ref="7040710760"/>
    <nd ref="10282182553"/>
    <nd ref="1796473788"/>
    <nd ref="175860882"/>
    <nd ref="175860896"/>
    <nd ref="1796473790"/>
    <nd ref="1796473791"/>
    <nd ref="612902714"/>
    <tag k="highway" v="primary"/>
    <tag k="lit" v="yes"/>
    <tag k="maxspeed" v="30 mph"/>
    <tag k="name" v="Doncaster Road"/>
    <tag k="ref" v="A60"/>
  </way>
  <way id="28827550" version="5" timestamp="2017-02-13T17:02:54Z" changeset="46052664" uid="5296090" user="TR42">
    <nd ref="175860701"/>
    <nd ref="316938438"/>
    <nd ref="316938439"/>
    <nd ref="316938440"/>
    <nd ref="318390524"/>
    <nd ref="316938441"/>
    <tag k="highway" v="tertiary"/>
    <tag k="lit" v="no"/>
    <tag k="name" v="Wigthorpe Lane"/>
  </way>
  <way id="28827559" version="5" timestamp="2019-06-21T09:56:26Z" changeset="71474673" uid="8837712" user="rrkum">
    <nd ref="316938441"/>
    <nd ref="6562628529"/>
    <nd ref="316938442"/>
    <nd ref="316938443"/>
    <nd ref="1796477758"/>
    <nd ref="316938444"/>
    <nd ref="1796477763"/>
    <nd ref="1796477762"/>
    <nd ref="316938445"/>
    <nd ref="175892179"/>
    <tag k="highway" v="tertiary"/>
    <tag k="lit" v="no"/>
    <tag k="name" v="Liquorice Lane"/>
  </way>
  <way id="28827612" version="5" timestamp="2025-04-12T19:43:54Z" changeset="164870435" uid="12616743" user="BassetlawMapper">
    <nd ref="316938404"/>
    <nd ref="316938720"/>
    <nd ref="316938721"/>
    <nd ref="316938722"/>
    <nd ref="12750454187"/>
    <nd ref="316938723"/>
    <nd ref="316938724"/>
    <nd ref="316938725"/>
    <nd ref="316938726"/>
    <nd ref="12750454189"/>
    <nd ref="316938727"/>
    <nd ref="12750454188"/>
    <nd ref="316938728"/>
    <nd ref="12750454186"/>
    <nd ref="316938729"/>
    <nd ref="316938730"/>
    <nd ref="316938732"/>
    <tag k="highway" v="unclassified"/>
    <tag k="name" v="Crossley Hill Lane"/>
  </way>
  <way id="28827641" version="22" timestamp="2025-04-12T19:43:54Z" changeset="164870435" uid="12616743" user="BassetlawMapper">
    <nd ref="240023943"/>
    <nd ref="240023941"/>
    <nd ref="240023937"/>
    <nd ref="6316897033"/>
    <nd ref="240023936"/>
    <nd ref="240023934"/>
    <nd ref="240023931"/>
    <nd ref="175855024"/>
    <nd ref="175874260"/>
    <nd ref="658761908"/>
    <nd ref="175874225"/>
    <nd ref="175873978"/>
    <nd ref="175855031"/>
    <nd ref="316938732"/>
    <nd ref="12750454198"/>
    <nd ref="175874218"/>
    <nd ref="175871310"/>
    <nd ref="3605662392"/>
    <nd ref="313763338"/>
    <nd ref="3426718452"/>
    <nd ref="175855034"/>
    <nd ref="175892085"/>
    <nd ref="737896047"/>
    <nd ref="6452208251"/>
    <nd ref="175871413"/>
    <nd ref="3426625296"/>
    <nd ref="319262134"/>
    <nd ref="12241588285"/>
    <nd ref="6452208233"/>
    <nd ref="318390191"/>
    <nd ref="318390128"/>
    <nd ref="330987309"/>
    <nd ref="8366146028"/>
    <nd ref="8366146032"/>
    <nd ref="3426625371"/>
    <nd ref="175855037"/>
    <nd ref="6318779304"/>
    <nd ref="3426677258"/>
    <nd ref="4683564624"/>
    <tag k="highway" v="secondary"/>
    <tag k="lit" v="no"/>
    <tag k="maxspeed" v="70 mph"/>
    <tag k="name" v="Blyth Road"/>
    <tag k="ref" v="B6045"/>
  </way>
  <way id="28957720" version="3" timestamp="2017-02-13T14:51:57Z" changeset="46048853" uid="5296090" user="TR42">
    <nd ref="316938045"/>
    <nd ref="318390096"/>
    <tag k="highway" v="unclassified"/>
    <tag k="lit" v="yes"/>
    <tag k="name" v="Red Lane"/>
  </way>
  <way id="28957731" version="4" timestamp="2019-05-06T14:06:26Z" changeset="69937976" uid="8683362" user="riteshaw">
    <nd ref="318390127"/>
    <nd ref="6452208241"/>
    <nd ref="318390191"/>
    <tag k="highway" v="unclassified"/>
    <tag k="lit" v="no"/>
    <tag k="name" v="Red Lane"/>
  </way>
  <way id="28957737" version="3" timestamp="2017-02-13T14:51:57Z" changeset="46048853" uid="5296090" user="TR42">
    <nd ref="316938046"/>
    <nd ref="318390096"/>
    <tag k="highway" v="unclassified"/>
    <tag k="lit" v="no"/>
    <tag k="name" v="Red Lane"/>
    <tag k="oneway" v="yes"/>
  </way>
  <way id="28957763" version="6" timestamp="2023-12-06T18:41:52Z" changeset="144839959" uid="12616743" user="BassetlawMapper">
    <nd ref="175860630"/>
    <nd ref="318390487"/>
    <nd ref="1796477759"/>
    <nd ref="1796477755"/>
    <nd ref="318390488"/>
    <nd ref="6895168697"/>
    <nd ref="11398671081"/>
    <nd ref="11398671018"/>
    <nd ref="318390489"/>
    <nd ref="11398671080"/>
    <nd ref="318390490"/>
    <nd ref="6895168688"/>
    <nd ref="318390491"/>
    <nd ref="318390492"/>
    <nd ref="318390493"/>
    <nd ref="11398671079"/>
    <nd ref="318390494"/>
    <nd ref="11398671078"/>
    <nd ref="11398671077"/>
    <nd ref="318390495"/>
    <nd ref="316938440"/>
    <tag k="highway" v="unclassified"/>
    <tag k="lit" v="no"/>
  </way>
  <way id="28957769" version="2" timestamp="2008-12-13T17:13:52Z" changeset="361498" uid="80081" user="JamesCorner">
    <nd ref="318390495"/>
    <nd ref="318390524"/>
    <tag k="created_by" v="Potlatch 0.10f"/>
    <tag k="highway" v="unclassified"/>
  </way>
  <way id="48223130" version="10" timestamp="2024-07-23T14:46:01Z" changeset="154311006" uid="12616743" user="BassetlawMapper">
    <nd ref="612902714"/>
    <nd ref="12070068123"/>
    <nd ref="247430241"/>
    <nd ref="7100767951"/>
    <nd ref="247430242"/>
    <nd ref="6567863881"/>
    <nd ref="247430243"/>
    <nd ref="2514770017"/>
    <nd ref="671538275"/>
    <nd ref="3392676897"/>
    <nd ref="11521976489"/>
    <nd ref="272850418"/>
    <tag k="highway" v="primary"/>
    <tag k="lit" v="yes"/>
    <tag k="name" v="Doncaster Road"/>
    <tag k="ref" v="A60"/>
  </way>
  <way id="48223192" version="10" timestamp="2024-09-26T12:29:57Z" changeset="157126415" uid="10370720" user="okwithmydecay">
    <nd ref="694901639"/>
    <nd ref="11406390620"/>
    <nd ref="694901686"/>
    <nd ref="737898930"/>
    <nd ref="12201462687"/>
    <nd ref="754507694"/>
    <nd ref="754507414"/>
    <nd ref="11406390632"/>
    <nd ref="694901687"/>
    <nd ref="694901688"/>
    <nd ref="11734692862"/>
    <nd ref="612902926"/>
    <tag k="highway" v="residential"/>
    <tag k="lit" v="yes"/>
    <tag k="name" v="Knaton Road"/>
    <tag k="source" v="OS OpenData StreetView"/>
  </way>
  <way id="48223430" version="15" timestamp="2025-06-13T15:27:32Z" changeset="167580535" uid="22999870" user="Ben Hanson">
    <nd ref="304133580"/>
    <nd ref="1796477757"/>
    <nd ref="11709228354"/>
    <nd ref="175860643"/>
    <nd ref="175860695"/>
    <nd ref="11709228343"/>
    <nd ref="175860701"/>
    <nd ref="11709055450"/>
    <nd ref="7603111352"/>
    <nd ref="175860708"/>
    <nd ref="8913478404"/>
    <nd ref="175860715"/>
    <nd ref="1796476868"/>
    <nd ref="11398670341"/>
    <nd ref="175860774"/>
    <nd ref="1796476440"/>
    <nd ref="1796476441"/>
    <nd ref="706554148"/>
    <nd ref="175860794"/>
    <nd ref="6881245662"/>
    <nd ref="11736228729"/>
    <nd ref="175860819"/>
    <nd ref="11398644213"/>
    <nd ref="737892055"/>
    <nd ref="10682498512"/>
    <nd ref="737891884"/>
    <nd ref="9383572989"/>
    <nd ref="737892248"/>
    <nd ref="11398670042"/>
    <nd ref="175860826"/>
    <nd ref="11398670041"/>
    <nd ref="175860846"/>
    <nd ref="11398670040"/>
    <nd ref="737892690"/>
    <nd ref="7113830729"/>
    <nd ref="612902931"/>
    <tag k="highway" v="primary"/>
    <tag k="lit" v="yes"/>
    <tag k="maxspeed" v="30 mph"/>
    <tag k="name" v="High Road"/>
    <tag k="ref" v="A60"/>
  </way>
  <way id="48223504" version="12" timestamp="2024-02-22T21:58:20Z" changeset="147791147" uid="12616743" user="BassetlawMapper">
    <nd ref="8710464517"/>
    <nd ref="318362122"/>
    <nd ref="314652893"/>
    <nd ref="314652828"/>
    <nd ref="314652830"/>
    <nd ref="175860457"/>
    <nd ref="4053034416"/>
    <nd ref="6871222163"/>
    <nd ref="11237175237"/>
    <nd ref="11654675490"/>
    <nd ref="175860590"/>
    <nd ref="11237175249"/>
    <nd ref="11237175236"/>
    <nd ref="314652832"/>
    <nd ref="175860598"/>
    <nd ref="3605673180"/>
    <nd ref="9002973537"/>
    <nd ref="4683620918"/>
    <nd ref="4683620925"/>
    <nd ref="175860607"/>
    <nd ref="4683620922"/>
    <nd ref="3605673170"/>
    <nd ref="316937846"/>
    <nd ref="316938043"/>
    <nd ref="3426611518"/>
    <nd ref="175860613"/>
    <nd ref="175860621"/>
    <nd ref="175860624"/>
    <nd ref="316938045"/>
    <nd ref="316938046"/>
    <nd ref="175860630"/>
    <nd ref="1796477760"/>
    <nd ref="318390312"/>
    <nd ref="175860637"/>
    <nd ref="304133580"/>
    <tag k="highway" v="primary"/>
    <tag k="lit" v="yes"/>
    <tag k="name" v="Carlton Road"/>
    <tag k="ref" v="A60"/>
  </way>
  <way id="55319727" version="13" timestamp="2023-12-09T22:46:17Z" changeset="144950210" uid="12616743" user="BassetlawMapper">
    <nd ref="694901329"/>
    <nd ref="11401346946"/>
    <nd ref="11401346945"/>
    <nd ref="694901332"/>
    <nd ref="11406390589"/>
    <nd ref="754505052"/>
    <nd ref="694901334"/>
    <nd ref="11406390596"/>
    <nd ref="11406390595"/>
    <nd ref="11406390594"/>
    <nd ref="11406390593"/>
    <nd ref="694901337"/>
    <nd ref="754504595"/>
    <nd ref="694901339"/>
    <nd ref="754504338"/>
    <nd ref="9383459905"/>
    <nd ref="8921539759"/>
    <nd ref="737901212"/>
    <nd ref="737901019"/>
    <nd ref="11406390607"/>
    <nd ref="694901343"/>
    <tag k="highway" v="residential"/>
    <tag k="lit" v="yes"/>
    <tag k="name" v="Dadley Road"/>
    <tag k="source" v="OS OpenData StreetView"/>
  </way>
  <way id="55319728" version="8" timestamp="2023-12-07T17:03:05Z" changeset="144874295" uid="12616743" user="BassetlawMapper">
    <nd ref="175860819"/>
    <nd ref="694901350"/>
    <nd ref="11398670043"/>
    <nd ref="694901352"/>
    <nd ref="11398669924"/>
    <nd ref="694901355"/>
    <nd ref="9956324744"/>
    <nd ref="737891996"/>
    <nd ref="694901357"/>
    <nd ref="7986856028"/>
    <nd ref="11401346749"/>
    <nd ref="694901360"/>
    <nd ref="11398670037"/>
    <nd ref="11398670038"/>
    <nd ref="694901363"/>
    <tag k="highway" v="unclassified"/>
    <tag k="lit" v="yes"/>
    <tag k="name" v="Low Street"/>
    <tag k="source" v="OS OpenData StreetView"/>
  </way>
  <way id="55319729" version="3" timestamp="2023-12-09T22:46:17Z" changeset="144950210" uid="12616743" user="BassetlawMapper">
    <nd ref="694901372"/>
    <nd ref="11406390703"/>
    <nd ref="694901374"/>
    <nd ref="11406388784"/>
    <nd ref="11406390702"/>
    <nd ref="11406390701"/>
    <nd ref="694901377"/>
    <tag k="highway" v="unclassified"/>
    <tag k="lit" v="yes"/>
    <tag k="name" v="The Green"/>
    <tag k="source" v="OS7"/>
  </way>
  <way id="55319730" version="6" timestamp="2019-10-08T22:21:36Z" changeset="75432520" uid="7527410" user="Mr A">
    <nd ref="694901377"/>
    <nd ref="6861680558"/>
    <nd ref="737893641"/>
    <nd ref="694901383"/>
    <tag k="highway" v="unclassified"/>
    <tag k="lit" v="yes"/>
    <tag k="name" v="Woodhouse Lane"/>
    <tag k="source" v="OS7"/>
  </way>
  <way id="55319732" version="11" timestamp="2024-07-23T14:46:01Z" changeset="154311006" uid="12616743" user="BassetlawMapper">
    <nd ref="247490032"/>
    <nd ref="12070067850"/>
    <nd ref="11408528861"/>
    <nd ref="737887944"/>
    <nd ref="694901568"/>
    <nd ref="12070067898"/>
    <nd ref="737888835"/>
    <nd ref="694901572"/>
    <nd ref="11406389090"/>
    <nd ref="11406389089"/>
    <nd ref="694901575"/>
    <nd ref="12070067957"/>
    <nd ref="694901578"/>
    <nd ref="737888573"/>
    <nd ref="12069661996"/>
    <nd ref="694901580"/>
    <nd ref="5864630870"/>
    <nd ref="694901582"/>
    <tag k="highway" v="residential"/>
    <tag k="lit" v="yes"/>
    <tag k="name" v="Northumberland Avenue"/>
    <tag k="source" v="OS OpenData StreetView"/>
  </way>
  <way id="55319733" version="10" timestamp="2024-01-16T13:52:50Z" changeset="146324847" uid="6739258" user="John Stanworth">
    <nd ref="694901591"/>
    <nd ref="7062408695"/>
    <nd ref="6570833204"/>
    <nd ref="7100950083"/>
    <nd ref="694901593"/>
    <nd ref="694901596"/>
    <nd ref="5864631793"/>
    <nd ref="6877846287"/>
    <nd ref="5864630873"/>
    <nd ref="694901598"/>
    <nd ref="694901600"/>
    <nd ref="5864630851"/>
    <nd ref="1796473787"/>
    <nd ref="5864630860"/>
    <nd ref="1796473784"/>
    <nd ref="5864630872"/>
    <nd ref="11521976495"/>
    <nd ref="694901582"/>
    <tag k="highway" v="unclassified"/>
    <tag k="lit" v="yes"/>
    <tag k="name" v="Lawn Road"/>
    <tag k="source" v="OS OpenData StreetView"/>
  </way>
  <way id="55319734" version="5" timestamp="2024-07-23T10:40:55Z" changeset="154300604" uid="12616743" user="BassetlawMapper">
    <nd ref="694901582"/>
    <nd ref="12069661995"/>
    <nd ref="11521976490"/>
    <nd ref="694901608"/>
    <nd ref="612902714"/>
    <tag k="highway" v="residential"/>
    <tag k="lit" v="yes"/>
    <tag k="name" v="Lawn Road"/>
    <tag k="source" v="OS OpenData StreetView"/>
  </way>
  <way id="55319735" version="7" timestamp="2023-12-09T22:46:17Z" changeset="144950210" uid="12616743" user="BassetlawMapper">
    <nd ref="694901332"/>
    <nd ref="11406390561"/>
    <nd ref="11401346947"/>
    <nd ref="754504611"/>
    <nd ref="9383459897"/>
    <nd ref="694901626"/>
    <tag k="highway" v="residential"/>
    <tag k="lit" v="yes"/>
    <tag k="name" v="Oxford Road"/>
    <tag k="source" v="OS OpenData StreetView"/>
  </way>
  <way id="55319736" version="4" timestamp="2023-12-09T22:46:17Z" changeset="144950210" uid="12616743" user="BassetlawMapper">
    <nd ref="694901626"/>
    <nd ref="694901632"/>
    <nd ref="11406390588"/>
    <nd ref="11406390587"/>
    <nd ref="694901634"/>
    <nd ref="11406390586"/>
    <nd ref="11406390585"/>
    <nd ref="11406390584"/>
    <nd ref="694901637"/>
    <nd ref="694901639"/>
    <tag k="highway" v="residential"/>
    <tag k="lit" v="yes"/>
    <tag k="name" v="Oxford Road"/>
    <tag k="source" v="OS OpenData StreetView"/>
  </way>
  <way id="55319762" version="12" timestamp="2024-09-26T13:39:37Z" changeset="157129597" uid="10370720" user="okwithmydecay">
    <nd ref="612902926"/>
    <nd ref="11734692863"/>
    <nd ref="694901657"/>
    <nd ref="12201856304"/>
    <nd ref="737898014"/>
    <nd ref="12201856302"/>
    <nd ref="737899060"/>
    <nd ref="754507211"/>
    <nd ref="11408528746"/>
    <nd ref="9383459894"/>
    <nd ref="612902928"/>
    <nd ref="9383459891"/>
    <nd ref="8682041890"/>
    <nd ref="612902929"/>
    <nd ref="694901329"/>
    <nd ref="694901658"/>
    <nd ref="612902930"/>
    <nd ref="11401346787"/>
    <nd ref="612902931"/>
    <tag k="highway" v="residential"/>
    <tag k="lit" v="yes"/>
    <tag k="name" v="Long Lane"/>
    <tag k="source" v="NPE"/>
  </way>
  <way id="55319773" version="19" timestamp="2023-12-09T22:46:17Z" changeset="144950210" uid="12616743" user="BassetlawMapper">
    <nd ref="694901657"/>
    <nd ref="11401346948"/>
    <nd ref="694901659"/>
    <nd ref="11401346949"/>
    <nd ref="694901660"/>
    <nd ref="11401346950"/>
    <nd ref="754507342"/>
    <nd ref="11401346951"/>
    <nd ref="11401346952"/>
    <nd ref="694901661"/>
    <nd ref="694901662"/>
    <nd ref="11401346953"/>
    <nd ref="11401346954"/>
    <nd ref="694901663"/>
    <nd ref="11401346955"/>
    <nd ref="11401346956"/>
    <nd ref="11401346957"/>
    <nd ref="694901664"/>
    <nd ref="9383423949"/>
    <nd ref="694901665"/>
    <nd ref="11401346958"/>
    <nd ref="11401346959"/>
    <nd ref="694901666"/>
    <nd ref="11401346960"/>
    <nd ref="11401346961"/>
    <nd ref="694901667"/>
    <nd ref="11401346962"/>
    <nd ref="11401346963"/>
    <nd ref="11401346964"/>
    <nd ref="694901668"/>
    <nd ref="11401346965"/>
    <nd ref="11401346966"/>
    <nd ref="767540816"/>
    <nd ref="11401346967"/>
    <nd ref="11401346968"/>
    <nd ref="694901669"/>
    <nd ref="767540829"/>
    <nd ref="767540842"/>
    <nd ref="11401346978"/>
    <nd ref="11406390634"/>
    <nd ref="11401346979"/>
    <nd ref="694901670"/>
    <nd ref="767540843"/>
    <nd ref="767540932"/>
    <nd ref="767541400"/>
    <nd ref="694901671"/>
    <nd ref="11406390635"/>
    <nd ref="11401346996"/>
    <nd ref="11406390636"/>
    <nd ref="11401346995"/>
    <nd ref="767541486"/>
    <nd ref="694901672"/>
    <nd ref="11401347003"/>
    <nd ref="694901673"/>
    <nd ref="767541531"/>
    <nd ref="11401347008"/>
    <nd ref="694901674"/>
    <nd ref="11401347009"/>
    <nd ref="694901675"/>
    <nd ref="11401347010"/>
    <nd ref="11401347011"/>
    <nd ref="754510278"/>
    <nd ref="11401347012"/>
    <nd ref="767541545"/>
    <nd ref="11401347017"/>
    <nd ref="694901676"/>
    <nd ref="11401347018"/>
    <nd ref="11401347019"/>
    <nd ref="11401347020"/>
    <nd ref="694901677"/>
    <nd ref="767541573"/>
    <nd ref="754509806"/>
    <nd ref="11401347030"/>
    <nd ref="11401347029"/>
    <nd ref="11401347028"/>
    <nd ref="11401347027"/>
    <nd ref="694901678"/>
    <nd ref="11406390638"/>
    <nd ref="11406390639"/>
    <nd ref="694901679"/>
    <nd ref="11406390640"/>
    <nd ref="11406390641"/>
    <nd ref="694901680"/>
    <nd ref="754510246"/>
    <nd ref="11401347040"/>
    <nd ref="11401347041"/>
    <nd ref="694901681"/>
    <nd ref="11406389790"/>
    <nd ref="11401347042"/>
    <nd ref="11401347043"/>
    <nd ref="694901682"/>
    <nd ref="11401347044"/>
    <nd ref="2350817053"/>
    <nd ref="694901683"/>
    <nd ref="11401347045"/>
    <nd ref="694901658"/>
    <tag k="highway" v="residential"/>
    <tag k="lit" v="yes"/>
    <tag k="name" v="Windsor Road"/>
    <tag k="source" v="OS OpenData StreetView"/>
  </way>
  <way id="55319777" version="5" timestamp="2022-01-01T12:35:55Z" changeset="115634617" uid="10252945" user="Sam_parker1">
    <nd ref="694901684"/>
    <nd ref="694901343"/>
    <nd ref="9383510821"/>
    <nd ref="694901685"/>
    <nd ref="9383459898"/>
    <nd ref="754505261"/>
    <nd ref="694901626"/>
    <tag k="highway" v="residential"/>
    <tag k="lit" v="yes"/>
    <tag k="name" v="Beckett Avenue"/>
    <tag k="source" v="OS OpenData StreetView"/>
  </way>
  <way id="55319779" version="3" timestamp="2017-02-13T17:11:00Z" changeset="46052664" uid="5296090" user="TR42">
    <nd ref="694901684"/>
    <nd ref="754503593"/>
    <nd ref="247490032"/>
    <tag k="highway" v="tertiary"/>
    <tag k="lit" v="yes"/>
    <tag k="name" v="Rotherham Baulk"/>
    <tag k="source" v="NPE"/>
  </way>
  <way id="55319782" version="8" timestamp="2020-10-19T09:21:23Z" changeset="92695258" uid="84681" user="SK53">
    <nd ref="247490032"/>
    <nd ref="1796473786"/>
    <nd ref="8021424528"/>
    <nd ref="754503330"/>
    <nd ref="694901591"/>
    <nd ref="754503760"/>
    <nd ref="247490034"/>
    <tag k="highway" v="tertiary"/>
    <tag k="lit" v="yes"/>
    <tag k="name" v="Rotherham Baulk"/>
  </way>
  <way id="56315793" version="3" timestamp="2024-01-16T14:08:00Z" changeset="146325374" uid="6739258" user="John Stanworth">
    <nd ref="11521989392"/>
    <nd ref="11521989387"/>
    <nd ref="11521989398"/>
    <nd ref="11521989389"/>
    <nd ref="706551807"/>
    <nd ref="11521989396"/>
    <nd ref="11521976491"/>
    <nd ref="247430242"/>
    <tag k="highway" v="residential"/>
    <tag k="name" v="Lampman Way"/>
  </way>
  <way id="56315906" version="9" timestamp="2024-01-16T12:32:41Z" changeset="146322063" uid="6739258" user="John Stanworth">
    <nd ref="9383573017"/>
    <nd ref="11398670571"/>
    <nd ref="706554125"/>
    <nd ref="11398670612"/>
    <nd ref="11398670611"/>
    <nd ref="706554135"/>
    <nd ref="11398670610"/>
    <nd ref="7121951790"/>
    <nd ref="706554143"/>
    <nd ref="11398670609"/>
    <nd ref="706554144"/>
    <nd ref="11398670608"/>
    <nd ref="11521833583"/>
    <nd ref="706554146"/>
    <nd ref="706554147"/>
    <nd ref="11398670658"/>
    <nd ref="706554148"/>
    <tag k="highway" v="unclassified"/>
    <tag k="lit" v="yes"/>
    <tag k="name" v="Church Lane"/>
    <tag k="source" v="OS OpenData StreetView"/>
  </way>
  <way id="59484745" version="6" timestamp="2024-07-23T10:40:55Z" changeset="154300604" uid="12616743" user="BassetlawMapper">
    <nd ref="737887944"/>
    <nd ref="11406389093"/>
    <nd ref="737888454"/>
    <nd ref="11406389092"/>
    <nd ref="737888464"/>
    <nd ref="11406389094"/>
    <nd ref="11406389095"/>
    <nd ref="11406389096"/>
    <nd ref="737888480"/>
    <nd ref="737888495"/>
    <nd ref="11406389097"/>
    <nd ref="11406389098"/>
    <nd ref="737888511"/>
    <nd ref="737889033"/>
    <nd ref="737889152"/>
    <nd ref="737888533"/>
    <nd ref="12069661997"/>
    <nd ref="12069661998"/>
    <nd ref="12069661999"/>
    <nd ref="737888548"/>
    <nd ref="737888573"/>
    <tag k="highway" v="residential"/>
    <tag k="lit" v="yes"/>
    <tag k="name" v="Westmorland Drive"/>
    <tag k="source" v="OS OpenData StreetView"/>
  </way>
  <way id="59484746" version="4" timestamp="2017-02-13T17:10:55Z" changeset="46052664" uid="5296090" user="TR42">
    <nd ref="737888644"/>
    <nd ref="737888495"/>
    <tag k="highway" v="residential"/>
    <tag k="lit" v="yes"/>
    <tag k="name" v="Cumberland Close"/>
    <tag k="source" v="OS OpenData StreetView"/>
    <tag k="source:name" v="OS OpenData Locator"/>
  </way>
  <way id="59484756" version="4" timestamp="2023-12-09T22:46:17Z" changeset="144950210" uid="12616743" user="BassetlawMapper">
    <nd ref="737888973"/>
    <nd ref="11406389056"/>
    <nd ref="737888977"/>
    <nd ref="737888995"/>
    <nd ref="737889013"/>
    <nd ref="11406389100"/>
    <nd ref="737889033"/>
    <tag k="highway" v="residential"/>
    <tag k="lit" v="yes"/>
    <tag k="source" v="OS OpenData StreetView"/>
  </way>
  <way id="59484763" version="6" timestamp="2024-07-23T14:46:01Z" changeset="154311006" uid="12616743" user="BassetlawMapper">
    <nd ref="737889293"/>
    <nd ref="12070068122"/>
    <nd ref="11406389099"/>
    <nd ref="737889314"/>
    <nd ref="737889152"/>
    <tag k="highway" v="residential"/>
    <tag k="lit" v="yes"/>
    <tag k="name" v="Sutherland Close"/>
    <tag k="source" v="OS OpenData StreetView"/>
    <tag k="source:name" v="OS OpenData Locator"/>
  </way>
  <way id="59484789" version="6" timestamp="2023-12-07T17:03:05Z" changeset="144874295" uid="12616743" user="BassetlawMapper">
    <nd ref="694901360"/>
    <nd ref="11401346612"/>
    <nd ref="11398670039"/>
    <nd ref="737890023"/>
    <tag k="highway" v="residential"/>
    <tag k="lit" v="yes"/>
    <tag k="name" v="The Cross"/>
    <tag k="source" v="OS OpenData StreetView"/>
    <tag k="source:name" v="OS OpenData Locator"/>
  </way>
  <way id="59484835" version="5" timestamp="2023-12-09T22:46:17Z" changeset="144950210" uid="12616743" user="BassetlawMapper">
    <nd ref="737891573"/>
    <nd ref="11398670159"/>
    <nd ref="737891580"/>
    <nd ref="11406391023"/>
    <nd ref="737891593"/>
    <nd ref="737891603"/>
    <tag k="highway" v="residential"/>
    <tag k="lit" v="yes"/>
    <tag k="name" v="Highfield Grove"/>
    <tag k="source" v="OS OpenData StreetView"/>
  </way>
  <way id="59484841" version="6" timestamp="2023-12-07T17:03:05Z" changeset="144874295" uid="12616743" user="BassetlawMapper">
    <nd ref="737891884"/>
    <nd ref="11398644262"/>
    <nd ref="11401346751"/>
    <nd ref="11401346750"/>
    <nd ref="11398644261"/>
    <nd ref="737891996"/>
    <tag k="highway" v="residential"/>
    <tag k="lit" v="yes"/>
    <tag k="name" v="Chapel Gate"/>
    <tag k="source" v="OS OpenData StreetView"/>
    <tag k="source:name" v="OS OpenData Locator"/>
  </way>
  <way id="59484845" version="6" timestamp="2023-12-06T18:41:52Z" changeset="144839959" uid="12616743" user="BassetlawMapper">
    <nd ref="737892127"/>
    <nd ref="10229699053"/>
    <nd ref="10229699052"/>
    <nd ref="11398644215"/>
    <nd ref="11398644214"/>
    <nd ref="737892133"/>
    <nd ref="737892055"/>
    <tag k="highway" v="residential"/>
    <tag k="lit" v="yes"/>
    <tag k="name" v="Churchfield Close"/>
    <tag k="source" v="OS OpenData StreetView"/>
    <tag k="source:name" v="OS OpenData Locator"/>
  </way>
  <way id="59484854" version="5" timestamp="2023-12-06T18:41:52Z" changeset="144839959" uid="12616743" user="BassetlawMapper">
    <nd ref="737892248"/>
    <nd ref="11398670220"/>
    <nd ref="11398670221"/>
    <nd ref="737892585"/>
    <nd ref="737892602"/>
    <nd ref="11398670219"/>
    <nd ref="737892622"/>
    <nd ref="11398670218"/>
    <nd ref="737892650"/>
    <nd ref="9383572996"/>
    <nd ref="737892689"/>
    <nd ref="737892690"/>
    <tag k="highway" v="residential"/>
    <tag k="lit" v="yes"/>
    <tag k="name" v="Grange Close"/>
    <tag k="source" v="OS OpenData StreetView"/>
  </way>
  <way id="59484858" version="4" timestamp="2023-12-06T18:41:52Z" changeset="144839959" uid="12616743" user="BassetlawMapper">
    <nd ref="737892904"/>
    <nd ref="737892926"/>
    <nd ref="11398670222"/>
    <nd ref="737892585"/>
    <tag k="highway" v="residential"/>
    <tag k="lit" v="yes"/>
    <tag k="name" v="Grange Close"/>
    <tag k="source" v="OS OpenData StreetView"/>
  </way>
  <way id="59484883" version="4" timestamp="2017-02-13T17:10:57Z" changeset="46052664" uid="5296090" user="TR42">
    <nd ref="737893205"/>
    <nd ref="737893219"/>
    <tag k="highway" v="residential"/>
    <tag k="lit" v="yes"/>
    <tag k="name" v="Granary Court"/>
    <tag k="source" v="OS OpenData StreetView"/>
    <tag k="source:name" v="OS OpenData Locator"/>
  </way>
  <way id="59484919" version="6" timestamp="2023-12-09T22:46:17Z" changeset="144950210" uid="12616743" user="BassetlawMapper">
    <nd ref="694901691"/>
    <nd ref="11406388788"/>
    <nd ref="6877816937"/>
    <nd ref="11406390699"/>
    <nd ref="737893607"/>
    <nd ref="11406384362"/>
    <nd ref="11406390700"/>
    <nd ref="6861680556"/>
    <nd ref="737893613"/>
    <nd ref="694901377"/>
    <tag k="highway" v="unclassified"/>
    <tag k="lit" v="yes"/>
    <tag k="source" v="OS OpenData StreetView"/>
  </way>
  <way id="59484936" version="5" timestamp="2017-02-13T17:10:58Z" changeset="46052664" uid="5296090" user="TR42">
    <nd ref="694901383"/>
    <nd ref="2026922242"/>
    <nd ref="4683811660"/>
    <tag k="highway" v="unclassified"/>
    <tag k="lit" v="yes"/>
    <tag k="name" v="Hodsock Lane"/>
  </way>
  <way id="59485140" version="5" timestamp="2024-09-26T13:39:37Z" changeset="157129597" uid="10370720" user="okwithmydecay">
    <nd ref="12201856303"/>
    <nd ref="754507546"/>
    <nd ref="737898896"/>
    <nd ref="737898930"/>
    <tag k="highway" v="residential"/>
    <tag k="lit" v="yes"/>
    <tag k="name" v="Kingston Road"/>
    <tag k="source" v="OS OpenData StreetView"/>
  </way>
  <way id="59485149" version="3" timestamp="2017-02-13T17:10:58Z" changeset="46052664" uid="5296090" user="TR42">
    <nd ref="737899060"/>
    <nd ref="694901632"/>
    <tag k="highway" v="residential"/>
    <tag k="lit" v="yes"/>
    <tag k="name" v="Amanda Avenue"/>
    <tag k="source" v="OS OpenData StreetView"/>
  </way>
  <way id="59485204" version="5" timestamp="2023-12-09T22:46:17Z" changeset="144950210" uid="12616743" user="BassetlawMapper">
    <nd ref="694901639"/>
    <nd ref="754505101"/>
    <nd ref="737900886"/>
    <nd ref="11406390619"/>
    <nd ref="11406390618"/>
    <nd ref="11406390617"/>
    <nd ref="11406390616"/>
    <nd ref="737900903"/>
    <nd ref="11406390615"/>
    <nd ref="737900928"/>
    <nd ref="694901343"/>
    <tag k="highway" v="residential"/>
    <tag k="lit" v="yes"/>
    <tag k="name" v="Le Brun Square"/>
    <tag k="source" v="OS OpenData StreetView"/>
  </way>
  <way id="59485228" version="6" timestamp="2023-12-10T22:12:38Z" changeset="144979118" uid="12616743" user="BassetlawMapper">
    <nd ref="737901019"/>
    <nd ref="737901169"/>
    <nd ref="11408528864"/>
    <nd ref="11406390603"/>
    <nd ref="737901181"/>
    <nd ref="11406390604"/>
    <nd ref="11408528863"/>
    <nd ref="737901196"/>
    <nd ref="6859197302"/>
    <nd ref="11406390605"/>
    <nd ref="11408528862"/>
    <nd ref="737901207"/>
    <nd ref="11406390606"/>
    <nd ref="737901212"/>
    <tag k="highway" v="residential"/>
    <tag k="name" v="Dadley Road"/>
    <tag k="source" v="OS OpenData StreetView"/>
  </way>
  <way id="59485328" version="4" timestamp="2017-02-13T17:10:58Z" changeset="46052664" uid="5296090" user="TR42">
    <nd ref="694901688"/>
    <nd ref="737902101"/>
    <nd ref="754508083"/>
    <nd ref="754508066"/>
    <nd ref="737902116"/>
    <tag k="highway" v="residential"/>
    <tag k="lit" v="yes"/>
    <tag k="name" v="Hawthorn Way"/>
    <tag k="source" v="OS OpenData StreetView"/>
  </way>
  <way id="60500104" version="5" timestamp="2024-09-26T12:27:51Z" changeset="157126327" uid="10370720" user="okwithmydecay">
    <nd ref="754503327"/>
    <nd ref="12201414277"/>
    <nd ref="754503329"/>
    <nd ref="754503330"/>
    <tag k="highway" v="residential"/>
    <tag k="lit" v="yes"/>
    <tag k="name" v="Cleveland Close"/>
    <tag k="not:name" v="Clevland Close"/>
    <tag k="source" v="OS OpenData StreetView"/>
  </way>
  <way id="60500107" version="6" timestamp="2023-12-10T22:12:38Z" changeset="144979118" uid="12616743" user="BassetlawMapper">
    <nd ref="754503580"/>
    <nd ref="8021424545"/>
    <nd ref="11408528865"/>
    <nd ref="754503585"/>
    <nd ref="8021424550"/>
    <nd ref="754503589"/>
    <nd ref="11408528866"/>
    <nd ref="8021424515"/>
    <nd ref="754503614"/>
    <nd ref="754503593"/>
    <tag k="highway" v="residential"/>
    <tag k="lit" v="yes"/>
    <tag k="name" v="Lilac Grove"/>
    <tag k="source" v="OS OpenData StreetView"/>
  </way>
  <way id="60500109" version="3" timestamp="2017-02-13T17:10:52Z" changeset="46052664" uid="5296090" user="TR42">
    <nd ref="754503663"/>
    <nd ref="754503614"/>
    <tag k="highway" v="residential"/>
    <tag k="lit" v="yes"/>
    <tag k="name" v="Lilac Grove"/>
    <tag k="source" v="OS OpenData StreetView"/>
  </way>
  <way id="60500111" version="4" timestamp="2017-02-13T17:10:53Z" changeset="46052664" uid="5296090" user="TR42">
    <nd ref="754503760"/>
    <nd ref="754503853"/>
    <nd ref="754503855"/>
    <nd ref="754503858"/>
    <nd ref="754503860"/>
    <tag k="highway" v="residential"/>
    <tag k="lit" v="yes"/>
    <tag k="name" v="Pentland Drive"/>
    <tag k="source" v="OS OpenData StreetView"/>
    <tag k="source:name" v="OS OpenData Locator"/>
  </way>
  <way id="60500113" version="4" timestamp="2017-02-13T17:10:54Z" changeset="46052664" uid="5296090" user="TR42">
    <nd ref="754503855"/>
    <nd ref="754504029"/>
    <nd ref="754504030"/>
    <tag k="highway" v="residential"/>
    <tag k="lit" v="yes"/>
    <tag k="name" v="Chiltern Way"/>
    <tag k="source" v="OS OpenData StreetView"/>
    <tag k="source:name" v="OS OpenData Locator"/>
  </way>
  <way id="60500116" version="4" timestamp="2023-12-10T22:12:38Z" changeset="144979118" uid="12616743" user="BassetlawMapper">
    <nd ref="754504326"/>
    <nd ref="11406390600"/>
    <nd ref="754504330"/>
    <nd ref="11406390601"/>
    <nd ref="11406390602"/>
    <nd ref="11408528878"/>
    <nd ref="754504332"/>
    <nd ref="754504336"/>
    <nd ref="754504338"/>
    <tag k="highway" v="residential"/>
    <tag k="name" v="North Way"/>
    <tag k="source" v="OS OpenData StreetView"/>
  </way>
  <way id="60500117" version="5" timestamp="2023-12-09T22:46:17Z" changeset="144950210" uid="12616743" user="BassetlawMapper">
    <nd ref="694901334"/>
    <nd ref="11406390597"/>
    <nd ref="754504591"/>
    <nd ref="9383459906"/>
    <nd ref="11406390598"/>
    <nd ref="11406390599"/>
    <nd ref="754504593"/>
    <nd ref="754504595"/>
    <tag k="highway" v="residential"/>
    <tag k="lit" v="yes"/>
    <tag k="name" v="Mulberry Crescent"/>
    <tag k="source" v="OS OpenData StreetView"/>
  </way>
  <way id="60500121" version="4" timestamp="2023-12-09T22:46:17Z" changeset="144950210" uid="12616743" user="BassetlawMapper">
    <nd ref="754504611"/>
    <nd ref="754504917"/>
    <nd ref="11406390562"/>
    <nd ref="11406390563"/>
    <nd ref="754504921"/>
    <nd ref="11406390564"/>
    <nd ref="754504924"/>
    <nd ref="11406390565"/>
    <nd ref="11406390566"/>
    <nd ref="11406390567"/>
    <nd ref="754504927"/>
    <nd ref="11406390568"/>
    <nd ref="11406390569"/>
    <nd ref="754504930"/>
    <nd ref="11406390570"/>
    <nd ref="11406390571"/>
    <nd ref="754504934"/>
    <nd ref="11406390572"/>
    <nd ref="11406390573"/>
    <nd ref="11406390574"/>
    <nd ref="754504936"/>
    <nd ref="11406390575"/>
    <nd ref="11406390576"/>
    <nd ref="754504938"/>
    <nd ref="11406390577"/>
    <nd ref="11406390578"/>
    <nd ref="11406390579"/>
    <nd ref="754504941"/>
    <nd ref="11406390580"/>
    <nd ref="754504943"/>
    <nd ref="11406390581"/>
    <nd ref="11406390582"/>
    <nd ref="754504945"/>
    <nd ref="11406390583"/>
    <nd ref="754504917"/>
    <tag k="highway" v="residential"/>
    <tag k="lit" v="yes"/>
    <tag k="name" v="Ramsden Crescent"/>
    <tag k="source" v="OS OpenData StreetView"/>
  </way>
  <way id="60500122" version="5" timestamp="2023-12-09T22:46:17Z" changeset="144950210" uid="12616743" user="BassetlawMapper">
    <nd ref="754505047"/>
    <nd ref="754505049"/>
    <nd ref="11406390590"/>
    <nd ref="754505051"/>
    <nd ref="11406390591"/>
    <nd ref="11406390592"/>
    <nd ref="754505052"/>
    <tag k="highway" v="residential"/>
    <tag k="lit" v="yes"/>
    <tag k="name" v="Lindrick Close"/>
    <tag k="source" v="OS OpenData StreetView"/>
    <tag k="source:name" v="OS OpenData Locator"/>
  </way>
  <way id="60500124" version="3" timestamp="2017-02-13T17:10:54Z" changeset="46052664" uid="5296090" user="TR42">
    <nd ref="754505101"/>
    <nd ref="754505261"/>
    <tag k="highway" v="residential"/>
    <tag k="lit" v="yes"/>
    <tag k="name" v="Queens Road"/>
    <tag k="source" v="OS OpenData StreetView"/>
  </way>
  <way id="60500126" version="3" timestamp="2023-12-10T22:12:38Z" changeset="144979118" uid="12616743" user="BassetlawMapper">
    <nd ref="754505491"/>
    <nd ref="11408530088"/>
    <nd ref="11408530089"/>
    <nd ref="754505494"/>
    <nd ref="11408530087"/>
    <nd ref="11408530086"/>
    <nd ref="11408530085"/>
    <nd ref="754505496"/>
    <nd ref="11408530084"/>
    <nd ref="754505498"/>
    <tag k="highway" v="residential"/>
    <tag k="name" v="Pinfold Drive"/>
    <tag k="source" v="OS OpenData StreetView"/>
  </way>
  <way id="60500127" version="5" timestamp="2023-12-10T22:12:38Z" changeset="144979118" uid="12616743" user="BassetlawMapper">
    <nd ref="754505770"/>
    <nd ref="11408530101"/>
    <nd ref="754505772"/>
    <nd ref="11408530100"/>
    <nd ref="11408530099"/>
    <nd ref="754505774"/>
    <nd ref="754506548"/>
    <nd ref="754505776"/>
    <nd ref="754505779"/>
    <nd ref="754505911"/>
    <nd ref="11408530091"/>
    <nd ref="754505781"/>
    <nd ref="11408530090"/>
    <nd ref="754505494"/>
    <tag k="highway" v="residential"/>
    <tag k="name" v="Greenfields Way"/>
    <tag k="source" v="OS OpenData StreetView"/>
  </way>
  <way id="60500128" version="4" timestamp="2023-12-10T22:12:38Z" changeset="144979118" uid="12616743" user="BassetlawMapper">
    <nd ref="754505904"/>
    <nd ref="11408530092"/>
    <nd ref="754505906"/>
    <nd ref="11408530093"/>
    <nd ref="754505909"/>
    <nd ref="754505911"/>
    <tag k="highway" v="residential"/>
    <tag k="name" v="Cornfield Close"/>
    <tag k="source" v="OS OpenData StreetView"/>
    <tag k="source:name" v="OS OpenData Locator"/>
  </way>
  <way id="60500129" version="4" timestamp="2023-12-10T22:12:38Z" changeset="144979118" uid="12616743" user="BassetlawMapper">
    <nd ref="754506019"/>
    <nd ref="7934248689"/>
    <nd ref="11408530102"/>
    <nd ref="754506020"/>
    <nd ref="754506021"/>
    <nd ref="11408530103"/>
    <nd ref="7934248691"/>
    <nd ref="754506023"/>
    <nd ref="11408530104"/>
    <nd ref="754506026"/>
    <nd ref="11408530105"/>
    <nd ref="754505774"/>
    <tag k="highway" v="residential"/>
    <tag k="name" v="Shire Close"/>
    <tag k="source" v="OS OpenData StreetView"/>
  </way>
  <way id="60500132" version="3" timestamp="2023-12-10T22:12:38Z" changeset="144979118" uid="12616743" user="BassetlawMapper">
    <nd ref="175860869"/>
    <nd ref="11408530094"/>
    <nd ref="754506542"/>
    <nd ref="11408530096"/>
    <nd ref="11408530097"/>
    <nd ref="11408530098"/>
    <nd ref="754506544"/>
    <nd ref="754506548"/>
    <tag k="highway" v="residential"/>
    <tag k="name" v="Plough Drive"/>
    <tag k="source" v="OS OpenData StreetView"/>
  </way>
  <way id="60500143" version="5" timestamp="2023-12-10T22:12:38Z" changeset="144979118" uid="12616743" user="BassetlawMapper">
    <nd ref="754506542"/>
    <nd ref="754506708"/>
    <nd ref="11408530095"/>
    <nd ref="754506710"/>
    <nd ref="754506712"/>
    <tag k="highway" v="residential"/>
    <tag k="name" v="Harvest Close"/>
    <tag k="source" v="OS OpenData StreetView"/>
    <tag k="source:name" v="OS OpenData Locator"/>
  </way>
  <way id="60500145" version="4" timestamp="2019-10-14T11:49:12Z" changeset="75661692" uid="10252562" user="puppalg">
    <nd ref="754507205"/>
    <nd ref="754507207"/>
    <nd ref="6877951725"/>
    <nd ref="754507209"/>
    <nd ref="754507211"/>
    <tag k="highway" v="residential"/>
    <tag k="lit" v="yes"/>
    <tag k="name" v="Oakham Drive"/>
    <tag k="source" v="OS OpenData StreetView"/>
  </way>
  <way id="60500151" version="6" timestamp="2023-12-10T22:12:38Z" changeset="144979118" uid="12616743" user="BassetlawMapper">
    <nd ref="754507336"/>
    <nd ref="9383423960"/>
    <nd ref="11406389259"/>
    <nd ref="754507338"/>
    <nd ref="11406389258"/>
    <nd ref="11406389257"/>
    <nd ref="754507340"/>
    <nd ref="11408528932"/>
    <nd ref="11406389267"/>
    <nd ref="754507342"/>
    <tag k="highway" v="residential"/>
    <tag k="lit" v="yes"/>
    <tag k="name" v="Windsor Gardens"/>
    <tag k="source" v="OS OpenData StreetView"/>
  </way>
  <way id="60500152" version="4" timestamp="2017-02-13T17:10:54Z" changeset="46052664" uid="5296090" user="TR42">
    <nd ref="754507412"/>
    <nd ref="754507414"/>
    <tag k="highway" v="residential"/>
    <tag k="lit" v="yes"/>
    <tag k="name" v="Cedar Close"/>
    <tag k="source" v="OS OpenData StreetView"/>
    <tag k="source:name" v="OS OpenData Locator"/>
  </way>
  <way id="60500153" version="4" timestamp="2017-02-13T17:10:55Z" changeset="46052664" uid="5296090" user="TR42">
    <nd ref="754507544"/>
    <nd ref="754507637"/>
    <nd ref="754507546"/>
    <tag k="highway" v="residential"/>
    <tag k="lit" v="yes"/>
    <tag k="name" v="Stewart Road"/>
    <tag k="source" v="OS OpenData StreetView"/>
  </way>
  <way id="60500154" version="4" timestamp="2017-02-13T17:10:54Z" changeset="46052664" uid="5296090" user="TR42">
    <nd ref="754507635"/>
    <nd ref="754507637"/>
    <tag k="highway" v="residential"/>
    <tag k="lit" v="yes"/>
    <tag k="name" v="Stewart Close"/>
    <tag k="source" v="OS OpenData StreetView"/>
    <tag k="source:name" v="OS_OpenData_Locator"/>
  </way>
  <way id="60500157" version="5" timestamp="2023-12-09T22:46:17Z" changeset="144950210" uid="12616743" user="BassetlawMapper">
    <nd ref="754507694"/>
    <nd ref="754507883"/>
    <nd ref="11406390631"/>
    <nd ref="754508239"/>
    <nd ref="754507886"/>
    <nd ref="11406390630"/>
    <nd ref="11406390629"/>
    <nd ref="754507889"/>
    <nd ref="11406390628"/>
    <nd ref="754507892"/>
    <tag k="highway" v="residential"/>
    <tag k="lit" v="yes"/>
    <tag k="name" v="Sycamore Road"/>
    <tag k="source" v="OS OpenData StreetView"/>
  </way>
  <way id="60500158" version="5" timestamp="2017-02-13T17:10:54Z" changeset="46052664" uid="5296090" user="TR42">
    <nd ref="754507892"/>
    <nd ref="754508925"/>
    <nd ref="754508246"/>
    <nd ref="754509016"/>
    <nd ref="754508066"/>
    <tag k="highway" v="residential"/>
    <tag k="lit" v="yes"/>
    <tag k="name" v="Willow Avenue"/>
  </way>
  <way id="60500159" version="3" timestamp="2017-02-13T17:10:53Z" changeset="46052664" uid="5296090" user="TR42">
    <nd ref="754508083"/>
    <nd ref="754508239"/>
    <tag k="highway" v="residential"/>
    <tag k="lit" v="yes"/>
    <tag k="name" v="Beech Grove"/>
    <tag k="source" v="OS OpenData StreetView"/>
  </way>
  <way id="60500160" version="4" timestamp="2023-12-09T22:46:17Z" changeset="144950210" uid="12616743" user="BassetlawMapper">
    <nd ref="754508246"/>
    <nd ref="11406390627"/>
    <nd ref="11406390626"/>
    <nd ref="754508431"/>
    <nd ref="11406390625"/>
    <nd ref="11406390624"/>
    <nd ref="754508432"/>
    <nd ref="754508433"/>
    <nd ref="754508434"/>
    <tag k="highway" v="residential"/>
    <tag k="lit" v="yes"/>
    <tag k="name" v="Oak Tree Rise"/>
    <tag k="source" v="OS OpenData StreetView"/>
  </way>
  <way id="60500161" version="3" timestamp="2017-02-13T17:10:54Z" changeset="46052664" uid="5296090" user="TR42">
    <nd ref="754508513"/>
    <nd ref="754508431"/>
    <nd ref="754508516"/>
    <tag k="highway" v="residential"/>
    <tag k="lit" v="yes"/>
    <tag k="source" v="OS OpenData StreetView"/>
  </way>
  <way id="60500163" version="3" timestamp="2017-02-13T17:10:54Z" changeset="46052664" uid="5296090" user="TR42">
    <nd ref="754508432"/>
    <nd ref="754508688"/>
    <nd ref="754508690"/>
    <tag k="highway" v="residential"/>
    <tag k="lit" v="yes"/>
    <tag k="source" v="OS OpenData StreetView"/>
  </way>
  <way id="60500165" version="3" timestamp="2017-02-13T17:10:54Z" changeset="46052664" uid="5296090" user="TR42">
    <nd ref="754508783"/>
    <nd ref="754508688"/>
    <tag k="highway" v="residential"/>
    <tag k="lit" v="yes"/>
    <tag k="source" v="OS OpenData StreetView"/>
  </way>
  <way id="60500172" version="3" timestamp="2017-02-13T17:10:55Z" changeset="46052664" uid="5296090" user="TR42">
    <nd ref="754508923"/>
    <nd ref="754508924"/>
    <nd ref="754508925"/>
    <tag k="highway" v="residential"/>
    <tag k="lit" v="yes"/>
    <tag k="source" v="OS OpenData StreetView"/>
  </way>
  <way id="60500174" version="3" timestamp="2017-02-13T17:10:54Z" changeset="46052664" uid="5296090" user="TR42">
    <nd ref="754509015"/>
    <nd ref="754509016"/>
    <tag k="highway" v="residential"/>
    <tag k="lit" v="yes"/>
    <tag k="source" v="OS OpenData StreetView"/>
  </way>
  <way id="60500175" version="6" timestamp="2023-12-09T22:46:17Z" changeset="144950210" uid="12616743" user="BassetlawMapper">
    <nd ref="754507886"/>
    <nd ref="8021424517"/>
    <nd ref="754509356"/>
    <nd ref="754509531"/>
    <nd ref="11406390623"/>
    <nd ref="11406390622"/>
    <nd ref="754509358"/>
    <nd ref="11406390621"/>
    <nd ref="754509360"/>
    <nd ref="8021424534"/>
    <nd ref="754509363"/>
    <nd ref="754509365"/>
    <tag k="highway" v="residential"/>
    <tag k="lit" v="yes"/>
    <tag k="name" v="Limetree Avenue"/>
    <tag k="source" v="OS OpenData StreetView"/>
  </way>
  <way id="60500176" version="3" timestamp="2017-02-13T17:10:53Z" changeset="46052664" uid="5296090" user="TR42">
    <nd ref="754509489"/>
    <nd ref="754509492"/>
    <nd ref="754509356"/>
    <tag k="highway" v="residential"/>
    <tag k="lit" v="yes"/>
    <tag k="source" v="OS OpenData StreetView"/>
  </way>
  <way id="60500177" version="5" timestamp="2023-12-09T22:46:17Z" changeset="144950210" uid="12616743" user="BassetlawMapper">
    <nd ref="754509806"/>
    <nd ref="754510214"/>
    <nd ref="11401347031"/>
    <nd ref="11401347032"/>
    <nd ref="754510216"/>
    <nd ref="11401347033"/>
    <nd ref="11401347034"/>
    <nd ref="11406390059"/>
    <nd ref="754510218"/>
    <nd ref="11406390058"/>
    <nd ref="11401347035"/>
    <nd ref="754510232"/>
    <nd ref="11406390057"/>
    <nd ref="11401347036"/>
    <nd ref="11406390056"/>
    <nd ref="754510235"/>
    <nd ref="11401347037"/>
    <nd ref="754510239"/>
    <nd ref="11401347038"/>
    <nd ref="11401347039"/>
    <nd ref="754510242"/>
    <nd ref="754510246"/>
    <tag k="highway" v="residential"/>
    <tag k="lit" v="yes"/>
    <tag k="name" v="Warwick Avenue"/>
    <tag k="source" v="OS OpenData StreetView"/>
  </way>
  <way id="60500220" version="5" timestamp="2023-12-09T22:46:17Z" changeset="144950210" uid="12616743" user="BassetlawMapper">
    <nd ref="754510278"/>
    <nd ref="11401347021"/>
    <nd ref="754510707"/>
    <nd ref="11401347022"/>
    <nd ref="754510709"/>
    <nd ref="11401347023"/>
    <nd ref="11406390637"/>
    <nd ref="754510711"/>
    <nd ref="11401347024"/>
    <nd ref="11401347025"/>
    <nd ref="11401347026"/>
    <nd ref="754510713"/>
    <nd ref="694901678"/>
    <tag k="highway" v="residential"/>
    <tag k="lit" v="yes"/>
    <tag k="name" v="Arundel Drive"/>
    <tag k="source" v="OS OpenData StreetView"/>
  </way>
  <way id="61508131" version="3" timestamp="2023-12-09T22:46:17Z" changeset="144950210" uid="12616743" user="BassetlawMapper">
    <nd ref="767540814"/>
    <nd ref="767540815"/>
    <nd ref="11406389338"/>
    <nd ref="767540816"/>
    <tag k="highway" v="residential"/>
    <tag k="lit" v="yes"/>
    <tag k="name" v="Carisbrook Road"/>
    <tag k="source" v="OS OpenData StreetView"/>
  </way>
  <way id="61508132" version="4" timestamp="2023-12-10T22:12:38Z" changeset="144979118" uid="12616743" user="BassetlawMapper">
    <nd ref="767540823"/>
    <nd ref="11408529152"/>
    <nd ref="767540825"/>
    <nd ref="11401346969"/>
    <nd ref="11401346970"/>
    <nd ref="767540826"/>
    <nd ref="11401346971"/>
    <nd ref="11401346972"/>
    <nd ref="767540827"/>
    <nd ref="11401346973"/>
    <nd ref="767540828"/>
    <nd ref="767540829"/>
    <tag k="highway" v="residential"/>
    <tag k="lit" v="yes"/>
    <tag k="name" v="Craithie Road"/>
    <tag k="source" v="OS OpenData StreetView"/>
  </way>
  <way id="61508133" version="4" timestamp="2023-12-10T22:12:38Z" changeset="144979118" uid="12616743" user="BassetlawMapper">
    <nd ref="767540839"/>
    <nd ref="11401346974"/>
    <nd ref="11408529262"/>
    <nd ref="767540840"/>
    <nd ref="11408529263"/>
    <nd ref="11408529264"/>
    <nd ref="11401346975"/>
    <nd ref="11408529265"/>
    <nd ref="11401346976"/>
    <nd ref="11408529266"/>
    <nd ref="11408529267"/>
    <nd ref="11401346977"/>
    <nd ref="767540841"/>
    <nd ref="767540842"/>
    <tag k="highway" v="residential"/>
    <tag k="lit" v="yes"/>
    <tag k="name" v="Craigston Road"/>
    <tag k="source" v="OS OpenData StreetView"/>
  </way>
  <way id="61508135" version="3" timestamp="2017-02-13T17:10:56Z" changeset="46052664" uid="5296090" user="TR42">
    <nd ref="767540843"/>
    <nd ref="767540931"/>
    <nd ref="767540922"/>
    <tag k="highway" v="residential"/>
    <tag k="lit" v="yes"/>
    <tag k="name" v="Glamis Road"/>
    <tag k="source" v="OS OpenData StreetView"/>
  </way>
  <way id="61508139" version="4" timestamp="2023-12-10T22:12:38Z" changeset="144979118" uid="12616743" user="BassetlawMapper">
    <nd ref="767540927"/>
    <nd ref="767540928"/>
    <nd ref="11408529335"/>
    <nd ref="11401346980"/>
    <nd ref="11408529334"/>
    <nd ref="767540929"/>
    <nd ref="11408529333"/>
    <nd ref="11401346981"/>
    <nd ref="11401346982"/>
    <nd ref="11401346983"/>
    <nd ref="767540930"/>
    <nd ref="767540931"/>
    <tag k="highway" v="residential"/>
    <tag k="lit" v="yes"/>
    <tag k="name" v="Stirling Drive"/>
    <tag k="source" v="OS OpenData StreetView"/>
  </way>
  <way id="61508140" version="4" timestamp="2023-12-10T22:12:38Z" changeset="144979118" uid="12616743" user="BassetlawMapper">
    <nd ref="767540932"/>
    <nd ref="11401346984"/>
    <nd ref="767541145"/>
    <nd ref="11408529527"/>
    <nd ref="11401346985"/>
    <nd ref="11401346986"/>
    <nd ref="11408529526"/>
    <nd ref="11401346987"/>
    <nd ref="11408529525"/>
    <nd ref="767541146"/>
    <nd ref="11408529633"/>
    <nd ref="11401346988"/>
    <nd ref="767541149"/>
    <nd ref="11401346989"/>
    <nd ref="767541153"/>
    <tag k="highway" v="residential"/>
    <tag k="lit" v="yes"/>
    <tag k="name" v="Pembroke Drive"/>
    <tag k="source" v="OS OpenData StreetView"/>
  </way>
  <way id="61508229" version="4" timestamp="2023-12-10T22:12:38Z" changeset="144979118" uid="12616743" user="BassetlawMapper">
    <nd ref="767541394"/>
    <nd ref="11408528913"/>
    <nd ref="767541395"/>
    <nd ref="11401346990"/>
    <nd ref="11401346991"/>
    <nd ref="767541397"/>
    <nd ref="11401346992"/>
    <nd ref="11401346993"/>
    <nd ref="767541398"/>
    <nd ref="11401346994"/>
    <nd ref="767541400"/>
    <tag k="highway" v="residential"/>
    <tag k="lit" v="yes"/>
    <tag k="name" v="Richmond Road"/>
    <tag k="source" v="OS OpenData StreetView"/>
  </way>
  <way id="61508234" version="3" timestamp="2023-12-07T17:03:05Z" changeset="144874295" uid="12616743" user="BassetlawMapper">
    <nd ref="767541482"/>
    <nd ref="11401346997"/>
    <nd ref="767541483"/>
    <nd ref="11401346998"/>
    <nd ref="767541484"/>
    <nd ref="11401346999"/>
    <nd ref="11401347000"/>
    <nd ref="11401347001"/>
    <nd ref="11401347002"/>
    <nd ref="767541485"/>
    <nd ref="767541486"/>
    <tag k="highway" v="residential"/>
    <tag k="lit" v="yes"/>
    <tag k="name" v="Conway Drive"/>
    <tag k="source" v="OS OpenData StreetView"/>
  </way>
  <way id="61508238" version="5" timestamp="2017-02-13T17:10:57Z" changeset="46052664" uid="5296090" user="TR42">
    <nd ref="767541530"/>
    <nd ref="767541537"/>
    <nd ref="767541531"/>
    <tag k="highway" v="residential"/>
    <tag k="lit" v="yes"/>
    <tag k="name" v="Strathaven Road"/>
    <tag k="source" v="OS OpenData StreetView"/>
    <tag k="source:name" v="OS_OpenData_Locator"/>
  </way>
  <way id="61508240" version="4" timestamp="2023-12-10T22:12:38Z" changeset="144979118" uid="12616743" user="BassetlawMapper">
    <nd ref="767541534"/>
    <nd ref="11401347004"/>
    <nd ref="11408530036"/>
    <nd ref="767541535"/>
    <nd ref="11408530037"/>
    <nd ref="11401347005"/>
    <nd ref="11408530038"/>
    <nd ref="11401347006"/>
    <nd ref="11408530039"/>
    <nd ref="767541536"/>
    <nd ref="11401347007"/>
    <nd ref="767541537"/>
    <tag k="highway" v="residential"/>
    <tag k="lit" v="yes"/>
    <tag k="name" v="Balmoral Close"/>
    <tag k="source" v="OS OpenData StreetView"/>
  </way>
  <way id="61508242" version="5" timestamp="2023-12-09T22:46:17Z" changeset="144950210" uid="12616743" user="BassetlawMapper">
    <nd ref="11402590956"/>
    <nd ref="11406388543"/>
    <nd ref="11401347013"/>
    <nd ref="767541542"/>
    <nd ref="11401347014"/>
    <nd ref="11401347015"/>
    <nd ref="11401347016"/>
    <nd ref="767541545"/>
    <tag k="highway" v="residential"/>
    <tag k="lit" v="yes"/>
    <tag k="name" v="Strathmore Drive"/>
    <tag k="source" v="OS OpenData StreetView"/>
  </way>
  <way id="61508246" version="2" timestamp="2017-02-13T17:10:57Z" changeset="46052664" uid="5296090" user="TR42">
    <nd ref="767541572"/>
    <nd ref="767541573"/>
    <tag k="highway" v="residential"/>
    <tag k="lit" v="yes"/>
    <tag k="name" v="Kenilworth Drive"/>
    <tag k="source" v="OS OpenData StreetView"/>
  </way>
  <way id="89256914" version="3" timestamp="2017-02-13T17:10:59Z" changeset="46052664" uid="5296090" user="TR42">
    <nd ref="754503860"/>
    <nd ref="754503863"/>
    <tag k="highway" v="residential"/>
    <tag k="lit" v="yes"/>
    <tag k="name" v="Hambleton Court"/>
    <tag k="source" v="OS OpenData StreetView"/>
    <tag k="source:name" v="OS_OpenData_Locator"/>
  </way>
  <way id="89256919" version="2" timestamp="2017-02-13T17:10:59Z" changeset="46052664" uid="5296090" user="TR42">
    <nd ref="754504030"/>
    <nd ref="754504033"/>
    <nd ref="754504036"/>
    <nd ref="754504039"/>
    <nd ref="754504041"/>
    <nd ref="754504043"/>
    <nd ref="754504033"/>
    <tag k="highway" v="residential"/>
    <tag k="lit" v="yes"/>
    <tag k="name" v="Lowther Square"/>
    <tag k="source" v="OS OpenData StreetView"/>
    <tag k="source:name" v="OS OpenData Locator"/>
  </way>
  <way id="152836589" version="11" timestamp="2024-07-15T16:01:25Z" changeset="153979415" uid="21425661" user="CjMalone">
    <nd ref="1656147754"/>
    <nd ref="2711126428"/>
    <nd ref="1656147758"/>
    <nd ref="7040710755"/>
    <nd ref="7040710757"/>
    <nd ref="7040710758"/>
    <nd ref="7040710756"/>
    <nd ref="1656147755"/>
    <nd ref="1656147757"/>
    <nd ref="1656147759"/>
    <nd ref="1656147760"/>
    <nd ref="1656147754"/>
    <tag k="addr:city" v="Worksop"/>
    <tag k="addr:housenumber" v="29"/>
    <tag k="addr:postcode" v="S81 9JX"/>
    <tag k="addr:street" v="Doncaster Road"/>
    <tag k="addr:suburb" v="Carlton-in-Lindrick"/>
    <tag k="brand" v="The Co-operative Food"/>
    <tag k="brand:wikidata" v="Q107617274"/>
    <tag k="building" v="retail"/>
    <tag k="building:levels" v="1"/>
    <tag k="check_date" v="2024-07-15"/>
    <tag k="check_date:opening_hours" v="2024-07-15"/>
    <tag k="name" v="The Co-operative Food"/>
    <tag k="opening_hours" v="Mo-Sa 07:00-22:00; Su 10:00-16:00"/>
    <tag k="operator" v="Central England Co-operative"/>
    <tag k="operator:wikidata" v="Q16986583"/>
    <tag k="roof:levels" v="0"/>
    <tag k="shop" v="convenience"/>
    <tag k="website" v="https://stores.centralengland.coop/nottinghamshire/worksop/29-doncaster-road"/>
  </way>
  <way id="198430746" version="4" timestamp="2024-07-23T10:40:55Z" changeset="154300604" uid="12616743" user="BassetlawMapper">
    <nd ref="175860871"/>
    <nd ref="10282182572"/>
    <nd ref="1796473785"/>
    <nd ref="12069661994"/>
    <nd ref="247490031"/>
    <nd ref="694901684"/>
    <tag k="highway" v="tertiary"/>
    <tag k="lit" v="yes"/>
    <tag k="name" v="Rotherham Baulk"/>
    <tag k="oneway" v="no"/>
  </way>
  <way id="226221671" version="2" timestamp="2017-02-13T17:11:01Z" changeset="46052664" uid="5296090" user="TR42">
    <nd ref="2350817051"/>
    <nd ref="2350817053"/>
    <tag k="highway" v="residential"/>
    <tag k="lit" v="yes"/>
    <tag k="name" v="Windsor Court"/>
    <tag k="source" v="Bing"/>
    <tag k="source:name" v="OS_OpenData_Locator"/>
  </way>
  <way id="265440705" version="3" timestamp="2024-06-02T01:32:44Z" changeset="152142669" uid="4948143" user="doublah">
    <nd ref="2711113968"/>
    <nd ref="2711113983"/>
    <nd ref="2711114085"/>
    <nd ref="2711114136"/>
    <nd ref="2711114138"/>
    <nd ref="2711113966"/>
    <nd ref="2711114086"/>
    <nd ref="2711114040"/>
    <nd ref="2711114078"/>
    <nd ref="2711114150"/>
    <nd ref="2711114046"/>
    <nd ref="2711114087"/>
    <nd ref="2711114095"/>
    <nd ref="2711114066"/>
    <nd ref="2711113968"/>
    <tag k="addr:housename" v="Civic Centre"/>
    <tag k="amenity" v="events_venue"/>
    <tag k="building" v="public"/>
    <tag k="name" v="Carlton-in-Lindrick Civic Centre"/>
    <tag k="website" v="https://www.civiccentre.org.uk/"/>
  </way>
  <way id="474394221" version="1" timestamp="2017-02-13T14:51:40Z" changeset="46048853" uid="5296090" user="TR42">
    <nd ref="4683620927"/>
    <nd ref="1796477761"/>
    <nd ref="304133580"/>
    <tag k="highway" v="tertiary"/>
    <tag k="lit" v="yes"/>
    <tag k="name" v="Owday Lane"/>
  </way>
  <way id="474394222" version="2" timestamp="2019-05-06T14:06:25Z" changeset="69937976" uid="8683362" user="riteshaw">
    <nd ref="318390096"/>
    <nd ref="318390097"/>
    <nd ref="318390099"/>
    <nd ref="318390100"/>
    <nd ref="318390101"/>
    <nd ref="318390102"/>
    <nd ref="318390104"/>
    <nd ref="318390105"/>
    <nd ref="318390106"/>
    <nd ref="318390107"/>
    <nd ref="318390108"/>
    <nd ref="318390109"/>
    <nd ref="318390110"/>
    <nd ref="318390112"/>
    <nd ref="318390113"/>
    <nd ref="318390114"/>
    <nd ref="318390116"/>
    <nd ref="318390117"/>
    <nd ref="318390118"/>
    <nd ref="318390119"/>
    <nd ref="318390120"/>
    <nd ref="318390121"/>
    <nd ref="318390122"/>
    <nd ref="6452208238"/>
    <nd ref="318390123"/>
    <nd ref="318390124"/>
    <nd ref="318390127"/>
    <nd ref="6452208240"/>
    <nd ref="318390128"/>
    <tag k="highway" v="unclassified"/>
    <tag k="lit" v="no"/>
    <tag k="name" v="Red Lane"/>
  </way>
  <way id="474420435" version="1" timestamp="2017-02-13T17:10:50Z" changeset="46052664" uid="5296090" user="TR42">
    <nd ref="4683811660"/>
    <nd ref="3393954160"/>
    <nd ref="737894393"/>
    <nd ref="3393954157"/>
    <nd ref="737894400"/>
    <nd ref="3393954158"/>
    <nd ref="737894419"/>
    <nd ref="3393954159"/>
    <nd ref="737894430"/>
    <nd ref="737894448"/>
    <nd ref="737894455"/>
    <tag k="highway" v="unclassified"/>
    <tag k="name" v="Hodsock Lane"/>
  </way>
  <way id="474420436" version="8" timestamp="2025-04-10T19:45:03Z" changeset="164785314" uid="5229644" user="Nathan_A_RF">
    <nd ref="694901383"/>
    <nd ref="737893754"/>
    <nd ref="694901385"/>
    <nd ref="6521707034"/>
    <nd ref="8050088900"/>
    <nd ref="694901387"/>
    <nd ref="694901399"/>
    <nd ref="694901401"/>
    <nd ref="694901403"/>
    <nd ref="694901405"/>
    <nd ref="694901408"/>
    <nd ref="2514769995"/>
    <tag k="highway" v="unclassified"/>
    <tag k="name" v="Woodhouse Lane"/>
  </way>
  <way id="474420437" version="4" timestamp="2023-12-06T18:41:52Z" changeset="144839959" uid="12616743" user="BassetlawMapper">
    <nd ref="4683811662"/>
    <nd ref="737891603"/>
    <nd ref="4683811661"/>
    <nd ref="737891089"/>
    <nd ref="8922850020"/>
    <nd ref="8922850022"/>
    <nd ref="4683811666"/>
    <nd ref="11398670034"/>
    <nd ref="11398670035"/>
    <nd ref="737891107"/>
    <nd ref="8922785012"/>
    <nd ref="8922785011"/>
    <nd ref="737890073"/>
    <nd ref="737890023"/>
    <nd ref="248489705"/>
    <tag k="highway" v="tertiary"/>
    <tag k="lit" v="yes"/>
    <tag k="maxspeed" v="30 mph"/>
    <tag k="name" v="Tinkers Hill"/>
  </way>
  <way id="474420438" version="8" timestamp="2024-03-14T22:06:28Z" changeset="148663663" uid="6739258" user="John Stanworth">
    <nd ref="247490034"/>
    <nd ref="11408528877"/>
    <nd ref="4683811670"/>
    <nd ref="10983161373"/>
    <nd ref="247490035"/>
    <nd ref="4683811669"/>
    <nd ref="10983161372"/>
    <nd ref="726958402"/>
    <nd ref="11408528876"/>
    <nd ref="11408528875"/>
    <nd ref="4683811665"/>
    <nd ref="11408528874"/>
    <nd ref="247490036"/>
    <nd ref="11408528873"/>
    <nd ref="11408528872"/>
    <nd ref="4683811663"/>
    <nd ref="726958403"/>
    <nd ref="11408528871"/>
    <nd ref="11408528869"/>
    <nd ref="11408528870"/>
    <nd ref="11408528868"/>
    <nd ref="11408528867"/>
    <nd ref="247490037"/>
    <nd ref="3605673129"/>
    <nd ref="247490038"/>
    <nd ref="247490039"/>
    <nd ref="726958404"/>
    <nd ref="4683811668"/>
    <nd ref="247490040"/>
    <nd ref="726958406"/>
    <nd ref="726958407"/>
    <nd ref="247490041"/>
    <nd ref="247490042"/>
    <nd ref="247490043"/>
    <nd ref="11709234671"/>
    <nd ref="11709228331"/>
    <nd ref="11709228326"/>
    <nd ref="11709234701"/>
    <nd ref="6541213409"/>
    <nd ref="247490044"/>
    <nd ref="11732234947"/>
    <nd ref="247490045"/>
    <nd ref="11732234944"/>
    <nd ref="11732234953"/>
    <nd ref="11732234948"/>
    <nd ref="247490046"/>
    <nd ref="317315017"/>
    <tag k="highway" v="tertiary"/>
    <tag k="lit" v="no"/>
    <tag k="name" v="Rotherham Baulk"/>
    <tag k="sidewalk" v="no"/>
    <tag k="verge" v="yes"/>
  </way>
  <way id="734428194" version="2" timestamp="2023-12-09T22:46:17Z" changeset="144950210" uid="12616743" user="BassetlawMapper">
    <nd ref="6877816937"/>
    <nd ref="6877816938"/>
    <nd ref="11406384344"/>
    <tag k="highway" v="residential"/>
    <tag k="name" v="Green Farm Court"/>
  </way>
  <way id="734441119" version="2" timestamp="2023-12-06T18:41:52Z" changeset="144839959" uid="12616743" user="BassetlawMapper">
    <nd ref="737891573"/>
    <nd ref="6877972429"/>
    <tag k="highway" v="residential"/>
    <tag k="lit" v="yes"/>
    <tag k="name" v="Highfield Grove"/>
  </way>
  <way id="734441120" version="2" timestamp="2023-12-06T18:41:52Z" changeset="144839959" uid="12616743" user="BassetlawMapper">
    <nd ref="737891573"/>
    <nd ref="6877972430"/>
    <tag k="highway" v="residential"/>
    <tag k="lit" v="yes"/>
    <tag k="name" v="Highfield Grove"/>
  </way>
  <way id="852327502" version="2" timestamp="2023-12-10T22:12:38Z" changeset="144979118" uid="12616743" user="BassetlawMapper">
    <nd ref="754507207"/>
    <nd ref="7950502222"/>
    <tag k="highway" v="residential"/>
    <tag k="lit" v="yes"/>
    <tag k="name" v="Oakham Drive"/>
    <tag k="source" v="OS OpenData StreetView"/>
  </way>
  <way id="860610401" version="1" timestamp="2020-10-19T09:21:23Z" changeset="92695258" uid="84681" user="SK53">
    <nd ref="8021424541"/>
    <nd ref="754508433"/>
    <tag k="highway" v="residential"/>
  </way>
  <way id="1017333102" version="2" timestamp="2023-12-06T18:41:52Z" changeset="144839959" uid="12616743" user="BassetlawMapper">
    <nd ref="175860708"/>
    <nd ref="706554096"/>
    <nd ref="706554104"/>
    <nd ref="11398670892"/>
    <nd ref="706554110"/>
    <nd ref="7116356921"/>
    <nd ref="6044553259"/>
    <nd ref="11398670583"/>
    <nd ref="706554118"/>
    <nd ref="9383573018"/>
    <tag k="highway" v="unclassified"/>
    <tag k="lit" v="yes"/>
    <tag k="name" v="Church Lane"/>
    <tag k="source" v="OS OpenData StreetView"/>
  </way>
  <way id="1017333103" version="1" timestamp="2022-01-01T13:28:51Z" changeset="115636292" uid="10252945" user="Sam_parker1">
    <nd ref="9383573018"/>
    <nd ref="9383573017"/>
    <tag k="bridge" v="yes"/>
    <tag k="highway" v="unclassified"/>
    <tag k="layer" v="1"/>
    <tag k="lit" v="yes"/>
    <tag k="name" v="Church Lane"/>
    <tag k="source" v="OS OpenData StreetView"/>
  </way>
  <way id="1124406826" version="2" timestamp="2024-07-23T10:40:55Z" changeset="154300604" uid="12616743" user="BassetlawMapper">
    <nd ref="10282176540"/>
    <nd ref="10282176539"/>
    <nd ref="10282176538"/>
    <nd ref="10282176537"/>
    <tag k="highway" v="residential"/>
    <tag k="name" v="Cowslip Drive"/>
  </way>
  <way id="1124406831" version="1" timestamp="2022-12-23T12:32:03Z" changeset="130420030" uid="705850" user="Cebderby">
    <nd ref="10282182526"/>
    <nd ref="10282182525"/>
    <nd ref="10282176586"/>
    <tag k="highway" v="residential"/>
    <tag k="name" v="Primrose Court"/>
    <tag k="source" v="OS_OpenMap_Local"/>
  </way>
  <way id="1124406833" version="2" timestamp="2024-07-23T10:40:55Z" changeset="154300604" uid="12616743" user="BassetlawMapper">
    <nd ref="10282176600"/>
    <nd ref="10282176598"/>
    <nd ref="10282176597"/>
    <nd ref="10282176596"/>
    <nd ref="10282176595"/>
    <tag k="highway" v="residential"/>
    <tag k="name" v="Foxglove Place"/>
  </way>
  <way id="1124406839" version="1" timestamp="2022-12-23T12:32:03Z" changeset="130420030" uid="705850" user="Cebderby">
    <nd ref="10282182525"/>
    <nd ref="10282182524"/>
    <nd ref="10282176588"/>
    <nd ref="10282176587"/>
    <nd ref="10282176590"/>
    <nd ref="10282176589"/>
    <nd ref="10282182523"/>
    <nd ref="10282182530"/>
    <tag k="highway" v="residential"/>
    <tag k="name" v="Primrose Court"/>
    <tag k="source" v="OS_OpenMap_Local"/>
  </way>
  <way id="1124406841" version="1" timestamp="2022-12-23T12:32:03Z" changeset="130420030" uid="705850" user="Cebderby">
    <nd ref="10282182532"/>
    <nd ref="10282182531"/>
    <nd ref="10282182530"/>
    <nd ref="10282176591"/>
    <nd ref="10282182529"/>
    <nd ref="10282182528"/>
    <nd ref="10282182561"/>
    <tag k="highway" v="residential"/>
    <tag k="name" v="Bluebell Close"/>
    <tag k="source" v="OS_OpenMap_Local"/>
  </way>
  <way id="1124406843" version="2" timestamp="2024-07-23T10:40:55Z" changeset="154300604" uid="12616743" user="BassetlawMapper">
    <nd ref="10282176591"/>
    <nd ref="10282176592"/>
    <nd ref="10282176593"/>
    <nd ref="10282176594"/>
    <nd ref="10282176595"/>
    <nd ref="10282182543"/>
    <nd ref="10282176583"/>
    <nd ref="10282182542"/>
    <nd ref="10282182534"/>
    <nd ref="10282182541"/>
    <nd ref="10282176602"/>
    <nd ref="10282182540"/>
    <nd ref="10282182539"/>
    <nd ref="10282182538"/>
    <nd ref="10282176603"/>
    <nd ref="10282176604"/>
    <nd ref="10282176605"/>
    <nd ref="10282182558"/>
    <tag k="highway" v="residential"/>
    <tag k="name" v="Snowdrop Gardens"/>
    <tag k="source" v="OS_OpenMap_Local"/>
  </way>
  <way id="1124406846" version="2" timestamp="2024-07-23T10:40:55Z" changeset="154300604" uid="12616743" user="BassetlawMapper">
    <nd ref="10282182548"/>
    <nd ref="10282182552"/>
    <nd ref="10282182547"/>
    <tag k="highway" v="residential"/>
    <tag k="name" v="Harebell Grove"/>
  </way>
  <way id="1124406847" version="2" timestamp="2024-07-23T10:40:55Z" changeset="154300604" uid="12616743" user="BassetlawMapper">
    <nd ref="10282182552"/>
    <nd ref="10282182551"/>
    <nd ref="10282182550"/>
    <nd ref="10282182549"/>
    <nd ref="10282182556"/>
    <tag k="highway" v="residential"/>
    <tag k="name" v="Harebell Grove"/>
  </way>
  <way id="1124406848" version="1" timestamp="2022-12-23T12:32:03Z" changeset="130420030" uid="705850" user="Cebderby">
    <nd ref="10282182564"/>
    <nd ref="10282176532"/>
    <nd ref="10282182563"/>
    <nd ref="10282182562"/>
    <nd ref="10282176584"/>
    <nd ref="10282182561"/>
    <nd ref="10282182560"/>
    <nd ref="10282176533"/>
    <nd ref="10282176536"/>
    <nd ref="10282182559"/>
    <nd ref="10282182558"/>
    <nd ref="10282176606"/>
    <nd ref="10282182557"/>
    <nd ref="10282176537"/>
    <nd ref="10282182556"/>
    <nd ref="10282182555"/>
    <nd ref="10282176541"/>
    <nd ref="10282182554"/>
    <nd ref="10282182553"/>
    <tag k="highway" v="residential"/>
    <tag k="name" v="Poppy Field Way"/>
    <tag k="source" v="OS_OpenMap_Local"/>
  </way>
  <way id="1229126630" version="2" timestamp="2025-06-13T15:44:57Z" changeset="167581279" uid="22999870" user="Ben Hanson">
    <nd ref="11398644265"/>
    <nd ref="11398644263"/>
    <nd ref="11398644264"/>
    <nd ref="11398644266"/>
    <nd ref="11398644265"/>
    <tag k="addr:housenumber" v="7"/>
    <tag k="addr:street" v="Low Street"/>
    <tag k="building" v="yes"/>
    <tag k="name" v="7"/>
  </way>
  <way id="1229126631" version="5" timestamp="2025-09-21T23:28:17Z" changeset="172269123" uid="8857" user="philipcullen">
    <nd ref="11398644267"/>
    <nd ref="11398644265"/>
    <nd ref="11398644266"/>
    <nd ref="11398644268"/>
    <nd ref="11398644267"/>
    <tag k="addr:city" v="Worksop"/>
    <tag k="addr:housenumber" v="6"/>
    <tag k="addr:postcode" v="S81 9EL"/>
    <tag k="addr:street" v="Low Street"/>
    <tag k="building" v="yes"/>
    <tag k="name" v="6"/>
    <tag k="ref:GB:uprn" v="100031291917"/>
  </way>
  <way id="1229126632" version="2" timestamp="2025-06-13T15:44:57Z" changeset="167581279" uid="22999870" user="Ben Hanson">
    <nd ref="11398669869"/>
    <nd ref="11398644267"/>
    <nd ref="11398644268"/>
    <nd ref="11398669870"/>
    <nd ref="11398669869"/>
    <tag k="addr:housenumber" v="5"/>
    <tag k="addr:street" v="Low Street"/>
    <tag k="building" v="yes"/>
    <tag k="name" v="5"/>
  </way>
  <way id="1229126633" version="2" timestamp="2025-06-13T15:44:57Z" changeset="167581279" uid="22999870" user="Ben Hanson">
    <nd ref="11398669871"/>
    <nd ref="11398669869"/>
    <nd ref="11398669870"/>
    <nd ref="11398669872"/>
    <nd ref="11398669871"/>
    <tag k="addr:housenumber" v="4"/>
    <tag k="addr:street" v="Low Street"/>
    <tag k="building" v="yes"/>
    <tag k="name" v="4"/>
  </way>
  <way id="1229126634" version="5" timestamp="2025-09-21T23:28:17Z" changeset="172269123" uid="8857" user="philipcullen">
    <nd ref="11398669873"/>
    <nd ref="11398669871"/>
    <nd ref="11398669872"/>
    <nd ref="11398669874"/>
    <nd ref="11398669873"/>
    <tag k="addr:city" v="Worksop"/>
    <tag k="addr:housenumber" v="3"/>
    <tag k="addr:postcode" v="S81 9EL"/>
    <tag k="addr:street" v="Low Street"/>
    <tag k="building" v="yes"/>
    <tag k="name" v="3"/>
    <tag k="ref:GB:uprn" v="100031291913"/>
  </way>
  <way id="1229126635" version="2" timestamp="2025-06-13T15:44:57Z" changeset="167581279" uid="22999870" user="Ben Hanson">
    <nd ref="11398669878"/>
    <nd ref="11398669873"/>
    <nd ref="11398669874"/>
    <nd ref="11398669877"/>
    <nd ref="11398669878"/>
    <tag k="addr:housenumber" v="2"/>
    <tag k="addr:street" v="Low Street"/>
    <tag k="building" v="yes"/>
    <tag k="name" v="2"/>
  </way>
  <way id="1229126636" version="2" timestamp="2025-06-13T15:44:57Z" changeset="167581279" uid="22999870" user="Ben Hanson">
    <nd ref="11398669878"/>
    <nd ref="11398669877"/>
    <nd ref="11398669876"/>
    <nd ref="11398669875"/>
    <nd ref="11398669878"/>
    <tag k="addr:housenumber" v="1"/>
    <tag k="addr:street" v="Low Street"/>
    <tag k="building" v="yes"/>
    <tag k="name" v="1"/>
  </way>
  <way id="1229126637" version="2" timestamp="2025-06-13T15:44:57Z" changeset="167581279" uid="22999870" user="Ben Hanson">
    <nd ref="11398669882"/>
    <nd ref="11398669879"/>
    <nd ref="11398669880"/>
    <nd ref="11398669881"/>
    <nd ref="11398669882"/>
    <tag k="addr:housename" v="Jubilee Cottage"/>
    <tag k="addr:housenumber" v="2"/>
    <tag k="addr:street" v="Low Street"/>
    <tag k="building" v="yes"/>
    <tag k="name" v="2 Jubilee Cottage"/>
  </way>
  <way id="1229126653" version="4" timestamp="2025-09-21T23:28:17Z" changeset="172269123" uid="8857" user="philipcullen">
    <nd ref="11398670007"/>
    <nd ref="11398670010"/>
    <nd ref="11398670005"/>
    <nd ref="11398670003"/>
    <nd ref="11398670004"/>
    <nd ref="11398670009"/>
    <nd ref="11398670006"/>
    <nd ref="11398670007"/>
    <tag k="addr:city" v="Worksop"/>
    <tag k="addr:housenumber" v="90"/>
    <tag k="addr:postcode" v="S81 9EA"/>
    <tag k="addr:street" v="High Road"/>
    <tag k="building" v="house"/>
    <tag k="ref:GB:uprn" v="100031288847"/>
  </way>
  <way id="1229126654" version="4" timestamp="2025-09-21T23:28:17Z" changeset="172269123" uid="8857" user="philipcullen">
    <nd ref="11398670011"/>
    <nd ref="11398670007"/>
    <nd ref="11398670006"/>
    <nd ref="11398670008"/>
    <nd ref="11398670011"/>
    <tag k="addr:city" v="Worksop"/>
    <tag k="addr:housenumber" v="88"/>
    <tag k="addr:postcode" v="S81 9EA"/>
    <tag k="addr:street" v="High Road"/>
    <tag k="building" v="house"/>
    <tag k="ref:GB:uprn" v="100031288846"/>
  </way>
  <way id="1229126655" version="4" timestamp="2025-09-21T23:28:17Z" changeset="172269123" uid="8857" user="philipcullen">
    <nd ref="11398670017"/>
    <nd ref="11398670015"/>
    <nd ref="11398670016"/>
    <nd ref="11398670014"/>
    <nd ref="11398670013"/>
    <nd ref="11398670012"/>
    <nd ref="11398670018"/>
    <nd ref="11398670017"/>
    <tag k="addr:city" v="Worksop"/>
    <tag k="addr:housenumber" v="86"/>
    <tag k="addr:postcode" v="S81 9EA"/>
    <tag k="addr:street" v="High Road"/>
    <tag k="building" v="house"/>
    <tag k="ref:GB:uprn" v="100031288845"/>
  </way>
  <way id="1229126656" version="4" timestamp="2025-09-21T23:28:17Z" changeset="172269123" uid="8857" user="philipcullen">
    <nd ref="11398670021"/>
    <nd ref="11398670017"/>
    <nd ref="11398670018"/>
    <nd ref="11398670019"/>
    <nd ref="11398670021"/>
    <tag k="addr:city" v="Worksop"/>
    <tag k="addr:housenumber" v="84"/>
    <tag k="addr:postcode" v="S81 9EA"/>
    <tag k="addr:street" v="High Road"/>
    <tag k="building" v="house"/>
    <tag k="ref:GB:uprn" v="100031288844"/>
  </way>
  <way id="1229126657" version="4" timestamp="2025-09-21T23:28:17Z" changeset="172269123" uid="8857" user="philipcullen">
    <nd ref="11398670022"/>
    <nd ref="11398670021"/>
    <nd ref="11398670019"/>
    <nd ref="11398670020"/>
    <nd ref="11398670024"/>
    <nd ref="11398670025"/>
    <nd ref="11398670026"/>
    <nd ref="11398670023"/>
    <nd ref="11398670022"/>
    <tag k="addr:city" v="Worksop"/>
    <tag k="addr:housenumber" v="82"/>
    <tag k="addr:postcode" v="S81 9EA"/>
    <tag k="addr:street" v="High Road"/>
    <tag k="building" v="house"/>
    <tag k="ref:GB:uprn" v="100032188434"/>
  </way>
  <way id="1229126658" version="4" timestamp="2025-09-21T23:28:17Z" changeset="172269123" uid="8857" user="philipcullen">
    <nd ref="11398670033"/>
    <nd ref="11398670030"/>
    <nd ref="11398670028"/>
    <nd ref="11398669967"/>
    <nd ref="11398669966"/>
    <nd ref="11398670027"/>
    <nd ref="11398670029"/>
    <nd ref="11398670031"/>
    <nd ref="11398670032"/>
    <nd ref="11398670033"/>
    <tag k="addr:city" v="Worksop"/>
    <tag k="addr:housenumber" v="80"/>
    <tag k="addr:postcode" v="S81 9EB"/>
    <tag k="addr:street" v="High Road"/>
    <tag k="building" v="house"/>
    <tag k="ref:GB:uprn" v="100031288843"/>
  </way>
  <way id="1229126659" version="4" timestamp="2025-09-21T23:28:17Z" changeset="172269123" uid="8857" user="philipcullen">
    <nd ref="11398670047"/>
    <nd ref="11398670046"/>
    <nd ref="11398670045"/>
    <nd ref="11398670044"/>
    <nd ref="11398670047"/>
    <tag k="addr:city" v="Worksop"/>
    <tag k="addr:housenumber" v="78"/>
    <tag k="addr:postcode" v="S81 9EB"/>
    <tag k="addr:street" v="High Road"/>
    <tag k="building" v="house"/>
    <tag k="ref:GB:uprn" v="100031288842"/>
  </way>
  <way id="1229126660" version="4" timestamp="2025-09-21T23:28:17Z" changeset="172269123" uid="8857" user="philipcullen">
    <nd ref="11398670051"/>
    <nd ref="11398670048"/>
    <nd ref="11398670049"/>
    <nd ref="11398670050"/>
    <nd ref="11398670051"/>
    <tag k="addr:city" v="Worksop"/>
    <tag k="addr:housenumber" v="76"/>
    <tag k="addr:postcode" v="S81 9EB"/>
    <tag k="addr:street" v="High Road"/>
    <tag k="building" v="house"/>
    <tag k="ref:GB:uprn" v="100031288841"/>
  </way>
  <way id="1229126661" version="4" timestamp="2025-09-21T23:28:17Z" changeset="172269123" uid="8857" user="philipcullen">
    <nd ref="11398670058"/>
    <nd ref="11398670057"/>
    <nd ref="11398670056"/>
    <nd ref="11398670054"/>
    <nd ref="11398670053"/>
    <nd ref="11398670052"/>
    <nd ref="11398670055"/>
    <nd ref="11398670058"/>
    <tag k="addr:city" v="Worksop"/>
    <tag k="addr:housenumber" v="74A"/>
    <tag k="addr:postcode" v="S81 9EB"/>
    <tag k="addr:street" v="High Road"/>
    <tag k="building" v="house"/>
    <tag k="ref:GB:uprn" v="100031288839"/>
  </way>
  <way id="1229126662" version="4" timestamp="2025-09-21T23:28:17Z" changeset="172269123" uid="8857" user="philipcullen">
    <nd ref="11398670065"/>
    <nd ref="11398670068"/>
    <nd ref="11398670061"/>
    <nd ref="11398670067"/>
    <nd ref="11398670066"/>
    <nd ref="11398670064"/>
    <nd ref="11398670063"/>
    <nd ref="11398670062"/>
    <nd ref="11398670065"/>
    <tag k="addr:city" v="Worksop"/>
    <tag k="addr:housenumber" v="72"/>
    <tag k="addr:postcode" v="S81 9EB"/>
    <tag k="addr:street" v="High Road"/>
    <tag k="building" v="house"/>
    <tag k="ref:GB:uprn" v="100031288838"/>
  </way>
  <way id="1229126663" version="4" timestamp="2025-09-21T23:28:17Z" changeset="172269123" uid="8857" user="philipcullen">
    <nd ref="11398670068"/>
    <nd ref="11398670059"/>
    <nd ref="11398670060"/>
    <nd ref="11398670061"/>
    <nd ref="11398670068"/>
    <tag k="addr:city" v="Worksop"/>
    <tag k="addr:housenumber" v="74"/>
    <tag k="addr:postcode" v="S81 9EB"/>
    <tag k="addr:street" v="High Road"/>
    <tag k="building" v="house"/>
    <tag k="ref:GB:uprn" v="100031288840"/>
  </way>
  <way id="1229126664" version="4" timestamp="2025-09-21T23:28:17Z" changeset="172269123" uid="8857" user="philipcullen">
    <nd ref="11398670074"/>
    <nd ref="11398670077"/>
    <nd ref="11398670078"/>
    <nd ref="11398670069"/>
    <nd ref="11398670070"/>
    <nd ref="11398670071"/>
    <nd ref="11398670079"/>
    <nd ref="11398670076"/>
    <nd ref="11398670075"/>
    <nd ref="11398670072"/>
    <nd ref="11398670073"/>
    <nd ref="11398670074"/>
    <tag k="addr:city" v="Worksop"/>
    <tag k="addr:housenumber" v="70"/>
    <tag k="addr:postcode" v="S81 9EB"/>
    <tag k="addr:street" v="High Road"/>
    <tag k="building" v="house"/>
    <tag k="ref:GB:uprn" v="100031288837"/>
  </way>
  <way id="1229126665" version="4" timestamp="2025-09-21T23:28:17Z" changeset="172269123" uid="8857" user="philipcullen">
    <nd ref="11398670087"/>
    <nd ref="11398670088"/>
    <nd ref="11398670081"/>
    <nd ref="11398670080"/>
    <nd ref="11398670085"/>
    <nd ref="11398670084"/>
    <nd ref="11398670082"/>
    <nd ref="11398670083"/>
    <nd ref="11398670087"/>
    <tag k="addr:city" v="Worksop"/>
    <tag k="addr:housenumber" v="68"/>
    <tag k="addr:postcode" v="S81 9EB"/>
    <tag k="addr:street" v="High Road"/>
    <tag k="building" v="house"/>
    <tag k="ref:GB:uprn" v="100031288836"/>
  </way>
  <way id="1229126666" version="4" timestamp="2025-09-21T23:28:17Z" changeset="172269123" uid="8857" user="philipcullen">
    <nd ref="11398670085"/>
    <nd ref="11398670089"/>
    <nd ref="11398670086"/>
    <nd ref="11398670084"/>
    <nd ref="11398670085"/>
    <tag k="addr:city" v="Worksop"/>
    <tag k="addr:housenumber" v="66"/>
    <tag k="addr:postcode" v="S81 9EB"/>
    <tag k="addr:street" v="High Road"/>
    <tag k="building" v="house"/>
    <tag k="ref:GB:uprn" v="100031288835"/>
  </way>
  <way id="1229126667" version="4" timestamp="2025-09-21T23:28:17Z" changeset="172269123" uid="8857" user="philipcullen">
    <nd ref="11398670096"/>
    <nd ref="11398670092"/>
    <nd ref="11398670091"/>
    <nd ref="11398670090"/>
    <nd ref="11398670093"/>
    <nd ref="11398670094"/>
    <nd ref="11398670095"/>
    <nd ref="11398670096"/>
    <tag k="addr:city" v="Worksop"/>
    <tag k="addr:housenumber" v="64"/>
    <tag k="addr:postcode" v="S81 9EB"/>
    <tag k="addr:street" v="High Road"/>
    <tag k="building" v="house"/>
    <tag k="ref:GB:uprn" v="100031288834"/>
  </way>
  <way id="1229126668" version="4" timestamp="2025-09-21T23:28:17Z" changeset="172269123" uid="8857" user="philipcullen">
    <nd ref="11398670100"/>
    <nd ref="11398670099"/>
    <nd ref="11398670098"/>
    <nd ref="11398670097"/>
    <nd ref="11398670100"/>
    <tag k="addr:city" v="Worksop"/>
    <tag k="addr:housenumber" v="62"/>
    <tag k="addr:postcode" v="S81 9EB"/>
    <tag k="addr:street" v="High Road"/>
    <tag k="building" v="house"/>
    <tag k="ref:GB:uprn" v="100031288833"/>
  </way>
  <way id="1229126669" version="4" timestamp="2025-09-21T23:28:17Z" changeset="172269123" uid="8857" user="philipcullen">
    <nd ref="11398670104"/>
    <nd ref="11398670101"/>
    <nd ref="11398670102"/>
    <nd ref="11398670103"/>
    <nd ref="11398670104"/>
    <tag k="addr:city" v="Worksop"/>
    <tag k="addr:housenumber" v="60"/>
    <tag k="addr:postcode" v="S81 9EB"/>
    <tag k="addr:street" v="High Road"/>
    <tag k="building" v="house"/>
    <tag k="ref:GB:uprn" v="100031288832"/>
  </way>
  <way id="1229126670" version="4" timestamp="2025-09-21T23:28:17Z" changeset="172269123" uid="8857" user="philipcullen">
    <nd ref="11398670106"/>
    <nd ref="11398670110"/>
    <nd ref="11398670107"/>
    <nd ref="11398670105"/>
    <nd ref="11398670106"/>
    <tag k="addr:city" v="Worksop"/>
    <tag k="addr:housenumber" v="56"/>
    <tag k="addr:postcode" v="S81 9EB"/>
    <tag k="addr:street" v="High Road"/>
    <tag k="building" v="house"/>
    <tag k="ref:GB:uprn" v="100031288830"/>
  </way>
  <way id="1229126671" version="4" timestamp="2025-09-21T23:28:17Z" changeset="172269123" uid="8857" user="philipcullen">
    <nd ref="11398670109"/>
    <nd ref="11398670106"/>
    <nd ref="11398670105"/>
    <nd ref="11398670108"/>
    <nd ref="11398670109"/>
    <tag k="addr:city" v="Worksop"/>
    <tag k="addr:housenumber" v="58"/>
    <tag k="addr:postcode" v="S81 9EB"/>
    <tag k="addr:street" v="High Road"/>
    <tag k="building" v="house"/>
    <tag k="ref:GB:uprn" v="100031288831"/>
  </way>
  <way id="1229126672" version="4" timestamp="2025-09-21T23:28:17Z" changeset="172269123" uid="8857" user="philipcullen">
    <nd ref="11398670119"/>
    <nd ref="11398670122"/>
    <nd ref="11398670121"/>
    <nd ref="11398670120"/>
    <nd ref="11398670118"/>
    <nd ref="11398670117"/>
    <nd ref="11398670116"/>
    <nd ref="11398670119"/>
    <tag k="addr:city" v="Worksop"/>
    <tag k="addr:housenumber" v="52"/>
    <tag k="addr:postcode" v="S81 9EB"/>
    <tag k="addr:street" v="High Road"/>
    <tag k="building" v="house"/>
    <tag k="ref:GB:uprn" v="100031288826"/>
  </way>
  <way id="1229126673" version="4" timestamp="2025-09-21T23:28:17Z" changeset="172269123" uid="8857" user="philipcullen">
    <nd ref="11398670122"/>
    <nd ref="11398670114"/>
    <nd ref="11398670111"/>
    <nd ref="11398670112"/>
    <nd ref="11398670113"/>
    <nd ref="11398670115"/>
    <nd ref="11398670121"/>
    <nd ref="11398670122"/>
    <tag k="addr:city" v="Worksop"/>
    <tag k="addr:housenumber" v="54"/>
    <tag k="addr:postcode" v="S81 9EB"/>
    <tag k="addr:street" v="High Road"/>
    <tag k="building" v="house"/>
    <tag k="ref:GB:uprn" v="100031288828"/>
  </way>
  <way id="1229126674" version="4" timestamp="2025-09-21T23:28:17Z" changeset="172269123" uid="8857" user="philipcullen">
    <nd ref="11398670128"/>
    <nd ref="11398670130"/>
    <nd ref="11398670123"/>
    <nd ref="11398670124"/>
    <nd ref="11398670125"/>
    <nd ref="11398670131"/>
    <nd ref="11398670132"/>
    <nd ref="11398670129"/>
    <nd ref="11398670126"/>
    <nd ref="11398670127"/>
    <nd ref="11398670128"/>
    <tag k="addr:city" v="Worksop"/>
    <tag k="addr:housenumber" v="50"/>
    <tag k="addr:postcode" v="S81 9EB"/>
    <tag k="addr:street" v="High Road"/>
    <tag k="building" v="house"/>
    <tag k="ref:GB:uprn" v="100031288825;10091915022"/>
  </way>
  <way id="1229126675" version="4" timestamp="2025-09-21T23:28:17Z" changeset="172269123" uid="8857" user="philipcullen">
    <nd ref="11398670143"/>
    <nd ref="11398670139"/>
    <nd ref="11398670138"/>
    <nd ref="11398670137"/>
    <nd ref="11398670140"/>
    <nd ref="11398670141"/>
    <nd ref="11398670142"/>
    <nd ref="11398670143"/>
    <tag k="addr:city" v="Worksop"/>
    <tag k="addr:housenumber" v="46"/>
    <tag k="addr:postcode" v="S81 9EB"/>
    <tag k="addr:street" v="High Road"/>
    <tag k="building" v="house"/>
    <tag k="ref:GB:uprn" v="100031288823"/>
  </way>
  <way id="1229126676" version="4" timestamp="2025-09-21T23:28:17Z" changeset="172269123" uid="8857" user="philipcullen">
    <nd ref="11398670136"/>
    <nd ref="11398670133"/>
    <nd ref="11398670134"/>
    <nd ref="11398670141"/>
    <nd ref="11398670140"/>
    <nd ref="11398670135"/>
    <nd ref="11398670136"/>
    <tag k="addr:city" v="Worksop"/>
    <tag k="addr:housenumber" v="48"/>
    <tag k="addr:postcode" v="S81 9EB"/>
    <tag k="addr:street" v="High Road"/>
    <tag k="building" v="house"/>
    <tag k="ref:GB:uprn" v="100031288824"/>
  </way>
  <way id="1229126677" version="4" timestamp="2025-09-21T23:28:17Z" changeset="172269123" uid="8857" user="philipcullen">
    <nd ref="11398670146"/>
    <nd ref="11398670144"/>
    <nd ref="11398670145"/>
    <nd ref="11398670157"/>
    <nd ref="11398670146"/>
    <tag k="addr:city" v="Worksop"/>
    <tag k="addr:housenumber" v="44"/>
    <tag k="addr:postcode" v="S81 9EB"/>
    <tag k="addr:street" v="High Road"/>
    <tag k="building" v="house"/>
    <tag k="ref:GB:uprn" v="100031288821"/>
  </way>
  <way id="1229126678" version="1" timestamp="2023-12-06T18:41:52Z" changeset="144839959" uid="12616743" user="BassetlawMapper">
    <nd ref="11398670158"/>
    <nd ref="11398670146"/>
    <nd ref="11398670157"/>
    <nd ref="11398670156"/>
    <nd ref="11398670148"/>
    <nd ref="11398670147"/>
    <nd ref="11398670152"/>
    <nd ref="11398670151"/>
    <nd ref="11398670150"/>
    <nd ref="11398670149"/>
    <nd ref="11398670153"/>
    <nd ref="11398670154"/>
    <nd ref="11398670155"/>
    <nd ref="11398670158"/>
    <tag k="addr:housenumber" v="42"/>
    <tag k="addr:street" v="High Road"/>
    <tag k="building" v="house"/>
  </way>
  <way id="1229126683" version="4" timestamp="2025-09-21T23:28:17Z" changeset="172269123" uid="8857" user="philipcullen">
    <nd ref="11398670205"/>
    <nd ref="11398670197"/>
    <nd ref="11398670195"/>
    <nd ref="11398670196"/>
    <nd ref="11398670204"/>
    <nd ref="11398670203"/>
    <nd ref="11398670202"/>
    <nd ref="11398670205"/>
    <tag k="addr:city" v="Worksop"/>
    <tag k="addr:housenumber" v="38"/>
    <tag k="addr:postcode" v="S81 9EB"/>
    <tag k="addr:street" v="High Road"/>
    <tag k="building" v="house"/>
    <tag k="ref:GB:uprn" v="100031288817"/>
  </way>
  <way id="1229126684" version="4" timestamp="2025-09-21T23:28:17Z" changeset="172269123" uid="8857" user="philipcullen">
    <nd ref="11398670194"/>
    <nd ref="11398670200"/>
    <nd ref="11398670201"/>
    <nd ref="11398670198"/>
    <nd ref="11398670199"/>
    <nd ref="11398670203"/>
    <nd ref="11398670204"/>
    <nd ref="11398670196"/>
    <nd ref="11398670193"/>
    <nd ref="11398670194"/>
    <tag k="addr:city" v="Worksop"/>
    <tag k="addr:housenumber" v="40"/>
    <tag k="addr:postcode" v="S81 9EB"/>
    <tag k="addr:street" v="High Road"/>
    <tag k="building" v="house"/>
    <tag k="ref:GB:uprn" v="100031288818"/>
  </way>
  <way id="1229126685" version="2" timestamp="2024-01-16T12:32:41Z" changeset="146322063" uid="6739258" user="John Stanworth">
    <nd ref="11398670206"/>
    <nd ref="11398670209"/>
    <nd ref="11398670211"/>
    <nd ref="11398670212"/>
    <nd ref="11398670213"/>
    <nd ref="11398670214"/>
    <nd ref="11398670216"/>
    <nd ref="11398670215"/>
    <nd ref="11521833585"/>
    <nd ref="11398670210"/>
    <nd ref="11398670207"/>
    <nd ref="11398670208"/>
    <nd ref="11398670206"/>
    <tag k="amenity" v="community_centre"/>
    <tag k="building" v="yes"/>
    <tag k="name" v="Parish Centre"/>
  </way>
  <way id="1229126704" version="4" timestamp="2025-09-21T23:28:17Z" changeset="172269123" uid="8857" user="philipcullen">
    <nd ref="11398670398"/>
    <nd ref="11398670395"/>
    <nd ref="11398670393"/>
    <nd ref="11398670392"/>
    <nd ref="11398670394"/>
    <nd ref="11398670396"/>
    <nd ref="11398670397"/>
    <nd ref="11398670398"/>
    <tag k="addr:city" v="Worksop"/>
    <tag k="addr:housenumber" v="36"/>
    <tag k="addr:postcode" v="S81 9EB"/>
    <tag k="addr:street" v="High Road"/>
    <tag k="building" v="house"/>
    <tag k="ref:GB:uprn" v="100031288815"/>
  </way>
  <way id="1229126705" version="4" timestamp="2025-09-21T23:28:17Z" changeset="172269123" uid="8857" user="philipcullen">
    <nd ref="11398670409"/>
    <nd ref="11398670402"/>
    <nd ref="11398670399"/>
    <nd ref="11398670400"/>
    <nd ref="11398670401"/>
    <nd ref="11398670406"/>
    <nd ref="11398670407"/>
    <nd ref="11398670403"/>
    <nd ref="11398670404"/>
    <nd ref="11398670405"/>
    <nd ref="11398670408"/>
    <nd ref="11398670409"/>
    <tag k="addr:city" v="Worksop"/>
    <tag k="addr:housenumber" v="34A"/>
    <tag k="addr:postcode" v="S81 9EB"/>
    <tag k="addr:street" v="High Road"/>
    <tag k="building" v="house"/>
    <tag k="ref:GB:uprn" v="10023266077"/>
  </way>
  <way id="1229126706" version="4" timestamp="2025-09-21T23:28:17Z" changeset="172269123" uid="8857" user="philipcullen">
    <nd ref="11398670416"/>
    <nd ref="11398670415"/>
    <nd ref="11398670414"/>
    <nd ref="11398670410"/>
    <nd ref="11398670411"/>
    <nd ref="11398670412"/>
    <nd ref="11398670413"/>
    <nd ref="11398670416"/>
    <tag k="addr:city" v="Worksop"/>
    <tag k="addr:housenumber" v="34"/>
    <tag k="addr:postcode" v="S81 9EB"/>
    <tag k="addr:street" v="High Road"/>
    <tag k="building" v="house"/>
    <tag k="ref:GB:uprn" v="100031288813"/>
  </way>
  <way id="1229126707" version="4" timestamp="2025-09-21T23:28:17Z" changeset="172269123" uid="8857" user="philipcullen">
    <nd ref="11398670423"/>
    <nd ref="11398670422"/>
    <nd ref="11398670421"/>
    <nd ref="11398670419"/>
    <nd ref="11398670418"/>
    <nd ref="11398670417"/>
    <nd ref="11398670420"/>
    <nd ref="11398670423"/>
    <tag k="addr:city" v="Worksop"/>
    <tag k="addr:housenumber" v="32"/>
    <tag k="addr:postcode" v="S81 9EB"/>
    <tag k="addr:street" v="High Road"/>
    <tag k="building" v="house"/>
    <tag k="ref:GB:uprn" v="100031288810"/>
  </way>
  <way id="1229126708" version="4" timestamp="2025-09-21T23:28:17Z" changeset="172269123" uid="8857" user="philipcullen">
    <nd ref="11398670425"/>
    <nd ref="11398670433"/>
    <nd ref="11398670430"/>
    <nd ref="11398670424"/>
    <nd ref="11398670425"/>
    <tag k="addr:city" v="Worksop"/>
    <tag k="addr:housenumber" v="30"/>
    <tag k="addr:postcode" v="S81 9EB"/>
    <tag k="addr:street" v="High Road"/>
    <tag k="building" v="house"/>
    <tag k="ref:GB:uprn" v="100031288808"/>
  </way>
  <way id="1229126709" version="4" timestamp="2025-09-21T23:28:17Z" changeset="172269123" uid="8857" user="philipcullen">
    <nd ref="11398670427"/>
    <nd ref="11398670425"/>
    <nd ref="11398670424"/>
    <nd ref="11398670426"/>
    <nd ref="11398670427"/>
    <tag k="addr:city" v="Worksop"/>
    <tag k="addr:housenumber" v="28"/>
    <tag k="addr:postcode" v="S81 9EB"/>
    <tag k="addr:street" v="High Road"/>
    <tag k="building" v="house"/>
    <tag k="ref:GB:uprn" v="100031288806"/>
  </way>
  <way id="1229126710" version="4" timestamp="2025-09-21T23:28:17Z" changeset="172269123" uid="8857" user="philipcullen">
    <nd ref="11398670429"/>
    <nd ref="11398670427"/>
    <nd ref="11398670426"/>
    <nd ref="11398670428"/>
    <nd ref="11398670429"/>
    <tag k="addr:city" v="Worksop"/>
    <tag k="addr:housenumber" v="26"/>
    <tag k="addr:postcode" v="S81 9EB"/>
    <tag k="addr:street" v="High Road"/>
    <tag k="building" v="house"/>
    <tag k="ref:GB:uprn" v="100031288804"/>
  </way>
  <way id="1229126711" version="4" timestamp="2025-09-21T23:28:17Z" changeset="172269123" uid="8857" user="philipcullen">
    <nd ref="11398670432"/>
    <nd ref="11398670429"/>
    <nd ref="11398670428"/>
    <nd ref="11398670431"/>
    <nd ref="11398670432"/>
    <tag k="addr:city" v="Worksop"/>
    <tag k="addr:housenumber" v="24"/>
    <tag k="addr:postcode" v="S81 9EB"/>
    <tag k="addr:street" v="High Road"/>
    <tag k="building" v="house"/>
    <tag k="ref:GB:uprn" v="100031288802"/>
  </way>
  <way id="1229126712" version="4" timestamp="2025-09-21T23:28:17Z" changeset="172269123" uid="8857" user="philipcullen">
    <nd ref="11398670439"/>
    <nd ref="11398670436"/>
    <nd ref="11398670434"/>
    <nd ref="11398670435"/>
    <nd ref="11398670443"/>
    <nd ref="11398670442"/>
    <nd ref="11398670441"/>
    <nd ref="11398670440"/>
    <nd ref="11398670437"/>
    <nd ref="11398670438"/>
    <nd ref="11398670439"/>
    <tag k="addr:city" v="Worksop"/>
    <tag k="addr:housenumber" v="22"/>
    <tag k="addr:postcode" v="S81 9EB"/>
    <tag k="addr:street" v="High Road"/>
    <tag k="building" v="house"/>
    <tag k="ref:GB:uprn" v="100031288800"/>
  </way>
  <way id="1229126713" version="4" timestamp="2025-09-21T23:28:17Z" changeset="172269123" uid="8857" user="philipcullen">
    <nd ref="11398670445"/>
    <nd ref="11398670442"/>
    <nd ref="11398670443"/>
    <nd ref="11398670444"/>
    <nd ref="11398670445"/>
    <tag k="addr:city" v="Worksop"/>
    <tag k="addr:housenumber" v="20"/>
    <tag k="addr:postcode" v="S81 9EB"/>
    <tag k="addr:street" v="High Road"/>
    <tag k="building" v="house"/>
    <tag k="ref:GB:uprn" v="100031288798"/>
  </way>
  <way id="1229126714" version="3" timestamp="2025-09-21T23:28:17Z" changeset="172269123" uid="8857" user="philipcullen">
    <nd ref="11398670455"/>
    <nd ref="11398670453"/>
    <nd ref="11398670448"/>
    <nd ref="11398670447"/>
    <nd ref="11398670446"/>
    <nd ref="11398670449"/>
    <nd ref="11398670450"/>
    <nd ref="11398670451"/>
    <nd ref="11398670452"/>
    <nd ref="11398670454"/>
    <nd ref="11398670455"/>
    <tag k="addr:city" v="Worksop"/>
    <tag k="addr:housenumber" v="18"/>
    <tag k="addr:postcode" v="S81 9EB"/>
    <tag k="addr:street" v="High Road"/>
    <tag k="building" v="house"/>
    <tag k="ref:GB:uprn" v="100031288796"/>
  </way>
  <way id="1229126715" version="3" timestamp="2025-09-21T23:28:17Z" changeset="172269123" uid="8857" user="philipcullen">
    <nd ref="11398670463"/>
    <nd ref="11398670462"/>
    <nd ref="11398670461"/>
    <nd ref="11398670459"/>
    <nd ref="11398670456"/>
    <nd ref="11398670457"/>
    <nd ref="11398670458"/>
    <nd ref="11398670460"/>
    <nd ref="11398670463"/>
    <tag k="addr:city" v="Worksop"/>
    <tag k="addr:housenumber" v="16"/>
    <tag k="addr:postcode" v="S81 9EB"/>
    <tag k="addr:street" v="High Road"/>
    <tag k="building" v="house"/>
    <tag k="ref:GB:uprn" v="100031288794"/>
  </way>
  <way id="1229126716" version="3" timestamp="2025-09-21T23:28:17Z" changeset="172269123" uid="8857" user="philipcullen">
    <nd ref="11398670467"/>
    <nd ref="11398670464"/>
    <nd ref="11398670465"/>
    <nd ref="11398670466"/>
    <nd ref="11398670467"/>
    <tag k="addr:city" v="Worksop"/>
    <tag k="addr:housenumber" v="14"/>
    <tag k="addr:postcode" v="S81 9EB"/>
    <tag k="addr:street" v="High Road"/>
    <tag k="building" v="house"/>
    <tag k="ref:GB:uprn" v="100031288792"/>
  </way>
  <way id="1229126717" version="3" timestamp="2025-09-21T23:28:17Z" changeset="172269123" uid="8857" user="philipcullen">
    <nd ref="11398670471"/>
    <nd ref="11398670470"/>
    <nd ref="11398670469"/>
    <nd ref="11398670468"/>
    <nd ref="11398670471"/>
    <tag k="addr:city" v="Worksop"/>
    <tag k="addr:housenumber" v="12"/>
    <tag k="addr:postcode" v="S81 9EB"/>
    <tag k="addr:street" v="High Road"/>
    <tag k="building" v="house"/>
    <tag k="ref:GB:uprn" v="100031288791"/>
  </way>
  <way id="1229126718" version="3" timestamp="2025-09-21T23:28:17Z" changeset="172269123" uid="8857" user="philipcullen">
    <nd ref="11398670478"/>
    <nd ref="11398670475"/>
    <nd ref="11398670476"/>
    <nd ref="11398670472"/>
    <nd ref="11398670473"/>
    <nd ref="11398670474"/>
    <nd ref="11398670477"/>
    <nd ref="11398670478"/>
    <tag k="addr:city" v="Worksop"/>
    <tag k="addr:housenumber" v="10"/>
    <tag k="addr:postcode" v="S81 9EB"/>
    <tag k="addr:street" v="High Road"/>
    <tag k="building" v="house"/>
    <tag k="ref:GB:uprn" v="100031288790"/>
  </way>
  <way id="1229126719" version="3" timestamp="2025-09-21T23:28:17Z" changeset="172269123" uid="8857" user="philipcullen">
    <nd ref="11398670485"/>
    <nd ref="11398670484"/>
    <nd ref="11398670481"/>
    <nd ref="11398670480"/>
    <nd ref="11398670479"/>
    <nd ref="11398670483"/>
    <nd ref="11398670482"/>
    <nd ref="11398670485"/>
    <tag k="addr:city" v="Worksop"/>
    <tag k="addr:housenumber" v="8"/>
    <tag k="addr:postcode" v="S81 9EB"/>
    <tag k="addr:street" v="High Road"/>
    <tag k="building" v="house"/>
    <tag k="ref:GB:uprn" v="100031288789"/>
  </way>
  <way id="1229126735" version="5" timestamp="2025-09-21T23:28:17Z" changeset="172269123" uid="8857" user="philipcullen">
    <nd ref="11398670685"/>
    <nd ref="11398670671"/>
    <nd ref="11398670670"/>
    <nd ref="11398670669"/>
    <nd ref="11398670672"/>
    <nd ref="11398670684"/>
    <nd ref="11398670683"/>
    <nd ref="11398670674"/>
    <nd ref="11398670673"/>
    <nd ref="11398670675"/>
    <nd ref="11398670679"/>
    <nd ref="11398670678"/>
    <nd ref="11398670677"/>
    <nd ref="11398670676"/>
    <nd ref="11398670680"/>
    <nd ref="11398670681"/>
    <nd ref="11398670682"/>
    <nd ref="11708654784"/>
    <nd ref="11398670685"/>
    <tag k="addr:city" v="Worksop"/>
    <tag k="addr:postcode" v="S81 9EG"/>
    <tag k="amenity" v="place_of_worship"/>
    <tag k="building" v="church"/>
    <tag k="denomination" v="anglican"/>
    <tag k="name" v="St John the Evangelist"/>
    <tag k="ref:GB:uprn" v="10023266952"/>
    <tag k="religion" v="christian"/>
    <tag k="wikidata" v="Q15979378"/>
  </way>
  <way id="1229126751" version="1" timestamp="2023-12-06T18:41:52Z" changeset="144839959" uid="12616743" user="BassetlawMapper">
    <nd ref="11398670774"/>
    <nd ref="11398670773"/>
    <nd ref="11398670772"/>
    <nd ref="11398670771"/>
    <nd ref="11398670774"/>
    <tag k="addr:housenumber" v="4"/>
    <tag k="addr:street" v="High Road"/>
    <tag k="building" v="house"/>
  </way>
  <way id="1229126776" version="3" timestamp="2025-09-21T23:28:17Z" changeset="172269123" uid="8857" user="philipcullen">
    <nd ref="11398670900"/>
    <nd ref="11398670899"/>
    <nd ref="11398670896"/>
    <nd ref="11398670893"/>
    <nd ref="11398670894"/>
    <nd ref="11398670895"/>
    <nd ref="11398670898"/>
    <nd ref="11398670897"/>
    <nd ref="11398670900"/>
    <tag k="addr:city" v="Worksop"/>
    <tag k="addr:housenumber" v="6"/>
    <tag k="addr:postcode" v="S81 9EB"/>
    <tag k="addr:street" v="High Road"/>
    <tag k="building" v="house"/>
    <tag k="ref:GB:uprn" v="100031288788"/>
  </way>
  <way id="1229493130" version="5" timestamp="2025-09-21T23:28:17Z" changeset="172269123" uid="8857" user="philipcullen">
    <nd ref="11401346748"/>
    <nd ref="11401346745"/>
    <nd ref="11401346742"/>
    <nd ref="11401346741"/>
    <nd ref="11401346743"/>
    <nd ref="11401346744"/>
    <nd ref="11401346746"/>
    <nd ref="11401346747"/>
    <nd ref="11401346748"/>
    <tag k="addr:city" v="Worksop"/>
    <tag k="addr:housenumber" v="102"/>
    <tag k="addr:postcode" v="S81 9DT"/>
    <tag k="addr:street" v="High Road"/>
    <tag k="building" v="house"/>
    <tag k="ref:GB:uprn" v="100031288851"/>
  </way>
  <way id="1229493134" version="5" timestamp="2025-09-21T23:28:17Z" changeset="172269123" uid="8857" user="philipcullen">
    <nd ref="11401346743"/>
    <nd ref="11401346741"/>
    <nd ref="11401346740"/>
    <nd ref="11401346738"/>
    <nd ref="11401346739"/>
    <nd ref="11401346743"/>
    <tag k="addr:city" v="Worksop"/>
    <tag k="addr:housenumber" v="104"/>
    <tag k="addr:postcode" v="S81 9DT"/>
    <tag k="addr:street" v="High Road"/>
    <tag k="building" v="house"/>
    <tag k="ref:GB:uprn" v="10090212209"/>
  </way>
  <way id="1229493136" version="2" timestamp="2024-05-06T18:16:31Z" changeset="150978002" uid="15707383" user="Rich88">
    <nd ref="11401346756"/>
    <nd ref="11401346755"/>
    <nd ref="11401346757"/>
    <nd ref="11401346758"/>
    <nd ref="11401346759"/>
    <nd ref="11401346761"/>
    <nd ref="11401346760"/>
    <nd ref="11401346756"/>
    <tag k="amenity" v="pub"/>
    <tag k="building" v="yes"/>
    <tag k="name" v="Sherwood Ranger"/>
  </way>
  <way id="1229493143" version="5" timestamp="2025-09-21T23:28:17Z" changeset="172269123" uid="8857" user="philipcullen">
    <nd ref="11401346831"/>
    <nd ref="11401346830"/>
    <nd ref="11401346829"/>
    <nd ref="11401346825"/>
    <nd ref="11401346826"/>
    <nd ref="11401346827"/>
    <nd ref="11401346828"/>
    <nd ref="11401346831"/>
    <tag k="addr:city" v="Worksop"/>
    <tag k="addr:housenumber" v="3"/>
    <tag k="addr:postcode" v="S81 9AH"/>
    <tag k="addr:street" v="Long Lane"/>
    <tag k="building" v="house"/>
    <tag k="ref:GB:uprn" v="10090212450"/>
  </way>
  <way id="1229493144" version="5" timestamp="2025-09-21T23:28:17Z" changeset="172269123" uid="8857" user="philipcullen">
    <nd ref="11401346838"/>
    <nd ref="11401346835"/>
    <nd ref="11401346836"/>
    <nd ref="11401346834"/>
    <nd ref="11401346832"/>
    <nd ref="11401346833"/>
    <nd ref="11401346837"/>
    <nd ref="11401346838"/>
    <tag k="addr:city" v="Worksop"/>
    <tag k="addr:housenumber" v="1"/>
    <tag k="addr:postcode" v="S81 9AH"/>
    <tag k="addr:street" v="Long Lane"/>
    <tag k="building" v="house"/>
    <tag k="ref:GB:uprn" v="100031291674"/>
  </way>
  <way id="1229493151" version="5" timestamp="2025-09-21T23:28:17Z" changeset="172269123" uid="8857" user="philipcullen">
    <nd ref="11401346878"/>
    <nd ref="11401346875"/>
    <nd ref="11401346872"/>
    <nd ref="11401346873"/>
    <nd ref="11401346874"/>
    <nd ref="11401346876"/>
    <nd ref="11401346877"/>
    <nd ref="11401346878"/>
    <tag k="addr:city" v="Worksop"/>
    <tag k="addr:housenumber" v="22"/>
    <tag k="addr:postcode" v="S81 9DX"/>
    <tag k="addr:street" v="Grange Close"/>
    <tag k="building" v="house"/>
    <tag k="ref:GB:uprn" v="100031287904"/>
  </way>
  <way id="1229493152" version="5" timestamp="2025-09-21T23:28:17Z" changeset="172269123" uid="8857" user="philipcullen">
    <nd ref="11401346885"/>
    <nd ref="11401346884"/>
    <nd ref="11401346883"/>
    <nd ref="11401346881"/>
    <nd ref="11401346880"/>
    <nd ref="11401346879"/>
    <nd ref="11401346882"/>
    <nd ref="11401346885"/>
    <tag k="addr:city" v="Worksop"/>
    <tag k="addr:housenumber" v="21"/>
    <tag k="addr:postcode" v="S81 9DX"/>
    <tag k="addr:street" v="Grange Close"/>
    <tag k="building" v="house"/>
    <tag k="ref:GB:uprn" v="100031287903"/>
  </way>
  <way id="1229493153" version="5" timestamp="2025-09-21T23:28:17Z" changeset="172269123" uid="8857" user="philipcullen">
    <nd ref="11401346894"/>
    <nd ref="11401346892"/>
    <nd ref="11401346889"/>
    <nd ref="11401346890"/>
    <nd ref="11401346891"/>
    <nd ref="11401346888"/>
    <nd ref="11401346887"/>
    <nd ref="11401346886"/>
    <nd ref="11401346893"/>
    <nd ref="11401346894"/>
    <tag k="addr:city" v="Worksop"/>
    <tag k="addr:housenumber" v="20"/>
    <tag k="addr:postcode" v="S81 9DX"/>
    <tag k="addr:street" v="Grange Close"/>
    <tag k="building" v="house"/>
    <tag k="ref:GB:uprn" v="100031287902"/>
  </way>
  <way id="1229493154" version="5" timestamp="2025-09-21T23:28:17Z" changeset="172269123" uid="8857" user="philipcullen">
    <nd ref="11401346901"/>
    <nd ref="11401346898"/>
    <nd ref="11401346897"/>
    <nd ref="11401346896"/>
    <nd ref="11401346895"/>
    <nd ref="11401346899"/>
    <nd ref="11401346900"/>
    <nd ref="11401346901"/>
    <tag k="addr:city" v="Worksop"/>
    <tag k="addr:housenumber" v="19"/>
    <tag k="addr:postcode" v="S81 9DX"/>
    <tag k="addr:street" v="Grange Close"/>
    <tag k="building" v="house"/>
    <tag k="ref:GB:uprn" v="100031287901"/>
  </way>
  <way id="1229493155" version="5" timestamp="2025-09-21T23:28:17Z" changeset="172269123" uid="8857" user="philipcullen">
    <nd ref="11401346911"/>
    <nd ref="11401346904"/>
    <nd ref="11401346903"/>
    <nd ref="11401346902"/>
    <nd ref="11401346910"/>
    <nd ref="11401346909"/>
    <nd ref="11401346905"/>
    <nd ref="11401346906"/>
    <nd ref="11401346907"/>
    <nd ref="11401346908"/>
    <nd ref="11401346911"/>
    <tag k="addr:city" v="Worksop"/>
    <tag k="addr:housenumber" v="18"/>
    <tag k="addr:postcode" v="S81 9DX"/>
    <tag k="addr:street" v="Grange Close"/>
    <tag k="building" v="house"/>
    <tag k="ref:GB:uprn" v="100031287900"/>
  </way>
  <way id="1229493156" version="5" timestamp="2025-09-21T23:28:17Z" changeset="172269123" uid="8857" user="philipcullen">
    <nd ref="11401346915"/>
    <nd ref="11401346912"/>
    <nd ref="11401346913"/>
    <nd ref="11401346914"/>
    <nd ref="11401346915"/>
    <tag k="addr:city" v="Worksop"/>
    <tag k="addr:housenumber" v="17"/>
    <tag k="addr:postcode" v="S81 9DX"/>
    <tag k="addr:street" v="Grange Close"/>
    <tag k="building" v="house"/>
    <tag k="ref:GB:uprn" v="100031287899"/>
  </way>
  <way id="1229493157" version="5" timestamp="2025-09-21T23:28:17Z" changeset="172269123" uid="8857" user="philipcullen">
    <nd ref="11401346920"/>
    <nd ref="11401346917"/>
    <nd ref="11401346916"/>
    <nd ref="11401346918"/>
    <nd ref="11401346919"/>
    <nd ref="11401346922"/>
    <nd ref="11401346921"/>
    <nd ref="11401346920"/>
    <tag k="addr:city" v="Worksop"/>
    <tag k="addr:housenumber" v="16"/>
    <tag k="addr:postcode" v="S81 9DX"/>
    <tag k="addr:street" v="Grange Close"/>
    <tag k="building" v="house"/>
    <tag k="ref:GB:uprn" v="100031287898"/>
  </way>
  <way id="1229493158" version="5" timestamp="2025-09-21T23:28:17Z" changeset="172269123" uid="8857" user="philipcullen">
    <nd ref="11401346929"/>
    <nd ref="11401346923"/>
    <nd ref="11401346924"/>
    <nd ref="11401346928"/>
    <nd ref="11401346927"/>
    <nd ref="11401346925"/>
    <nd ref="11401346926"/>
    <nd ref="11401346930"/>
    <nd ref="11401346929"/>
    <tag k="addr:city" v="Worksop"/>
    <tag k="addr:housenumber" v="15"/>
    <tag k="addr:postcode" v="S81 9DX"/>
    <tag k="addr:street" v="Grange Close"/>
    <tag k="building" v="house"/>
    <tag k="ref:GB:uprn" v="100031287897"/>
  </way>
  <way id="1229493159" version="5" timestamp="2025-09-21T23:28:17Z" changeset="172269123" uid="8857" user="philipcullen">
    <nd ref="11401346936"/>
    <nd ref="11401346933"/>
    <nd ref="11401346934"/>
    <nd ref="11401346935"/>
    <nd ref="11401346936"/>
    <tag k="addr:city" v="Worksop"/>
    <tag k="addr:housenumber" v="12"/>
    <tag k="addr:postcode" v="S81 9DX"/>
    <tag k="addr:street" v="Grange Close"/>
    <tag k="building" v="house"/>
    <tag k="ref:GB:uprn" v="100031287895"/>
  </way>
  <way id="1229493160" version="5" timestamp="2025-09-21T23:28:17Z" changeset="172269123" uid="8857" user="philipcullen">
    <nd ref="11401346940"/>
    <nd ref="11401346937"/>
    <nd ref="11401346938"/>
    <nd ref="11401346939"/>
    <nd ref="11401346942"/>
    <nd ref="11401346943"/>
    <nd ref="11401346936"/>
    <nd ref="11401346935"/>
    <nd ref="11401346944"/>
    <nd ref="11401346941"/>
    <nd ref="11401346940"/>
    <tag k="addr:city" v="Worksop"/>
    <tag k="addr:housenumber" v="12A"/>
    <tag k="addr:postcode" v="S81 9DX"/>
    <tag k="addr:street" v="Grange Close"/>
    <tag k="building" v="house"/>
    <tag k="ref:GB:uprn" v="100031287894"/>
  </way>
  <way id="1229493161" version="5" timestamp="2025-09-21T23:28:17Z" changeset="172269123" uid="8857" user="philipcullen">
    <nd ref="11401347052"/>
    <nd ref="11401347056"/>
    <nd ref="11401347057"/>
    <nd ref="11401347047"/>
    <nd ref="11401347053"/>
    <nd ref="11401347054"/>
    <nd ref="11401347055"/>
    <nd ref="11401347058"/>
    <nd ref="11401347062"/>
    <nd ref="11401347051"/>
    <nd ref="11401347050"/>
    <nd ref="11401347049"/>
    <nd ref="11401347052"/>
    <tag k="addr:city" v="Worksop"/>
    <tag k="addr:housenumber" v="10"/>
    <tag k="addr:postcode" v="S81 9DX"/>
    <tag k="addr:street" v="Grange Close"/>
    <tag k="building" v="house"/>
    <tag k="ref:GB:uprn" v="100031287892"/>
  </way>
  <way id="1229493162" version="5" timestamp="2025-09-21T23:28:17Z" changeset="172269123" uid="8857" user="philipcullen">
    <nd ref="11401347056"/>
    <nd ref="11401347048"/>
    <nd ref="11401347046"/>
    <nd ref="11401347047"/>
    <nd ref="11401347057"/>
    <nd ref="11401347056"/>
    <tag k="addr:city" v="Worksop"/>
    <tag k="addr:housenumber" v="11"/>
    <tag k="addr:postcode" v="S81 9DX"/>
    <tag k="addr:street" v="Grange Close"/>
    <tag k="building" v="house"/>
    <tag k="ref:GB:uprn" v="100031287893"/>
  </way>
  <way id="1229493163" version="5" timestamp="2025-09-21T23:28:17Z" changeset="172269123" uid="8857" user="philipcullen">
    <nd ref="11401347065"/>
    <nd ref="11401347064"/>
    <nd ref="11401347063"/>
    <nd ref="11401347059"/>
    <nd ref="11401347060"/>
    <nd ref="11401347061"/>
    <nd ref="11401347062"/>
    <nd ref="11401347058"/>
    <nd ref="11401347065"/>
    <tag k="addr:city" v="Worksop"/>
    <tag k="addr:housenumber" v="9"/>
    <tag k="addr:postcode" v="S81 9DX"/>
    <tag k="addr:street" v="Grange Close"/>
    <tag k="building" v="house"/>
    <tag k="ref:GB:uprn" v="100031287891"/>
  </way>
  <way id="1229493165" version="5" timestamp="2025-09-21T23:28:17Z" changeset="172269123" uid="8857" user="philipcullen">
    <nd ref="11401347069"/>
    <nd ref="11401347066"/>
    <nd ref="11401347067"/>
    <nd ref="11401347068"/>
    <nd ref="11401347069"/>
    <tag k="addr:city" v="Worksop"/>
    <tag k="addr:housenumber" v="8"/>
    <tag k="addr:postcode" v="S81 9DX"/>
    <tag k="addr:street" v="Grange Close"/>
    <tag k="building" v="house"/>
    <tag k="ref:GB:uprn" v="100031287890"/>
  </way>
  <way id="1229493166" version="5" timestamp="2025-09-21T23:28:17Z" changeset="172269123" uid="8857" user="philipcullen">
    <nd ref="11401347073"/>
    <nd ref="11401347070"/>
    <nd ref="11401347071"/>
    <nd ref="11401347072"/>
    <nd ref="11401347073"/>
    <tag k="addr:city" v="Worksop"/>
    <tag k="addr:housenumber" v="7"/>
    <tag k="addr:postcode" v="S81 9DX"/>
    <tag k="addr:street" v="Grange Close"/>
    <tag k="building" v="house"/>
    <tag k="ref:GB:uprn" v="100031287889"/>
  </way>
  <way id="1229493167" version="5" timestamp="2025-09-21T23:28:17Z" changeset="172269123" uid="8857" user="philipcullen">
    <nd ref="11401347077"/>
    <nd ref="11401347076"/>
    <nd ref="11401347075"/>
    <nd ref="11401347074"/>
    <nd ref="11401347077"/>
    <tag k="addr:city" v="Worksop"/>
    <tag k="addr:housenumber" v="5"/>
    <tag k="addr:postcode" v="S81 9DX"/>
    <tag k="addr:street" v="Grange Close"/>
    <tag k="building" v="house"/>
    <tag k="ref:GB:uprn" v="100031287887"/>
  </way>
  <way id="1229493168" version="5" timestamp="2025-09-21T23:28:17Z" changeset="172269123" uid="8857" user="philipcullen">
    <nd ref="11401347081"/>
    <nd ref="11401347078"/>
    <nd ref="11401347079"/>
    <nd ref="11401347076"/>
    <nd ref="11401347077"/>
    <nd ref="11401347080"/>
    <nd ref="11401347081"/>
    <tag k="addr:city" v="Worksop"/>
    <tag k="addr:housenumber" v="6"/>
    <tag k="addr:postcode" v="S81 9DX"/>
    <tag k="addr:street" v="Grange Close"/>
    <tag k="building" v="house"/>
    <tag k="ref:GB:uprn" v="100031287888"/>
  </way>
  <way id="1229493169" version="5" timestamp="2025-09-21T23:28:17Z" changeset="172269123" uid="8857" user="philipcullen">
    <nd ref="11401347087"/>
    <nd ref="11401347089"/>
    <nd ref="11401347090"/>
    <nd ref="11401347084"/>
    <nd ref="11401347083"/>
    <nd ref="11401347082"/>
    <nd ref="11401347091"/>
    <nd ref="11401347088"/>
    <nd ref="11401347085"/>
    <nd ref="11401347086"/>
    <nd ref="11401347087"/>
    <tag k="addr:city" v="Worksop"/>
    <tag k="addr:housenumber" v="4"/>
    <tag k="addr:postcode" v="S81 9DX"/>
    <tag k="addr:street" v="Grange Close"/>
    <tag k="building" v="house"/>
    <tag k="ref:GB:uprn" v="100031287886"/>
  </way>
  <way id="1229493170" version="5" timestamp="2025-09-21T23:28:17Z" changeset="172269123" uid="8857" user="philipcullen">
    <nd ref="11401347095"/>
    <nd ref="11401347092"/>
    <nd ref="11401347093"/>
    <nd ref="11401347094"/>
    <nd ref="11401347095"/>
    <tag k="addr:city" v="Worksop"/>
    <tag k="addr:housenumber" v="3"/>
    <tag k="addr:postcode" v="S81 9DX"/>
    <tag k="addr:street" v="Grange Close"/>
    <tag k="building" v="house"/>
    <tag k="ref:GB:uprn" v="100031287885"/>
  </way>
  <way id="1229493171" version="5" timestamp="2025-09-21T23:28:17Z" changeset="172269123" uid="8857" user="philipcullen">
    <nd ref="11401347108"/>
    <nd ref="11401347104"/>
    <nd ref="11401347107"/>
    <nd ref="11401347106"/>
    <nd ref="11401347105"/>
    <nd ref="11401347101"/>
    <nd ref="11401347100"/>
    <nd ref="11401347099"/>
    <nd ref="11401347108"/>
    <tag k="addr:city" v="Worksop"/>
    <tag k="addr:housenumber" v="1"/>
    <tag k="addr:postcode" v="S81 9DX"/>
    <tag k="addr:street" v="Grange Close"/>
    <tag k="building" v="house"/>
    <tag k="ref:GB:uprn" v="100031287883"/>
  </way>
  <way id="1229493172" version="5" timestamp="2025-09-21T23:28:17Z" changeset="172269123" uid="8857" user="philipcullen">
    <nd ref="11401347103"/>
    <nd ref="11401347102"/>
    <nd ref="11401347107"/>
    <nd ref="11401347104"/>
    <nd ref="11401347098"/>
    <nd ref="11401347096"/>
    <nd ref="11401347097"/>
    <nd ref="11401347103"/>
    <tag k="addr:city" v="Worksop"/>
    <tag k="addr:housenumber" v="2"/>
    <tag k="addr:postcode" v="S81 9DX"/>
    <tag k="addr:street" v="Grange Close"/>
    <tag k="building" v="house"/>
    <tag k="ref:GB:uprn" v="100031287884"/>
  </way>
  <way id="1230001325" version="4" timestamp="2025-09-21T23:28:17Z" changeset="172269123" uid="8857" user="philipcullen">
    <nd ref="11406384311"/>
    <nd ref="11406384305"/>
    <nd ref="11406384304"/>
    <nd ref="11406384303"/>
    <nd ref="11406384307"/>
    <nd ref="11406384306"/>
    <nd ref="11406384308"/>
    <nd ref="11406384309"/>
    <nd ref="11406384310"/>
    <nd ref="11406384311"/>
    <tag k="addr:city" v="Worksop"/>
    <tag k="addr:housenumber" v="4"/>
    <tag k="addr:postcode" v="S81 9BJ"/>
    <tag k="addr:street" v="Green Farm Court"/>
    <tag k="building" v="house"/>
    <tag k="ref:GB:uprn" v="10023265115"/>
  </way>
  <way id="1230001326" version="4" timestamp="2025-09-21T23:28:17Z" changeset="172269123" uid="8857" user="philipcullen">
    <nd ref="11406384317"/>
    <nd ref="11406384314"/>
    <nd ref="11406384313"/>
    <nd ref="11406384312"/>
    <nd ref="11406384318"/>
    <nd ref="11406384321"/>
    <nd ref="11406384320"/>
    <nd ref="11406384319"/>
    <nd ref="11406384315"/>
    <nd ref="11406384316"/>
    <nd ref="11406384317"/>
    <tag k="addr:city" v="Worksop"/>
    <tag k="addr:housenumber" v="3"/>
    <tag k="addr:postcode" v="S81 9BJ"/>
    <tag k="addr:street" v="Green Farm Court"/>
    <tag k="building" v="house"/>
    <tag k="ref:GB:uprn" v="10023268844"/>
  </way>
  <way id="1230001327" version="4" timestamp="2025-09-21T23:28:17Z" changeset="172269123" uid="8857" user="philipcullen">
    <nd ref="11406384331"/>
    <nd ref="11406384336"/>
    <nd ref="11406384322"/>
    <nd ref="11406384323"/>
    <nd ref="11406384326"/>
    <nd ref="11406384327"/>
    <nd ref="11406384324"/>
    <nd ref="11406384325"/>
    <nd ref="11406384339"/>
    <nd ref="11406384335"/>
    <nd ref="11406384332"/>
    <nd ref="11406384333"/>
    <nd ref="11406384334"/>
    <nd ref="11406384338"/>
    <nd ref="11406384337"/>
    <nd ref="11406384330"/>
    <nd ref="11406384329"/>
    <nd ref="11406384328"/>
    <nd ref="11406384331"/>
    <tag k="addr:city" v="Worksop"/>
    <tag k="addr:housenumber" v="2"/>
    <tag k="addr:postcode" v="S81 9BJ"/>
    <tag k="addr:street" v="Green Farm Court"/>
    <tag k="building" v="house"/>
    <tag k="ref:GB:uprn" v="100031299369"/>
  </way>
  <way id="1230001328" version="4" timestamp="2025-09-21T23:28:17Z" changeset="172269123" uid="8857" user="philipcullen">
    <nd ref="11406384343"/>
    <nd ref="11406384340"/>
    <nd ref="11406384341"/>
    <nd ref="11406384342"/>
    <nd ref="11406384343"/>
    <tag k="addr:city" v="Worksop"/>
    <tag k="addr:housenumber" v="1"/>
    <tag k="addr:postcode" v="S81 9BJ"/>
    <tag k="addr:street" v="Green Farm Court"/>
    <tag k="building" v="house"/>
    <tag k="ref:GB:uprn" v="100031299370"/>
  </way>
  <way id="1230001346" version="5" timestamp="2025-09-21T23:28:17Z" changeset="172269123" uid="8857" user="philipcullen">
    <nd ref="11406388430"/>
    <nd ref="11406388429"/>
    <nd ref="11406388428"/>
    <nd ref="11406388427"/>
    <nd ref="11406388426"/>
    <nd ref="11406388425"/>
    <nd ref="11406388430"/>
    <tag k="addr:city" v="Worksop"/>
    <tag k="addr:housenumber" v="26"/>
    <tag k="addr:postcode" v="S81 9DD"/>
    <tag k="addr:street" v="Strathaven Road"/>
    <tag k="building" v="house"/>
    <tag k="ref:GB:uprn" v="200000664141"/>
  </way>
  <way id="1230001347" version="5" timestamp="2025-09-21T23:28:17Z" changeset="172269123" uid="8857" user="philipcullen">
    <nd ref="11406388435"/>
    <nd ref="11406388436"/>
    <nd ref="11406388432"/>
    <nd ref="11406388431"/>
    <nd ref="11406388435"/>
    <tag k="addr:city" v="Worksop"/>
    <tag k="addr:housenumber" v="24"/>
    <tag k="addr:postcode" v="S81 9DD"/>
    <tag k="addr:street" v="Strathaven Road"/>
    <tag k="building" v="house"/>
    <tag k="ref:GB:uprn" v="200000664140"/>
  </way>
  <way id="1230001348" version="5" timestamp="2025-09-21T23:28:17Z" changeset="172269123" uid="8857" user="philipcullen">
    <nd ref="11406388436"/>
    <nd ref="11406388435"/>
    <nd ref="11406388434"/>
    <nd ref="11406388433"/>
    <nd ref="11406388436"/>
    <tag k="addr:city" v="Worksop"/>
    <tag k="addr:housenumber" v="22"/>
    <tag k="addr:postcode" v="S81 9DD"/>
    <tag k="addr:street" v="Strathaven Road"/>
    <tag k="building" v="house"/>
    <tag k="ref:GB:uprn" v="200000664139"/>
  </way>
  <way id="1230001349" version="5" timestamp="2025-09-21T23:28:17Z" changeset="172269123" uid="8857" user="philipcullen">
    <nd ref="11406388441"/>
    <nd ref="11406388442"/>
    <nd ref="11406388439"/>
    <nd ref="11406388438"/>
    <nd ref="11406388437"/>
    <nd ref="11406388443"/>
    <nd ref="11406388440"/>
    <nd ref="11406388441"/>
    <tag k="addr:city" v="Worksop"/>
    <tag k="addr:housenumber" v="20"/>
    <tag k="addr:postcode" v="S81 9DD"/>
    <tag k="addr:street" v="Strathaven Road"/>
    <tag k="building" v="house"/>
    <tag k="ref:GB:uprn" v="200000664138"/>
  </way>
  <way id="1230001350" version="5" timestamp="2025-09-21T23:28:17Z" changeset="172269123" uid="8857" user="philipcullen">
    <nd ref="11406388445"/>
    <nd ref="11406388441"/>
    <nd ref="11406388440"/>
    <nd ref="11406388444"/>
    <nd ref="11406388445"/>
    <tag k="addr:city" v="Worksop"/>
    <tag k="addr:housenumber" v="18"/>
    <tag k="addr:postcode" v="S81 9DD"/>
    <tag k="addr:street" v="Strathaven Road"/>
    <tag k="building" v="house"/>
    <tag k="ref:GB:uprn" v="200000664137"/>
  </way>
  <way id="1230001351" version="5" timestamp="2025-09-21T23:28:17Z" changeset="172269123" uid="8857" user="philipcullen">
    <nd ref="11406388449"/>
    <nd ref="11406388448"/>
    <nd ref="11406388447"/>
    <nd ref="11406388446"/>
    <nd ref="11406388449"/>
    <tag k="addr:city" v="Worksop"/>
    <tag k="addr:housenumber" v="16"/>
    <tag k="addr:postcode" v="S81 9DD"/>
    <tag k="addr:street" v="Strathaven Road"/>
    <tag k="building" v="house"/>
    <tag k="ref:GB:uprn" v="200000664136"/>
  </way>
  <way id="1230001352" version="5" timestamp="2025-09-21T23:28:17Z" changeset="172269123" uid="8857" user="philipcullen">
    <nd ref="11406388453"/>
    <nd ref="11406388452"/>
    <nd ref="11406388451"/>
    <nd ref="11406388450"/>
    <nd ref="11406388453"/>
    <tag k="addr:city" v="Worksop"/>
    <tag k="addr:housenumber" v="14"/>
    <tag k="addr:postcode" v="S81 9DD"/>
    <tag k="addr:street" v="Strathaven Road"/>
    <tag k="building" v="house"/>
    <tag k="ref:GB:uprn" v="200000664135"/>
  </way>
  <way id="1230001353" version="5" timestamp="2025-09-21T23:28:17Z" changeset="172269123" uid="8857" user="philipcullen">
    <nd ref="11406388455"/>
    <nd ref="11406388458"/>
    <nd ref="11406388457"/>
    <nd ref="11406388454"/>
    <nd ref="11406388455"/>
    <tag k="addr:city" v="Worksop"/>
    <tag k="addr:housenumber" v="10"/>
    <tag k="addr:postcode" v="S81 9DD"/>
    <tag k="addr:street" v="Strathaven Road"/>
    <tag k="building" v="house"/>
    <tag k="ref:GB:uprn" v="200000664131"/>
  </way>
  <way id="1230001354" version="5" timestamp="2025-09-21T23:28:17Z" changeset="172269123" uid="8857" user="philipcullen">
    <nd ref="11406388459"/>
    <nd ref="11406388455"/>
    <nd ref="11406388454"/>
    <nd ref="11406388456"/>
    <nd ref="11406388459"/>
    <tag k="addr:city" v="Worksop"/>
    <tag k="addr:housenumber" v="12"/>
    <tag k="addr:postcode" v="S81 9DD"/>
    <tag k="addr:street" v="Strathaven Road"/>
    <tag k="building" v="house"/>
    <tag k="ref:GB:uprn" v="200000664133"/>
  </way>
  <way id="1230001355" version="5" timestamp="2025-09-21T23:28:17Z" changeset="172269123" uid="8857" user="philipcullen">
    <nd ref="11406388461"/>
    <nd ref="11406388467"/>
    <nd ref="11406388464"/>
    <nd ref="11406388460"/>
    <nd ref="11406388461"/>
    <tag k="addr:city" v="Worksop"/>
    <tag k="addr:housenumber" v="4"/>
    <tag k="addr:postcode" v="S81 9DD"/>
    <tag k="addr:street" v="Strathaven Road"/>
    <tag k="building" v="house"/>
    <tag k="ref:GB:uprn" v="200000664125"/>
  </way>
  <way id="1230001356" version="5" timestamp="2025-09-21T23:28:17Z" changeset="172269123" uid="8857" user="philipcullen">
    <nd ref="11406388463"/>
    <nd ref="11406388461"/>
    <nd ref="11406388460"/>
    <nd ref="11406388462"/>
    <nd ref="11406388463"/>
    <tag k="addr:city" v="Worksop"/>
    <tag k="addr:housenumber" v="6"/>
    <tag k="addr:postcode" v="S81 9DD"/>
    <tag k="addr:street" v="Strathaven Road"/>
    <tag k="building" v="house"/>
    <tag k="ref:GB:uprn" v="200000664127"/>
  </way>
  <way id="1230001357" version="5" timestamp="2025-09-21T23:28:17Z" changeset="172269123" uid="8857" user="philipcullen">
    <nd ref="11406388466"/>
    <nd ref="11406388463"/>
    <nd ref="11406388462"/>
    <nd ref="11406388465"/>
    <nd ref="11406388466"/>
    <tag k="addr:city" v="Worksop"/>
    <tag k="addr:housenumber" v="8"/>
    <tag k="addr:postcode" v="S81 9DD"/>
    <tag k="addr:street" v="Strathaven Road"/>
    <tag k="building" v="house"/>
    <tag k="ref:GB:uprn" v="200000664129"/>
  </way>
  <way id="1230001358" version="5" timestamp="2025-09-21T23:28:17Z" changeset="172269123" uid="8857" user="philipcullen">
    <nd ref="11406388471"/>
    <nd ref="11406388470"/>
    <nd ref="11406388469"/>
    <nd ref="11406388468"/>
    <nd ref="11406388471"/>
    <tag k="addr:city" v="Worksop"/>
    <tag k="addr:housenumber" v="2"/>
    <tag k="addr:postcode" v="S81 9DD"/>
    <tag k="addr:street" v="Strathaven Road"/>
    <tag k="building" v="house"/>
    <tag k="ref:GB:uprn" v="200000664123"/>
  </way>
  <way id="1230001360" version="4" timestamp="2025-09-21T23:28:17Z" changeset="172269123" uid="8857" user="philipcullen">
    <nd ref="11406388479"/>
    <nd ref="11406388478"/>
    <nd ref="11406388477"/>
    <nd ref="11406388480"/>
    <nd ref="11406388482"/>
    <nd ref="11406388481"/>
    <nd ref="11406388509"/>
    <nd ref="11406388508"/>
    <nd ref="11406388507"/>
    <nd ref="11406388479"/>
    <tag k="addr:city" v="Worksop"/>
    <tag k="addr:housenumber" v="12"/>
    <tag k="addr:postcode" v="S81 9DA"/>
    <tag k="addr:street" v="Strathmore Drive"/>
    <tag k="building" v="house"/>
    <tag k="ref:GB:uprn" v="100031298703"/>
  </way>
  <way id="1230001361" version="4" timestamp="2025-09-21T23:28:17Z" changeset="172269123" uid="8857" user="philipcullen">
    <nd ref="11406388499"/>
    <nd ref="11406388496"/>
    <nd ref="11406388495"/>
    <nd ref="11406388483"/>
    <nd ref="11406388484"/>
    <nd ref="11406388485"/>
    <nd ref="11406388498"/>
    <nd ref="11406388499"/>
    <tag k="addr:city" v="Worksop"/>
    <tag k="addr:housenumber" v="6"/>
    <tag k="addr:postcode" v="S81 9DA"/>
    <tag k="addr:street" v="Strathmore Drive"/>
    <tag k="building" v="house"/>
    <tag k="ref:GB:uprn" v="100031298697"/>
  </way>
  <way id="1230001362" version="4" timestamp="2025-09-21T23:28:17Z" changeset="172269123" uid="8857" user="philipcullen">
    <nd ref="11406388488"/>
    <nd ref="11406388487"/>
    <nd ref="11406388486"/>
    <nd ref="11406388492"/>
    <nd ref="11406388493"/>
    <nd ref="11406388490"/>
    <nd ref="11406388489"/>
    <nd ref="11406388488"/>
    <tag k="addr:city" v="Worksop"/>
    <tag k="addr:housenumber" v="4"/>
    <tag k="addr:postcode" v="S81 9DA"/>
    <tag k="addr:street" v="Strathmore Drive"/>
    <tag k="building" v="house"/>
    <tag k="ref:GB:uprn" v="100031298695"/>
  </way>
  <way id="1230001363" version="4" timestamp="2025-09-21T23:28:17Z" changeset="172269123" uid="8857" user="philipcullen">
    <nd ref="11406388494"/>
    <nd ref="11406388493"/>
    <nd ref="11406388492"/>
    <nd ref="11406388491"/>
    <nd ref="11406388494"/>
    <tag k="addr:city" v="Worksop"/>
    <tag k="addr:housenumber" v="2"/>
    <tag k="addr:postcode" v="S81 9DA"/>
    <tag k="addr:street" v="Strathmore Drive"/>
    <tag k="building" v="house"/>
    <tag k="ref:GB:uprn" v="100031298693"/>
  </way>
  <way id="1230001364" version="3" timestamp="2025-09-21T23:28:17Z" changeset="172269123" uid="8857" user="philipcullen">
    <nd ref="11406388496"/>
    <nd ref="11406388500"/>
    <nd ref="11406388497"/>
    <nd ref="11406388495"/>
    <nd ref="11406388496"/>
    <tag k="addr:city" v="Worksop"/>
    <tag k="addr:housenumber" v="8"/>
    <tag k="addr:postcode" v="S81 9DA"/>
    <tag k="addr:street" v="Strathmore Drive"/>
    <tag k="building" v="house"/>
    <tag k="ref:GB:uprn" v="100031298699"/>
  </way>
  <way id="1230001365" version="4" timestamp="2025-09-21T23:28:17Z" changeset="172269123" uid="8857" user="philipcullen">
    <nd ref="11406388504"/>
    <nd ref="11406388503"/>
    <nd ref="11406388502"/>
    <nd ref="11406388501"/>
    <nd ref="11406388504"/>
    <tag k="addr:city" v="Worksop"/>
    <tag k="addr:housenumber" v="14"/>
    <tag k="addr:postcode" v="S81 9DA"/>
    <tag k="addr:street" v="Strathmore Drive"/>
    <tag k="building" v="house"/>
    <tag k="ref:GB:uprn" v="100031298705"/>
  </way>
  <way id="1230001366" version="4" timestamp="2025-09-21T23:28:17Z" changeset="172269123" uid="8857" user="philipcullen">
    <nd ref="11406388509"/>
    <nd ref="11406388506"/>
    <nd ref="11406388505"/>
    <nd ref="11406388508"/>
    <nd ref="11406388509"/>
    <tag k="addr:city" v="Worksop"/>
    <tag k="addr:housenumber" v="10"/>
    <tag k="addr:postcode" v="S81 9DA"/>
    <tag k="addr:street" v="Strathmore Drive"/>
    <tag k="building" v="house"/>
    <tag k="ref:GB:uprn" v="100031298701"/>
  </way>
  <way id="1230001367" version="4" timestamp="2025-09-21T23:28:17Z" changeset="172269123" uid="8857" user="philipcullen">
    <nd ref="11406388535"/>
    <nd ref="11406388532"/>
    <nd ref="11406388531"/>
    <nd ref="11406388515"/>
    <nd ref="11406388514"/>
    <nd ref="11406388513"/>
    <nd ref="11406388534"/>
    <nd ref="11406388535"/>
    <tag k="addr:city" v="Worksop"/>
    <tag k="addr:housenumber" v="15"/>
    <tag k="addr:postcode" v="S81 9DA"/>
    <tag k="addr:street" v="Strathmore Drive"/>
    <tag k="building" v="house"/>
    <tag k="ref:GB:uprn" v="100031298706"/>
  </way>
  <way id="1230001368" version="4" timestamp="2025-09-21T23:28:17Z" changeset="172269123" uid="8857" user="philipcullen">
    <nd ref="11406388523"/>
    <nd ref="11406388520"/>
    <nd ref="11406388519"/>
    <nd ref="11406388512"/>
    <nd ref="11406388511"/>
    <nd ref="11406388510"/>
    <nd ref="11406388522"/>
    <nd ref="11406388523"/>
    <tag k="addr:city" v="Worksop"/>
    <tag k="addr:housenumber" v="23"/>
    <tag k="addr:postcode" v="S81 9DA"/>
    <tag k="addr:street" v="Strathmore Drive"/>
    <tag k="building" v="house"/>
    <tag k="ref:GB:uprn" v="100031298710"/>
  </way>
  <way id="1230001369" version="4" timestamp="2025-09-21T23:28:17Z" changeset="172269123" uid="8857" user="philipcullen">
    <nd ref="11406388537"/>
    <nd ref="11406388538"/>
    <nd ref="11406388541"/>
    <nd ref="11406388540"/>
    <nd ref="11406388518"/>
    <nd ref="11406388516"/>
    <nd ref="11406388517"/>
    <nd ref="11406388537"/>
    <tag k="addr:city" v="Worksop"/>
    <tag k="addr:housenumber" v="11"/>
    <tag k="addr:postcode" v="S81 9DA"/>
    <tag k="addr:street" v="Strathmore Drive"/>
    <tag k="building" v="house"/>
    <tag k="ref:GB:uprn" v="100031298702"/>
  </way>
  <way id="1230001370" version="4" timestamp="2025-09-21T23:28:17Z" changeset="172269123" uid="8857" user="philipcullen">
    <nd ref="11406388524"/>
    <nd ref="11406388523"/>
    <nd ref="11406388522"/>
    <nd ref="11406388521"/>
    <nd ref="11406388524"/>
    <tag k="addr:city" v="Worksop"/>
    <tag k="addr:housenumber" v="25"/>
    <tag k="addr:postcode" v="S81 9DA"/>
    <tag k="addr:street" v="Strathmore Drive"/>
    <tag k="building" v="house"/>
    <tag k="ref:GB:uprn" v="100031298711"/>
  </way>
  <way id="1230001371" version="4" timestamp="2025-09-21T23:28:17Z" changeset="172269123" uid="8857" user="philipcullen">
    <nd ref="11406388529"/>
    <nd ref="11406388526"/>
    <nd ref="11406388525"/>
    <nd ref="11406388528"/>
    <nd ref="11406388529"/>
    <tag k="addr:city" v="Worksop"/>
    <tag k="addr:housenumber" v="19"/>
    <tag k="addr:postcode" v="S81 9DA"/>
    <tag k="addr:street" v="Strathmore Drive"/>
    <tag k="building" v="house"/>
    <tag k="ref:GB:uprn" v="100031298708"/>
  </way>
  <way id="1230001372" version="4" timestamp="2025-09-21T23:28:17Z" changeset="172269123" uid="8857" user="philipcullen">
    <nd ref="11406388530"/>
    <nd ref="11406388529"/>
    <nd ref="11406388528"/>
    <nd ref="11406388527"/>
    <nd ref="11406388530"/>
    <tag k="addr:city" v="Worksop"/>
    <tag k="addr:housenumber" v="21"/>
    <tag k="addr:postcode" v="S81 9DA"/>
    <tag k="addr:street" v="Strathmore Drive"/>
    <tag k="building" v="house"/>
    <tag k="ref:GB:uprn" v="100031298709"/>
  </way>
  <way id="1230001373" version="4" timestamp="2025-09-21T23:28:17Z" changeset="172269123" uid="8857" user="philipcullen">
    <nd ref="11406388536"/>
    <nd ref="11406388535"/>
    <nd ref="11406388534"/>
    <nd ref="11406388533"/>
    <nd ref="11406388536"/>
    <tag k="addr:city" v="Worksop"/>
    <tag k="addr:housenumber" v="17"/>
    <tag k="addr:postcode" v="S81 9DA"/>
    <tag k="addr:street" v="Strathmore Drive"/>
    <tag k="building" v="house"/>
    <tag k="ref:GB:uprn" v="100031298707"/>
  </way>
  <way id="1230001374" version="4" timestamp="2025-09-21T23:28:17Z" changeset="172269123" uid="8857" user="philipcullen">
    <nd ref="11406388542"/>
    <nd ref="11406388538"/>
    <nd ref="11406388537"/>
    <nd ref="11406388539"/>
    <nd ref="11406388542"/>
    <tag k="addr:city" v="Worksop"/>
    <tag k="addr:housenumber" v="13"/>
    <tag k="addr:postcode" v="S81 9DA"/>
    <tag k="addr:street" v="Strathmore Drive"/>
    <tag k="building" v="house"/>
    <tag k="ref:GB:uprn" v="100031298704"/>
  </way>
  <way id="1230001375" version="4" timestamp="2025-09-21T23:28:17Z" changeset="172269123" uid="8857" user="philipcullen">
    <nd ref="11406388547"/>
    <nd ref="11406388546"/>
    <nd ref="11406388545"/>
    <nd ref="11406388544"/>
    <nd ref="11406388547"/>
    <tag k="addr:city" v="Worksop"/>
    <tag k="addr:housenumber" v="9"/>
    <tag k="addr:postcode" v="S81 9DA"/>
    <tag k="addr:street" v="Strathmore Drive"/>
    <tag k="building" v="house"/>
    <tag k="ref:GB:uprn" v="100031298700"/>
  </way>
  <way id="1230001376" version="4" timestamp="2025-09-21T23:28:17Z" changeset="172269123" uid="8857" user="philipcullen">
    <nd ref="11406388551"/>
    <nd ref="11406388550"/>
    <nd ref="11406388549"/>
    <nd ref="11406388548"/>
    <nd ref="11406388551"/>
    <tag k="addr:city" v="Worksop"/>
    <tag k="addr:housenumber" v="7"/>
    <tag k="addr:postcode" v="S81 9DA"/>
    <tag k="addr:street" v="Strathmore Drive"/>
    <tag k="building" v="house"/>
    <tag k="ref:GB:uprn" v="100031298698"/>
  </way>
  <way id="1230001377" version="4" timestamp="2025-09-21T23:28:17Z" changeset="172269123" uid="8857" user="philipcullen">
    <nd ref="11406388555"/>
    <nd ref="11406388554"/>
    <nd ref="11406388553"/>
    <nd ref="11406388552"/>
    <nd ref="11406388555"/>
    <tag k="addr:city" v="Worksop"/>
    <tag k="addr:housenumber" v="5"/>
    <tag k="addr:postcode" v="S81 9DA"/>
    <tag k="addr:street" v="Strathmore Drive"/>
    <tag k="building" v="house"/>
    <tag k="ref:GB:uprn" v="100031298696"/>
  </way>
  <way id="1230001378" version="4" timestamp="2025-09-21T23:28:17Z" changeset="172269123" uid="8857" user="philipcullen">
    <nd ref="11406388559"/>
    <nd ref="11406388558"/>
    <nd ref="11406388557"/>
    <nd ref="11406388556"/>
    <nd ref="11406388559"/>
    <tag k="addr:city" v="Worksop"/>
    <tag k="addr:housenumber" v="3"/>
    <tag k="addr:postcode" v="S81 9DA"/>
    <tag k="addr:street" v="Strathmore Drive"/>
    <tag k="building" v="house"/>
    <tag k="ref:GB:uprn" v="100031298694"/>
  </way>
  <way id="1230001379" version="4" timestamp="2025-09-21T23:28:17Z" changeset="172269123" uid="8857" user="philipcullen">
    <nd ref="11406388571"/>
    <nd ref="11406388575"/>
    <nd ref="11406388561"/>
    <nd ref="11406388560"/>
    <nd ref="11406388563"/>
    <nd ref="11406388562"/>
    <nd ref="11406388564"/>
    <nd ref="11406388574"/>
    <nd ref="11406388573"/>
    <nd ref="11406388567"/>
    <nd ref="11406388566"/>
    <nd ref="11406388565"/>
    <nd ref="11406388568"/>
    <nd ref="11406388572"/>
    <nd ref="11406388569"/>
    <nd ref="11406388570"/>
    <nd ref="11406388571"/>
    <tag k="addr:city" v="Worksop"/>
    <tag k="addr:housenumber" v="1"/>
    <tag k="addr:postcode" v="S81 9DA"/>
    <tag k="addr:street" v="Strathmore Drive"/>
    <tag k="building" v="house"/>
    <tag k="ref:GB:uprn" v="100031298692"/>
  </way>
  <way id="1230001380" version="4" timestamp="2025-09-21T23:28:17Z" changeset="172269123" uid="8857" user="philipcullen">
    <nd ref="11406388587"/>
    <nd ref="11406388583"/>
    <nd ref="11406388582"/>
    <nd ref="11406388581"/>
    <nd ref="11406388580"/>
    <nd ref="11406388578"/>
    <nd ref="11406388577"/>
    <nd ref="11406388576"/>
    <nd ref="11406388579"/>
    <nd ref="11406388586"/>
    <nd ref="11406388587"/>
    <tag k="addr:city" v="Worksop"/>
    <tag k="addr:housenumber" v="16"/>
    <tag k="addr:postcode" v="S81 9BY"/>
    <tag k="addr:street" v="Kenilworth Drive"/>
    <tag k="building" v="house"/>
    <tag k="ref:GB:uprn" v="10023266086"/>
  </way>
  <way id="1230001381" version="4" timestamp="2025-09-21T23:28:17Z" changeset="172269123" uid="8857" user="philipcullen">
    <nd ref="11406388587"/>
    <nd ref="11406388586"/>
    <nd ref="11406388585"/>
    <nd ref="11406388584"/>
    <nd ref="11406388587"/>
    <tag k="addr:city" v="Worksop"/>
    <tag k="addr:housenumber" v="14"/>
    <tag k="addr:postcode" v="S81 9BY"/>
    <tag k="addr:street" v="Kenilworth Drive"/>
    <tag k="building" v="house"/>
    <tag k="ref:GB:uprn" v="100031289541"/>
  </way>
  <way id="1230001382" version="4" timestamp="2025-09-21T23:28:17Z" changeset="172269123" uid="8857" user="philipcullen">
    <nd ref="11406388596"/>
    <nd ref="11406388591"/>
    <nd ref="11406388590"/>
    <nd ref="11406388589"/>
    <nd ref="11406388588"/>
    <nd ref="11406388592"/>
    <nd ref="11406388595"/>
    <nd ref="11406388596"/>
    <tag k="addr:city" v="Worksop"/>
    <tag k="addr:housenumber" v="12"/>
    <tag k="addr:postcode" v="S81 9BY"/>
    <tag k="addr:street" v="Kenilworth Drive"/>
    <tag k="building" v="house"/>
    <tag k="ref:GB:uprn" v="100031289539"/>
  </way>
  <way id="1230001383" version="4" timestamp="2025-09-21T23:28:17Z" changeset="172269123" uid="8857" user="philipcullen">
    <nd ref="11406388596"/>
    <nd ref="11406388595"/>
    <nd ref="11406388594"/>
    <nd ref="11406388593"/>
    <nd ref="11406388596"/>
    <tag k="addr:city" v="Worksop"/>
    <tag k="addr:housenumber" v="10"/>
    <tag k="addr:postcode" v="S81 9BY"/>
    <tag k="addr:street" v="Kenilworth Drive"/>
    <tag k="building" v="house"/>
    <tag k="ref:GB:uprn" v="100031289537"/>
  </way>
  <way id="1230001384" version="4" timestamp="2025-09-21T23:28:17Z" changeset="172269123" uid="8857" user="philipcullen">
    <nd ref="11406388600"/>
    <nd ref="11406388599"/>
    <nd ref="11406388598"/>
    <nd ref="11406388597"/>
    <nd ref="11406388600"/>
    <tag k="addr:city" v="Worksop"/>
    <tag k="addr:housenumber" v="8"/>
    <tag k="addr:postcode" v="S81 9BY"/>
    <tag k="addr:street" v="Kenilworth Drive"/>
    <tag k="building" v="house"/>
    <tag k="ref:GB:uprn" v="100031289535"/>
  </way>
  <way id="1230001385" version="4" timestamp="2025-09-21T23:28:17Z" changeset="172269123" uid="8857" user="philipcullen">
    <nd ref="11406388604"/>
    <nd ref="11406388603"/>
    <nd ref="11406388602"/>
    <nd ref="11406388601"/>
    <nd ref="11406388604"/>
    <tag k="addr:city" v="Worksop"/>
    <tag k="addr:housenumber" v="6"/>
    <tag k="addr:postcode" v="S81 9BY"/>
    <tag k="addr:street" v="Kenilworth Drive"/>
    <tag k="building" v="house"/>
    <tag k="ref:GB:uprn" v="100031289533"/>
  </way>
  <way id="1230001386" version="4" timestamp="2025-09-21T23:28:17Z" changeset="172269123" uid="8857" user="philipcullen">
    <nd ref="11406388608"/>
    <nd ref="11406388607"/>
    <nd ref="11406388606"/>
    <nd ref="11406388605"/>
    <nd ref="11406388608"/>
    <tag k="addr:city" v="Worksop"/>
    <tag k="addr:housenumber" v="4"/>
    <tag k="addr:postcode" v="S81 9BY"/>
    <tag k="addr:street" v="Kenilworth Drive"/>
    <tag k="building" v="house"/>
    <tag k="ref:GB:uprn" v="100031289531"/>
  </way>
  <way id="1230001387" version="4" timestamp="2025-09-21T23:28:17Z" changeset="172269123" uid="8857" user="philipcullen">
    <nd ref="11406388612"/>
    <nd ref="11406388611"/>
    <nd ref="11406388610"/>
    <nd ref="11406388609"/>
    <nd ref="11406388612"/>
    <tag k="addr:city" v="Worksop"/>
    <tag k="addr:housenumber" v="2"/>
    <tag k="addr:postcode" v="S81 9BY"/>
    <tag k="addr:street" v="Kenilworth Drive"/>
    <tag k="building" v="house"/>
    <tag k="ref:GB:uprn" v="100031289529"/>
  </way>
  <way id="1230001388" version="4" timestamp="2025-09-21T23:28:17Z" changeset="172269123" uid="8857" user="philipcullen">
    <nd ref="11406388626"/>
    <nd ref="11406388615"/>
    <nd ref="11406388616"/>
    <nd ref="11406388617"/>
    <nd ref="11406388623"/>
    <nd ref="11406388622"/>
    <nd ref="11406388625"/>
    <nd ref="11406388626"/>
    <tag k="addr:city" v="Worksop"/>
    <tag k="addr:housenumber" v="13"/>
    <tag k="addr:postcode" v="S81 9BY"/>
    <tag k="addr:street" v="Kenilworth Drive"/>
    <tag k="building" v="house"/>
    <tag k="ref:GB:uprn" v="100031289540"/>
  </way>
  <way id="1230001389" version="4" timestamp="2025-09-21T23:28:17Z" changeset="172269123" uid="8857" user="philipcullen">
    <nd ref="11406388633"/>
    <nd ref="11406388632"/>
    <nd ref="11406388628"/>
    <nd ref="11406388629"/>
    <nd ref="11406388613"/>
    <nd ref="11406388614"/>
    <nd ref="11406388633"/>
    <tag k="addr:city" v="Worksop"/>
    <tag k="addr:housenumber" v="9"/>
    <tag k="addr:postcode" v="S81 9BY"/>
    <tag k="addr:street" v="Kenilworth Drive"/>
    <tag k="building" v="house"/>
    <tag k="ref:GB:uprn" v="100031289536"/>
  </way>
  <way id="1230001390" version="4" timestamp="2025-09-21T23:28:17Z" changeset="172269123" uid="8857" user="philipcullen">
    <nd ref="11406388621"/>
    <nd ref="11406388620"/>
    <nd ref="11406388619"/>
    <nd ref="11406388618"/>
    <nd ref="11406388621"/>
    <tag k="addr:city" v="Worksop"/>
    <tag k="addr:housenumber" v="15"/>
    <tag k="addr:postcode" v="S81 9BY"/>
    <tag k="addr:street" v="Kenilworth Drive"/>
    <tag k="building" v="house"/>
    <tag k="ref:GB:uprn" v="100031289542"/>
  </way>
  <way id="1230001391" version="4" timestamp="2025-09-21T23:28:17Z" changeset="172269123" uid="8857" user="philipcullen">
    <nd ref="11406388627"/>
    <nd ref="11406388626"/>
    <nd ref="11406388625"/>
    <nd ref="11406388624"/>
    <nd ref="11406388627"/>
    <tag k="addr:city" v="Worksop"/>
    <tag k="addr:housenumber" v="11"/>
    <tag k="addr:postcode" v="S81 9BY"/>
    <tag k="addr:street" v="Kenilworth Drive"/>
    <tag k="building" v="house"/>
    <tag k="ref:GB:uprn" v="100031289538"/>
  </way>
  <way id="1230001392" version="4" timestamp="2025-09-21T23:28:17Z" changeset="172269123" uid="8857" user="philipcullen">
    <nd ref="11406388630"/>
    <nd ref="11406388629"/>
    <nd ref="11406388628"/>
    <nd ref="11406388631"/>
    <nd ref="11406388630"/>
    <tag k="addr:city" v="Worksop"/>
    <tag k="addr:housenumber" v="7"/>
    <tag k="addr:postcode" v="S81 9BY"/>
    <tag k="addr:street" v="Kenilworth Drive"/>
    <tag k="building" v="house"/>
    <tag k="ref:GB:uprn" v="100031289534"/>
  </way>
  <way id="1230001393" version="4" timestamp="2025-09-21T23:28:17Z" changeset="172269123" uid="8857" user="philipcullen">
    <nd ref="11406388640"/>
    <nd ref="11406388639"/>
    <nd ref="11406388638"/>
    <nd ref="11406388637"/>
    <nd ref="11406388636"/>
    <nd ref="11406388634"/>
    <nd ref="11406388635"/>
    <nd ref="11406388640"/>
    <tag k="addr:city" v="Worksop"/>
    <tag k="addr:housenumber" v="5"/>
    <tag k="addr:postcode" v="S81 9BY"/>
    <tag k="addr:street" v="Kenilworth Drive"/>
    <tag k="building" v="house"/>
    <tag k="ref:GB:uprn" v="100031289532"/>
  </way>
  <way id="1230001394" version="4" timestamp="2025-09-21T23:28:17Z" changeset="172269123" uid="8857" user="philipcullen">
    <nd ref="11406388644"/>
    <nd ref="11406388643"/>
    <nd ref="11406388642"/>
    <nd ref="11406388641"/>
    <nd ref="11406388644"/>
    <tag k="addr:city" v="Worksop"/>
    <tag k="addr:housenumber" v="3"/>
    <tag k="addr:postcode" v="S81 9BY"/>
    <tag k="addr:street" v="Kenilworth Drive"/>
    <tag k="building" v="house"/>
    <tag k="ref:GB:uprn" v="100031289530"/>
  </way>
  <way id="1230001395" version="4" timestamp="2025-09-21T23:28:17Z" changeset="172269123" uid="8857" user="philipcullen">
    <nd ref="11406388648"/>
    <nd ref="11406388647"/>
    <nd ref="11406388646"/>
    <nd ref="11406388645"/>
    <nd ref="11406388648"/>
    <tag k="addr:city" v="Worksop"/>
    <tag k="addr:housenumber" v="1"/>
    <tag k="addr:postcode" v="S81 9BY"/>
    <tag k="addr:street" v="Kenilworth Drive"/>
    <tag k="building" v="house"/>
    <tag k="ref:GB:uprn" v="100031289528"/>
  </way>
  <way id="1230001424" version="1" timestamp="2023-12-09T22:46:17Z" changeset="144950210" uid="12616743" user="BassetlawMapper">
    <nd ref="11406388839"/>
    <nd ref="11406388836"/>
    <nd ref="11406388835"/>
    <nd ref="11406388838"/>
    <nd ref="11406388839"/>
    <tag k="addr:housenumber" v="56"/>
    <tag k="addr:street" v="Windsor Road"/>
    <tag k="building" v="house"/>
  </way>
  <way id="1230001425" version="4" timestamp="2025-09-21T23:28:17Z" changeset="172269123" uid="8857" user="philipcullen">
    <nd ref="11406388840"/>
    <nd ref="11406388839"/>
    <nd ref="11406388838"/>
    <nd ref="11406388837"/>
    <nd ref="11406388840"/>
    <tag k="addr:city" v="Worksop"/>
    <tag k="addr:housenumber" v="58"/>
    <tag k="addr:postcode" v="S81 9BX"/>
    <tag k="addr:street" v="Windsor Road"/>
    <tag k="building" v="house"/>
    <tag k="ref:GB:uprn" v="100031301281"/>
  </way>
  <way id="1230001426" version="4" timestamp="2025-09-21T23:28:17Z" changeset="172269123" uid="8857" user="philipcullen">
    <nd ref="11406388842"/>
    <nd ref="11406388845"/>
    <nd ref="11406388844"/>
    <nd ref="11406388841"/>
    <nd ref="11406388842"/>
    <tag k="addr:city" v="Worksop"/>
    <tag k="addr:housenumber" v="60"/>
    <tag k="addr:postcode" v="S81 9BX"/>
    <tag k="addr:street" v="Windsor Road"/>
    <tag k="building" v="house"/>
    <tag k="ref:GB:uprn" v="100031301283"/>
  </way>
  <way id="1230001427" version="1" timestamp="2023-12-09T22:46:17Z" changeset="144950210" uid="12616743" user="BassetlawMapper">
    <nd ref="11406388846"/>
    <nd ref="11406388842"/>
    <nd ref="11406388841"/>
    <nd ref="11406388843"/>
    <nd ref="11406388846"/>
    <tag k="addr:housenumber" v="62"/>
    <tag k="addr:street" v="Windsor Road"/>
    <tag k="building" v="house"/>
  </way>
  <way id="1230001428" version="4" timestamp="2025-09-21T23:28:17Z" changeset="172269123" uid="8857" user="philipcullen">
    <nd ref="11406388851"/>
    <nd ref="11406388850"/>
    <nd ref="11406388849"/>
    <nd ref="11406388848"/>
    <nd ref="11406388847"/>
    <nd ref="11406388851"/>
    <tag k="addr:city" v="Worksop"/>
    <tag k="addr:housenumber" v="64"/>
    <tag k="addr:postcode" v="S81 9BZ"/>
    <tag k="addr:street" v="Windsor Road"/>
    <tag k="building" v="house"/>
    <tag k="ref:GB:uprn" v="100031301287"/>
  </way>
  <way id="1230001429" version="4" timestamp="2025-09-21T23:28:17Z" changeset="172269123" uid="8857" user="philipcullen">
    <nd ref="11406388854"/>
    <nd ref="11406388857"/>
    <nd ref="11406388856"/>
    <nd ref="11406388855"/>
    <nd ref="11406388858"/>
    <nd ref="11406388852"/>
    <nd ref="11406388853"/>
    <nd ref="11406388854"/>
    <tag k="addr:city" v="Worksop"/>
    <tag k="addr:housenumber" v="70"/>
    <tag k="addr:postcode" v="S81 9BZ"/>
    <tag k="addr:street" v="Windsor Road"/>
    <tag k="building" v="house"/>
    <tag k="ref:GB:uprn" v="100031301293"/>
  </way>
  <way id="1230001430" version="4" timestamp="2025-09-21T23:28:17Z" changeset="172269123" uid="8857" user="philipcullen">
    <nd ref="11406388867"/>
    <nd ref="11406388861"/>
    <nd ref="11406388860"/>
    <nd ref="11406388859"/>
    <nd ref="11406388863"/>
    <nd ref="11406388862"/>
    <nd ref="11406388864"/>
    <nd ref="11406388867"/>
    <tag k="addr:city" v="Worksop"/>
    <tag k="addr:housenumber" v="68"/>
    <tag k="addr:postcode" v="S81 9BZ"/>
    <tag k="addr:street" v="Windsor Road"/>
    <tag k="building" v="house"/>
    <tag k="ref:GB:uprn" v="100031301291"/>
  </way>
  <way id="1230001431" version="4" timestamp="2025-09-21T23:28:17Z" changeset="172269123" uid="8857" user="philipcullen">
    <nd ref="11406388863"/>
    <nd ref="11406388866"/>
    <nd ref="11406388865"/>
    <nd ref="11406388862"/>
    <nd ref="11406388863"/>
    <tag k="addr:city" v="Worksop"/>
    <tag k="addr:housenumber" v="66"/>
    <tag k="addr:postcode" v="S81 9BZ"/>
    <tag k="addr:street" v="Windsor Road"/>
    <tag k="building" v="house"/>
    <tag k="ref:GB:uprn" v="100031301289"/>
  </way>
  <way id="1230001432" version="4" timestamp="2025-09-21T23:28:17Z" changeset="172269123" uid="8857" user="philipcullen">
    <nd ref="11406388871"/>
    <nd ref="11406388870"/>
    <nd ref="11406388869"/>
    <nd ref="11406388868"/>
    <nd ref="11406388871"/>
    <tag k="addr:city" v="Worksop"/>
    <tag k="addr:housenumber" v="72"/>
    <tag k="addr:postcode" v="S81 9DB"/>
    <tag k="addr:street" v="Windsor Road"/>
    <tag k="building" v="house"/>
    <tag k="ref:GB:uprn" v="100031301295"/>
  </way>
  <way id="1230001433" version="4" timestamp="2025-09-21T23:28:17Z" changeset="172269123" uid="8857" user="philipcullen">
    <nd ref="11406388884"/>
    <nd ref="11406388883"/>
    <nd ref="11406388880"/>
    <nd ref="11406388881"/>
    <nd ref="11406388873"/>
    <nd ref="11406388872"/>
    <nd ref="11406388884"/>
    <tag k="addr:city" v="Worksop"/>
    <tag k="addr:housenumber" v="78"/>
    <tag k="addr:postcode" v="S81 9DB"/>
    <tag k="addr:street" v="Windsor Road"/>
    <tag k="building" v="house"/>
    <tag k="ref:GB:uprn" v="100031301301"/>
  </way>
  <way id="1230001434" version="4" timestamp="2025-09-21T23:28:17Z" changeset="172269123" uid="8857" user="philipcullen">
    <nd ref="11406388878"/>
    <nd ref="11406388875"/>
    <nd ref="11406388874"/>
    <nd ref="11406388877"/>
    <nd ref="11406388878"/>
    <tag k="addr:city" v="Worksop"/>
    <tag k="addr:housenumber" v="74"/>
    <tag k="addr:postcode" v="S81 9DB"/>
    <tag k="addr:street" v="Windsor Road"/>
    <tag k="building" v="house"/>
    <tag k="ref:GB:uprn" v="100031301297"/>
  </way>
  <way id="1230001435" version="4" timestamp="2025-09-21T23:28:17Z" changeset="172269123" uid="8857" user="philipcullen">
    <nd ref="11406388879"/>
    <nd ref="11406388878"/>
    <nd ref="11406388877"/>
    <nd ref="11406388876"/>
    <nd ref="11406388879"/>
    <tag k="addr:city" v="Worksop"/>
    <tag k="addr:housenumber" v="76"/>
    <tag k="addr:postcode" v="S81 9DB"/>
    <tag k="addr:street" v="Windsor Road"/>
    <tag k="building" v="house"/>
    <tag k="ref:GB:uprn" v="100031301299"/>
  </way>
  <way id="1230001436" version="4" timestamp="2025-09-21T23:28:17Z" changeset="172269123" uid="8857" user="philipcullen">
    <nd ref="11406388885"/>
    <nd ref="11406388881"/>
    <nd ref="11406388880"/>
    <nd ref="11406388882"/>
    <nd ref="11406388885"/>
    <tag k="addr:city" v="Worksop"/>
    <tag k="addr:housenumber" v="80"/>
    <tag k="addr:postcode" v="S81 9DB"/>
    <tag k="addr:street" v="Windsor Road"/>
    <tag k="building" v="house"/>
    <tag k="ref:GB:uprn" v="100031301303"/>
  </way>
  <way id="1230001437" version="4" timestamp="2025-09-21T23:28:17Z" changeset="172269123" uid="8857" user="philipcullen">
    <nd ref="11406388889"/>
    <nd ref="11406388888"/>
    <nd ref="11406388887"/>
    <nd ref="11406388886"/>
    <nd ref="11406388889"/>
    <tag k="addr:city" v="Worksop"/>
    <tag k="addr:housenumber" v="82"/>
    <tag k="addr:postcode" v="S81 9DF"/>
    <tag k="addr:street" v="Windsor Road"/>
    <tag k="building" v="house"/>
    <tag k="ref:GB:uprn" v="100031301305"/>
  </way>
  <way id="1230001438" version="4" timestamp="2025-09-21T23:28:17Z" changeset="172269123" uid="8857" user="philipcullen">
    <nd ref="11406388893"/>
    <nd ref="11406388892"/>
    <nd ref="11406388891"/>
    <nd ref="11406388890"/>
    <nd ref="11406388893"/>
    <tag k="addr:city" v="Worksop"/>
    <tag k="addr:housenumber" v="84"/>
    <tag k="addr:postcode" v="S81 9DF"/>
    <tag k="addr:street" v="Windsor Road"/>
    <tag k="building" v="house"/>
    <tag k="ref:GB:uprn" v="100031301307"/>
  </way>
  <way id="1230001439" version="4" timestamp="2025-09-21T23:28:17Z" changeset="172269123" uid="8857" user="philipcullen">
    <nd ref="11406388897"/>
    <nd ref="11406388896"/>
    <nd ref="11406388895"/>
    <nd ref="11406388894"/>
    <nd ref="11406388897"/>
    <tag k="addr:city" v="Worksop"/>
    <tag k="addr:housenumber" v="86"/>
    <tag k="addr:postcode" v="S81 9DF"/>
    <tag k="addr:street" v="Windsor Road"/>
    <tag k="building" v="house"/>
    <tag k="ref:GB:uprn" v="100031301309"/>
  </way>
  <way id="1230001440" version="4" timestamp="2025-09-21T23:28:17Z" changeset="172269123" uid="8857" user="philipcullen">
    <nd ref="11406388901"/>
    <nd ref="11406388900"/>
    <nd ref="11406388899"/>
    <nd ref="11406388898"/>
    <nd ref="11406388901"/>
    <tag k="addr:city" v="Worksop"/>
    <tag k="addr:housenumber" v="88"/>
    <tag k="addr:postcode" v="S81 9DF"/>
    <tag k="addr:street" v="Windsor Road"/>
    <tag k="building" v="house"/>
    <tag k="ref:GB:uprn" v="100031301311"/>
  </way>
  <way id="1230001441" version="4" timestamp="2025-09-21T23:28:17Z" changeset="172269123" uid="8857" user="philipcullen">
    <nd ref="11406388905"/>
    <nd ref="11406388904"/>
    <nd ref="11406388903"/>
    <nd ref="11406388902"/>
    <nd ref="11406388905"/>
    <tag k="addr:city" v="Worksop"/>
    <tag k="addr:housenumber" v="90"/>
    <tag k="addr:postcode" v="S81 9DF"/>
    <tag k="addr:street" v="Windsor Road"/>
    <tag k="building" v="house"/>
    <tag k="ref:GB:uprn" v="100031301313"/>
  </way>
  <way id="1230001442" version="4" timestamp="2025-09-21T23:28:17Z" changeset="172269123" uid="8857" user="philipcullen">
    <nd ref="11406388909"/>
    <nd ref="11406388908"/>
    <nd ref="11406388907"/>
    <nd ref="11406388906"/>
    <nd ref="11406388909"/>
    <tag k="addr:city" v="Worksop"/>
    <tag k="addr:housenumber" v="92"/>
    <tag k="addr:postcode" v="S81 9DF"/>
    <tag k="addr:street" v="Windsor Road"/>
    <tag k="building" v="house"/>
    <tag k="ref:GB:uprn" v="100031301315"/>
  </way>
  <way id="1230001443" version="4" timestamp="2025-09-21T23:28:17Z" changeset="172269123" uid="8857" user="philipcullen">
    <nd ref="11406388913"/>
    <nd ref="11406388912"/>
    <nd ref="11406388911"/>
    <nd ref="11406388910"/>
    <nd ref="11406388913"/>
    <tag k="addr:city" v="Worksop"/>
    <tag k="addr:housenumber" v="94"/>
    <tag k="addr:postcode" v="S81 9DF"/>
    <tag k="addr:street" v="Windsor Road"/>
    <tag k="building" v="house"/>
    <tag k="ref:GB:uprn" v="100031301317"/>
  </way>
  <way id="1230001444" version="4" timestamp="2025-09-21T23:28:17Z" changeset="172269123" uid="8857" user="philipcullen">
    <nd ref="11406388917"/>
    <nd ref="11406388916"/>
    <nd ref="11406388915"/>
    <nd ref="11406388914"/>
    <nd ref="11406388917"/>
    <tag k="addr:city" v="Worksop"/>
    <tag k="addr:housenumber" v="96"/>
    <tag k="addr:postcode" v="S81 9DF"/>
    <tag k="addr:street" v="Windsor Road"/>
    <tag k="building" v="house"/>
    <tag k="ref:GB:uprn" v="100031301319"/>
  </way>
  <way id="1230001445" version="4" timestamp="2025-09-21T23:28:17Z" changeset="172269123" uid="8857" user="philipcullen">
    <nd ref="11406388921"/>
    <nd ref="11406388920"/>
    <nd ref="11406388919"/>
    <nd ref="11406388918"/>
    <nd ref="11406388921"/>
    <tag k="addr:city" v="Worksop"/>
    <tag k="addr:housenumber" v="98"/>
    <tag k="addr:postcode" v="S81 9DQ"/>
    <tag k="addr:street" v="Windsor Road"/>
    <tag k="building" v="house"/>
    <tag k="ref:GB:uprn" v="100032188431"/>
  </way>
  <way id="1230001446" version="4" timestamp="2025-09-21T23:28:17Z" changeset="172269123" uid="8857" user="philipcullen">
    <nd ref="11406388925"/>
    <nd ref="11406388924"/>
    <nd ref="11406388923"/>
    <nd ref="11406388922"/>
    <nd ref="11406388925"/>
    <tag k="addr:city" v="Worksop"/>
    <tag k="addr:housenumber" v="100"/>
    <tag k="addr:postcode" v="S81 9DQ"/>
    <tag k="addr:street" v="Windsor Road"/>
    <tag k="building" v="house"/>
    <tag k="ref:GB:uprn" v="100032188395"/>
  </way>
  <way id="1230001447" version="4" timestamp="2025-09-21T23:28:17Z" changeset="172269123" uid="8857" user="philipcullen">
    <nd ref="11406388929"/>
    <nd ref="11406388928"/>
    <nd ref="11406388927"/>
    <nd ref="11406388926"/>
    <nd ref="11406388929"/>
    <tag k="addr:city" v="Worksop"/>
    <tag k="addr:housenumber" v="102"/>
    <tag k="addr:postcode" v="S81 9DQ"/>
    <tag k="addr:street" v="Windsor Road"/>
    <tag k="building" v="house"/>
    <tag k="ref:GB:uprn" v="100032188396"/>
  </way>
  <way id="1230001448" version="4" timestamp="2025-09-21T23:28:17Z" changeset="172269123" uid="8857" user="philipcullen">
    <nd ref="11406388933"/>
    <nd ref="11406388930"/>
    <nd ref="11406388931"/>
    <nd ref="11406388932"/>
    <nd ref="11406388933"/>
    <tag k="addr:city" v="Worksop"/>
    <tag k="addr:housenumber" v="104"/>
    <tag k="addr:postcode" v="S81 9DQ"/>
    <tag k="addr:street" v="Windsor Road"/>
    <tag k="building" v="house"/>
    <tag k="ref:GB:uprn" v="100032188397"/>
  </way>
  <way id="1230001449" version="4" timestamp="2025-09-21T23:28:17Z" changeset="172269123" uid="8857" user="philipcullen">
    <nd ref="11406388937"/>
    <nd ref="11406388936"/>
    <nd ref="11406388935"/>
    <nd ref="11406388934"/>
    <nd ref="11406388937"/>
    <tag k="addr:city" v="Worksop"/>
    <tag k="addr:housenumber" v="106"/>
    <tag k="addr:postcode" v="S81 9DQ"/>
    <tag k="addr:street" v="Windsor Road"/>
    <tag k="building" v="house"/>
    <tag k="ref:GB:uprn" v="100032188398"/>
  </way>
  <way id="1230001450" version="4" timestamp="2025-09-21T23:28:17Z" changeset="172269123" uid="8857" user="philipcullen">
    <nd ref="11406388941"/>
    <nd ref="11406388940"/>
    <nd ref="11406388939"/>
    <nd ref="11406388938"/>
    <nd ref="11406388941"/>
    <tag k="addr:city" v="Worksop"/>
    <tag k="addr:housenumber" v="108"/>
    <tag k="addr:postcode" v="S81 9DQ"/>
    <tag k="addr:street" v="Windsor Road"/>
    <tag k="building" v="house"/>
    <tag k="ref:GB:uprn" v="100032188399"/>
  </way>
  <way id="1230001451" version="5" timestamp="2025-09-21T23:28:17Z" changeset="172269123" uid="8857" user="philipcullen">
    <nd ref="11406388945"/>
    <nd ref="11406388944"/>
    <nd ref="11406388943"/>
    <nd ref="11406388942"/>
    <nd ref="11406388945"/>
    <tag k="addr:city" v="Worksop"/>
    <tag k="addr:housenumber" v="1"/>
    <tag k="addr:postcode" v="S81 9DW"/>
    <tag k="addr:street" v="Pembroke Drive"/>
    <tag k="building" v="house"/>
    <tag k="ref:GB:uprn" v="100031294552"/>
  </way>
  <way id="1230001452" version="4" timestamp="2025-09-21T23:28:17Z" changeset="172269123" uid="8857" user="philipcullen">
    <nd ref="11406388949"/>
    <nd ref="11406388948"/>
    <nd ref="11406388947"/>
    <nd ref="11406388946"/>
    <nd ref="11406388949"/>
    <tag k="addr:city" v="Worksop"/>
    <tag k="addr:housenumber" v="110"/>
    <tag k="addr:postcode" v="S81 9DQ"/>
    <tag k="addr:street" v="Windsor Road"/>
    <tag k="building" v="house"/>
    <tag k="ref:GB:uprn" v="100032188400"/>
  </way>
  <way id="1230001453" version="4" timestamp="2025-09-21T23:28:17Z" changeset="172269123" uid="8857" user="philipcullen">
    <nd ref="11406388953"/>
    <nd ref="11406388952"/>
    <nd ref="11406388951"/>
    <nd ref="11406388950"/>
    <nd ref="11406388953"/>
    <tag k="addr:city" v="Worksop"/>
    <tag k="addr:housenumber" v="112"/>
    <tag k="addr:postcode" v="S81 9DQ"/>
    <tag k="addr:street" v="Windsor Road"/>
    <tag k="building" v="house"/>
    <tag k="ref:GB:uprn" v="100032188401"/>
  </way>
  <way id="1230001454" version="4" timestamp="2025-09-21T23:28:17Z" changeset="172269123" uid="8857" user="philipcullen">
    <nd ref="11406388957"/>
    <nd ref="11406388956"/>
    <nd ref="11406388955"/>
    <nd ref="11406388954"/>
    <nd ref="11406388957"/>
    <tag k="addr:city" v="Worksop"/>
    <tag k="addr:housenumber" v="114"/>
    <tag k="addr:postcode" v="S81 9DQ"/>
    <tag k="addr:street" v="Windsor Road"/>
    <tag k="building" v="house"/>
    <tag k="ref:GB:uprn" v="100032188402"/>
  </way>
  <way id="1230001455" version="4" timestamp="2025-09-21T23:28:17Z" changeset="172269123" uid="8857" user="philipcullen">
    <nd ref="11406388961"/>
    <nd ref="11406388960"/>
    <nd ref="11406388959"/>
    <nd ref="11406388958"/>
    <nd ref="11406388961"/>
    <tag k="addr:city" v="Worksop"/>
    <tag k="addr:housenumber" v="116"/>
    <tag k="addr:postcode" v="S81 9DQ"/>
    <tag k="addr:street" v="Windsor Road"/>
    <tag k="building" v="house"/>
    <tag k="ref:GB:uprn" v="100032188403"/>
  </way>
  <way id="1230001456" version="4" timestamp="2025-09-21T23:28:17Z" changeset="172269123" uid="8857" user="philipcullen">
    <nd ref="11406388965"/>
    <nd ref="11406388964"/>
    <nd ref="11406388963"/>
    <nd ref="11406388962"/>
    <nd ref="11406388965"/>
    <tag k="addr:city" v="Worksop"/>
    <tag k="addr:housenumber" v="118"/>
    <tag k="addr:postcode" v="S81 9DQ"/>
    <tag k="addr:street" v="Windsor Road"/>
    <tag k="building" v="house"/>
    <tag k="ref:GB:uprn" v="100032188404"/>
  </way>
  <way id="1230001457" version="4" timestamp="2025-09-21T23:28:17Z" changeset="172269123" uid="8857" user="philipcullen">
    <nd ref="11406388969"/>
    <nd ref="11406388968"/>
    <nd ref="11406388967"/>
    <nd ref="11406388966"/>
    <nd ref="11406388969"/>
    <tag k="addr:city" v="Worksop"/>
    <tag k="addr:housenumber" v="120"/>
    <tag k="addr:postcode" v="S81 9DQ"/>
    <tag k="addr:street" v="Windsor Road"/>
    <tag k="building" v="house"/>
    <tag k="ref:GB:uprn" v="100032188405"/>
  </way>
  <way id="1230001458" version="4" timestamp="2025-09-21T23:28:17Z" changeset="172269123" uid="8857" user="philipcullen">
    <nd ref="11406388973"/>
    <nd ref="11406388972"/>
    <nd ref="11406388971"/>
    <nd ref="11406388970"/>
    <nd ref="11406388973"/>
    <tag k="addr:city" v="Worksop"/>
    <tag k="addr:housenumber" v="122"/>
    <tag k="addr:postcode" v="S81 9DQ"/>
    <tag k="addr:street" v="Windsor Road"/>
    <tag k="building" v="house"/>
    <tag k="ref:GB:uprn" v="100032188406"/>
  </way>
  <way id="1230001459" version="4" timestamp="2025-09-21T23:28:17Z" changeset="172269123" uid="8857" user="philipcullen">
    <nd ref="11406388977"/>
    <nd ref="11406388976"/>
    <nd ref="11406388975"/>
    <nd ref="11406388974"/>
    <nd ref="11406388977"/>
    <tag k="addr:city" v="Worksop"/>
    <tag k="addr:housenumber" v="124"/>
    <tag k="addr:postcode" v="S81 9DQ"/>
    <tag k="addr:street" v="Windsor Road"/>
    <tag k="building" v="house"/>
    <tag k="ref:GB:uprn" v="100032188407"/>
  </way>
  <way id="1230001460" version="4" timestamp="2025-09-21T23:28:17Z" changeset="172269123" uid="8857" user="philipcullen">
    <nd ref="11406388981"/>
    <nd ref="11406388980"/>
    <nd ref="11406388979"/>
    <nd ref="11406388978"/>
    <nd ref="11406388981"/>
    <tag k="addr:city" v="Worksop"/>
    <tag k="addr:housenumber" v="126"/>
    <tag k="addr:postcode" v="S81 9DQ"/>
    <tag k="addr:street" v="Windsor Road"/>
    <tag k="building" v="house"/>
    <tag k="ref:GB:uprn" v="100032188408"/>
  </way>
  <way id="1230001461" version="4" timestamp="2025-09-21T23:28:17Z" changeset="172269123" uid="8857" user="philipcullen">
    <nd ref="11406388985"/>
    <nd ref="11406388984"/>
    <nd ref="11406388983"/>
    <nd ref="11406388982"/>
    <nd ref="11406388985"/>
    <tag k="addr:city" v="Worksop"/>
    <tag k="addr:housenumber" v="128"/>
    <tag k="addr:postcode" v="S81 9DQ"/>
    <tag k="addr:street" v="Windsor Road"/>
    <tag k="building" v="house"/>
    <tag k="ref:GB:uprn" v="100032188409"/>
  </way>
  <way id="1230001462" version="4" timestamp="2025-09-21T23:28:17Z" changeset="172269123" uid="8857" user="philipcullen">
    <nd ref="11406388989"/>
    <nd ref="11406388988"/>
    <nd ref="11406388987"/>
    <nd ref="11406388986"/>
    <nd ref="11406388989"/>
    <tag k="addr:city" v="Worksop"/>
    <tag k="addr:housenumber" v="130"/>
    <tag k="addr:postcode" v="S81 9DQ"/>
    <tag k="addr:street" v="Windsor Road"/>
    <tag k="building" v="house"/>
    <tag k="ref:GB:uprn" v="100032188410"/>
  </way>
  <way id="1230001463" version="4" timestamp="2025-09-21T23:28:17Z" changeset="172269123" uid="8857" user="philipcullen">
    <nd ref="11406388993"/>
    <nd ref="11406388992"/>
    <nd ref="11406388991"/>
    <nd ref="11406388990"/>
    <nd ref="11406388993"/>
    <tag k="addr:city" v="Worksop"/>
    <tag k="addr:housenumber" v="132"/>
    <tag k="addr:postcode" v="S81 9DQ"/>
    <tag k="addr:street" v="Windsor Road"/>
    <tag k="building" v="house"/>
    <tag k="ref:GB:uprn" v="100032188411"/>
  </way>
  <way id="1230001464" version="4" timestamp="2025-09-21T23:28:17Z" changeset="172269123" uid="8857" user="philipcullen">
    <nd ref="11406389000"/>
    <nd ref="11406388999"/>
    <nd ref="11406388998"/>
    <nd ref="11406388994"/>
    <nd ref="11406388995"/>
    <nd ref="11406388996"/>
    <nd ref="11406388997"/>
    <nd ref="11406389000"/>
    <tag k="addr:city" v="Worksop"/>
    <tag k="addr:housenumber" v="134"/>
    <tag k="addr:postcode" v="S81 9DQ"/>
    <tag k="addr:street" v="Windsor Road"/>
    <tag k="building" v="house"/>
    <tag k="ref:GB:uprn" v="100032188412"/>
  </way>
  <way id="1230001465" version="4" timestamp="2025-09-21T23:28:17Z" changeset="172269123" uid="8857" user="philipcullen">
    <nd ref="11406389004"/>
    <nd ref="11406389003"/>
    <nd ref="11406389002"/>
    <nd ref="11406389001"/>
    <nd ref="11406389004"/>
    <tag k="addr:city" v="Worksop"/>
    <tag k="addr:housenumber" v="136"/>
    <tag k="addr:postcode" v="S81 9DQ"/>
    <tag k="addr:street" v="Windsor Road"/>
    <tag k="building" v="house"/>
    <tag k="ref:GB:uprn" v="100032188413"/>
  </way>
  <way id="1230001466" version="4" timestamp="2025-09-21T23:28:17Z" changeset="172269123" uid="8857" user="philipcullen">
    <nd ref="11406389008"/>
    <nd ref="11406389007"/>
    <nd ref="11406389006"/>
    <nd ref="11406389005"/>
    <nd ref="11406389008"/>
    <tag k="addr:city" v="Worksop"/>
    <tag k="addr:housenumber" v="138"/>
    <tag k="addr:postcode" v="S81 9DQ"/>
    <tag k="addr:street" v="Windsor Road"/>
    <tag k="building" v="house"/>
    <tag k="ref:GB:uprn" v="100032188414"/>
  </way>
  <way id="1230001467" version="4" timestamp="2025-09-21T23:28:17Z" changeset="172269123" uid="8857" user="philipcullen">
    <nd ref="11406389013"/>
    <nd ref="11406389010"/>
    <nd ref="11406389009"/>
    <nd ref="11406389012"/>
    <nd ref="11406389013"/>
    <tag k="addr:city" v="Worksop"/>
    <tag k="addr:housenumber" v="140"/>
    <tag k="addr:postcode" v="S81 9DQ"/>
    <tag k="addr:street" v="Windsor Road"/>
    <tag k="building" v="house"/>
    <tag k="ref:GB:uprn" v="100032188415"/>
  </way>
  <way id="1230001468" version="4" timestamp="2025-09-21T23:28:17Z" changeset="172269123" uid="8857" user="philipcullen">
    <nd ref="11406389014"/>
    <nd ref="11406389013"/>
    <nd ref="11406389012"/>
    <nd ref="11406389011"/>
    <nd ref="11406389014"/>
    <tag k="addr:city" v="Worksop"/>
    <tag k="addr:housenumber" v="142"/>
    <tag k="addr:postcode" v="S81 9DQ"/>
    <tag k="addr:street" v="Windsor Road"/>
    <tag k="building" v="house"/>
    <tag k="ref:GB:uprn" v="100032188416"/>
  </way>
  <way id="1230001469" version="4" timestamp="2025-09-21T23:28:17Z" changeset="172269123" uid="8857" user="philipcullen">
    <nd ref="11406389016"/>
    <nd ref="11406389019"/>
    <nd ref="11406389018"/>
    <nd ref="11406389015"/>
    <nd ref="11406389016"/>
    <tag k="addr:city" v="Worksop"/>
    <tag k="addr:housenumber" v="144"/>
    <tag k="addr:postcode" v="S81 9DQ"/>
    <tag k="addr:street" v="Windsor Road"/>
    <tag k="building" v="house"/>
    <tag k="ref:GB:uprn" v="100032188417"/>
  </way>
  <way id="1230001470" version="4" timestamp="2025-09-21T23:28:17Z" changeset="172269123" uid="8857" user="philipcullen">
    <nd ref="11406389020"/>
    <nd ref="11406389016"/>
    <nd ref="11406389015"/>
    <nd ref="11406389017"/>
    <nd ref="11406389020"/>
    <tag k="addr:city" v="Worksop"/>
    <tag k="addr:housenumber" v="146"/>
    <tag k="addr:postcode" v="S81 9DQ"/>
    <tag k="addr:street" v="Windsor Road"/>
    <tag k="building" v="house"/>
    <tag k="ref:GB:uprn" v="100032188418"/>
  </way>
  <way id="1230001471" version="4" timestamp="2025-09-21T23:28:17Z" changeset="172269123" uid="8857" user="philipcullen">
    <nd ref="11406389054"/>
    <nd ref="11406389055"/>
    <nd ref="11406389037"/>
    <nd ref="11406389036"/>
    <nd ref="11406389035"/>
    <nd ref="11406389032"/>
    <nd ref="11406389033"/>
    <nd ref="11406389034"/>
    <nd ref="11406389053"/>
    <nd ref="11406389040"/>
    <nd ref="11406389039"/>
    <nd ref="11406389038"/>
    <nd ref="11406389054"/>
    <tag k="addr:city" v="Worksop"/>
    <tag k="addr:housenumber" v="154"/>
    <tag k="addr:postcode" v="S81 9DQ"/>
    <tag k="addr:street" v="Windsor Road"/>
    <tag k="building" v="house"/>
    <tag k="ref:GB:uprn" v="100032188422"/>
  </way>
  <way id="1230001472" version="4" timestamp="2025-09-21T23:28:17Z" changeset="172269123" uid="8857" user="philipcullen">
    <nd ref="11406389048"/>
    <nd ref="11406389047"/>
    <nd ref="11406389046"/>
    <nd ref="11406389045"/>
    <nd ref="11406389026"/>
    <nd ref="11406389025"/>
    <nd ref="11406389024"/>
    <nd ref="11406389048"/>
    <tag k="addr:city" v="Worksop"/>
    <tag k="addr:housenumber" v="150"/>
    <tag k="addr:postcode" v="S81 9DQ"/>
    <tag k="addr:street" v="Windsor Road"/>
    <tag k="building" v="house"/>
    <tag k="ref:GB:uprn" v="100032188420"/>
  </way>
  <way id="1230001473" version="4" timestamp="2025-09-21T23:28:17Z" changeset="172269123" uid="8857" user="philipcullen">
    <nd ref="11406389044"/>
    <nd ref="11406389043"/>
    <nd ref="11406389042"/>
    <nd ref="11406389021"/>
    <nd ref="11406389022"/>
    <nd ref="11406389023"/>
    <nd ref="11406389041"/>
    <nd ref="11406389044"/>
    <tag k="addr:city" v="Worksop"/>
    <tag k="addr:housenumber" v="148"/>
    <tag k="addr:postcode" v="S81 9DQ"/>
    <tag k="addr:street" v="Windsor Road"/>
    <tag k="building" v="house"/>
    <tag k="ref:GB:uprn" v="100032188419"/>
  </way>
  <way id="1230001474" version="4" timestamp="2025-09-21T23:28:17Z" changeset="172269123" uid="8857" user="philipcullen">
    <nd ref="11406389031"/>
    <nd ref="11406389049"/>
    <nd ref="11406389027"/>
    <nd ref="11406389028"/>
    <nd ref="11406389052"/>
    <nd ref="11406389051"/>
    <nd ref="11406389050"/>
    <nd ref="11406389029"/>
    <nd ref="11406389030"/>
    <nd ref="11406389031"/>
    <tag k="addr:city" v="Worksop"/>
    <tag k="addr:housenumber" v="152"/>
    <tag k="addr:postcode" v="S81 9DQ"/>
    <tag k="addr:street" v="Windsor Road"/>
    <tag k="building" v="house"/>
    <tag k="ref:GB:uprn" v="100032188421"/>
  </way>
  <way id="1230001479" version="1" timestamp="2023-12-09T22:46:17Z" changeset="144950210" uid="12616743" user="BassetlawMapper">
    <nd ref="11406389108"/>
    <nd ref="11406389105"/>
    <nd ref="11406389106"/>
    <nd ref="11406389107"/>
    <nd ref="11406389112"/>
    <nd ref="11406389113"/>
    <nd ref="11406389111"/>
    <nd ref="11406389110"/>
    <nd ref="11406389109"/>
    <nd ref="11406389108"/>
    <tag k="addr:housenumber" v="158"/>
    <tag k="addr:street" v="Windsor Road"/>
    <tag k="building" v="house"/>
  </way>
  <way id="1230001480" version="4" timestamp="2025-09-21T23:28:17Z" changeset="172269123" uid="8857" user="philipcullen">
    <nd ref="11406389104"/>
    <nd ref="11406389103"/>
    <nd ref="11406389102"/>
    <nd ref="11406389101"/>
    <nd ref="11406389104"/>
    <tag k="addr:city" v="Worksop"/>
    <tag k="addr:housenumber" v="156"/>
    <tag k="addr:postcode" v="S81 9DQ"/>
    <tag k="addr:street" v="Windsor Road"/>
    <tag k="building" v="house"/>
    <tag k="ref:GB:uprn" v="100032188423"/>
  </way>
  <way id="1230001481" version="4" timestamp="2025-09-21T23:28:17Z" changeset="172269123" uid="8857" user="philipcullen">
    <nd ref="11406389152"/>
    <nd ref="11406389151"/>
    <nd ref="11406389114"/>
    <nd ref="11406389115"/>
    <nd ref="11406389116"/>
    <nd ref="11406389150"/>
    <nd ref="11406389149"/>
    <nd ref="11406389152"/>
    <tag k="addr:city" v="Worksop"/>
    <tag k="addr:housenumber" v="170"/>
    <tag k="addr:postcode" v="S81 9DQ"/>
    <tag k="addr:street" v="Windsor Road"/>
    <tag k="building" v="house"/>
    <tag k="ref:GB:uprn" v="100032188430"/>
  </way>
  <way id="1230001482" version="4" timestamp="2025-09-21T23:28:17Z" changeset="172269123" uid="8857" user="philipcullen">
    <nd ref="11406389148"/>
    <nd ref="11406389147"/>
    <nd ref="11406389119"/>
    <nd ref="11406389118"/>
    <nd ref="11406389117"/>
    <nd ref="11406389146"/>
    <nd ref="11406389145"/>
    <nd ref="11406389148"/>
    <tag k="addr:city" v="Worksop"/>
    <tag k="addr:housenumber" v="168"/>
    <tag k="addr:postcode" v="S81 9DQ"/>
    <tag k="addr:street" v="Windsor Road"/>
    <tag k="building" v="house"/>
    <tag k="ref:GB:uprn" v="100032188429"/>
  </way>
  <way id="1230001483" version="1" timestamp="2023-12-09T22:46:17Z" changeset="144950210" uid="12616743" user="BassetlawMapper">
    <nd ref="11406389144"/>
    <nd ref="11406389143"/>
    <nd ref="11406389120"/>
    <nd ref="11406389121"/>
    <nd ref="11406389122"/>
    <nd ref="11406389142"/>
    <nd ref="11406389141"/>
    <nd ref="11406389144"/>
    <tag k="addr:housenumber" v="166"/>
    <tag k="addr:street" v="Windsor Road"/>
    <tag k="building" v="house"/>
  </way>
  <way id="1230001484" version="4" timestamp="2025-09-21T23:28:17Z" changeset="172269123" uid="8857" user="philipcullen">
    <nd ref="11406389140"/>
    <nd ref="11406389139"/>
    <nd ref="11406389125"/>
    <nd ref="11406389124"/>
    <nd ref="11406389123"/>
    <nd ref="11406389138"/>
    <nd ref="11406389137"/>
    <nd ref="11406389140"/>
    <tag k="addr:city" v="Worksop"/>
    <tag k="addr:housenumber" v="164"/>
    <tag k="addr:postcode" v="S81 9DQ"/>
    <tag k="addr:street" v="Windsor Road"/>
    <tag k="building" v="house"/>
    <tag k="ref:GB:uprn" v="100032188427"/>
  </way>
  <way id="1230001485" version="4" timestamp="2025-09-21T23:28:17Z" changeset="172269123" uid="8857" user="philipcullen">
    <nd ref="11406389136"/>
    <nd ref="11406389135"/>
    <nd ref="11406389126"/>
    <nd ref="11406389127"/>
    <nd ref="11406389128"/>
    <nd ref="11406389134"/>
    <nd ref="11406389133"/>
    <nd ref="11406389136"/>
    <tag k="addr:city" v="Worksop"/>
    <tag k="addr:housenumber" v="162"/>
    <tag k="addr:postcode" v="S81 9DQ"/>
    <tag k="addr:street" v="Windsor Road"/>
    <tag k="building" v="house"/>
    <tag k="ref:GB:uprn" v="100032188426"/>
  </way>
  <way id="1230001486" version="4" timestamp="2025-09-21T23:28:17Z" changeset="172269123" uid="8857" user="philipcullen">
    <nd ref="11406389132"/>
    <nd ref="11406389131"/>
    <nd ref="11406389130"/>
    <nd ref="11406389129"/>
    <nd ref="11406389132"/>
    <tag k="addr:city" v="Worksop"/>
    <tag k="addr:housenumber" v="160"/>
    <tag k="addr:postcode" v="S81 9DQ"/>
    <tag k="addr:street" v="Windsor Road"/>
    <tag k="building" v="house"/>
    <tag k="ref:GB:uprn" v="100032188425"/>
  </way>
  <way id="1230001487" version="4" timestamp="2025-09-21T23:28:17Z" changeset="172269123" uid="8857" user="philipcullen">
    <nd ref="11406389159"/>
    <nd ref="11406389158"/>
    <nd ref="11406389155"/>
    <nd ref="11406389154"/>
    <nd ref="11406389153"/>
    <nd ref="11406389157"/>
    <nd ref="11406389156"/>
    <nd ref="11406389159"/>
    <tag k="addr:city" v="Worksop"/>
    <tag k="addr:housenumber" v="2"/>
    <tag k="addr:postcode" v="S81 9BL"/>
    <tag k="addr:street" v="Windsor Gardens"/>
    <tag k="building" v="house"/>
    <tag k="ref:GB:uprn" v="100031301207"/>
  </way>
  <way id="1230001488" version="4" timestamp="2025-09-21T23:28:17Z" changeset="172269123" uid="8857" user="philipcullen">
    <nd ref="11406389163"/>
    <nd ref="11406389162"/>
    <nd ref="11406389161"/>
    <nd ref="11406389160"/>
    <nd ref="11406389163"/>
    <tag k="addr:city" v="Worksop"/>
    <tag k="addr:housenumber" v="4"/>
    <tag k="addr:postcode" v="S81 9BL"/>
    <tag k="addr:street" v="Windsor Gardens"/>
    <tag k="building" v="house"/>
    <tag k="ref:GB:uprn" v="100031301208"/>
  </way>
  <way id="1230001489" version="4" timestamp="2025-09-21T23:28:17Z" changeset="172269123" uid="8857" user="philipcullen">
    <nd ref="11406389167"/>
    <nd ref="11406389166"/>
    <nd ref="11406389165"/>
    <nd ref="11406389164"/>
    <nd ref="11406389167"/>
    <tag k="addr:city" v="Worksop"/>
    <tag k="addr:housenumber" v="6"/>
    <tag k="addr:postcode" v="S81 9BL"/>
    <tag k="addr:street" v="Windsor Gardens"/>
    <tag k="building" v="house"/>
    <tag k="ref:GB:uprn" v="100031301209"/>
  </way>
  <way id="1230001490" version="4" timestamp="2025-09-21T23:28:17Z" changeset="172269123" uid="8857" user="philipcullen">
    <nd ref="11406389171"/>
    <nd ref="11406389170"/>
    <nd ref="11406389169"/>
    <nd ref="11406389168"/>
    <nd ref="11406389171"/>
    <tag k="addr:city" v="Worksop"/>
    <tag k="addr:housenumber" v="8"/>
    <tag k="addr:postcode" v="S81 9BL"/>
    <tag k="addr:street" v="Windsor Gardens"/>
    <tag k="building" v="house"/>
    <tag k="ref:GB:uprn" v="100031301210"/>
  </way>
  <way id="1230001493" version="4" timestamp="2025-09-21T23:28:17Z" changeset="172269123" uid="8857" user="philipcullen">
    <nd ref="11406389190"/>
    <nd ref="11406389189"/>
    <nd ref="11406389188"/>
    <nd ref="11406389194"/>
    <nd ref="11406389185"/>
    <nd ref="11406389186"/>
    <nd ref="11406389187"/>
    <nd ref="11406389193"/>
    <nd ref="11406389192"/>
    <nd ref="11406389191"/>
    <nd ref="11406389190"/>
    <tag k="addr:city" v="Worksop"/>
    <tag k="addr:housenumber" v="10"/>
    <tag k="addr:postcode" v="S81 9BL"/>
    <tag k="addr:street" v="Windsor Gardens"/>
    <tag k="building" v="house"/>
    <tag k="ref:GB:uprn" v="100031301211"/>
  </way>
  <way id="1230001494" version="4" timestamp="2025-09-21T23:28:17Z" changeset="172269123" uid="8857" user="philipcullen">
    <nd ref="11406389198"/>
    <nd ref="11406389197"/>
    <nd ref="11406389196"/>
    <nd ref="11406389195"/>
    <nd ref="11406389198"/>
    <tag k="addr:city" v="Worksop"/>
    <tag k="addr:housenumber" v="12"/>
    <tag k="addr:postcode" v="S81 9BL"/>
    <tag k="addr:street" v="Windsor Gardens"/>
    <tag k="building" v="house"/>
    <tag k="ref:GB:uprn" v="100031301212"/>
  </way>
  <way id="1230001495" version="4" timestamp="2025-09-21T23:28:17Z" changeset="172269123" uid="8857" user="philipcullen">
    <nd ref="11406389202"/>
    <nd ref="11406389201"/>
    <nd ref="11406389200"/>
    <nd ref="11406389199"/>
    <nd ref="11406389202"/>
    <tag k="addr:city" v="Worksop"/>
    <tag k="addr:housenumber" v="14"/>
    <tag k="addr:postcode" v="S81 9BL"/>
    <tag k="addr:street" v="Windsor Gardens"/>
    <tag k="building" v="house"/>
    <tag k="ref:GB:uprn" v="100031301213"/>
  </way>
  <way id="1230001496" version="4" timestamp="2025-09-21T23:28:17Z" changeset="172269123" uid="8857" user="philipcullen">
    <nd ref="11406389206"/>
    <nd ref="11406389205"/>
    <nd ref="11406389204"/>
    <nd ref="11406389203"/>
    <nd ref="11406389206"/>
    <tag k="addr:city" v="Worksop"/>
    <tag k="addr:housenumber" v="16"/>
    <tag k="addr:postcode" v="S81 9BL"/>
    <tag k="addr:street" v="Windsor Gardens"/>
    <tag k="building" v="house"/>
    <tag k="ref:GB:uprn" v="100031301214"/>
  </way>
  <way id="1230001497" version="4" timestamp="2025-09-21T23:28:17Z" changeset="172269123" uid="8857" user="philipcullen">
    <nd ref="11406389228"/>
    <nd ref="11406389227"/>
    <nd ref="11406389226"/>
    <nd ref="11406389212"/>
    <nd ref="11406389211"/>
    <nd ref="11406389210"/>
    <nd ref="11406389225"/>
    <nd ref="11406389228"/>
    <tag k="addr:city" v="Worksop"/>
    <tag k="addr:housenumber" v="24"/>
    <tag k="addr:postcode" v="S81 9BL"/>
    <tag k="addr:street" v="Windsor Gardens"/>
    <tag k="building" v="house"/>
    <tag k="ref:GB:uprn" v="100031301218"/>
  </way>
  <way id="1230001498" version="4" timestamp="2025-09-21T23:28:17Z" changeset="172269123" uid="8857" user="philipcullen">
    <nd ref="11406389216"/>
    <nd ref="11406389209"/>
    <nd ref="11406389208"/>
    <nd ref="11406389207"/>
    <nd ref="11406389215"/>
    <nd ref="11406389214"/>
    <nd ref="11406389213"/>
    <nd ref="11406389216"/>
    <tag k="addr:city" v="Worksop"/>
    <tag k="addr:housenumber" v="18"/>
    <tag k="addr:postcode" v="S81 9BL"/>
    <tag k="addr:street" v="Windsor Gardens"/>
    <tag k="building" v="house"/>
    <tag k="ref:GB:uprn" v="100031301215"/>
  </way>
  <way id="1230001499" version="4" timestamp="2025-09-21T23:28:17Z" changeset="172269123" uid="8857" user="philipcullen">
    <nd ref="11406389220"/>
    <nd ref="11406389219"/>
    <nd ref="11406389218"/>
    <nd ref="11406389217"/>
    <nd ref="11406389220"/>
    <tag k="addr:city" v="Worksop"/>
    <tag k="addr:housenumber" v="20"/>
    <tag k="addr:postcode" v="S81 9BL"/>
    <tag k="addr:street" v="Windsor Gardens"/>
    <tag k="building" v="house"/>
    <tag k="ref:GB:uprn" v="100031301216"/>
  </way>
  <way id="1230001500" version="4" timestamp="2025-09-21T23:28:17Z" changeset="172269123" uid="8857" user="philipcullen">
    <nd ref="11406389224"/>
    <nd ref="11406389223"/>
    <nd ref="11406389222"/>
    <nd ref="11406389221"/>
    <nd ref="11406389224"/>
    <tag k="addr:city" v="Worksop"/>
    <tag k="addr:housenumber" v="22"/>
    <tag k="addr:postcode" v="S81 9BL"/>
    <tag k="addr:street" v="Windsor Gardens"/>
    <tag k="building" v="house"/>
    <tag k="ref:GB:uprn" v="100031301217"/>
  </way>
  <way id="1230001501" version="4" timestamp="2025-09-21T23:28:17Z" changeset="172269123" uid="8857" user="philipcullen">
    <nd ref="11406389245"/>
    <nd ref="11406389244"/>
    <nd ref="11406389230"/>
    <nd ref="11406389229"/>
    <nd ref="11406389231"/>
    <nd ref="11406389243"/>
    <nd ref="11406389242"/>
    <nd ref="11406389245"/>
    <tag k="addr:city" v="Worksop"/>
    <tag k="addr:housenumber" v="28"/>
    <tag k="addr:postcode" v="S81 9BL"/>
    <tag k="addr:street" v="Windsor Gardens"/>
    <tag k="building" v="house"/>
    <tag k="ref:GB:uprn" v="100031301220"/>
  </way>
  <way id="1230001502" version="4" timestamp="2025-09-21T23:28:17Z" changeset="172269123" uid="8857" user="philipcullen">
    <nd ref="11406389241"/>
    <nd ref="11406389240"/>
    <nd ref="11406389239"/>
    <nd ref="11406389237"/>
    <nd ref="11406389236"/>
    <nd ref="11406389235"/>
    <nd ref="11406389238"/>
    <nd ref="11406389241"/>
    <tag k="addr:city" v="Worksop"/>
    <tag k="addr:housenumber" v="26"/>
    <tag k="addr:postcode" v="S81 9BL"/>
    <tag k="addr:street" v="Windsor Gardens"/>
    <tag k="building" v="house"/>
    <tag k="ref:GB:uprn" v="100031301219"/>
  </way>
  <way id="1230001503" version="4" timestamp="2025-09-21T23:28:17Z" changeset="172269123" uid="8857" user="philipcullen">
    <nd ref="11406389234"/>
    <nd ref="11406389233"/>
    <nd ref="11406389232"/>
    <nd ref="11406389247"/>
    <nd ref="11406389248"/>
    <nd ref="11406389249"/>
    <nd ref="11406389246"/>
    <nd ref="11406389234"/>
    <tag k="addr:city" v="Worksop"/>
    <tag k="addr:housenumber" v="30"/>
    <tag k="addr:postcode" v="S81 9BL"/>
    <tag k="addr:street" v="Windsor Gardens"/>
    <tag k="building" v="house"/>
    <tag k="ref:GB:uprn" v="100031301221"/>
  </way>
  <way id="1230001504" version="4" timestamp="2025-09-21T23:28:17Z" changeset="172269123" uid="8857" user="philipcullen">
    <nd ref="11406389253"/>
    <nd ref="11406389250"/>
    <nd ref="11406389251"/>
    <nd ref="11406389252"/>
    <nd ref="11406389254"/>
    <nd ref="11406389255"/>
    <nd ref="11406389256"/>
    <nd ref="11406389253"/>
    <tag k="addr:city" v="Worksop"/>
    <tag k="addr:housenumber" v="32"/>
    <tag k="addr:postcode" v="S81 9BL"/>
    <tag k="addr:street" v="Windsor Gardens"/>
    <tag k="building" v="house"/>
    <tag k="ref:GB:uprn" v="100031301222"/>
  </way>
  <way id="1230001525" version="4" timestamp="2025-09-21T23:28:17Z" changeset="172269123" uid="8857" user="philipcullen">
    <nd ref="11406389362"/>
    <nd ref="11406389361"/>
    <nd ref="11406389360"/>
    <nd ref="11406389357"/>
    <nd ref="11406389359"/>
    <nd ref="11406389362"/>
    <tag k="addr:city" v="Worksop"/>
    <tag k="addr:housenumber" v="251"/>
    <tag k="addr:postcode" v="S81 9DH"/>
    <tag k="addr:street" v="Windsor Road"/>
    <tag k="building" v="house"/>
    <tag k="ref:GB:uprn" v="100032188387"/>
  </way>
  <way id="1230001526" version="4" timestamp="2025-09-21T23:28:17Z" changeset="172269123" uid="8857" user="philipcullen">
    <nd ref="11406389366"/>
    <nd ref="11406389365"/>
    <nd ref="11406389364"/>
    <nd ref="11406389363"/>
    <nd ref="11406389366"/>
    <tag k="addr:city" v="Worksop"/>
    <tag k="addr:housenumber" v="249"/>
    <tag k="addr:postcode" v="S81 9DH"/>
    <tag k="addr:street" v="Windsor Road"/>
    <tag k="building" v="house"/>
    <tag k="ref:GB:uprn" v="100032188386"/>
  </way>
  <way id="1230001527" version="4" timestamp="2025-09-21T23:28:17Z" changeset="172269123" uid="8857" user="philipcullen">
    <nd ref="11406389370"/>
    <nd ref="11406389367"/>
    <nd ref="11406389368"/>
    <nd ref="11406389369"/>
    <nd ref="11406389370"/>
    <tag k="addr:city" v="Worksop"/>
    <tag k="addr:housenumber" v="247"/>
    <tag k="addr:postcode" v="S81 9DH"/>
    <tag k="addr:street" v="Windsor Road"/>
    <tag k="building" v="house"/>
    <tag k="ref:GB:uprn" v="100032188385"/>
  </way>
  <way id="1230001528" version="4" timestamp="2025-09-21T23:28:17Z" changeset="172269123" uid="8857" user="philipcullen">
    <nd ref="11406389374"/>
    <nd ref="11406389373"/>
    <nd ref="11406389372"/>
    <nd ref="11406389371"/>
    <nd ref="11406389374"/>
    <tag k="addr:city" v="Worksop"/>
    <tag k="addr:housenumber" v="245"/>
    <tag k="addr:postcode" v="S81 9DH"/>
    <tag k="addr:street" v="Windsor Road"/>
    <tag k="building" v="house"/>
    <tag k="ref:GB:uprn" v="100032188384"/>
  </way>
  <way id="1230001529" version="4" timestamp="2025-09-21T23:28:17Z" changeset="172269123" uid="8857" user="philipcullen">
    <nd ref="11406389378"/>
    <nd ref="11406389377"/>
    <nd ref="11406389376"/>
    <nd ref="11406389375"/>
    <nd ref="11406389378"/>
    <tag k="addr:city" v="Worksop"/>
    <tag k="addr:housenumber" v="243"/>
    <tag k="addr:postcode" v="S81 9DH"/>
    <tag k="addr:street" v="Windsor Road"/>
    <tag k="building" v="house"/>
    <tag k="ref:GB:uprn" v="100032188383"/>
  </way>
  <way id="1230001530" version="4" timestamp="2025-09-21T23:28:17Z" changeset="172269123" uid="8857" user="philipcullen">
    <nd ref="11406389382"/>
    <nd ref="11406389381"/>
    <nd ref="11406389380"/>
    <nd ref="11406389379"/>
    <nd ref="11406389382"/>
    <tag k="addr:city" v="Worksop"/>
    <tag k="addr:housenumber" v="241"/>
    <tag k="addr:postcode" v="S81 9DH"/>
    <tag k="addr:street" v="Windsor Road"/>
    <tag k="building" v="house"/>
    <tag k="ref:GB:uprn" v="100032188382"/>
  </way>
  <way id="1230001531" version="4" timestamp="2025-09-21T23:28:17Z" changeset="172269123" uid="8857" user="philipcullen">
    <nd ref="11406389386"/>
    <nd ref="11406389385"/>
    <nd ref="11406389384"/>
    <nd ref="11406389383"/>
    <nd ref="11406389386"/>
    <tag k="addr:city" v="Worksop"/>
    <tag k="addr:housenumber" v="239"/>
    <tag k="addr:postcode" v="S81 9DH"/>
    <tag k="addr:street" v="Windsor Road"/>
    <tag k="building" v="house"/>
    <tag k="ref:GB:uprn" v="100032188381"/>
  </way>
  <way id="1230001532" version="4" timestamp="2025-09-21T23:28:17Z" changeset="172269123" uid="8857" user="philipcullen">
    <nd ref="11406389390"/>
    <nd ref="11406389387"/>
    <nd ref="11406389388"/>
    <nd ref="11406389389"/>
    <nd ref="11406389390"/>
    <tag k="addr:city" v="Worksop"/>
    <tag k="addr:housenumber" v="237"/>
    <tag k="addr:postcode" v="S81 9DH"/>
    <tag k="addr:street" v="Windsor Road"/>
    <tag k="building" v="house"/>
    <tag k="ref:GB:uprn" v="100032188380"/>
  </way>
  <way id="1230001533" version="4" timestamp="2025-09-21T23:28:17Z" changeset="172269123" uid="8857" user="philipcullen">
    <nd ref="11406389394"/>
    <nd ref="11406389393"/>
    <nd ref="11406389392"/>
    <nd ref="11406389391"/>
    <nd ref="11406389394"/>
    <tag k="addr:city" v="Worksop"/>
    <tag k="addr:housenumber" v="235"/>
    <tag k="addr:postcode" v="S81 9DH"/>
    <tag k="addr:street" v="Windsor Road"/>
    <tag k="building" v="house"/>
    <tag k="ref:GB:uprn" v="100032188379"/>
  </way>
  <way id="1230001534" version="4" timestamp="2025-09-21T23:28:17Z" changeset="172269123" uid="8857" user="philipcullen">
    <nd ref="11406389397"/>
    <nd ref="11406389399"/>
    <nd ref="11406389398"/>
    <nd ref="11406389401"/>
    <nd ref="11406389400"/>
    <nd ref="11406389395"/>
    <nd ref="11406389396"/>
    <nd ref="11406389397"/>
    <tag k="addr:city" v="Worksop"/>
    <tag k="addr:housenumber" v="233"/>
    <tag k="addr:postcode" v="S81 9DH"/>
    <tag k="addr:street" v="Windsor Road"/>
    <tag k="building" v="house"/>
    <tag k="ref:GB:uprn" v="100032188378"/>
  </way>
  <way id="1230001535" version="4" timestamp="2025-09-21T23:28:17Z" changeset="172269123" uid="8857" user="philipcullen">
    <nd ref="11406389405"/>
    <nd ref="11406389404"/>
    <nd ref="11406389403"/>
    <nd ref="11406389402"/>
    <nd ref="11406389405"/>
    <tag k="addr:city" v="Worksop"/>
    <tag k="addr:housenumber" v="231"/>
    <tag k="addr:postcode" v="S81 9DH"/>
    <tag k="addr:street" v="Windsor Road"/>
    <tag k="building" v="house"/>
    <tag k="ref:GB:uprn" v="100032188377"/>
  </way>
  <way id="1230001536" version="4" timestamp="2025-09-21T23:28:17Z" changeset="172269123" uid="8857" user="philipcullen">
    <nd ref="11406389409"/>
    <nd ref="11406389408"/>
    <nd ref="11406389407"/>
    <nd ref="11406389406"/>
    <nd ref="11406389409"/>
    <tag k="addr:city" v="Worksop"/>
    <tag k="addr:housenumber" v="229"/>
    <tag k="addr:postcode" v="S81 9DH"/>
    <tag k="addr:street" v="Windsor Road"/>
    <tag k="building" v="house"/>
    <tag k="ref:GB:uprn" v="100032188376"/>
  </way>
  <way id="1230001537" version="4" timestamp="2025-09-21T23:28:17Z" changeset="172269123" uid="8857" user="philipcullen">
    <nd ref="11406389413"/>
    <nd ref="11406389412"/>
    <nd ref="11406389411"/>
    <nd ref="11406389410"/>
    <nd ref="11406389413"/>
    <tag k="addr:city" v="Worksop"/>
    <tag k="addr:housenumber" v="227"/>
    <tag k="addr:postcode" v="S81 9DH"/>
    <tag k="addr:street" v="Windsor Road"/>
    <tag k="building" v="house"/>
    <tag k="ref:GB:uprn" v="100032188375"/>
  </way>
  <way id="1230001538" version="4" timestamp="2025-09-21T23:28:17Z" changeset="172269123" uid="8857" user="philipcullen">
    <nd ref="11406389417"/>
    <nd ref="11406389416"/>
    <nd ref="11406389415"/>
    <nd ref="11406389414"/>
    <nd ref="11406389417"/>
    <tag k="addr:city" v="Worksop"/>
    <tag k="addr:housenumber" v="225"/>
    <tag k="addr:postcode" v="S81 9DH"/>
    <tag k="addr:street" v="Windsor Road"/>
    <tag k="building" v="house"/>
    <tag k="ref:GB:uprn" v="100032188374"/>
  </way>
  <way id="1230001539" version="4" timestamp="2025-09-21T23:28:17Z" changeset="172269123" uid="8857" user="philipcullen">
    <nd ref="11406389421"/>
    <nd ref="11406389420"/>
    <nd ref="11406389419"/>
    <nd ref="11406389418"/>
    <nd ref="11406389421"/>
    <tag k="addr:city" v="Worksop"/>
    <tag k="addr:housenumber" v="223"/>
    <tag k="addr:postcode" v="S81 9DH"/>
    <tag k="addr:street" v="Windsor Road"/>
    <tag k="building" v="house"/>
    <tag k="ref:GB:uprn" v="100032188373"/>
  </way>
  <way id="1230001540" version="4" timestamp="2025-09-21T23:28:17Z" changeset="172269123" uid="8857" user="philipcullen">
    <nd ref="11406389425"/>
    <nd ref="11406389424"/>
    <nd ref="11406389423"/>
    <nd ref="11406389422"/>
    <nd ref="11406389425"/>
    <tag k="addr:city" v="Worksop"/>
    <tag k="addr:housenumber" v="221"/>
    <tag k="addr:postcode" v="S81 9DH"/>
    <tag k="addr:street" v="Windsor Road"/>
    <tag k="building" v="house"/>
    <tag k="ref:GB:uprn" v="100032188372"/>
  </way>
  <way id="1230001541" version="4" timestamp="2025-09-21T23:28:17Z" changeset="172269123" uid="8857" user="philipcullen">
    <nd ref="11406389429"/>
    <nd ref="11406389428"/>
    <nd ref="11406389427"/>
    <nd ref="11406389426"/>
    <nd ref="11406389429"/>
    <tag k="addr:city" v="Worksop"/>
    <tag k="addr:housenumber" v="219"/>
    <tag k="addr:postcode" v="S81 9DH"/>
    <tag k="addr:street" v="Windsor Road"/>
    <tag k="building" v="house"/>
    <tag k="ref:GB:uprn" v="100032188371"/>
  </way>
  <way id="1230001542" version="4" timestamp="2025-09-21T23:28:17Z" changeset="172269123" uid="8857" user="philipcullen">
    <nd ref="11406389433"/>
    <nd ref="11406389432"/>
    <nd ref="11406389431"/>
    <nd ref="11406389430"/>
    <nd ref="11406389433"/>
    <tag k="addr:city" v="Worksop"/>
    <tag k="addr:housenumber" v="217"/>
    <tag k="addr:postcode" v="S81 9DH"/>
    <tag k="addr:street" v="Windsor Road"/>
    <tag k="building" v="house"/>
    <tag k="ref:GB:uprn" v="100032188370"/>
  </way>
  <way id="1230001543" version="4" timestamp="2025-09-21T23:28:17Z" changeset="172269123" uid="8857" user="philipcullen">
    <nd ref="11406389437"/>
    <nd ref="11406389436"/>
    <nd ref="11406389435"/>
    <nd ref="11406389434"/>
    <nd ref="11406389437"/>
    <tag k="addr:city" v="Worksop"/>
    <tag k="addr:housenumber" v="215"/>
    <tag k="addr:postcode" v="S81 9DH"/>
    <tag k="addr:street" v="Windsor Road"/>
    <tag k="building" v="house"/>
    <tag k="ref:GB:uprn" v="100032188369"/>
  </way>
  <way id="1230001544" version="4" timestamp="2025-09-21T23:28:17Z" changeset="172269123" uid="8857" user="philipcullen">
    <nd ref="11406389441"/>
    <nd ref="11406389440"/>
    <nd ref="11406389439"/>
    <nd ref="11406389438"/>
    <nd ref="11406389441"/>
    <tag k="addr:city" v="Worksop"/>
    <tag k="addr:housenumber" v="213"/>
    <tag k="addr:postcode" v="S81 9DH"/>
    <tag k="addr:street" v="Windsor Road"/>
    <tag k="building" v="house"/>
    <tag k="ref:GB:uprn" v="100032188368"/>
  </way>
  <way id="1230001545" version="4" timestamp="2025-09-21T23:28:17Z" changeset="172269123" uid="8857" user="philipcullen">
    <nd ref="11406389445"/>
    <nd ref="11406389444"/>
    <nd ref="11406389443"/>
    <nd ref="11406389442"/>
    <nd ref="11406389445"/>
    <tag k="addr:city" v="Worksop"/>
    <tag k="addr:housenumber" v="211"/>
    <tag k="addr:postcode" v="S81 9DH"/>
    <tag k="addr:street" v="Windsor Road"/>
    <tag k="building" v="house"/>
    <tag k="ref:GB:uprn" v="100032188367"/>
  </way>
  <way id="1230001546" version="4" timestamp="2025-09-21T23:28:17Z" changeset="172269123" uid="8857" user="philipcullen">
    <nd ref="11406389449"/>
    <nd ref="11406389448"/>
    <nd ref="11406389447"/>
    <nd ref="11406389446"/>
    <nd ref="11406389449"/>
    <tag k="addr:city" v="Worksop"/>
    <tag k="addr:housenumber" v="209"/>
    <tag k="addr:postcode" v="S81 9DH"/>
    <tag k="addr:street" v="Windsor Road"/>
    <tag k="building" v="house"/>
    <tag k="ref:GB:uprn" v="100032188366"/>
  </way>
  <way id="1230001547" version="4" timestamp="2025-09-21T23:28:17Z" changeset="172269123" uid="8857" user="philipcullen">
    <nd ref="11406389453"/>
    <nd ref="11406389450"/>
    <nd ref="11406389451"/>
    <nd ref="11406389452"/>
    <nd ref="11406389453"/>
    <tag k="addr:city" v="Worksop"/>
    <tag k="addr:housenumber" v="207"/>
    <tag k="addr:postcode" v="S81 9DH"/>
    <tag k="addr:street" v="Windsor Road"/>
    <tag k="building" v="house"/>
    <tag k="ref:GB:uprn" v="100032188365"/>
  </way>
  <way id="1230001548" version="4" timestamp="2025-09-21T23:28:17Z" changeset="172269123" uid="8857" user="philipcullen">
    <nd ref="11406389457"/>
    <nd ref="11406389454"/>
    <nd ref="11406389455"/>
    <nd ref="11406389456"/>
    <nd ref="11406389457"/>
    <tag k="addr:city" v="Worksop"/>
    <tag k="addr:housenumber" v="205"/>
    <tag k="addr:postcode" v="S81 9DH"/>
    <tag k="addr:street" v="Windsor Road"/>
    <tag k="building" v="house"/>
    <tag k="ref:GB:uprn" v="100032188364"/>
  </way>
  <way id="1230001549" version="4" timestamp="2025-09-21T23:28:17Z" changeset="172269123" uid="8857" user="philipcullen">
    <nd ref="11406389464"/>
    <nd ref="11406389460"/>
    <nd ref="11406389459"/>
    <nd ref="11406389458"/>
    <nd ref="11406389463"/>
    <nd ref="11406389462"/>
    <nd ref="11406389461"/>
    <nd ref="11406389464"/>
    <tag k="addr:city" v="Worksop"/>
    <tag k="addr:housenumber" v="203"/>
    <tag k="addr:postcode" v="S81 9DH"/>
    <tag k="addr:street" v="Windsor Road"/>
    <tag k="building" v="house"/>
    <tag k="ref:GB:uprn" v="100032188363"/>
  </way>
  <way id="1230001550" version="1" timestamp="2023-12-09T22:46:17Z" changeset="144950210" uid="12616743" user="BassetlawMapper">
    <nd ref="11406389468"/>
    <nd ref="11406389467"/>
    <nd ref="11406389466"/>
    <nd ref="11406389465"/>
    <nd ref="11406389468"/>
    <tag k="addr:housenumber" v="201"/>
    <tag k="addr:street" v="Windsor Road"/>
    <tag k="building" v="house"/>
  </way>
  <way id="1230001551" version="4" timestamp="2025-09-21T23:28:17Z" changeset="172269123" uid="8857" user="philipcullen">
    <nd ref="11406389472"/>
    <nd ref="11406389471"/>
    <nd ref="11406389470"/>
    <nd ref="11406389469"/>
    <nd ref="11406389472"/>
    <tag k="addr:city" v="Worksop"/>
    <tag k="addr:housenumber" v="199"/>
    <tag k="addr:postcode" v="S81 9DH"/>
    <tag k="addr:street" v="Windsor Road"/>
    <tag k="building" v="house"/>
    <tag k="ref:GB:uprn" v="10023268051"/>
  </way>
  <way id="1230001552" version="4" timestamp="2025-09-21T23:28:17Z" changeset="172269123" uid="8857" user="philipcullen">
    <nd ref="11406389476"/>
    <nd ref="11406389475"/>
    <nd ref="11406389474"/>
    <nd ref="11406389473"/>
    <nd ref="11406389476"/>
    <tag k="addr:city" v="Worksop"/>
    <tag k="addr:housenumber" v="197"/>
    <tag k="addr:postcode" v="S81 9DH"/>
    <tag k="addr:street" v="Windsor Road"/>
    <tag k="building" v="house"/>
    <tag k="ref:GB:uprn" v="100032188360"/>
  </way>
  <way id="1230001553" version="4" timestamp="2025-09-21T23:28:17Z" changeset="172269123" uid="8857" user="philipcullen">
    <nd ref="11406389480"/>
    <nd ref="11406389479"/>
    <nd ref="11406389478"/>
    <nd ref="11406389477"/>
    <nd ref="11406389480"/>
    <tag k="addr:city" v="Worksop"/>
    <tag k="addr:housenumber" v="195"/>
    <tag k="addr:postcode" v="S81 9DH"/>
    <tag k="addr:street" v="Windsor Road"/>
    <tag k="building" v="house"/>
    <tag k="ref:GB:uprn" v="100032188359"/>
  </way>
  <way id="1230001554" version="4" timestamp="2025-09-21T23:28:17Z" changeset="172269123" uid="8857" user="philipcullen">
    <nd ref="11406389484"/>
    <nd ref="11406389483"/>
    <nd ref="11406389482"/>
    <nd ref="11406389481"/>
    <nd ref="11406389484"/>
    <tag k="addr:city" v="Worksop"/>
    <tag k="addr:housenumber" v="193"/>
    <tag k="addr:postcode" v="S81 9DH"/>
    <tag k="addr:street" v="Windsor Road"/>
    <tag k="building" v="house"/>
    <tag k="ref:GB:uprn" v="100032188358"/>
  </way>
  <way id="1230001555" version="4" timestamp="2025-09-21T23:28:17Z" changeset="172269123" uid="8857" user="philipcullen">
    <nd ref="11406389497"/>
    <nd ref="11406389496"/>
    <nd ref="11406389495"/>
    <nd ref="11406389492"/>
    <nd ref="11406389491"/>
    <nd ref="11406389493"/>
    <nd ref="11406389494"/>
    <nd ref="11406389497"/>
    <tag k="addr:city" v="Worksop"/>
    <tag k="addr:housenumber" v="191"/>
    <tag k="addr:postcode" v="S81 9DH"/>
    <tag k="addr:street" v="Windsor Road"/>
    <tag k="building" v="house"/>
    <tag k="ref:GB:uprn" v="100032188357"/>
  </way>
  <way id="1230001556" version="4" timestamp="2025-09-21T23:28:17Z" changeset="172269123" uid="8857" user="philipcullen">
    <nd ref="11406389501"/>
    <nd ref="11406389500"/>
    <nd ref="11406389499"/>
    <nd ref="11406389488"/>
    <nd ref="11406389489"/>
    <nd ref="11406389490"/>
    <nd ref="11406389498"/>
    <nd ref="11406389501"/>
    <tag k="addr:city" v="Worksop"/>
    <tag k="addr:housenumber" v="189"/>
    <tag k="addr:postcode" v="S81 9DH"/>
    <tag k="addr:street" v="Windsor Road"/>
    <tag k="building" v="house"/>
    <tag k="ref:GB:uprn" v="100032188356"/>
  </way>
  <way id="1230001557" version="4" timestamp="2025-09-21T23:28:17Z" changeset="172269123" uid="8857" user="philipcullen">
    <nd ref="11406389505"/>
    <nd ref="11406389504"/>
    <nd ref="11406389503"/>
    <nd ref="11406389485"/>
    <nd ref="11406389486"/>
    <nd ref="11406389487"/>
    <nd ref="11406389502"/>
    <nd ref="11406389505"/>
    <tag k="addr:city" v="Worksop"/>
    <tag k="addr:housenumber" v="187"/>
    <tag k="addr:postcode" v="S81 9DH"/>
    <tag k="addr:street" v="Windsor Road"/>
    <tag k="building" v="house"/>
    <tag k="ref:GB:uprn" v="100032188355"/>
  </way>
  <way id="1230001558" version="4" timestamp="2025-09-21T23:28:17Z" changeset="172269123" uid="8857" user="philipcullen">
    <nd ref="11406389509"/>
    <nd ref="11406389508"/>
    <nd ref="11406389507"/>
    <nd ref="11406389506"/>
    <nd ref="11406389509"/>
    <tag k="addr:city" v="Worksop"/>
    <tag k="addr:housenumber" v="185"/>
    <tag k="addr:postcode" v="S81 9DH"/>
    <tag k="addr:street" v="Windsor Road"/>
    <tag k="building" v="house"/>
    <tag k="ref:GB:uprn" v="100032188354"/>
  </way>
  <way id="1230001559" version="4" timestamp="2025-09-21T23:28:17Z" changeset="172269123" uid="8857" user="philipcullen">
    <nd ref="11406389513"/>
    <nd ref="11406389512"/>
    <nd ref="11406389511"/>
    <nd ref="11406389510"/>
    <nd ref="11406389513"/>
    <tag k="addr:city" v="Worksop"/>
    <tag k="addr:housenumber" v="183"/>
    <tag k="addr:postcode" v="S81 9DH"/>
    <tag k="addr:street" v="Windsor Road"/>
    <tag k="building" v="house"/>
    <tag k="ref:GB:uprn" v="100032188353"/>
  </way>
  <way id="1230001560" version="4" timestamp="2025-09-21T23:28:17Z" changeset="172269123" uid="8857" user="philipcullen">
    <nd ref="11406389517"/>
    <nd ref="11406389516"/>
    <nd ref="11406389515"/>
    <nd ref="11406389514"/>
    <nd ref="11406389517"/>
    <tag k="addr:city" v="Worksop"/>
    <tag k="addr:housenumber" v="181"/>
    <tag k="addr:postcode" v="S81 9DH"/>
    <tag k="addr:street" v="Windsor Road"/>
    <tag k="building" v="house"/>
    <tag k="ref:GB:uprn" v="100032188352"/>
  </way>
  <way id="1230001561" version="4" timestamp="2025-09-21T23:28:17Z" changeset="172269123" uid="8857" user="philipcullen">
    <nd ref="11406389521"/>
    <nd ref="11406389520"/>
    <nd ref="11406389519"/>
    <nd ref="11406389518"/>
    <nd ref="11406389521"/>
    <tag k="addr:city" v="Worksop"/>
    <tag k="addr:housenumber" v="179"/>
    <tag k="addr:postcode" v="S81 9DH"/>
    <tag k="addr:street" v="Windsor Road"/>
    <tag k="building" v="house"/>
    <tag k="ref:GB:uprn" v="100032188351"/>
  </way>
  <way id="1230001562" version="4" timestamp="2025-09-21T23:28:17Z" changeset="172269123" uid="8857" user="philipcullen">
    <nd ref="11406389536"/>
    <nd ref="11406389535"/>
    <nd ref="11406389534"/>
    <nd ref="11406389532"/>
    <nd ref="11406389531"/>
    <nd ref="11406389530"/>
    <nd ref="11406389533"/>
    <nd ref="11406389536"/>
    <tag k="addr:city" v="Worksop"/>
    <tag k="addr:housenumber" v="173"/>
    <tag k="addr:postcode" v="S81 9DH"/>
    <tag k="addr:street" v="Windsor Road"/>
    <tag k="building" v="house"/>
    <tag k="ref:GB:uprn" v="100032188348"/>
  </way>
  <way id="1230001563" version="4" timestamp="2025-09-21T23:28:17Z" changeset="172269123" uid="8857" user="philipcullen">
    <nd ref="11406389525"/>
    <nd ref="11406389524"/>
    <nd ref="11406389523"/>
    <nd ref="11406389522"/>
    <nd ref="11406389525"/>
    <tag k="addr:city" v="Worksop"/>
    <tag k="addr:housenumber" v="177"/>
    <tag k="addr:postcode" v="S81 9DH"/>
    <tag k="addr:street" v="Windsor Road"/>
    <tag k="building" v="house"/>
    <tag k="ref:GB:uprn" v="100032188350"/>
  </way>
  <way id="1230001564" version="4" timestamp="2025-09-21T23:28:17Z" changeset="172269123" uid="8857" user="philipcullen">
    <nd ref="11406389529"/>
    <nd ref="11406389528"/>
    <nd ref="11406389527"/>
    <nd ref="11406389526"/>
    <nd ref="11406389529"/>
    <tag k="addr:city" v="Worksop"/>
    <tag k="addr:housenumber" v="175"/>
    <tag k="addr:postcode" v="S81 9DH"/>
    <tag k="addr:street" v="Windsor Road"/>
    <tag k="building" v="house"/>
    <tag k="ref:GB:uprn" v="100032188349"/>
  </way>
  <way id="1230001565" version="4" timestamp="2025-09-21T23:28:17Z" changeset="172269123" uid="8857" user="philipcullen">
    <nd ref="11406389540"/>
    <nd ref="11406389539"/>
    <nd ref="11406389538"/>
    <nd ref="11406389537"/>
    <nd ref="11406389540"/>
    <tag k="addr:city" v="Worksop"/>
    <tag k="addr:housenumber" v="171"/>
    <tag k="addr:postcode" v="S81 9DH"/>
    <tag k="addr:street" v="Windsor Road"/>
    <tag k="building" v="house"/>
    <tag k="ref:GB:uprn" v="100032188347"/>
  </way>
  <way id="1230001566" version="4" timestamp="2025-09-21T23:28:17Z" changeset="172269123" uid="8857" user="philipcullen">
    <nd ref="11406389547"/>
    <nd ref="11406389546"/>
    <nd ref="11406389545"/>
    <nd ref="11406389544"/>
    <nd ref="11406389543"/>
    <nd ref="11406389542"/>
    <nd ref="11406389541"/>
    <nd ref="11406389547"/>
    <tag k="addr:city" v="Worksop"/>
    <tag k="addr:housenumber" v="169"/>
    <tag k="addr:postcode" v="S81 9DH"/>
    <tag k="addr:street" v="Windsor Road"/>
    <tag k="building" v="house"/>
    <tag k="ref:GB:uprn" v="100032188346"/>
  </way>
  <way id="1230001567" version="4" timestamp="2025-09-21T23:28:17Z" changeset="172269123" uid="8857" user="philipcullen">
    <nd ref="11406389554"/>
    <nd ref="11406389553"/>
    <nd ref="11406389552"/>
    <nd ref="11406389551"/>
    <nd ref="11406389550"/>
    <nd ref="11406389549"/>
    <nd ref="11406389548"/>
    <nd ref="11406389554"/>
    <tag k="addr:city" v="Worksop"/>
    <tag k="addr:housenumber" v="167"/>
    <tag k="addr:postcode" v="S81 9DH"/>
    <tag k="addr:street" v="Windsor Road"/>
    <tag k="building" v="house"/>
    <tag k="ref:GB:uprn" v="100032188345"/>
  </way>
  <way id="1230001568" version="4" timestamp="2025-09-21T23:28:17Z" changeset="172269123" uid="8857" user="philipcullen">
    <nd ref="11406389561"/>
    <nd ref="11406389560"/>
    <nd ref="11406389559"/>
    <nd ref="11406389555"/>
    <nd ref="11406389556"/>
    <nd ref="11406389557"/>
    <nd ref="11406389558"/>
    <nd ref="11406389561"/>
    <tag k="addr:city" v="Worksop"/>
    <tag k="addr:housenumber" v="165"/>
    <tag k="addr:postcode" v="S81 9DH"/>
    <tag k="addr:street" v="Windsor Road"/>
    <tag k="building" v="house"/>
    <tag k="ref:GB:uprn" v="100032188344"/>
  </way>
  <way id="1230001569" version="4" timestamp="2025-09-21T23:28:17Z" changeset="172269123" uid="8857" user="philipcullen">
    <nd ref="11406389565"/>
    <nd ref="11406389564"/>
    <nd ref="11406389563"/>
    <nd ref="11406389562"/>
    <nd ref="11406389565"/>
    <tag k="addr:city" v="Worksop"/>
    <tag k="addr:housenumber" v="163"/>
    <tag k="addr:postcode" v="S81 9DH"/>
    <tag k="addr:street" v="Windsor Road"/>
    <tag k="building" v="house"/>
    <tag k="ref:GB:uprn" v="100032188343"/>
  </way>
  <way id="1230001570" version="4" timestamp="2025-09-21T23:28:17Z" changeset="172269123" uid="8857" user="philipcullen">
    <nd ref="11406389569"/>
    <nd ref="11406389568"/>
    <nd ref="11406389567"/>
    <nd ref="11406389566"/>
    <nd ref="11406389569"/>
    <tag k="addr:city" v="Worksop"/>
    <tag k="addr:housenumber" v="161"/>
    <tag k="addr:postcode" v="S81 9DH"/>
    <tag k="addr:street" v="Windsor Road"/>
    <tag k="building" v="house"/>
    <tag k="ref:GB:uprn" v="100032188342"/>
  </way>
  <way id="1230001571" version="4" timestamp="2025-09-21T23:28:17Z" changeset="172269123" uid="8857" user="philipcullen">
    <nd ref="11406389573"/>
    <nd ref="11406389572"/>
    <nd ref="11406389571"/>
    <nd ref="11406389570"/>
    <nd ref="11406389573"/>
    <tag k="addr:city" v="Worksop"/>
    <tag k="addr:housenumber" v="159"/>
    <tag k="addr:postcode" v="S81 9DH"/>
    <tag k="addr:street" v="Windsor Road"/>
    <tag k="building" v="house"/>
    <tag k="ref:GB:uprn" v="100032188341"/>
  </way>
  <way id="1230001572" version="4" timestamp="2025-09-21T23:28:17Z" changeset="172269123" uid="8857" user="philipcullen">
    <nd ref="11406389577"/>
    <nd ref="11406389576"/>
    <nd ref="11406389575"/>
    <nd ref="11406389574"/>
    <nd ref="11406389577"/>
    <tag k="addr:city" v="Worksop"/>
    <tag k="addr:housenumber" v="157"/>
    <tag k="addr:postcode" v="S81 9DH"/>
    <tag k="addr:street" v="Windsor Road"/>
    <tag k="building" v="house"/>
    <tag k="ref:GB:uprn" v="100032188340"/>
  </way>
  <way id="1230001573" version="4" timestamp="2025-09-21T23:28:17Z" changeset="172269123" uid="8857" user="philipcullen">
    <nd ref="11406389581"/>
    <nd ref="11406389580"/>
    <nd ref="11406389579"/>
    <nd ref="11406389578"/>
    <nd ref="11406389581"/>
    <tag k="addr:city" v="Worksop"/>
    <tag k="addr:housenumber" v="155"/>
    <tag k="addr:postcode" v="S81 9DH"/>
    <tag k="addr:street" v="Windsor Road"/>
    <tag k="building" v="house"/>
    <tag k="ref:GB:uprn" v="100032188339"/>
  </way>
  <way id="1230001574" version="4" timestamp="2025-09-21T23:28:17Z" changeset="172269123" uid="8857" user="philipcullen">
    <nd ref="11406389585"/>
    <nd ref="11406389584"/>
    <nd ref="11406389583"/>
    <nd ref="11406389582"/>
    <nd ref="11406389585"/>
    <tag k="addr:city" v="Worksop"/>
    <tag k="addr:housenumber" v="153"/>
    <tag k="addr:postcode" v="S81 9DH"/>
    <tag k="addr:street" v="Windsor Road"/>
    <tag k="building" v="house"/>
    <tag k="ref:GB:uprn" v="100032188338"/>
  </way>
  <way id="1230001575" version="4" timestamp="2025-09-21T23:28:17Z" changeset="172269123" uid="8857" user="philipcullen">
    <nd ref="11406389589"/>
    <nd ref="11406389588"/>
    <nd ref="11406389587"/>
    <nd ref="11406389586"/>
    <nd ref="11406389589"/>
    <tag k="addr:city" v="Worksop"/>
    <tag k="addr:housenumber" v="151"/>
    <tag k="addr:postcode" v="S81 9DH"/>
    <tag k="addr:street" v="Windsor Road"/>
    <tag k="building" v="house"/>
    <tag k="ref:GB:uprn" v="100032188337"/>
  </way>
  <way id="1230001576" version="4" timestamp="2025-09-21T23:28:17Z" changeset="172269123" uid="8857" user="philipcullen">
    <nd ref="11406389600"/>
    <nd ref="11406389599"/>
    <nd ref="11406389598"/>
    <nd ref="11406389590"/>
    <nd ref="11406389591"/>
    <nd ref="11406389592"/>
    <nd ref="11406389597"/>
    <nd ref="11406389600"/>
    <tag k="addr:city" v="Worksop"/>
    <tag k="addr:housenumber" v="147"/>
    <tag k="addr:postcode" v="S81 9DH"/>
    <tag k="addr:street" v="Windsor Road"/>
    <tag k="building" v="house"/>
    <tag k="ref:GB:uprn" v="100032188335"/>
  </way>
  <way id="1230001577" version="4" timestamp="2025-09-21T23:28:17Z" changeset="172269123" uid="8857" user="philipcullen">
    <nd ref="11406389596"/>
    <nd ref="11406389595"/>
    <nd ref="11406389594"/>
    <nd ref="11406389593"/>
    <nd ref="11406389596"/>
    <tag k="addr:city" v="Worksop"/>
    <tag k="addr:housenumber" v="149"/>
    <tag k="addr:postcode" v="S81 9DH"/>
    <tag k="addr:street" v="Windsor Road"/>
    <tag k="building" v="house"/>
    <tag k="ref:GB:uprn" v="100032188336"/>
  </way>
  <way id="1230001578" version="4" timestamp="2025-09-21T23:28:17Z" changeset="172269123" uid="8857" user="philipcullen">
    <nd ref="11406389604"/>
    <nd ref="11406389603"/>
    <nd ref="11406389602"/>
    <nd ref="11406389601"/>
    <nd ref="11406389604"/>
    <tag k="addr:city" v="Worksop"/>
    <tag k="addr:housenumber" v="145"/>
    <tag k="addr:postcode" v="S81 9DH"/>
    <tag k="addr:street" v="Windsor Road"/>
    <tag k="building" v="house"/>
    <tag k="ref:GB:uprn" v="100032188334"/>
  </way>
  <way id="1230001579" version="4" timestamp="2025-09-21T23:28:17Z" changeset="172269123" uid="8857" user="philipcullen">
    <nd ref="11406389608"/>
    <nd ref="11406389607"/>
    <nd ref="11406389606"/>
    <nd ref="11406389605"/>
    <nd ref="11406389608"/>
    <tag k="addr:city" v="Worksop"/>
    <tag k="addr:housenumber" v="143"/>
    <tag k="addr:postcode" v="S81 9DH"/>
    <tag k="addr:street" v="Windsor Road"/>
    <tag k="building" v="house"/>
    <tag k="ref:GB:uprn" v="100032188333"/>
  </way>
  <way id="1230001580" version="4" timestamp="2025-09-21T23:28:17Z" changeset="172269123" uid="8857" user="philipcullen">
    <nd ref="11406389612"/>
    <nd ref="11406389611"/>
    <nd ref="11406389610"/>
    <nd ref="11406389609"/>
    <nd ref="11406389612"/>
    <tag k="addr:city" v="Worksop"/>
    <tag k="addr:housenumber" v="141"/>
    <tag k="addr:postcode" v="S81 9DH"/>
    <tag k="addr:street" v="Windsor Road"/>
    <tag k="building" v="house"/>
    <tag k="ref:GB:uprn" v="100032188332"/>
  </way>
  <way id="1230001581" version="4" timestamp="2025-09-21T23:28:17Z" changeset="172269123" uid="8857" user="philipcullen">
    <nd ref="11406389616"/>
    <nd ref="11406389615"/>
    <nd ref="11406389614"/>
    <nd ref="11406389613"/>
    <nd ref="11406389616"/>
    <tag k="addr:city" v="Worksop"/>
    <tag k="addr:housenumber" v="139"/>
    <tag k="addr:postcode" v="S81 9DH"/>
    <tag k="addr:street" v="Windsor Road"/>
    <tag k="building" v="house"/>
    <tag k="ref:GB:uprn" v="100032188331"/>
  </way>
  <way id="1230001582" version="4" timestamp="2025-09-21T23:28:17Z" changeset="172269123" uid="8857" user="philipcullen">
    <nd ref="11406389620"/>
    <nd ref="11406389619"/>
    <nd ref="11406389618"/>
    <nd ref="11406389617"/>
    <nd ref="11406389620"/>
    <tag k="addr:city" v="Worksop"/>
    <tag k="addr:housenumber" v="137"/>
    <tag k="addr:postcode" v="S81 9DH"/>
    <tag k="addr:street" v="Windsor Road"/>
    <tag k="building" v="house"/>
    <tag k="ref:GB:uprn" v="100032188330"/>
  </way>
  <way id="1230001583" version="4" timestamp="2025-09-21T23:28:17Z" changeset="172269123" uid="8857" user="philipcullen">
    <nd ref="11406389624"/>
    <nd ref="11406389623"/>
    <nd ref="11406389622"/>
    <nd ref="11406389621"/>
    <nd ref="11406389624"/>
    <tag k="addr:city" v="Worksop"/>
    <tag k="addr:housenumber" v="135"/>
    <tag k="addr:postcode" v="S81 9DH"/>
    <tag k="addr:street" v="Windsor Road"/>
    <tag k="building" v="house"/>
    <tag k="ref:GB:uprn" v="100032188329"/>
  </way>
  <way id="1230001584" version="4" timestamp="2025-09-21T23:28:17Z" changeset="172269123" uid="8857" user="philipcullen">
    <nd ref="11406389628"/>
    <nd ref="11406389627"/>
    <nd ref="11406389626"/>
    <nd ref="11406389625"/>
    <nd ref="11406389628"/>
    <tag k="addr:city" v="Worksop"/>
    <tag k="addr:housenumber" v="133"/>
    <tag k="addr:postcode" v="S81 9DH"/>
    <tag k="addr:street" v="Windsor Road"/>
    <tag k="building" v="house"/>
    <tag k="ref:GB:uprn" v="100032188328"/>
  </way>
  <way id="1230001585" version="4" timestamp="2025-09-21T23:28:17Z" changeset="172269123" uid="8857" user="philipcullen">
    <nd ref="11406389635"/>
    <nd ref="11406389634"/>
    <nd ref="11406389629"/>
    <nd ref="11406389630"/>
    <nd ref="11406389631"/>
    <nd ref="11406389633"/>
    <nd ref="11406389632"/>
    <nd ref="11406389635"/>
    <tag k="addr:city" v="Worksop"/>
    <tag k="addr:housenumber" v="131"/>
    <tag k="addr:postcode" v="S81 9DH"/>
    <tag k="addr:street" v="Windsor Road"/>
    <tag k="building" v="house"/>
    <tag k="ref:GB:uprn" v="100032188327"/>
  </way>
  <way id="1230001586" version="4" timestamp="2025-09-21T23:28:17Z" changeset="172269123" uid="8857" user="philipcullen">
    <nd ref="11406389642"/>
    <nd ref="11406389641"/>
    <nd ref="11406389640"/>
    <nd ref="11406389638"/>
    <nd ref="11406389637"/>
    <nd ref="11406389636"/>
    <nd ref="11406389639"/>
    <nd ref="11406389642"/>
    <tag k="addr:city" v="Worksop"/>
    <tag k="addr:housenumber" v="129"/>
    <tag k="addr:postcode" v="S81 9DH"/>
    <tag k="addr:street" v="Windsor Road"/>
    <tag k="building" v="house"/>
    <tag k="ref:GB:uprn" v="100032188326"/>
  </way>
  <way id="1230001587" version="4" timestamp="2025-09-21T23:28:17Z" changeset="172269123" uid="8857" user="philipcullen">
    <nd ref="11406389646"/>
    <nd ref="11406389645"/>
    <nd ref="11406389644"/>
    <nd ref="11406389643"/>
    <nd ref="11406389646"/>
    <tag k="addr:city" v="Worksop"/>
    <tag k="addr:housenumber" v="127"/>
    <tag k="addr:postcode" v="S81 9DH"/>
    <tag k="addr:street" v="Windsor Road"/>
    <tag k="building" v="house"/>
    <tag k="ref:GB:uprn" v="100032188325"/>
  </way>
  <way id="1230001588" version="4" timestamp="2025-09-21T23:28:17Z" changeset="172269123" uid="8857" user="philipcullen">
    <nd ref="11406389650"/>
    <nd ref="11406389649"/>
    <nd ref="11406389648"/>
    <nd ref="11406389647"/>
    <nd ref="11406389650"/>
    <tag k="addr:city" v="Worksop"/>
    <tag k="addr:housenumber" v="125"/>
    <tag k="addr:postcode" v="S81 9DH"/>
    <tag k="addr:street" v="Windsor Road"/>
    <tag k="building" v="house"/>
    <tag k="ref:GB:uprn" v="100032188324"/>
  </way>
  <way id="1230001589" version="4" timestamp="2025-09-21T23:28:17Z" changeset="172269123" uid="8857" user="philipcullen">
    <nd ref="11406389657"/>
    <nd ref="11406389656"/>
    <nd ref="11406389655"/>
    <nd ref="11406389654"/>
    <nd ref="11406389653"/>
    <nd ref="11406389652"/>
    <nd ref="11406389651"/>
    <nd ref="11406389657"/>
    <tag k="addr:city" v="Worksop"/>
    <tag k="addr:housenumber" v="123"/>
    <tag k="addr:postcode" v="S81 9DH"/>
    <tag k="addr:street" v="Windsor Road"/>
    <tag k="building" v="house"/>
    <tag k="ref:GB:uprn" v="100032188323"/>
  </way>
  <way id="1230001590" version="4" timestamp="2025-09-21T23:28:17Z" changeset="172269123" uid="8857" user="philipcullen">
    <nd ref="11406389664"/>
    <nd ref="11406389663"/>
    <nd ref="11406389662"/>
    <nd ref="11406389661"/>
    <nd ref="11406389660"/>
    <nd ref="11406389659"/>
    <nd ref="11406389658"/>
    <nd ref="11406389664"/>
    <tag k="addr:city" v="Worksop"/>
    <tag k="addr:housenumber" v="121"/>
    <tag k="addr:postcode" v="S81 9DH"/>
    <tag k="addr:street" v="Windsor Road"/>
    <tag k="building" v="house"/>
    <tag k="ref:GB:uprn" v="100032188322"/>
  </way>
  <way id="1230001591" version="4" timestamp="2025-09-21T23:28:17Z" changeset="172269123" uid="8857" user="philipcullen">
    <nd ref="11406389668"/>
    <nd ref="11406389665"/>
    <nd ref="11406389666"/>
    <nd ref="11406389667"/>
    <nd ref="11406389668"/>
    <tag k="addr:city" v="Worksop"/>
    <tag k="addr:housenumber" v="119"/>
    <tag k="addr:postcode" v="S81 9DH"/>
    <tag k="addr:street" v="Windsor Road"/>
    <tag k="building" v="house"/>
    <tag k="ref:GB:uprn" v="100032188321"/>
  </way>
  <way id="1230001592" version="4" timestamp="2025-09-21T23:28:17Z" changeset="172269123" uid="8857" user="philipcullen">
    <nd ref="11406389678"/>
    <nd ref="11406389677"/>
    <nd ref="11406389676"/>
    <nd ref="11406389674"/>
    <nd ref="11406389673"/>
    <nd ref="11406389672"/>
    <nd ref="11406389675"/>
    <nd ref="11406389678"/>
    <tag k="addr:city" v="Worksop"/>
    <tag k="addr:housenumber" v="117"/>
    <tag k="addr:postcode" v="S81 9DH"/>
    <tag k="addr:street" v="Windsor Road"/>
    <tag k="building" v="house"/>
    <tag k="ref:GB:uprn" v="100032188320"/>
  </way>
  <way id="1230001593" version="4" timestamp="2025-09-21T23:28:17Z" changeset="172269123" uid="8857" user="philipcullen">
    <nd ref="11406389682"/>
    <nd ref="11406389681"/>
    <nd ref="11406389680"/>
    <nd ref="11406389671"/>
    <nd ref="11406389670"/>
    <nd ref="11406389669"/>
    <nd ref="11406389679"/>
    <nd ref="11406389682"/>
    <tag k="addr:city" v="Worksop"/>
    <tag k="addr:housenumber" v="115"/>
    <tag k="addr:postcode" v="S81 9DH"/>
    <tag k="addr:street" v="Windsor Road"/>
    <tag k="building" v="house"/>
    <tag k="ref:GB:uprn" v="100032188319"/>
  </way>
  <way id="1230001594" version="4" timestamp="2025-09-21T23:28:17Z" changeset="172269123" uid="8857" user="philipcullen">
    <nd ref="11406389689"/>
    <nd ref="11406389688"/>
    <nd ref="11406389687"/>
    <nd ref="11406389683"/>
    <nd ref="11406389684"/>
    <nd ref="11406389685"/>
    <nd ref="11406389686"/>
    <nd ref="11406389689"/>
    <tag k="addr:city" v="Worksop"/>
    <tag k="addr:housenumber" v="113"/>
    <tag k="addr:postcode" v="S81 9DH"/>
    <tag k="addr:street" v="Windsor Road"/>
    <tag k="building" v="house"/>
    <tag k="ref:GB:uprn" v="100032188318"/>
  </way>
  <way id="1230001595" version="4" timestamp="2025-09-21T23:28:17Z" changeset="172269123" uid="8857" user="philipcullen">
    <nd ref="11406389693"/>
    <nd ref="11406389692"/>
    <nd ref="11406389691"/>
    <nd ref="11406389690"/>
    <nd ref="11406389693"/>
    <tag k="addr:city" v="Worksop"/>
    <tag k="addr:housenumber" v="111"/>
    <tag k="addr:postcode" v="S81 9DH"/>
    <tag k="addr:street" v="Windsor Road"/>
    <tag k="building" v="house"/>
    <tag k="ref:GB:uprn" v="100032188317"/>
  </way>
  <way id="1230001596" version="4" timestamp="2025-09-21T23:28:17Z" changeset="172269123" uid="8857" user="philipcullen">
    <nd ref="11406389697"/>
    <nd ref="11406389694"/>
    <nd ref="11406389695"/>
    <nd ref="11406389696"/>
    <nd ref="11406389697"/>
    <tag k="addr:city" v="Worksop"/>
    <tag k="addr:housenumber" v="109"/>
    <tag k="addr:postcode" v="S81 9DH"/>
    <tag k="addr:street" v="Windsor Road"/>
    <tag k="building" v="house"/>
    <tag k="ref:GB:uprn" v="100032188316"/>
  </way>
  <way id="1230001597" version="4" timestamp="2025-09-21T23:28:17Z" changeset="172269123" uid="8857" user="philipcullen">
    <nd ref="11406389701"/>
    <nd ref="11406389700"/>
    <nd ref="11406389699"/>
    <nd ref="11406389698"/>
    <nd ref="11406389701"/>
    <tag k="addr:city" v="Worksop"/>
    <tag k="addr:housenumber" v="107"/>
    <tag k="addr:postcode" v="S81 9DH"/>
    <tag k="addr:street" v="Windsor Road"/>
    <tag k="building" v="house"/>
    <tag k="ref:GB:uprn" v="100032188315"/>
  </way>
  <way id="1230001598" version="4" timestamp="2025-09-21T23:28:17Z" changeset="172269123" uid="8857" user="philipcullen">
    <nd ref="11406389708"/>
    <nd ref="11406389707"/>
    <nd ref="11406389706"/>
    <nd ref="11406389702"/>
    <nd ref="11406389703"/>
    <nd ref="11406389704"/>
    <nd ref="11406389705"/>
    <nd ref="11406389708"/>
    <tag k="addr:city" v="Worksop"/>
    <tag k="addr:housenumber" v="99"/>
    <tag k="addr:postcode" v="S81 9DH"/>
    <tag k="addr:street" v="Windsor Road"/>
    <tag k="building" v="house"/>
    <tag k="ref:GB:uprn" v="100032188394"/>
  </way>
  <way id="1230001599" version="4" timestamp="2025-09-21T23:28:17Z" changeset="172269123" uid="8857" user="philipcullen">
    <nd ref="11406389712"/>
    <nd ref="11406389711"/>
    <nd ref="11406389710"/>
    <nd ref="11406389709"/>
    <nd ref="11406389712"/>
    <tag k="addr:city" v="Worksop"/>
    <tag k="addr:housenumber" v="105"/>
    <tag k="addr:postcode" v="S81 9DH"/>
    <tag k="addr:street" v="Windsor Road"/>
    <tag k="building" v="house"/>
    <tag k="ref:GB:uprn" v="100032188314"/>
  </way>
  <way id="1230001600" version="4" timestamp="2025-09-21T23:28:17Z" changeset="172269123" uid="8857" user="philipcullen">
    <nd ref="11406389716"/>
    <nd ref="11406389715"/>
    <nd ref="11406389714"/>
    <nd ref="11406389713"/>
    <nd ref="11406389716"/>
    <tag k="addr:city" v="Worksop"/>
    <tag k="addr:housenumber" v="103"/>
    <tag k="addr:postcode" v="S81 9DH"/>
    <tag k="addr:street" v="Windsor Road"/>
    <tag k="building" v="house"/>
    <tag k="ref:GB:uprn" v="100032188313"/>
  </way>
  <way id="1230001601" version="4" timestamp="2025-09-21T23:28:17Z" changeset="172269123" uid="8857" user="philipcullen">
    <nd ref="11406389720"/>
    <nd ref="11406389719"/>
    <nd ref="11406389718"/>
    <nd ref="11406389717"/>
    <nd ref="11406389720"/>
    <tag k="addr:city" v="Worksop"/>
    <tag k="addr:housenumber" v="101"/>
    <tag k="addr:postcode" v="S81 9DH"/>
    <tag k="addr:street" v="Windsor Road"/>
    <tag k="building" v="house"/>
    <tag k="ref:GB:uprn" v="100032188312"/>
  </way>
  <way id="1230001602" version="4" timestamp="2025-09-21T23:28:17Z" changeset="172269123" uid="8857" user="philipcullen">
    <nd ref="11406389724"/>
    <nd ref="11406389723"/>
    <nd ref="11406389722"/>
    <nd ref="11406389721"/>
    <nd ref="11406389724"/>
    <tag k="addr:city" v="Worksop"/>
    <tag k="addr:housenumber" v="97"/>
    <tag k="addr:postcode" v="S81 9DH"/>
    <tag k="addr:street" v="Windsor Road"/>
    <tag k="building" v="house"/>
    <tag k="ref:GB:uprn" v="100032188393"/>
  </way>
  <way id="1230001603" version="4" timestamp="2025-09-21T23:28:17Z" changeset="172269123" uid="8857" user="philipcullen">
    <nd ref="11406389728"/>
    <nd ref="11406389727"/>
    <nd ref="11406389726"/>
    <nd ref="11406389725"/>
    <nd ref="11406389728"/>
    <tag k="addr:city" v="Worksop"/>
    <tag k="addr:housenumber" v="95"/>
    <tag k="addr:postcode" v="S81 9DH"/>
    <tag k="addr:street" v="Windsor Road"/>
    <tag k="building" v="house"/>
    <tag k="ref:GB:uprn" v="100032188392"/>
  </way>
  <way id="1230001604" version="4" timestamp="2025-09-21T23:28:17Z" changeset="172269123" uid="8857" user="philipcullen">
    <nd ref="11406389735"/>
    <nd ref="11406389734"/>
    <nd ref="11406389733"/>
    <nd ref="11406389731"/>
    <nd ref="11406389730"/>
    <nd ref="11406389729"/>
    <nd ref="11406389732"/>
    <nd ref="11406389735"/>
    <tag k="addr:city" v="Worksop"/>
    <tag k="addr:housenumber" v="93"/>
    <tag k="addr:postcode" v="S81 9DH"/>
    <tag k="addr:street" v="Windsor Road"/>
    <tag k="building" v="house"/>
    <tag k="ref:GB:uprn" v="100032188391"/>
  </way>
  <way id="1230001605" version="4" timestamp="2025-09-21T23:28:17Z" changeset="172269123" uid="8857" user="philipcullen">
    <nd ref="11406389739"/>
    <nd ref="11406389738"/>
    <nd ref="11406389737"/>
    <nd ref="11406389736"/>
    <nd ref="11406389739"/>
    <tag k="addr:city" v="Worksop"/>
    <tag k="addr:housenumber" v="91"/>
    <tag k="addr:postcode" v="S81 9DH"/>
    <tag k="addr:street" v="Windsor Road"/>
    <tag k="building" v="house"/>
    <tag k="ref:GB:uprn" v="100032188390"/>
  </way>
  <way id="1230001606" version="4" timestamp="2025-09-21T23:28:17Z" changeset="172269123" uid="8857" user="philipcullen">
    <nd ref="11406389980"/>
    <nd ref="11406389984"/>
    <nd ref="11406389981"/>
    <nd ref="11406389973"/>
    <nd ref="11406389974"/>
    <nd ref="11406389975"/>
    <nd ref="11406389979"/>
    <nd ref="11406389980"/>
    <tag k="addr:city" v="Worksop"/>
    <tag k="addr:housenumber" v="31"/>
    <tag k="addr:postcode" v="S81 9BS"/>
    <tag k="addr:street" v="Warwick Avenue"/>
    <tag k="building" v="house"/>
    <tag k="ref:GB:uprn" v="100031300081"/>
  </way>
  <way id="1230001607" version="4" timestamp="2025-09-21T23:28:17Z" changeset="172269123" uid="8857" user="philipcullen">
    <nd ref="11406389983"/>
    <nd ref="11406389980"/>
    <nd ref="11406389979"/>
    <nd ref="11406389978"/>
    <nd ref="11406389976"/>
    <nd ref="11406389977"/>
    <nd ref="11406389982"/>
    <nd ref="11406389983"/>
    <tag k="addr:city" v="Worksop"/>
    <tag k="addr:housenumber" v="33"/>
    <tag k="addr:postcode" v="S81 9BS"/>
    <tag k="addr:street" v="Warwick Avenue"/>
    <tag k="building" v="house"/>
    <tag k="ref:GB:uprn" v="100031300083"/>
  </way>
  <way id="1230001610" version="4" timestamp="2025-09-21T23:28:17Z" changeset="172269123" uid="8857" user="philipcullen">
    <nd ref="11406389757"/>
    <nd ref="11406389756"/>
    <nd ref="11406389755"/>
    <nd ref="11406389754"/>
    <nd ref="11406389757"/>
    <tag k="addr:city" v="Worksop"/>
    <tag k="addr:housenumber" v="38"/>
    <tag k="addr:postcode" v="S81 9BP"/>
    <tag k="addr:street" v="Warwick Avenue"/>
    <tag k="building" v="house"/>
    <tag k="ref:GB:uprn" v="100031300088"/>
  </way>
  <way id="1230001611" version="4" timestamp="2025-09-21T23:28:17Z" changeset="172269123" uid="8857" user="philipcullen">
    <nd ref="11406389762"/>
    <nd ref="11406389759"/>
    <nd ref="11406389758"/>
    <nd ref="11406389761"/>
    <nd ref="11406389762"/>
    <tag k="addr:city" v="Worksop"/>
    <tag k="addr:housenumber" v="36"/>
    <tag k="addr:postcode" v="S81 9BP"/>
    <tag k="addr:street" v="Warwick Avenue"/>
    <tag k="building" v="house"/>
    <tag k="ref:GB:uprn" v="100031300086"/>
  </way>
  <way id="1230001612" version="4" timestamp="2025-09-21T23:28:17Z" changeset="172269123" uid="8857" user="philipcullen">
    <nd ref="11406389763"/>
    <nd ref="11406389762"/>
    <nd ref="11406389761"/>
    <nd ref="11406389760"/>
    <nd ref="11406389763"/>
    <tag k="addr:city" v="Worksop"/>
    <tag k="addr:housenumber" v="34"/>
    <tag k="addr:postcode" v="S81 9BP"/>
    <tag k="addr:street" v="Warwick Avenue"/>
    <tag k="building" v="house"/>
    <tag k="ref:GB:uprn" v="100031300084"/>
  </way>
  <way id="1230001613" version="4" timestamp="2025-09-21T23:28:17Z" changeset="172269123" uid="8857" user="philipcullen">
    <nd ref="11406389765"/>
    <nd ref="11406389768"/>
    <nd ref="11406389767"/>
    <nd ref="11406389764"/>
    <nd ref="11406389765"/>
    <tag k="addr:city" v="Worksop"/>
    <tag k="addr:housenumber" v="32"/>
    <tag k="addr:postcode" v="S81 9BP"/>
    <tag k="addr:street" v="Warwick Avenue"/>
    <tag k="building" v="house"/>
    <tag k="ref:GB:uprn" v="100031300082"/>
  </way>
  <way id="1230001614" version="4" timestamp="2025-09-21T23:28:17Z" changeset="172269123" uid="8857" user="philipcullen">
    <nd ref="11406389769"/>
    <nd ref="11406389765"/>
    <nd ref="11406389764"/>
    <nd ref="11406389766"/>
    <nd ref="11406389769"/>
    <tag k="addr:city" v="Worksop"/>
    <tag k="addr:housenumber" v="30"/>
    <tag k="addr:postcode" v="S81 9BP"/>
    <tag k="addr:street" v="Warwick Avenue"/>
    <tag k="building" v="house"/>
    <tag k="ref:GB:uprn" v="100031300080"/>
  </way>
  <way id="1230001616" version="4" timestamp="2025-09-21T23:28:17Z" changeset="172269123" uid="8857" user="philipcullen">
    <nd ref="11406389777"/>
    <nd ref="11406389776"/>
    <nd ref="11406389775"/>
    <nd ref="11406389774"/>
    <nd ref="11406389777"/>
    <tag k="addr:city" v="Worksop"/>
    <tag k="addr:housenumber" v="28C"/>
    <tag k="addr:postcode" v="S81 9BP"/>
    <tag k="addr:street" v="Warwick Avenue"/>
    <tag k="building" v="house"/>
    <tag k="ref:GB:uprn" v="10093193699"/>
  </way>
  <way id="1230001617" version="4" timestamp="2025-09-21T23:28:17Z" changeset="172269123" uid="8857" user="philipcullen">
    <nd ref="11406389781"/>
    <nd ref="11406389780"/>
    <nd ref="11406389779"/>
    <nd ref="11406389778"/>
    <nd ref="11406389781"/>
    <tag k="addr:city" v="Worksop"/>
    <tag k="addr:housenumber" v="28B"/>
    <tag k="addr:postcode" v="S81 9BP"/>
    <tag k="addr:street" v="Warwick Avenue"/>
    <tag k="building" v="house"/>
    <tag k="ref:GB:uprn" v="10093193698"/>
  </way>
  <way id="1230001618" version="1" timestamp="2023-12-09T22:46:17Z" changeset="144950210" uid="12616743" user="BassetlawMapper">
    <nd ref="11406389785"/>
    <nd ref="11406389784"/>
    <nd ref="11406389783"/>
    <nd ref="11406389782"/>
    <nd ref="11406389785"/>
    <tag k="addr:housenumber" v="28A"/>
    <tag k="addr:street" v="Warwick Avenue"/>
    <tag k="building" v="house"/>
  </way>
  <way id="1230001619" version="1" timestamp="2023-12-09T22:46:17Z" changeset="144950210" uid="12616743" user="BassetlawMapper">
    <nd ref="11406389789"/>
    <nd ref="11406389786"/>
    <nd ref="11406389787"/>
    <nd ref="11406389788"/>
    <nd ref="11406389789"/>
    <tag k="addr:housenumber" v="28"/>
    <tag k="addr:street" v="Warwick Avenue"/>
    <tag k="building" v="house"/>
  </way>
  <way id="1230001621" version="4" timestamp="2025-09-21T23:28:17Z" changeset="172269123" uid="8857" user="philipcullen">
    <nd ref="11406389806"/>
    <nd ref="11406389808"/>
    <nd ref="11406389799"/>
    <nd ref="11406389798"/>
    <nd ref="11406389800"/>
    <nd ref="11406389801"/>
    <nd ref="11406389805"/>
    <nd ref="11406389806"/>
    <tag k="addr:city" v="Worksop"/>
    <tag k="addr:housenumber" v="83"/>
    <tag k="addr:postcode" v="S81 9BU"/>
    <tag k="addr:street" v="Windsor Road"/>
    <tag k="building" v="house"/>
    <tag k="ref:GB:uprn" v="100031301306"/>
  </way>
  <way id="1230001622" version="4" timestamp="2025-09-21T23:28:17Z" changeset="172269123" uid="8857" user="philipcullen">
    <nd ref="11406389804"/>
    <nd ref="11406389802"/>
    <nd ref="11406389803"/>
    <nd ref="11406389809"/>
    <nd ref="11406389806"/>
    <nd ref="11406389805"/>
    <nd ref="11406389807"/>
    <nd ref="11406389804"/>
    <tag k="addr:city" v="Worksop"/>
    <tag k="addr:housenumber" v="85"/>
    <tag k="addr:postcode" v="S81 9BU"/>
    <tag k="addr:street" v="Windsor Road"/>
    <tag k="building" v="house"/>
    <tag k="ref:GB:uprn" v="100031301308"/>
  </way>
  <way id="1230001623" version="4" timestamp="2025-09-21T23:28:17Z" changeset="172269123" uid="8857" user="philipcullen">
    <nd ref="11406389815"/>
    <nd ref="11406389818"/>
    <nd ref="11406389812"/>
    <nd ref="11406389810"/>
    <nd ref="11406389811"/>
    <nd ref="11406389821"/>
    <nd ref="11406389817"/>
    <nd ref="11406389816"/>
    <nd ref="11406389813"/>
    <nd ref="11406389814"/>
    <nd ref="11406389815"/>
    <tag k="addr:city" v="Worksop"/>
    <tag k="addr:housenumber" v="81"/>
    <tag k="addr:postcode" v="S81 9BU"/>
    <tag k="addr:street" v="Windsor Road"/>
    <tag k="building" v="house"/>
    <tag k="ref:GB:uprn" v="100031301304"/>
  </way>
  <way id="1230001624" version="4" timestamp="2025-09-21T23:28:17Z" changeset="172269123" uid="8857" user="philipcullen">
    <nd ref="11406389817"/>
    <nd ref="11406389820"/>
    <nd ref="11406389819"/>
    <nd ref="11406389816"/>
    <nd ref="11406389817"/>
    <tag k="addr:city" v="Worksop"/>
    <tag k="addr:housenumber" v="79"/>
    <tag k="addr:postcode" v="S81 9BU"/>
    <tag k="addr:street" v="Windsor Road"/>
    <tag k="building" v="house"/>
    <tag k="ref:GB:uprn" v="100031301302"/>
  </way>
  <way id="1230001625" version="4" timestamp="2025-09-21T23:28:17Z" changeset="172269123" uid="8857" user="philipcullen">
    <nd ref="11406389829"/>
    <nd ref="11406389826"/>
    <nd ref="11406389825"/>
    <nd ref="11406389824"/>
    <nd ref="11406389823"/>
    <nd ref="11406389822"/>
    <nd ref="11406389828"/>
    <nd ref="11406389829"/>
    <tag k="addr:city" v="Worksop"/>
    <tag k="addr:housenumber" v="75"/>
    <tag k="addr:postcode" v="S81 9BU"/>
    <tag k="addr:street" v="Windsor Road"/>
    <tag k="building" v="house"/>
    <tag k="ref:GB:uprn" v="100031301298"/>
  </way>
  <way id="1230001626" version="4" timestamp="2025-09-21T23:28:17Z" changeset="172269123" uid="8857" user="philipcullen">
    <nd ref="11406389830"/>
    <nd ref="11406389829"/>
    <nd ref="11406389828"/>
    <nd ref="11406389827"/>
    <nd ref="11406389830"/>
    <tag k="addr:city" v="Worksop"/>
    <tag k="addr:housenumber" v="77"/>
    <tag k="addr:postcode" v="S81 9BU"/>
    <tag k="addr:street" v="Windsor Road"/>
    <tag k="building" v="house"/>
    <tag k="ref:GB:uprn" v="100031301300"/>
  </way>
  <way id="1230001627" version="4" timestamp="2025-09-21T23:28:17Z" changeset="172269123" uid="8857" user="philipcullen">
    <nd ref="11406389839"/>
    <nd ref="11406389836"/>
    <nd ref="11406389835"/>
    <nd ref="11406389834"/>
    <nd ref="11406389833"/>
    <nd ref="11406389832"/>
    <nd ref="11406389838"/>
    <nd ref="11406389839"/>
    <tag k="addr:city" v="Worksop"/>
    <tag k="addr:housenumber" v="71"/>
    <tag k="addr:postcode" v="S81 9BU"/>
    <tag k="addr:street" v="Windsor Road"/>
    <tag k="building" v="house"/>
    <tag k="ref:GB:uprn" v="100031301294"/>
  </way>
  <way id="1230001628" version="4" timestamp="2025-09-21T23:28:17Z" changeset="172269123" uid="8857" user="philipcullen">
    <nd ref="11406389838"/>
    <nd ref="11406389832"/>
    <nd ref="11406389831"/>
    <nd ref="11406389837"/>
    <nd ref="11406389840"/>
    <nd ref="11406389839"/>
    <nd ref="11406389838"/>
    <tag k="addr:city" v="Worksop"/>
    <tag k="addr:housenumber" v="73"/>
    <tag k="addr:postcode" v="S81 9BU"/>
    <tag k="addr:street" v="Windsor Road"/>
    <tag k="building" v="house"/>
    <tag k="ref:GB:uprn" v="100031301296"/>
  </way>
  <way id="1230001629" version="4" timestamp="2025-09-21T23:28:17Z" changeset="172269123" uid="8857" user="philipcullen">
    <nd ref="11406389876"/>
    <nd ref="11406389875"/>
    <nd ref="11406389874"/>
    <nd ref="11406389850"/>
    <nd ref="11406389851"/>
    <nd ref="11406389852"/>
    <nd ref="11406389873"/>
    <nd ref="11406389876"/>
    <tag k="addr:city" v="Worksop"/>
    <tag k="addr:housenumber" v="57"/>
    <tag k="addr:postcode" v="S81 9BU"/>
    <tag k="addr:street" v="Windsor Road"/>
    <tag k="building" v="house"/>
    <tag k="ref:GB:uprn" v="100031301280"/>
  </way>
  <way id="1230001630" version="4" timestamp="2025-09-21T23:28:17Z" changeset="172269123" uid="8857" user="philipcullen">
    <nd ref="11406389869"/>
    <nd ref="11406389866"/>
    <nd ref="11406389865"/>
    <nd ref="11406389849"/>
    <nd ref="11406389848"/>
    <nd ref="11406389847"/>
    <nd ref="11406389846"/>
    <nd ref="11406389868"/>
    <nd ref="11406389869"/>
    <tag k="addr:city" v="Worksop"/>
    <tag k="addr:housenumber" v="59"/>
    <tag k="addr:postcode" v="S81 9BU"/>
    <tag k="addr:street" v="Windsor Road"/>
    <tag k="building" v="house"/>
    <tag k="ref:GB:uprn" v="100031301282"/>
  </way>
  <way id="1230001631" version="4" timestamp="2025-09-21T23:28:17Z" changeset="172269123" uid="8857" user="philipcullen">
    <nd ref="11406389858"/>
    <nd ref="11406389857"/>
    <nd ref="11406389856"/>
    <nd ref="11406389843"/>
    <nd ref="11406389842"/>
    <nd ref="11406389841"/>
    <nd ref="11406389855"/>
    <nd ref="11406389858"/>
    <tag k="addr:city" v="Worksop"/>
    <tag k="addr:housenumber" v="67"/>
    <tag k="addr:postcode" v="S81 9BU"/>
    <tag k="addr:street" v="Windsor Road"/>
    <tag k="building" v="house"/>
    <tag k="ref:GB:uprn" v="100031301290"/>
  </way>
  <way id="1230001632" version="4" timestamp="2025-09-21T23:28:17Z" changeset="172269123" uid="8857" user="philipcullen">
    <nd ref="11406389854"/>
    <nd ref="11406389858"/>
    <nd ref="11406389855"/>
    <nd ref="11406389853"/>
    <nd ref="11406389854"/>
    <tag k="addr:city" v="Worksop"/>
    <tag k="addr:housenumber" v="69"/>
    <tag k="addr:postcode" v="S81 9BU"/>
    <tag k="addr:street" v="Windsor Road"/>
    <tag k="building" v="house"/>
    <tag k="ref:GB:uprn" v="100031301292"/>
  </way>
  <way id="1230001633" version="4" timestamp="2025-09-21T23:28:17Z" changeset="172269123" uid="8857" user="philipcullen">
    <nd ref="11406389863"/>
    <nd ref="11406389860"/>
    <nd ref="11406389859"/>
    <nd ref="11406389862"/>
    <nd ref="11406389863"/>
    <tag k="addr:city" v="Worksop"/>
    <tag k="addr:housenumber" v="63"/>
    <tag k="addr:postcode" v="S81 9BU"/>
    <tag k="addr:street" v="Windsor Road"/>
    <tag k="building" v="house"/>
    <tag k="ref:GB:uprn" v="100031301286"/>
  </way>
  <way id="1230001634" version="4" timestamp="2025-09-21T23:28:17Z" changeset="172269123" uid="8857" user="philipcullen">
    <nd ref="11406389864"/>
    <nd ref="11406389863"/>
    <nd ref="11406389862"/>
    <nd ref="11406389861"/>
    <nd ref="11406389864"/>
    <tag k="addr:city" v="Worksop"/>
    <tag k="addr:housenumber" v="65"/>
    <tag k="addr:postcode" v="S81 9BU"/>
    <tag k="addr:street" v="Windsor Road"/>
    <tag k="building" v="house"/>
    <tag k="ref:GB:uprn" v="100031301288"/>
  </way>
  <way id="1230001635" version="4" timestamp="2025-09-21T23:28:17Z" changeset="172269123" uid="8857" user="philipcullen">
    <nd ref="11406389868"/>
    <nd ref="11406389846"/>
    <nd ref="11406389844"/>
    <nd ref="11406389845"/>
    <nd ref="11406389867"/>
    <nd ref="11406389870"/>
    <nd ref="11406389869"/>
    <nd ref="11406389868"/>
    <tag k="addr:city" v="Worksop"/>
    <tag k="addr:housenumber" v="61"/>
    <tag k="addr:postcode" v="S81 9BU"/>
    <tag k="addr:street" v="Windsor Road"/>
    <tag k="building" v="house"/>
    <tag k="ref:GB:uprn" v="100031301284"/>
  </way>
  <way id="1230001636" version="4" timestamp="2025-09-21T23:28:17Z" changeset="172269123" uid="8857" user="philipcullen">
    <nd ref="11406389875"/>
    <nd ref="11406389872"/>
    <nd ref="11406389871"/>
    <nd ref="11406389874"/>
    <nd ref="11406389875"/>
    <tag k="addr:city" v="Worksop"/>
    <tag k="addr:housenumber" v="55"/>
    <tag k="addr:postcode" v="S81 9BU"/>
    <tag k="addr:street" v="Windsor Road"/>
    <tag k="building" v="house"/>
    <tag k="ref:GB:uprn" v="100031301278"/>
  </way>
  <way id="1230001637" version="4" timestamp="2025-09-21T23:28:17Z" changeset="172269123" uid="8857" user="philipcullen">
    <nd ref="11406389907"/>
    <nd ref="11406389910"/>
    <nd ref="11406389909"/>
    <nd ref="11406389884"/>
    <nd ref="11406389883"/>
    <nd ref="11406389885"/>
    <nd ref="11406389906"/>
    <nd ref="11406389907"/>
    <tag k="addr:city" v="Worksop"/>
    <tag k="addr:housenumber" v="39"/>
    <tag k="addr:postcode" v="S81 9BU"/>
    <tag k="addr:street" v="Windsor Road"/>
    <tag k="building" v="house"/>
    <tag k="ref:GB:uprn" v="100031301262"/>
  </way>
  <way id="1230001638" version="4" timestamp="2025-09-21T23:28:17Z" changeset="172269123" uid="8857" user="philipcullen">
    <nd ref="11406389911"/>
    <nd ref="11406389907"/>
    <nd ref="11406389906"/>
    <nd ref="11406389885"/>
    <nd ref="11406389886"/>
    <nd ref="11406389887"/>
    <nd ref="11406389908"/>
    <nd ref="11406389911"/>
    <tag k="addr:city" v="Worksop"/>
    <tag k="addr:housenumber" v="41"/>
    <tag k="addr:postcode" v="S81 9BU"/>
    <tag k="addr:street" v="Windsor Road"/>
    <tag k="building" v="house"/>
    <tag k="ref:GB:uprn" v="100031301264"/>
  </way>
  <way id="1230001639" version="4" timestamp="2025-09-21T23:28:17Z" changeset="172269123" uid="8857" user="philipcullen">
    <nd ref="11406389905"/>
    <nd ref="11406389904"/>
    <nd ref="11406389903"/>
    <nd ref="11406389880"/>
    <nd ref="11406389881"/>
    <nd ref="11406389882"/>
    <nd ref="11406389902"/>
    <nd ref="11406389905"/>
    <tag k="addr:city" v="Worksop"/>
    <tag k="addr:housenumber" v="45"/>
    <tag k="addr:postcode" v="S81 9BU"/>
    <tag k="addr:street" v="Windsor Road"/>
    <tag k="building" v="house"/>
    <tag k="ref:GB:uprn" v="100031301268"/>
  </way>
  <way id="1230001640" version="4" timestamp="2025-09-21T23:28:17Z" changeset="172269123" uid="8857" user="philipcullen">
    <nd ref="11406389898"/>
    <nd ref="11406389895"/>
    <nd ref="11406389894"/>
    <nd ref="11406389879"/>
    <nd ref="11406389878"/>
    <nd ref="11406389877"/>
    <nd ref="11406389897"/>
    <nd ref="11406389898"/>
    <tag k="addr:city" v="Worksop"/>
    <tag k="addr:housenumber" v="47"/>
    <tag k="addr:postcode" v="S81 9BU"/>
    <tag k="addr:street" v="Windsor Road"/>
    <tag k="building" v="house"/>
    <tag k="ref:GB:uprn" v="100031301270"/>
  </way>
  <way id="1230001641" version="4" timestamp="2025-09-21T23:28:17Z" changeset="172269123" uid="8857" user="philipcullen">
    <nd ref="11406389892"/>
    <nd ref="11406389889"/>
    <nd ref="11406389888"/>
    <nd ref="11406389891"/>
    <nd ref="11406389892"/>
    <tag k="addr:city" v="Worksop"/>
    <tag k="addr:housenumber" v="51"/>
    <tag k="addr:postcode" v="S81 9BU"/>
    <tag k="addr:street" v="Windsor Road"/>
    <tag k="building" v="house"/>
    <tag k="ref:GB:uprn" v="100031301274"/>
  </way>
  <way id="1230001642" version="4" timestamp="2025-09-21T23:28:17Z" changeset="172269123" uid="8857" user="philipcullen">
    <nd ref="11406389893"/>
    <nd ref="11406389892"/>
    <nd ref="11406389891"/>
    <nd ref="11406389890"/>
    <nd ref="11406389893"/>
    <tag k="addr:city" v="Worksop"/>
    <tag k="addr:housenumber" v="53"/>
    <tag k="addr:postcode" v="S81 9BU"/>
    <tag k="addr:street" v="Windsor Road"/>
    <tag k="building" v="house"/>
    <tag k="ref:GB:uprn" v="100031301276"/>
  </way>
  <way id="1230001643" version="4" timestamp="2025-09-21T23:28:17Z" changeset="172269123" uid="8857" user="philipcullen">
    <nd ref="11406389899"/>
    <nd ref="11406389898"/>
    <nd ref="11406389897"/>
    <nd ref="11406389896"/>
    <nd ref="11406389899"/>
    <tag k="addr:city" v="Worksop"/>
    <tag k="addr:housenumber" v="49"/>
    <tag k="addr:postcode" v="S81 9BU"/>
    <tag k="addr:street" v="Windsor Road"/>
    <tag k="building" v="house"/>
    <tag k="ref:GB:uprn" v="100031301272"/>
  </way>
  <way id="1230001644" version="4" timestamp="2025-09-21T23:28:17Z" changeset="172269123" uid="8857" user="philipcullen">
    <nd ref="11406389904"/>
    <nd ref="11406389901"/>
    <nd ref="11406389900"/>
    <nd ref="11406389903"/>
    <nd ref="11406389904"/>
    <tag k="addr:city" v="Worksop"/>
    <tag k="addr:housenumber" v="43"/>
    <tag k="addr:postcode" v="S81 9BU"/>
    <tag k="addr:street" v="Windsor Road"/>
    <tag k="building" v="house"/>
    <tag k="ref:GB:uprn" v="100031301266"/>
  </way>
  <way id="1230001645" version="4" timestamp="2025-09-21T23:28:17Z" changeset="172269123" uid="8857" user="philipcullen">
    <nd ref="11406389941"/>
    <nd ref="11406389944"/>
    <nd ref="11406389914"/>
    <nd ref="11406389913"/>
    <nd ref="11406389912"/>
    <nd ref="11406389915"/>
    <nd ref="11406389943"/>
    <nd ref="11406389940"/>
    <nd ref="11406389941"/>
    <tag k="addr:city" v="Worksop"/>
    <tag k="addr:housenumber" v="52"/>
    <tag k="addr:postcode" v="S81 9BT"/>
    <tag k="addr:street" v="Windsor Road"/>
    <tag k="building" v="house"/>
    <tag k="ref:GB:uprn" v="100031301275"/>
  </way>
  <way id="1230001646" version="4" timestamp="2025-09-21T23:28:17Z" changeset="172269123" uid="8857" user="philipcullen">
    <nd ref="11406389920"/>
    <nd ref="11406389917"/>
    <nd ref="11406389916"/>
    <nd ref="11406389919"/>
    <nd ref="11406389920"/>
    <tag k="addr:city" v="Worksop"/>
    <tag k="addr:housenumber" v="36"/>
    <tag k="addr:postcode" v="S81 9BT"/>
    <tag k="addr:street" v="Windsor Road"/>
    <tag k="building" v="house"/>
    <tag k="ref:GB:uprn" v="100031301259"/>
  </way>
  <way id="1230001647" version="4" timestamp="2025-09-21T23:28:17Z" changeset="172269123" uid="8857" user="philipcullen">
    <nd ref="11406389921"/>
    <nd ref="11406389920"/>
    <nd ref="11406389919"/>
    <nd ref="11406389918"/>
    <nd ref="11406389921"/>
    <tag k="addr:city" v="Worksop"/>
    <tag k="addr:housenumber" v="38"/>
    <tag k="addr:postcode" v="S81 9BT"/>
    <tag k="addr:street" v="Windsor Road"/>
    <tag k="building" v="house"/>
    <tag k="ref:GB:uprn" v="100031301261"/>
  </way>
  <way id="1230001648" version="4" timestamp="2025-09-21T23:28:17Z" changeset="172269123" uid="8857" user="philipcullen">
    <nd ref="11406389926"/>
    <nd ref="11406389923"/>
    <nd ref="11406389922"/>
    <nd ref="11406389925"/>
    <nd ref="11406389926"/>
    <tag k="addr:city" v="Worksop"/>
    <tag k="addr:housenumber" v="40"/>
    <tag k="addr:postcode" v="S81 9BT"/>
    <tag k="addr:street" v="Windsor Road"/>
    <tag k="building" v="house"/>
    <tag k="ref:GB:uprn" v="100031301263"/>
  </way>
  <way id="1230001649" version="4" timestamp="2025-09-21T23:28:17Z" changeset="172269123" uid="8857" user="philipcullen">
    <nd ref="11406389927"/>
    <nd ref="11406389926"/>
    <nd ref="11406389925"/>
    <nd ref="11406389924"/>
    <nd ref="11406389927"/>
    <tag k="addr:city" v="Worksop"/>
    <tag k="addr:housenumber" v="42"/>
    <tag k="addr:postcode" v="S81 9BT"/>
    <tag k="addr:street" v="Windsor Road"/>
    <tag k="building" v="house"/>
    <tag k="ref:GB:uprn" v="100031301265"/>
  </way>
  <way id="1230001650" version="4" timestamp="2025-09-21T23:28:17Z" changeset="172269123" uid="8857" user="philipcullen">
    <nd ref="11406389932"/>
    <nd ref="11406389929"/>
    <nd ref="11406389928"/>
    <nd ref="11406389931"/>
    <nd ref="11406389932"/>
    <tag k="addr:city" v="Worksop"/>
    <tag k="addr:housenumber" v="44"/>
    <tag k="addr:postcode" v="S81 9BT"/>
    <tag k="addr:street" v="Windsor Road"/>
    <tag k="building" v="house"/>
    <tag k="ref:GB:uprn" v="100031301267"/>
  </way>
  <way id="1230001651" version="4" timestamp="2025-09-21T23:28:17Z" changeset="172269123" uid="8857" user="philipcullen">
    <nd ref="11406389933"/>
    <nd ref="11406389932"/>
    <nd ref="11406389931"/>
    <nd ref="11406389930"/>
    <nd ref="11406389933"/>
    <tag k="addr:city" v="Worksop"/>
    <tag k="addr:housenumber" v="46"/>
    <tag k="addr:postcode" v="S81 9BT"/>
    <tag k="addr:street" v="Windsor Road"/>
    <tag k="building" v="house"/>
    <tag k="ref:GB:uprn" v="100031301269"/>
  </way>
  <way id="1230001652" version="4" timestamp="2025-09-21T23:28:17Z" changeset="172269123" uid="8857" user="philipcullen">
    <nd ref="11406389938"/>
    <nd ref="11406389935"/>
    <nd ref="11406389934"/>
    <nd ref="11406389937"/>
    <nd ref="11406389938"/>
    <tag k="addr:city" v="Worksop"/>
    <tag k="addr:housenumber" v="48"/>
    <tag k="addr:postcode" v="S81 9BT"/>
    <tag k="addr:street" v="Windsor Road"/>
    <tag k="building" v="house"/>
    <tag k="ref:GB:uprn" v="100031301271"/>
  </way>
  <way id="1230001653" version="4" timestamp="2025-09-21T23:28:17Z" changeset="172269123" uid="8857" user="philipcullen">
    <nd ref="11406389939"/>
    <nd ref="11406389938"/>
    <nd ref="11406389937"/>
    <nd ref="11406389936"/>
    <nd ref="11406389939"/>
    <tag k="addr:city" v="Worksop"/>
    <tag k="addr:housenumber" v="50"/>
    <tag k="addr:postcode" v="S81 9BT"/>
    <tag k="addr:street" v="Windsor Road"/>
    <tag k="building" v="house"/>
    <tag k="ref:GB:uprn" v="100031301273"/>
  </way>
  <way id="1230001654" version="4" timestamp="2025-09-21T23:28:17Z" changeset="172269123" uid="8857" user="philipcullen">
    <nd ref="11406389945"/>
    <nd ref="11406389941"/>
    <nd ref="11406389940"/>
    <nd ref="11406389942"/>
    <nd ref="11406389945"/>
    <tag k="addr:city" v="Worksop"/>
    <tag k="addr:housenumber" v="54"/>
    <tag k="addr:postcode" v="S81 9BT"/>
    <tag k="addr:street" v="Windsor Road"/>
    <tag k="building" v="house"/>
    <tag k="ref:GB:uprn" v="100031301277"/>
  </way>
  <way id="1230001655" version="4" timestamp="2025-09-21T23:28:17Z" changeset="172269123" uid="8857" user="philipcullen">
    <nd ref="11406389949"/>
    <nd ref="11406389948"/>
    <nd ref="11406389947"/>
    <nd ref="11406389946"/>
    <nd ref="11406389949"/>
    <tag k="addr:city" v="Worksop"/>
    <tag k="addr:housenumber" v="34"/>
    <tag k="addr:postcode" v="S81 9BT"/>
    <tag k="addr:street" v="Windsor Road"/>
    <tag k="building" v="house"/>
    <tag k="ref:GB:uprn" v="100031301256"/>
  </way>
  <way id="1230001656" version="4" timestamp="2025-09-21T23:28:17Z" changeset="172269123" uid="8857" user="philipcullen">
    <nd ref="11406389951"/>
    <nd ref="11406389955"/>
    <nd ref="11406389952"/>
    <nd ref="11406389950"/>
    <nd ref="11406389951"/>
    <tag k="addr:city" v="Worksop"/>
    <tag k="addr:housenumber" v="30"/>
    <tag k="addr:postcode" v="S81 9BT"/>
    <tag k="addr:street" v="Windsor Road"/>
    <tag k="building" v="house"/>
    <tag k="ref:GB:uprn" v="100031301252"/>
  </way>
  <way id="1230001657" version="4" timestamp="2025-09-21T23:28:17Z" changeset="172269123" uid="8857" user="philipcullen">
    <nd ref="11406389954"/>
    <nd ref="11406389951"/>
    <nd ref="11406389950"/>
    <nd ref="11406389953"/>
    <nd ref="11406389954"/>
    <tag k="addr:city" v="Worksop"/>
    <tag k="addr:housenumber" v="32"/>
    <tag k="addr:postcode" v="S81 9BT"/>
    <tag k="addr:street" v="Windsor Road"/>
    <tag k="building" v="house"/>
    <tag k="ref:GB:uprn" v="100031301254"/>
  </way>
  <way id="1230001658" version="4" timestamp="2025-09-21T23:28:17Z" changeset="172269123" uid="8857" user="philipcullen">
    <nd ref="11406389959"/>
    <nd ref="11406389958"/>
    <nd ref="11406389957"/>
    <nd ref="11406389956"/>
    <nd ref="11406389959"/>
    <tag k="addr:city" v="Worksop"/>
    <tag k="addr:housenumber" v="39"/>
    <tag k="addr:postcode" v="S81 9BS"/>
    <tag k="addr:street" v="Warwick Avenue"/>
    <tag k="building" v="house"/>
    <tag k="ref:GB:uprn" v="100031300089"/>
  </way>
  <way id="1230001659" version="4" timestamp="2025-09-21T23:28:17Z" changeset="172269123" uid="8857" user="philipcullen">
    <nd ref="11406389968"/>
    <nd ref="11406389965"/>
    <nd ref="11406389966"/>
    <nd ref="11406389967"/>
    <nd ref="11406389970"/>
    <nd ref="11406389971"/>
    <nd ref="11406389969"/>
    <nd ref="11406389968"/>
    <tag k="addr:city" v="Worksop"/>
    <tag k="addr:housenumber" v="35"/>
    <tag k="addr:postcode" v="S81 9BS"/>
    <tag k="addr:street" v="Warwick Avenue"/>
    <tag k="building" v="house"/>
    <tag k="ref:GB:uprn" v="100031300085"/>
  </way>
  <way id="1230001660" version="4" timestamp="2025-09-21T23:28:17Z" changeset="172269123" uid="8857" user="philipcullen">
    <nd ref="11406389964"/>
    <nd ref="11406389962"/>
    <nd ref="11406389963"/>
    <nd ref="11406389960"/>
    <nd ref="11406389961"/>
    <nd ref="11406389972"/>
    <nd ref="11406389971"/>
    <nd ref="11406389970"/>
    <nd ref="11406389964"/>
    <tag k="addr:city" v="Worksop"/>
    <tag k="addr:housenumber" v="37"/>
    <tag k="addr:postcode" v="S81 9BS"/>
    <tag k="addr:street" v="Warwick Avenue"/>
    <tag k="building" v="house"/>
    <tag k="ref:GB:uprn" v="100031300087"/>
  </way>
  <way id="1230001661" version="4" timestamp="2025-09-21T23:28:17Z" changeset="172269123" uid="8857" user="philipcullen">
    <nd ref="11406389988"/>
    <nd ref="11406389987"/>
    <nd ref="11406389986"/>
    <nd ref="11406389985"/>
    <nd ref="11406389988"/>
    <tag k="addr:city" v="Worksop"/>
    <tag k="addr:housenumber" v="29"/>
    <tag k="addr:postcode" v="S81 9BS"/>
    <tag k="addr:street" v="Warwick Avenue"/>
    <tag k="building" v="house"/>
    <tag k="ref:GB:uprn" v="100031300079"/>
  </way>
  <way id="1230001662" version="4" timestamp="2025-09-21T23:28:17Z" changeset="172269123" uid="8857" user="philipcullen">
    <nd ref="11406389997"/>
    <nd ref="11406389993"/>
    <nd ref="11406389992"/>
    <nd ref="11406389989"/>
    <nd ref="11406389990"/>
    <nd ref="11406389991"/>
    <nd ref="11406389994"/>
    <nd ref="11406389997"/>
    <tag k="addr:city" v="Worksop"/>
    <tag k="addr:housenumber" v="27"/>
    <tag k="addr:postcode" v="S81 9BS"/>
    <tag k="addr:street" v="Warwick Avenue"/>
    <tag k="building" v="house"/>
    <tag k="ref:GB:uprn" v="100031300078"/>
  </way>
  <way id="1230001663" version="4" timestamp="2025-09-21T23:28:17Z" changeset="172269123" uid="8857" user="philipcullen">
    <nd ref="11406389993"/>
    <nd ref="11406389996"/>
    <nd ref="11406389995"/>
    <nd ref="11406389992"/>
    <nd ref="11406389993"/>
    <tag k="addr:city" v="Worksop"/>
    <tag k="addr:housenumber" v="25"/>
    <tag k="addr:postcode" v="S81 9BS"/>
    <tag k="addr:street" v="Warwick Avenue"/>
    <tag k="building" v="house"/>
    <tag k="ref:GB:uprn" v="100031300075"/>
  </way>
  <way id="1230001664" version="4" timestamp="2025-09-21T23:28:17Z" changeset="172269123" uid="8857" user="philipcullen">
    <nd ref="11406390001"/>
    <nd ref="11406390000"/>
    <nd ref="11406389999"/>
    <nd ref="11406389998"/>
    <nd ref="11406390001"/>
    <tag k="addr:city" v="Worksop"/>
    <tag k="addr:housenumber" v="23"/>
    <tag k="addr:postcode" v="S81 9BS"/>
    <tag k="addr:street" v="Warwick Avenue"/>
    <tag k="building" v="house"/>
    <tag k="ref:GB:uprn" v="100031300073"/>
  </way>
  <way id="1230001665" version="4" timestamp="2025-09-21T23:28:17Z" changeset="172269123" uid="8857" user="philipcullen">
    <nd ref="11406390021"/>
    <nd ref="11406390018"/>
    <nd ref="11406390017"/>
    <nd ref="11406390004"/>
    <nd ref="11406390003"/>
    <nd ref="11406390002"/>
    <nd ref="11406390020"/>
    <nd ref="11406390021"/>
    <tag k="addr:city" v="Worksop"/>
    <tag k="addr:housenumber" v="11"/>
    <tag k="addr:postcode" v="S81 9BS"/>
    <tag k="addr:street" v="Warwick Avenue"/>
    <tag k="building" v="house"/>
    <tag k="ref:GB:uprn" v="100031300061"/>
  </way>
  <way id="1230001666" version="4" timestamp="2025-09-21T23:28:17Z" changeset="172269123" uid="8857" user="philipcullen">
    <nd ref="11406390009"/>
    <nd ref="11406390006"/>
    <nd ref="11406390005"/>
    <nd ref="11406390008"/>
    <nd ref="11406390009"/>
    <tag k="addr:city" v="Worksop"/>
    <tag k="addr:housenumber" v="19"/>
    <tag k="addr:postcode" v="S81 9BS"/>
    <tag k="addr:street" v="Warwick Avenue"/>
    <tag k="building" v="house"/>
    <tag k="ref:GB:uprn" v="100031300069"/>
  </way>
  <way id="1230001667" version="4" timestamp="2025-09-21T23:28:17Z" changeset="172269123" uid="8857" user="philipcullen">
    <nd ref="11406390010"/>
    <nd ref="11406390009"/>
    <nd ref="11406390008"/>
    <nd ref="11406390007"/>
    <nd ref="11406390010"/>
    <tag k="addr:city" v="Worksop"/>
    <tag k="addr:housenumber" v="21"/>
    <tag k="addr:postcode" v="S81 9BS"/>
    <tag k="addr:street" v="Warwick Avenue"/>
    <tag k="building" v="house"/>
    <tag k="ref:GB:uprn" v="100031300071"/>
  </way>
  <way id="1230001668" version="4" timestamp="2025-09-21T23:28:17Z" changeset="172269123" uid="8857" user="philipcullen">
    <nd ref="11406390015"/>
    <nd ref="11406390012"/>
    <nd ref="11406390011"/>
    <nd ref="11406390014"/>
    <nd ref="11406390015"/>
    <tag k="addr:city" v="Worksop"/>
    <tag k="addr:housenumber" v="15"/>
    <tag k="addr:postcode" v="S81 9BS"/>
    <tag k="addr:street" v="Warwick Avenue"/>
    <tag k="building" v="house"/>
    <tag k="ref:GB:uprn" v="100031300065"/>
  </way>
  <way id="1230001669" version="4" timestamp="2025-09-21T23:28:17Z" changeset="172269123" uid="8857" user="philipcullen">
    <nd ref="11406390016"/>
    <nd ref="11406390015"/>
    <nd ref="11406390014"/>
    <nd ref="11406390013"/>
    <nd ref="11406390016"/>
    <tag k="addr:city" v="Worksop"/>
    <tag k="addr:housenumber" v="17"/>
    <tag k="addr:postcode" v="S81 9BS"/>
    <tag k="addr:street" v="Warwick Avenue"/>
    <tag k="building" v="house"/>
    <tag k="ref:GB:uprn" v="100031300067"/>
  </way>
  <way id="1230001670" version="4" timestamp="2025-09-21T23:28:17Z" changeset="172269123" uid="8857" user="philipcullen">
    <nd ref="11406390022"/>
    <nd ref="11406390021"/>
    <nd ref="11406390020"/>
    <nd ref="11406390019"/>
    <nd ref="11406390022"/>
    <tag k="addr:city" v="Worksop"/>
    <tag k="addr:housenumber" v="13"/>
    <tag k="addr:postcode" v="S81 9BS"/>
    <tag k="addr:street" v="Warwick Avenue"/>
    <tag k="building" v="house"/>
    <tag k="ref:GB:uprn" v="100031300063"/>
  </way>
  <way id="1230001671" version="4" timestamp="2025-09-21T23:28:17Z" changeset="172269123" uid="8857" user="philipcullen">
    <nd ref="11406390027"/>
    <nd ref="11406390024"/>
    <nd ref="11406390023"/>
    <nd ref="11406390026"/>
    <nd ref="11406390027"/>
    <tag k="addr:city" v="Worksop"/>
    <tag k="addr:housenumber" v="7"/>
    <tag k="addr:postcode" v="S81 9BS"/>
    <tag k="addr:street" v="Warwick Avenue"/>
    <tag k="building" v="house"/>
    <tag k="ref:GB:uprn" v="100031300057"/>
  </way>
  <way id="1230001672" version="4" timestamp="2025-09-21T23:28:17Z" changeset="172269123" uid="8857" user="philipcullen">
    <nd ref="11406390028"/>
    <nd ref="11406390027"/>
    <nd ref="11406390026"/>
    <nd ref="11406390025"/>
    <nd ref="11406390028"/>
    <tag k="addr:city" v="Worksop"/>
    <tag k="addr:housenumber" v="9"/>
    <tag k="addr:postcode" v="S81 9BS"/>
    <tag k="addr:street" v="Warwick Avenue"/>
    <tag k="building" v="house"/>
    <tag k="ref:GB:uprn" v="100031300059"/>
  </way>
  <way id="1230001673" version="4" timestamp="2025-09-21T23:28:17Z" changeset="172269123" uid="8857" user="philipcullen">
    <nd ref="11406390030"/>
    <nd ref="11406390033"/>
    <nd ref="11406390032"/>
    <nd ref="11406390029"/>
    <nd ref="11406390030"/>
    <tag k="addr:city" v="Worksop"/>
    <tag k="addr:housenumber" v="3"/>
    <tag k="addr:postcode" v="S81 9BS"/>
    <tag k="addr:street" v="Warwick Avenue"/>
    <tag k="building" v="house"/>
    <tag k="ref:GB:uprn" v="100031300054"/>
  </way>
  <way id="1230001674" version="4" timestamp="2025-09-21T23:28:17Z" changeset="172269123" uid="8857" user="philipcullen">
    <nd ref="11406390034"/>
    <nd ref="11406390030"/>
    <nd ref="11406390029"/>
    <nd ref="11406390031"/>
    <nd ref="11406390034"/>
    <tag k="addr:city" v="Worksop"/>
    <tag k="addr:housenumber" v="5"/>
    <tag k="addr:postcode" v="S81 9BS"/>
    <tag k="addr:street" v="Warwick Avenue"/>
    <tag k="building" v="house"/>
    <tag k="ref:GB:uprn" v="100031300056"/>
  </way>
  <way id="1230001675" version="4" timestamp="2025-09-21T23:28:17Z" changeset="172269123" uid="8857" user="philipcullen">
    <nd ref="11406390038"/>
    <nd ref="11406390035"/>
    <nd ref="11406390036"/>
    <nd ref="11406390037"/>
    <nd ref="11406390038"/>
    <tag k="addr:city" v="Worksop"/>
    <tag k="addr:housenumber" v="1"/>
    <tag k="addr:postcode" v="S81 9BS"/>
    <tag k="addr:street" v="Warwick Avenue"/>
    <tag k="building" v="house"/>
    <tag k="ref:GB:uprn" v="100031300052"/>
  </way>
  <way id="1230001676" version="4" timestamp="2025-09-21T23:28:17Z" changeset="172269123" uid="8857" user="philipcullen">
    <nd ref="11406390043"/>
    <nd ref="11406390042"/>
    <nd ref="11406390041"/>
    <nd ref="11406390040"/>
    <nd ref="11406390043"/>
    <tag k="addr:city" v="Worksop"/>
    <tag k="addr:housenumber" v="18"/>
    <tag k="addr:postcode" v="S81 9BP"/>
    <tag k="addr:street" v="Warwick Avenue"/>
    <tag k="building" v="house"/>
    <tag k="ref:GB:uprn" v="100031300068"/>
  </way>
  <way id="1230001677" version="4" timestamp="2025-09-21T23:28:17Z" changeset="172269123" uid="8857" user="philipcullen">
    <nd ref="11406390048"/>
    <nd ref="11406390055"/>
    <nd ref="11406390049"/>
    <nd ref="11406390047"/>
    <nd ref="11406390046"/>
    <nd ref="11406390045"/>
    <nd ref="11406390044"/>
    <nd ref="11406390048"/>
    <tag k="addr:city" v="Worksop"/>
    <tag k="addr:housenumber" v="24"/>
    <tag k="addr:postcode" v="S81 9BP"/>
    <tag k="addr:street" v="Warwick Avenue"/>
    <tag k="building" v="house"/>
    <tag k="ref:GB:uprn" v="100031300074"/>
  </way>
  <way id="1230001678" version="1" timestamp="2023-12-09T22:46:17Z" changeset="144950210" uid="12616743" user="BassetlawMapper">
    <nd ref="11406390055"/>
    <nd ref="11406390054"/>
    <nd ref="11406390053"/>
    <nd ref="11406390052"/>
    <nd ref="11406390051"/>
    <nd ref="11406390050"/>
    <nd ref="11406390049"/>
    <nd ref="11406390055"/>
    <tag k="addr:housenumber" v="26"/>
    <tag k="addr:street" v="Warwick Avenue"/>
    <tag k="building" v="house"/>
  </way>
  <way id="1230001679" version="4" timestamp="2025-09-21T23:28:17Z" changeset="172269123" uid="8857" user="philipcullen">
    <nd ref="11406390070"/>
    <nd ref="11406390067"/>
    <nd ref="11406390066"/>
    <nd ref="11406390062"/>
    <nd ref="11406390061"/>
    <nd ref="11406390060"/>
    <nd ref="11406390069"/>
    <nd ref="11406390070"/>
    <tag k="addr:city" v="Worksop"/>
    <tag k="addr:housenumber" v="20"/>
    <tag k="addr:postcode" v="S81 9BP"/>
    <tag k="addr:street" v="Warwick Avenue"/>
    <tag k="building" v="house"/>
    <tag k="ref:GB:uprn" v="100031300070"/>
  </way>
  <way id="1230001680" version="4" timestamp="2025-09-21T23:28:17Z" changeset="172269123" uid="8857" user="philipcullen">
    <nd ref="11406390067"/>
    <nd ref="11406390071"/>
    <nd ref="11406390068"/>
    <nd ref="11406390063"/>
    <nd ref="11406390064"/>
    <nd ref="11406390065"/>
    <nd ref="11406390066"/>
    <nd ref="11406390067"/>
    <tag k="addr:city" v="Worksop"/>
    <tag k="addr:housenumber" v="22"/>
    <tag k="addr:postcode" v="S81 9BP"/>
    <tag k="addr:street" v="Warwick Avenue"/>
    <tag k="building" v="house"/>
    <tag k="ref:GB:uprn" v="100031300072"/>
  </way>
  <way id="1230001681" version="4" timestamp="2025-09-21T23:28:17Z" changeset="172269123" uid="8857" user="philipcullen">
    <nd ref="11406390076"/>
    <nd ref="11406390073"/>
    <nd ref="11406390072"/>
    <nd ref="11406390075"/>
    <nd ref="11406390076"/>
    <tag k="addr:city" v="Worksop"/>
    <tag k="addr:housenumber" v="14"/>
    <tag k="addr:postcode" v="S81 9BP"/>
    <tag k="addr:street" v="Warwick Avenue"/>
    <tag k="building" v="house"/>
    <tag k="ref:GB:uprn" v="100031300064"/>
  </way>
  <way id="1230001682" version="4" timestamp="2025-09-21T23:28:17Z" changeset="172269123" uid="8857" user="philipcullen">
    <nd ref="11406390077"/>
    <nd ref="11406390076"/>
    <nd ref="11406390075"/>
    <nd ref="11406390074"/>
    <nd ref="11406390077"/>
    <tag k="addr:city" v="Worksop"/>
    <tag k="addr:housenumber" v="16"/>
    <tag k="addr:postcode" v="S81 9BP"/>
    <tag k="addr:street" v="Warwick Avenue"/>
    <tag k="building" v="house"/>
    <tag k="ref:GB:uprn" v="100031300066"/>
  </way>
  <way id="1230001683" version="4" timestamp="2025-09-21T23:28:17Z" changeset="172269123" uid="8857" user="philipcullen">
    <nd ref="11406390079"/>
    <nd ref="11406390083"/>
    <nd ref="11406390080"/>
    <nd ref="11406390078"/>
    <nd ref="11406390079"/>
    <tag k="addr:city" v="Worksop"/>
    <tag k="addr:housenumber" v="10"/>
    <tag k="addr:postcode" v="S81 9BP"/>
    <tag k="addr:street" v="Warwick Avenue"/>
    <tag k="building" v="house"/>
    <tag k="ref:GB:uprn" v="100031300060"/>
  </way>
  <way id="1230001684" version="4" timestamp="2025-09-21T23:28:17Z" changeset="172269123" uid="8857" user="philipcullen">
    <nd ref="11406390082"/>
    <nd ref="11406390079"/>
    <nd ref="11406390078"/>
    <nd ref="11406390081"/>
    <nd ref="11406390082"/>
    <tag k="addr:city" v="Worksop"/>
    <tag k="addr:housenumber" v="12"/>
    <tag k="addr:postcode" v="S81 9BP"/>
    <tag k="addr:street" v="Warwick Avenue"/>
    <tag k="building" v="house"/>
    <tag k="ref:GB:uprn" v="100031300062"/>
  </way>
  <way id="1230001685" version="4" timestamp="2025-09-21T23:28:17Z" changeset="172269123" uid="8857" user="philipcullen">
    <nd ref="11406390087"/>
    <nd ref="11406390086"/>
    <nd ref="11406390085"/>
    <nd ref="11406390084"/>
    <nd ref="11406390087"/>
    <tag k="addr:city" v="Worksop"/>
    <tag k="addr:housenumber" v="8"/>
    <tag k="addr:postcode" v="S81 9BP"/>
    <tag k="addr:street" v="Warwick Avenue"/>
    <tag k="building" v="house"/>
    <tag k="ref:GB:uprn" v="100031300058"/>
  </way>
  <way id="1230001686" version="4" timestamp="2025-09-21T23:28:17Z" changeset="172269123" uid="8857" user="philipcullen">
    <nd ref="11406390092"/>
    <nd ref="11406390088"/>
    <nd ref="11406390089"/>
    <nd ref="11406390093"/>
    <nd ref="11406390092"/>
    <tag k="addr:city" v="Worksop"/>
    <tag k="addr:housenumber" v="4"/>
    <tag k="addr:postcode" v="S81 9BP"/>
    <tag k="addr:street" v="Warwick Avenue"/>
    <tag k="building" v="house"/>
    <tag k="ref:GB:uprn" v="100031300055"/>
  </way>
  <way id="1230001687" version="4" timestamp="2025-09-21T23:28:17Z" changeset="172269123" uid="8857" user="philipcullen">
    <nd ref="11406390093"/>
    <nd ref="11406390090"/>
    <nd ref="11406390091"/>
    <nd ref="11406390092"/>
    <nd ref="11406390093"/>
    <tag k="addr:city" v="Worksop"/>
    <tag k="addr:housenumber" v="2"/>
    <tag k="addr:postcode" v="S81 9BP"/>
    <tag k="addr:street" v="Warwick Avenue"/>
    <tag k="building" v="house"/>
    <tag k="ref:GB:uprn" v="100031300053"/>
  </way>
  <way id="1230001688" version="4" timestamp="2025-09-21T23:28:17Z" changeset="172269123" uid="8857" user="philipcullen">
    <nd ref="11406390100"/>
    <nd ref="11406390099"/>
    <nd ref="11406390098"/>
    <nd ref="11406390097"/>
    <nd ref="11406390094"/>
    <nd ref="11406390095"/>
    <nd ref="11406390096"/>
    <nd ref="11406390100"/>
    <tag k="addr:city" v="Worksop"/>
    <tag k="addr:housenumber" v="28"/>
    <tag k="addr:postcode" v="S81 9BW"/>
    <tag k="addr:street" v="Windsor Road"/>
    <tag k="building" v="house"/>
    <tag k="ref:GB:uprn" v="100031301250"/>
  </way>
  <way id="1230001689" version="4" timestamp="2025-09-21T23:28:17Z" changeset="172269123" uid="8857" user="philipcullen">
    <nd ref="11406390105"/>
    <nd ref="11406390102"/>
    <nd ref="11406390101"/>
    <nd ref="11406390104"/>
    <nd ref="11406390105"/>
    <tag k="addr:city" v="Worksop"/>
    <tag k="addr:housenumber" v="26"/>
    <tag k="addr:postcode" v="S81 9BW"/>
    <tag k="addr:street" v="Windsor Road"/>
    <tag k="building" v="house"/>
    <tag k="ref:GB:uprn" v="100031301248"/>
  </way>
  <way id="1230001690" version="4" timestamp="2025-09-21T23:28:17Z" changeset="172269123" uid="8857" user="philipcullen">
    <nd ref="11406390106"/>
    <nd ref="11406390105"/>
    <nd ref="11406390104"/>
    <nd ref="11406390103"/>
    <nd ref="11406390106"/>
    <tag k="addr:city" v="Worksop"/>
    <tag k="addr:housenumber" v="24"/>
    <tag k="addr:postcode" v="S81 9BW"/>
    <tag k="addr:street" v="Windsor Road"/>
    <tag k="building" v="house"/>
    <tag k="ref:GB:uprn" v="100031301246"/>
  </way>
  <way id="1230001691" version="4" timestamp="2025-09-21T23:28:17Z" changeset="172269123" uid="8857" user="philipcullen">
    <nd ref="11406390108"/>
    <nd ref="11406390111"/>
    <nd ref="11406390110"/>
    <nd ref="11406390107"/>
    <nd ref="11406390108"/>
    <tag k="addr:city" v="Worksop"/>
    <tag k="addr:housenumber" v="22"/>
    <tag k="addr:postcode" v="S81 9BW"/>
    <tag k="addr:street" v="Windsor Road"/>
    <tag k="building" v="house"/>
    <tag k="ref:GB:uprn" v="100031301244"/>
  </way>
  <way id="1230001692" version="4" timestamp="2025-09-21T23:28:17Z" changeset="172269123" uid="8857" user="philipcullen">
    <nd ref="11406390112"/>
    <nd ref="11406390108"/>
    <nd ref="11406390107"/>
    <nd ref="11406390109"/>
    <nd ref="11406390112"/>
    <tag k="addr:city" v="Worksop"/>
    <tag k="addr:housenumber" v="20"/>
    <tag k="addr:postcode" v="S81 9BW"/>
    <tag k="addr:street" v="Windsor Road"/>
    <tag k="building" v="house"/>
    <tag k="ref:GB:uprn" v="100031301242"/>
  </way>
  <way id="1230001693" version="4" timestamp="2025-09-21T23:28:17Z" changeset="172269123" uid="8857" user="philipcullen">
    <nd ref="11406390116"/>
    <nd ref="11406390115"/>
    <nd ref="11406390114"/>
    <nd ref="11406390113"/>
    <nd ref="11406390116"/>
    <tag k="addr:city" v="Worksop"/>
    <tag k="addr:housenumber" v="18"/>
    <tag k="addr:postcode" v="S81 9BW"/>
    <tag k="addr:street" v="Windsor Road"/>
    <tag k="building" v="house"/>
    <tag k="ref:GB:uprn" v="100031301240"/>
  </way>
  <way id="1230001694" version="4" timestamp="2025-09-21T23:28:17Z" changeset="172269123" uid="8857" user="philipcullen">
    <nd ref="11406390120"/>
    <nd ref="11406390119"/>
    <nd ref="11406390118"/>
    <nd ref="11406390117"/>
    <nd ref="11406390120"/>
    <tag k="addr:city" v="Worksop"/>
    <tag k="addr:housenumber" v="16"/>
    <tag k="addr:postcode" v="S81 9BW"/>
    <tag k="addr:street" v="Windsor Road"/>
    <tag k="building" v="house"/>
    <tag k="ref:GB:uprn" v="100031301238"/>
  </way>
  <way id="1230001695" version="4" timestamp="2025-09-21T23:28:17Z" changeset="172269123" uid="8857" user="philipcullen">
    <nd ref="11406390128"/>
    <nd ref="11406390125"/>
    <nd ref="11406390123"/>
    <nd ref="11406390122"/>
    <nd ref="11406390121"/>
    <nd ref="11406390124"/>
    <nd ref="11406390127"/>
    <nd ref="11406390128"/>
    <tag k="addr:city" v="Worksop"/>
    <tag k="addr:housenumber" v="14"/>
    <tag k="addr:postcode" v="S81 9BW"/>
    <tag k="addr:street" v="Windsor Road"/>
    <tag k="building" v="house"/>
    <tag k="ref:GB:uprn" v="100031301236"/>
  </way>
  <way id="1230001696" version="4" timestamp="2025-09-21T23:28:17Z" changeset="172269123" uid="8857" user="philipcullen">
    <nd ref="11406390129"/>
    <nd ref="11406390128"/>
    <nd ref="11406390127"/>
    <nd ref="11406390126"/>
    <nd ref="11406390129"/>
    <tag k="addr:city" v="Worksop"/>
    <tag k="addr:housenumber" v="12"/>
    <tag k="addr:postcode" v="S81 9BW"/>
    <tag k="addr:street" v="Windsor Road"/>
    <tag k="building" v="house"/>
    <tag k="ref:GB:uprn" v="100031301234"/>
  </way>
  <way id="1230001697" version="4" timestamp="2025-09-21T23:28:17Z" changeset="172269123" uid="8857" user="philipcullen">
    <nd ref="11406390131"/>
    <nd ref="11406390134"/>
    <nd ref="11406390133"/>
    <nd ref="11406390130"/>
    <nd ref="11406390131"/>
    <tag k="addr:city" v="Worksop"/>
    <tag k="addr:housenumber" v="10"/>
    <tag k="addr:postcode" v="S81 9BW"/>
    <tag k="addr:street" v="Windsor Road"/>
    <tag k="building" v="house"/>
    <tag k="ref:GB:uprn" v="100031301232"/>
  </way>
  <way id="1230001698" version="4" timestamp="2025-09-21T23:28:17Z" changeset="172269123" uid="8857" user="philipcullen">
    <nd ref="11406390135"/>
    <nd ref="11406390131"/>
    <nd ref="11406390130"/>
    <nd ref="11406390132"/>
    <nd ref="11406390135"/>
    <tag k="addr:city" v="Worksop"/>
    <tag k="addr:housenumber" v="8"/>
    <tag k="addr:postcode" v="S81 9BW"/>
    <tag k="addr:street" v="Windsor Road"/>
    <tag k="building" v="house"/>
    <tag k="ref:GB:uprn" v="100031301230"/>
  </way>
  <way id="1230001699" version="4" timestamp="2025-09-21T23:28:17Z" changeset="172269123" uid="8857" user="philipcullen">
    <nd ref="11406390148"/>
    <nd ref="11406390147"/>
    <nd ref="11406390146"/>
    <nd ref="11406390144"/>
    <nd ref="11406390143"/>
    <nd ref="11406390142"/>
    <nd ref="11406390145"/>
    <nd ref="11406390148"/>
    <tag k="addr:city" v="Worksop"/>
    <tag k="addr:housenumber" v="2"/>
    <tag k="addr:postcode" v="S81 9BW"/>
    <tag k="addr:street" v="Windsor Road"/>
    <tag k="building" v="house"/>
    <tag k="ref:GB:uprn" v="100031301224"/>
  </way>
  <way id="1230001700" version="4" timestamp="2025-09-21T23:28:17Z" changeset="172269123" uid="8857" user="philipcullen">
    <nd ref="11406390137"/>
    <nd ref="11406390140"/>
    <nd ref="11406390139"/>
    <nd ref="11406390136"/>
    <nd ref="11406390137"/>
    <tag k="addr:city" v="Worksop"/>
    <tag k="addr:housenumber" v="6"/>
    <tag k="addr:postcode" v="S81 9BW"/>
    <tag k="addr:street" v="Windsor Road"/>
    <tag k="building" v="house"/>
    <tag k="ref:GB:uprn" v="100031301228"/>
  </way>
  <way id="1230001701" version="4" timestamp="2025-09-21T23:28:17Z" changeset="172269123" uid="8857" user="philipcullen">
    <nd ref="11406390141"/>
    <nd ref="11406390137"/>
    <nd ref="11406390136"/>
    <nd ref="11406390138"/>
    <nd ref="11406390141"/>
    <tag k="addr:city" v="Worksop"/>
    <tag k="addr:housenumber" v="4"/>
    <tag k="addr:postcode" v="S81 9BW"/>
    <tag k="addr:street" v="Windsor Road"/>
    <tag k="building" v="house"/>
    <tag k="ref:GB:uprn" v="100031301226"/>
  </way>
  <way id="1230001702" version="4" timestamp="2025-09-21T23:28:17Z" changeset="172269123" uid="8857" user="philipcullen">
    <nd ref="11406390155"/>
    <nd ref="11406390152"/>
    <nd ref="11406390150"/>
    <nd ref="11406390149"/>
    <nd ref="11406390151"/>
    <nd ref="11406390153"/>
    <nd ref="11406390154"/>
    <nd ref="11406390155"/>
    <tag k="addr:city" v="Worksop"/>
    <tag k="addr:housenumber" v="1A"/>
    <tag k="addr:postcode" v="S81 9BN"/>
    <tag k="addr:street" v="Windsor Road"/>
    <tag k="building" v="house"/>
    <tag k="ref:GB:uprn" v="10023269280"/>
  </way>
  <way id="1230001703" version="4" timestamp="2025-09-21T23:28:17Z" changeset="172269123" uid="8857" user="philipcullen">
    <nd ref="11406390160"/>
    <nd ref="11406390156"/>
    <nd ref="11406390157"/>
    <nd ref="11406390158"/>
    <nd ref="11406390161"/>
    <nd ref="11406390162"/>
    <nd ref="11406390159"/>
    <nd ref="11406390160"/>
    <tag k="addr:city" v="Worksop"/>
    <tag k="addr:housenumber" v="1"/>
    <tag k="addr:postcode" v="S81 9BN"/>
    <tag k="addr:street" v="Windsor Road"/>
    <tag k="building" v="house"/>
    <tag k="ref:GB:uprn" v="100031301223"/>
  </way>
  <way id="1230001704" version="4" timestamp="2025-09-21T23:28:17Z" changeset="172269123" uid="8857" user="philipcullen">
    <nd ref="11406390171"/>
    <nd ref="11406390170"/>
    <nd ref="11406390164"/>
    <nd ref="11406390163"/>
    <nd ref="11406390169"/>
    <nd ref="11406390168"/>
    <nd ref="11406390167"/>
    <nd ref="11406390171"/>
    <tag k="addr:city" v="Worksop"/>
    <tag k="addr:housenumber" v="3"/>
    <tag k="addr:postcode" v="S81 9BN"/>
    <tag k="addr:street" v="Windsor Road"/>
    <tag k="building" v="house"/>
    <tag k="ref:GB:uprn" v="100031301225"/>
  </way>
  <way id="1230001705" version="4" timestamp="2025-09-21T23:28:17Z" changeset="172269123" uid="8857" user="philipcullen">
    <nd ref="11406390169"/>
    <nd ref="11406390166"/>
    <nd ref="11406390165"/>
    <nd ref="11406390168"/>
    <nd ref="11406390169"/>
    <tag k="addr:city" v="Worksop"/>
    <tag k="addr:housenumber" v="5"/>
    <tag k="addr:postcode" v="S81 9BN"/>
    <tag k="addr:street" v="Windsor Road"/>
    <tag k="building" v="house"/>
    <tag k="ref:GB:uprn" v="100031301227"/>
  </way>
  <way id="1230001706" version="4" timestamp="2025-09-21T23:28:17Z" changeset="172269123" uid="8857" user="philipcullen">
    <nd ref="11406390176"/>
    <nd ref="11406390179"/>
    <nd ref="11406390178"/>
    <nd ref="11406390175"/>
    <nd ref="11406390176"/>
    <tag k="addr:city" v="Worksop"/>
    <tag k="addr:housenumber" v="9"/>
    <tag k="addr:postcode" v="S81 9BN"/>
    <tag k="addr:street" v="Windsor Road"/>
    <tag k="building" v="house"/>
    <tag k="ref:GB:uprn" v="100031301231"/>
  </way>
  <way id="1230001707" version="4" timestamp="2025-09-21T23:28:17Z" changeset="172269123" uid="8857" user="philipcullen">
    <nd ref="11406390174"/>
    <nd ref="11406390173"/>
    <nd ref="11406390172"/>
    <nd ref="11406390176"/>
    <nd ref="11406390175"/>
    <nd ref="11406390177"/>
    <nd ref="11406390180"/>
    <nd ref="11406390174"/>
    <tag k="addr:city" v="Worksop"/>
    <tag k="addr:housenumber" v="7"/>
    <tag k="addr:postcode" v="S81 9BN"/>
    <tag k="addr:street" v="Windsor Road"/>
    <tag k="building" v="house"/>
    <tag k="ref:GB:uprn" v="100031301229"/>
  </way>
  <way id="1230001708" version="4" timestamp="2025-09-21T23:28:17Z" changeset="172269123" uid="8857" user="philipcullen">
    <nd ref="11406390184"/>
    <nd ref="11406390183"/>
    <nd ref="11406390182"/>
    <nd ref="11406390181"/>
    <nd ref="11406390184"/>
    <tag k="addr:city" v="Worksop"/>
    <tag k="addr:housenumber" v="11"/>
    <tag k="addr:postcode" v="S81 9BN"/>
    <tag k="addr:street" v="Windsor Road"/>
    <tag k="building" v="house"/>
    <tag k="ref:GB:uprn" v="100031301233"/>
  </way>
  <way id="1230001709" version="4" timestamp="2025-09-21T23:28:17Z" changeset="172269123" uid="8857" user="philipcullen">
    <nd ref="11406390195"/>
    <nd ref="11406390194"/>
    <nd ref="11406390190"/>
    <nd ref="11406390189"/>
    <nd ref="11406390188"/>
    <nd ref="11406390193"/>
    <nd ref="11406390196"/>
    <nd ref="11406390187"/>
    <nd ref="11406390186"/>
    <nd ref="11406390185"/>
    <nd ref="11406390195"/>
    <tag k="addr:city" v="Worksop"/>
    <tag k="addr:housenumber" v="13"/>
    <tag k="addr:postcode" v="S81 9BN"/>
    <tag k="addr:street" v="Windsor Road"/>
    <tag k="building" v="house"/>
    <tag k="ref:GB:uprn" v="100031301235"/>
  </way>
  <way id="1230001710" version="4" timestamp="2025-09-21T23:28:17Z" changeset="172269123" uid="8857" user="philipcullen">
    <nd ref="11406390195"/>
    <nd ref="11406390192"/>
    <nd ref="11406390191"/>
    <nd ref="11406390194"/>
    <nd ref="11406390195"/>
    <tag k="addr:city" v="Worksop"/>
    <tag k="addr:housenumber" v="15"/>
    <tag k="addr:postcode" v="S81 9BN"/>
    <tag k="addr:street" v="Windsor Road"/>
    <tag k="building" v="house"/>
    <tag k="ref:GB:uprn" v="100031301237"/>
  </way>
  <way id="1230001711" version="4" timestamp="2025-09-21T23:28:17Z" changeset="172269123" uid="8857" user="philipcullen">
    <nd ref="11406390198"/>
    <nd ref="11406390201"/>
    <nd ref="11406390200"/>
    <nd ref="11406390197"/>
    <nd ref="11406390198"/>
    <tag k="addr:city" v="Worksop"/>
    <tag k="addr:housenumber" v="19"/>
    <tag k="addr:postcode" v="S81 9BN"/>
    <tag k="addr:street" v="Windsor Road"/>
    <tag k="building" v="house"/>
    <tag k="ref:GB:uprn" v="100031301241"/>
  </way>
  <way id="1230001712" version="4" timestamp="2025-09-21T23:28:17Z" changeset="172269123" uid="8857" user="philipcullen">
    <nd ref="11406390202"/>
    <nd ref="11406390198"/>
    <nd ref="11406390197"/>
    <nd ref="11406390199"/>
    <nd ref="11406390202"/>
    <tag k="addr:city" v="Worksop"/>
    <tag k="addr:housenumber" v="17"/>
    <tag k="addr:postcode" v="S81 9BN"/>
    <tag k="addr:street" v="Windsor Road"/>
    <tag k="building" v="house"/>
    <tag k="ref:GB:uprn" v="100031301239"/>
  </way>
  <way id="1230001713" version="4" timestamp="2025-09-21T23:28:17Z" changeset="172269123" uid="8857" user="philipcullen">
    <nd ref="11406390207"/>
    <nd ref="11406390204"/>
    <nd ref="11406390203"/>
    <nd ref="11406390206"/>
    <nd ref="11406390207"/>
    <tag k="addr:city" v="Worksop"/>
    <tag k="addr:housenumber" v="23"/>
    <tag k="addr:postcode" v="S81 9BN"/>
    <tag k="addr:street" v="Windsor Road"/>
    <tag k="building" v="house"/>
    <tag k="ref:GB:uprn" v="100031301245"/>
  </way>
  <way id="1230001714" version="4" timestamp="2025-09-21T23:28:17Z" changeset="172269123" uid="8857" user="philipcullen">
    <nd ref="11406390208"/>
    <nd ref="11406390207"/>
    <nd ref="11406390206"/>
    <nd ref="11406390205"/>
    <nd ref="11406390208"/>
    <tag k="addr:city" v="Worksop"/>
    <tag k="addr:housenumber" v="21"/>
    <tag k="addr:postcode" v="S81 9BN"/>
    <tag k="addr:street" v="Windsor Road"/>
    <tag k="building" v="house"/>
    <tag k="ref:GB:uprn" v="100031301243"/>
  </way>
  <way id="1230001715" version="4" timestamp="2025-09-21T23:28:17Z" changeset="172269123" uid="8857" user="philipcullen">
    <nd ref="11406390213"/>
    <nd ref="11406390210"/>
    <nd ref="11406390209"/>
    <nd ref="11406390212"/>
    <nd ref="11406390213"/>
    <tag k="addr:city" v="Worksop"/>
    <tag k="addr:housenumber" v="27"/>
    <tag k="addr:postcode" v="S81 9BN"/>
    <tag k="addr:street" v="Windsor Road"/>
    <tag k="building" v="house"/>
    <tag k="ref:GB:uprn" v="100031301249"/>
  </way>
  <way id="1230001716" version="4" timestamp="2025-09-21T23:28:17Z" changeset="172269123" uid="8857" user="philipcullen">
    <nd ref="11406390214"/>
    <nd ref="11406390213"/>
    <nd ref="11406390212"/>
    <nd ref="11406390211"/>
    <nd ref="11406390214"/>
    <tag k="addr:city" v="Worksop"/>
    <tag k="addr:housenumber" v="25"/>
    <tag k="addr:postcode" v="S81 9BN"/>
    <tag k="addr:street" v="Windsor Road"/>
    <tag k="building" v="house"/>
    <tag k="ref:GB:uprn" v="100031301247"/>
  </way>
  <way id="1230001717" version="4" timestamp="2025-09-21T23:28:17Z" changeset="172269123" uid="8857" user="philipcullen">
    <nd ref="11406390216"/>
    <nd ref="11406390219"/>
    <nd ref="11406390218"/>
    <nd ref="11406390215"/>
    <nd ref="11406390216"/>
    <tag k="addr:city" v="Worksop"/>
    <tag k="addr:housenumber" v="31"/>
    <tag k="addr:postcode" v="S81 9BN"/>
    <tag k="addr:street" v="Windsor Road"/>
    <tag k="building" v="house"/>
    <tag k="ref:GB:uprn" v="100031301253"/>
  </way>
  <way id="1230001718" version="4" timestamp="2025-09-21T23:28:17Z" changeset="172269123" uid="8857" user="philipcullen">
    <nd ref="11406390220"/>
    <nd ref="11406390216"/>
    <nd ref="11406390215"/>
    <nd ref="11406390217"/>
    <nd ref="11406390220"/>
    <tag k="addr:city" v="Worksop"/>
    <tag k="addr:housenumber" v="29"/>
    <tag k="addr:postcode" v="S81 9BN"/>
    <tag k="addr:street" v="Windsor Road"/>
    <tag k="building" v="house"/>
    <tag k="ref:GB:uprn" v="100031301251"/>
  </way>
  <way id="1230001719" version="4" timestamp="2025-09-21T23:28:17Z" changeset="172269123" uid="8857" user="philipcullen">
    <nd ref="11406390229"/>
    <nd ref="11406390223"/>
    <nd ref="11406390222"/>
    <nd ref="11406390221"/>
    <nd ref="11406390225"/>
    <nd ref="11406390224"/>
    <nd ref="11406390226"/>
    <nd ref="11406390229"/>
    <tag k="addr:city" v="Worksop"/>
    <tag k="addr:housenumber" v="33"/>
    <tag k="addr:postcode" v="S81 9BN"/>
    <tag k="addr:street" v="Windsor Road"/>
    <tag k="building" v="house"/>
    <tag k="ref:GB:uprn" v="100031301255"/>
  </way>
  <way id="1230001720" version="1" timestamp="2023-12-09T22:46:17Z" changeset="144950210" uid="12616743" user="BassetlawMapper">
    <nd ref="11406390225"/>
    <nd ref="11406390228"/>
    <nd ref="11406390227"/>
    <nd ref="11406390224"/>
    <nd ref="11406390225"/>
    <tag k="addr:housenumber" v="35"/>
    <tag k="addr:street" v="Windsor Road"/>
    <tag k="building" v="house"/>
  </way>
  <way id="1230001721" version="4" timestamp="2025-09-21T23:28:17Z" changeset="172269123" uid="8857" user="philipcullen">
    <nd ref="11406390239"/>
    <nd ref="11406390243"/>
    <nd ref="11406390240"/>
    <nd ref="11406390233"/>
    <nd ref="11406390231"/>
    <nd ref="11406390232"/>
    <nd ref="11406390238"/>
    <nd ref="11406390239"/>
    <tag k="addr:city" v="Worksop"/>
    <tag k="addr:housenumber" v="37"/>
    <tag k="addr:postcode" v="S81 9BN"/>
    <tag k="addr:street" v="Windsor Road"/>
    <tag k="building" v="house"/>
    <tag k="ref:GB:uprn" v="100031301260"/>
  </way>
  <way id="1230001722" version="4" timestamp="2025-09-21T23:28:17Z" changeset="172269123" uid="8857" user="philipcullen">
    <nd ref="11406390237"/>
    <nd ref="11406390236"/>
    <nd ref="11406390235"/>
    <nd ref="11406390234"/>
    <nd ref="11406390237"/>
    <tag k="addr:city" v="Worksop"/>
    <tag k="addr:housenumber" v="35A"/>
    <tag k="addr:postcode" v="S81 9BN"/>
    <tag k="addr:street" v="Windsor Road"/>
    <tag k="building" v="house"/>
    <tag k="ref:GB:uprn" v="100031301257"/>
  </way>
  <way id="1230001723" version="4" timestamp="2025-09-21T23:28:17Z" changeset="172269123" uid="8857" user="philipcullen">
    <nd ref="11406390238"/>
    <nd ref="11406390232"/>
    <nd ref="11406390230"/>
    <nd ref="11406390241"/>
    <nd ref="11406390242"/>
    <nd ref="11406390239"/>
    <nd ref="11406390238"/>
    <tag k="addr:city" v="Worksop"/>
    <tag k="addr:housenumber" v="1"/>
    <tag k="addr:postcode" v="S81 9DL"/>
    <tag k="addr:street" v="Arundel Drive"/>
    <tag k="building" v="house"/>
    <tag k="ref:GB:uprn" v="100031281406"/>
  </way>
  <way id="1230001724" version="4" timestamp="2025-09-21T23:28:17Z" changeset="172269123" uid="8857" user="philipcullen">
    <nd ref="11406390287"/>
    <nd ref="11406390265"/>
    <nd ref="11406390264"/>
    <nd ref="11406390263"/>
    <nd ref="11406390284"/>
    <nd ref="11406390283"/>
    <nd ref="11406390286"/>
    <nd ref="11406390287"/>
    <tag k="addr:city" v="Worksop"/>
    <tag k="addr:housenumber" v="44"/>
    <tag k="addr:postcode" v="S81 9DJ"/>
    <tag k="addr:street" v="Arundel Drive"/>
    <tag k="building" v="house"/>
    <tag k="ref:GB:uprn" v="100031281449"/>
  </way>
  <way id="1230001725" version="4" timestamp="2025-09-21T23:28:17Z" changeset="172269123" uid="8857" user="philipcullen">
    <nd ref="11406390305"/>
    <nd ref="11406390259"/>
    <nd ref="11406390258"/>
    <nd ref="11406390257"/>
    <nd ref="11406390302"/>
    <nd ref="11406390301"/>
    <nd ref="11406390304"/>
    <nd ref="11406390305"/>
    <tag k="addr:city" v="Worksop"/>
    <tag k="addr:housenumber" v="32"/>
    <tag k="addr:postcode" v="S81 9DJ"/>
    <tag k="addr:street" v="Arundel Drive"/>
    <tag k="building" v="house"/>
    <tag k="ref:GB:uprn" v="100031281437"/>
  </way>
  <way id="1230001726" version="4" timestamp="2025-09-21T23:28:17Z" changeset="172269123" uid="8857" user="philipcullen">
    <nd ref="11406390318"/>
    <nd ref="11406390256"/>
    <nd ref="11406390255"/>
    <nd ref="11406390254"/>
    <nd ref="11406390317"/>
    <nd ref="11406390316"/>
    <nd ref="11406390315"/>
    <nd ref="11406390318"/>
    <tag k="addr:city" v="Worksop"/>
    <tag k="addr:housenumber" v="26"/>
    <tag k="addr:postcode" v="S81 9DJ"/>
    <tag k="addr:street" v="Arundel Drive"/>
    <tag k="building" v="house"/>
    <tag k="ref:GB:uprn" v="100031281431"/>
  </way>
  <way id="1230001727" version="4" timestamp="2025-09-21T23:28:17Z" changeset="172269123" uid="8857" user="philipcullen">
    <nd ref="11406390324"/>
    <nd ref="11406390251"/>
    <nd ref="11406390250"/>
    <nd ref="11406390249"/>
    <nd ref="11406390323"/>
    <nd ref="11406390322"/>
    <nd ref="11406390321"/>
    <nd ref="11406390324"/>
    <tag k="addr:city" v="Worksop"/>
    <tag k="addr:housenumber" v="22"/>
    <tag k="addr:postcode" v="S81 9DJ"/>
    <tag k="addr:street" v="Arundel Drive"/>
    <tag k="building" v="house"/>
    <tag k="ref:GB:uprn" v="100031281427"/>
  </way>
  <way id="1230001728" version="4" timestamp="2025-09-21T23:28:17Z" changeset="172269123" uid="8857" user="philipcullen">
    <nd ref="11406390342"/>
    <nd ref="11406390246"/>
    <nd ref="11406390245"/>
    <nd ref="11406390244"/>
    <nd ref="11406390338"/>
    <nd ref="11406390337"/>
    <nd ref="11406390339"/>
    <nd ref="11406390342"/>
    <tag k="addr:city" v="Worksop"/>
    <tag k="addr:housenumber" v="10"/>
    <tag k="addr:postcode" v="S81 9DJ"/>
    <tag k="addr:street" v="Arundel Drive"/>
    <tag k="building" v="house"/>
    <tag k="ref:GB:uprn" v="100031281415"/>
  </way>
  <way id="1230001729" version="4" timestamp="2025-09-21T23:28:17Z" changeset="172269123" uid="8857" user="philipcullen">
    <nd ref="11406390248"/>
    <nd ref="11406390320"/>
    <nd ref="11406390319"/>
    <nd ref="11406390322"/>
    <nd ref="11406390323"/>
    <nd ref="11406390249"/>
    <nd ref="11406390247"/>
    <nd ref="11406390248"/>
    <tag k="addr:city" v="Worksop"/>
    <tag k="addr:housenumber" v="20"/>
    <tag k="addr:postcode" v="S81 9DJ"/>
    <tag k="addr:street" v="Arundel Drive"/>
    <tag k="building" v="house"/>
    <tag k="ref:GB:uprn" v="100031281425"/>
  </way>
  <way id="1230001730" version="4" timestamp="2025-09-21T23:28:17Z" changeset="172269123" uid="8857" user="philipcullen">
    <nd ref="11406390253"/>
    <nd ref="11406390314"/>
    <nd ref="11406390313"/>
    <nd ref="11406390316"/>
    <nd ref="11406390317"/>
    <nd ref="11406390254"/>
    <nd ref="11406390252"/>
    <nd ref="11406390253"/>
    <tag k="addr:city" v="Worksop"/>
    <tag k="addr:housenumber" v="24"/>
    <tag k="addr:postcode" v="S81 9DJ"/>
    <tag k="addr:street" v="Arundel Drive"/>
    <tag k="building" v="house"/>
    <tag k="ref:GB:uprn" v="100031281429"/>
  </way>
  <way id="1230001731" version="4" timestamp="2025-09-21T23:28:17Z" changeset="172269123" uid="8857" user="philipcullen">
    <nd ref="11406390296"/>
    <nd ref="11406390295"/>
    <nd ref="11406390298"/>
    <nd ref="11406390299"/>
    <nd ref="11406390262"/>
    <nd ref="11406390260"/>
    <nd ref="11406390296"/>
    <tag k="addr:city" v="Worksop"/>
    <tag k="addr:housenumber" v="36"/>
    <tag k="addr:postcode" v="S81 9DJ"/>
    <tag k="addr:street" v="Arundel Drive"/>
    <tag k="building" v="house"/>
    <tag k="ref:GB:uprn" v="100031281441"/>
  </way>
  <way id="1230001732" version="4" timestamp="2025-09-21T23:28:17Z" changeset="172269123" uid="8857" user="philipcullen">
    <nd ref="11406390299"/>
    <nd ref="11406390298"/>
    <nd ref="11406390297"/>
    <nd ref="11406390300"/>
    <nd ref="11406390261"/>
    <nd ref="11406390262"/>
    <nd ref="11406390299"/>
    <tag k="addr:city" v="Worksop"/>
    <tag k="addr:housenumber" v="38"/>
    <tag k="addr:postcode" v="S81 9DJ"/>
    <tag k="addr:street" v="Arundel Drive"/>
    <tag k="building" v="house"/>
    <tag k="ref:GB:uprn" v="100031281443"/>
  </way>
  <way id="1230001733" version="4" timestamp="2025-09-21T23:28:17Z" changeset="172269123" uid="8857" user="philipcullen">
    <nd ref="11406390287"/>
    <nd ref="11406390286"/>
    <nd ref="11406390285"/>
    <nd ref="11406390288"/>
    <nd ref="11406390266"/>
    <nd ref="11406390267"/>
    <nd ref="11406390287"/>
    <tag k="addr:city" v="Worksop"/>
    <tag k="addr:housenumber" v="46"/>
    <tag k="addr:postcode" v="S81 9DJ"/>
    <tag k="addr:street" v="Arundel Drive"/>
    <tag k="building" v="house"/>
    <tag k="ref:GB:uprn" v="100031281451"/>
  </way>
  <way id="1230001734" version="4" timestamp="2025-09-21T23:28:17Z" changeset="172269123" uid="8857" user="philipcullen">
    <nd ref="11406390277"/>
    <nd ref="11406390280"/>
    <nd ref="11406390281"/>
    <nd ref="11406390270"/>
    <nd ref="11406390271"/>
    <nd ref="11406390272"/>
    <nd ref="11406390278"/>
    <nd ref="11406390268"/>
    <nd ref="11406390269"/>
    <nd ref="11406390277"/>
    <tag k="addr:city" v="Worksop"/>
    <tag k="addr:housenumber" v="48"/>
    <tag k="addr:postcode" v="S81 9DJ"/>
    <tag k="addr:street" v="Arundel Drive"/>
    <tag k="building" v="house"/>
    <tag k="ref:GB:uprn" v="100031281453"/>
  </way>
  <way id="1230001735" version="4" timestamp="2025-09-21T23:28:17Z" changeset="172269123" uid="8857" user="philipcullen">
    <nd ref="11406390276"/>
    <nd ref="11406390275"/>
    <nd ref="11406390274"/>
    <nd ref="11406390273"/>
    <nd ref="11406390276"/>
    <tag k="addr:city" v="Worksop"/>
    <tag k="addr:housenumber" v="52"/>
    <tag k="addr:postcode" v="S81 9DJ"/>
    <tag k="addr:street" v="Arundel Drive"/>
    <tag k="building" v="house"/>
    <tag k="ref:GB:uprn" v="100031281457"/>
  </way>
  <way id="1230001736" version="4" timestamp="2025-09-21T23:28:17Z" changeset="172269123" uid="8857" user="philipcullen">
    <nd ref="11406390282"/>
    <nd ref="11406390281"/>
    <nd ref="11406390280"/>
    <nd ref="11406390279"/>
    <nd ref="11406390282"/>
    <tag k="addr:city" v="Worksop"/>
    <tag k="addr:housenumber" v="50"/>
    <tag k="addr:postcode" v="S81 9DJ"/>
    <tag k="addr:street" v="Arundel Drive"/>
    <tag k="building" v="house"/>
    <tag k="ref:GB:uprn" v="100031281455"/>
  </way>
  <way id="1230001737" version="4" timestamp="2025-09-21T23:28:17Z" changeset="172269123" uid="8857" user="philipcullen">
    <nd ref="11406390293"/>
    <nd ref="11406390290"/>
    <nd ref="11406390289"/>
    <nd ref="11406390292"/>
    <nd ref="11406390293"/>
    <tag k="addr:city" v="Worksop"/>
    <tag k="addr:housenumber" v="40"/>
    <tag k="addr:postcode" v="S81 9DJ"/>
    <tag k="addr:street" v="Arundel Drive"/>
    <tag k="building" v="house"/>
    <tag k="ref:GB:uprn" v="100031281445"/>
  </way>
  <way id="1230001738" version="4" timestamp="2025-09-21T23:28:17Z" changeset="172269123" uid="8857" user="philipcullen">
    <nd ref="11406390294"/>
    <nd ref="11406390293"/>
    <nd ref="11406390292"/>
    <nd ref="11406390291"/>
    <nd ref="11406390294"/>
    <tag k="addr:city" v="Worksop"/>
    <tag k="addr:housenumber" v="42"/>
    <tag k="addr:postcode" v="S81 9DJ"/>
    <tag k="addr:street" v="Arundel Drive"/>
    <tag k="building" v="house"/>
    <tag k="ref:GB:uprn" v="100031281447"/>
  </way>
  <way id="1230001739" version="4" timestamp="2025-09-21T23:28:17Z" changeset="172269123" uid="8857" user="philipcullen">
    <nd ref="11406390306"/>
    <nd ref="11406390305"/>
    <nd ref="11406390304"/>
    <nd ref="11406390303"/>
    <nd ref="11406390306"/>
    <tag k="addr:city" v="Worksop"/>
    <tag k="addr:housenumber" v="34"/>
    <tag k="addr:postcode" v="S81 9DJ"/>
    <tag k="addr:street" v="Arundel Drive"/>
    <tag k="building" v="house"/>
    <tag k="ref:GB:uprn" v="100031281439"/>
  </way>
  <way id="1230001740" version="4" timestamp="2025-09-21T23:28:17Z" changeset="172269123" uid="8857" user="philipcullen">
    <nd ref="11406390311"/>
    <nd ref="11406390308"/>
    <nd ref="11406390307"/>
    <nd ref="11406390310"/>
    <nd ref="11406390311"/>
    <tag k="addr:city" v="Worksop"/>
    <tag k="addr:housenumber" v="28"/>
    <tag k="addr:postcode" v="S81 9DJ"/>
    <tag k="addr:street" v="Arundel Drive"/>
    <tag k="building" v="house"/>
    <tag k="ref:GB:uprn" v="100031281433"/>
  </way>
  <way id="1230001741" version="4" timestamp="2025-09-21T23:28:17Z" changeset="172269123" uid="8857" user="philipcullen">
    <nd ref="11406390312"/>
    <nd ref="11406390311"/>
    <nd ref="11406390310"/>
    <nd ref="11406390309"/>
    <nd ref="11406390312"/>
    <tag k="addr:city" v="Worksop"/>
    <tag k="addr:housenumber" v="30"/>
    <tag k="addr:postcode" v="S81 9DJ"/>
    <tag k="addr:street" v="Arundel Drive"/>
    <tag k="building" v="house"/>
    <tag k="ref:GB:uprn" v="100031281435"/>
  </way>
  <way id="1230001742" version="4" timestamp="2025-09-21T23:28:17Z" changeset="172269123" uid="8857" user="philipcullen">
    <nd ref="11406390329"/>
    <nd ref="11406390326"/>
    <nd ref="11406390325"/>
    <nd ref="11406390328"/>
    <nd ref="11406390329"/>
    <tag k="addr:city" v="Worksop"/>
    <tag k="addr:housenumber" v="16"/>
    <tag k="addr:postcode" v="S81 9DJ"/>
    <tag k="addr:street" v="Arundel Drive"/>
    <tag k="building" v="house"/>
    <tag k="ref:GB:uprn" v="100031281421"/>
  </way>
  <way id="1230001743" version="4" timestamp="2025-09-21T23:28:17Z" changeset="172269123" uid="8857" user="philipcullen">
    <nd ref="11406390330"/>
    <nd ref="11406390329"/>
    <nd ref="11406390328"/>
    <nd ref="11406390327"/>
    <nd ref="11406390330"/>
    <tag k="addr:city" v="Worksop"/>
    <tag k="addr:housenumber" v="18"/>
    <tag k="addr:postcode" v="S81 9DJ"/>
    <tag k="addr:street" v="Arundel Drive"/>
    <tag k="building" v="house"/>
    <tag k="ref:GB:uprn" v="100031281423"/>
  </way>
  <way id="1230001744" version="4" timestamp="2025-09-21T23:28:17Z" changeset="172269123" uid="8857" user="philipcullen">
    <nd ref="11406390332"/>
    <nd ref="11406390335"/>
    <nd ref="11406390334"/>
    <nd ref="11406390331"/>
    <nd ref="11406390332"/>
    <tag k="addr:city" v="Worksop"/>
    <tag k="addr:housenumber" v="12"/>
    <tag k="addr:postcode" v="S81 9DJ"/>
    <tag k="addr:street" v="Arundel Drive"/>
    <tag k="building" v="house"/>
    <tag k="ref:GB:uprn" v="100031281417"/>
  </way>
  <way id="1230001745" version="4" timestamp="2025-09-21T23:28:17Z" changeset="172269123" uid="8857" user="philipcullen">
    <nd ref="11406390336"/>
    <nd ref="11406390332"/>
    <nd ref="11406390331"/>
    <nd ref="11406390333"/>
    <nd ref="11406390336"/>
    <tag k="addr:city" v="Worksop"/>
    <tag k="addr:housenumber" v="14"/>
    <tag k="addr:postcode" v="S81 9DJ"/>
    <tag k="addr:street" v="Arundel Drive"/>
    <tag k="building" v="house"/>
    <tag k="ref:GB:uprn" v="100031281419"/>
  </way>
  <way id="1230001746" version="4" timestamp="2025-09-21T23:28:17Z" changeset="172269123" uid="8857" user="philipcullen">
    <nd ref="11406390338"/>
    <nd ref="11406390341"/>
    <nd ref="11406390340"/>
    <nd ref="11406390337"/>
    <nd ref="11406390338"/>
    <tag k="addr:city" v="Worksop"/>
    <tag k="addr:housenumber" v="8"/>
    <tag k="addr:postcode" v="S81 9DJ"/>
    <tag k="addr:street" v="Arundel Drive"/>
    <tag k="building" v="house"/>
    <tag k="ref:GB:uprn" v="100031281413"/>
  </way>
  <way id="1230001747" version="4" timestamp="2025-09-21T23:28:17Z" changeset="172269123" uid="8857" user="philipcullen">
    <nd ref="11406390351"/>
    <nd ref="11406390346"/>
    <nd ref="11406390345"/>
    <nd ref="11406390343"/>
    <nd ref="11406390344"/>
    <nd ref="11406390350"/>
    <nd ref="11406390347"/>
    <nd ref="11406390348"/>
    <nd ref="11406390351"/>
    <tag k="addr:city" v="Worksop"/>
    <tag k="addr:housenumber" v="4"/>
    <tag k="addr:postcode" v="S81 9DJ"/>
    <tag k="addr:street" v="Arundel Drive"/>
    <tag k="building" v="house"/>
    <tag k="ref:GB:uprn" v="100031281409"/>
  </way>
  <way id="1230001748" version="4" timestamp="2025-09-21T23:28:17Z" changeset="172269123" uid="8857" user="philipcullen">
    <nd ref="11406390352"/>
    <nd ref="11406390348"/>
    <nd ref="11406390347"/>
    <nd ref="11406390349"/>
    <nd ref="11406390352"/>
    <tag k="addr:city" v="Worksop"/>
    <tag k="addr:housenumber" v="2"/>
    <tag k="addr:postcode" v="S81 9DJ"/>
    <tag k="addr:street" v="Arundel Drive"/>
    <tag k="building" v="house"/>
    <tag k="ref:GB:uprn" v="100031281407"/>
  </way>
  <way id="1230001749" version="4" timestamp="2025-09-21T23:28:17Z" changeset="172269123" uid="8857" user="philipcullen">
    <nd ref="11406390356"/>
    <nd ref="11406390355"/>
    <nd ref="11406390354"/>
    <nd ref="11406390353"/>
    <nd ref="11406390356"/>
    <tag k="addr:city" v="Worksop"/>
    <tag k="addr:housenumber" v="6"/>
    <tag k="addr:postcode" v="S81 9DJ"/>
    <tag k="addr:street" v="Arundel Drive"/>
    <tag k="building" v="house"/>
    <tag k="ref:GB:uprn" v="100031281411"/>
  </way>
  <way id="1230001750" version="4" timestamp="2025-09-21T23:28:17Z" changeset="172269123" uid="8857" user="philipcullen">
    <nd ref="11406390361"/>
    <nd ref="11406390359"/>
    <nd ref="11406390358"/>
    <nd ref="11406390357"/>
    <nd ref="11406390365"/>
    <nd ref="11406390362"/>
    <nd ref="11406390360"/>
    <nd ref="11406390361"/>
    <tag k="addr:city" v="Worksop"/>
    <tag k="addr:housenumber" v="87"/>
    <tag k="addr:postcode" v="S81 9DH"/>
    <tag k="addr:street" v="Windsor Road"/>
    <tag k="building" v="house"/>
    <tag k="ref:GB:uprn" v="100032188388"/>
  </way>
  <way id="1230001751" version="4" timestamp="2025-09-21T23:28:17Z" changeset="172269123" uid="8857" user="philipcullen">
    <nd ref="11406390365"/>
    <nd ref="11406390364"/>
    <nd ref="11406390363"/>
    <nd ref="11406390362"/>
    <nd ref="11406390365"/>
    <tag k="addr:city" v="Worksop"/>
    <tag k="addr:housenumber" v="89"/>
    <tag k="addr:postcode" v="S81 9DH"/>
    <tag k="addr:street" v="Windsor Road"/>
    <tag k="building" v="house"/>
    <tag k="ref:GB:uprn" v="100032188389"/>
  </way>
  <way id="1230001752" version="4" timestamp="2025-09-21T23:28:17Z" changeset="172269123" uid="8857" user="philipcullen">
    <nd ref="11406390415"/>
    <nd ref="11406390414"/>
    <nd ref="11406390399"/>
    <nd ref="11406390398"/>
    <nd ref="11406390397"/>
    <nd ref="11406390413"/>
    <nd ref="11406390412"/>
    <nd ref="11406390415"/>
    <tag k="addr:city" v="Worksop"/>
    <tag k="addr:housenumber" v="63"/>
    <tag k="addr:postcode" v="S81 9DL"/>
    <tag k="addr:street" v="Arundel Drive"/>
    <tag k="building" v="house"/>
    <tag k="ref:GB:uprn" v="100031281463"/>
  </way>
  <way id="1230001753" version="4" timestamp="2025-09-21T23:28:17Z" changeset="172269123" uid="8857" user="philipcullen">
    <nd ref="11406390423"/>
    <nd ref="11406390422"/>
    <nd ref="11406390396"/>
    <nd ref="11406390395"/>
    <nd ref="11406390394"/>
    <nd ref="11406390421"/>
    <nd ref="11406390420"/>
    <nd ref="11406390423"/>
    <tag k="addr:city" v="Worksop"/>
    <tag k="addr:housenumber" v="59"/>
    <tag k="addr:postcode" v="S81 9DL"/>
    <tag k="addr:street" v="Arundel Drive"/>
    <tag k="building" v="house"/>
    <tag k="ref:GB:uprn" v="100031281461"/>
  </way>
  <way id="1230001754" version="4" timestamp="2025-09-21T23:28:17Z" changeset="172269123" uid="8857" user="philipcullen">
    <nd ref="11406390442"/>
    <nd ref="11406390441"/>
    <nd ref="11406390391"/>
    <nd ref="11406390392"/>
    <nd ref="11406390393"/>
    <nd ref="11406390440"/>
    <nd ref="11406390439"/>
    <nd ref="11406390442"/>
    <tag k="addr:city" v="Worksop"/>
    <tag k="addr:housenumber" v="53"/>
    <tag k="addr:postcode" v="S81 9DL"/>
    <tag k="addr:street" v="Arundel Drive"/>
    <tag k="building" v="house"/>
    <tag k="ref:GB:uprn" v="100031281458"/>
  </way>
  <way id="1230001755" version="4" timestamp="2025-09-21T23:28:17Z" changeset="172269123" uid="8857" user="philipcullen">
    <nd ref="11406390446"/>
    <nd ref="11406390445"/>
    <nd ref="11406390390"/>
    <nd ref="11406390389"/>
    <nd ref="11406390388"/>
    <nd ref="11406390444"/>
    <nd ref="11406390443"/>
    <nd ref="11406390446"/>
    <tag k="addr:city" v="Worksop"/>
    <tag k="addr:housenumber" v="51"/>
    <tag k="addr:postcode" v="S81 9DL"/>
    <tag k="addr:street" v="Arundel Drive"/>
    <tag k="building" v="house"/>
    <tag k="ref:GB:uprn" v="100031281456"/>
  </way>
  <way id="1230001756" version="1" timestamp="2023-12-09T22:46:17Z" changeset="144950210" uid="12616743" user="BassetlawMapper">
    <nd ref="11406390437"/>
    <nd ref="11406390387"/>
    <nd ref="11406390386"/>
    <nd ref="11406390385"/>
    <nd ref="11406390434"/>
    <nd ref="11406390433"/>
    <nd ref="11406390436"/>
    <nd ref="11406390437"/>
    <tag k="addr:housenumber" v="45"/>
    <tag k="addr:street" v="Arundel Drive"/>
    <tag k="building" v="house"/>
  </way>
  <way id="1230001757" version="4" timestamp="2025-09-21T23:28:17Z" changeset="172269123" uid="8857" user="philipcullen">
    <nd ref="11406390452"/>
    <nd ref="11406390451"/>
    <nd ref="11406390454"/>
    <nd ref="11406390453"/>
    <nd ref="11406390384"/>
    <nd ref="11406390383"/>
    <nd ref="11406390382"/>
    <nd ref="11406390452"/>
    <tag k="addr:city" v="Worksop"/>
    <tag k="addr:housenumber" v="43"/>
    <tag k="addr:postcode" v="S81 9DL"/>
    <tag k="addr:street" v="Arundel Drive"/>
    <tag k="building" v="house"/>
    <tag k="ref:GB:uprn" v="100031281448"/>
  </way>
  <way id="1230001758" version="4" timestamp="2025-09-21T23:28:17Z" changeset="172269123" uid="8857" user="philipcullen">
    <nd ref="11406390456"/>
    <nd ref="11406390455"/>
    <nd ref="11406390458"/>
    <nd ref="11406390457"/>
    <nd ref="11406390381"/>
    <nd ref="11406390380"/>
    <nd ref="11406390379"/>
    <nd ref="11406390456"/>
    <tag k="addr:city" v="Worksop"/>
    <tag k="addr:housenumber" v="41"/>
    <tag k="addr:postcode" v="S81 9DL"/>
    <tag k="addr:street" v="Arundel Drive"/>
    <tag k="building" v="house"/>
    <tag k="ref:GB:uprn" v="100031281446"/>
  </way>
  <way id="1230001759" version="4" timestamp="2025-09-21T23:28:17Z" changeset="172269123" uid="8857" user="philipcullen">
    <nd ref="11406390489"/>
    <nd ref="11406390486"/>
    <nd ref="11406390375"/>
    <nd ref="11406390374"/>
    <nd ref="11406390485"/>
    <nd ref="11406390376"/>
    <nd ref="11406390377"/>
    <nd ref="11406390378"/>
    <nd ref="11406390488"/>
    <nd ref="11406390489"/>
    <tag k="addr:city" v="Worksop"/>
    <tag k="addr:housenumber" v="19"/>
    <tag k="addr:postcode" v="S81 9DL"/>
    <tag k="addr:street" v="Arundel Drive"/>
    <tag k="building" v="house"/>
    <tag k="ref:GB:uprn" v="100031281424"/>
  </way>
  <way id="1230001760" version="4" timestamp="2025-09-21T23:28:17Z" changeset="172269123" uid="8857" user="philipcullen">
    <nd ref="11406390401"/>
    <nd ref="11406390405"/>
    <nd ref="11406390402"/>
    <nd ref="11406390400"/>
    <nd ref="11406390401"/>
    <tag k="addr:city" v="Worksop"/>
    <tag k="addr:housenumber" v="69"/>
    <tag k="addr:postcode" v="S81 9DL"/>
    <tag k="addr:street" v="Arundel Drive"/>
    <tag k="building" v="house"/>
    <tag k="ref:GB:uprn" v="100031281466"/>
  </way>
  <way id="1230001761" version="4" timestamp="2025-09-21T23:28:17Z" changeset="172269123" uid="8857" user="philipcullen">
    <nd ref="11406390405"/>
    <nd ref="11406390404"/>
    <nd ref="11406390403"/>
    <nd ref="11406390402"/>
    <nd ref="11406390405"/>
    <tag k="addr:city" v="Worksop"/>
    <tag k="addr:housenumber" v="71"/>
    <tag k="addr:postcode" v="S81 9DL"/>
    <tag k="addr:street" v="Arundel Drive"/>
    <tag k="building" v="house"/>
    <tag k="ref:GB:uprn" v="100031281467"/>
  </way>
  <way id="1230001762" version="4" timestamp="2025-09-21T23:28:17Z" changeset="172269123" uid="8857" user="philipcullen">
    <nd ref="11406390407"/>
    <nd ref="11406390411"/>
    <nd ref="11406390408"/>
    <nd ref="11406390406"/>
    <nd ref="11406390407"/>
    <tag k="addr:city" v="Worksop"/>
    <tag k="addr:housenumber" v="65"/>
    <tag k="addr:postcode" v="S81 9DL"/>
    <tag k="addr:street" v="Arundel Drive"/>
    <tag k="building" v="house"/>
    <tag k="ref:GB:uprn" v="100031281464"/>
  </way>
  <way id="1230001763" version="4" timestamp="2025-09-21T23:28:17Z" changeset="172269123" uid="8857" user="philipcullen">
    <nd ref="11406390411"/>
    <nd ref="11406390410"/>
    <nd ref="11406390409"/>
    <nd ref="11406390408"/>
    <nd ref="11406390411"/>
    <tag k="addr:city" v="Worksop"/>
    <tag k="addr:housenumber" v="67"/>
    <tag k="addr:postcode" v="S81 9DL"/>
    <tag k="addr:street" v="Arundel Drive"/>
    <tag k="building" v="house"/>
    <tag k="ref:GB:uprn" v="100031281465"/>
  </way>
  <way id="1230001764" version="4" timestamp="2025-09-21T23:28:17Z" changeset="172269123" uid="8857" user="philipcullen">
    <nd ref="11406390419"/>
    <nd ref="11406390418"/>
    <nd ref="11406390417"/>
    <nd ref="11406390416"/>
    <nd ref="11406390419"/>
    <tag k="addr:city" v="Worksop"/>
    <tag k="addr:housenumber" v="61"/>
    <tag k="addr:postcode" v="S81 9DL"/>
    <tag k="addr:street" v="Arundel Drive"/>
    <tag k="building" v="house"/>
    <tag k="ref:GB:uprn" v="100031281462"/>
  </way>
  <way id="1230001765" version="4" timestamp="2025-09-21T23:28:17Z" changeset="172269123" uid="8857" user="philipcullen">
    <nd ref="11406390428"/>
    <nd ref="11406390426"/>
    <nd ref="11406390425"/>
    <nd ref="11406390424"/>
    <nd ref="11406390432"/>
    <nd ref="11406390429"/>
    <nd ref="11406390427"/>
    <nd ref="11406390428"/>
    <tag k="addr:city" v="Worksop"/>
    <tag k="addr:housenumber" v="55"/>
    <tag k="addr:postcode" v="S81 9DL"/>
    <tag k="addr:street" v="Arundel Drive"/>
    <tag k="building" v="house"/>
    <tag k="ref:GB:uprn" v="100031281459"/>
  </way>
  <way id="1230001766" version="4" timestamp="2025-09-21T23:28:17Z" changeset="172269123" uid="8857" user="philipcullen">
    <nd ref="11406390432"/>
    <nd ref="11406390431"/>
    <nd ref="11406390430"/>
    <nd ref="11406390429"/>
    <nd ref="11406390432"/>
    <tag k="addr:city" v="Worksop"/>
    <tag k="addr:housenumber" v="57"/>
    <tag k="addr:postcode" v="S81 9DL"/>
    <tag k="addr:street" v="Arundel Drive"/>
    <tag k="building" v="house"/>
    <tag k="ref:GB:uprn" v="100031281460"/>
  </way>
  <way id="1230001767" version="4" timestamp="2025-09-21T23:28:17Z" changeset="172269123" uid="8857" user="philipcullen">
    <nd ref="11406390434"/>
    <nd ref="11406390438"/>
    <nd ref="11406390435"/>
    <nd ref="11406390433"/>
    <nd ref="11406390434"/>
    <tag k="addr:city" v="Worksop"/>
    <tag k="addr:housenumber" v="47"/>
    <tag k="addr:postcode" v="S81 9DL"/>
    <tag k="addr:street" v="Arundel Drive"/>
    <tag k="building" v="house"/>
    <tag k="ref:GB:uprn" v="100031281452"/>
  </way>
  <way id="1230001768" version="4" timestamp="2025-09-21T23:28:17Z" changeset="172269123" uid="8857" user="philipcullen">
    <nd ref="11406390450"/>
    <nd ref="11406390449"/>
    <nd ref="11406390448"/>
    <nd ref="11406390447"/>
    <nd ref="11406390450"/>
    <tag k="addr:city" v="Worksop"/>
    <tag k="addr:housenumber" v="49"/>
    <tag k="addr:postcode" v="S81 9DL"/>
    <tag k="addr:street" v="Arundel Drive"/>
    <tag k="building" v="house"/>
    <tag k="ref:GB:uprn" v="100031281454"/>
  </way>
  <way id="1230001769" version="4" timestamp="2025-09-21T23:28:17Z" changeset="172269123" uid="8857" user="philipcullen">
    <nd ref="11406390462"/>
    <nd ref="11406390461"/>
    <nd ref="11406390460"/>
    <nd ref="11406390459"/>
    <nd ref="11406390462"/>
    <tag k="addr:city" v="Worksop"/>
    <tag k="addr:housenumber" v="39"/>
    <tag k="addr:postcode" v="S81 9DL"/>
    <tag k="addr:street" v="Arundel Drive"/>
    <tag k="building" v="house"/>
    <tag k="ref:GB:uprn" v="100031281444"/>
  </way>
  <way id="1230001770" version="4" timestamp="2025-09-21T23:28:17Z" changeset="172269123" uid="8857" user="philipcullen">
    <nd ref="11406390472"/>
    <nd ref="11406390471"/>
    <nd ref="11406390470"/>
    <nd ref="11406390465"/>
    <nd ref="11406390464"/>
    <nd ref="11406390463"/>
    <nd ref="11406390466"/>
    <nd ref="11406390469"/>
    <nd ref="11406390472"/>
    <tag k="addr:city" v="Worksop"/>
    <tag k="addr:housenumber" v="37"/>
    <tag k="addr:postcode" v="S81 9DL"/>
    <tag k="addr:street" v="Arundel Drive"/>
    <tag k="building" v="house"/>
    <tag k="ref:GB:uprn" v="100031281442"/>
  </way>
  <way id="1230001771" version="4" timestamp="2025-09-21T23:28:17Z" changeset="172269123" uid="8857" user="philipcullen">
    <nd ref="11406390470"/>
    <nd ref="11406390471"/>
    <nd ref="11406390468"/>
    <nd ref="11406390467"/>
    <nd ref="11406390470"/>
    <tag k="addr:city" v="Worksop"/>
    <tag k="addr:housenumber" v="35"/>
    <tag k="addr:postcode" v="S81 9DL"/>
    <tag k="addr:street" v="Arundel Drive"/>
    <tag k="building" v="house"/>
    <tag k="ref:GB:uprn" v="100031281440"/>
  </way>
  <way id="1230001772" version="1" timestamp="2023-12-09T22:46:17Z" changeset="144950210" uid="12616743" user="BassetlawMapper">
    <nd ref="11406390477"/>
    <nd ref="11406390474"/>
    <nd ref="11406390473"/>
    <nd ref="11406390476"/>
    <nd ref="11406390477"/>
    <tag k="addr:housenumber" v="31"/>
    <tag k="addr:street" v="Arundel Drive"/>
    <tag k="building" v="house"/>
  </way>
  <way id="1230001773" version="4" timestamp="2025-09-21T23:28:17Z" changeset="172269123" uid="8857" user="philipcullen">
    <nd ref="11406390478"/>
    <nd ref="11406390477"/>
    <nd ref="11406390476"/>
    <nd ref="11406390475"/>
    <nd ref="11406390478"/>
    <tag k="addr:city" v="Worksop"/>
    <tag k="addr:housenumber" v="33"/>
    <tag k="addr:postcode" v="S81 9DL"/>
    <tag k="addr:street" v="Arundel Drive"/>
    <tag k="building" v="house"/>
    <tag k="ref:GB:uprn" v="100031281438"/>
  </way>
  <way id="1230001774" version="4" timestamp="2025-09-21T23:28:17Z" changeset="172269123" uid="8857" user="philipcullen">
    <nd ref="11406390483"/>
    <nd ref="11406390480"/>
    <nd ref="11406390479"/>
    <nd ref="11406390482"/>
    <nd ref="11406390483"/>
    <tag k="addr:city" v="Worksop"/>
    <tag k="addr:housenumber" v="27"/>
    <tag k="addr:postcode" v="S81 9DL"/>
    <tag k="addr:street" v="Arundel Drive"/>
    <tag k="building" v="house"/>
    <tag k="ref:GB:uprn" v="100031281432"/>
  </way>
  <way id="1230001775" version="4" timestamp="2025-09-21T23:28:17Z" changeset="172269123" uid="8857" user="philipcullen">
    <nd ref="11406390484"/>
    <nd ref="11406390483"/>
    <nd ref="11406390482"/>
    <nd ref="11406390481"/>
    <nd ref="11406390484"/>
    <tag k="addr:city" v="Worksop"/>
    <tag k="addr:housenumber" v="29"/>
    <tag k="addr:postcode" v="S81 9DL"/>
    <tag k="addr:street" v="Arundel Drive"/>
    <tag k="building" v="house"/>
    <tag k="ref:GB:uprn" v="100031281434"/>
  </way>
  <way id="1230001776" version="4" timestamp="2025-09-21T23:28:17Z" changeset="172269123" uid="8857" user="philipcullen">
    <nd ref="11406390490"/>
    <nd ref="11406390489"/>
    <nd ref="11406390488"/>
    <nd ref="11406390487"/>
    <nd ref="11406390490"/>
    <tag k="addr:city" v="Worksop"/>
    <tag k="addr:housenumber" v="21"/>
    <tag k="addr:postcode" v="S81 9DL"/>
    <tag k="addr:street" v="Arundel Drive"/>
    <tag k="building" v="house"/>
    <tag k="ref:GB:uprn" v="100031281426"/>
  </way>
  <way id="1230001777" version="4" timestamp="2025-09-21T23:28:17Z" changeset="172269123" uid="8857" user="philipcullen">
    <nd ref="11406390492"/>
    <nd ref="11406390495"/>
    <nd ref="11406390494"/>
    <nd ref="11406390491"/>
    <nd ref="11406390492"/>
    <tag k="addr:city" v="Worksop"/>
    <tag k="addr:housenumber" v="23"/>
    <tag k="addr:postcode" v="S81 9DL"/>
    <tag k="addr:street" v="Arundel Drive"/>
    <tag k="building" v="house"/>
    <tag k="ref:GB:uprn" v="100031281428"/>
  </way>
  <way id="1230001778" version="4" timestamp="2025-09-21T23:28:17Z" changeset="172269123" uid="8857" user="philipcullen">
    <nd ref="11406390496"/>
    <nd ref="11406390492"/>
    <nd ref="11406390491"/>
    <nd ref="11406390493"/>
    <nd ref="11406390496"/>
    <tag k="addr:city" v="Worksop"/>
    <tag k="addr:housenumber" v="25"/>
    <tag k="addr:postcode" v="S81 9DL"/>
    <tag k="addr:street" v="Arundel Drive"/>
    <tag k="building" v="house"/>
    <tag k="ref:GB:uprn" v="100031281430"/>
  </way>
  <way id="1230001779" version="4" timestamp="2025-09-21T23:28:17Z" changeset="172269123" uid="8857" user="philipcullen">
    <nd ref="11406390498"/>
    <nd ref="11406390369"/>
    <nd ref="11406390370"/>
    <nd ref="11406390497"/>
    <nd ref="11406390500"/>
    <nd ref="11406390501"/>
    <nd ref="11406390498"/>
    <tag k="addr:city" v="Worksop"/>
    <tag k="addr:housenumber" v="17"/>
    <tag k="addr:postcode" v="S81 9DL"/>
    <tag k="addr:street" v="Arundel Drive"/>
    <tag k="building" v="house"/>
    <tag k="ref:GB:uprn" v="100031281422"/>
  </way>
  <way id="1230001780" version="4" timestamp="2025-09-21T23:28:17Z" changeset="172269123" uid="8857" user="philipcullen">
    <nd ref="11406390502"/>
    <nd ref="11406390501"/>
    <nd ref="11406390500"/>
    <nd ref="11406390499"/>
    <nd ref="11406390502"/>
    <tag k="addr:city" v="Worksop"/>
    <tag k="addr:housenumber" v="15"/>
    <tag k="addr:postcode" v="S81 9DL"/>
    <tag k="addr:street" v="Arundel Drive"/>
    <tag k="building" v="house"/>
    <tag k="ref:GB:uprn" v="100031281420"/>
  </way>
  <way id="1230001781" version="4" timestamp="2025-09-21T23:28:17Z" changeset="172269123" uid="8857" user="philipcullen">
    <nd ref="11406390507"/>
    <nd ref="11406390504"/>
    <nd ref="11406390503"/>
    <nd ref="11406390506"/>
    <nd ref="11406390507"/>
    <tag k="addr:city" v="Worksop"/>
    <tag k="addr:housenumber" v="13"/>
    <tag k="addr:postcode" v="S81 9DL"/>
    <tag k="addr:street" v="Arundel Drive"/>
    <tag k="building" v="house"/>
    <tag k="ref:GB:uprn" v="100031281418"/>
  </way>
  <way id="1230001782" version="4" timestamp="2025-09-21T23:28:17Z" changeset="172269123" uid="8857" user="philipcullen">
    <nd ref="11406390373"/>
    <nd ref="11406390372"/>
    <nd ref="11406390371"/>
    <nd ref="11406390507"/>
    <nd ref="11406390506"/>
    <nd ref="11406390505"/>
    <nd ref="11406390508"/>
    <nd ref="11406390373"/>
    <tag k="addr:city" v="Worksop"/>
    <tag k="addr:housenumber" v="11"/>
    <tag k="addr:postcode" v="S81 9DL"/>
    <tag k="addr:street" v="Arundel Drive"/>
    <tag k="building" v="house"/>
    <tag k="ref:GB:uprn" v="100031281416"/>
  </way>
  <way id="1230001783" version="4" timestamp="2025-09-21T23:28:17Z" changeset="172269123" uid="8857" user="philipcullen">
    <nd ref="11406390513"/>
    <nd ref="11406390510"/>
    <nd ref="11406390509"/>
    <nd ref="11406390512"/>
    <nd ref="11406390513"/>
    <tag k="addr:city" v="Worksop"/>
    <tag k="addr:housenumber" v="9"/>
    <tag k="addr:postcode" v="S81 9DL"/>
    <tag k="addr:street" v="Arundel Drive"/>
    <tag k="building" v="house"/>
    <tag k="ref:GB:uprn" v="100031281414"/>
  </way>
  <way id="1230001784" version="4" timestamp="2025-09-21T23:28:17Z" changeset="172269123" uid="8857" user="philipcullen">
    <nd ref="11406390368"/>
    <nd ref="11406390367"/>
    <nd ref="11406390366"/>
    <nd ref="11406390513"/>
    <nd ref="11406390512"/>
    <nd ref="11406390511"/>
    <nd ref="11406390514"/>
    <nd ref="11406390368"/>
    <tag k="addr:city" v="Worksop"/>
    <tag k="addr:housenumber" v="7"/>
    <tag k="addr:postcode" v="S81 9DL"/>
    <tag k="addr:street" v="Arundel Drive"/>
    <tag k="building" v="house"/>
    <tag k="ref:GB:uprn" v="100031281412"/>
  </way>
  <way id="1230001785" version="4" timestamp="2025-09-21T23:28:17Z" changeset="172269123" uid="8857" user="philipcullen">
    <nd ref="11406390516"/>
    <nd ref="11406390519"/>
    <nd ref="11406390518"/>
    <nd ref="11406390515"/>
    <nd ref="11406390516"/>
    <tag k="addr:city" v="Worksop"/>
    <tag k="addr:housenumber" v="5"/>
    <tag k="addr:postcode" v="S81 9DL"/>
    <tag k="addr:street" v="Arundel Drive"/>
    <tag k="building" v="house"/>
    <tag k="ref:GB:uprn" v="100031281410"/>
  </way>
  <way id="1230001786" version="4" timestamp="2025-09-21T23:28:17Z" changeset="172269123" uid="8857" user="philipcullen">
    <nd ref="11406390520"/>
    <nd ref="11406390516"/>
    <nd ref="11406390515"/>
    <nd ref="11406390517"/>
    <nd ref="11406390520"/>
    <tag k="addr:city" v="Worksop"/>
    <tag k="addr:housenumber" v="3"/>
    <tag k="addr:postcode" v="S81 9DL"/>
    <tag k="addr:street" v="Arundel Drive"/>
    <tag k="building" v="house"/>
    <tag k="ref:GB:uprn" v="100031281408"/>
  </way>
  <way id="1230001787" version="5" timestamp="2025-09-21T23:28:17Z" changeset="172269123" uid="8857" user="philipcullen">
    <nd ref="11406390533"/>
    <nd ref="11406390529"/>
    <nd ref="11406390528"/>
    <nd ref="11406390523"/>
    <nd ref="11406390522"/>
    <nd ref="11406390521"/>
    <nd ref="11406390530"/>
    <nd ref="11406390533"/>
    <tag k="addr:city" v="Worksop"/>
    <tag k="addr:housenumber" v="15"/>
    <tag k="addr:postcode" v="S81 9AH"/>
    <tag k="addr:street" v="Long Lane"/>
    <tag k="building" v="house"/>
    <tag k="ref:GB:uprn" v="10023270515"/>
  </way>
  <way id="1230001788" version="5" timestamp="2025-09-21T23:28:17Z" changeset="172269123" uid="8857" user="philipcullen">
    <nd ref="11406390529"/>
    <nd ref="11406390532"/>
    <nd ref="11406390531"/>
    <nd ref="11406390525"/>
    <nd ref="11406390524"/>
    <nd ref="11406390527"/>
    <nd ref="11406390526"/>
    <nd ref="11406390528"/>
    <nd ref="11406390529"/>
    <tag k="addr:city" v="Worksop"/>
    <tag k="addr:housenumber" v="13"/>
    <tag k="addr:postcode" v="S81 9AH"/>
    <tag k="addr:street" v="Long Lane"/>
    <tag k="building" v="house"/>
    <tag k="ref:GB:uprn" v="100031291686"/>
  </way>
  <way id="1230001789" version="5" timestamp="2025-09-21T23:28:17Z" changeset="172269123" uid="8857" user="philipcullen">
    <nd ref="11406390540"/>
    <nd ref="11406390543"/>
    <nd ref="11406390542"/>
    <nd ref="11406390539"/>
    <nd ref="11406390540"/>
    <tag k="addr:city" v="Worksop"/>
    <tag k="addr:housenumber" v="9"/>
    <tag k="addr:postcode" v="S81 9AH"/>
    <tag k="addr:street" v="Long Lane"/>
    <tag k="building" v="house"/>
    <tag k="ref:GB:uprn" v="100031291682"/>
  </way>
  <way id="1230001790" version="5" timestamp="2025-09-21T23:28:17Z" changeset="172269123" uid="8857" user="philipcullen">
    <nd ref="11406390539"/>
    <nd ref="11406390537"/>
    <nd ref="11406390534"/>
    <nd ref="11406390535"/>
    <nd ref="11406390536"/>
    <nd ref="11406390538"/>
    <nd ref="11406390541"/>
    <nd ref="11406390544"/>
    <nd ref="11406390540"/>
    <nd ref="11406390539"/>
    <tag k="addr:city" v="Worksop"/>
    <tag k="addr:housenumber" v="11"/>
    <tag k="addr:postcode" v="S81 9AH"/>
    <tag k="addr:street" v="Long Lane"/>
    <tag k="building" v="house"/>
    <tag k="ref:GB:uprn" v="100031291684"/>
  </way>
  <way id="1230001791" version="5" timestamp="2025-09-21T23:28:17Z" changeset="172269123" uid="8857" user="philipcullen">
    <nd ref="11406390548"/>
    <nd ref="11406390545"/>
    <nd ref="11406390546"/>
    <nd ref="11406390547"/>
    <nd ref="11406390548"/>
    <tag k="addr:city" v="Worksop"/>
    <tag k="addr:housenumber" v="7"/>
    <tag k="addr:postcode" v="S81 9AH"/>
    <tag k="addr:street" v="Long Lane"/>
    <tag k="building" v="house"/>
    <tag k="ref:GB:uprn" v="100031291680"/>
  </way>
  <way id="1230001792" version="5" timestamp="2025-09-21T23:28:17Z" changeset="172269123" uid="8857" user="philipcullen">
    <nd ref="11406390552"/>
    <nd ref="11406390551"/>
    <nd ref="11406390550"/>
    <nd ref="11406390549"/>
    <nd ref="11406390552"/>
    <tag k="addr:city" v="Worksop"/>
    <tag k="addr:housenumber" v="5"/>
    <tag k="addr:postcode" v="S81 9AH"/>
    <tag k="addr:street" v="Long Lane"/>
    <tag k="building" v="house"/>
    <tag k="ref:GB:uprn" v="100031291678"/>
  </way>
  <way id="1230001794" version="4" timestamp="2025-09-21T23:28:17Z" changeset="172269123" uid="8857" user="philipcullen">
    <nd ref="11401346930"/>
    <nd ref="11401346931"/>
    <nd ref="11401346932"/>
    <nd ref="11401346929"/>
    <nd ref="11401346930"/>
    <tag k="addr:city" v="Worksop"/>
    <tag k="addr:housenumber" v="14"/>
    <tag k="addr:postcode" v="S81 9DX"/>
    <tag k="addr:street" v="Grange Close"/>
    <tag k="building" v="house"/>
    <tag k="ref:GB:uprn" v="100031287896"/>
  </way>
  <way id="1230001820" version="4" timestamp="2025-09-21T23:28:17Z" changeset="172269123" uid="8857" user="philipcullen">
    <nd ref="11406390773"/>
    <nd ref="11406390766"/>
    <nd ref="11406390763"/>
    <nd ref="11406390764"/>
    <nd ref="11406390765"/>
    <nd ref="11406390772"/>
    <nd ref="11406390771"/>
    <nd ref="11406390769"/>
    <nd ref="11406390767"/>
    <nd ref="11406390768"/>
    <nd ref="11406390770"/>
    <nd ref="11406390773"/>
    <tag k="addr:city" v="Worksop"/>
    <tag k="addr:housenumber" v="132A"/>
    <tag k="addr:postcode" v="S81 9DT"/>
    <tag k="addr:street" v="High Road"/>
    <tag k="building" v="house"/>
    <tag k="ref:GB:uprn" v="100031288867"/>
  </way>
  <way id="1230001821" version="4" timestamp="2025-09-21T23:28:17Z" changeset="172269123" uid="8857" user="philipcullen">
    <nd ref="11406390778"/>
    <nd ref="11406390777"/>
    <nd ref="11406390776"/>
    <nd ref="11406390774"/>
    <nd ref="11406390775"/>
    <nd ref="11406390780"/>
    <nd ref="11406390779"/>
    <nd ref="11406390782"/>
    <nd ref="11406390781"/>
    <nd ref="11406390778"/>
    <tag k="addr:city" v="Worksop"/>
    <tag k="addr:housenumber" v="132"/>
    <tag k="addr:postcode" v="S81 9DT"/>
    <tag k="addr:street" v="High Road"/>
    <tag k="building" v="house"/>
    <tag k="ref:GB:uprn" v="100031288868"/>
  </way>
  <way id="1230001822" version="4" timestamp="2025-09-21T23:28:17Z" changeset="172269123" uid="8857" user="philipcullen">
    <nd ref="11406390790"/>
    <nd ref="11406390786"/>
    <nd ref="11406390784"/>
    <nd ref="11406390783"/>
    <nd ref="11406390785"/>
    <nd ref="11406390787"/>
    <nd ref="11406390788"/>
    <nd ref="11406390789"/>
    <nd ref="11406390792"/>
    <nd ref="11406390791"/>
    <nd ref="11406390790"/>
    <tag k="addr:city" v="Worksop"/>
    <tag k="addr:housenumber" v="130"/>
    <tag k="addr:postcode" v="S81 9DT"/>
    <tag k="addr:street" v="High Road"/>
    <tag k="building" v="house"/>
    <tag k="ref:GB:uprn" v="100031288866"/>
  </way>
  <way id="1230001823" version="4" timestamp="2025-09-21T23:28:17Z" changeset="172269123" uid="8857" user="philipcullen">
    <nd ref="11406390796"/>
    <nd ref="11406390795"/>
    <nd ref="11406390794"/>
    <nd ref="11406390793"/>
    <nd ref="11406390796"/>
    <tag k="addr:city" v="Worksop"/>
    <tag k="addr:housenumber" v="128"/>
    <tag k="addr:postcode" v="S81 9DT"/>
    <tag k="addr:street" v="High Road"/>
    <tag k="building" v="house"/>
    <tag k="ref:GB:uprn" v="100031288865"/>
  </way>
  <way id="1230001824" version="4" timestamp="2025-09-21T23:28:17Z" changeset="172269123" uid="8857" user="philipcullen">
    <nd ref="11406390809"/>
    <nd ref="11406390806"/>
    <nd ref="11406390803"/>
    <nd ref="11406390804"/>
    <nd ref="11406390805"/>
    <nd ref="11406390807"/>
    <nd ref="11406390808"/>
    <nd ref="11406390809"/>
    <tag k="addr:city" v="Worksop"/>
    <tag k="addr:housenumber" v="124"/>
    <tag k="addr:postcode" v="S81 9DT"/>
    <tag k="addr:street" v="High Road"/>
    <tag k="building" v="house"/>
    <tag k="ref:GB:uprn" v="100031288863"/>
  </way>
  <way id="1230001825" version="4" timestamp="2025-09-21T23:28:17Z" changeset="172269123" uid="8857" user="philipcullen">
    <nd ref="11406390804"/>
    <nd ref="11406390801"/>
    <nd ref="11406390800"/>
    <nd ref="11406390797"/>
    <nd ref="11406390798"/>
    <nd ref="11406390799"/>
    <nd ref="11406390802"/>
    <nd ref="11406390807"/>
    <nd ref="11406390805"/>
    <nd ref="11406390804"/>
    <tag k="addr:city" v="Worksop"/>
    <tag k="addr:housenumber" v="126"/>
    <tag k="addr:postcode" v="S81 9DT"/>
    <tag k="addr:street" v="High Road"/>
    <tag k="building" v="house"/>
    <tag k="ref:GB:uprn" v="100031288864"/>
  </way>
  <way id="1230001827" version="4" timestamp="2025-09-21T23:28:17Z" changeset="172269123" uid="8857" user="philipcullen">
    <nd ref="11406390820"/>
    <nd ref="11406390817"/>
    <nd ref="11406390816"/>
    <nd ref="11406390815"/>
    <nd ref="11406390814"/>
    <nd ref="11406390818"/>
    <nd ref="11406390819"/>
    <nd ref="11406390820"/>
    <tag k="addr:city" v="Worksop"/>
    <tag k="addr:housenumber" v="122"/>
    <tag k="addr:postcode" v="S81 9DT"/>
    <tag k="addr:street" v="High Road"/>
    <tag k="building" v="house"/>
    <tag k="ref:GB:uprn" v="100031288862"/>
  </way>
  <way id="1230001828" version="4" timestamp="2025-09-21T23:28:17Z" changeset="172269123" uid="8857" user="philipcullen">
    <nd ref="11406390829"/>
    <nd ref="11406390830"/>
    <nd ref="11406390823"/>
    <nd ref="11406390822"/>
    <nd ref="11406390821"/>
    <nd ref="11406390824"/>
    <nd ref="11406390831"/>
    <nd ref="11406390828"/>
    <nd ref="11406390827"/>
    <nd ref="11406390826"/>
    <nd ref="11406390825"/>
    <nd ref="11406390829"/>
    <tag k="addr:city" v="Worksop"/>
    <tag k="addr:housenumber" v="120"/>
    <tag k="addr:postcode" v="S81 9DT"/>
    <tag k="addr:street" v="High Road"/>
    <tag k="building" v="house"/>
    <tag k="ref:GB:uprn" v="100031288860"/>
  </way>
  <way id="1230001829" version="4" timestamp="2025-09-21T23:28:17Z" changeset="172269123" uid="8857" user="philipcullen">
    <nd ref="11406390835"/>
    <nd ref="11406390832"/>
    <nd ref="11406390833"/>
    <nd ref="11406390834"/>
    <nd ref="11406390835"/>
    <tag k="addr:city" v="Worksop"/>
    <tag k="addr:housenumber" v="118"/>
    <tag k="addr:postcode" v="S81 9DT"/>
    <tag k="addr:street" v="High Road"/>
    <tag k="building" v="house"/>
    <tag k="ref:GB:uprn" v="100031288859"/>
  </way>
  <way id="1230001830" version="4" timestamp="2025-09-21T23:28:17Z" changeset="172269123" uid="8857" user="philipcullen">
    <nd ref="11406390839"/>
    <nd ref="11406390836"/>
    <nd ref="11406390837"/>
    <nd ref="11406390838"/>
    <nd ref="11406390839"/>
    <tag k="addr:city" v="Worksop"/>
    <tag k="addr:housenumber" v="116"/>
    <tag k="addr:postcode" v="S81 9DT"/>
    <tag k="addr:street" v="High Road"/>
    <tag k="building" v="house"/>
    <tag k="ref:GB:uprn" v="100031288858"/>
  </way>
  <way id="1230001831" version="4" timestamp="2025-09-21T23:28:17Z" changeset="172269123" uid="8857" user="philipcullen">
    <nd ref="11406390846"/>
    <nd ref="11406390848"/>
    <nd ref="11406390849"/>
    <nd ref="11406390842"/>
    <nd ref="11406390841"/>
    <nd ref="11406390840"/>
    <nd ref="11406390843"/>
    <nd ref="11406390850"/>
    <nd ref="11406390847"/>
    <nd ref="11406390844"/>
    <nd ref="11406390845"/>
    <nd ref="11406390846"/>
    <tag k="addr:city" v="Worksop"/>
    <tag k="addr:housenumber" v="114"/>
    <tag k="addr:postcode" v="S81 9DT"/>
    <tag k="addr:street" v="High Road"/>
    <tag k="building" v="house"/>
    <tag k="ref:GB:uprn" v="100031288857"/>
  </way>
  <way id="1230001832" version="4" timestamp="2025-09-21T23:28:17Z" changeset="172269123" uid="8857" user="philipcullen">
    <nd ref="11406390855"/>
    <nd ref="11406390854"/>
    <nd ref="11406390853"/>
    <nd ref="11406390851"/>
    <nd ref="11406390852"/>
    <nd ref="11406390857"/>
    <nd ref="11406390858"/>
    <nd ref="11406390859"/>
    <nd ref="11406390856"/>
    <nd ref="11406390855"/>
    <tag k="addr:city" v="Worksop"/>
    <tag k="addr:housenumber" v="112"/>
    <tag k="addr:postcode" v="S81 9DT"/>
    <tag k="addr:street" v="High Road"/>
    <tag k="building" v="house"/>
    <tag k="ref:GB:uprn" v="100031288856"/>
  </way>
  <way id="1230001833" version="1" timestamp="2023-12-09T22:46:17Z" changeset="144950210" uid="12616743" user="BassetlawMapper">
    <nd ref="11406390866"/>
    <nd ref="11406390860"/>
    <nd ref="11406390862"/>
    <nd ref="11406390861"/>
    <nd ref="11406390863"/>
    <nd ref="11406390864"/>
    <nd ref="11406390865"/>
    <nd ref="11406390866"/>
    <tag k="addr:housenumber" v="110"/>
    <tag k="addr:street" v="High Road"/>
    <tag k="building" v="house"/>
  </way>
  <way id="1230001834" version="4" timestamp="2025-09-21T23:28:17Z" changeset="172269123" uid="8857" user="philipcullen">
    <nd ref="11406390870"/>
    <nd ref="11406390867"/>
    <nd ref="11406390868"/>
    <nd ref="11406390869"/>
    <nd ref="11406390870"/>
    <tag k="addr:city" v="Worksop"/>
    <tag k="addr:housenumber" v="108"/>
    <tag k="addr:postcode" v="S81 9DT"/>
    <tag k="addr:street" v="High Road"/>
    <tag k="building" v="house"/>
    <tag k="ref:GB:uprn" v="100031288854"/>
  </way>
  <way id="1230001835" version="4" timestamp="2025-09-21T23:28:17Z" changeset="172269123" uid="8857" user="philipcullen">
    <nd ref="11406390875"/>
    <nd ref="11406390871"/>
    <nd ref="11406390872"/>
    <nd ref="11406390873"/>
    <nd ref="11406390874"/>
    <nd ref="11406390877"/>
    <nd ref="11406390876"/>
    <nd ref="11406390875"/>
    <tag k="addr:city" v="Worksop"/>
    <tag k="addr:housenumber" v="106"/>
    <tag k="addr:postcode" v="S81 9DT"/>
    <tag k="addr:street" v="High Road"/>
    <tag k="building" v="house"/>
    <tag k="ref:GB:uprn" v="100031288853"/>
  </way>
  <way id="1230001836" version="4" timestamp="2025-09-21T23:28:17Z" changeset="172269123" uid="8857" user="philipcullen">
    <nd ref="11406390881"/>
    <nd ref="11406390878"/>
    <nd ref="11406390879"/>
    <nd ref="11406390880"/>
    <nd ref="11406390881"/>
    <tag k="addr:city" v="Worksop"/>
    <tag k="addr:housenumber" v="37"/>
    <tag k="addr:postcode" v="S81 9DY"/>
    <tag k="addr:street" v="High Road"/>
    <tag k="building" v="house"/>
    <tag k="ref:GB:uprn" v="100031288816"/>
  </way>
  <way id="1230001837" version="1" timestamp="2023-12-09T22:46:17Z" changeset="144950210" uid="12616743" user="BassetlawMapper">
    <nd ref="11406390892"/>
    <nd ref="11406390889"/>
    <nd ref="11406390888"/>
    <nd ref="11406390884"/>
    <nd ref="11406390883"/>
    <nd ref="11406390882"/>
    <nd ref="11406390891"/>
    <nd ref="11406390892"/>
    <tag k="addr:city" v="Worksop"/>
    <tag k="addr:country" v="GB"/>
    <tag k="addr:housenumber" v="35"/>
    <tag k="addr:postcode" v="S81 9DZ"/>
    <tag k="addr:street" v="High Road"/>
    <tag k="addr:village" v="Carlton-in-Lindrick"/>
    <tag k="amenity" v="post_office"/>
    <tag k="building" v="yes"/>
    <tag k="name" v="Carlton-in-Lindrick Post Office"/>
    <tag k="opening_hours" v="Mo 09:00-13:00,14:00-17:30; Tu-Fr 09:00-13:00"/>
    <tag k="ref:pol_id" v="13273"/>
  </way>
  <way id="1230001838" version="4" timestamp="2025-09-21T23:28:17Z" changeset="172269123" uid="8857" user="philipcullen">
    <nd ref="11406390889"/>
    <nd ref="11406390893"/>
    <nd ref="11406390890"/>
    <nd ref="11406390885"/>
    <nd ref="11406390886"/>
    <nd ref="11406390887"/>
    <nd ref="11406390888"/>
    <nd ref="11406390889"/>
    <tag k="addr:city" v="Worksop"/>
    <tag k="addr:housenumber" v="33"/>
    <tag k="addr:postcode" v="S81 9DY"/>
    <tag k="addr:street" v="High Road"/>
    <tag k="building" v="house"/>
    <tag k="ref:GB:uprn" v="100031288811"/>
  </way>
  <way id="1230001839" version="4" timestamp="2025-09-21T23:28:17Z" changeset="172269123" uid="8857" user="philipcullen">
    <nd ref="11406390897"/>
    <nd ref="11406390894"/>
    <nd ref="11406390895"/>
    <nd ref="11406390896"/>
    <nd ref="11406390897"/>
    <tag k="addr:city" v="Worksop"/>
    <tag k="addr:housenumber" v="31"/>
    <tag k="addr:postcode" v="S81 9DY"/>
    <tag k="addr:street" v="High Road"/>
    <tag k="building" v="house"/>
    <tag k="ref:GB:uprn" v="100031288809"/>
  </way>
  <way id="1230001840" version="4" timestamp="2025-09-21T23:28:17Z" changeset="172269123" uid="8857" user="philipcullen">
    <nd ref="11406390899"/>
    <nd ref="11406390903"/>
    <nd ref="11406390900"/>
    <nd ref="11406390898"/>
    <nd ref="11406390899"/>
    <tag k="addr:city" v="Worksop"/>
    <tag k="addr:housenumber" v="27"/>
    <tag k="addr:postcode" v="S81 9DY"/>
    <tag k="addr:street" v="High Road"/>
    <tag k="building" v="house"/>
    <tag k="ref:GB:uprn" v="100031288805"/>
  </way>
  <way id="1230001841" version="4" timestamp="2025-09-21T23:28:17Z" changeset="172269123" uid="8857" user="philipcullen">
    <nd ref="11406390902"/>
    <nd ref="11406390899"/>
    <nd ref="11406390898"/>
    <nd ref="11406390901"/>
    <nd ref="11406390902"/>
    <tag k="addr:city" v="Worksop"/>
    <tag k="addr:housenumber" v="29"/>
    <tag k="addr:postcode" v="S81 9DY"/>
    <tag k="addr:street" v="High Road"/>
    <tag k="building" v="house"/>
    <tag k="ref:GB:uprn" v="100031288807"/>
  </way>
  <way id="1230001842" version="4" timestamp="2025-09-21T23:28:17Z" changeset="172269123" uid="8857" user="philipcullen">
    <nd ref="11406390908"/>
    <nd ref="11406390905"/>
    <nd ref="11406390904"/>
    <nd ref="11406390907"/>
    <nd ref="11406390908"/>
    <tag k="addr:city" v="Worksop"/>
    <tag k="addr:housenumber" v="23"/>
    <tag k="addr:postcode" v="S81 9DY"/>
    <tag k="addr:street" v="High Road"/>
    <tag k="building" v="house"/>
    <tag k="ref:GB:uprn" v="100031288801"/>
  </way>
  <way id="1230001843" version="4" timestamp="2025-09-21T23:28:17Z" changeset="172269123" uid="8857" user="philipcullen">
    <nd ref="11406390909"/>
    <nd ref="11406390908"/>
    <nd ref="11406390907"/>
    <nd ref="11406390906"/>
    <nd ref="11406390909"/>
    <tag k="addr:city" v="Worksop"/>
    <tag k="addr:housenumber" v="25"/>
    <tag k="addr:postcode" v="S81 9DY"/>
    <tag k="addr:street" v="High Road"/>
    <tag k="building" v="house"/>
    <tag k="ref:GB:uprn" v="100031288803"/>
  </way>
  <way id="1230001844" version="4" timestamp="2025-09-21T23:28:17Z" changeset="172269123" uid="8857" user="philipcullen">
    <nd ref="11406390911"/>
    <nd ref="11406390915"/>
    <nd ref="11406390912"/>
    <nd ref="11406390910"/>
    <nd ref="11406390911"/>
    <tag k="addr:city" v="Worksop"/>
    <tag k="addr:housenumber" v="19"/>
    <tag k="addr:postcode" v="S81 9DY"/>
    <tag k="addr:street" v="High Road"/>
    <tag k="building" v="house"/>
    <tag k="ref:GB:uprn" v="100031288797"/>
  </way>
  <way id="1230001845" version="4" timestamp="2025-09-21T23:28:17Z" changeset="172269123" uid="8857" user="philipcullen">
    <nd ref="11406390914"/>
    <nd ref="11406390911"/>
    <nd ref="11406390910"/>
    <nd ref="11406390913"/>
    <nd ref="11406390914"/>
    <tag k="addr:city" v="Worksop"/>
    <tag k="addr:housenumber" v="21"/>
    <tag k="addr:postcode" v="S81 9DY"/>
    <tag k="addr:street" v="High Road"/>
    <tag k="building" v="house"/>
    <tag k="ref:GB:uprn" v="100031288799"/>
  </way>
  <way id="1230001846" version="4" timestamp="2025-09-21T23:28:17Z" changeset="172269123" uid="8857" user="philipcullen">
    <nd ref="11406390922"/>
    <nd ref="11406390920"/>
    <nd ref="11406390919"/>
    <nd ref="11406390916"/>
    <nd ref="11406390917"/>
    <nd ref="11406390918"/>
    <nd ref="11406390921"/>
    <nd ref="11406390923"/>
    <nd ref="11406390922"/>
    <tag k="addr:city" v="Worksop"/>
    <tag k="addr:housenumber" v="17"/>
    <tag k="addr:postcode" v="S81 9DY"/>
    <tag k="addr:street" v="High Road"/>
    <tag k="building" v="house"/>
    <tag k="ref:GB:uprn" v="10013972669"/>
  </way>
  <way id="1230001847" version="4" timestamp="2025-09-21T23:28:17Z" changeset="172269123" uid="8857" user="philipcullen">
    <nd ref="11406390925"/>
    <nd ref="11406390922"/>
    <nd ref="11406390923"/>
    <nd ref="11406390924"/>
    <nd ref="11406390925"/>
    <tag k="addr:city" v="Worksop"/>
    <tag k="addr:housenumber" v="15"/>
    <tag k="addr:postcode" v="S81 9DY"/>
    <tag k="addr:street" v="High Road"/>
    <tag k="building" v="house"/>
    <tag k="ref:GB:uprn" v="100031288793"/>
  </way>
  <way id="1230001848" version="4" timestamp="2025-09-21T23:28:17Z" changeset="172269123" uid="8857" user="philipcullen">
    <nd ref="11406390932"/>
    <nd ref="11406390931"/>
    <nd ref="11406390930"/>
    <nd ref="11406390926"/>
    <nd ref="11406390927"/>
    <nd ref="11406390928"/>
    <nd ref="11406390929"/>
    <nd ref="11406390932"/>
    <tag k="addr:city" v="Worksop"/>
    <tag k="addr:housenumber" v="1A"/>
    <tag k="addr:postcode" v="S81 9ET"/>
    <tag k="addr:street" v="Highfield Grove"/>
    <tag k="building" v="house"/>
    <tag k="ref:GB:uprn" v="100031288917"/>
  </way>
  <way id="1230001849" version="4" timestamp="2025-09-21T23:28:17Z" changeset="172269123" uid="8857" user="philipcullen">
    <nd ref="11406390934"/>
    <nd ref="11406390937"/>
    <nd ref="11406390936"/>
    <nd ref="11406390933"/>
    <nd ref="11406390934"/>
    <tag k="addr:city" v="Worksop"/>
    <tag k="addr:housenumber" v="3"/>
    <tag k="addr:postcode" v="S81 9ET"/>
    <tag k="addr:street" v="Highfield Grove"/>
    <tag k="building" v="house"/>
    <tag k="ref:GB:uprn" v="100031288920"/>
  </way>
  <way id="1230001850" version="4" timestamp="2025-09-21T23:28:17Z" changeset="172269123" uid="8857" user="philipcullen">
    <nd ref="11406390938"/>
    <nd ref="11406390934"/>
    <nd ref="11406390933"/>
    <nd ref="11406390935"/>
    <nd ref="11406390938"/>
    <tag k="addr:city" v="Worksop"/>
    <tag k="addr:housenumber" v="1"/>
    <tag k="addr:postcode" v="S81 9ET"/>
    <tag k="addr:street" v="Highfield Grove"/>
    <tag k="building" v="house"/>
    <tag k="ref:GB:uprn" v="100031288918"/>
  </way>
  <way id="1230001851" version="4" timestamp="2025-09-21T23:28:17Z" changeset="172269123" uid="8857" user="philipcullen">
    <nd ref="11406390945"/>
    <nd ref="11406390942"/>
    <nd ref="11406390941"/>
    <nd ref="11406390940"/>
    <nd ref="11406390939"/>
    <nd ref="11406390943"/>
    <nd ref="11406390944"/>
    <nd ref="11406390945"/>
    <tag k="addr:city" v="Worksop"/>
    <tag k="addr:housenumber" v="5"/>
    <tag k="addr:postcode" v="S81 9ET"/>
    <tag k="addr:street" v="Highfield Grove"/>
    <tag k="building" v="house"/>
    <tag k="ref:GB:uprn" v="100031288922"/>
  </way>
  <way id="1230001852" version="4" timestamp="2025-09-21T23:28:17Z" changeset="172269123" uid="8857" user="philipcullen">
    <nd ref="11406390952"/>
    <nd ref="11406390949"/>
    <nd ref="11406390946"/>
    <nd ref="11406390947"/>
    <nd ref="11406390948"/>
    <nd ref="11406390950"/>
    <nd ref="11406390951"/>
    <nd ref="11406390952"/>
    <tag k="addr:city" v="Worksop"/>
    <tag k="addr:housenumber" v="7"/>
    <tag k="addr:postcode" v="S81 9ET"/>
    <tag k="addr:street" v="Highfield Grove"/>
    <tag k="building" v="house"/>
    <tag k="ref:GB:uprn" v="100031288924"/>
  </way>
  <way id="1230001853" version="4" timestamp="2025-09-21T23:28:17Z" changeset="172269123" uid="8857" user="philipcullen">
    <nd ref="11406390959"/>
    <nd ref="11406390958"/>
    <nd ref="11406390957"/>
    <nd ref="11406390955"/>
    <nd ref="11406390953"/>
    <nd ref="11406390954"/>
    <nd ref="11406390956"/>
    <nd ref="11406390959"/>
    <tag k="addr:city" v="Worksop"/>
    <tag k="addr:housenumber" v="9"/>
    <tag k="addr:postcode" v="S81 9ET"/>
    <tag k="addr:street" v="Highfield Grove"/>
    <tag k="building" v="house"/>
    <tag k="ref:GB:uprn" v="100031288926"/>
  </way>
  <way id="1230001854" version="4" timestamp="2025-09-21T23:28:17Z" changeset="172269123" uid="8857" user="philipcullen">
    <nd ref="11406390965"/>
    <nd ref="11406390968"/>
    <nd ref="11406390967"/>
    <nd ref="11406390960"/>
    <nd ref="11406390961"/>
    <nd ref="11406390962"/>
    <nd ref="11406390966"/>
    <nd ref="11406390969"/>
    <nd ref="11406390963"/>
    <nd ref="11406390964"/>
    <nd ref="11406390965"/>
    <tag k="addr:city" v="Worksop"/>
    <tag k="addr:housenumber" v="11"/>
    <tag k="addr:postcode" v="S81 9ET"/>
    <tag k="addr:street" v="Highfield Grove"/>
    <tag k="building" v="house"/>
    <tag k="ref:GB:uprn" v="100031288928"/>
  </way>
  <way id="1230001855" version="4" timestamp="2025-09-21T23:28:17Z" changeset="172269123" uid="8857" user="philipcullen">
    <nd ref="11406390976"/>
    <nd ref="11406390975"/>
    <nd ref="11406390974"/>
    <nd ref="11406390972"/>
    <nd ref="11406390971"/>
    <nd ref="11406390970"/>
    <nd ref="11406390973"/>
    <nd ref="11406390976"/>
    <tag k="addr:city" v="Worksop"/>
    <tag k="addr:housenumber" v="13"/>
    <tag k="addr:postcode" v="S81 9ET"/>
    <tag k="addr:street" v="Highfield Grove"/>
    <tag k="building" v="house"/>
    <tag k="ref:GB:uprn" v="100031288930"/>
  </way>
  <way id="1230001856" version="4" timestamp="2025-09-21T23:28:17Z" changeset="172269123" uid="8857" user="philipcullen">
    <nd ref="11406390980"/>
    <nd ref="11406390979"/>
    <nd ref="11406390978"/>
    <nd ref="11406390977"/>
    <nd ref="11406390980"/>
    <tag k="addr:city" v="Worksop"/>
    <tag k="addr:housenumber" v="15"/>
    <tag k="addr:postcode" v="S81 9ET"/>
    <tag k="addr:street" v="Highfield Grove"/>
    <tag k="building" v="house"/>
    <tag k="ref:GB:uprn" v="100031288932"/>
  </way>
  <way id="1230001857" version="4" timestamp="2025-09-21T23:28:17Z" changeset="172269123" uid="8857" user="philipcullen">
    <nd ref="11406390987"/>
    <nd ref="11406390984"/>
    <nd ref="11406390981"/>
    <nd ref="11406390982"/>
    <nd ref="11406390983"/>
    <nd ref="11406390985"/>
    <nd ref="11406390986"/>
    <nd ref="11406390987"/>
    <tag k="addr:city" v="Worksop"/>
    <tag k="addr:housenumber" v="17"/>
    <tag k="addr:postcode" v="S81 9ET"/>
    <tag k="addr:street" v="Highfield Grove"/>
    <tag k="building" v="house"/>
    <tag k="ref:GB:uprn" v="100031288934"/>
  </way>
  <way id="1230001858" version="4" timestamp="2025-09-21T23:28:17Z" changeset="172269123" uid="8857" user="philipcullen">
    <nd ref="11406390994"/>
    <nd ref="11406390991"/>
    <nd ref="11406390992"/>
    <nd ref="11406390993"/>
    <nd ref="11406390989"/>
    <nd ref="11406390988"/>
    <nd ref="11406390990"/>
    <nd ref="11406390994"/>
    <tag k="addr:city" v="Worksop"/>
    <tag k="addr:housenumber" v="19"/>
    <tag k="addr:postcode" v="S81 9ET"/>
    <tag k="addr:street" v="Highfield Grove"/>
    <tag k="building" v="house"/>
    <tag k="ref:GB:uprn" v="100031288936"/>
  </way>
  <way id="1230001859" version="4" timestamp="2025-09-21T23:28:17Z" changeset="172269123" uid="8857" user="philipcullen">
    <nd ref="11406391006"/>
    <nd ref="11406390998"/>
    <nd ref="11406390995"/>
    <nd ref="11406390996"/>
    <nd ref="11406390997"/>
    <nd ref="11406390999"/>
    <nd ref="11406391000"/>
    <nd ref="11406391002"/>
    <nd ref="11406391001"/>
    <nd ref="11406391003"/>
    <nd ref="11406391004"/>
    <nd ref="11406391005"/>
    <nd ref="11406391006"/>
    <tag k="addr:city" v="Worksop"/>
    <tag k="addr:housenumber" v="30"/>
    <tag k="addr:postcode" v="S81 9ET"/>
    <tag k="addr:street" v="Highfield Grove"/>
    <tag k="building" v="house"/>
    <tag k="ref:GB:uprn" v="100031288942"/>
  </way>
  <way id="1230001860" version="4" timestamp="2025-09-21T23:28:17Z" changeset="172269123" uid="8857" user="philipcullen">
    <nd ref="11406391013"/>
    <nd ref="11406391010"/>
    <nd ref="11406391011"/>
    <nd ref="11406391009"/>
    <nd ref="11406391008"/>
    <nd ref="11406391007"/>
    <nd ref="11406391012"/>
    <nd ref="11406391013"/>
    <tag k="addr:city" v="Worksop"/>
    <tag k="addr:housenumber" v="28"/>
    <tag k="addr:postcode" v="S81 9ET"/>
    <tag k="addr:street" v="Highfield Grove"/>
    <tag k="building" v="house"/>
    <tag k="ref:GB:uprn" v="100031288941"/>
  </way>
  <way id="1230001861" version="4" timestamp="2025-09-21T23:28:17Z" changeset="172269123" uid="8857" user="philipcullen">
    <nd ref="11406391022"/>
    <nd ref="11406391019"/>
    <nd ref="11406391020"/>
    <nd ref="11406391015"/>
    <nd ref="11406391014"/>
    <nd ref="11406391016"/>
    <nd ref="11406391017"/>
    <nd ref="11406391018"/>
    <nd ref="11406391021"/>
    <nd ref="11406391022"/>
    <tag k="addr:city" v="Worksop"/>
    <tag k="addr:housenumber" v="26"/>
    <tag k="addr:postcode" v="S81 9ET"/>
    <tag k="addr:street" v="Highfield Grove"/>
    <tag k="building" v="house"/>
    <tag k="ref:GB:uprn" v="100031288940"/>
  </way>
  <way id="1230001862" version="4" timestamp="2025-09-21T23:28:17Z" changeset="172269123" uid="8857" user="philipcullen">
    <nd ref="11406391030"/>
    <nd ref="11406391027"/>
    <nd ref="11406391025"/>
    <nd ref="11406391024"/>
    <nd ref="11406391026"/>
    <nd ref="11406391028"/>
    <nd ref="11406391029"/>
    <nd ref="11406391030"/>
    <tag k="addr:city" v="Worksop"/>
    <tag k="addr:housenumber" v="24"/>
    <tag k="addr:postcode" v="S81 9ET"/>
    <tag k="addr:street" v="Highfield Grove"/>
    <tag k="building" v="house"/>
    <tag k="ref:GB:uprn" v="100031288939"/>
  </way>
  <way id="1230001863" version="4" timestamp="2025-09-21T23:28:17Z" changeset="172269123" uid="8857" user="philipcullen">
    <nd ref="11406391037"/>
    <nd ref="11406391034"/>
    <nd ref="11406391031"/>
    <nd ref="11406391032"/>
    <nd ref="11406391033"/>
    <nd ref="11406391035"/>
    <nd ref="11406391036"/>
    <nd ref="11406391037"/>
    <tag k="addr:city" v="Worksop"/>
    <tag k="addr:housenumber" v="22"/>
    <tag k="addr:postcode" v="S81 9ET"/>
    <tag k="addr:street" v="Highfield Grove"/>
    <tag k="building" v="house"/>
    <tag k="ref:GB:uprn" v="100031288938"/>
  </way>
  <way id="1230001864" version="4" timestamp="2025-09-21T23:28:17Z" changeset="172269123" uid="8857" user="philipcullen">
    <nd ref="11406391044"/>
    <nd ref="11406391041"/>
    <nd ref="11406391040"/>
    <nd ref="11406391039"/>
    <nd ref="11406391038"/>
    <nd ref="11406391042"/>
    <nd ref="11406391043"/>
    <nd ref="11406391044"/>
    <tag k="addr:city" v="Worksop"/>
    <tag k="addr:housenumber" v="20"/>
    <tag k="addr:postcode" v="S81 9ET"/>
    <tag k="addr:street" v="Highfield Grove"/>
    <tag k="building" v="house"/>
    <tag k="ref:GB:uprn" v="100031288937"/>
  </way>
  <way id="1230001865" version="4" timestamp="2025-09-21T23:28:17Z" changeset="172269123" uid="8857" user="philipcullen">
    <nd ref="11406391048"/>
    <nd ref="11406391045"/>
    <nd ref="11406391046"/>
    <nd ref="11406391047"/>
    <nd ref="11406391048"/>
    <tag k="addr:city" v="Worksop"/>
    <tag k="addr:housenumber" v="18"/>
    <tag k="addr:postcode" v="S81 9ET"/>
    <tag k="addr:street" v="Highfield Grove"/>
    <tag k="building" v="house"/>
    <tag k="ref:GB:uprn" v="100031288935"/>
  </way>
  <way id="1230001866" version="4" timestamp="2025-09-21T23:28:17Z" changeset="172269123" uid="8857" user="philipcullen">
    <nd ref="11406391058"/>
    <nd ref="11406391056"/>
    <nd ref="11406391051"/>
    <nd ref="11406391050"/>
    <nd ref="11406391049"/>
    <nd ref="11406391055"/>
    <nd ref="11406391054"/>
    <nd ref="11406391052"/>
    <nd ref="11406391053"/>
    <nd ref="11406391057"/>
    <nd ref="11406391058"/>
    <tag k="addr:city" v="Worksop"/>
    <tag k="addr:housenumber" v="16"/>
    <tag k="addr:postcode" v="S81 9ET"/>
    <tag k="addr:street" v="Highfield Grove"/>
    <tag k="building" v="house"/>
    <tag k="ref:GB:uprn" v="100031288933"/>
  </way>
  <way id="1230001867" version="4" timestamp="2025-09-21T23:28:17Z" changeset="172269123" uid="8857" user="philipcullen">
    <nd ref="11406391066"/>
    <nd ref="11406391062"/>
    <nd ref="11406391061"/>
    <nd ref="11406391059"/>
    <nd ref="11406391060"/>
    <nd ref="11406391065"/>
    <nd ref="11406391064"/>
    <nd ref="11406391063"/>
    <nd ref="11406391066"/>
    <tag k="addr:city" v="Worksop"/>
    <tag k="addr:housenumber" v="14"/>
    <tag k="addr:postcode" v="S81 9ET"/>
    <tag k="addr:street" v="Highfield Grove"/>
    <tag k="building" v="house"/>
    <tag k="ref:GB:uprn" v="100031288931"/>
  </way>
  <way id="1230001868" version="4" timestamp="2025-09-21T23:28:17Z" changeset="172269123" uid="8857" user="philipcullen">
    <nd ref="11406391070"/>
    <nd ref="11406391069"/>
    <nd ref="11406391068"/>
    <nd ref="11406391067"/>
    <nd ref="11406391070"/>
    <tag k="addr:city" v="Worksop"/>
    <tag k="addr:housenumber" v="12"/>
    <tag k="addr:postcode" v="S81 9ET"/>
    <tag k="addr:street" v="Highfield Grove"/>
    <tag k="building" v="house"/>
    <tag k="ref:GB:uprn" v="100031288929"/>
  </way>
  <way id="1230001869" version="4" timestamp="2025-09-21T23:28:17Z" changeset="172269123" uid="8857" user="philipcullen">
    <nd ref="11406391072"/>
    <nd ref="11406391075"/>
    <nd ref="11406391074"/>
    <nd ref="11406391071"/>
    <nd ref="11406391072"/>
    <tag k="addr:city" v="Worksop"/>
    <tag k="addr:housenumber" v="10"/>
    <tag k="addr:postcode" v="S81 9ET"/>
    <tag k="addr:street" v="Highfield Grove"/>
    <tag k="building" v="house"/>
    <tag k="ref:GB:uprn" v="100031288927"/>
  </way>
  <way id="1230001870" version="4" timestamp="2025-09-21T23:28:17Z" changeset="172269123" uid="8857" user="philipcullen">
    <nd ref="11406391076"/>
    <nd ref="11406391072"/>
    <nd ref="11406391071"/>
    <nd ref="11406391073"/>
    <nd ref="11406391076"/>
    <tag k="addr:city" v="Worksop"/>
    <tag k="addr:housenumber" v="8"/>
    <tag k="addr:postcode" v="S81 9ET"/>
    <tag k="addr:street" v="Highfield Grove"/>
    <tag k="building" v="house"/>
    <tag k="ref:GB:uprn" v="100031288925"/>
  </way>
  <way id="1230001871" version="4" timestamp="2025-09-21T23:28:17Z" changeset="172269123" uid="8857" user="philipcullen">
    <nd ref="11406391085"/>
    <nd ref="11406391081"/>
    <nd ref="11406391080"/>
    <nd ref="11406391077"/>
    <nd ref="11406391078"/>
    <nd ref="11406391079"/>
    <nd ref="11406391082"/>
    <nd ref="11406391085"/>
    <tag k="addr:city" v="Worksop"/>
    <tag k="addr:housenumber" v="4"/>
    <tag k="addr:postcode" v="S81 9ET"/>
    <tag k="addr:street" v="Highfield Grove"/>
    <tag k="building" v="house"/>
    <tag k="ref:GB:uprn" v="100031288921"/>
  </way>
  <way id="1230001872" version="4" timestamp="2025-09-21T23:28:17Z" changeset="172269123" uid="8857" user="philipcullen">
    <nd ref="11406391081"/>
    <nd ref="11406391084"/>
    <nd ref="11406391083"/>
    <nd ref="11406391080"/>
    <nd ref="11406391081"/>
    <tag k="addr:city" v="Worksop"/>
    <tag k="addr:housenumber" v="6"/>
    <tag k="addr:postcode" v="S81 9ET"/>
    <tag k="addr:street" v="Highfield Grove"/>
    <tag k="building" v="house"/>
    <tag k="ref:GB:uprn" v="100031288923"/>
  </way>
  <way id="1230001875" version="4" timestamp="2025-09-21T23:28:17Z" changeset="172269123" uid="8857" user="philipcullen">
    <nd ref="11406391094"/>
    <nd ref="11406391090"/>
    <nd ref="11406391091"/>
    <nd ref="11406391096"/>
    <nd ref="11406391099"/>
    <nd ref="11406391095"/>
    <nd ref="11406391092"/>
    <nd ref="11406391093"/>
    <nd ref="11406391094"/>
    <tag k="addr:city" v="Worksop"/>
    <tag k="addr:housenumber" v="2"/>
    <tag k="addr:postcode" v="S81 9ET"/>
    <tag k="addr:street" v="Highfield Grove"/>
    <tag k="building" v="house"/>
    <tag k="ref:GB:uprn" v="100031288919"/>
  </way>
  <way id="1230203416" version="4" timestamp="2025-09-21T23:28:17Z" changeset="172269123" uid="8857" user="philipcullen">
    <nd ref="11408528187"/>
    <nd ref="11408528185"/>
    <nd ref="11408528186"/>
    <nd ref="11408528181"/>
    <nd ref="11408528180"/>
    <nd ref="11408528182"/>
    <nd ref="11408528183"/>
    <nd ref="11408528184"/>
    <nd ref="11408528187"/>
    <tag k="addr:city" v="Worksop"/>
    <tag k="addr:housenumber" v="66A"/>
    <tag k="addr:postcode" v="S81 9AL"/>
    <tag k="addr:street" v="Long Lane"/>
    <tag k="building" v="house"/>
    <tag k="ref:GB:uprn" v="10023272318"/>
  </way>
  <way id="1230203417" version="4" timestamp="2025-09-21T23:28:17Z" changeset="172269123" uid="8857" user="philipcullen">
    <nd ref="11408528196"/>
    <nd ref="11408528193"/>
    <nd ref="11408528192"/>
    <nd ref="11408528195"/>
    <nd ref="11408528196"/>
    <tag k="addr:city" v="Worksop"/>
    <tag k="addr:housenumber" v="66"/>
    <tag k="addr:postcode" v="S81 9AL"/>
    <tag k="addr:street" v="Long Lane"/>
    <tag k="building" v="house"/>
    <tag k="ref:GB:uprn" v="100031291739"/>
  </way>
  <way id="1230203418" version="4" timestamp="2025-09-21T23:28:17Z" changeset="172269123" uid="8857" user="philipcullen">
    <nd ref="11408528197"/>
    <nd ref="11408528196"/>
    <nd ref="11408528195"/>
    <nd ref="11408528194"/>
    <nd ref="11408528197"/>
    <tag k="addr:city" v="Worksop"/>
    <tag k="addr:housenumber" v="68"/>
    <tag k="addr:postcode" v="S81 9AL"/>
    <tag k="addr:street" v="Long Lane"/>
    <tag k="building" v="house"/>
    <tag k="ref:GB:uprn" v="100031291743"/>
  </way>
  <way id="1230203419" version="4" timestamp="2025-09-21T23:28:17Z" changeset="172269123" uid="8857" user="philipcullen">
    <nd ref="11408528202"/>
    <nd ref="11408528199"/>
    <nd ref="11408528198"/>
    <nd ref="11408528201"/>
    <nd ref="11408528202"/>
    <tag k="addr:city" v="Worksop"/>
    <tag k="addr:housenumber" v="62"/>
    <tag k="addr:postcode" v="S81 9AL"/>
    <tag k="addr:street" v="Long Lane"/>
    <tag k="building" v="house"/>
    <tag k="ref:GB:uprn" v="100031291734"/>
  </way>
  <way id="1230203420" version="4" timestamp="2025-09-21T23:28:17Z" changeset="172269123" uid="8857" user="philipcullen">
    <nd ref="11408528203"/>
    <nd ref="11408528202"/>
    <nd ref="11408528201"/>
    <nd ref="11408528200"/>
    <nd ref="11408528203"/>
    <tag k="addr:city" v="Worksop"/>
    <tag k="addr:housenumber" v="64"/>
    <tag k="addr:postcode" v="S81 9AL"/>
    <tag k="addr:street" v="Long Lane"/>
    <tag k="building" v="house"/>
    <tag k="ref:GB:uprn" v="100031291736"/>
  </way>
  <way id="1230203421" version="4" timestamp="2025-09-21T23:28:17Z" changeset="172269123" uid="8857" user="philipcullen">
    <nd ref="11408528205"/>
    <nd ref="11408528208"/>
    <nd ref="11408528207"/>
    <nd ref="11408528204"/>
    <nd ref="11408528205"/>
    <tag k="addr:city" v="Worksop"/>
    <tag k="addr:housenumber" v="58"/>
    <tag k="addr:postcode" v="S81 9AL"/>
    <tag k="addr:street" v="Long Lane"/>
    <tag k="building" v="house"/>
    <tag k="ref:GB:uprn" v="100031291730"/>
  </way>
  <way id="1230203422" version="4" timestamp="2025-09-21T23:28:17Z" changeset="172269123" uid="8857" user="philipcullen">
    <nd ref="11408528209"/>
    <nd ref="11408528205"/>
    <nd ref="11408528204"/>
    <nd ref="11408528206"/>
    <nd ref="11408528209"/>
    <tag k="addr:city" v="Worksop"/>
    <tag k="addr:housenumber" v="60"/>
    <tag k="addr:postcode" v="S81 9AL"/>
    <tag k="addr:street" v="Long Lane"/>
    <tag k="building" v="house"/>
    <tag k="ref:GB:uprn" v="100031291732"/>
  </way>
  <way id="1230203423" version="4" timestamp="2025-09-21T23:28:17Z" changeset="172269123" uid="8857" user="philipcullen">
    <nd ref="11408528222"/>
    <nd ref="11408528219"/>
    <nd ref="11408528218"/>
    <nd ref="11408528212"/>
    <nd ref="11408528213"/>
    <nd ref="11408528214"/>
    <nd ref="11408528221"/>
    <nd ref="11408528222"/>
    <tag k="addr:city" v="Worksop"/>
    <tag k="addr:housenumber" v="56"/>
    <tag k="addr:postcode" v="S81 9AL"/>
    <tag k="addr:street" v="Long Lane"/>
    <tag k="building" v="house"/>
    <tag k="ref:GB:uprn" v="100031291728"/>
  </way>
  <way id="1230203424" version="4" timestamp="2025-09-21T23:28:17Z" changeset="172269123" uid="8857" user="philipcullen">
    <nd ref="11408528223"/>
    <nd ref="11408528222"/>
    <nd ref="11408528221"/>
    <nd ref="11408528217"/>
    <nd ref="11408528216"/>
    <nd ref="11408528215"/>
    <nd ref="11408528220"/>
    <nd ref="11408528223"/>
    <tag k="addr:city" v="Worksop"/>
    <tag k="addr:housenumber" v="54"/>
    <tag k="addr:postcode" v="S81 9AL"/>
    <tag k="addr:street" v="Long Lane"/>
    <tag k="building" v="house"/>
    <tag k="ref:GB:uprn" v="100031291726"/>
  </way>
  <way id="1230203425" version="4" timestamp="2025-09-21T23:28:17Z" changeset="172269123" uid="8857" user="philipcullen">
    <nd ref="11408528225"/>
    <nd ref="11408528229"/>
    <nd ref="11408528228"/>
    <nd ref="11408528211"/>
    <nd ref="11408528210"/>
    <nd ref="11408528224"/>
    <nd ref="11408528225"/>
    <tag k="addr:city" v="Worksop"/>
    <tag k="addr:housenumber" v="52"/>
    <tag k="addr:postcode" v="S81 9AL"/>
    <tag k="addr:street" v="Long Lane"/>
    <tag k="building" v="house"/>
    <tag k="ref:GB:uprn" v="100031291724"/>
  </way>
  <way id="1230203426" version="4" timestamp="2025-09-21T23:28:17Z" changeset="172269123" uid="8857" user="philipcullen">
    <nd ref="11408528226"/>
    <nd ref="11408528225"/>
    <nd ref="11408528224"/>
    <nd ref="11408528227"/>
    <nd ref="11408528226"/>
    <tag k="addr:city" v="Worksop"/>
    <tag k="addr:housenumber" v="50"/>
    <tag k="addr:postcode" v="S81 9AL"/>
    <tag k="addr:street" v="Long Lane"/>
    <tag k="building" v="house"/>
    <tag k="ref:GB:uprn" v="100031291722"/>
  </way>
  <way id="1230203427" version="4" timestamp="2025-09-21T23:28:17Z" changeset="172269123" uid="8857" user="philipcullen">
    <nd ref="11408528233"/>
    <nd ref="11408528232"/>
    <nd ref="11408528231"/>
    <nd ref="11408528230"/>
    <nd ref="11408528233"/>
    <tag k="addr:city" v="Worksop"/>
    <tag k="addr:housenumber" v="46"/>
    <tag k="addr:postcode" v="S81 9AL"/>
    <tag k="addr:street" v="Long Lane"/>
    <tag k="building" v="house"/>
    <tag k="ref:GB:uprn" v="100031291719"/>
  </way>
  <way id="1230203428" version="4" timestamp="2025-09-21T23:28:17Z" changeset="172269123" uid="8857" user="philipcullen">
    <nd ref="11408528250"/>
    <nd ref="11408528249"/>
    <nd ref="11408528242"/>
    <nd ref="11408528241"/>
    <nd ref="11408528240"/>
    <nd ref="11408528248"/>
    <nd ref="11408528247"/>
    <nd ref="11408528250"/>
    <tag k="addr:city" v="Worksop"/>
    <tag k="addr:housenumber" v="42"/>
    <tag k="addr:postcode" v="S81 9AL"/>
    <tag k="addr:street" v="Long Lane"/>
    <tag k="building" v="house"/>
    <tag k="ref:GB:uprn" v="100031291715"/>
  </way>
  <way id="1230203429" version="4" timestamp="2025-09-21T23:28:17Z" changeset="172269123" uid="8857" user="philipcullen">
    <nd ref="11408528254"/>
    <nd ref="11408528253"/>
    <nd ref="11408528237"/>
    <nd ref="11408528238"/>
    <nd ref="11408528239"/>
    <nd ref="11408528252"/>
    <nd ref="11408528251"/>
    <nd ref="11408528254"/>
    <tag k="addr:city" v="Worksop"/>
    <tag k="addr:housenumber" v="40"/>
    <tag k="addr:postcode" v="S81 9AL"/>
    <tag k="addr:street" v="Long Lane"/>
    <tag k="building" v="house"/>
    <tag k="ref:GB:uprn" v="100031291713"/>
  </way>
  <way id="1230203430" version="4" timestamp="2025-09-21T23:28:17Z" changeset="172269123" uid="8857" user="philipcullen">
    <nd ref="11408528245"/>
    <nd ref="11408528234"/>
    <nd ref="11408528235"/>
    <nd ref="11408528236"/>
    <nd ref="11408528244"/>
    <nd ref="11408528243"/>
    <nd ref="11408528246"/>
    <nd ref="11408528245"/>
    <tag k="addr:city" v="Worksop"/>
    <tag k="addr:housenumber" v="44"/>
    <tag k="addr:postcode" v="S81 9AL"/>
    <tag k="addr:street" v="Long Lane"/>
    <tag k="building" v="house"/>
    <tag k="ref:GB:uprn" v="100031291717"/>
  </way>
  <way id="1230203431" version="4" timestamp="2025-09-21T23:28:17Z" changeset="172269123" uid="8857" user="philipcullen">
    <nd ref="11408528261"/>
    <nd ref="11408528258"/>
    <nd ref="11408528257"/>
    <nd ref="11408528255"/>
    <nd ref="11408528256"/>
    <nd ref="11408528259"/>
    <nd ref="11408528260"/>
    <nd ref="11408528261"/>
    <tag k="addr:city" v="Worksop"/>
    <tag k="addr:housenumber" v="38"/>
    <tag k="addr:postcode" v="S81 9AL"/>
    <tag k="addr:street" v="Long Lane"/>
    <tag k="building" v="house"/>
    <tag k="ref:GB:uprn" v="100031291712"/>
  </way>
  <way id="1230203432" version="4" timestamp="2025-09-21T23:28:17Z" changeset="172269123" uid="8857" user="philipcullen">
    <nd ref="11408528268"/>
    <nd ref="11408528267"/>
    <nd ref="11408528264"/>
    <nd ref="11408528263"/>
    <nd ref="11408528262"/>
    <nd ref="11408528266"/>
    <nd ref="11408528265"/>
    <nd ref="11408528268"/>
    <tag k="addr:city" v="Worksop"/>
    <tag k="addr:housenumber" v="36"/>
    <tag k="addr:postcode" v="S81 9AL"/>
    <tag k="addr:street" v="Long Lane"/>
    <tag k="building" v="house"/>
    <tag k="ref:GB:uprn" v="100031291710"/>
  </way>
  <way id="1230203433" version="4" timestamp="2025-09-21T23:28:17Z" changeset="172269123" uid="8857" user="philipcullen">
    <nd ref="11408528281"/>
    <nd ref="11408528280"/>
    <nd ref="11408528279"/>
    <nd ref="11408528282"/>
    <nd ref="11408528269"/>
    <nd ref="11408528270"/>
    <nd ref="11408528281"/>
    <tag k="addr:city" v="Worksop"/>
    <tag k="addr:housenumber" v="30"/>
    <tag k="addr:postcode" v="S81 9AL"/>
    <tag k="addr:street" v="Long Lane"/>
    <tag k="building" v="house"/>
    <tag k="ref:GB:uprn" v="100031291704"/>
  </way>
  <way id="1230203434" version="4" timestamp="2025-09-21T23:28:17Z" changeset="172269123" uid="8857" user="philipcullen">
    <nd ref="11408528275"/>
    <nd ref="11408528272"/>
    <nd ref="11408528271"/>
    <nd ref="11408528274"/>
    <nd ref="11408528275"/>
    <tag k="addr:city" v="Worksop"/>
    <tag k="addr:housenumber" v="32"/>
    <tag k="addr:postcode" v="S81 9AL"/>
    <tag k="addr:street" v="Long Lane"/>
    <tag k="building" v="house"/>
    <tag k="ref:GB:uprn" v="100031291706"/>
  </way>
  <way id="1230203435" version="4" timestamp="2025-09-21T23:28:17Z" changeset="172269123" uid="8857" user="philipcullen">
    <nd ref="11408528276"/>
    <nd ref="11408528275"/>
    <nd ref="11408528274"/>
    <nd ref="11408528273"/>
    <nd ref="11408528276"/>
    <tag k="addr:city" v="Worksop"/>
    <tag k="addr:housenumber" v="34"/>
    <tag k="addr:postcode" v="S81 9AL"/>
    <tag k="addr:street" v="Long Lane"/>
    <tag k="building" v="house"/>
    <tag k="ref:GB:uprn" v="100031291708"/>
  </way>
  <way id="1230203436" version="4" timestamp="2025-09-21T23:28:17Z" changeset="172269123" uid="8857" user="philipcullen">
    <nd ref="11408528281"/>
    <nd ref="11408528278"/>
    <nd ref="11408528277"/>
    <nd ref="11408528280"/>
    <nd ref="11408528281"/>
    <tag k="addr:city" v="Worksop"/>
    <tag k="addr:housenumber" v="28"/>
    <tag k="addr:postcode" v="S81 9AL"/>
    <tag k="addr:street" v="Long Lane"/>
    <tag k="building" v="house"/>
    <tag k="ref:GB:uprn" v="100031291702"/>
  </way>
  <way id="1230203437" version="4" timestamp="2025-09-21T23:28:17Z" changeset="172269123" uid="8857" user="philipcullen">
    <nd ref="11408528295"/>
    <nd ref="11408528290"/>
    <nd ref="11408528289"/>
    <nd ref="11408528292"/>
    <nd ref="11408528291"/>
    <nd ref="11408528294"/>
    <nd ref="11408528295"/>
    <tag k="addr:city" v="Worksop"/>
    <tag k="addr:housenumber" v="24"/>
    <tag k="addr:postcode" v="S81 9AJ"/>
    <tag k="addr:street" v="Long Lane"/>
    <tag k="building" v="house"/>
    <tag k="ref:GB:uprn" v="100031291698"/>
  </way>
  <way id="1230203438" version="4" timestamp="2025-09-21T23:28:17Z" changeset="172269123" uid="8857" user="philipcullen">
    <nd ref="11408528285"/>
    <nd ref="11408528284"/>
    <nd ref="11408528283"/>
    <nd ref="11408528316"/>
    <nd ref="11408528315"/>
    <nd ref="11408528318"/>
    <nd ref="11408528317"/>
    <nd ref="11408528286"/>
    <nd ref="11408528287"/>
    <nd ref="11408528288"/>
    <nd ref="11408528285"/>
    <tag k="addr:city" v="Worksop"/>
    <tag k="addr:housenumber" v="10"/>
    <tag k="addr:postcode" v="S81 9AJ"/>
    <tag k="addr:street" v="Long Lane"/>
    <tag k="building" v="house"/>
    <tag k="ref:GB:uprn" v="100031291683"/>
  </way>
  <way id="1230203439" version="4" timestamp="2025-09-21T23:28:17Z" changeset="172269123" uid="8857" user="philipcullen">
    <nd ref="11408528296"/>
    <nd ref="11408528295"/>
    <nd ref="11408528294"/>
    <nd ref="11408528293"/>
    <nd ref="11408528296"/>
    <tag k="addr:city" v="Worksop"/>
    <tag k="addr:housenumber" v="26"/>
    <tag k="addr:postcode" v="S81 9AJ"/>
    <tag k="addr:street" v="Long Lane"/>
    <tag k="building" v="house"/>
    <tag k="ref:GB:uprn" v="100031291700"/>
  </way>
  <way id="1230203440" version="4" timestamp="2025-09-21T23:28:17Z" changeset="172269123" uid="8857" user="philipcullen">
    <nd ref="11408528301"/>
    <nd ref="11408528298"/>
    <nd ref="11408528297"/>
    <nd ref="11408528300"/>
    <nd ref="11408528301"/>
    <tag k="addr:city" v="Worksop"/>
    <tag k="addr:housenumber" v="20"/>
    <tag k="addr:postcode" v="S81 9AJ"/>
    <tag k="addr:street" v="Long Lane"/>
    <tag k="building" v="house"/>
    <tag k="ref:GB:uprn" v="100031291693"/>
  </way>
  <way id="1230203441" version="4" timestamp="2025-09-21T23:28:17Z" changeset="172269123" uid="8857" user="philipcullen">
    <nd ref="11408528302"/>
    <nd ref="11408528301"/>
    <nd ref="11408528300"/>
    <nd ref="11408528299"/>
    <nd ref="11408528302"/>
    <tag k="addr:city" v="Worksop"/>
    <tag k="addr:housenumber" v="22"/>
    <tag k="addr:postcode" v="S81 9AJ"/>
    <tag k="addr:street" v="Long Lane"/>
    <tag k="building" v="house"/>
    <tag k="ref:GB:uprn" v="100031291695"/>
  </way>
  <way id="1230203442" version="4" timestamp="2025-09-21T23:28:17Z" changeset="172269123" uid="8857" user="philipcullen">
    <nd ref="11408528307"/>
    <nd ref="11408528304"/>
    <nd ref="11408528303"/>
    <nd ref="11408528306"/>
    <nd ref="11408528307"/>
    <tag k="addr:city" v="Worksop"/>
    <tag k="addr:housenumber" v="16"/>
    <tag k="addr:postcode" v="S81 9AJ"/>
    <tag k="addr:street" v="Long Lane"/>
    <tag k="building" v="house"/>
    <tag k="ref:GB:uprn" v="100031291689"/>
  </way>
  <way id="1230203443" version="4" timestamp="2025-09-21T23:28:17Z" changeset="172269123" uid="8857" user="philipcullen">
    <nd ref="11408528308"/>
    <nd ref="11408528307"/>
    <nd ref="11408528306"/>
    <nd ref="11408528305"/>
    <nd ref="11408528308"/>
    <tag k="addr:city" v="Worksop"/>
    <tag k="addr:housenumber" v="18"/>
    <tag k="addr:postcode" v="S81 9AJ"/>
    <tag k="addr:street" v="Long Lane"/>
    <tag k="building" v="house"/>
    <tag k="ref:GB:uprn" v="100031291691"/>
  </way>
  <way id="1230203444" version="4" timestamp="2025-09-21T23:28:17Z" changeset="172269123" uid="8857" user="philipcullen">
    <nd ref="11408528310"/>
    <nd ref="11408528311"/>
    <nd ref="11408528312"/>
    <nd ref="11408528309"/>
    <nd ref="11408528310"/>
    <tag k="addr:city" v="Worksop"/>
    <tag k="addr:housenumber" v="12"/>
    <tag k="addr:postcode" v="S81 9AJ"/>
    <tag k="addr:street" v="Long Lane"/>
    <tag k="building" v="house"/>
    <tag k="ref:GB:uprn" v="100031291685"/>
  </way>
  <way id="1230203445" version="4" timestamp="2025-09-21T23:28:17Z" changeset="172269123" uid="8857" user="philipcullen">
    <nd ref="11408528314"/>
    <nd ref="11408528310"/>
    <nd ref="11408528309"/>
    <nd ref="11408528313"/>
    <nd ref="11408528314"/>
    <tag k="addr:city" v="Worksop"/>
    <tag k="addr:housenumber" v="14"/>
    <tag k="addr:postcode" v="S81 9AJ"/>
    <tag k="addr:street" v="Long Lane"/>
    <tag k="building" v="house"/>
    <tag k="ref:GB:uprn" v="100031291687"/>
  </way>
  <way id="1230203446" version="4" timestamp="2025-09-21T23:28:17Z" changeset="172269123" uid="8857" user="philipcullen">
    <nd ref="11408528322"/>
    <nd ref="11408528321"/>
    <nd ref="11408528320"/>
    <nd ref="11408528319"/>
    <nd ref="11408528322"/>
    <tag k="addr:city" v="Worksop"/>
    <tag k="addr:housenumber" v="8"/>
    <tag k="addr:postcode" v="S81 9AJ"/>
    <tag k="addr:street" v="Long Lane"/>
    <tag k="building" v="house"/>
    <tag k="ref:GB:uprn" v="100031291681"/>
  </way>
  <way id="1230203447" version="4" timestamp="2025-09-21T23:28:17Z" changeset="172269123" uid="8857" user="philipcullen">
    <nd ref="11408528329"/>
    <nd ref="11408528328"/>
    <nd ref="11408528325"/>
    <nd ref="11408528324"/>
    <nd ref="11408528323"/>
    <nd ref="11408528327"/>
    <nd ref="11408528326"/>
    <nd ref="11408528329"/>
    <tag k="addr:city" v="Worksop"/>
    <tag k="addr:housenumber" v="6"/>
    <tag k="addr:postcode" v="S81 9AJ"/>
    <tag k="addr:street" v="Long Lane"/>
    <tag k="building" v="house"/>
    <tag k="ref:GB:uprn" v="100031291679"/>
  </way>
  <way id="1230203448" version="4" timestamp="2025-09-21T23:28:17Z" changeset="172269123" uid="8857" user="philipcullen">
    <nd ref="11408528336"/>
    <nd ref="11408528335"/>
    <nd ref="11408528334"/>
    <nd ref="11408528330"/>
    <nd ref="11408528331"/>
    <nd ref="11408528332"/>
    <nd ref="11408528333"/>
    <nd ref="11408528336"/>
    <tag k="addr:city" v="Worksop"/>
    <tag k="addr:housenumber" v="4"/>
    <tag k="addr:postcode" v="S81 9AJ"/>
    <tag k="addr:street" v="Long Lane"/>
    <tag k="building" v="house"/>
    <tag k="ref:GB:uprn" v="10090589388"/>
  </way>
  <way id="1230203449" version="4" timestamp="2025-09-21T23:28:17Z" changeset="172269123" uid="8857" user="philipcullen">
    <nd ref="11408528340"/>
    <nd ref="11408528339"/>
    <nd ref="11408528338"/>
    <nd ref="11408528337"/>
    <nd ref="11408528340"/>
    <tag k="addr:city" v="Worksop"/>
    <tag k="addr:housenumber" v="2"/>
    <tag k="addr:postcode" v="S81 9AJ"/>
    <tag k="addr:street" v="Long Lane"/>
    <tag k="building" v="house"/>
    <tag k="ref:GB:uprn" v="100031291675"/>
  </way>
  <way id="1230203452" version="4" timestamp="2025-09-21T23:28:17Z" changeset="172269123" uid="8857" user="philipcullen">
    <nd ref="11408528349"/>
    <nd ref="11408528346"/>
    <nd ref="11408528347"/>
    <nd ref="11408528348"/>
    <nd ref="11408528349"/>
    <tag k="addr:city" v="Worksop"/>
    <tag k="addr:housenumber" v="30"/>
    <tag k="addr:postcode" v="S81 9RE"/>
    <tag k="addr:street" v="Oakham Drive"/>
    <tag k="building" v="house"/>
    <tag k="ref:GB:uprn" v="10023267704"/>
  </way>
  <way id="1230203453" version="4" timestamp="2025-09-21T23:28:17Z" changeset="172269123" uid="8857" user="philipcullen">
    <nd ref="11408528374"/>
    <nd ref="11408528373"/>
    <nd ref="11408528372"/>
    <nd ref="11408528354"/>
    <nd ref="11408528353"/>
    <nd ref="11408528355"/>
    <nd ref="11408528371"/>
    <nd ref="11408528374"/>
    <tag k="addr:city" v="Worksop"/>
    <tag k="addr:housenumber" v="22"/>
    <tag k="addr:postcode" v="S81 9RE"/>
    <tag k="addr:street" v="Oakham Drive"/>
    <tag k="building" v="house"/>
    <tag k="ref:GB:uprn" v="10023265098"/>
  </way>
  <way id="1230203454" version="4" timestamp="2025-09-21T23:28:17Z" changeset="172269123" uid="8857" user="philipcullen">
    <nd ref="11408528362"/>
    <nd ref="11408528361"/>
    <nd ref="11408528360"/>
    <nd ref="11408528357"/>
    <nd ref="11408528356"/>
    <nd ref="11408528358"/>
    <nd ref="11408528359"/>
    <nd ref="11408528362"/>
    <tag k="addr:city" v="Worksop"/>
    <tag k="addr:housenumber" v="28"/>
    <tag k="addr:postcode" v="S81 9RE"/>
    <tag k="addr:street" v="Oakham Drive"/>
    <tag k="building" v="house"/>
    <tag k="ref:GB:uprn" v="10023265108"/>
  </way>
  <way id="1230203455" version="4" timestamp="2025-09-21T23:28:17Z" changeset="172269123" uid="8857" user="philipcullen">
    <nd ref="11408528364"/>
    <nd ref="11408528350"/>
    <nd ref="11408528351"/>
    <nd ref="11408528352"/>
    <nd ref="11408528363"/>
    <nd ref="11408528366"/>
    <nd ref="11408528365"/>
    <nd ref="11408528364"/>
    <tag k="addr:city" v="Worksop"/>
    <tag k="addr:housenumber" v="26"/>
    <tag k="addr:postcode" v="S81 9RE"/>
    <tag k="addr:street" v="Oakham Drive"/>
    <tag k="building" v="house"/>
    <tag k="ref:GB:uprn" v="10023265101"/>
  </way>
  <way id="1230203456" version="4" timestamp="2025-09-21T23:28:17Z" changeset="172269123" uid="8857" user="philipcullen">
    <nd ref="11408528370"/>
    <nd ref="11408528369"/>
    <nd ref="11408528368"/>
    <nd ref="11408528367"/>
    <nd ref="11408528370"/>
    <tag k="addr:city" v="Worksop"/>
    <tag k="addr:housenumber" v="24"/>
    <tag k="addr:postcode" v="S81 9RE"/>
    <tag k="addr:street" v="Oakham Drive"/>
    <tag k="building" v="house"/>
    <tag k="ref:GB:uprn" v="10023265104"/>
  </way>
  <way id="1230203457" version="4" timestamp="2025-09-21T23:28:17Z" changeset="172269123" uid="8857" user="philipcullen">
    <nd ref="11408528378"/>
    <nd ref="11408528377"/>
    <nd ref="11408528376"/>
    <nd ref="11408528375"/>
    <nd ref="11408528378"/>
    <tag k="addr:city" v="Worksop"/>
    <tag k="addr:housenumber" v="20"/>
    <tag k="addr:postcode" v="S81 9RE"/>
    <tag k="addr:street" v="Oakham Drive"/>
    <tag k="building" v="house"/>
    <tag k="ref:GB:uprn" v="10023265109"/>
  </way>
  <way id="1230203458" version="4" timestamp="2025-09-21T23:28:17Z" changeset="172269123" uid="8857" user="philipcullen">
    <nd ref="11408528385"/>
    <nd ref="11408528382"/>
    <nd ref="11408528381"/>
    <nd ref="11408528380"/>
    <nd ref="11408528379"/>
    <nd ref="11408528383"/>
    <nd ref="11408528384"/>
    <nd ref="11408528385"/>
    <tag k="addr:city" v="Worksop"/>
    <tag k="addr:housenumber" v="18"/>
    <tag k="addr:postcode" v="S81 9RE"/>
    <tag k="addr:street" v="Oakham Drive"/>
    <tag k="building" v="house"/>
    <tag k="ref:GB:uprn" v="10023265105"/>
  </way>
  <way id="1230203459" version="4" timestamp="2025-09-21T23:28:17Z" changeset="172269123" uid="8857" user="philipcullen">
    <nd ref="11408528389"/>
    <nd ref="11408528386"/>
    <nd ref="11408528387"/>
    <nd ref="11408528388"/>
    <nd ref="11408528389"/>
    <tag k="addr:city" v="Worksop"/>
    <tag k="addr:housenumber" v="16"/>
    <tag k="addr:postcode" v="S81 9RE"/>
    <tag k="addr:street" v="Oakham Drive"/>
    <tag k="building" v="house"/>
    <tag k="ref:GB:uprn" v="10023265107"/>
  </way>
  <way id="1230203460" version="4" timestamp="2025-09-21T23:28:17Z" changeset="172269123" uid="8857" user="philipcullen">
    <nd ref="11408528398"/>
    <nd ref="11408528395"/>
    <nd ref="11408528391"/>
    <nd ref="11408528390"/>
    <nd ref="11408528392"/>
    <nd ref="11408528393"/>
    <nd ref="11408528394"/>
    <nd ref="11408528396"/>
    <nd ref="11408528397"/>
    <nd ref="11408528398"/>
    <tag k="addr:city" v="Worksop"/>
    <tag k="addr:housenumber" v="14"/>
    <tag k="addr:postcode" v="S81 9RE"/>
    <tag k="addr:street" v="Oakham Drive"/>
    <tag k="building" v="house"/>
    <tag k="ref:GB:uprn" v="10023265100"/>
  </way>
  <way id="1230203461" version="4" timestamp="2025-09-21T23:28:17Z" changeset="172269123" uid="8857" user="philipcullen">
    <nd ref="11408528403"/>
    <nd ref="11408528400"/>
    <nd ref="11408528399"/>
    <nd ref="11408528402"/>
    <nd ref="11408528403"/>
    <tag k="addr:city" v="Worksop"/>
    <tag k="addr:housenumber" v="10"/>
    <tag k="addr:postcode" v="S81 9RE"/>
    <tag k="addr:street" v="Oakham Drive"/>
    <tag k="building" v="house"/>
    <tag k="ref:GB:uprn" v="10023267703"/>
  </way>
  <way id="1230203462" version="4" timestamp="2025-09-21T23:28:17Z" changeset="172269123" uid="8857" user="philipcullen">
    <nd ref="11408528404"/>
    <nd ref="11408528403"/>
    <nd ref="11408528402"/>
    <nd ref="11408528401"/>
    <nd ref="11408528404"/>
    <tag k="addr:city" v="Worksop"/>
    <tag k="addr:housenumber" v="12"/>
    <tag k="addr:postcode" v="S81 9RE"/>
    <tag k="addr:street" v="Oakham Drive"/>
    <tag k="building" v="house"/>
    <tag k="ref:GB:uprn" v="10034466141"/>
  </way>
  <way id="1230203463" version="4" timestamp="2025-09-21T23:28:17Z" changeset="172269123" uid="8857" user="philipcullen">
    <nd ref="11408528406"/>
    <nd ref="11408528409"/>
    <nd ref="11408528408"/>
    <nd ref="11408528405"/>
    <nd ref="11408528406"/>
    <tag k="addr:city" v="Worksop"/>
    <tag k="addr:housenumber" v="6"/>
    <tag k="addr:postcode" v="S81 9RE"/>
    <tag k="addr:street" v="Oakham Drive"/>
    <tag k="building" v="house"/>
    <tag k="ref:GB:uprn" v="10023265103"/>
  </way>
  <way id="1230203464" version="4" timestamp="2025-09-21T23:28:17Z" changeset="172269123" uid="8857" user="philipcullen">
    <nd ref="11408528410"/>
    <nd ref="11408528406"/>
    <nd ref="11408528405"/>
    <nd ref="11408528407"/>
    <nd ref="11408528410"/>
    <tag k="addr:city" v="Worksop"/>
    <tag k="addr:housenumber" v="8"/>
    <tag k="addr:postcode" v="S81 9RE"/>
    <tag k="addr:street" v="Oakham Drive"/>
    <tag k="building" v="house"/>
    <tag k="ref:GB:uprn" v="10023265106"/>
  </way>
  <way id="1230203465" version="4" timestamp="2025-09-21T23:28:17Z" changeset="172269123" uid="8857" user="philipcullen">
    <nd ref="11408528414"/>
    <nd ref="11408528411"/>
    <nd ref="11408528412"/>
    <nd ref="11408528413"/>
    <nd ref="11408528414"/>
    <tag k="addr:city" v="Worksop"/>
    <tag k="addr:housenumber" v="9"/>
    <tag k="addr:postcode" v="S81 9RE"/>
    <tag k="addr:street" v="Oakham Drive"/>
    <tag k="building" v="house"/>
    <tag k="ref:GB:uprn" v="10034466142"/>
  </way>
  <way id="1230203466" version="4" timestamp="2025-09-21T23:28:17Z" changeset="172269123" uid="8857" user="philipcullen">
    <nd ref="11408528418"/>
    <nd ref="11408528423"/>
    <nd ref="11408528422"/>
    <nd ref="11408528417"/>
    <nd ref="11408528416"/>
    <nd ref="11408528415"/>
    <nd ref="11408528418"/>
    <tag k="addr:city" v="Worksop"/>
    <tag k="addr:housenumber" v="4"/>
    <tag k="addr:postcode" v="S81 9RE"/>
    <tag k="addr:street" v="Oakham Drive"/>
    <tag k="building" v="house"/>
    <tag k="ref:GB:uprn" v="10023265102"/>
  </way>
  <way id="1230203467" version="4" timestamp="2025-09-21T23:28:17Z" changeset="172269123" uid="8857" user="philipcullen">
    <nd ref="11408528424"/>
    <nd ref="11408528423"/>
    <nd ref="11408528422"/>
    <nd ref="11408528421"/>
    <nd ref="11408528420"/>
    <nd ref="11408528419"/>
    <nd ref="11408528424"/>
    <tag k="addr:city" v="Worksop"/>
    <tag k="addr:housenumber" v="2"/>
    <tag k="addr:postcode" v="S81 9RE"/>
    <tag k="addr:street" v="Oakham Drive"/>
    <tag k="building" v="house"/>
    <tag k="ref:GB:uprn" v="10023267705"/>
  </way>
  <way id="1230203468" version="4" timestamp="2025-09-21T23:28:17Z" changeset="172269123" uid="8857" user="philipcullen">
    <nd ref="11408528429"/>
    <nd ref="11408528431"/>
    <nd ref="11408528428"/>
    <nd ref="11408528427"/>
    <nd ref="11408528426"/>
    <nd ref="11408528425"/>
    <nd ref="11408528429"/>
    <tag k="addr:city" v="Worksop"/>
    <tag k="addr:housenumber" v="7"/>
    <tag k="addr:postcode" v="S81 9RE"/>
    <tag k="addr:street" v="Oakham Drive"/>
    <tag k="building" v="house"/>
    <tag k="ref:GB:uprn" v="10023265110"/>
  </way>
  <way id="1230203469" version="4" timestamp="2025-09-21T23:28:17Z" changeset="172269123" uid="8857" user="philipcullen">
    <nd ref="11408528432"/>
    <nd ref="11408528431"/>
    <nd ref="11408528428"/>
    <nd ref="11408528430"/>
    <nd ref="11408528434"/>
    <nd ref="11408528433"/>
    <nd ref="11408528432"/>
    <tag k="addr:city" v="Worksop"/>
    <tag k="addr:housenumber" v="5"/>
    <tag k="addr:postcode" v="S81 9RE"/>
    <tag k="addr:street" v="Oakham Drive"/>
    <tag k="building" v="house"/>
    <tag k="ref:GB:uprn" v="10023265097"/>
  </way>
  <way id="1230203470" version="4" timestamp="2025-09-21T23:28:17Z" changeset="172269123" uid="8857" user="philipcullen">
    <nd ref="11408528441"/>
    <nd ref="11408528440"/>
    <nd ref="11408528437"/>
    <nd ref="11408528438"/>
    <nd ref="11408528436"/>
    <nd ref="11408528435"/>
    <nd ref="11408528441"/>
    <tag k="addr:city" v="Worksop"/>
    <tag k="addr:housenumber" v="3"/>
    <tag k="addr:postcode" v="S81 9RE"/>
    <tag k="addr:street" v="Oakham Drive"/>
    <tag k="building" v="house"/>
    <tag k="ref:GB:uprn" v="10013972713"/>
  </way>
  <way id="1230203471" version="4" timestamp="2025-09-21T23:28:17Z" changeset="172269123" uid="8857" user="philipcullen">
    <nd ref="11408528442"/>
    <nd ref="11408528438"/>
    <nd ref="11408528437"/>
    <nd ref="11408528439"/>
    <nd ref="11408528442"/>
    <tag k="addr:city" v="Worksop"/>
    <tag k="addr:housenumber" v="1"/>
    <tag k="addr:postcode" v="S81 9RE"/>
    <tag k="addr:street" v="Oakham Drive"/>
    <tag k="building" v="house"/>
    <tag k="ref:GB:uprn" v="10023265111"/>
  </way>
  <way id="1230203472" version="4" timestamp="2025-09-21T23:28:17Z" changeset="172269123" uid="8857" user="philipcullen">
    <nd ref="11408528453"/>
    <nd ref="11408528449"/>
    <nd ref="11408528448"/>
    <nd ref="11408528446"/>
    <nd ref="11408528445"/>
    <nd ref="11408528447"/>
    <nd ref="11408528450"/>
    <nd ref="11408528453"/>
    <tag k="addr:city" v="Worksop"/>
    <tag k="addr:housenumber" v="147"/>
    <tag k="addr:postcode" v="S81 9AP"/>
    <tag k="addr:street" v="Long Lane"/>
    <tag k="building" v="house"/>
    <tag k="ref:GB:uprn" v="100031291823"/>
  </way>
  <way id="1230203473" version="4" timestamp="2025-09-21T23:28:17Z" changeset="172269123" uid="8857" user="philipcullen">
    <nd ref="11408528444"/>
    <nd ref="11408528443"/>
    <nd ref="11408528446"/>
    <nd ref="11408528448"/>
    <nd ref="11408528449"/>
    <nd ref="11408528452"/>
    <nd ref="11408528451"/>
    <nd ref="11408528444"/>
    <tag k="addr:city" v="Worksop"/>
    <tag k="addr:housenumber" v="145"/>
    <tag k="addr:postcode" v="S81 9AP"/>
    <tag k="addr:street" v="Long Lane"/>
    <tag k="building" v="house"/>
    <tag k="ref:GB:uprn" v="100031291821"/>
  </way>
  <way id="1230203474" version="4" timestamp="2025-09-21T23:28:17Z" changeset="172269123" uid="8857" user="philipcullen">
    <nd ref="11408528461"/>
    <nd ref="11408528460"/>
    <nd ref="11408528459"/>
    <nd ref="11408528456"/>
    <nd ref="11408528455"/>
    <nd ref="11408528454"/>
    <nd ref="11408528457"/>
    <nd ref="11408528458"/>
    <nd ref="11408528461"/>
    <tag k="addr:city" v="Worksop"/>
    <tag k="addr:housenumber" v="143"/>
    <tag k="addr:postcode" v="S81 9AP"/>
    <tag k="addr:street" v="Long Lane"/>
    <tag k="building" v="house"/>
    <tag k="ref:GB:uprn" v="10023268012"/>
  </way>
  <way id="1230203475" version="4" timestamp="2025-09-21T23:28:17Z" changeset="172269123" uid="8857" user="philipcullen">
    <nd ref="11408528470"/>
    <nd ref="11408528468"/>
    <nd ref="11408528464"/>
    <nd ref="11408528463"/>
    <nd ref="11408528462"/>
    <nd ref="11408528465"/>
    <nd ref="11408528466"/>
    <nd ref="11408528467"/>
    <nd ref="11408528469"/>
    <nd ref="11408528470"/>
    <tag k="addr:city" v="Worksop"/>
    <tag k="addr:housenumber" v="141"/>
    <tag k="addr:postcode" v="S81 9AP"/>
    <tag k="addr:street" v="Long Lane"/>
    <tag k="building" v="house"/>
    <tag k="ref:GB:uprn" v="100031291817"/>
  </way>
  <way id="1230203476" version="4" timestamp="2025-09-21T23:28:17Z" changeset="172269123" uid="8857" user="philipcullen">
    <nd ref="11408528477"/>
    <nd ref="11408528474"/>
    <nd ref="11408528471"/>
    <nd ref="11408528472"/>
    <nd ref="11408528473"/>
    <nd ref="11408528475"/>
    <nd ref="11408528476"/>
    <nd ref="11408528480"/>
    <nd ref="11408528482"/>
    <nd ref="11408528481"/>
    <nd ref="11408528479"/>
    <nd ref="11408528478"/>
    <nd ref="11408528477"/>
    <tag k="addr:city" v="Worksop"/>
    <tag k="addr:housenumber" v="139"/>
    <tag k="addr:postcode" v="S81 9AP"/>
    <tag k="addr:street" v="Long Lane"/>
    <tag k="building" v="house"/>
    <tag k="ref:GB:uprn" v="100031291815"/>
  </way>
  <way id="1230203477" version="4" timestamp="2025-09-21T23:28:17Z" changeset="172269123" uid="8857" user="philipcullen">
    <nd ref="11408528486"/>
    <nd ref="11408528485"/>
    <nd ref="11408528484"/>
    <nd ref="11408528483"/>
    <nd ref="11408528486"/>
    <tag k="addr:city" v="Worksop"/>
    <tag k="addr:housenumber" v="137"/>
    <tag k="addr:postcode" v="S81 9AP"/>
    <tag k="addr:street" v="Long Lane"/>
    <tag k="building" v="house"/>
    <tag k="ref:GB:uprn" v="100031291813"/>
  </way>
  <way id="1230203478" version="4" timestamp="2025-09-21T23:28:17Z" changeset="172269123" uid="8857" user="philipcullen">
    <nd ref="11408528490"/>
    <nd ref="11408528487"/>
    <nd ref="11408528488"/>
    <nd ref="11408528489"/>
    <nd ref="11408528490"/>
    <tag k="addr:city" v="Worksop"/>
    <tag k="addr:housenumber" v="135"/>
    <tag k="addr:postcode" v="S81 9AP"/>
    <tag k="addr:street" v="Long Lane"/>
    <tag k="building" v="house"/>
    <tag k="ref:GB:uprn" v="100031291811"/>
  </way>
  <way id="1230203479" version="4" timestamp="2025-09-21T23:28:17Z" changeset="172269123" uid="8857" user="philipcullen">
    <nd ref="11408528507"/>
    <nd ref="11408528504"/>
    <nd ref="11408528505"/>
    <nd ref="11408528499"/>
    <nd ref="11408528498"/>
    <nd ref="11408528497"/>
    <nd ref="11408528506"/>
    <nd ref="11408528507"/>
    <tag k="addr:city" v="Worksop"/>
    <tag k="addr:housenumber" v="131"/>
    <tag k="addr:postcode" v="S81 9AP"/>
    <tag k="addr:street" v="Long Lane"/>
    <tag k="building" v="house"/>
    <tag k="ref:GB:uprn" v="100031291807"/>
  </way>
  <way id="1230203480" version="4" timestamp="2025-09-21T23:28:17Z" changeset="172269123" uid="8857" user="philipcullen">
    <nd ref="11408528496"/>
    <nd ref="11408528502"/>
    <nd ref="11408528503"/>
    <nd ref="11408528491"/>
    <nd ref="11408528492"/>
    <nd ref="11408528493"/>
    <nd ref="11408528500"/>
    <nd ref="11408528501"/>
    <nd ref="11408528494"/>
    <nd ref="11408528495"/>
    <nd ref="11408528496"/>
    <tag k="addr:city" v="Worksop"/>
    <tag k="addr:housenumber" v="133"/>
    <tag k="addr:postcode" v="S81 9AP"/>
    <tag k="addr:street" v="Long Lane"/>
    <tag k="building" v="house"/>
    <tag k="ref:GB:uprn" v="10013972686"/>
  </way>
  <way id="1230203481" version="4" timestamp="2025-09-21T23:28:17Z" changeset="172269123" uid="8857" user="philipcullen">
    <nd ref="11408528511"/>
    <nd ref="11408528510"/>
    <nd ref="11408528509"/>
    <nd ref="11408528508"/>
    <nd ref="11408528511"/>
    <tag k="addr:city" v="Worksop"/>
    <tag k="addr:housenumber" v="129"/>
    <tag k="addr:postcode" v="S81 9AP"/>
    <tag k="addr:street" v="Long Lane"/>
    <tag k="building" v="house"/>
    <tag k="ref:GB:uprn" v="100031291805"/>
  </way>
  <way id="1230203482" version="4" timestamp="2025-09-21T23:28:17Z" changeset="172269123" uid="8857" user="philipcullen">
    <nd ref="11408528517"/>
    <nd ref="11408528515"/>
    <nd ref="11408528516"/>
    <nd ref="11408528512"/>
    <nd ref="11408528513"/>
    <nd ref="11408528514"/>
    <nd ref="11408528522"/>
    <nd ref="11408528520"/>
    <nd ref="11408528518"/>
    <nd ref="11408528519"/>
    <nd ref="11408528521"/>
    <nd ref="11408528523"/>
    <nd ref="11408528517"/>
    <tag k="addr:city" v="Worksop"/>
    <tag k="addr:housenumber" v="127"/>
    <tag k="addr:postcode" v="S81 9AP"/>
    <tag k="addr:street" v="Long Lane"/>
    <tag k="building" v="house"/>
    <tag k="ref:GB:uprn" v="100031291803"/>
  </way>
  <way id="1230203483" version="4" timestamp="2025-09-21T23:28:17Z" changeset="172269123" uid="8857" user="philipcullen">
    <nd ref="11408528530"/>
    <nd ref="11408528527"/>
    <nd ref="11408528526"/>
    <nd ref="11408528524"/>
    <nd ref="11408528525"/>
    <nd ref="11408528528"/>
    <nd ref="11408528529"/>
    <nd ref="11408528530"/>
    <tag k="addr:city" v="Worksop"/>
    <tag k="addr:housenumber" v="125"/>
    <tag k="addr:postcode" v="S81 9AP"/>
    <tag k="addr:street" v="Long Lane"/>
    <tag k="building" v="house"/>
    <tag k="ref:GB:uprn" v="100031291801"/>
  </way>
  <way id="1230203484" version="1" timestamp="2023-12-10T22:12:38Z" changeset="144979118" uid="12616743" user="BassetlawMapper">
    <nd ref="11408528551"/>
    <nd ref="11408528550"/>
    <nd ref="11408528549"/>
    <nd ref="11408528546"/>
    <nd ref="11408528545"/>
    <nd ref="11408528544"/>
    <nd ref="11408528547"/>
    <nd ref="11408528548"/>
    <nd ref="11408528551"/>
    <tag k="addr:housenumber" v="123"/>
    <tag k="addr:street" v="Long Lane"/>
    <tag k="building" v="house"/>
  </way>
  <way id="1230203485" version="4" timestamp="2025-09-21T23:28:17Z" changeset="172269123" uid="8857" user="philipcullen">
    <nd ref="11408528536"/>
    <nd ref="11408528554"/>
    <nd ref="11408528553"/>
    <nd ref="11408528552"/>
    <nd ref="11408528533"/>
    <nd ref="11408528532"/>
    <nd ref="11408528531"/>
    <nd ref="11408528534"/>
    <nd ref="11408528535"/>
    <nd ref="11408528536"/>
    <tag k="addr:city" v="Worksop"/>
    <tag k="addr:housenumber" v="121"/>
    <tag k="addr:postcode" v="S81 9AP"/>
    <tag k="addr:street" v="Long Lane"/>
    <tag k="building" v="house"/>
    <tag k="ref:GB:uprn" v="100031291797"/>
  </way>
  <way id="1230203486" version="4" timestamp="2025-09-21T23:28:17Z" changeset="172269123" uid="8857" user="philipcullen">
    <nd ref="11408528562"/>
    <nd ref="11408528561"/>
    <nd ref="11408528560"/>
    <nd ref="11408528540"/>
    <nd ref="11408528539"/>
    <nd ref="11408528538"/>
    <nd ref="11408528559"/>
    <nd ref="11408528537"/>
    <nd ref="11408528562"/>
    <tag k="addr:city" v="Worksop"/>
    <tag k="addr:housenumber" v="117"/>
    <tag k="addr:postcode" v="S81 9AP"/>
    <tag k="addr:street" v="Long Lane"/>
    <tag k="building" v="house"/>
    <tag k="ref:GB:uprn" v="100031291793"/>
  </way>
  <way id="1230203487" version="4" timestamp="2025-09-21T23:28:17Z" changeset="172269123" uid="8857" user="philipcullen">
    <nd ref="11408528543"/>
    <nd ref="11408528542"/>
    <nd ref="11408528541"/>
    <nd ref="11408528558"/>
    <nd ref="11408528557"/>
    <nd ref="11408528556"/>
    <nd ref="11408528555"/>
    <nd ref="11408528543"/>
    <tag k="addr:city" v="Worksop"/>
    <tag k="addr:housenumber" v="119"/>
    <tag k="addr:postcode" v="S81 9AP"/>
    <tag k="addr:street" v="Long Lane"/>
    <tag k="building" v="house"/>
    <tag k="ref:GB:uprn" v="100031291795"/>
  </way>
  <way id="1230203488" version="4" timestamp="2025-09-21T23:28:17Z" changeset="172269123" uid="8857" user="philipcullen">
    <nd ref="11408528569"/>
    <nd ref="11408528568"/>
    <nd ref="11408528567"/>
    <nd ref="11408528565"/>
    <nd ref="11408528564"/>
    <nd ref="11408528563"/>
    <nd ref="11408528566"/>
    <nd ref="11408528569"/>
    <tag k="addr:city" v="Worksop"/>
    <tag k="addr:housenumber" v="172"/>
    <tag k="addr:postcode" v="S81 9DQ"/>
    <tag k="addr:street" v="Windsor Road"/>
    <tag k="building" v="house"/>
    <tag k="ref:GB:uprn" v="10090212658"/>
  </way>
  <way id="1230203490" version="4" timestamp="2025-09-21T23:28:17Z" changeset="172269123" uid="8857" user="philipcullen">
    <nd ref="11408528589"/>
    <nd ref="11408528586"/>
    <nd ref="11408528587"/>
    <nd ref="11408528585"/>
    <nd ref="11408528584"/>
    <nd ref="11408528583"/>
    <nd ref="11408528588"/>
    <nd ref="11408528589"/>
    <tag k="addr:city" v="Worksop"/>
    <tag k="addr:housenumber" v="115"/>
    <tag k="addr:postcode" v="S81 9AP"/>
    <tag k="addr:street" v="Long Lane"/>
    <tag k="building" v="house"/>
    <tag k="ref:GB:uprn" v="100031291791"/>
  </way>
  <way id="1230203491" version="4" timestamp="2025-09-21T23:28:17Z" changeset="172269123" uid="8857" user="philipcullen">
    <nd ref="11408528596"/>
    <nd ref="11408528595"/>
    <nd ref="11408528594"/>
    <nd ref="11408528590"/>
    <nd ref="11408528591"/>
    <nd ref="11408528592"/>
    <nd ref="11408528593"/>
    <nd ref="11408528596"/>
    <tag k="addr:city" v="Worksop"/>
    <tag k="addr:housenumber" v="113"/>
    <tag k="addr:postcode" v="S81 9AP"/>
    <tag k="addr:street" v="Long Lane"/>
    <tag k="building" v="house"/>
    <tag k="ref:GB:uprn" v="100031291789"/>
  </way>
  <way id="1230203492" version="4" timestamp="2025-09-21T23:28:17Z" changeset="172269123" uid="8857" user="philipcullen">
    <nd ref="11408528600"/>
    <nd ref="11408528599"/>
    <nd ref="11408528598"/>
    <nd ref="11408528597"/>
    <nd ref="11408528600"/>
    <tag k="addr:city" v="Worksop"/>
    <tag k="addr:housenumber" v="111"/>
    <tag k="addr:postcode" v="S81 9AP"/>
    <tag k="addr:street" v="Long Lane"/>
    <tag k="building" v="house"/>
    <tag k="ref:GB:uprn" v="100031291787"/>
  </way>
  <way id="1230203493" version="4" timestamp="2025-09-21T23:28:17Z" changeset="172269123" uid="8857" user="philipcullen">
    <nd ref="11408528614"/>
    <nd ref="11408528613"/>
    <nd ref="11408528609"/>
    <nd ref="11408528608"/>
    <nd ref="11408528610"/>
    <nd ref="11408528612"/>
    <nd ref="11408528611"/>
    <nd ref="11408528614"/>
    <tag k="addr:city" v="Worksop"/>
    <tag k="addr:housenumber" v="109"/>
    <tag k="addr:postcode" v="S81 9AP"/>
    <tag k="addr:street" v="Long Lane"/>
    <tag k="building" v="house"/>
    <tag k="ref:GB:uprn" v="10013972678"/>
  </way>
  <way id="1230203494" version="4" timestamp="2025-09-21T23:28:17Z" changeset="172269123" uid="8857" user="philipcullen">
    <nd ref="11408528606"/>
    <nd ref="11408528605"/>
    <nd ref="11408528601"/>
    <nd ref="11408528602"/>
    <nd ref="11408528603"/>
    <nd ref="11408528604"/>
    <nd ref="11408528607"/>
    <nd ref="11408528616"/>
    <nd ref="11408528615"/>
    <nd ref="11408528618"/>
    <nd ref="11408528617"/>
    <nd ref="11408528606"/>
    <tag k="addr:city" v="Worksop"/>
    <tag k="addr:housenumber" v="107"/>
    <tag k="addr:postcode" v="S81 9AP"/>
    <tag k="addr:street" v="Long Lane"/>
    <tag k="building" v="house"/>
    <tag k="ref:GB:uprn" v="100031291783"/>
  </way>
  <way id="1230203495" version="4" timestamp="2025-09-21T23:28:17Z" changeset="172269123" uid="8857" user="philipcullen">
    <nd ref="11408528667"/>
    <nd ref="11408528621"/>
    <nd ref="11408528620"/>
    <nd ref="11408528619"/>
    <nd ref="11408528664"/>
    <nd ref="11408528665"/>
    <nd ref="11408528627"/>
    <nd ref="11408528626"/>
    <nd ref="11408528624"/>
    <nd ref="11408528623"/>
    <nd ref="11408528622"/>
    <nd ref="11408528625"/>
    <nd ref="11408528666"/>
    <nd ref="11408528667"/>
    <tag k="addr:city" v="Worksop"/>
    <tag k="addr:housenumber" v="87"/>
    <tag k="addr:postcode" v="S81 9AP"/>
    <tag k="addr:street" v="Long Lane"/>
    <tag k="building" v="house"/>
    <tag k="ref:GB:uprn" v="100031291763"/>
  </way>
  <way id="1230203496" version="4" timestamp="2025-09-21T23:28:17Z" changeset="172269123" uid="8857" user="philipcullen">
    <nd ref="11408528655"/>
    <nd ref="11408528652"/>
    <nd ref="11408528653"/>
    <nd ref="11408528629"/>
    <nd ref="11408528628"/>
    <nd ref="11408528630"/>
    <nd ref="11408528654"/>
    <nd ref="11408528655"/>
    <tag k="addr:city" v="Worksop"/>
    <tag k="addr:housenumber" v="95"/>
    <tag k="addr:postcode" v="S81 9AP"/>
    <tag k="addr:street" v="Long Lane"/>
    <tag k="building" v="house"/>
    <tag k="ref:GB:uprn" v="100031291771"/>
  </way>
  <way id="1230203497" version="4" timestamp="2025-09-21T23:28:17Z" changeset="172269123" uid="8857" user="philipcullen">
    <nd ref="11408528638"/>
    <nd ref="11408528635"/>
    <nd ref="11408528634"/>
    <nd ref="11408528631"/>
    <nd ref="11408528632"/>
    <nd ref="11408528633"/>
    <nd ref="11408528637"/>
    <nd ref="11408528638"/>
    <tag k="addr:city" v="Worksop"/>
    <tag k="addr:housenumber" v="97"/>
    <tag k="addr:postcode" v="S81 9AP"/>
    <tag k="addr:street" v="Long Lane"/>
    <tag k="building" v="house"/>
    <tag k="ref:GB:uprn" v="100031291773"/>
  </way>
  <way id="1230203498" version="4" timestamp="2025-09-21T23:28:17Z" changeset="172269123" uid="8857" user="philipcullen">
    <nd ref="11408528639"/>
    <nd ref="11408528638"/>
    <nd ref="11408528637"/>
    <nd ref="11408528636"/>
    <nd ref="11408528639"/>
    <tag k="addr:city" v="Worksop"/>
    <tag k="addr:housenumber" v="99"/>
    <tag k="addr:postcode" v="S81 9AP"/>
    <tag k="addr:street" v="Long Lane"/>
    <tag k="building" v="house"/>
    <tag k="ref:GB:uprn" v="100031291775"/>
  </way>
  <way id="1230203499" version="4" timestamp="2025-09-21T23:28:17Z" changeset="172269123" uid="8857" user="philipcullen">
    <nd ref="11408528641"/>
    <nd ref="11408528656"/>
    <nd ref="11408528657"/>
    <nd ref="11408528640"/>
    <nd ref="11408528641"/>
    <tag k="addr:city" v="Worksop"/>
    <tag k="addr:housenumber" v="91"/>
    <tag k="addr:postcode" v="S81 9AP"/>
    <tag k="addr:street" v="Long Lane"/>
    <tag k="building" v="house"/>
    <tag k="ref:GB:uprn" v="100031291767"/>
  </way>
  <way id="1230203500" version="4" timestamp="2025-09-21T23:28:17Z" changeset="172269123" uid="8857" user="philipcullen">
    <nd ref="11408528643"/>
    <nd ref="11408528644"/>
    <nd ref="11408528645"/>
    <nd ref="11408528642"/>
    <nd ref="11408528643"/>
    <tag k="addr:city" v="Worksop"/>
    <tag k="addr:housenumber" v="103"/>
    <tag k="addr:postcode" v="S81 9AP"/>
    <tag k="addr:street" v="Long Lane"/>
    <tag k="building" v="house"/>
    <tag k="ref:GB:uprn" v="100031291779"/>
  </way>
  <way id="1230203501" version="4" timestamp="2025-09-21T23:28:17Z" changeset="172269123" uid="8857" user="philipcullen">
    <nd ref="11408528647"/>
    <nd ref="11408528643"/>
    <nd ref="11408528642"/>
    <nd ref="11408528646"/>
    <nd ref="11408528647"/>
    <tag k="addr:city" v="Worksop"/>
    <tag k="addr:housenumber" v="105"/>
    <tag k="addr:postcode" v="S81 9AP"/>
    <tag k="addr:street" v="Long Lane"/>
    <tag k="building" v="house"/>
    <tag k="ref:GB:uprn" v="100031291781"/>
  </way>
  <way id="1230203502" version="4" timestamp="2025-09-21T23:28:17Z" changeset="172269123" uid="8857" user="philipcullen">
    <nd ref="11408528651"/>
    <nd ref="11408528648"/>
    <nd ref="11408528649"/>
    <nd ref="11408528650"/>
    <nd ref="11408528651"/>
    <tag k="addr:city" v="Worksop"/>
    <tag k="addr:housenumber" v="101"/>
    <tag k="addr:postcode" v="S81 9AP"/>
    <tag k="addr:street" v="Long Lane"/>
    <tag k="building" v="house"/>
    <tag k="ref:GB:uprn" v="100031291777"/>
  </way>
  <way id="1230203503" version="4" timestamp="2025-09-21T23:28:17Z" changeset="172269123" uid="8857" user="philipcullen">
    <nd ref="11408528659"/>
    <nd ref="11408528641"/>
    <nd ref="11408528640"/>
    <nd ref="11408528658"/>
    <nd ref="11408528659"/>
    <tag k="addr:city" v="Worksop"/>
    <tag k="addr:housenumber" v="93"/>
    <tag k="addr:postcode" v="S81 9AP"/>
    <tag k="addr:street" v="Long Lane"/>
    <tag k="building" v="house"/>
    <tag k="ref:GB:uprn" v="100031291769"/>
  </way>
  <way id="1230203504" version="4" timestamp="2025-09-21T23:28:17Z" changeset="172269123" uid="8857" user="philipcullen">
    <nd ref="11408528663"/>
    <nd ref="11408528660"/>
    <nd ref="11408528661"/>
    <nd ref="11408528662"/>
    <nd ref="11408528663"/>
    <tag k="addr:city" v="Worksop"/>
    <tag k="addr:housenumber" v="89"/>
    <tag k="addr:postcode" v="S81 9AP"/>
    <tag k="addr:street" v="Long Lane"/>
    <tag k="building" v="house"/>
    <tag k="ref:GB:uprn" v="100031291765"/>
  </way>
  <way id="1230203505" version="4" timestamp="2025-09-21T23:28:17Z" changeset="172269123" uid="8857" user="philipcullen">
    <nd ref="11408528671"/>
    <nd ref="11408528668"/>
    <nd ref="11408528669"/>
    <nd ref="11408528670"/>
    <nd ref="11408528671"/>
    <tag k="addr:city" v="Worksop"/>
    <tag k="addr:housenumber" v="85"/>
    <tag k="addr:postcode" v="S81 9AP"/>
    <tag k="addr:street" v="Long Lane"/>
    <tag k="building" v="house"/>
    <tag k="ref:GB:uprn" v="100031291761"/>
  </way>
  <way id="1230203506" version="4" timestamp="2025-09-21T23:28:17Z" changeset="172269123" uid="8857" user="philipcullen">
    <nd ref="11408528675"/>
    <nd ref="11408528672"/>
    <nd ref="11408528673"/>
    <nd ref="11408528674"/>
    <nd ref="11408528675"/>
    <tag k="addr:city" v="Worksop"/>
    <tag k="addr:housenumber" v="83"/>
    <tag k="addr:postcode" v="S81 9AP"/>
    <tag k="addr:street" v="Long Lane"/>
    <tag k="building" v="house"/>
    <tag k="ref:GB:uprn" v="100031291759"/>
  </way>
  <way id="1230203507" version="4" timestamp="2025-09-21T23:28:17Z" changeset="172269123" uid="8857" user="philipcullen">
    <nd ref="11408528682"/>
    <nd ref="11408528681"/>
    <nd ref="11408528680"/>
    <nd ref="11408528678"/>
    <nd ref="11408528677"/>
    <nd ref="11408528676"/>
    <nd ref="11408528679"/>
    <nd ref="11408528682"/>
    <tag k="addr:city" v="Worksop"/>
    <tag k="addr:housenumber" v="81"/>
    <tag k="addr:postcode" v="S81 9AP"/>
    <tag k="addr:street" v="Long Lane"/>
    <tag k="building" v="house"/>
    <tag k="ref:GB:uprn" v="100031291757"/>
  </way>
  <way id="1230203508" version="4" timestamp="2025-09-21T23:28:17Z" changeset="172269123" uid="8857" user="philipcullen">
    <nd ref="11408528686"/>
    <nd ref="11408528685"/>
    <nd ref="11408528684"/>
    <nd ref="11408528683"/>
    <nd ref="11408528686"/>
    <tag k="addr:city" v="Worksop"/>
    <tag k="addr:housenumber" v="79"/>
    <tag k="addr:postcode" v="S81 9AP"/>
    <tag k="addr:street" v="Long Lane"/>
    <tag k="building" v="house"/>
    <tag k="ref:GB:uprn" v="100031291755"/>
  </way>
  <way id="1230203509" version="4" timestamp="2025-09-21T23:28:17Z" changeset="172269123" uid="8857" user="philipcullen">
    <nd ref="11408528690"/>
    <nd ref="11408528691"/>
    <nd ref="11408528692"/>
    <nd ref="11408528693"/>
    <nd ref="11408528689"/>
    <nd ref="11408528688"/>
    <nd ref="11408528687"/>
    <nd ref="11408528690"/>
    <tag k="addr:city" v="Worksop"/>
    <tag k="addr:housenumber" v="75"/>
    <tag k="addr:postcode" v="S81 9AP"/>
    <tag k="addr:street" v="Long Lane"/>
    <tag k="building" v="house"/>
    <tag k="ref:GB:uprn" v="100031291751"/>
  </way>
  <way id="1230203510" version="4" timestamp="2025-09-21T23:28:17Z" changeset="172269123" uid="8857" user="philipcullen">
    <nd ref="11408528695"/>
    <nd ref="11408528691"/>
    <nd ref="11408528690"/>
    <nd ref="11408528694"/>
    <nd ref="11408528695"/>
    <tag k="addr:city" v="Worksop"/>
    <tag k="addr:housenumber" v="77"/>
    <tag k="addr:postcode" v="S81 9AP"/>
    <tag k="addr:street" v="Long Lane"/>
    <tag k="building" v="house"/>
    <tag k="ref:GB:uprn" v="100031291753"/>
  </way>
  <way id="1230203511" version="4" timestamp="2025-09-21T23:28:17Z" changeset="172269123" uid="8857" user="philipcullen">
    <nd ref="11408528701"/>
    <nd ref="11408528705"/>
    <nd ref="11408528704"/>
    <nd ref="11408528696"/>
    <nd ref="11408528697"/>
    <nd ref="11408528698"/>
    <nd ref="11408528703"/>
    <nd ref="11408528706"/>
    <nd ref="11408528702"/>
    <nd ref="11408528699"/>
    <nd ref="11408528700"/>
    <nd ref="11408528701"/>
    <tag k="addr:city" v="Worksop"/>
    <tag k="addr:housenumber" v="73"/>
    <tag k="addr:postcode" v="S81 9AP"/>
    <tag k="addr:street" v="Long Lane"/>
    <tag k="building" v="house"/>
    <tag k="ref:GB:uprn" v="100031291749"/>
  </way>
  <way id="1230203512" version="4" timestamp="2025-09-21T23:28:17Z" changeset="172269123" uid="8857" user="philipcullen">
    <nd ref="11408528717"/>
    <nd ref="11408528709"/>
    <nd ref="11408528708"/>
    <nd ref="11408528707"/>
    <nd ref="11408528718"/>
    <nd ref="11408528715"/>
    <nd ref="11408528713"/>
    <nd ref="11408528714"/>
    <nd ref="11408528719"/>
    <nd ref="11408528716"/>
    <nd ref="11408528712"/>
    <nd ref="11408528710"/>
    <nd ref="11408528711"/>
    <nd ref="11408528717"/>
    <tag k="addr:city" v="Worksop"/>
    <tag k="addr:housenumber" v="71"/>
    <tag k="addr:postcode" v="S81 9AW"/>
    <tag k="addr:street" v="Long Lane"/>
    <tag k="building" v="house"/>
    <tag k="ref:GB:uprn" v="100031291747"/>
  </way>
  <way id="1230203513" version="4" timestamp="2025-09-21T23:28:17Z" changeset="172269123" uid="8857" user="philipcullen">
    <nd ref="11408528734"/>
    <nd ref="11408528731"/>
    <nd ref="11408528720"/>
    <nd ref="11408528721"/>
    <nd ref="11408528722"/>
    <nd ref="11408528729"/>
    <nd ref="11408528730"/>
    <nd ref="11408528725"/>
    <nd ref="11408528724"/>
    <nd ref="11408528723"/>
    <nd ref="11408528734"/>
    <tag k="addr:city" v="Worksop"/>
    <tag k="addr:housenumber" v="69"/>
    <tag k="addr:postcode" v="S81 9AW"/>
    <tag k="addr:street" v="Long Lane"/>
    <tag k="building" v="house"/>
    <tag k="ref:GB:uprn" v="100031291744"/>
  </way>
  <way id="1230203514" version="4" timestamp="2025-09-21T23:28:17Z" changeset="172269123" uid="8857" user="philipcullen">
    <nd ref="11408528728"/>
    <nd ref="11408528730"/>
    <nd ref="11408528729"/>
    <nd ref="11408528732"/>
    <nd ref="11408528733"/>
    <nd ref="11408528726"/>
    <nd ref="11408528727"/>
    <nd ref="11408528728"/>
    <tag k="addr:city" v="Worksop"/>
    <tag k="addr:housenumber" v="67"/>
    <tag k="addr:postcode" v="S81 9AW"/>
    <tag k="addr:street" v="Long Lane"/>
    <tag k="building" v="house"/>
    <tag k="ref:GB:uprn" v="100031291740"/>
  </way>
  <way id="1230203515" version="4" timestamp="2025-09-21T23:28:17Z" changeset="172269123" uid="8857" user="philipcullen">
    <nd ref="11408528741"/>
    <nd ref="11408528740"/>
    <nd ref="11408528739"/>
    <nd ref="11408528735"/>
    <nd ref="11408528736"/>
    <nd ref="11408528737"/>
    <nd ref="11408528738"/>
    <nd ref="11408528741"/>
    <tag k="addr:city" v="Worksop"/>
    <tag k="addr:housenumber" v="65"/>
    <tag k="addr:postcode" v="S81 9AW"/>
    <tag k="addr:street" v="Long Lane"/>
    <tag k="building" v="house"/>
    <tag k="ref:GB:uprn" v="100031291737"/>
  </way>
  <way id="1230203517" version="4" timestamp="2025-09-21T23:28:17Z" changeset="172269123" uid="8857" user="philipcullen">
    <nd ref="11408528748"/>
    <nd ref="11408528751"/>
    <nd ref="11408528750"/>
    <nd ref="11408528747"/>
    <nd ref="11408528748"/>
    <tag k="addr:city" v="Worksop"/>
    <tag k="addr:housenumber" v="61"/>
    <tag k="addr:postcode" v="S81 9AW"/>
    <tag k="addr:street" v="Long Lane"/>
    <tag k="building" v="house"/>
    <tag k="ref:GB:uprn" v="100031291733"/>
  </way>
  <way id="1230203518" version="4" timestamp="2025-09-21T23:28:17Z" changeset="172269123" uid="8857" user="philipcullen">
    <nd ref="11408528752"/>
    <nd ref="11408528748"/>
    <nd ref="11408528747"/>
    <nd ref="11408528749"/>
    <nd ref="11408528752"/>
    <tag k="addr:city" v="Worksop"/>
    <tag k="addr:housenumber" v="63"/>
    <tag k="addr:postcode" v="S81 9AW"/>
    <tag k="addr:street" v="Long Lane"/>
    <tag k="building" v="house"/>
    <tag k="ref:GB:uprn" v="100031291735"/>
  </way>
  <way id="1230203519" version="4" timestamp="2025-09-21T23:28:17Z" changeset="172269123" uid="8857" user="philipcullen">
    <nd ref="11408528759"/>
    <nd ref="11408528761"/>
    <nd ref="11408528760"/>
    <nd ref="11408528758"/>
    <nd ref="11408528759"/>
    <tag k="addr:city" v="Worksop"/>
    <tag k="addr:housenumber" v="57"/>
    <tag k="addr:postcode" v="S81 9AW"/>
    <tag k="addr:street" v="Long Lane"/>
    <tag k="building" v="house"/>
    <tag k="ref:GB:uprn" v="100031291729"/>
  </way>
  <way id="1230203520" version="4" timestamp="2025-09-21T23:28:17Z" changeset="172269123" uid="8857" user="philipcullen">
    <nd ref="11408528757"/>
    <nd ref="11408528756"/>
    <nd ref="11408528753"/>
    <nd ref="11408528754"/>
    <nd ref="11408528755"/>
    <nd ref="11408528762"/>
    <nd ref="11408528759"/>
    <nd ref="11408528758"/>
    <nd ref="11408528757"/>
    <tag k="addr:city" v="Worksop"/>
    <tag k="addr:housenumber" v="59"/>
    <tag k="addr:postcode" v="S81 9AW"/>
    <tag k="addr:street" v="Long Lane"/>
    <tag k="building" v="house"/>
    <tag k="ref:GB:uprn" v="100031291731"/>
  </way>
  <way id="1230203521" version="4" timestamp="2025-09-21T23:28:17Z" changeset="172269123" uid="8857" user="philipcullen">
    <nd ref="11408528769"/>
    <nd ref="11408528766"/>
    <nd ref="11408528767"/>
    <nd ref="11408528763"/>
    <nd ref="11408528764"/>
    <nd ref="11408528765"/>
    <nd ref="11408528768"/>
    <nd ref="11408528769"/>
    <tag k="addr:city" v="Worksop"/>
    <tag k="addr:housenumber" v="55"/>
    <tag k="addr:postcode" v="S81 9AW"/>
    <tag k="addr:street" v="Long Lane"/>
    <tag k="building" v="house"/>
    <tag k="ref:GB:uprn" v="100031291727"/>
  </way>
  <way id="1230203522" version="4" timestamp="2025-09-21T23:28:17Z" changeset="172269123" uid="8857" user="philipcullen">
    <nd ref="11408528775"/>
    <nd ref="11408528774"/>
    <nd ref="11408528772"/>
    <nd ref="11408528771"/>
    <nd ref="11408528770"/>
    <nd ref="11408528773"/>
    <nd ref="11408528775"/>
    <tag k="addr:city" v="Worksop"/>
    <tag k="addr:housenumber" v="53"/>
    <tag k="addr:postcode" v="S81 9AW"/>
    <tag k="addr:street" v="Long Lane"/>
    <tag k="building" v="house"/>
    <tag k="ref:GB:uprn" v="100031291725"/>
  </way>
  <way id="1230203523" version="4" timestamp="2025-09-21T23:28:17Z" changeset="172269123" uid="8857" user="philipcullen">
    <nd ref="11408528780"/>
    <nd ref="11408528779"/>
    <nd ref="11408528778"/>
    <nd ref="11408528776"/>
    <nd ref="11408528777"/>
    <nd ref="11408528782"/>
    <nd ref="11408528781"/>
    <nd ref="11408528784"/>
    <nd ref="11408528783"/>
    <nd ref="11408528780"/>
    <tag k="addr:city" v="Worksop"/>
    <tag k="addr:housenumber" v="51"/>
    <tag k="addr:postcode" v="S81 9AW"/>
    <tag k="addr:street" v="Long Lane"/>
    <tag k="building" v="house"/>
    <tag k="ref:GB:uprn" v="100031291723"/>
  </way>
  <way id="1230203524" version="4" timestamp="2025-09-21T23:28:17Z" changeset="172269123" uid="8857" user="philipcullen">
    <nd ref="11408528788"/>
    <nd ref="11408528787"/>
    <nd ref="11408528786"/>
    <nd ref="11408528785"/>
    <nd ref="11408528788"/>
    <tag k="addr:city" v="Worksop"/>
    <tag k="addr:housenumber" v="49"/>
    <tag k="addr:postcode" v="S81 9AW"/>
    <tag k="addr:street" v="Long Lane"/>
    <tag k="building" v="house"/>
    <tag k="ref:GB:uprn" v="100031291721"/>
  </way>
  <way id="1230203525" version="4" timestamp="2025-09-21T23:28:17Z" changeset="172269123" uid="8857" user="philipcullen">
    <nd ref="11408528790"/>
    <nd ref="11408528793"/>
    <nd ref="11408528792"/>
    <nd ref="11408528789"/>
    <nd ref="11408528790"/>
    <tag k="addr:city" v="Worksop"/>
    <tag k="addr:housenumber" v="45"/>
    <tag k="addr:postcode" v="S81 9AW"/>
    <tag k="addr:street" v="Long Lane"/>
    <tag k="building" v="house"/>
    <tag k="ref:GB:uprn" v="100031291718"/>
  </way>
  <way id="1230203526" version="4" timestamp="2025-09-21T23:28:17Z" changeset="172269123" uid="8857" user="philipcullen">
    <nd ref="11408528794"/>
    <nd ref="11408528790"/>
    <nd ref="11408528789"/>
    <nd ref="11408528791"/>
    <nd ref="11408528794"/>
    <tag k="addr:city" v="Worksop"/>
    <tag k="addr:housenumber" v="47"/>
    <tag k="addr:postcode" v="S81 9AW"/>
    <tag k="addr:street" v="Long Lane"/>
    <tag k="building" v="house"/>
    <tag k="ref:GB:uprn" v="100031291720"/>
  </way>
  <way id="1230203527" version="4" timestamp="2025-09-21T23:28:17Z" changeset="172269123" uid="8857" user="philipcullen">
    <nd ref="11408528796"/>
    <nd ref="11408528795"/>
    <nd ref="11408528797"/>
    <nd ref="11408528798"/>
    <nd ref="11408528800"/>
    <nd ref="11408528799"/>
    <nd ref="11408528796"/>
    <tag k="addr:city" v="Worksop"/>
    <tag k="addr:housenumber" v="43"/>
    <tag k="addr:postcode" v="S81 9AW"/>
    <tag k="addr:street" v="Long Lane"/>
    <tag k="building" v="house"/>
    <tag k="ref:GB:uprn" v="100031291716"/>
  </way>
  <way id="1230203530" version="4" timestamp="2025-09-21T23:28:17Z" changeset="172269123" uid="8857" user="philipcullen">
    <nd ref="11408528821"/>
    <nd ref="11408528817"/>
    <nd ref="11408528816"/>
    <nd ref="11408528818"/>
    <nd ref="11408528819"/>
    <nd ref="11408528820"/>
    <nd ref="11408528821"/>
    <tag k="addr:city" v="Worksop"/>
    <tag k="addr:housenumber" v="41"/>
    <tag k="addr:postcode" v="S81 9AW"/>
    <tag k="addr:street" v="Long Lane"/>
    <tag k="building" v="house"/>
    <tag k="ref:GB:uprn" v="100031291714"/>
  </way>
  <way id="1230203531" version="4" timestamp="2025-09-21T23:28:17Z" changeset="172269123" uid="8857" user="philipcullen">
    <nd ref="11408528825"/>
    <nd ref="11408528824"/>
    <nd ref="11408528823"/>
    <nd ref="11408528822"/>
    <nd ref="11408528825"/>
    <tag k="addr:city" v="Worksop"/>
    <tag k="addr:housenumber" v="39"/>
    <tag k="addr:postcode" v="S81 9AW"/>
    <tag k="addr:street" v="Long Lane"/>
    <tag k="building" v="house"/>
    <tag k="ref:GB:uprn" v="100032188310"/>
  </way>
  <way id="1230203532" version="4" timestamp="2025-09-21T23:28:17Z" changeset="172269123" uid="8857" user="philipcullen">
    <nd ref="11408528829"/>
    <nd ref="11408528832"/>
    <nd ref="11408528831"/>
    <nd ref="11408528827"/>
    <nd ref="11408528826"/>
    <nd ref="11408528828"/>
    <nd ref="11408528829"/>
    <tag k="addr:city" v="Worksop"/>
    <tag k="addr:housenumber" v="35"/>
    <tag k="addr:postcode" v="S81 9AW"/>
    <tag k="addr:street" v="Long Lane"/>
    <tag k="building" v="house"/>
    <tag k="ref:GB:uprn" v="100031291709"/>
  </way>
  <way id="1230203533" version="4" timestamp="2025-09-21T23:28:17Z" changeset="172269123" uid="8857" user="philipcullen">
    <nd ref="11408528833"/>
    <nd ref="11408528829"/>
    <nd ref="11408528828"/>
    <nd ref="11408528830"/>
    <nd ref="11408528833"/>
    <tag k="addr:city" v="Worksop"/>
    <tag k="addr:housenumber" v="37"/>
    <tag k="addr:postcode" v="S81 9AW"/>
    <tag k="addr:street" v="Long Lane"/>
    <tag k="building" v="house"/>
    <tag k="ref:GB:uprn" v="100031291711"/>
  </way>
  <way id="1230203534" version="4" timestamp="2025-09-21T23:28:17Z" changeset="172269123" uid="8857" user="philipcullen">
    <nd ref="11408528840"/>
    <nd ref="11408528839"/>
    <nd ref="11408528838"/>
    <nd ref="11408528834"/>
    <nd ref="11408528835"/>
    <nd ref="11408528836"/>
    <nd ref="11408528837"/>
    <nd ref="11408528840"/>
    <tag k="addr:city" v="Worksop"/>
    <tag k="addr:housenumber" v="33"/>
    <tag k="addr:postcode" v="S81 9AW"/>
    <tag k="addr:street" v="Long Lane"/>
    <tag k="building" v="house"/>
    <tag k="ref:GB:uprn" v="100031291707"/>
  </way>
  <way id="1230203535" version="4" timestamp="2025-09-21T23:28:17Z" changeset="172269123" uid="8857" user="philipcullen">
    <nd ref="11408528845"/>
    <nd ref="11408528844"/>
    <nd ref="11408528843"/>
    <nd ref="11408528841"/>
    <nd ref="11408528842"/>
    <nd ref="11408528847"/>
    <nd ref="11408528846"/>
    <nd ref="11408528849"/>
    <nd ref="11408528850"/>
    <nd ref="11408528853"/>
    <nd ref="11408528852"/>
    <nd ref="11408528848"/>
    <nd ref="11408528845"/>
    <tag k="addr:city" v="Worksop"/>
    <tag k="addr:housenumber" v="29"/>
    <tag k="addr:postcode" v="S81 9AW"/>
    <tag k="addr:street" v="Long Lane"/>
    <tag k="building" v="house"/>
    <tag k="ref:GB:uprn" v="100031291703"/>
  </way>
  <way id="1230203536" version="4" timestamp="2025-09-21T23:28:17Z" changeset="172269123" uid="8857" user="philipcullen">
    <nd ref="11408528854"/>
    <nd ref="11408528850"/>
    <nd ref="11408528849"/>
    <nd ref="11408528851"/>
    <nd ref="11408528854"/>
    <tag k="addr:city" v="Worksop"/>
    <tag k="addr:housenumber" v="31"/>
    <tag k="addr:postcode" v="S81 9AW"/>
    <tag k="addr:street" v="Long Lane"/>
    <tag k="building" v="house"/>
    <tag k="ref:GB:uprn" v="100031291705"/>
  </way>
  <way id="1230203537" version="4" timestamp="2025-09-21T23:28:17Z" changeset="172269123" uid="8857" user="philipcullen">
    <nd ref="11408528856"/>
    <nd ref="11408528859"/>
    <nd ref="11408528858"/>
    <nd ref="11408528855"/>
    <nd ref="11408528856"/>
    <tag k="addr:city" v="Worksop"/>
    <tag k="addr:housenumber" v="25"/>
    <tag k="addr:postcode" v="S81 9AW"/>
    <tag k="addr:street" v="Long Lane"/>
    <tag k="building" v="house"/>
    <tag k="ref:GB:uprn" v="100031291699"/>
  </way>
  <way id="1230203538" version="4" timestamp="2025-09-21T23:28:17Z" changeset="172269123" uid="8857" user="philipcullen">
    <nd ref="11408528860"/>
    <nd ref="11408528856"/>
    <nd ref="11408528855"/>
    <nd ref="11408528857"/>
    <nd ref="11408528860"/>
    <tag k="addr:city" v="Worksop"/>
    <tag k="addr:housenumber" v="27"/>
    <tag k="addr:postcode" v="S81 9AW"/>
    <tag k="addr:street" v="Long Lane"/>
    <tag k="building" v="house"/>
    <tag k="ref:GB:uprn" v="100031291701"/>
  </way>
  <way id="1230203539" version="4" timestamp="2025-09-21T23:28:17Z" changeset="172269123" uid="8857" user="philipcullen">
    <nd ref="11408529094"/>
    <nd ref="11408529093"/>
    <nd ref="11408529090"/>
    <nd ref="11408529089"/>
    <nd ref="11408529088"/>
    <nd ref="11408529092"/>
    <nd ref="11408529091"/>
    <nd ref="11408529094"/>
    <tag k="addr:city" v="Worksop"/>
    <tag k="addr:housenumber" v="2"/>
    <tag k="addr:postcode" v="S81 9NH"/>
    <tag k="addr:street" v="Craithie Road"/>
    <tag k="building" v="house"/>
    <tag k="ref:GB:uprn" v="100032188485"/>
  </way>
  <way id="1230203549" version="4" timestamp="2025-09-21T23:28:17Z" changeset="172269123" uid="8857" user="philipcullen">
    <nd ref="11408528936"/>
    <nd ref="11408528935"/>
    <nd ref="11408528934"/>
    <nd ref="11408528933"/>
    <nd ref="11408528936"/>
    <tag k="addr:city" v="Worksop"/>
    <tag k="addr:housenumber" v="23"/>
    <tag k="addr:postcode" v="S81 9NJ"/>
    <tag k="addr:street" v="Carisbrook Road"/>
    <tag k="building" v="house"/>
    <tag k="ref:GB:uprn" v="200000663799"/>
  </way>
  <way id="1230203550" version="4" timestamp="2025-09-21T23:28:17Z" changeset="172269123" uid="8857" user="philipcullen">
    <nd ref="11408528940"/>
    <nd ref="11408528939"/>
    <nd ref="11408528938"/>
    <nd ref="11408528937"/>
    <nd ref="11408528940"/>
    <tag k="addr:city" v="Worksop"/>
    <tag k="addr:housenumber" v="21"/>
    <tag k="addr:postcode" v="S81 9NJ"/>
    <tag k="addr:street" v="Carisbrook Road"/>
    <tag k="building" v="house"/>
    <tag k="ref:GB:uprn" v="200000663797"/>
  </way>
  <way id="1230203551" version="4" timestamp="2025-09-21T23:28:17Z" changeset="172269123" uid="8857" user="philipcullen">
    <nd ref="11408528945"/>
    <nd ref="11408528944"/>
    <nd ref="11408528947"/>
    <nd ref="11408528946"/>
    <nd ref="11408528943"/>
    <nd ref="11408528941"/>
    <nd ref="11408528942"/>
    <nd ref="11408528945"/>
    <tag k="addr:city" v="Worksop"/>
    <tag k="addr:housenumber" v="19"/>
    <tag k="addr:postcode" v="S81 9NJ"/>
    <tag k="addr:street" v="Carisbrook Road"/>
    <tag k="building" v="house"/>
    <tag k="ref:GB:uprn" v="200000663795"/>
  </way>
  <way id="1230203552" version="4" timestamp="2025-09-21T23:28:17Z" changeset="172269123" uid="8857" user="philipcullen">
    <nd ref="11408528951"/>
    <nd ref="11408528948"/>
    <nd ref="11408528949"/>
    <nd ref="11408528950"/>
    <nd ref="11408528951"/>
    <tag k="addr:city" v="Worksop"/>
    <tag k="addr:housenumber" v="17"/>
    <tag k="addr:postcode" v="S81 9NJ"/>
    <tag k="addr:street" v="Carisbrook Road"/>
    <tag k="building" v="house"/>
    <tag k="ref:GB:uprn" v="200000663793"/>
  </way>
  <way id="1230203553" version="4" timestamp="2025-09-21T23:28:17Z" changeset="172269123" uid="8857" user="philipcullen">
    <nd ref="11408528958"/>
    <nd ref="11408528957"/>
    <nd ref="11408528956"/>
    <nd ref="11408528955"/>
    <nd ref="11408528954"/>
    <nd ref="11408528953"/>
    <nd ref="11408528952"/>
    <nd ref="11408528958"/>
    <tag k="addr:city" v="Worksop"/>
    <tag k="addr:housenumber" v="15"/>
    <tag k="addr:postcode" v="S81 9NJ"/>
    <tag k="addr:street" v="Carisbrook Road"/>
    <tag k="building" v="house"/>
    <tag k="ref:GB:uprn" v="200000663791"/>
  </way>
  <way id="1230203554" version="4" timestamp="2025-09-21T23:28:17Z" changeset="172269123" uid="8857" user="philipcullen">
    <nd ref="11408528965"/>
    <nd ref="11408528962"/>
    <nd ref="11408528961"/>
    <nd ref="11408528959"/>
    <nd ref="11408528960"/>
    <nd ref="11408528963"/>
    <nd ref="11408528964"/>
    <nd ref="11408528965"/>
    <tag k="addr:city" v="Worksop"/>
    <tag k="addr:housenumber" v="13"/>
    <tag k="addr:postcode" v="S81 9NJ"/>
    <tag k="addr:street" v="Carisbrook Road"/>
    <tag k="building" v="house"/>
    <tag k="ref:GB:uprn" v="200000663789"/>
  </way>
  <way id="1230203555" version="4" timestamp="2025-09-21T23:28:17Z" changeset="172269123" uid="8857" user="philipcullen">
    <nd ref="11408528972"/>
    <nd ref="11408528971"/>
    <nd ref="11408528970"/>
    <nd ref="11408528969"/>
    <nd ref="11408528968"/>
    <nd ref="11408528967"/>
    <nd ref="11408528966"/>
    <nd ref="11408528972"/>
    <tag k="addr:city" v="Worksop"/>
    <tag k="addr:housenumber" v="11"/>
    <tag k="addr:postcode" v="S81 9NJ"/>
    <tag k="addr:street" v="Carisbrook Road"/>
    <tag k="building" v="house"/>
    <tag k="ref:GB:uprn" v="200000663787"/>
  </way>
  <way id="1230203556" version="4" timestamp="2025-09-21T23:28:17Z" changeset="172269123" uid="8857" user="philipcullen">
    <nd ref="11408528975"/>
    <nd ref="11408528978"/>
    <nd ref="11408528977"/>
    <nd ref="11408528976"/>
    <nd ref="11408528979"/>
    <nd ref="11408528973"/>
    <nd ref="11408528974"/>
    <nd ref="11408528975"/>
    <tag k="addr:city" v="Worksop"/>
    <tag k="addr:housenumber" v="9"/>
    <tag k="addr:postcode" v="S81 9NJ"/>
    <tag k="addr:street" v="Carisbrook Road"/>
    <tag k="building" v="house"/>
    <tag k="ref:GB:uprn" v="200000663785"/>
  </way>
  <way id="1230203557" version="4" timestamp="2025-09-21T23:28:17Z" changeset="172269123" uid="8857" user="philipcullen">
    <nd ref="11408528983"/>
    <nd ref="11408528980"/>
    <nd ref="11408528981"/>
    <nd ref="11408528982"/>
    <nd ref="11408528983"/>
    <tag k="addr:city" v="Worksop"/>
    <tag k="addr:housenumber" v="7"/>
    <tag k="addr:postcode" v="S81 9NJ"/>
    <tag k="addr:street" v="Carisbrook Road"/>
    <tag k="building" v="house"/>
    <tag k="ref:GB:uprn" v="200000663783"/>
  </way>
  <way id="1230203558" version="4" timestamp="2025-09-21T23:28:17Z" changeset="172269123" uid="8857" user="philipcullen">
    <nd ref="11408529007"/>
    <nd ref="11408529000"/>
    <nd ref="11408528997"/>
    <nd ref="11408528998"/>
    <nd ref="11408528999"/>
    <nd ref="11408529006"/>
    <nd ref="11408529005"/>
    <nd ref="11408529004"/>
    <nd ref="11408529001"/>
    <nd ref="11408529002"/>
    <nd ref="11408529003"/>
    <nd ref="11408529007"/>
    <tag k="addr:city" v="Worksop"/>
    <tag k="addr:housenumber" v="1"/>
    <tag k="addr:postcode" v="S81 9NJ"/>
    <tag k="addr:street" v="Carisbrook Road"/>
    <tag k="building" v="house"/>
    <tag k="ref:GB:uprn" v="200000663777"/>
  </way>
  <way id="1230203559" version="4" timestamp="2025-09-21T23:28:17Z" changeset="172269123" uid="8857" user="philipcullen">
    <nd ref="11408528989"/>
    <nd ref="11408528988"/>
    <nd ref="11408528987"/>
    <nd ref="11408528984"/>
    <nd ref="11408528985"/>
    <nd ref="11408528986"/>
    <nd ref="11408528992"/>
    <nd ref="11408528991"/>
    <nd ref="11408528990"/>
    <nd ref="11408528989"/>
    <tag k="addr:city" v="Worksop"/>
    <tag k="addr:housenumber" v="5"/>
    <tag k="addr:postcode" v="S81 9NJ"/>
    <tag k="addr:street" v="Carisbrook Road"/>
    <tag k="building" v="house"/>
    <tag k="ref:GB:uprn" v="200000663781"/>
  </way>
  <way id="1230203560" version="4" timestamp="2025-09-21T23:28:17Z" changeset="172269123" uid="8857" user="philipcullen">
    <nd ref="11408528996"/>
    <nd ref="11408528995"/>
    <nd ref="11408528994"/>
    <nd ref="11408528993"/>
    <nd ref="11408528996"/>
    <tag k="addr:city" v="Worksop"/>
    <tag k="addr:housenumber" v="3"/>
    <tag k="addr:postcode" v="S81 9NJ"/>
    <tag k="addr:street" v="Carisbrook Road"/>
    <tag k="building" v="house"/>
    <tag k="ref:GB:uprn" v="200000663779"/>
  </way>
  <way id="1230203561" version="4" timestamp="2025-09-21T23:28:17Z" changeset="172269123" uid="8857" user="philipcullen">
    <nd ref="11408529011"/>
    <nd ref="11408529010"/>
    <nd ref="11408529009"/>
    <nd ref="11408529008"/>
    <nd ref="11408529011"/>
    <tag k="addr:city" v="Worksop"/>
    <tag k="addr:housenumber" v="23A"/>
    <tag k="addr:postcode" v="S81 9AW"/>
    <tag k="addr:street" v="Long Lane"/>
    <tag k="building" v="house"/>
    <tag k="ref:GB:uprn" v="100031291696"/>
  </way>
  <way id="1230203562" version="4" timestamp="2025-09-21T23:28:17Z" changeset="172269123" uid="8857" user="philipcullen">
    <nd ref="11408529023"/>
    <nd ref="11408529019"/>
    <nd ref="11408529018"/>
    <nd ref="11408529020"/>
    <nd ref="11408529014"/>
    <nd ref="11408529013"/>
    <nd ref="11408529012"/>
    <nd ref="11408529023"/>
    <tag k="addr:city" v="Worksop"/>
    <tag k="addr:housenumber" v="23"/>
    <tag k="addr:postcode" v="S81 9AW"/>
    <tag k="addr:street" v="Long Lane"/>
    <tag k="building" v="house"/>
    <tag k="ref:GB:uprn" v="100031291697"/>
  </way>
  <way id="1230203563" version="4" timestamp="2025-09-21T23:28:17Z" changeset="172269123" uid="8857" user="philipcullen">
    <nd ref="11408529017"/>
    <nd ref="11408529016"/>
    <nd ref="11408529015"/>
    <nd ref="11408529021"/>
    <nd ref="11408529018"/>
    <nd ref="11408529019"/>
    <nd ref="11408529022"/>
    <nd ref="11408529017"/>
    <tag k="addr:city" v="Worksop"/>
    <tag k="addr:housenumber" v="21"/>
    <tag k="addr:postcode" v="S81 9AW"/>
    <tag k="addr:street" v="Long Lane"/>
    <tag k="building" v="house"/>
    <tag k="ref:GB:uprn" v="100031291694"/>
  </way>
  <way id="1230203564" version="4" timestamp="2025-09-21T23:28:17Z" changeset="172269123" uid="8857" user="philipcullen">
    <nd ref="11408529028"/>
    <nd ref="11408529031"/>
    <nd ref="11408529026"/>
    <nd ref="11408529025"/>
    <nd ref="11408529024"/>
    <nd ref="11408529030"/>
    <nd ref="11408529027"/>
    <nd ref="11408529028"/>
    <tag k="addr:city" v="Worksop"/>
    <tag k="addr:housenumber" v="17"/>
    <tag k="addr:postcode" v="S81 9AW"/>
    <tag k="addr:street" v="Long Lane"/>
    <tag k="building" v="house"/>
    <tag k="ref:GB:uprn" v="100031291690"/>
  </way>
  <way id="1230203565" version="4" timestamp="2025-09-21T23:28:17Z" changeset="172269123" uid="8857" user="philipcullen">
    <nd ref="11408529032"/>
    <nd ref="11408529028"/>
    <nd ref="11408529027"/>
    <nd ref="11408529029"/>
    <nd ref="11408529032"/>
    <tag k="addr:city" v="Worksop"/>
    <tag k="addr:housenumber" v="19"/>
    <tag k="addr:postcode" v="S81 9AW"/>
    <tag k="addr:street" v="Long Lane"/>
    <tag k="building" v="house"/>
    <tag k="ref:GB:uprn" v="100031291692"/>
  </way>
  <way id="1230203566" version="4" timestamp="2025-09-21T23:28:17Z" changeset="172269123" uid="8857" user="philipcullen">
    <nd ref="11408529036"/>
    <nd ref="11408529035"/>
    <nd ref="11408529034"/>
    <nd ref="11408529033"/>
    <nd ref="11408529036"/>
    <tag k="addr:city" v="Worksop"/>
    <tag k="addr:housenumber" v="22"/>
    <tag k="addr:postcode" v="S81 9NJ"/>
    <tag k="addr:street" v="Carisbrook Road"/>
    <tag k="building" v="house"/>
    <tag k="ref:GB:uprn" v="200000663798"/>
  </way>
  <way id="1230203567" version="4" timestamp="2025-09-21T23:28:17Z" changeset="172269123" uid="8857" user="philipcullen">
    <nd ref="11408529040"/>
    <nd ref="11408529039"/>
    <nd ref="11408529038"/>
    <nd ref="11408529037"/>
    <nd ref="11408529040"/>
    <tag k="addr:city" v="Worksop"/>
    <tag k="addr:housenumber" v="20"/>
    <tag k="addr:postcode" v="S81 9NJ"/>
    <tag k="addr:street" v="Carisbrook Road"/>
    <tag k="building" v="house"/>
    <tag k="ref:GB:uprn" v="200000663796"/>
  </way>
  <way id="1230203568" version="4" timestamp="2025-09-21T23:28:17Z" changeset="172269123" uid="8857" user="philipcullen">
    <nd ref="11408529044"/>
    <nd ref="11408529043"/>
    <nd ref="11408529042"/>
    <nd ref="11408529041"/>
    <nd ref="11408529044"/>
    <tag k="addr:city" v="Worksop"/>
    <tag k="addr:housenumber" v="18"/>
    <tag k="addr:postcode" v="S81 9NJ"/>
    <tag k="addr:street" v="Carisbrook Road"/>
    <tag k="building" v="house"/>
    <tag k="ref:GB:uprn" v="200000663794"/>
  </way>
  <way id="1230203569" version="4" timestamp="2025-09-21T23:28:17Z" changeset="172269123" uid="8857" user="philipcullen">
    <nd ref="11408529048"/>
    <nd ref="11408529047"/>
    <nd ref="11408529046"/>
    <nd ref="11408529045"/>
    <nd ref="11408529048"/>
    <tag k="addr:city" v="Worksop"/>
    <tag k="addr:housenumber" v="16"/>
    <tag k="addr:postcode" v="S81 9NJ"/>
    <tag k="addr:street" v="Carisbrook Road"/>
    <tag k="building" v="house"/>
    <tag k="ref:GB:uprn" v="200000663792"/>
  </way>
  <way id="1230203570" version="4" timestamp="2025-09-21T23:28:17Z" changeset="172269123" uid="8857" user="philipcullen">
    <nd ref="11408529053"/>
    <nd ref="11408529050"/>
    <nd ref="11408529049"/>
    <nd ref="11408529052"/>
    <nd ref="11408529053"/>
    <tag k="addr:city" v="Worksop"/>
    <tag k="addr:housenumber" v="12"/>
    <tag k="addr:postcode" v="S81 9NJ"/>
    <tag k="addr:street" v="Carisbrook Road"/>
    <tag k="building" v="house"/>
    <tag k="ref:GB:uprn" v="200000663788"/>
  </way>
  <way id="1230203571" version="4" timestamp="2025-09-21T23:28:17Z" changeset="172269123" uid="8857" user="philipcullen">
    <nd ref="11408529054"/>
    <nd ref="11408529053"/>
    <nd ref="11408529052"/>
    <nd ref="11408529051"/>
    <nd ref="11408529054"/>
    <tag k="addr:city" v="Worksop"/>
    <tag k="addr:housenumber" v="14"/>
    <tag k="addr:postcode" v="S81 9NJ"/>
    <tag k="addr:street" v="Carisbrook Road"/>
    <tag k="building" v="house"/>
    <tag k="ref:GB:uprn" v="200000663790"/>
  </way>
  <way id="1230203572" version="4" timestamp="2025-09-21T23:28:17Z" changeset="172269123" uid="8857" user="philipcullen">
    <nd ref="11408529056"/>
    <nd ref="11408529059"/>
    <nd ref="11408529058"/>
    <nd ref="11408529055"/>
    <nd ref="11408529056"/>
    <tag k="addr:city" v="Worksop"/>
    <tag k="addr:housenumber" v="8"/>
    <tag k="addr:postcode" v="S81 9NJ"/>
    <tag k="addr:street" v="Carisbrook Road"/>
    <tag k="building" v="house"/>
    <tag k="ref:GB:uprn" v="200000663784"/>
  </way>
  <way id="1230203573" version="4" timestamp="2025-09-21T23:28:17Z" changeset="172269123" uid="8857" user="philipcullen">
    <nd ref="11408529060"/>
    <nd ref="11408529056"/>
    <nd ref="11408529055"/>
    <nd ref="11408529057"/>
    <nd ref="11408529060"/>
    <tag k="addr:city" v="Worksop"/>
    <tag k="addr:housenumber" v="10"/>
    <tag k="addr:postcode" v="S81 9NJ"/>
    <tag k="addr:street" v="Carisbrook Road"/>
    <tag k="building" v="house"/>
    <tag k="ref:GB:uprn" v="200000663786"/>
  </way>
  <way id="1230203574" version="4" timestamp="2025-09-21T23:28:17Z" changeset="172269123" uid="8857" user="philipcullen">
    <nd ref="11408529064"/>
    <nd ref="11408529063"/>
    <nd ref="11408529062"/>
    <nd ref="11408529061"/>
    <nd ref="11408529064"/>
    <tag k="addr:city" v="Worksop"/>
    <tag k="addr:housenumber" v="6"/>
    <tag k="addr:postcode" v="S81 9NJ"/>
    <tag k="addr:street" v="Carisbrook Road"/>
    <tag k="building" v="house"/>
    <tag k="ref:GB:uprn" v="200000663782"/>
  </way>
  <way id="1230203575" version="4" timestamp="2025-09-21T23:28:17Z" changeset="172269123" uid="8857" user="philipcullen">
    <nd ref="11408529068"/>
    <nd ref="11408529067"/>
    <nd ref="11408529066"/>
    <nd ref="11408529065"/>
    <nd ref="11408529068"/>
    <tag k="addr:city" v="Worksop"/>
    <tag k="addr:housenumber" v="4"/>
    <tag k="addr:postcode" v="S81 9NJ"/>
    <tag k="addr:street" v="Carisbrook Road"/>
    <tag k="building" v="house"/>
    <tag k="ref:GB:uprn" v="200000663780"/>
  </way>
  <way id="1230203576" version="4" timestamp="2025-09-21T23:28:17Z" changeset="172269123" uid="8857" user="philipcullen">
    <nd ref="11408529072"/>
    <nd ref="11408529071"/>
    <nd ref="11408529070"/>
    <nd ref="11408529069"/>
    <nd ref="11408529072"/>
    <tag k="addr:city" v="Worksop"/>
    <tag k="addr:housenumber" v="2"/>
    <tag k="addr:postcode" v="S81 9NJ"/>
    <tag k="addr:street" v="Carisbrook Road"/>
    <tag k="building" v="house"/>
    <tag k="ref:GB:uprn" v="200000663778"/>
  </way>
  <way id="1230203577" version="4" timestamp="2025-09-21T23:28:17Z" changeset="172269123" uid="8857" user="philipcullen">
    <nd ref="11408529074"/>
    <nd ref="11408529078"/>
    <nd ref="11408529075"/>
    <nd ref="11408529073"/>
    <nd ref="11408529074"/>
    <tag k="addr:city" v="Worksop"/>
    <tag k="addr:housenumber" v="10"/>
    <tag k="addr:postcode" v="S81 9NH"/>
    <tag k="addr:street" v="Craithie Road"/>
    <tag k="building" v="house"/>
    <tag k="ref:GB:uprn" v="100032188475"/>
  </way>
  <way id="1230203578" version="4" timestamp="2025-09-21T23:28:17Z" changeset="172269123" uid="8857" user="philipcullen">
    <nd ref="11408529078"/>
    <nd ref="11408529077"/>
    <nd ref="11408529076"/>
    <nd ref="11408529075"/>
    <nd ref="11408529078"/>
    <tag k="addr:city" v="Worksop"/>
    <tag k="addr:housenumber" v="12"/>
    <tag k="addr:postcode" v="S81 9NH"/>
    <tag k="addr:street" v="Craithie Road"/>
    <tag k="building" v="house"/>
    <tag k="ref:GB:uprn" v="100032188477"/>
  </way>
  <way id="1230203579" version="4" timestamp="2025-09-21T23:28:17Z" changeset="172269123" uid="8857" user="philipcullen">
    <nd ref="11408529086"/>
    <nd ref="11408529083"/>
    <nd ref="11408529082"/>
    <nd ref="11408529080"/>
    <nd ref="11408529079"/>
    <nd ref="11408529081"/>
    <nd ref="11408529085"/>
    <nd ref="11408529086"/>
    <tag k="addr:city" v="Worksop"/>
    <tag k="addr:housenumber" v="6"/>
    <tag k="addr:postcode" v="S81 9NH"/>
    <tag k="addr:street" v="Craithie Road"/>
    <tag k="building" v="house"/>
    <tag k="ref:GB:uprn" v="100032188490"/>
  </way>
  <way id="1230203580" version="4" timestamp="2025-09-21T23:28:17Z" changeset="172269123" uid="8857" user="philipcullen">
    <nd ref="11408529083"/>
    <nd ref="11408529087"/>
    <nd ref="11408529084"/>
    <nd ref="11408529082"/>
    <nd ref="11408529083"/>
    <tag k="addr:city" v="Worksop"/>
    <tag k="addr:housenumber" v="8"/>
    <tag k="addr:postcode" v="S81 9NH"/>
    <tag k="addr:street" v="Craithie Road"/>
    <tag k="building" v="house"/>
    <tag k="ref:GB:uprn" v="100032188492"/>
  </way>
  <way id="1230203581" version="4" timestamp="2025-09-21T23:28:17Z" changeset="172269123" uid="8857" user="philipcullen">
    <nd ref="11408529098"/>
    <nd ref="11408529097"/>
    <nd ref="11408529096"/>
    <nd ref="11408529095"/>
    <nd ref="11408529098"/>
    <tag k="addr:city" v="Worksop"/>
    <tag k="addr:housenumber" v="4"/>
    <tag k="addr:postcode" v="S81 9NH"/>
    <tag k="addr:street" v="Craithie Road"/>
    <tag k="building" v="house"/>
    <tag k="ref:GB:uprn" v="100032188488"/>
  </way>
  <way id="1230203582" version="4" timestamp="2025-09-21T23:28:17Z" changeset="172269123" uid="8857" user="philipcullen">
    <nd ref="11408529102"/>
    <nd ref="11408529101"/>
    <nd ref="11408529100"/>
    <nd ref="11408529099"/>
    <nd ref="11408529102"/>
    <tag k="addr:city" v="Worksop"/>
    <tag k="addr:housenumber" v="18"/>
    <tag k="addr:postcode" v="S81 9NH"/>
    <tag k="addr:street" v="Craithie Road"/>
    <tag k="building" v="house"/>
    <tag k="ref:GB:uprn" v="100032188483"/>
  </way>
  <way id="1230203583" version="4" timestamp="2025-09-21T23:28:17Z" changeset="172269123" uid="8857" user="philipcullen">
    <nd ref="11408529106"/>
    <nd ref="11408529105"/>
    <nd ref="11408529104"/>
    <nd ref="11408529103"/>
    <nd ref="11408529106"/>
    <tag k="addr:city" v="Worksop"/>
    <tag k="addr:housenumber" v="16"/>
    <tag k="addr:postcode" v="S81 9NH"/>
    <tag k="addr:street" v="Craithie Road"/>
    <tag k="building" v="house"/>
    <tag k="ref:GB:uprn" v="100032188481"/>
  </way>
  <way id="1230203584" version="4" timestamp="2025-09-21T23:28:17Z" changeset="172269123" uid="8857" user="philipcullen">
    <nd ref="11408529110"/>
    <nd ref="11408529109"/>
    <nd ref="11408529108"/>
    <nd ref="11408529107"/>
    <nd ref="11408529110"/>
    <tag k="addr:city" v="Worksop"/>
    <tag k="addr:housenumber" v="14"/>
    <tag k="addr:postcode" v="S81 9NH"/>
    <tag k="addr:street" v="Craithie Road"/>
    <tag k="building" v="house"/>
    <tag k="ref:GB:uprn" v="100032188479"/>
  </way>
  <way id="1230203585" version="4" timestamp="2025-09-21T23:28:17Z" changeset="172269123" uid="8857" user="philipcullen">
    <nd ref="11408529114"/>
    <nd ref="11408529113"/>
    <nd ref="11408529112"/>
    <nd ref="11408529111"/>
    <nd ref="11408529114"/>
    <tag k="addr:city" v="Worksop"/>
    <tag k="addr:housenumber" v="19"/>
    <tag k="addr:postcode" v="S81 9NH"/>
    <tag k="addr:street" v="Craithie Road"/>
    <tag k="building" v="house"/>
    <tag k="ref:GB:uprn" v="100032188484"/>
  </way>
  <way id="1230203586" version="4" timestamp="2025-09-21T23:28:17Z" changeset="172269123" uid="8857" user="philipcullen">
    <nd ref="11408529118"/>
    <nd ref="11408529117"/>
    <nd ref="11408529116"/>
    <nd ref="11408529115"/>
    <nd ref="11408529118"/>
    <tag k="addr:city" v="Worksop"/>
    <tag k="addr:housenumber" v="17"/>
    <tag k="addr:postcode" v="S81 9NH"/>
    <tag k="addr:street" v="Craithie Road"/>
    <tag k="building" v="house"/>
    <tag k="ref:GB:uprn" v="100032188482"/>
  </way>
  <way id="1230203587" version="4" timestamp="2025-09-21T23:28:17Z" changeset="172269123" uid="8857" user="philipcullen">
    <nd ref="11408529122"/>
    <nd ref="11408529121"/>
    <nd ref="11408529120"/>
    <nd ref="11408529119"/>
    <nd ref="11408529122"/>
    <tag k="addr:city" v="Worksop"/>
    <tag k="addr:housenumber" v="15"/>
    <tag k="addr:postcode" v="S81 9NH"/>
    <tag k="addr:street" v="Craithie Road"/>
    <tag k="building" v="house"/>
    <tag k="ref:GB:uprn" v="100032188480"/>
  </way>
  <way id="1230203588" version="4" timestamp="2025-09-21T23:28:17Z" changeset="172269123" uid="8857" user="philipcullen">
    <nd ref="11408529127"/>
    <nd ref="11408529124"/>
    <nd ref="11408529123"/>
    <nd ref="11408529126"/>
    <nd ref="11408529127"/>
    <tag k="addr:city" v="Worksop"/>
    <tag k="addr:housenumber" v="13"/>
    <tag k="addr:postcode" v="S81 9NH"/>
    <tag k="addr:street" v="Craithie Road"/>
    <tag k="building" v="house"/>
    <tag k="ref:GB:uprn" v="100032188478"/>
  </way>
  <way id="1230203589" version="4" timestamp="2025-09-21T23:28:17Z" changeset="172269123" uid="8857" user="philipcullen">
    <nd ref="11408529128"/>
    <nd ref="11408529127"/>
    <nd ref="11408529126"/>
    <nd ref="11408529125"/>
    <nd ref="11408529128"/>
    <tag k="addr:city" v="Worksop"/>
    <tag k="addr:housenumber" v="11"/>
    <tag k="addr:postcode" v="S81 9NH"/>
    <tag k="addr:street" v="Craithie Road"/>
    <tag k="building" v="house"/>
    <tag k="ref:GB:uprn" v="100032188476"/>
  </way>
  <way id="1230203590" version="4" timestamp="2025-09-21T23:28:17Z" changeset="172269123" uid="8857" user="philipcullen">
    <nd ref="11408529130"/>
    <nd ref="11408529134"/>
    <nd ref="11408529133"/>
    <nd ref="11408529129"/>
    <nd ref="11408529130"/>
    <tag k="addr:city" v="Worksop"/>
    <tag k="addr:housenumber" v="9"/>
    <tag k="addr:postcode" v="S81 9NH"/>
    <tag k="addr:street" v="Craithie Road"/>
    <tag k="building" v="house"/>
    <tag k="ref:GB:uprn" v="100032188493"/>
  </way>
  <way id="1230203591" version="4" timestamp="2025-09-21T23:28:17Z" changeset="172269123" uid="8857" user="philipcullen">
    <nd ref="11408529131"/>
    <nd ref="11408529130"/>
    <nd ref="11408529129"/>
    <nd ref="11408529132"/>
    <nd ref="11408529131"/>
    <tag k="addr:city" v="Worksop"/>
    <tag k="addr:housenumber" v="7"/>
    <tag k="addr:postcode" v="S81 9NH"/>
    <tag k="addr:street" v="Craithie Road"/>
    <tag k="building" v="house"/>
    <tag k="ref:GB:uprn" v="100032188491"/>
  </way>
  <way id="1230203592" version="4" timestamp="2025-09-21T23:28:17Z" changeset="172269123" uid="8857" user="philipcullen">
    <nd ref="11408529138"/>
    <nd ref="11408529137"/>
    <nd ref="11408529136"/>
    <nd ref="11408529135"/>
    <nd ref="11408529138"/>
    <tag k="addr:city" v="Worksop"/>
    <tag k="addr:housenumber" v="5"/>
    <tag k="addr:postcode" v="S81 9NH"/>
    <tag k="addr:street" v="Craithie Road"/>
    <tag k="building" v="house"/>
    <tag k="ref:GB:uprn" v="100032188489"/>
  </way>
  <way id="1230203593" version="4" timestamp="2025-09-21T23:28:17Z" changeset="172269123" uid="8857" user="philipcullen">
    <nd ref="11408529142"/>
    <nd ref="11408529139"/>
    <nd ref="11408529140"/>
    <nd ref="11408529141"/>
    <nd ref="11408529142"/>
    <tag k="addr:city" v="Worksop"/>
    <tag k="addr:housenumber" v="3"/>
    <tag k="addr:postcode" v="S81 9NH"/>
    <tag k="addr:street" v="Craithie Road"/>
    <tag k="building" v="house"/>
    <tag k="ref:GB:uprn" v="100032188487"/>
  </way>
  <way id="1230203594" version="4" timestamp="2025-09-21T23:28:17Z" changeset="172269123" uid="8857" user="philipcullen">
    <nd ref="11408529151"/>
    <nd ref="11408529150"/>
    <nd ref="11408529149"/>
    <nd ref="11408529145"/>
    <nd ref="11408529144"/>
    <nd ref="11408529143"/>
    <nd ref="11408529146"/>
    <nd ref="11408529147"/>
    <nd ref="11408529148"/>
    <nd ref="11408529151"/>
    <tag k="addr:city" v="Worksop"/>
    <tag k="addr:housenumber" v="1"/>
    <tag k="addr:postcode" v="S81 9NH"/>
    <tag k="addr:street" v="Craithie Road"/>
    <tag k="building" v="house"/>
    <tag k="ref:GB:uprn" v="100032188474"/>
  </way>
  <way id="1230203595" version="4" timestamp="2025-09-21T23:28:17Z" changeset="172269123" uid="8857" user="philipcullen">
    <nd ref="11408529166"/>
    <nd ref="11408529160"/>
    <nd ref="11408529161"/>
    <nd ref="11408529162"/>
    <nd ref="11408529165"/>
    <nd ref="11408529164"/>
    <nd ref="11408529163"/>
    <nd ref="11408529166"/>
    <tag k="addr:city" v="Worksop"/>
    <tag k="addr:housenumber" v="19"/>
    <tag k="addr:postcode" v="S81 9NG"/>
    <tag k="addr:street" v="Craigston Road"/>
    <tag k="building" v="house"/>
    <tag k="ref:GB:uprn" v="100031284848"/>
  </way>
  <way id="1230203596" version="4" timestamp="2025-09-21T23:28:17Z" changeset="172269123" uid="8857" user="philipcullen">
    <nd ref="11408529174"/>
    <nd ref="11408529173"/>
    <nd ref="11408529172"/>
    <nd ref="11408529159"/>
    <nd ref="11408529158"/>
    <nd ref="11408529157"/>
    <nd ref="11408529171"/>
    <nd ref="11408529174"/>
    <tag k="addr:city" v="Worksop"/>
    <tag k="addr:housenumber" v="15"/>
    <tag k="addr:postcode" v="S81 9NG"/>
    <tag k="addr:street" v="Craigston Road"/>
    <tag k="building" v="house"/>
    <tag k="ref:GB:uprn" v="100031284844"/>
  </way>
  <way id="1230203597" version="4" timestamp="2025-09-21T23:28:17Z" changeset="172269123" uid="8857" user="philipcullen">
    <nd ref="11408529156"/>
    <nd ref="11408529167"/>
    <nd ref="11408529170"/>
    <nd ref="11408529169"/>
    <nd ref="11408529168"/>
    <nd ref="11408529155"/>
    <nd ref="11408529154"/>
    <nd ref="11408529153"/>
    <nd ref="11408529156"/>
    <tag k="addr:city" v="Worksop"/>
    <tag k="addr:housenumber" v="17"/>
    <tag k="addr:postcode" v="S81 9NG"/>
    <tag k="addr:street" v="Craigston Road"/>
    <tag k="building" v="house"/>
    <tag k="ref:GB:uprn" v="100031284846"/>
  </way>
  <way id="1230203598" version="4" timestamp="2025-09-21T23:28:17Z" changeset="172269123" uid="8857" user="philipcullen">
    <nd ref="11408529178"/>
    <nd ref="11408529177"/>
    <nd ref="11408529176"/>
    <nd ref="11408529175"/>
    <nd ref="11408529178"/>
    <tag k="addr:city" v="Worksop"/>
    <tag k="addr:housenumber" v="13"/>
    <tag k="addr:postcode" v="S81 9NG"/>
    <tag k="addr:street" v="Craigston Road"/>
    <tag k="building" v="house"/>
    <tag k="ref:GB:uprn" v="100031284842"/>
  </way>
  <way id="1230203599" version="4" timestamp="2025-09-21T23:28:17Z" changeset="172269123" uid="8857" user="philipcullen">
    <nd ref="11408529182"/>
    <nd ref="11408529181"/>
    <nd ref="11408529180"/>
    <nd ref="11408529179"/>
    <nd ref="11408529182"/>
    <tag k="addr:city" v="Worksop"/>
    <tag k="addr:housenumber" v="11"/>
    <tag k="addr:postcode" v="S81 9NG"/>
    <tag k="addr:street" v="Craigston Road"/>
    <tag k="building" v="house"/>
    <tag k="ref:GB:uprn" v="100031284840"/>
  </way>
  <way id="1230203600" version="4" timestamp="2025-09-21T23:28:17Z" changeset="172269123" uid="8857" user="philipcullen">
    <nd ref="11408529186"/>
    <nd ref="11408529185"/>
    <nd ref="11408529184"/>
    <nd ref="11408529183"/>
    <nd ref="11408529186"/>
    <tag k="addr:city" v="Worksop"/>
    <tag k="addr:housenumber" v="9"/>
    <tag k="addr:postcode" v="S81 9NG"/>
    <tag k="addr:street" v="Craigston Road"/>
    <tag k="building" v="house"/>
    <tag k="ref:GB:uprn" v="100031284838"/>
  </way>
  <way id="1230203601" version="4" timestamp="2025-09-21T23:28:17Z" changeset="172269123" uid="8857" user="philipcullen">
    <nd ref="11408529190"/>
    <nd ref="11408529187"/>
    <nd ref="11408529188"/>
    <nd ref="11408529189"/>
    <nd ref="11408529190"/>
    <tag k="addr:city" v="Worksop"/>
    <tag k="addr:housenumber" v="7"/>
    <tag k="addr:postcode" v="S81 9NG"/>
    <tag k="addr:street" v="Craigston Road"/>
    <tag k="building" v="house"/>
    <tag k="ref:GB:uprn" v="100031284836"/>
  </way>
  <way id="1230203602" version="4" timestamp="2025-09-21T23:28:17Z" changeset="172269123" uid="8857" user="philipcullen">
    <nd ref="11408529195"/>
    <nd ref="11408529206"/>
    <nd ref="11408529205"/>
    <nd ref="11408529204"/>
    <nd ref="11408529207"/>
    <nd ref="11408529192"/>
    <nd ref="11408529191"/>
    <nd ref="11408529193"/>
    <nd ref="11408529194"/>
    <nd ref="11408529195"/>
    <tag k="addr:city" v="Worksop"/>
    <tag k="addr:housenumber" v="1"/>
    <tag k="addr:postcode" v="S81 9NG"/>
    <tag k="addr:street" v="Craigston Road"/>
    <tag k="building" v="house"/>
    <tag k="ref:GB:uprn" v="100031284830"/>
  </way>
  <way id="1230203603" version="4" timestamp="2025-09-21T23:28:17Z" changeset="172269123" uid="8857" user="philipcullen">
    <nd ref="11408529199"/>
    <nd ref="11408529198"/>
    <nd ref="11408529197"/>
    <nd ref="11408529196"/>
    <nd ref="11408529199"/>
    <tag k="addr:city" v="Worksop"/>
    <tag k="addr:housenumber" v="5"/>
    <tag k="addr:postcode" v="S81 9NG"/>
    <tag k="addr:street" v="Craigston Road"/>
    <tag k="building" v="house"/>
    <tag k="ref:GB:uprn" v="100031284834"/>
  </way>
  <way id="1230203604" version="4" timestamp="2025-09-21T23:28:17Z" changeset="172269123" uid="8857" user="philipcullen">
    <nd ref="11408529203"/>
    <nd ref="11408529202"/>
    <nd ref="11408529201"/>
    <nd ref="11408529200"/>
    <nd ref="11408529203"/>
    <tag k="addr:city" v="Worksop"/>
    <tag k="addr:housenumber" v="3"/>
    <tag k="addr:postcode" v="S81 9NG"/>
    <tag k="addr:street" v="Craigston Road"/>
    <tag k="building" v="house"/>
    <tag k="ref:GB:uprn" v="100031284832"/>
  </way>
  <way id="1230203605" version="4" timestamp="2025-09-21T23:28:17Z" changeset="172269123" uid="8857" user="philipcullen">
    <nd ref="11408529214"/>
    <nd ref="11408529213"/>
    <nd ref="11408529212"/>
    <nd ref="11408529209"/>
    <nd ref="11408529208"/>
    <nd ref="11408529210"/>
    <nd ref="11408529211"/>
    <nd ref="11408529214"/>
    <tag k="addr:city" v="Worksop"/>
    <tag k="addr:housenumber" v="24"/>
    <tag k="addr:postcode" v="S81 9NG"/>
    <tag k="addr:street" v="Craigston Road"/>
    <tag k="building" v="house"/>
    <tag k="ref:GB:uprn" v="100031284851"/>
  </way>
  <way id="1230203606" version="4" timestamp="2025-09-21T23:28:17Z" changeset="172269123" uid="8857" user="philipcullen">
    <nd ref="11408529218"/>
    <nd ref="11408529217"/>
    <nd ref="11408529216"/>
    <nd ref="11408529215"/>
    <nd ref="11408529218"/>
    <tag k="addr:city" v="Worksop"/>
    <tag k="addr:housenumber" v="22"/>
    <tag k="addr:postcode" v="S81 9NG"/>
    <tag k="addr:street" v="Craigston Road"/>
    <tag k="building" v="house"/>
    <tag k="ref:GB:uprn" v="100031284850"/>
  </way>
  <way id="1230203607" version="4" timestamp="2025-09-21T23:28:17Z" changeset="172269123" uid="8857" user="philipcullen">
    <nd ref="11408529222"/>
    <nd ref="11408529221"/>
    <nd ref="11408529220"/>
    <nd ref="11408529219"/>
    <nd ref="11408529222"/>
    <tag k="addr:city" v="Worksop"/>
    <tag k="addr:housenumber" v="20"/>
    <tag k="addr:postcode" v="S81 9NG"/>
    <tag k="addr:street" v="Craigston Road"/>
    <tag k="building" v="house"/>
    <tag k="ref:GB:uprn" v="100031284849"/>
  </way>
  <way id="1230203608" version="4" timestamp="2025-09-21T23:28:17Z" changeset="172269123" uid="8857" user="philipcullen">
    <nd ref="11408529230"/>
    <nd ref="11408529227"/>
    <nd ref="11408529224"/>
    <nd ref="11408529223"/>
    <nd ref="11408529225"/>
    <nd ref="11408529226"/>
    <nd ref="11408529229"/>
    <nd ref="11408529230"/>
    <tag k="addr:city" v="Worksop"/>
    <tag k="addr:housenumber" v="16"/>
    <tag k="addr:postcode" v="S81 9NG"/>
    <tag k="addr:street" v="Craigston Road"/>
    <tag k="building" v="house"/>
    <tag k="ref:GB:uprn" v="100031284845"/>
  </way>
  <way id="1230203609" version="4" timestamp="2025-09-21T23:28:17Z" changeset="172269123" uid="8857" user="philipcullen">
    <nd ref="11408529231"/>
    <nd ref="11408529230"/>
    <nd ref="11408529229"/>
    <nd ref="11408529228"/>
    <nd ref="11408529231"/>
    <tag k="addr:city" v="Worksop"/>
    <tag k="addr:housenumber" v="18"/>
    <tag k="addr:postcode" v="S81 9NG"/>
    <tag k="addr:street" v="Craigston Road"/>
    <tag k="building" v="house"/>
    <tag k="ref:GB:uprn" v="100031284847"/>
  </way>
  <way id="1230203610" version="4" timestamp="2025-09-21T23:28:17Z" changeset="172269123" uid="8857" user="philipcullen">
    <nd ref="11408529239"/>
    <nd ref="11408529234"/>
    <nd ref="11408529232"/>
    <nd ref="11408529233"/>
    <nd ref="11408529240"/>
    <nd ref="11408529238"/>
    <nd ref="11408529237"/>
    <nd ref="11408529239"/>
    <tag k="addr:city" v="Worksop"/>
    <tag k="addr:housenumber" v="14"/>
    <tag k="addr:postcode" v="S81 9NG"/>
    <tag k="addr:street" v="Craigston Road"/>
    <tag k="building" v="house"/>
    <tag k="ref:GB:uprn" v="100031284843"/>
  </way>
  <way id="1230203611" version="4" timestamp="2025-09-21T23:28:17Z" changeset="172269123" uid="8857" user="philipcullen">
    <nd ref="11408529240"/>
    <nd ref="11408529236"/>
    <nd ref="11408529235"/>
    <nd ref="11408529238"/>
    <nd ref="11408529240"/>
    <tag k="addr:city" v="Worksop"/>
    <tag k="addr:housenumber" v="12"/>
    <tag k="addr:postcode" v="S81 9NG"/>
    <tag k="addr:street" v="Craigston Road"/>
    <tag k="building" v="house"/>
    <tag k="ref:GB:uprn" v="100031284841"/>
  </way>
  <way id="1230203612" version="4" timestamp="2025-09-21T23:28:17Z" changeset="172269123" uid="8857" user="philipcullen">
    <nd ref="11408529242"/>
    <nd ref="11408529245"/>
    <nd ref="11408529244"/>
    <nd ref="11408529241"/>
    <nd ref="11408529242"/>
    <tag k="addr:city" v="Worksop"/>
    <tag k="addr:housenumber" v="8"/>
    <tag k="addr:postcode" v="S81 9NG"/>
    <tag k="addr:street" v="Craigston Road"/>
    <tag k="building" v="house"/>
    <tag k="ref:GB:uprn" v="100031284837"/>
  </way>
  <way id="1230203613" version="4" timestamp="2025-09-21T23:28:17Z" changeset="172269123" uid="8857" user="philipcullen">
    <nd ref="11408529246"/>
    <nd ref="11408529242"/>
    <nd ref="11408529241"/>
    <nd ref="11408529243"/>
    <nd ref="11408529246"/>
    <tag k="addr:city" v="Worksop"/>
    <tag k="addr:housenumber" v="10"/>
    <tag k="addr:postcode" v="S81 9NG"/>
    <tag k="addr:street" v="Craigston Road"/>
    <tag k="building" v="house"/>
    <tag k="ref:GB:uprn" v="100031284839"/>
  </way>
  <way id="1230203614" version="4" timestamp="2025-09-21T23:28:17Z" changeset="172269123" uid="8857" user="philipcullen">
    <nd ref="11408529250"/>
    <nd ref="11408529249"/>
    <nd ref="11408529248"/>
    <nd ref="11408529247"/>
    <nd ref="11408529250"/>
    <tag k="addr:city" v="Worksop"/>
    <tag k="addr:housenumber" v="6"/>
    <tag k="addr:postcode" v="S81 9NG"/>
    <tag k="addr:street" v="Craigston Road"/>
    <tag k="building" v="house"/>
    <tag k="ref:GB:uprn" v="100031284835"/>
  </way>
  <way id="1230203615" version="4" timestamp="2025-09-21T23:28:17Z" changeset="172269123" uid="8857" user="philipcullen">
    <nd ref="11408529261"/>
    <nd ref="11408529253"/>
    <nd ref="11408529251"/>
    <nd ref="11408529252"/>
    <nd ref="11408529260"/>
    <nd ref="11408529259"/>
    <nd ref="11408529258"/>
    <nd ref="11408529261"/>
    <tag k="addr:city" v="Worksop"/>
    <tag k="addr:housenumber" v="2"/>
    <tag k="addr:postcode" v="S81 9NG"/>
    <tag k="addr:street" v="Craigston Road"/>
    <tag k="building" v="house"/>
    <tag k="ref:GB:uprn" v="100031284831"/>
  </way>
  <way id="1230203616" version="4" timestamp="2025-09-21T23:28:17Z" changeset="172269123" uid="8857" user="philipcullen">
    <nd ref="11408529257"/>
    <nd ref="11408529256"/>
    <nd ref="11408529255"/>
    <nd ref="11408529254"/>
    <nd ref="11408529257"/>
    <tag k="addr:city" v="Worksop"/>
    <tag k="addr:housenumber" v="4"/>
    <tag k="addr:postcode" v="S81 9NG"/>
    <tag k="addr:street" v="Craigston Road"/>
    <tag k="building" v="house"/>
    <tag k="ref:GB:uprn" v="100031284833"/>
  </way>
  <way id="1230203617" version="4" timestamp="2025-09-21T23:28:17Z" changeset="172269123" uid="8857" user="philipcullen">
    <nd ref="11408529274"/>
    <nd ref="11408529273"/>
    <nd ref="11408529272"/>
    <nd ref="11408529269"/>
    <nd ref="11408529268"/>
    <nd ref="11408529270"/>
    <nd ref="11408529271"/>
    <nd ref="11408529274"/>
    <tag k="addr:city" v="Worksop"/>
    <tag k="addr:housenumber" v="25"/>
    <tag k="addr:postcode" v="S81 9DP"/>
    <tag k="addr:street" v="Stirling Drive"/>
    <tag k="building" v="house"/>
    <tag k="ref:GB:uprn" v="10013976536"/>
  </way>
  <way id="1230203618" version="4" timestamp="2025-09-21T23:28:17Z" changeset="172269123" uid="8857" user="philipcullen">
    <nd ref="11408529282"/>
    <nd ref="11408529278"/>
    <nd ref="11408529275"/>
    <nd ref="11408529276"/>
    <nd ref="11408529277"/>
    <nd ref="11408529281"/>
    <nd ref="11408529280"/>
    <nd ref="11408529279"/>
    <nd ref="11408529282"/>
    <tag k="addr:city" v="Worksop"/>
    <tag k="addr:housenumber" v="23"/>
    <tag k="addr:postcode" v="S81 9DP"/>
    <tag k="addr:street" v="Stirling Drive"/>
    <tag k="building" v="house"/>
    <tag k="ref:GB:uprn" v="100031298690"/>
  </way>
  <way id="1230203619" version="4" timestamp="2025-09-21T23:28:17Z" changeset="172269123" uid="8857" user="philipcullen">
    <nd ref="11408529286"/>
    <nd ref="11408529283"/>
    <nd ref="11408529284"/>
    <nd ref="11408529285"/>
    <nd ref="11408529286"/>
    <tag k="addr:city" v="Worksop"/>
    <tag k="addr:housenumber" v="21"/>
    <tag k="addr:postcode" v="S81 9DP"/>
    <tag k="addr:street" v="Stirling Drive"/>
    <tag k="building" v="house"/>
    <tag k="ref:GB:uprn" v="100031298689"/>
  </way>
  <way id="1230203620" version="4" timestamp="2025-09-21T23:28:17Z" changeset="172269123" uid="8857" user="philipcullen">
    <nd ref="11408529290"/>
    <nd ref="11408529289"/>
    <nd ref="11408529288"/>
    <nd ref="11408529287"/>
    <nd ref="11408529290"/>
    <tag k="addr:city" v="Worksop"/>
    <tag k="addr:housenumber" v="19"/>
    <tag k="addr:postcode" v="S81 9DP"/>
    <tag k="addr:street" v="Stirling Drive"/>
    <tag k="building" v="house"/>
    <tag k="ref:GB:uprn" v="100031298688"/>
  </way>
  <way id="1230203621" version="4" timestamp="2025-09-21T23:28:17Z" changeset="172269123" uid="8857" user="philipcullen">
    <nd ref="11408529294"/>
    <nd ref="11408529293"/>
    <nd ref="11408529292"/>
    <nd ref="11408529291"/>
    <nd ref="11408529294"/>
    <tag k="addr:city" v="Worksop"/>
    <tag k="addr:housenumber" v="17"/>
    <tag k="addr:postcode" v="S81 9DP"/>
    <tag k="addr:street" v="Stirling Drive"/>
    <tag k="building" v="house"/>
    <tag k="ref:GB:uprn" v="100031298687"/>
  </way>
  <way id="1230203622" version="4" timestamp="2025-09-21T23:28:17Z" changeset="172269123" uid="8857" user="philipcullen">
    <nd ref="11408529298"/>
    <nd ref="11408529297"/>
    <nd ref="11408529296"/>
    <nd ref="11408529295"/>
    <nd ref="11408529298"/>
    <tag k="addr:city" v="Worksop"/>
    <tag k="addr:housenumber" v="15"/>
    <tag k="addr:postcode" v="S81 9DP"/>
    <tag k="addr:street" v="Stirling Drive"/>
    <tag k="building" v="house"/>
    <tag k="ref:GB:uprn" v="100031298685"/>
  </way>
  <way id="1230203623" version="4" timestamp="2025-09-21T23:28:17Z" changeset="172269123" uid="8857" user="philipcullen">
    <nd ref="11408529302"/>
    <nd ref="11408529301"/>
    <nd ref="11408529300"/>
    <nd ref="11408529299"/>
    <nd ref="11408529302"/>
    <tag k="addr:city" v="Worksop"/>
    <tag k="addr:housenumber" v="13"/>
    <tag k="addr:postcode" v="S81 9DP"/>
    <tag k="addr:street" v="Stirling Drive"/>
    <tag k="building" v="house"/>
    <tag k="ref:GB:uprn" v="100031298683"/>
  </way>
  <way id="1230203624" version="4" timestamp="2025-09-21T23:28:17Z" changeset="172269123" uid="8857" user="philipcullen">
    <nd ref="11408529307"/>
    <nd ref="11408529305"/>
    <nd ref="11408529306"/>
    <nd ref="11408529303"/>
    <nd ref="11408529304"/>
    <nd ref="11408529309"/>
    <nd ref="11408529308"/>
    <nd ref="11408529311"/>
    <nd ref="11408529310"/>
    <nd ref="11408529307"/>
    <tag k="addr:city" v="Worksop"/>
    <tag k="addr:housenumber" v="11"/>
    <tag k="addr:postcode" v="S81 9DP"/>
    <tag k="addr:street" v="Stirling Drive"/>
    <tag k="building" v="house"/>
    <tag k="ref:GB:uprn" v="100031298681"/>
  </way>
  <way id="1230203625" version="4" timestamp="2025-09-21T23:28:17Z" changeset="172269123" uid="8857" user="philipcullen">
    <nd ref="11408529320"/>
    <nd ref="11408529319"/>
    <nd ref="11408529318"/>
    <nd ref="11408529314"/>
    <nd ref="11408529313"/>
    <nd ref="11408529312"/>
    <nd ref="11408529315"/>
    <nd ref="11408529316"/>
    <nd ref="11408529317"/>
    <nd ref="11408529320"/>
    <tag k="addr:city" v="Worksop"/>
    <tag k="addr:housenumber" v="1"/>
    <tag k="addr:postcode" v="S81 9DP"/>
    <tag k="addr:street" v="Stirling Drive"/>
    <tag k="building" v="house"/>
    <tag k="ref:GB:uprn" v="100031298671"/>
  </way>
  <way id="1230203626" version="4" timestamp="2025-09-21T23:28:17Z" changeset="172269123" uid="8857" user="philipcullen">
    <nd ref="11408529325"/>
    <nd ref="11408529322"/>
    <nd ref="11408529321"/>
    <nd ref="11408529324"/>
    <nd ref="11408529325"/>
    <tag k="addr:city" v="Worksop"/>
    <tag k="addr:housenumber" v="7"/>
    <tag k="addr:postcode" v="S81 9DP"/>
    <tag k="addr:street" v="Stirling Drive"/>
    <tag k="building" v="house"/>
    <tag k="ref:GB:uprn" v="100031298677"/>
  </way>
  <way id="1230203627" version="4" timestamp="2025-09-21T23:28:17Z" changeset="172269123" uid="8857" user="philipcullen">
    <nd ref="11408529326"/>
    <nd ref="11408529325"/>
    <nd ref="11408529324"/>
    <nd ref="11408529323"/>
    <nd ref="11408529326"/>
    <tag k="addr:city" v="Worksop"/>
    <tag k="addr:housenumber" v="9"/>
    <tag k="addr:postcode" v="S81 9DP"/>
    <tag k="addr:street" v="Stirling Drive"/>
    <tag k="building" v="house"/>
    <tag k="ref:GB:uprn" v="100031298679"/>
  </way>
  <way id="1230203628" version="4" timestamp="2025-09-21T23:28:17Z" changeset="172269123" uid="8857" user="philipcullen">
    <nd ref="11408529328"/>
    <nd ref="11408529331"/>
    <nd ref="11408529330"/>
    <nd ref="11408529327"/>
    <nd ref="11408529328"/>
    <tag k="addr:city" v="Worksop"/>
    <tag k="addr:housenumber" v="3"/>
    <tag k="addr:postcode" v="S81 9DP"/>
    <tag k="addr:street" v="Stirling Drive"/>
    <tag k="building" v="house"/>
    <tag k="ref:GB:uprn" v="100031298673"/>
  </way>
  <way id="1230203629" version="4" timestamp="2025-09-21T23:28:17Z" changeset="172269123" uid="8857" user="philipcullen">
    <nd ref="11408529332"/>
    <nd ref="11408529328"/>
    <nd ref="11408529327"/>
    <nd ref="11408529329"/>
    <nd ref="11408529332"/>
    <tag k="addr:city" v="Worksop"/>
    <tag k="addr:housenumber" v="5"/>
    <tag k="addr:postcode" v="S81 9DP"/>
    <tag k="addr:street" v="Stirling Drive"/>
    <tag k="building" v="house"/>
    <tag k="ref:GB:uprn" v="100031298675"/>
  </way>
  <way id="1230203630" version="4" timestamp="2025-09-21T23:28:17Z" changeset="172269123" uid="8857" user="philipcullen">
    <nd ref="11408529342"/>
    <nd ref="11408529337"/>
    <nd ref="11408529336"/>
    <nd ref="11408529338"/>
    <nd ref="11408529341"/>
    <nd ref="11408529340"/>
    <nd ref="11408529339"/>
    <nd ref="11408529342"/>
    <tag k="addr:city" v="Worksop"/>
    <tag k="addr:housenumber" v="16"/>
    <tag k="addr:postcode" v="S81 9DP"/>
    <tag k="addr:street" v="Stirling Drive"/>
    <tag k="building" v="house"/>
    <tag k="ref:GB:uprn" v="10023271760"/>
  </way>
  <way id="1230203631" version="4" timestamp="2025-09-21T23:28:17Z" changeset="172269123" uid="8857" user="philipcullen">
    <nd ref="11408529346"/>
    <nd ref="11408529345"/>
    <nd ref="11408529344"/>
    <nd ref="11408529343"/>
    <nd ref="11408529346"/>
    <tag k="addr:city" v="Worksop"/>
    <tag k="addr:housenumber" v="14"/>
    <tag k="addr:postcode" v="S81 9DP"/>
    <tag k="addr:street" v="Stirling Drive"/>
    <tag k="building" v="house"/>
    <tag k="ref:GB:uprn" v="100031298684"/>
  </way>
  <way id="1230203632" version="4" timestamp="2025-09-21T23:28:17Z" changeset="172269123" uid="8857" user="philipcullen">
    <nd ref="11408529350"/>
    <nd ref="11408529349"/>
    <nd ref="11408529348"/>
    <nd ref="11408529347"/>
    <nd ref="11408529350"/>
    <tag k="addr:city" v="Worksop"/>
    <tag k="addr:housenumber" v="12"/>
    <tag k="addr:postcode" v="S81 9DP"/>
    <tag k="addr:street" v="Stirling Drive"/>
    <tag k="building" v="house"/>
    <tag k="ref:GB:uprn" v="100031298682"/>
  </way>
  <way id="1230203633" version="4" timestamp="2025-09-21T23:28:17Z" changeset="172269123" uid="8857" user="philipcullen">
    <nd ref="11408529354"/>
    <nd ref="11408529353"/>
    <nd ref="11408529352"/>
    <nd ref="11408529351"/>
    <nd ref="11408529354"/>
    <tag k="addr:city" v="Worksop"/>
    <tag k="addr:housenumber" v="10"/>
    <tag k="addr:postcode" v="S81 9DP"/>
    <tag k="addr:street" v="Stirling Drive"/>
    <tag k="building" v="house"/>
    <tag k="ref:GB:uprn" v="100031298680"/>
  </way>
  <way id="1230203634" version="4" timestamp="2025-09-21T23:28:17Z" changeset="172269123" uid="8857" user="philipcullen">
    <nd ref="11408529358"/>
    <nd ref="11408529357"/>
    <nd ref="11408529356"/>
    <nd ref="11408529355"/>
    <nd ref="11408529358"/>
    <tag k="addr:city" v="Worksop"/>
    <tag k="addr:housenumber" v="8"/>
    <tag k="addr:postcode" v="S81 9DP"/>
    <tag k="addr:street" v="Stirling Drive"/>
    <tag k="building" v="house"/>
    <tag k="ref:GB:uprn" v="100031298678"/>
  </way>
  <way id="1230203635" version="4" timestamp="2025-09-21T23:28:17Z" changeset="172269123" uid="8857" user="philipcullen">
    <nd ref="11408529362"/>
    <nd ref="11408529361"/>
    <nd ref="11408529360"/>
    <nd ref="11408529359"/>
    <nd ref="11408529362"/>
    <tag k="addr:city" v="Worksop"/>
    <tag k="addr:housenumber" v="6"/>
    <tag k="addr:postcode" v="S81 9DP"/>
    <tag k="addr:street" v="Stirling Drive"/>
    <tag k="building" v="house"/>
    <tag k="ref:GB:uprn" v="100031298676"/>
  </way>
  <way id="1230203636" version="4" timestamp="2025-09-21T23:28:17Z" changeset="172269123" uid="8857" user="philipcullen">
    <nd ref="11408529366"/>
    <nd ref="11408529365"/>
    <nd ref="11408529364"/>
    <nd ref="11408529363"/>
    <nd ref="11408529366"/>
    <tag k="addr:city" v="Worksop"/>
    <tag k="addr:housenumber" v="4"/>
    <tag k="addr:postcode" v="S81 9DP"/>
    <tag k="addr:street" v="Stirling Drive"/>
    <tag k="building" v="house"/>
    <tag k="ref:GB:uprn" v="100031298674"/>
  </way>
  <way id="1230203637" version="4" timestamp="2025-09-21T23:28:17Z" changeset="172269123" uid="8857" user="philipcullen">
    <nd ref="11408529370"/>
    <nd ref="11408529369"/>
    <nd ref="11408529368"/>
    <nd ref="11408529367"/>
    <nd ref="11408529370"/>
    <tag k="addr:city" v="Worksop"/>
    <tag k="addr:housenumber" v="2"/>
    <tag k="addr:postcode" v="S81 9DP"/>
    <tag k="addr:street" v="Stirling Drive"/>
    <tag k="building" v="house"/>
    <tag k="ref:GB:uprn" v="100031298672"/>
  </way>
  <way id="1230203638" version="4" timestamp="2025-09-21T23:28:17Z" changeset="172269123" uid="8857" user="philipcullen">
    <nd ref="11408529393"/>
    <nd ref="11408529373"/>
    <nd ref="11408529371"/>
    <nd ref="11408529372"/>
    <nd ref="11408529392"/>
    <nd ref="11408529391"/>
    <nd ref="11408529390"/>
    <nd ref="11408529393"/>
    <tag k="addr:city" v="Worksop"/>
    <tag k="addr:housenumber" v="1"/>
    <tag k="addr:postcode" v="S81 9DR"/>
    <tag k="addr:street" v="Glamis Road"/>
    <tag k="building" v="house"/>
    <tag k="ref:GB:uprn" v="100031287646"/>
  </way>
  <way id="1230203639" version="4" timestamp="2025-09-21T23:28:17Z" changeset="172269123" uid="8857" user="philipcullen">
    <nd ref="11408529377"/>
    <nd ref="11408529376"/>
    <nd ref="11408529375"/>
    <nd ref="11408529374"/>
    <nd ref="11408529377"/>
    <tag k="addr:city" v="Worksop"/>
    <tag k="addr:housenumber" v="9"/>
    <tag k="addr:postcode" v="S81 9DR"/>
    <tag k="addr:street" v="Glamis Road"/>
    <tag k="building" v="house"/>
    <tag k="ref:GB:uprn" v="100031287654"/>
  </way>
  <way id="1230203640" version="4" timestamp="2025-09-21T23:28:17Z" changeset="172269123" uid="8857" user="philipcullen">
    <nd ref="11408529381"/>
    <nd ref="11408529380"/>
    <nd ref="11408529379"/>
    <nd ref="11408529378"/>
    <nd ref="11408529381"/>
    <tag k="addr:city" v="Worksop"/>
    <tag k="addr:housenumber" v="7"/>
    <tag k="addr:postcode" v="S81 9DR"/>
    <tag k="addr:street" v="Glamis Road"/>
    <tag k="building" v="house"/>
    <tag k="ref:GB:uprn" v="100031287652"/>
  </way>
  <way id="1230203641" version="4" timestamp="2025-09-21T23:28:17Z" changeset="172269123" uid="8857" user="philipcullen">
    <nd ref="11408529385"/>
    <nd ref="11408529382"/>
    <nd ref="11408529383"/>
    <nd ref="11408529384"/>
    <nd ref="11408529385"/>
    <tag k="addr:city" v="Worksop"/>
    <tag k="addr:housenumber" v="5"/>
    <tag k="addr:postcode" v="S81 9DR"/>
    <tag k="addr:street" v="Glamis Road"/>
    <tag k="building" v="house"/>
    <tag k="ref:GB:uprn" v="100031287650"/>
  </way>
  <way id="1230203642" version="4" timestamp="2025-09-21T23:28:17Z" changeset="172269123" uid="8857" user="philipcullen">
    <nd ref="11408529389"/>
    <nd ref="11408529388"/>
    <nd ref="11408529387"/>
    <nd ref="11408529386"/>
    <nd ref="11408529389"/>
    <tag k="addr:city" v="Worksop"/>
    <tag k="addr:housenumber" v="3"/>
    <tag k="addr:postcode" v="S81 9DR"/>
    <tag k="addr:street" v="Glamis Road"/>
    <tag k="building" v="house"/>
    <tag k="ref:GB:uprn" v="100031287648"/>
  </way>
  <way id="1230203643" version="4" timestamp="2025-09-21T23:28:17Z" changeset="172269123" uid="8857" user="philipcullen">
    <nd ref="11408529407"/>
    <nd ref="11408529396"/>
    <nd ref="11408529397"/>
    <nd ref="11408529398"/>
    <nd ref="11408529404"/>
    <nd ref="11408529403"/>
    <nd ref="11408529406"/>
    <nd ref="11408529407"/>
    <tag k="addr:city" v="Worksop"/>
    <tag k="addr:housenumber" v="24"/>
    <tag k="addr:postcode" v="S81 9DR"/>
    <tag k="addr:street" v="Glamis Road"/>
    <tag k="building" v="house"/>
    <tag k="ref:GB:uprn" v="100031287662"/>
  </way>
  <way id="1230203644" version="4" timestamp="2025-09-21T23:28:17Z" changeset="172269123" uid="8857" user="philipcullen">
    <nd ref="11408529413"/>
    <nd ref="11408529412"/>
    <nd ref="11408529411"/>
    <nd ref="11408529414"/>
    <nd ref="11408529394"/>
    <nd ref="11408529395"/>
    <nd ref="11408529413"/>
    <tag k="addr:city" v="Worksop"/>
    <tag k="addr:housenumber" v="22"/>
    <tag k="addr:postcode" v="S81 9DR"/>
    <tag k="addr:street" v="Glamis Road"/>
    <tag k="building" v="house"/>
    <tag k="ref:GB:uprn" v="100031287661"/>
  </way>
  <way id="1230203645" version="4" timestamp="2025-09-21T23:28:17Z" changeset="172269123" uid="8857" user="philipcullen">
    <nd ref="11408529402"/>
    <nd ref="11408529401"/>
    <nd ref="11408529400"/>
    <nd ref="11408529399"/>
    <nd ref="11408529402"/>
    <tag k="addr:city" v="Worksop"/>
    <tag k="addr:housenumber" v="28"/>
    <tag k="addr:postcode" v="S81 9DR"/>
    <tag k="addr:street" v="Glamis Road"/>
    <tag k="building" v="house"/>
    <tag k="ref:GB:uprn" v="100031287664"/>
  </way>
  <way id="1230203646" version="4" timestamp="2025-09-21T23:28:17Z" changeset="172269123" uid="8857" user="philipcullen">
    <nd ref="11408529408"/>
    <nd ref="11408529407"/>
    <nd ref="11408529406"/>
    <nd ref="11408529405"/>
    <nd ref="11408529408"/>
    <tag k="addr:city" v="Worksop"/>
    <tag k="addr:housenumber" v="26"/>
    <tag k="addr:postcode" v="S81 9DR"/>
    <tag k="addr:street" v="Glamis Road"/>
    <tag k="building" v="house"/>
    <tag k="ref:GB:uprn" v="100031287663"/>
  </way>
  <way id="1230203647" version="4" timestamp="2025-09-21T23:28:17Z" changeset="172269123" uid="8857" user="philipcullen">
    <nd ref="11408529413"/>
    <nd ref="11408529410"/>
    <nd ref="11408529409"/>
    <nd ref="11408529412"/>
    <nd ref="11408529413"/>
    <tag k="addr:city" v="Worksop"/>
    <tag k="addr:housenumber" v="20"/>
    <tag k="addr:postcode" v="S81 9DR"/>
    <tag k="addr:street" v="Glamis Road"/>
    <tag k="building" v="house"/>
    <tag k="ref:GB:uprn" v="100031287660"/>
  </way>
  <way id="1230203648" version="4" timestamp="2025-09-21T23:28:17Z" changeset="172269123" uid="8857" user="philipcullen">
    <nd ref="11408529416"/>
    <nd ref="11408529419"/>
    <nd ref="11408529418"/>
    <nd ref="11408529415"/>
    <nd ref="11408529416"/>
    <tag k="addr:city" v="Worksop"/>
    <tag k="addr:housenumber" v="16"/>
    <tag k="addr:postcode" v="S81 9DR"/>
    <tag k="addr:street" v="Glamis Road"/>
    <tag k="building" v="house"/>
    <tag k="ref:GB:uprn" v="100031287658"/>
  </way>
  <way id="1230203649" version="4" timestamp="2025-09-21T23:28:17Z" changeset="172269123" uid="8857" user="philipcullen">
    <nd ref="11408529420"/>
    <nd ref="11408529416"/>
    <nd ref="11408529415"/>
    <nd ref="11408529417"/>
    <nd ref="11408529420"/>
    <tag k="addr:city" v="Worksop"/>
    <tag k="addr:housenumber" v="18"/>
    <tag k="addr:postcode" v="S81 9DR"/>
    <tag k="addr:street" v="Glamis Road"/>
    <tag k="building" v="house"/>
    <tag k="ref:GB:uprn" v="100031287659"/>
  </way>
  <way id="1230203650" version="4" timestamp="2025-09-21T23:28:17Z" changeset="172269123" uid="8857" user="philipcullen">
    <nd ref="11408529425"/>
    <nd ref="11408529427"/>
    <nd ref="11408529426"/>
    <nd ref="11408529434"/>
    <nd ref="11408529435"/>
    <nd ref="11408529432"/>
    <nd ref="11408529433"/>
    <nd ref="11408529424"/>
    <nd ref="11408529425"/>
    <tag k="addr:city" v="Worksop"/>
    <tag k="addr:housenumber" v="12"/>
    <tag k="addr:postcode" v="S81 9DR"/>
    <tag k="addr:street" v="Glamis Road"/>
    <tag k="building" v="house"/>
    <tag k="ref:GB:uprn" v="100031287656"/>
  </way>
  <way id="1230203651" version="4" timestamp="2025-09-21T23:28:17Z" changeset="172269123" uid="8857" user="philipcullen">
    <nd ref="11408529431"/>
    <nd ref="11408529430"/>
    <nd ref="11408529423"/>
    <nd ref="11408529421"/>
    <nd ref="11408529422"/>
    <nd ref="11408529429"/>
    <nd ref="11408529428"/>
    <nd ref="11408529431"/>
    <tag k="addr:city" v="Worksop"/>
    <tag k="addr:housenumber" v="14"/>
    <tag k="addr:postcode" v="S81 9DR"/>
    <tag k="addr:street" v="Glamis Road"/>
    <tag k="building" v="house"/>
    <tag k="ref:GB:uprn" v="100031287657"/>
  </way>
  <way id="1230203652" version="4" timestamp="2025-09-21T23:28:17Z" changeset="172269123" uid="8857" user="philipcullen">
    <nd ref="11408529445"/>
    <nd ref="11408529443"/>
    <nd ref="11408529442"/>
    <nd ref="11408529444"/>
    <nd ref="11408529447"/>
    <nd ref="11408529448"/>
    <nd ref="11408529441"/>
    <nd ref="11408529440"/>
    <nd ref="11408529439"/>
    <nd ref="11408529445"/>
    <tag k="addr:city" v="Worksop"/>
    <tag k="addr:housenumber" v="8"/>
    <tag k="addr:postcode" v="S81 9DR"/>
    <tag k="addr:street" v="Glamis Road"/>
    <tag k="building" v="house"/>
    <tag k="ref:GB:uprn" v="100031287653"/>
  </way>
  <way id="1230203653" version="4" timestamp="2025-09-21T23:28:17Z" changeset="172269123" uid="8857" user="philipcullen">
    <nd ref="11408529449"/>
    <nd ref="11408529436"/>
    <nd ref="11408529437"/>
    <nd ref="11408529438"/>
    <nd ref="11408529448"/>
    <nd ref="11408529447"/>
    <nd ref="11408529446"/>
    <nd ref="11408529449"/>
    <tag k="addr:city" v="Worksop"/>
    <tag k="addr:housenumber" v="10"/>
    <tag k="addr:postcode" v="S81 9DR"/>
    <tag k="addr:street" v="Glamis Road"/>
    <tag k="building" v="house"/>
    <tag k="ref:GB:uprn" v="100031287655"/>
  </way>
  <way id="1230203654" version="4" timestamp="2025-09-21T23:28:17Z" changeset="172269123" uid="8857" user="philipcullen">
    <nd ref="11408529451"/>
    <nd ref="11408529455"/>
    <nd ref="11408529452"/>
    <nd ref="11408529450"/>
    <nd ref="11408529451"/>
    <tag k="addr:city" v="Worksop"/>
    <tag k="addr:housenumber" v="4"/>
    <tag k="addr:postcode" v="S81 9DR"/>
    <tag k="addr:street" v="Glamis Road"/>
    <tag k="building" v="house"/>
    <tag k="ref:GB:uprn" v="100031287649"/>
  </way>
  <way id="1230203655" version="4" timestamp="2025-09-21T23:28:17Z" changeset="172269123" uid="8857" user="philipcullen">
    <nd ref="11408529454"/>
    <nd ref="11408529451"/>
    <nd ref="11408529450"/>
    <nd ref="11408529453"/>
    <nd ref="11408529454"/>
    <tag k="addr:city" v="Worksop"/>
    <tag k="addr:housenumber" v="6"/>
    <tag k="addr:postcode" v="S81 9DR"/>
    <tag k="addr:street" v="Glamis Road"/>
    <tag k="building" v="house"/>
    <tag k="ref:GB:uprn" v="100031287651"/>
  </way>
  <way id="1230203656" version="4" timestamp="2025-09-21T23:28:17Z" changeset="172269123" uid="8857" user="philipcullen">
    <nd ref="11408529462"/>
    <nd ref="11408529459"/>
    <nd ref="11408529460"/>
    <nd ref="11408529456"/>
    <nd ref="11408529457"/>
    <nd ref="11408529458"/>
    <nd ref="11408529461"/>
    <nd ref="11408529462"/>
    <tag k="addr:city" v="Worksop"/>
    <tag k="addr:housenumber" v="2"/>
    <tag k="addr:postcode" v="S81 9DR"/>
    <tag k="addr:street" v="Glamis Road"/>
    <tag k="building" v="house"/>
    <tag k="ref:GB:uprn" v="100031287647"/>
  </way>
  <way id="1230203657" version="4" timestamp="2025-09-21T23:28:17Z" changeset="172269123" uid="8857" user="philipcullen">
    <nd ref="11408529466"/>
    <nd ref="11408529465"/>
    <nd ref="11408529464"/>
    <nd ref="11408529463"/>
    <nd ref="11408529466"/>
    <tag k="addr:city" v="Worksop"/>
    <tag k="addr:housenumber" v="35"/>
    <tag k="addr:postcode" v="S81 9DW"/>
    <tag k="addr:street" v="Pembroke Drive"/>
    <tag k="building" v="house"/>
    <tag k="ref:GB:uprn" v="10023267613"/>
  </way>
  <way id="1230203658" version="4" timestamp="2025-09-21T23:28:17Z" changeset="172269123" uid="8857" user="philipcullen">
    <nd ref="11408529474"/>
    <nd ref="11408529473"/>
    <nd ref="11408529469"/>
    <nd ref="11408529468"/>
    <nd ref="11408529467"/>
    <nd ref="11408529476"/>
    <nd ref="11408529475"/>
    <nd ref="11408529472"/>
    <nd ref="11408529471"/>
    <nd ref="11408529470"/>
    <nd ref="11408529474"/>
    <tag k="addr:city" v="Worksop"/>
    <tag k="addr:housenumber" v="33"/>
    <tag k="addr:postcode" v="S81 9DW"/>
    <tag k="addr:street" v="Pembroke Drive"/>
    <tag k="building" v="house"/>
    <tag k="ref:GB:uprn" v="100031294582"/>
  </way>
  <way id="1230203659" version="4" timestamp="2025-09-21T23:28:17Z" changeset="172269123" uid="8857" user="philipcullen">
    <nd ref="11408529480"/>
    <nd ref="11408529479"/>
    <nd ref="11408529478"/>
    <nd ref="11408529477"/>
    <nd ref="11408529480"/>
    <tag k="addr:city" v="Worksop"/>
    <tag k="addr:housenumber" v="31"/>
    <tag k="addr:postcode" v="S81 9DW"/>
    <tag k="addr:street" v="Pembroke Drive"/>
    <tag k="building" v="house"/>
    <tag k="ref:GB:uprn" v="100031294581"/>
  </way>
  <way id="1230203660" version="4" timestamp="2025-09-21T23:28:17Z" changeset="172269123" uid="8857" user="philipcullen">
    <nd ref="11408529485"/>
    <nd ref="11408529482"/>
    <nd ref="11408529481"/>
    <nd ref="11408529484"/>
    <nd ref="11408529485"/>
    <tag k="addr:city" v="Worksop"/>
    <tag k="addr:housenumber" v="27"/>
    <tag k="addr:postcode" v="S81 9DW"/>
    <tag k="addr:street" v="Pembroke Drive"/>
    <tag k="building" v="house"/>
    <tag k="ref:GB:uprn" v="100031294578"/>
  </way>
  <way id="1230203661" version="4" timestamp="2025-09-21T23:28:17Z" changeset="172269123" uid="8857" user="philipcullen">
    <nd ref="11408529486"/>
    <nd ref="11408529485"/>
    <nd ref="11408529484"/>
    <nd ref="11408529483"/>
    <nd ref="11408529486"/>
    <tag k="addr:city" v="Worksop"/>
    <tag k="addr:housenumber" v="29"/>
    <tag k="addr:postcode" v="S81 9DW"/>
    <tag k="addr:street" v="Pembroke Drive"/>
    <tag k="building" v="house"/>
    <tag k="ref:GB:uprn" v="100031294580"/>
  </way>
  <way id="1230203662" version="4" timestamp="2025-09-21T23:28:17Z" changeset="172269123" uid="8857" user="philipcullen">
    <nd ref="11408529491"/>
    <nd ref="11408529488"/>
    <nd ref="11408529487"/>
    <nd ref="11408529490"/>
    <nd ref="11408529491"/>
    <tag k="addr:city" v="Worksop"/>
    <tag k="addr:housenumber" v="23"/>
    <tag k="addr:postcode" v="S81 9DW"/>
    <tag k="addr:street" v="Pembroke Drive"/>
    <tag k="building" v="house"/>
    <tag k="ref:GB:uprn" v="100031294574"/>
  </way>
  <way id="1230203663" version="4" timestamp="2025-09-21T23:28:17Z" changeset="172269123" uid="8857" user="philipcullen">
    <nd ref="11408529492"/>
    <nd ref="11408529491"/>
    <nd ref="11408529490"/>
    <nd ref="11408529489"/>
    <nd ref="11408529492"/>
    <tag k="addr:city" v="Worksop"/>
    <tag k="addr:housenumber" v="25"/>
    <tag k="addr:postcode" v="S81 9DW"/>
    <tag k="addr:street" v="Pembroke Drive"/>
    <tag k="building" v="house"/>
    <tag k="ref:GB:uprn" v="100031294576"/>
  </way>
  <way id="1230203664" version="4" timestamp="2025-09-21T23:28:17Z" changeset="172269123" uid="8857" user="philipcullen">
    <nd ref="11408529494"/>
    <nd ref="11408529498"/>
    <nd ref="11408529495"/>
    <nd ref="11408529493"/>
    <nd ref="11408529494"/>
    <tag k="addr:city" v="Worksop"/>
    <tag k="addr:housenumber" v="19"/>
    <tag k="addr:postcode" v="S81 9DW"/>
    <tag k="addr:street" v="Pembroke Drive"/>
    <tag k="building" v="house"/>
    <tag k="ref:GB:uprn" v="100031294570"/>
  </way>
  <way id="1230203665" version="4" timestamp="2025-09-21T23:28:17Z" changeset="172269123" uid="8857" user="philipcullen">
    <nd ref="11408529497"/>
    <nd ref="11408529494"/>
    <nd ref="11408529493"/>
    <nd ref="11408529496"/>
    <nd ref="11408529497"/>
    <tag k="addr:city" v="Worksop"/>
    <tag k="addr:housenumber" v="21"/>
    <tag k="addr:postcode" v="S81 9DW"/>
    <tag k="addr:street" v="Pembroke Drive"/>
    <tag k="building" v="house"/>
    <tag k="ref:GB:uprn" v="100031294572"/>
  </way>
  <way id="1230203666" version="4" timestamp="2025-09-21T23:28:17Z" changeset="172269123" uid="8857" user="philipcullen">
    <nd ref="11408529502"/>
    <nd ref="11408529501"/>
    <nd ref="11408529500"/>
    <nd ref="11408529499"/>
    <nd ref="11408529502"/>
    <tag k="addr:city" v="Worksop"/>
    <tag k="addr:housenumber" v="17"/>
    <tag k="addr:postcode" v="S81 9DW"/>
    <tag k="addr:street" v="Pembroke Drive"/>
    <tag k="building" v="house"/>
    <tag k="ref:GB:uprn" v="100031294568"/>
  </way>
  <way id="1230203667" version="4" timestamp="2025-09-21T23:28:17Z" changeset="172269123" uid="8857" user="philipcullen">
    <nd ref="11408529506"/>
    <nd ref="11408529505"/>
    <nd ref="11408529504"/>
    <nd ref="11408529503"/>
    <nd ref="11408529506"/>
    <tag k="addr:city" v="Worksop"/>
    <tag k="addr:housenumber" v="15"/>
    <tag k="addr:postcode" v="S81 9DW"/>
    <tag k="addr:street" v="Pembroke Drive"/>
    <tag k="building" v="house"/>
    <tag k="ref:GB:uprn" v="100031294566"/>
  </way>
  <way id="1230203668" version="4" timestamp="2025-09-21T23:28:17Z" changeset="172269123" uid="8857" user="philipcullen">
    <nd ref="11408529511"/>
    <nd ref="11408529508"/>
    <nd ref="11408529507"/>
    <nd ref="11408529510"/>
    <nd ref="11408529511"/>
    <tag k="addr:city" v="Worksop"/>
    <tag k="addr:housenumber" v="11"/>
    <tag k="addr:postcode" v="S81 9DW"/>
    <tag k="addr:street" v="Pembroke Drive"/>
    <tag k="building" v="house"/>
    <tag k="ref:GB:uprn" v="100031294562"/>
  </way>
  <way id="1230203669" version="4" timestamp="2025-09-21T23:28:17Z" changeset="172269123" uid="8857" user="philipcullen">
    <nd ref="11408529512"/>
    <nd ref="11408529511"/>
    <nd ref="11408529510"/>
    <nd ref="11408529509"/>
    <nd ref="11408529512"/>
    <tag k="addr:city" v="Worksop"/>
    <tag k="addr:housenumber" v="13"/>
    <tag k="addr:postcode" v="S81 9DW"/>
    <tag k="addr:street" v="Pembroke Drive"/>
    <tag k="building" v="house"/>
    <tag k="ref:GB:uprn" v="100031294564"/>
  </way>
  <way id="1230203670" version="4" timestamp="2025-09-21T23:28:17Z" changeset="172269123" uid="8857" user="philipcullen">
    <nd ref="11408529517"/>
    <nd ref="11408529514"/>
    <nd ref="11408529513"/>
    <nd ref="11408529516"/>
    <nd ref="11408529517"/>
    <tag k="addr:city" v="Worksop"/>
    <tag k="addr:housenumber" v="7"/>
    <tag k="addr:postcode" v="S81 9DW"/>
    <tag k="addr:street" v="Pembroke Drive"/>
    <tag k="building" v="house"/>
    <tag k="ref:GB:uprn" v="100031294558"/>
  </way>
  <way id="1230203671" version="4" timestamp="2025-09-21T23:28:17Z" changeset="172269123" uid="8857" user="philipcullen">
    <nd ref="11408529518"/>
    <nd ref="11408529517"/>
    <nd ref="11408529516"/>
    <nd ref="11408529515"/>
    <nd ref="11408529518"/>
    <tag k="addr:city" v="Worksop"/>
    <tag k="addr:housenumber" v="9"/>
    <tag k="addr:postcode" v="S81 9DW"/>
    <tag k="addr:street" v="Pembroke Drive"/>
    <tag k="building" v="house"/>
    <tag k="ref:GB:uprn" v="100031294560"/>
  </way>
  <way id="1230203672" version="4" timestamp="2025-09-21T23:28:17Z" changeset="172269123" uid="8857" user="philipcullen">
    <nd ref="11408529520"/>
    <nd ref="11408529523"/>
    <nd ref="11408529522"/>
    <nd ref="11408529519"/>
    <nd ref="11408529520"/>
    <tag k="addr:city" v="Worksop"/>
    <tag k="addr:housenumber" v="3"/>
    <tag k="addr:postcode" v="S81 9DW"/>
    <tag k="addr:street" v="Pembroke Drive"/>
    <tag k="building" v="house"/>
    <tag k="ref:GB:uprn" v="100031294554"/>
  </way>
  <way id="1230203673" version="4" timestamp="2025-09-21T23:28:17Z" changeset="172269123" uid="8857" user="philipcullen">
    <nd ref="11408529524"/>
    <nd ref="11408529520"/>
    <nd ref="11408529519"/>
    <nd ref="11408529521"/>
    <nd ref="11408529524"/>
    <tag k="addr:city" v="Worksop"/>
    <tag k="addr:housenumber" v="5"/>
    <tag k="addr:postcode" v="S81 9DW"/>
    <tag k="addr:street" v="Pembroke Drive"/>
    <tag k="building" v="house"/>
    <tag k="ref:GB:uprn" v="100031294556"/>
  </way>
  <way id="1230203674" version="4" timestamp="2025-09-21T23:28:17Z" changeset="172269123" uid="8857" user="philipcullen">
    <nd ref="11408529545"/>
    <nd ref="11408529534"/>
    <nd ref="11408529533"/>
    <nd ref="11408529536"/>
    <nd ref="11408529535"/>
    <nd ref="11408529537"/>
    <nd ref="11408529542"/>
    <nd ref="11408529543"/>
    <nd ref="11408529544"/>
    <nd ref="11408529545"/>
    <tag k="addr:city" v="Worksop"/>
    <tag k="addr:housenumber" v="23"/>
    <tag k="addr:postcode" v="S81 9DN"/>
    <tag k="addr:street" v="Richmond Road"/>
    <tag k="building" v="house"/>
    <tag k="ref:GB:uprn" v="100031295991"/>
  </way>
  <way id="1230203675" version="4" timestamp="2025-09-21T23:28:17Z" changeset="172269123" uid="8857" user="philipcullen">
    <nd ref="11408529532"/>
    <nd ref="11408529540"/>
    <nd ref="11408529539"/>
    <nd ref="11408529538"/>
    <nd ref="11408529541"/>
    <nd ref="11408529529"/>
    <nd ref="11408529528"/>
    <nd ref="11408529530"/>
    <nd ref="11408529531"/>
    <nd ref="11408529532"/>
    <tag k="addr:city" v="Worksop"/>
    <tag k="addr:housenumber" v="25"/>
    <tag k="addr:postcode" v="S81 9DN"/>
    <tag k="addr:street" v="Richmond Road"/>
    <tag k="building" v="house"/>
    <tag k="ref:GB:uprn" v="100031295992"/>
  </way>
  <way id="1230203676" version="4" timestamp="2025-09-21T23:28:17Z" changeset="172269123" uid="8857" user="philipcullen">
    <nd ref="11408529549"/>
    <nd ref="11408529548"/>
    <nd ref="11408529547"/>
    <nd ref="11408529546"/>
    <nd ref="11408529549"/>
    <tag k="addr:city" v="Worksop"/>
    <tag k="addr:housenumber" v="21"/>
    <tag k="addr:postcode" v="S81 9DN"/>
    <tag k="addr:street" v="Richmond Road"/>
    <tag k="building" v="house"/>
    <tag k="ref:GB:uprn" v="100031295989"/>
  </way>
  <way id="1230203677" version="4" timestamp="2025-09-21T23:28:17Z" changeset="172269123" uid="8857" user="philipcullen">
    <nd ref="11408529553"/>
    <nd ref="11408529552"/>
    <nd ref="11408529551"/>
    <nd ref="11408529550"/>
    <nd ref="11408529553"/>
    <tag k="addr:city" v="Worksop"/>
    <tag k="addr:housenumber" v="19"/>
    <tag k="addr:postcode" v="S81 9DN"/>
    <tag k="addr:street" v="Richmond Road"/>
    <tag k="building" v="house"/>
    <tag k="ref:GB:uprn" v="100031295987"/>
  </way>
  <way id="1230203678" version="4" timestamp="2025-09-21T23:28:17Z" changeset="172269123" uid="8857" user="philipcullen">
    <nd ref="11408529557"/>
    <nd ref="11408529554"/>
    <nd ref="11408529555"/>
    <nd ref="11408529556"/>
    <nd ref="11408529557"/>
    <tag k="addr:city" v="Worksop"/>
    <tag k="addr:housenumber" v="17"/>
    <tag k="addr:postcode" v="S81 9DN"/>
    <tag k="addr:street" v="Richmond Road"/>
    <tag k="building" v="house"/>
    <tag k="ref:GB:uprn" v="100031295985"/>
  </way>
  <way id="1230203679" version="4" timestamp="2025-09-21T23:28:17Z" changeset="172269123" uid="8857" user="philipcullen">
    <nd ref="11408529565"/>
    <nd ref="11408529558"/>
    <nd ref="11408529559"/>
    <nd ref="11408529560"/>
    <nd ref="11408529564"/>
    <nd ref="11408529563"/>
    <nd ref="11408529562"/>
    <nd ref="11408529561"/>
    <nd ref="11408529565"/>
    <tag k="addr:city" v="Worksop"/>
    <tag k="addr:housenumber" v="15"/>
    <tag k="addr:postcode" v="S81 9DN"/>
    <tag k="addr:street" v="Richmond Road"/>
    <tag k="building" v="house"/>
    <tag k="ref:GB:uprn" v="100031295983"/>
  </way>
  <way id="1230203680" version="4" timestamp="2025-09-21T23:28:17Z" changeset="172269123" uid="8857" user="philipcullen">
    <nd ref="11408529572"/>
    <nd ref="11408529570"/>
    <nd ref="11408529571"/>
    <nd ref="11408529569"/>
    <nd ref="11408529566"/>
    <nd ref="11408529567"/>
    <nd ref="11408529568"/>
    <nd ref="11408529573"/>
    <nd ref="11408529574"/>
    <nd ref="11408529575"/>
    <nd ref="11408529572"/>
    <tag k="addr:city" v="Worksop"/>
    <tag k="addr:housenumber" v="13"/>
    <tag k="addr:postcode" v="S81 9DN"/>
    <tag k="addr:street" v="Richmond Road"/>
    <tag k="building" v="house"/>
    <tag k="ref:GB:uprn" v="100031295981"/>
  </way>
  <way id="1230203681" version="4" timestamp="2025-09-21T23:28:17Z" changeset="172269123" uid="8857" user="philipcullen">
    <nd ref="11408529579"/>
    <nd ref="11408529576"/>
    <nd ref="11408529577"/>
    <nd ref="11408529578"/>
    <nd ref="11408529579"/>
    <tag k="addr:city" v="Worksop"/>
    <tag k="addr:housenumber" v="11"/>
    <tag k="addr:postcode" v="S81 9DN"/>
    <tag k="addr:street" v="Richmond Road"/>
    <tag k="building" v="house"/>
    <tag k="ref:GB:uprn" v="100031295979"/>
  </way>
  <way id="1230203682" version="4" timestamp="2025-09-21T23:28:17Z" changeset="172269123" uid="8857" user="philipcullen">
    <nd ref="11408529586"/>
    <nd ref="11408529585"/>
    <nd ref="11408529584"/>
    <nd ref="11408529583"/>
    <nd ref="11408529582"/>
    <nd ref="11408529581"/>
    <nd ref="11408529580"/>
    <nd ref="11408529586"/>
    <tag k="addr:city" v="Worksop"/>
    <tag k="addr:housenumber" v="9"/>
    <tag k="addr:postcode" v="S81 9DN"/>
    <tag k="addr:street" v="Richmond Road"/>
    <tag k="building" v="house"/>
    <tag k="ref:GB:uprn" v="100031295977"/>
  </way>
  <way id="1230203683" version="4" timestamp="2025-09-21T23:28:17Z" changeset="172269123" uid="8857" user="philipcullen">
    <nd ref="11408529593"/>
    <nd ref="11408529590"/>
    <nd ref="11408529589"/>
    <nd ref="11408529588"/>
    <nd ref="11408529587"/>
    <nd ref="11408529591"/>
    <nd ref="11408529592"/>
    <nd ref="11408529593"/>
    <tag k="addr:city" v="Worksop"/>
    <tag k="addr:housenumber" v="7"/>
    <tag k="addr:postcode" v="S81 9DN"/>
    <tag k="addr:street" v="Richmond Road"/>
    <tag k="building" v="house"/>
    <tag k="ref:GB:uprn" v="100031295975"/>
  </way>
  <way id="1230203684" version="4" timestamp="2025-09-21T23:28:17Z" changeset="172269123" uid="8857" user="philipcullen">
    <nd ref="11408529600"/>
    <nd ref="11408529597"/>
    <nd ref="11408529596"/>
    <nd ref="11408529595"/>
    <nd ref="11408529594"/>
    <nd ref="11408529598"/>
    <nd ref="11408529599"/>
    <nd ref="11408529600"/>
    <tag k="addr:city" v="Worksop"/>
    <tag k="addr:housenumber" v="28"/>
    <tag k="addr:postcode" v="S81 9DW"/>
    <tag k="addr:street" v="Pembroke Drive"/>
    <tag k="building" v="house"/>
    <tag k="ref:GB:uprn" v="100031294579"/>
  </way>
  <way id="1230203685" version="4" timestamp="2025-09-21T23:28:17Z" changeset="172269123" uid="8857" user="philipcullen">
    <nd ref="11408529608"/>
    <nd ref="11408529612"/>
    <nd ref="11408529609"/>
    <nd ref="11408529604"/>
    <nd ref="11408529605"/>
    <nd ref="11408529606"/>
    <nd ref="11408529607"/>
    <nd ref="11408529608"/>
    <tag k="addr:city" v="Worksop"/>
    <tag k="addr:housenumber" v="24"/>
    <tag k="addr:postcode" v="S81 9DW"/>
    <tag k="addr:street" v="Pembroke Drive"/>
    <tag k="building" v="house"/>
    <tag k="ref:GB:uprn" v="100031294575"/>
  </way>
  <way id="1230203686" version="4" timestamp="2025-09-21T23:28:17Z" changeset="172269123" uid="8857" user="philipcullen">
    <nd ref="11408529612"/>
    <nd ref="11408529611"/>
    <nd ref="11408529603"/>
    <nd ref="11408529602"/>
    <nd ref="11408529601"/>
    <nd ref="11408529610"/>
    <nd ref="11408529609"/>
    <nd ref="11408529612"/>
    <tag k="addr:city" v="Worksop"/>
    <tag k="addr:housenumber" v="26"/>
    <tag k="addr:postcode" v="S81 9DW"/>
    <tag k="addr:street" v="Pembroke Drive"/>
    <tag k="building" v="house"/>
    <tag k="ref:GB:uprn" v="100031294577"/>
  </way>
  <way id="1230203687" version="4" timestamp="2025-09-21T23:28:17Z" changeset="172269123" uid="8857" user="philipcullen">
    <nd ref="11408529614"/>
    <nd ref="11408529618"/>
    <nd ref="11408529615"/>
    <nd ref="11408529613"/>
    <nd ref="11408529614"/>
    <tag k="addr:city" v="Worksop"/>
    <tag k="addr:housenumber" v="20"/>
    <tag k="addr:postcode" v="S81 9DW"/>
    <tag k="addr:street" v="Pembroke Drive"/>
    <tag k="building" v="house"/>
    <tag k="ref:GB:uprn" v="100031294571"/>
  </way>
  <way id="1230203688" version="4" timestamp="2025-09-21T23:28:17Z" changeset="172269123" uid="8857" user="philipcullen">
    <nd ref="11408529618"/>
    <nd ref="11408529617"/>
    <nd ref="11408529616"/>
    <nd ref="11408529615"/>
    <nd ref="11408529618"/>
    <tag k="addr:city" v="Worksop"/>
    <tag k="addr:housenumber" v="22"/>
    <tag k="addr:postcode" v="S81 9DW"/>
    <tag k="addr:street" v="Pembroke Drive"/>
    <tag k="building" v="house"/>
    <tag k="ref:GB:uprn" v="100031294573"/>
  </way>
  <way id="1230203689" version="4" timestamp="2025-09-21T23:28:17Z" changeset="172269123" uid="8857" user="philipcullen">
    <nd ref="11408529620"/>
    <nd ref="11408529624"/>
    <nd ref="11408529621"/>
    <nd ref="11408529619"/>
    <nd ref="11408529620"/>
    <tag k="addr:city" v="Worksop"/>
    <tag k="addr:housenumber" v="16"/>
    <tag k="addr:postcode" v="S81 9DW"/>
    <tag k="addr:street" v="Pembroke Drive"/>
    <tag k="building" v="house"/>
    <tag k="ref:GB:uprn" v="100031294567"/>
  </way>
  <way id="1230203690" version="4" timestamp="2025-09-21T23:28:17Z" changeset="172269123" uid="8857" user="philipcullen">
    <nd ref="11408529624"/>
    <nd ref="11408529623"/>
    <nd ref="11408529622"/>
    <nd ref="11408529621"/>
    <nd ref="11408529624"/>
    <tag k="addr:city" v="Worksop"/>
    <tag k="addr:housenumber" v="18"/>
    <tag k="addr:postcode" v="S81 9DW"/>
    <tag k="addr:street" v="Pembroke Drive"/>
    <tag k="building" v="house"/>
    <tag k="ref:GB:uprn" v="100031294569"/>
  </way>
  <way id="1230203691" version="4" timestamp="2025-09-21T23:28:17Z" changeset="172269123" uid="8857" user="philipcullen">
    <nd ref="11408529641"/>
    <nd ref="11408529640"/>
    <nd ref="11408529639"/>
    <nd ref="11408529638"/>
    <nd ref="11408529626"/>
    <nd ref="11408529625"/>
    <nd ref="11408529628"/>
    <nd ref="11408529627"/>
    <nd ref="11408529629"/>
    <nd ref="11408529641"/>
    <tag k="addr:city" v="Worksop"/>
    <tag k="addr:housenumber" v="12"/>
    <tag k="addr:postcode" v="S81 9DW"/>
    <tag k="addr:street" v="Pembroke Drive"/>
    <tag k="building" v="house"/>
    <tag k="ref:GB:uprn" v="100031294563"/>
  </way>
  <way id="1230203692" version="4" timestamp="2025-09-21T23:28:17Z" changeset="172269123" uid="8857" user="philipcullen">
    <nd ref="11408529635"/>
    <nd ref="11408529630"/>
    <nd ref="11408529631"/>
    <nd ref="11408529632"/>
    <nd ref="11408529634"/>
    <nd ref="11408529637"/>
    <nd ref="11408529636"/>
    <nd ref="11408529635"/>
    <tag k="addr:city" v="Worksop"/>
    <tag k="addr:housenumber" v="14"/>
    <tag k="addr:postcode" v="S81 9DW"/>
    <tag k="addr:street" v="Pembroke Drive"/>
    <tag k="building" v="house"/>
    <tag k="ref:GB:uprn" v="100031294565"/>
  </way>
  <way id="1230203693" version="4" timestamp="2025-09-21T23:28:17Z" changeset="172269123" uid="8857" user="philipcullen">
    <nd ref="11408529648"/>
    <nd ref="11408529651"/>
    <nd ref="11408529643"/>
    <nd ref="11408529642"/>
    <nd ref="11408529644"/>
    <nd ref="11408529654"/>
    <nd ref="11408529653"/>
    <nd ref="11408529652"/>
    <nd ref="11408529647"/>
    <nd ref="11408529646"/>
    <nd ref="11408529645"/>
    <nd ref="11408529648"/>
    <tag k="addr:city" v="Worksop"/>
    <tag k="addr:housenumber" v="8"/>
    <tag k="addr:postcode" v="S81 9DW"/>
    <tag k="addr:street" v="Pembroke Drive"/>
    <tag k="building" v="house"/>
    <tag k="ref:GB:uprn" v="100031294559"/>
  </way>
  <way id="1230203694" version="4" timestamp="2025-09-21T23:28:17Z" changeset="172269123" uid="8857" user="philipcullen">
    <nd ref="11408529653"/>
    <nd ref="11408529650"/>
    <nd ref="11408529649"/>
    <nd ref="11408529652"/>
    <nd ref="11408529653"/>
    <tag k="addr:city" v="Worksop"/>
    <tag k="addr:housenumber" v="10"/>
    <tag k="addr:postcode" v="S81 9DW"/>
    <tag k="addr:street" v="Pembroke Drive"/>
    <tag k="building" v="house"/>
    <tag k="ref:GB:uprn" v="100031294561"/>
  </way>
  <way id="1230203695" version="4" timestamp="2025-09-21T23:28:17Z" changeset="172269123" uid="8857" user="philipcullen">
    <nd ref="11408529665"/>
    <nd ref="11408529664"/>
    <nd ref="11408529666"/>
    <nd ref="11408529668"/>
    <nd ref="11408529667"/>
    <nd ref="11408529669"/>
    <nd ref="11408529663"/>
    <nd ref="11408529662"/>
    <nd ref="11408529661"/>
    <nd ref="11408529665"/>
    <tag k="addr:city" v="Worksop"/>
    <tag k="addr:housenumber" v="2"/>
    <tag k="addr:postcode" v="S81 9DW"/>
    <tag k="addr:street" v="Pembroke Drive"/>
    <tag k="building" v="house"/>
    <tag k="ref:GB:uprn" v="100031294553"/>
  </way>
  <way id="1230203696" version="4" timestamp="2025-09-21T23:28:17Z" changeset="172269123" uid="8857" user="philipcullen">
    <nd ref="11408529656"/>
    <nd ref="11408529660"/>
    <nd ref="11408529657"/>
    <nd ref="11408529655"/>
    <nd ref="11408529656"/>
    <tag k="addr:city" v="Worksop"/>
    <tag k="addr:housenumber" v="6"/>
    <tag k="addr:postcode" v="S81 9DW"/>
    <tag k="addr:street" v="Pembroke Drive"/>
    <tag k="building" v="house"/>
    <tag k="ref:GB:uprn" v="100031294557"/>
  </way>
  <way id="1230203697" version="4" timestamp="2025-09-21T23:28:17Z" changeset="172269123" uid="8857" user="philipcullen">
    <nd ref="11408529659"/>
    <nd ref="11408529656"/>
    <nd ref="11408529655"/>
    <nd ref="11408529658"/>
    <nd ref="11408529659"/>
    <tag k="addr:city" v="Worksop"/>
    <tag k="addr:housenumber" v="4"/>
    <tag k="addr:postcode" v="S81 9DW"/>
    <tag k="addr:street" v="Pembroke Drive"/>
    <tag k="building" v="house"/>
    <tag k="ref:GB:uprn" v="100031294555"/>
  </way>
  <way id="1230203698" version="4" timestamp="2025-09-21T23:28:17Z" changeset="172269123" uid="8857" user="philipcullen">
    <nd ref="11408529674"/>
    <nd ref="11408529685"/>
    <nd ref="11408529684"/>
    <nd ref="11408529683"/>
    <nd ref="11408529686"/>
    <nd ref="11408529671"/>
    <nd ref="11408529670"/>
    <nd ref="11408529673"/>
    <nd ref="11408529672"/>
    <nd ref="11408529674"/>
    <tag k="addr:city" v="Worksop"/>
    <tag k="addr:housenumber" v="5"/>
    <tag k="addr:postcode" v="S81 9DN"/>
    <tag k="addr:street" v="Richmond Road"/>
    <tag k="building" v="house"/>
    <tag k="ref:GB:uprn" v="100031295973"/>
  </way>
  <way id="1230203699" version="4" timestamp="2025-09-21T23:28:17Z" changeset="172269123" uid="8857" user="philipcullen">
    <nd ref="11408529694"/>
    <nd ref="11408529693"/>
    <nd ref="11408529692"/>
    <nd ref="11408529691"/>
    <nd ref="11408529680"/>
    <nd ref="11408529681"/>
    <nd ref="11408529682"/>
    <nd ref="11408529694"/>
    <tag k="addr:city" v="Worksop"/>
    <tag k="addr:housenumber" v="1"/>
    <tag k="addr:postcode" v="S81 9DN"/>
    <tag k="addr:street" v="Richmond Road"/>
    <tag k="building" v="house"/>
    <tag k="ref:GB:uprn" v="100031295969"/>
  </way>
  <way id="1230203700" version="4" timestamp="2025-09-21T23:28:17Z" changeset="172269123" uid="8857" user="philipcullen">
    <nd ref="11408529679"/>
    <nd ref="11408529689"/>
    <nd ref="11408529688"/>
    <nd ref="11408529687"/>
    <nd ref="11408529690"/>
    <nd ref="11408529676"/>
    <nd ref="11408529675"/>
    <nd ref="11408529678"/>
    <nd ref="11408529677"/>
    <nd ref="11408529679"/>
    <tag k="addr:city" v="Worksop"/>
    <tag k="addr:housenumber" v="3"/>
    <tag k="addr:postcode" v="S81 9DN"/>
    <tag k="addr:street" v="Richmond Road"/>
    <tag k="building" v="house"/>
    <tag k="ref:GB:uprn" v="100031295971"/>
  </way>
  <way id="1230203701" version="4" timestamp="2025-09-21T23:28:17Z" changeset="172269123" uid="8857" user="philipcullen">
    <nd ref="11408529698"/>
    <nd ref="11408529697"/>
    <nd ref="11408529696"/>
    <nd ref="11408529695"/>
    <nd ref="11408529698"/>
    <tag k="addr:city" v="Worksop"/>
    <tag k="addr:housenumber" v="22"/>
    <tag k="addr:postcode" v="S81 9DN"/>
    <tag k="addr:street" v="Richmond Road"/>
    <tag k="building" v="house"/>
    <tag k="ref:GB:uprn" v="100031295990"/>
  </way>
  <way id="1230203702" version="4" timestamp="2025-09-21T23:28:17Z" changeset="172269123" uid="8857" user="philipcullen">
    <nd ref="11408529702"/>
    <nd ref="11408529701"/>
    <nd ref="11408529700"/>
    <nd ref="11408529699"/>
    <nd ref="11408529702"/>
    <tag k="addr:city" v="Worksop"/>
    <tag k="addr:housenumber" v="20"/>
    <tag k="addr:postcode" v="S81 9DN"/>
    <tag k="addr:street" v="Richmond Road"/>
    <tag k="building" v="house"/>
    <tag k="ref:GB:uprn" v="100031295988"/>
  </way>
  <way id="1230203703" version="4" timestamp="2025-09-21T23:28:17Z" changeset="172269123" uid="8857" user="philipcullen">
    <nd ref="11408529707"/>
    <nd ref="11408529706"/>
    <nd ref="11408529705"/>
    <nd ref="11408529703"/>
    <nd ref="11408529704"/>
    <nd ref="11408529710"/>
    <nd ref="11408529709"/>
    <nd ref="11408529708"/>
    <nd ref="11408529711"/>
    <nd ref="11408529707"/>
    <tag k="addr:city" v="Worksop"/>
    <tag k="addr:housenumber" v="18"/>
    <tag k="addr:postcode" v="S81 9DN"/>
    <tag k="addr:street" v="Richmond Road"/>
    <tag k="building" v="house"/>
    <tag k="ref:GB:uprn" v="100031295986"/>
  </way>
  <way id="1230203704" version="4" timestamp="2025-09-21T23:28:17Z" changeset="172269123" uid="8857" user="philipcullen">
    <nd ref="11408529715"/>
    <nd ref="11408529714"/>
    <nd ref="11408529713"/>
    <nd ref="11408529712"/>
    <nd ref="11408529715"/>
    <tag k="addr:city" v="Worksop"/>
    <tag k="addr:housenumber" v="16"/>
    <tag k="addr:postcode" v="S81 9DN"/>
    <tag k="addr:street" v="Richmond Road"/>
    <tag k="building" v="house"/>
    <tag k="ref:GB:uprn" v="100031295984"/>
  </way>
  <way id="1230203705" version="4" timestamp="2025-09-21T23:28:17Z" changeset="172269123" uid="8857" user="philipcullen">
    <nd ref="11408529722"/>
    <nd ref="11408529721"/>
    <nd ref="11408529718"/>
    <nd ref="11408529717"/>
    <nd ref="11408529716"/>
    <nd ref="11408529720"/>
    <nd ref="11408529719"/>
    <nd ref="11408529722"/>
    <tag k="addr:city" v="Worksop"/>
    <tag k="addr:housenumber" v="14"/>
    <tag k="addr:postcode" v="S81 9DN"/>
    <tag k="addr:street" v="Richmond Road"/>
    <tag k="building" v="house"/>
    <tag k="ref:GB:uprn" v="10023270758"/>
  </way>
  <way id="1230203706" version="4" timestamp="2025-09-21T23:28:17Z" changeset="172269123" uid="8857" user="philipcullen">
    <nd ref="11408529754"/>
    <nd ref="11408529725"/>
    <nd ref="11408529724"/>
    <nd ref="11408529723"/>
    <nd ref="11408529753"/>
    <nd ref="11408529752"/>
    <nd ref="11408529751"/>
    <nd ref="11408529754"/>
    <tag k="addr:city" v="Worksop"/>
    <tag k="addr:housenumber" v="12"/>
    <tag k="addr:postcode" v="S81 9DN"/>
    <tag k="addr:street" v="Richmond Road"/>
    <tag k="building" v="house"/>
    <tag k="ref:GB:uprn" v="100031295980"/>
  </way>
  <way id="1230203707" version="4" timestamp="2025-09-21T23:28:17Z" changeset="172269123" uid="8857" user="philipcullen">
    <nd ref="11408529758"/>
    <nd ref="11408529757"/>
    <nd ref="11408529728"/>
    <nd ref="11408529727"/>
    <nd ref="11408529726"/>
    <nd ref="11408529756"/>
    <nd ref="11408529755"/>
    <nd ref="11408529758"/>
    <tag k="addr:city" v="Worksop"/>
    <tag k="addr:housenumber" v="10"/>
    <tag k="addr:postcode" v="S81 9DN"/>
    <tag k="addr:street" v="Richmond Road"/>
    <tag k="building" v="house"/>
    <tag k="ref:GB:uprn" v="100031295978"/>
  </way>
  <way id="1230203708" version="4" timestamp="2025-09-21T23:28:17Z" changeset="172269123" uid="8857" user="philipcullen">
    <nd ref="11408529738"/>
    <nd ref="11408529737"/>
    <nd ref="11408529734"/>
    <nd ref="11408529733"/>
    <nd ref="11408529732"/>
    <nd ref="11408529736"/>
    <nd ref="11408529735"/>
    <nd ref="11408529738"/>
    <tag k="addr:city" v="Worksop"/>
    <tag k="addr:housenumber" v="8"/>
    <tag k="addr:postcode" v="S81 9DN"/>
    <tag k="addr:street" v="Richmond Road"/>
    <tag k="building" v="house"/>
    <tag k="ref:GB:uprn" v="100031295976"/>
  </way>
  <way id="1230203709" version="4" timestamp="2025-09-21T23:28:17Z" changeset="172269123" uid="8857" user="philipcullen">
    <nd ref="11408529742"/>
    <nd ref="11408529741"/>
    <nd ref="11408529731"/>
    <nd ref="11408529730"/>
    <nd ref="11408529729"/>
    <nd ref="11408529740"/>
    <nd ref="11408529739"/>
    <nd ref="11408529742"/>
    <tag k="addr:city" v="Worksop"/>
    <tag k="addr:housenumber" v="6"/>
    <tag k="addr:postcode" v="S81 9DN"/>
    <tag k="addr:street" v="Richmond Road"/>
    <tag k="building" v="house"/>
    <tag k="ref:GB:uprn" v="100031295974"/>
  </way>
  <way id="1230203710" version="4" timestamp="2025-09-21T23:28:17Z" changeset="172269123" uid="8857" user="philipcullen">
    <nd ref="11408529746"/>
    <nd ref="11408529745"/>
    <nd ref="11408529744"/>
    <nd ref="11408529743"/>
    <nd ref="11408529746"/>
    <tag k="addr:city" v="Worksop"/>
    <tag k="addr:housenumber" v="4"/>
    <tag k="addr:postcode" v="S81 9DN"/>
    <tag k="addr:street" v="Richmond Road"/>
    <tag k="building" v="house"/>
    <tag k="ref:GB:uprn" v="100031295972"/>
  </way>
  <way id="1230203711" version="4" timestamp="2025-09-21T23:28:17Z" changeset="172269123" uid="8857" user="philipcullen">
    <nd ref="11408529750"/>
    <nd ref="11408529749"/>
    <nd ref="11408529748"/>
    <nd ref="11408529747"/>
    <nd ref="11408529750"/>
    <tag k="addr:city" v="Worksop"/>
    <tag k="addr:housenumber" v="2"/>
    <tag k="addr:postcode" v="S81 9DN"/>
    <tag k="addr:street" v="Richmond Road"/>
    <tag k="building" v="house"/>
    <tag k="ref:GB:uprn" v="100031295970"/>
  </way>
  <way id="1230203712" version="4" timestamp="2025-09-21T23:28:17Z" changeset="172269123" uid="8857" user="philipcullen">
    <nd ref="11408529787"/>
    <nd ref="11408529763"/>
    <nd ref="11408529762"/>
    <nd ref="11408529764"/>
    <nd ref="11408529783"/>
    <nd ref="11408529782"/>
    <nd ref="11408529784"/>
    <nd ref="11408529787"/>
    <tag k="addr:city" v="Worksop"/>
    <tag k="addr:housenumber" v="19"/>
    <tag k="addr:postcode" v="S81 9DG"/>
    <tag k="addr:street" v="Conway Drive"/>
    <tag k="building" v="house"/>
    <tag k="ref:GB:uprn" v="100031284695"/>
  </way>
  <way id="1230203713" version="4" timestamp="2025-09-21T23:28:17Z" changeset="172269123" uid="8857" user="philipcullen">
    <nd ref="11408529761"/>
    <nd ref="11408529777"/>
    <nd ref="11408529776"/>
    <nd ref="11408529779"/>
    <nd ref="11408529780"/>
    <nd ref="11408529759"/>
    <nd ref="11408529760"/>
    <nd ref="11408529761"/>
    <tag k="addr:city" v="Worksop"/>
    <tag k="addr:housenumber" v="25"/>
    <tag k="addr:postcode" v="S81 9DG"/>
    <tag k="addr:street" v="Conway Drive"/>
    <tag k="building" v="house"/>
    <tag k="ref:GB:uprn" v="100031284701"/>
  </way>
  <way id="1230203714" version="4" timestamp="2025-09-21T23:28:17Z" changeset="172269123" uid="8857" user="philipcullen">
    <nd ref="11408529767"/>
    <nd ref="11408529786"/>
    <nd ref="11408529785"/>
    <nd ref="11408529782"/>
    <nd ref="11408529783"/>
    <nd ref="11408529764"/>
    <nd ref="11408529765"/>
    <nd ref="11408529766"/>
    <nd ref="11408529767"/>
    <tag k="addr:city" v="Worksop"/>
    <tag k="addr:housenumber" v="21"/>
    <tag k="addr:postcode" v="S81 9DG"/>
    <tag k="addr:street" v="Conway Drive"/>
    <tag k="building" v="house"/>
    <tag k="ref:GB:uprn" v="100031284697"/>
  </way>
  <way id="1230203715" version="4" timestamp="2025-09-21T23:28:17Z" changeset="172269123" uid="8857" user="philipcullen">
    <nd ref="11408529768"/>
    <nd ref="11408529769"/>
    <nd ref="11408529770"/>
    <nd ref="11408529775"/>
    <nd ref="11408529774"/>
    <nd ref="11408529773"/>
    <nd ref="11408529772"/>
    <nd ref="11408529771"/>
    <nd ref="11408529768"/>
    <tag k="addr:city" v="Worksop"/>
    <tag k="addr:housenumber" v="27"/>
    <tag k="addr:postcode" v="S81 9DG"/>
    <tag k="addr:street" v="Conway Drive"/>
    <tag k="building" v="house"/>
    <tag k="ref:GB:uprn" v="100031284703"/>
  </way>
  <way id="1230203716" version="4" timestamp="2025-09-21T23:28:17Z" changeset="172269123" uid="8857" user="philipcullen">
    <nd ref="11408529781"/>
    <nd ref="11408529780"/>
    <nd ref="11408529779"/>
    <nd ref="11408529778"/>
    <nd ref="11408529781"/>
    <tag k="addr:city" v="Worksop"/>
    <tag k="addr:housenumber" v="23"/>
    <tag k="addr:postcode" v="S81 9DG"/>
    <tag k="addr:street" v="Conway Drive"/>
    <tag k="building" v="house"/>
    <tag k="ref:GB:uprn" v="100031284699"/>
  </way>
  <way id="1230203717" version="4" timestamp="2025-09-21T23:28:17Z" changeset="172269123" uid="8857" user="philipcullen">
    <nd ref="11408529791"/>
    <nd ref="11408529790"/>
    <nd ref="11408529789"/>
    <nd ref="11408529788"/>
    <nd ref="11408529791"/>
    <tag k="addr:city" v="Worksop"/>
    <tag k="addr:housenumber" v="17"/>
    <tag k="addr:postcode" v="S81 9DG"/>
    <tag k="addr:street" v="Conway Drive"/>
    <tag k="building" v="house"/>
    <tag k="ref:GB:uprn" v="100031284693"/>
  </way>
  <way id="1230203718" version="4" timestamp="2025-09-21T23:28:17Z" changeset="172269123" uid="8857" user="philipcullen">
    <nd ref="11408529795"/>
    <nd ref="11408529794"/>
    <nd ref="11408529793"/>
    <nd ref="11408529792"/>
    <nd ref="11408529795"/>
    <tag k="addr:city" v="Worksop"/>
    <tag k="addr:housenumber" v="15"/>
    <tag k="addr:postcode" v="S81 9DG"/>
    <tag k="addr:street" v="Conway Drive"/>
    <tag k="building" v="house"/>
    <tag k="ref:GB:uprn" v="100031284691"/>
  </way>
  <way id="1230203719" version="4" timestamp="2025-09-21T23:28:17Z" changeset="172269123" uid="8857" user="philipcullen">
    <nd ref="11408529799"/>
    <nd ref="11408529798"/>
    <nd ref="11408529797"/>
    <nd ref="11408529796"/>
    <nd ref="11408529799"/>
    <tag k="addr:city" v="Worksop"/>
    <tag k="addr:housenumber" v="13"/>
    <tag k="addr:postcode" v="S81 9DG"/>
    <tag k="addr:street" v="Conway Drive"/>
    <tag k="building" v="house"/>
    <tag k="ref:GB:uprn" v="100031284689"/>
  </way>
  <way id="1230203720" version="4" timestamp="2025-09-21T23:28:17Z" changeset="172269123" uid="8857" user="philipcullen">
    <nd ref="11408529803"/>
    <nd ref="11408529800"/>
    <nd ref="11408529801"/>
    <nd ref="11408529802"/>
    <nd ref="11408529803"/>
    <tag k="addr:city" v="Worksop"/>
    <tag k="addr:housenumber" v="11"/>
    <tag k="addr:postcode" v="S81 9DG"/>
    <tag k="addr:street" v="Conway Drive"/>
    <tag k="building" v="house"/>
    <tag k="ref:GB:uprn" v="100031284687"/>
  </way>
  <way id="1230203721" version="4" timestamp="2025-09-21T23:28:17Z" changeset="172269123" uid="8857" user="philipcullen">
    <nd ref="11408529806"/>
    <nd ref="11408529815"/>
    <nd ref="11408529814"/>
    <nd ref="11408529810"/>
    <nd ref="11408529811"/>
    <nd ref="11408529804"/>
    <nd ref="11408529805"/>
    <nd ref="11408529806"/>
    <tag k="addr:city" v="Worksop"/>
    <tag k="addr:housenumber" v="9"/>
    <tag k="addr:postcode" v="S81 9DG"/>
    <tag k="addr:street" v="Conway Drive"/>
    <tag k="building" v="house"/>
    <tag k="ref:GB:uprn" v="100031284685"/>
  </way>
  <way id="1230203722" version="4" timestamp="2025-09-21T23:28:17Z" changeset="172269123" uid="8857" user="philipcullen">
    <nd ref="11408529809"/>
    <nd ref="11408529811"/>
    <nd ref="11408529810"/>
    <nd ref="11408529813"/>
    <nd ref="11408529812"/>
    <nd ref="11408529807"/>
    <nd ref="11408529808"/>
    <nd ref="11408529809"/>
    <tag k="addr:city" v="Worksop"/>
    <tag k="addr:housenumber" v="7"/>
    <tag k="addr:postcode" v="S81 9DG"/>
    <tag k="addr:street" v="Conway Drive"/>
    <tag k="building" v="house"/>
    <tag k="ref:GB:uprn" v="100031284683"/>
  </way>
  <way id="1230203723" version="4" timestamp="2025-09-21T23:28:17Z" changeset="172269123" uid="8857" user="philipcullen">
    <nd ref="11408529817"/>
    <nd ref="11408529821"/>
    <nd ref="11408529820"/>
    <nd ref="11408529816"/>
    <nd ref="11408529817"/>
    <tag k="addr:city" v="Worksop"/>
    <tag k="addr:housenumber" v="5"/>
    <tag k="addr:postcode" v="S81 9DG"/>
    <tag k="addr:street" v="Conway Drive"/>
    <tag k="building" v="house"/>
    <tag k="ref:GB:uprn" v="100031284681"/>
  </way>
  <way id="1230203724" version="4" timestamp="2025-09-21T23:28:17Z" changeset="172269123" uid="8857" user="philipcullen">
    <nd ref="11408529818"/>
    <nd ref="11408529817"/>
    <nd ref="11408529816"/>
    <nd ref="11408529819"/>
    <nd ref="11408529818"/>
    <tag k="addr:city" v="Worksop"/>
    <tag k="addr:housenumber" v="3"/>
    <tag k="addr:postcode" v="S81 9DG"/>
    <tag k="addr:street" v="Conway Drive"/>
    <tag k="building" v="house"/>
    <tag k="ref:GB:uprn" v="100031284679"/>
  </way>
  <way id="1230203725" version="4" timestamp="2025-09-21T23:28:17Z" changeset="172269123" uid="8857" user="philipcullen">
    <nd ref="11408529825"/>
    <nd ref="11408529824"/>
    <nd ref="11408529823"/>
    <nd ref="11408529822"/>
    <nd ref="11408529825"/>
    <tag k="addr:city" v="Worksop"/>
    <tag k="addr:housenumber" v="1"/>
    <tag k="addr:postcode" v="S81 9DG"/>
    <tag k="addr:street" v="Conway Drive"/>
    <tag k="building" v="house"/>
    <tag k="ref:GB:uprn" v="100031284677"/>
  </way>
  <way id="1230203726" version="4" timestamp="2025-09-21T23:28:17Z" changeset="172269123" uid="8857" user="philipcullen">
    <nd ref="11408529830"/>
    <nd ref="11408529827"/>
    <nd ref="11408529826"/>
    <nd ref="11408529829"/>
    <nd ref="11408529830"/>
    <tag k="addr:city" v="Worksop"/>
    <tag k="addr:housenumber" v="20"/>
    <tag k="addr:postcode" v="S81 9DG"/>
    <tag k="addr:street" v="Conway Drive"/>
    <tag k="building" v="house"/>
    <tag k="ref:GB:uprn" v="100031284696"/>
  </way>
  <way id="1230203727" version="4" timestamp="2025-09-21T23:28:17Z" changeset="172269123" uid="8857" user="philipcullen">
    <nd ref="11408529831"/>
    <nd ref="11408529830"/>
    <nd ref="11408529829"/>
    <nd ref="11408529828"/>
    <nd ref="11408529831"/>
    <tag k="addr:city" v="Worksop"/>
    <tag k="addr:housenumber" v="22"/>
    <tag k="addr:postcode" v="S81 9DG"/>
    <tag k="addr:street" v="Conway Drive"/>
    <tag k="building" v="house"/>
    <tag k="ref:GB:uprn" v="100031284698"/>
  </way>
  <way id="1230203728" version="4" timestamp="2025-09-21T23:28:17Z" changeset="172269123" uid="8857" user="philipcullen">
    <nd ref="11408529836"/>
    <nd ref="11408529833"/>
    <nd ref="11408529832"/>
    <nd ref="11408529835"/>
    <nd ref="11408529836"/>
    <tag k="addr:city" v="Worksop"/>
    <tag k="addr:housenumber" v="24"/>
    <tag k="addr:postcode" v="S81 9DG"/>
    <tag k="addr:street" v="Conway Drive"/>
    <tag k="building" v="house"/>
    <tag k="ref:GB:uprn" v="100031284700"/>
  </way>
  <way id="1230203729" version="4" timestamp="2025-09-21T23:28:17Z" changeset="172269123" uid="8857" user="philipcullen">
    <nd ref="11408529837"/>
    <nd ref="11408529836"/>
    <nd ref="11408529835"/>
    <nd ref="11408529834"/>
    <nd ref="11408529837"/>
    <tag k="addr:city" v="Worksop"/>
    <tag k="addr:housenumber" v="26"/>
    <tag k="addr:postcode" v="S81 9DG"/>
    <tag k="addr:street" v="Conway Drive"/>
    <tag k="building" v="house"/>
    <tag k="ref:GB:uprn" v="100031284702"/>
  </way>
  <way id="1230203730" version="4" timestamp="2025-09-21T23:28:17Z" changeset="172269123" uid="8857" user="philipcullen">
    <nd ref="11408529844"/>
    <nd ref="11408529843"/>
    <nd ref="11408529842"/>
    <nd ref="11408529838"/>
    <nd ref="11408529839"/>
    <nd ref="11408529840"/>
    <nd ref="11408529841"/>
    <nd ref="11408529844"/>
    <tag k="addr:city" v="Worksop"/>
    <tag k="addr:housenumber" v="28"/>
    <tag k="addr:postcode" v="S81 9DG"/>
    <tag k="addr:street" v="Conway Drive"/>
    <tag k="building" v="house"/>
    <tag k="ref:GB:uprn" v="100031284704"/>
  </way>
  <way id="1230203731" version="4" timestamp="2025-09-21T23:28:17Z" changeset="172269123" uid="8857" user="philipcullen">
    <nd ref="11408529848"/>
    <nd ref="11408529847"/>
    <nd ref="11408529846"/>
    <nd ref="11408529845"/>
    <nd ref="11408529848"/>
    <tag k="addr:city" v="Worksop"/>
    <tag k="addr:housenumber" v="18"/>
    <tag k="addr:postcode" v="S81 9DG"/>
    <tag k="addr:street" v="Conway Drive"/>
    <tag k="building" v="house"/>
    <tag k="ref:GB:uprn" v="100031284694"/>
  </way>
  <way id="1230203732" version="4" timestamp="2025-09-21T23:28:17Z" changeset="172269123" uid="8857" user="philipcullen">
    <nd ref="11408529854"/>
    <nd ref="11408529850"/>
    <nd ref="11408529849"/>
    <nd ref="11408529851"/>
    <nd ref="11408529853"/>
    <nd ref="11408529852"/>
    <nd ref="11408529855"/>
    <nd ref="11408529854"/>
    <tag k="addr:city" v="Worksop"/>
    <tag k="addr:housenumber" v="16"/>
    <tag k="addr:postcode" v="S81 9DG"/>
    <tag k="addr:street" v="Conway Drive"/>
    <tag k="building" v="house"/>
    <tag k="ref:GB:uprn" v="100031284692"/>
  </way>
  <way id="1230203733" version="4" timestamp="2025-09-21T23:28:17Z" changeset="172269123" uid="8857" user="philipcullen">
    <nd ref="11408529859"/>
    <nd ref="11408529858"/>
    <nd ref="11408529857"/>
    <nd ref="11408529856"/>
    <nd ref="11408529859"/>
    <tag k="addr:city" v="Worksop"/>
    <tag k="addr:housenumber" v="14"/>
    <tag k="addr:postcode" v="S81 9DG"/>
    <tag k="addr:street" v="Conway Drive"/>
    <tag k="building" v="house"/>
    <tag k="ref:GB:uprn" v="100031284690"/>
  </way>
  <way id="1230203734" version="4" timestamp="2025-09-21T23:28:17Z" changeset="172269123" uid="8857" user="philipcullen">
    <nd ref="11408529863"/>
    <nd ref="11408529860"/>
    <nd ref="11408529861"/>
    <nd ref="11408529862"/>
    <nd ref="11408529867"/>
    <nd ref="11408529869"/>
    <nd ref="11408529868"/>
    <nd ref="11408529866"/>
    <nd ref="11408529865"/>
    <nd ref="11408529864"/>
    <nd ref="11408529863"/>
    <tag k="addr:city" v="Worksop"/>
    <tag k="addr:housenumber" v="12"/>
    <tag k="addr:postcode" v="S81 9DG"/>
    <tag k="addr:street" v="Conway Drive"/>
    <tag k="building" v="house"/>
    <tag k="ref:GB:uprn" v="100031284688"/>
  </way>
  <way id="1230203735" version="4" timestamp="2025-09-21T23:28:17Z" changeset="172269123" uid="8857" user="philipcullen">
    <nd ref="11408529874"/>
    <nd ref="11408529896"/>
    <nd ref="11408529894"/>
    <nd ref="11408529892"/>
    <nd ref="11408529893"/>
    <nd ref="11408529871"/>
    <nd ref="11408529870"/>
    <nd ref="11408529873"/>
    <nd ref="11408529872"/>
    <nd ref="11408529874"/>
    <tag k="addr:city" v="Worksop"/>
    <tag k="addr:housenumber" v="6"/>
    <tag k="addr:postcode" v="S81 9DG"/>
    <tag k="addr:street" v="Conway Drive"/>
    <tag k="building" v="house"/>
    <tag k="ref:GB:uprn" v="100031284682"/>
  </way>
  <way id="1230203736" version="4" timestamp="2025-09-21T23:28:17Z" changeset="172269123" uid="8857" user="philipcullen">
    <nd ref="11408529895"/>
    <nd ref="11408529894"/>
    <nd ref="11408529896"/>
    <nd ref="11408529876"/>
    <nd ref="11408529875"/>
    <nd ref="11408529878"/>
    <nd ref="11408529877"/>
    <nd ref="11408529895"/>
    <tag k="addr:city" v="Worksop"/>
    <tag k="addr:housenumber" v="4"/>
    <tag k="addr:postcode" v="S81 9DG"/>
    <tag k="addr:street" v="Conway Drive"/>
    <tag k="building" v="house"/>
    <tag k="ref:GB:uprn" v="100031284680"/>
  </way>
  <way id="1230203737" version="4" timestamp="2025-09-21T23:28:17Z" changeset="172269123" uid="8857" user="philipcullen">
    <nd ref="11408529885"/>
    <nd ref="11408529882"/>
    <nd ref="11408529883"/>
    <nd ref="11408529879"/>
    <nd ref="11408529880"/>
    <nd ref="11408529881"/>
    <nd ref="11408529884"/>
    <nd ref="11408529885"/>
    <tag k="addr:city" v="Worksop"/>
    <tag k="addr:housenumber" v="2"/>
    <tag k="addr:postcode" v="S81 9DG"/>
    <tag k="addr:street" v="Conway Drive"/>
    <tag k="building" v="house"/>
    <tag k="ref:GB:uprn" v="100031284678"/>
  </way>
  <way id="1230203738" version="4" timestamp="2025-09-21T23:28:17Z" changeset="172269123" uid="8857" user="philipcullen">
    <nd ref="11408529887"/>
    <nd ref="11408529891"/>
    <nd ref="11408529888"/>
    <nd ref="11408529886"/>
    <nd ref="11408529887"/>
    <tag k="addr:city" v="Worksop"/>
    <tag k="addr:housenumber" v="10"/>
    <tag k="addr:postcode" v="S81 9DG"/>
    <tag k="addr:street" v="Conway Drive"/>
    <tag k="building" v="house"/>
    <tag k="ref:GB:uprn" v="100031284686"/>
  </way>
  <way id="1230203739" version="4" timestamp="2025-09-21T23:28:17Z" changeset="172269123" uid="8857" user="philipcullen">
    <nd ref="11408529891"/>
    <nd ref="11408529890"/>
    <nd ref="11408529889"/>
    <nd ref="11408529888"/>
    <nd ref="11408529891"/>
    <tag k="addr:city" v="Worksop"/>
    <tag k="addr:housenumber" v="8"/>
    <tag k="addr:postcode" v="S81 9DG"/>
    <tag k="addr:street" v="Conway Drive"/>
    <tag k="building" v="house"/>
    <tag k="ref:GB:uprn" v="100031284684"/>
  </way>
  <way id="1230203740" version="4" timestamp="2025-09-21T23:28:17Z" changeset="172269123" uid="8857" user="philipcullen">
    <nd ref="11408529929"/>
    <nd ref="11408529926"/>
    <nd ref="11408529925"/>
    <nd ref="11408529920"/>
    <nd ref="11408529918"/>
    <nd ref="11408529919"/>
    <nd ref="11408529928"/>
    <nd ref="11408529929"/>
    <tag k="addr:city" v="Worksop"/>
    <tag k="addr:housenumber" v="31"/>
    <tag k="addr:postcode" v="S81 9DE"/>
    <tag k="addr:street" v="Balmoral Close"/>
    <tag k="building" v="house"/>
    <tag k="ref:GB:uprn" v="100031281700"/>
  </way>
  <way id="1230203741" version="4" timestamp="2025-09-21T23:28:17Z" changeset="172269123" uid="8857" user="philipcullen">
    <nd ref="11408529934"/>
    <nd ref="11408529931"/>
    <nd ref="11408529915"/>
    <nd ref="11408529914"/>
    <nd ref="11408529913"/>
    <nd ref="11408529916"/>
    <nd ref="11408529917"/>
    <nd ref="11408529933"/>
    <nd ref="11408529934"/>
    <tag k="addr:city" v="Worksop"/>
    <tag k="addr:housenumber" v="27"/>
    <tag k="addr:postcode" v="S81 9DE"/>
    <tag k="addr:street" v="Balmoral Close"/>
    <tag k="building" v="house"/>
    <tag k="ref:GB:uprn" v="100031281698"/>
  </way>
  <way id="1230203742" version="4" timestamp="2025-09-21T23:28:17Z" changeset="172269123" uid="8857" user="philipcullen">
    <nd ref="11408529905"/>
    <nd ref="11408529903"/>
    <nd ref="11408529904"/>
    <nd ref="11408529900"/>
    <nd ref="11408529901"/>
    <nd ref="11408529902"/>
    <nd ref="11408529908"/>
    <nd ref="11408529907"/>
    <nd ref="11408529906"/>
    <nd ref="11408529905"/>
    <tag k="addr:city" v="Worksop"/>
    <tag k="addr:housenumber" v="23"/>
    <tag k="addr:postcode" v="S81 9DE"/>
    <tag k="addr:street" v="Balmoral Close"/>
    <tag k="building" v="house"/>
    <tag k="ref:GB:uprn" v="100031281695"/>
  </way>
  <way id="1230203743" version="4" timestamp="2025-09-21T23:28:17Z" changeset="172269123" uid="8857" user="philipcullen">
    <nd ref="11408529912"/>
    <nd ref="11408529909"/>
    <nd ref="11408529910"/>
    <nd ref="11408529899"/>
    <nd ref="11408529898"/>
    <nd ref="11408529897"/>
    <nd ref="11408529911"/>
    <nd ref="11408529912"/>
    <tag k="addr:city" v="Worksop"/>
    <tag k="addr:housenumber" v="25"/>
    <tag k="addr:postcode" v="S81 9DE"/>
    <tag k="addr:street" v="Balmoral Close"/>
    <tag k="building" v="house"/>
    <tag k="ref:GB:uprn" v="100031281697"/>
  </way>
  <way id="1230203744" version="4" timestamp="2025-09-21T23:28:17Z" changeset="172269123" uid="8857" user="philipcullen">
    <nd ref="11408529924"/>
    <nd ref="11408529923"/>
    <nd ref="11408529922"/>
    <nd ref="11408529921"/>
    <nd ref="11408529924"/>
    <tag k="addr:city" v="Worksop"/>
    <tag k="addr:housenumber" v="35"/>
    <tag k="addr:postcode" v="S81 9DE"/>
    <tag k="addr:street" v="Balmoral Close"/>
    <tag k="building" v="house"/>
    <tag k="ref:GB:uprn" v="100031281702"/>
  </way>
  <way id="1230203745" version="4" timestamp="2025-09-21T23:28:17Z" changeset="172269123" uid="8857" user="philipcullen">
    <nd ref="11408529930"/>
    <nd ref="11408529929"/>
    <nd ref="11408529928"/>
    <nd ref="11408529927"/>
    <nd ref="11408529930"/>
    <tag k="addr:city" v="Worksop"/>
    <tag k="addr:housenumber" v="33"/>
    <tag k="addr:postcode" v="S81 9DE"/>
    <tag k="addr:street" v="Balmoral Close"/>
    <tag k="building" v="house"/>
    <tag k="ref:GB:uprn" v="100031281701"/>
  </way>
  <way id="1230203746" version="4" timestamp="2025-09-21T23:28:17Z" changeset="172269123" uid="8857" user="philipcullen">
    <nd ref="11408529935"/>
    <nd ref="11408529934"/>
    <nd ref="11408529933"/>
    <nd ref="11408529932"/>
    <nd ref="11408529935"/>
    <tag k="addr:city" v="Worksop"/>
    <tag k="addr:housenumber" v="29"/>
    <tag k="addr:postcode" v="S81 9DE"/>
    <tag k="addr:street" v="Balmoral Close"/>
    <tag k="building" v="house"/>
    <tag k="ref:GB:uprn" v="100031281699"/>
  </way>
  <way id="1230203747" version="4" timestamp="2025-09-21T23:28:17Z" changeset="172269123" uid="8857" user="philipcullen">
    <nd ref="11408529937"/>
    <nd ref="11408529940"/>
    <nd ref="11408529939"/>
    <nd ref="11408529936"/>
    <nd ref="11408529937"/>
    <tag k="addr:city" v="Worksop"/>
    <tag k="addr:housenumber" v="19"/>
    <tag k="addr:postcode" v="S81 9DE"/>
    <tag k="addr:street" v="Balmoral Close"/>
    <tag k="building" v="house"/>
    <tag k="ref:GB:uprn" v="100031281691"/>
  </way>
  <way id="1230203748" version="4" timestamp="2025-09-21T23:28:17Z" changeset="172269123" uid="8857" user="philipcullen">
    <nd ref="11408529941"/>
    <nd ref="11408529937"/>
    <nd ref="11408529936"/>
    <nd ref="11408529938"/>
    <nd ref="11408529941"/>
    <tag k="addr:city" v="Worksop"/>
    <tag k="addr:housenumber" v="21"/>
    <tag k="addr:postcode" v="S81 9DE"/>
    <tag k="addr:street" v="Balmoral Close"/>
    <tag k="building" v="house"/>
    <tag k="ref:GB:uprn" v="100031281693"/>
  </way>
  <way id="1230203749" version="4" timestamp="2025-09-21T23:28:17Z" changeset="172269123" uid="8857" user="philipcullen">
    <nd ref="11408529953"/>
    <nd ref="11408529949"/>
    <nd ref="11408529948"/>
    <nd ref="11408529947"/>
    <nd ref="11408529946"/>
    <nd ref="11408529945"/>
    <nd ref="11408529950"/>
    <nd ref="11408529953"/>
    <tag k="addr:city" v="Worksop"/>
    <tag k="addr:housenumber" v="17"/>
    <tag k="addr:postcode" v="S81 9DE"/>
    <tag k="addr:street" v="Balmoral Close"/>
    <tag k="building" v="house"/>
    <tag k="ref:GB:uprn" v="100031281689"/>
  </way>
  <way id="1230203750" version="4" timestamp="2025-09-21T23:28:17Z" changeset="172269123" uid="8857" user="philipcullen">
    <nd ref="11408529949"/>
    <nd ref="11408529952"/>
    <nd ref="11408529951"/>
    <nd ref="11408529942"/>
    <nd ref="11408529943"/>
    <nd ref="11408529944"/>
    <nd ref="11408529948"/>
    <nd ref="11408529949"/>
    <tag k="addr:city" v="Worksop"/>
    <tag k="addr:housenumber" v="15"/>
    <tag k="addr:postcode" v="S81 9DE"/>
    <tag k="addr:street" v="Balmoral Close"/>
    <tag k="building" v="house"/>
    <tag k="ref:GB:uprn" v="100031281687"/>
  </way>
  <way id="1230203751" version="4" timestamp="2025-09-21T23:28:17Z" changeset="172269123" uid="8857" user="philipcullen">
    <nd ref="11408529974"/>
    <nd ref="11408529973"/>
    <nd ref="11408529972"/>
    <nd ref="11408529969"/>
    <nd ref="11408529968"/>
    <nd ref="11408529971"/>
    <nd ref="11408529974"/>
    <tag k="addr:city" v="Worksop"/>
    <tag k="addr:housenumber" v="13"/>
    <tag k="addr:postcode" v="S81 9DE"/>
    <tag k="addr:street" v="Balmoral Close"/>
    <tag k="building" v="house"/>
    <tag k="ref:GB:uprn" v="100031281685"/>
  </way>
  <way id="1230203752" version="4" timestamp="2025-09-21T23:28:17Z" changeset="172269123" uid="8857" user="philipcullen">
    <nd ref="11408529973"/>
    <nd ref="11408529970"/>
    <nd ref="11408529967"/>
    <nd ref="11408529966"/>
    <nd ref="11408529965"/>
    <nd ref="11408529962"/>
    <nd ref="11408529963"/>
    <nd ref="11408529964"/>
    <nd ref="11408529969"/>
    <nd ref="11408529972"/>
    <nd ref="11408529973"/>
    <tag k="addr:city" v="Worksop"/>
    <tag k="addr:housenumber" v="11"/>
    <tag k="addr:postcode" v="S81 9DE"/>
    <tag k="addr:street" v="Balmoral Close"/>
    <tag k="building" v="house"/>
    <tag k="ref:GB:uprn" v="100031281683"/>
  </way>
  <way id="1230203753" version="4" timestamp="2025-09-21T23:28:17Z" changeset="172269123" uid="8857" user="philipcullen">
    <nd ref="11408529978"/>
    <nd ref="11408529976"/>
    <nd ref="11408529975"/>
    <nd ref="11408529977"/>
    <nd ref="11408529978"/>
    <tag k="addr:city" v="Worksop"/>
    <tag k="addr:housenumber" v="7"/>
    <tag k="addr:postcode" v="S81 9DE"/>
    <tag k="addr:street" v="Balmoral Close"/>
    <tag k="building" v="house"/>
    <tag k="ref:GB:uprn" v="100031281679"/>
  </way>
  <way id="1230203754" version="4" timestamp="2025-09-21T23:28:17Z" changeset="172269123" uid="8857" user="philipcullen">
    <nd ref="11408529977"/>
    <nd ref="11408529958"/>
    <nd ref="11408529956"/>
    <nd ref="11408529955"/>
    <nd ref="11408529954"/>
    <nd ref="11408529957"/>
    <nd ref="11408529959"/>
    <nd ref="11408529960"/>
    <nd ref="11408529961"/>
    <nd ref="11408529979"/>
    <nd ref="11408529978"/>
    <nd ref="11408529977"/>
    <tag k="addr:city" v="Worksop"/>
    <tag k="addr:housenumber" v="9"/>
    <tag k="addr:postcode" v="S81 9DE"/>
    <tag k="addr:street" v="Balmoral Close"/>
    <tag k="building" v="house"/>
    <tag k="ref:GB:uprn" v="100031281681"/>
  </way>
  <way id="1230203755" version="4" timestamp="2025-09-21T23:28:17Z" changeset="172269123" uid="8857" user="philipcullen">
    <nd ref="11408529981"/>
    <nd ref="11408529984"/>
    <nd ref="11408529983"/>
    <nd ref="11408529980"/>
    <nd ref="11408529981"/>
    <tag k="addr:city" v="Worksop"/>
    <tag k="addr:housenumber" v="3"/>
    <tag k="addr:postcode" v="S81 9DE"/>
    <tag k="addr:street" v="Balmoral Close"/>
    <tag k="building" v="house"/>
    <tag k="ref:GB:uprn" v="100031281675"/>
  </way>
  <way id="1230203756" version="4" timestamp="2025-09-21T23:28:17Z" changeset="172269123" uid="8857" user="philipcullen">
    <nd ref="11408529985"/>
    <nd ref="11408529981"/>
    <nd ref="11408529980"/>
    <nd ref="11408529982"/>
    <nd ref="11408529985"/>
    <tag k="addr:city" v="Worksop"/>
    <tag k="addr:housenumber" v="5"/>
    <tag k="addr:postcode" v="S81 9DE"/>
    <tag k="addr:street" v="Balmoral Close"/>
    <tag k="building" v="house"/>
    <tag k="ref:GB:uprn" v="100031281677"/>
  </way>
  <way id="1230203757" version="4" timestamp="2025-09-21T23:28:17Z" changeset="172269123" uid="8857" user="philipcullen">
    <nd ref="11408530024"/>
    <nd ref="11408530021"/>
    <nd ref="11408530020"/>
    <nd ref="11408529987"/>
    <nd ref="11408529986"/>
    <nd ref="11408530023"/>
    <nd ref="11408530024"/>
    <tag k="addr:city" v="Worksop"/>
    <tag k="addr:housenumber" v="20"/>
    <tag k="addr:postcode" v="S81 9DE"/>
    <tag k="addr:street" v="Balmoral Close"/>
    <tag k="building" v="house"/>
    <tag k="ref:GB:uprn" v="100031281692"/>
  </way>
  <way id="1230203758" version="4" timestamp="2025-09-21T23:28:17Z" changeset="172269123" uid="8857" user="philipcullen">
    <nd ref="11408529991"/>
    <nd ref="11408529988"/>
    <nd ref="11408529989"/>
    <nd ref="11408529990"/>
    <nd ref="11408529991"/>
    <tag k="addr:city" v="Worksop"/>
    <tag k="addr:housenumber" v="8"/>
    <tag k="addr:postcode" v="S81 9DE"/>
    <tag k="addr:street" v="Balmoral Close"/>
    <tag k="building" v="house"/>
    <tag k="ref:GB:uprn" v="100031281680"/>
  </way>
  <way id="1230203759" version="1" timestamp="2023-12-10T22:12:38Z" changeset="144979118" uid="12616743" user="BassetlawMapper">
    <nd ref="11408530000"/>
    <nd ref="11408529997"/>
    <nd ref="11408529998"/>
    <nd ref="11408529999"/>
    <nd ref="11408529993"/>
    <nd ref="11408529992"/>
    <nd ref="11408529994"/>
    <nd ref="11408529995"/>
    <nd ref="11408529996"/>
    <nd ref="11408530000"/>
    <tag k="addr:housenumber" v="10"/>
    <tag k="addr:street" v="Balmoral Close"/>
    <tag k="building" v="house"/>
  </way>
  <way id="1230203760" version="4" timestamp="2025-09-21T23:28:17Z" changeset="172269123" uid="8857" user="philipcullen">
    <nd ref="11408530008"/>
    <nd ref="11408530007"/>
    <nd ref="11408530003"/>
    <nd ref="11408530002"/>
    <nd ref="11408530001"/>
    <nd ref="11408530006"/>
    <nd ref="11408530011"/>
    <nd ref="11408530012"/>
    <nd ref="11408530009"/>
    <nd ref="11408530008"/>
    <tag k="addr:city" v="Worksop"/>
    <tag k="addr:housenumber" v="14"/>
    <tag k="addr:postcode" v="S81 9DE"/>
    <tag k="addr:street" v="Balmoral Close"/>
    <tag k="building" v="house"/>
    <tag k="ref:GB:uprn" v="100031281686"/>
  </way>
  <way id="1230203761" version="4" timestamp="2025-09-21T23:28:17Z" changeset="172269123" uid="8857" user="philipcullen">
    <nd ref="11408530011"/>
    <nd ref="11408530006"/>
    <nd ref="11408530004"/>
    <nd ref="11408530005"/>
    <nd ref="11408530010"/>
    <nd ref="11408530013"/>
    <nd ref="11408530012"/>
    <nd ref="11408530011"/>
    <tag k="addr:city" v="Worksop"/>
    <tag k="addr:housenumber" v="12"/>
    <tag k="addr:postcode" v="S81 9DE"/>
    <tag k="addr:street" v="Balmoral Close"/>
    <tag k="building" v="house"/>
    <tag k="ref:GB:uprn" v="100031281684"/>
  </way>
  <way id="1230203762" version="4" timestamp="2025-09-21T23:28:17Z" changeset="172269123" uid="8857" user="philipcullen">
    <nd ref="11408530015"/>
    <nd ref="11408530017"/>
    <nd ref="11408530016"/>
    <nd ref="11408530014"/>
    <nd ref="11408530015"/>
    <tag k="addr:city" v="Worksop"/>
    <tag k="addr:housenumber" v="18"/>
    <tag k="addr:postcode" v="S81 9DE"/>
    <tag k="addr:street" v="Balmoral Close"/>
    <tag k="building" v="house"/>
    <tag k="ref:GB:uprn" v="100031281690"/>
  </way>
  <way id="1230203763" version="4" timestamp="2025-09-21T23:28:17Z" changeset="172269123" uid="8857" user="philipcullen">
    <nd ref="11408530019"/>
    <nd ref="11408530015"/>
    <nd ref="11408530014"/>
    <nd ref="11408530018"/>
    <nd ref="11408530019"/>
    <tag k="addr:city" v="Worksop"/>
    <tag k="addr:housenumber" v="16"/>
    <tag k="addr:postcode" v="S81 9DE"/>
    <tag k="addr:street" v="Balmoral Close"/>
    <tag k="building" v="house"/>
    <tag k="ref:GB:uprn" v="100031281688"/>
  </way>
  <way id="1230203764" version="4" timestamp="2025-09-21T23:28:17Z" changeset="172269123" uid="8857" user="philipcullen">
    <nd ref="11408530021"/>
    <nd ref="11408530025"/>
    <nd ref="11408530022"/>
    <nd ref="11408530020"/>
    <nd ref="11408530021"/>
    <tag k="addr:city" v="Worksop"/>
    <tag k="addr:housenumber" v="22"/>
    <tag k="addr:postcode" v="S81 9DE"/>
    <tag k="addr:street" v="Balmoral Close"/>
    <tag k="building" v="house"/>
    <tag k="ref:GB:uprn" v="100031281694"/>
  </way>
  <way id="1230203765" version="4" timestamp="2025-09-21T23:28:17Z" changeset="172269123" uid="8857" user="philipcullen">
    <nd ref="11408530029"/>
    <nd ref="11408530026"/>
    <nd ref="11408530027"/>
    <nd ref="11408530028"/>
    <nd ref="11408530029"/>
    <tag k="addr:city" v="Worksop"/>
    <tag k="addr:housenumber" v="24"/>
    <tag k="addr:postcode" v="S81 9DE"/>
    <tag k="addr:street" v="Balmoral Close"/>
    <tag k="building" v="house"/>
    <tag k="ref:GB:uprn" v="100031281696"/>
  </way>
  <way id="1230203766" version="4" timestamp="2025-09-21T23:28:17Z" changeset="172269123" uid="8857" user="philipcullen">
    <nd ref="11408530031"/>
    <nd ref="11408530034"/>
    <nd ref="11408530033"/>
    <nd ref="11408530030"/>
    <nd ref="11408530031"/>
    <tag k="addr:city" v="Worksop"/>
    <tag k="addr:housenumber" v="4"/>
    <tag k="addr:postcode" v="S81 9DE"/>
    <tag k="addr:street" v="Balmoral Close"/>
    <tag k="building" v="house"/>
    <tag k="ref:GB:uprn" v="100031281676"/>
  </way>
  <way id="1230203767" version="4" timestamp="2025-09-21T23:28:17Z" changeset="172269123" uid="8857" user="philipcullen">
    <nd ref="11408530035"/>
    <nd ref="11408530031"/>
    <nd ref="11408530030"/>
    <nd ref="11408530032"/>
    <nd ref="11408530035"/>
    <tag k="addr:city" v="Worksop"/>
    <tag k="addr:housenumber" v="6"/>
    <tag k="addr:postcode" v="S81 9DE"/>
    <tag k="addr:street" v="Balmoral Close"/>
    <tag k="building" v="house"/>
    <tag k="ref:GB:uprn" v="100031281678"/>
  </way>
  <way id="1230203768" version="4" timestamp="2025-09-21T23:28:17Z" changeset="172269123" uid="8857" user="philipcullen">
    <nd ref="11408530059"/>
    <nd ref="11408530058"/>
    <nd ref="11408530057"/>
    <nd ref="11408530043"/>
    <nd ref="11408530044"/>
    <nd ref="11408530045"/>
    <nd ref="11408530056"/>
    <nd ref="11408530059"/>
    <tag k="addr:city" v="Worksop"/>
    <tag k="addr:housenumber" v="11"/>
    <tag k="addr:postcode" v="S81 9DD"/>
    <tag k="addr:street" v="Strathaven Road"/>
    <tag k="building" v="house"/>
    <tag k="ref:GB:uprn" v="200000664132"/>
  </way>
  <way id="1230203769" version="4" timestamp="2025-09-21T23:28:17Z" changeset="172269123" uid="8857" user="philipcullen">
    <nd ref="11408530079"/>
    <nd ref="11408530075"/>
    <nd ref="11408530072"/>
    <nd ref="11408530073"/>
    <nd ref="11408530074"/>
    <nd ref="11408530076"/>
    <nd ref="11408530077"/>
    <nd ref="11408530078"/>
    <nd ref="11408530079"/>
    <tag k="addr:city" v="Worksop"/>
    <tag k="addr:housenumber" v="2"/>
    <tag k="addr:postcode" v="S81 9DE"/>
    <tag k="addr:street" v="Balmoral Close"/>
    <tag k="building" v="house"/>
    <tag k="ref:GB:uprn" v="100031281674"/>
  </way>
  <way id="1230203770" version="4" timestamp="2025-09-21T23:28:17Z" changeset="172269123" uid="8857" user="philipcullen">
    <nd ref="11408530067"/>
    <nd ref="11408530070"/>
    <nd ref="11408530042"/>
    <nd ref="11408530041"/>
    <nd ref="11408530040"/>
    <nd ref="11408530069"/>
    <nd ref="11408530066"/>
    <nd ref="11408530067"/>
    <tag k="addr:city" v="Worksop"/>
    <tag k="addr:housenumber" v="1"/>
    <tag k="addr:postcode" v="S81 9DD"/>
    <tag k="addr:street" v="Strathaven Road"/>
    <tag k="building" v="house"/>
    <tag k="ref:GB:uprn" v="200000664122"/>
  </way>
  <way id="1230203771" version="4" timestamp="2025-09-21T23:28:17Z" changeset="172269123" uid="8857" user="philipcullen">
    <nd ref="11408530049"/>
    <nd ref="11408530048"/>
    <nd ref="11408530047"/>
    <nd ref="11408530046"/>
    <nd ref="11408530049"/>
    <tag k="addr:city" v="Worksop"/>
    <tag k="addr:housenumber" v="15"/>
    <tag k="addr:postcode" v="S81 9DD"/>
    <tag k="addr:street" v="Strathaven Road"/>
    <tag k="building" v="house"/>
    <tag k="ref:GB:uprn" v="10023264945"/>
  </way>
  <way id="1230203772" version="4" timestamp="2025-09-21T23:28:17Z" changeset="172269123" uid="8857" user="philipcullen">
    <nd ref="11408530053"/>
    <nd ref="11408530052"/>
    <nd ref="11408530051"/>
    <nd ref="11408530050"/>
    <nd ref="11408530053"/>
    <tag k="addr:city" v="Worksop"/>
    <tag k="addr:housenumber" v="13"/>
    <tag k="addr:postcode" v="S81 9DD"/>
    <tag k="addr:street" v="Strathaven Road"/>
    <tag k="building" v="house"/>
    <tag k="ref:GB:uprn" v="200000664134"/>
  </way>
  <way id="1230203773" version="4" timestamp="2025-09-21T23:28:17Z" changeset="172269123" uid="8857" user="philipcullen">
    <nd ref="11408530058"/>
    <nd ref="11408530055"/>
    <nd ref="11408530054"/>
    <nd ref="11408530057"/>
    <nd ref="11408530058"/>
    <tag k="addr:city" v="Worksop"/>
    <tag k="addr:housenumber" v="9"/>
    <tag k="addr:postcode" v="S81 9DD"/>
    <tag k="addr:street" v="Strathaven Road"/>
    <tag k="building" v="house"/>
    <tag k="ref:GB:uprn" v="200000664130"/>
  </way>
  <way id="1230203774" version="4" timestamp="2025-09-21T23:28:17Z" changeset="172269123" uid="8857" user="philipcullen">
    <nd ref="11408530064"/>
    <nd ref="11408530061"/>
    <nd ref="11408530060"/>
    <nd ref="11408530063"/>
    <nd ref="11408530064"/>
    <tag k="addr:city" v="Worksop"/>
    <tag k="addr:housenumber" v="5"/>
    <tag k="addr:postcode" v="S81 9DD"/>
    <tag k="addr:street" v="Strathaven Road"/>
    <tag k="building" v="house"/>
    <tag k="ref:GB:uprn" v="200000664126"/>
  </way>
  <way id="1230203775" version="4" timestamp="2025-09-21T23:28:17Z" changeset="172269123" uid="8857" user="philipcullen">
    <nd ref="11408530065"/>
    <nd ref="11408530064"/>
    <nd ref="11408530063"/>
    <nd ref="11408530062"/>
    <nd ref="11408530065"/>
    <tag k="addr:city" v="Worksop"/>
    <tag k="addr:housenumber" v="7"/>
    <tag k="addr:postcode" v="S81 9DD"/>
    <tag k="addr:street" v="Strathaven Road"/>
    <tag k="building" v="house"/>
    <tag k="ref:GB:uprn" v="200000664128"/>
  </way>
  <way id="1230203776" version="4" timestamp="2025-09-21T23:28:17Z" changeset="172269123" uid="8857" user="philipcullen">
    <nd ref="11408530071"/>
    <nd ref="11408530067"/>
    <nd ref="11408530066"/>
    <nd ref="11408530068"/>
    <nd ref="11408530071"/>
    <tag k="addr:city" v="Worksop"/>
    <tag k="addr:housenumber" v="3"/>
    <tag k="addr:postcode" v="S81 9DD"/>
    <tag k="addr:street" v="Strathaven Road"/>
    <tag k="building" v="house"/>
    <tag k="ref:GB:uprn" v="200000664124"/>
  </way>
  <way id="1230203777" version="4" timestamp="2025-09-21T23:28:17Z" changeset="172269123" uid="8857" user="philipcullen">
    <nd ref="11408530083"/>
    <nd ref="11408530082"/>
    <nd ref="11408530081"/>
    <nd ref="11408530080"/>
    <nd ref="11408530083"/>
    <tag k="addr:city" v="Worksop"/>
    <tag k="addr:housenumber" v="1"/>
    <tag k="addr:postcode" v="S81 9DE"/>
    <tag k="addr:street" v="Balmoral Close"/>
    <tag k="building" v="house"/>
    <tag k="ref:GB:uprn" v="100031281673"/>
  </way>
  <way id="1240157167" version="1" timestamp="2024-01-16T12:52:36Z" changeset="146322747" uid="6739258" user="John Stanworth">
    <nd ref="11521865770"/>
    <nd ref="11521865771"/>
    <nd ref="11521865773"/>
    <nd ref="11521865769"/>
    <nd ref="11521819568"/>
    <nd ref="11521865772"/>
    <nd ref="11521865774"/>
    <nd ref="11521865770"/>
    <tag k="amenity" v="community_centre"/>
    <tag k="building" v="yes"/>
    <tag k="name" v="Carlton Youth Centre"/>
  </way>
  <way id="1240157504" version="4" timestamp="2025-09-21T23:28:17Z" changeset="172269123" uid="8857" user="philipcullen">
    <nd ref="11521833008"/>
    <nd ref="11521833004"/>
    <nd ref="11521833003"/>
    <nd ref="11521833005"/>
    <nd ref="11521833009"/>
    <nd ref="11521833007"/>
    <nd ref="11521833006"/>
    <nd ref="11521833008"/>
    <tag k="addr:city" v="Worksop"/>
    <tag k="addr:postcode" v="S81 9LB"/>
    <tag k="building" v="industrial"/>
    <tag k="name" v="SHL Refractories"/>
    <tag k="ref:GB:uprn" v="10023263679"/>
  </way>
  <way id="1240172977" version="1" timestamp="2024-01-16T14:08:00Z" changeset="146325374" uid="6739258" user="John Stanworth">
    <nd ref="11521989396"/>
    <nd ref="11521989402"/>
    <nd ref="11521989394"/>
    <nd ref="11521989403"/>
    <nd ref="11521989404"/>
    <nd ref="11521989388"/>
    <tag k="highway" v="residential"/>
    <tag k="name" v="Collier Gardens"/>
  </way>
  <way id="1240172979" version="1" timestamp="2024-01-16T14:08:00Z" changeset="146325374" uid="6739258" user="John Stanworth">
    <nd ref="11521989381"/>
    <nd ref="11521989388"/>
    <nd ref="706551807"/>
    <tag k="highway" v="residential"/>
    <tag k="name" v="Pitfield Drive"/>
  </way>
  <way id="1240172980" version="1" timestamp="2024-01-16T14:08:00Z" changeset="146325374" uid="6739258" user="John Stanworth">
    <nd ref="11521989400"/>
    <nd ref="11521989381"/>
    <nd ref="11521989395"/>
    <tag k="highway" v="residential"/>
  </way>
  <way id="1240172981" version="1" timestamp="2024-01-16T14:08:00Z" changeset="146325374" uid="6739258" user="John Stanworth">
    <nd ref="11521989389"/>
    <nd ref="11521989391"/>
    <nd ref="11521989382"/>
    <tag k="highway" v="residential"/>
    <tag k="name" v="Hewer Drive"/>
  </way>
  <way id="1303249655" version="5" timestamp="2025-09-21T23:28:17Z" changeset="172269123" uid="8857" user="philipcullen">
    <nd ref="12069648309"/>
    <nd ref="12069648307"/>
    <nd ref="12069648306"/>
    <nd ref="12069648308"/>
    <nd ref="12069648309"/>
    <tag k="addr:city" v="Worksop"/>
    <tag k="addr:housenumber" v="11"/>
    <tag k="addr:postcode" v="S81 9JS"/>
    <tag k="addr:street" v="Lawn Road"/>
    <tag k="building" v="house"/>
    <tag k="ref:GB:uprn" v="100031291213"/>
  </way>
  <way id="1303249656" version="5" timestamp="2025-09-21T23:28:17Z" changeset="172269123" uid="8857" user="philipcullen">
    <nd ref="12069648312"/>
    <nd ref="12069648309"/>
    <nd ref="12069648308"/>
    <nd ref="12069648311"/>
    <nd ref="12069648312"/>
    <tag k="addr:city" v="Worksop"/>
    <tag k="addr:housenumber" v="9"/>
    <tag k="addr:postcode" v="S81 9JS"/>
    <tag k="addr:street" v="Lawn Road"/>
    <tag k="building" v="house"/>
    <tag k="ref:GB:uprn" v="100031291212"/>
  </way>
  <way id="1303249657" version="5" timestamp="2025-09-21T23:28:17Z" changeset="172269123" uid="8857" user="philipcullen">
    <nd ref="12069648313"/>
    <nd ref="12069648312"/>
    <nd ref="12069648311"/>
    <nd ref="12069648310"/>
    <nd ref="12069648313"/>
    <tag k="addr:city" v="Worksop"/>
    <tag k="addr:housenumber" v="7"/>
    <tag k="addr:postcode" v="S81 9JS"/>
    <tag k="addr:street" v="Lawn Road"/>
    <tag k="building" v="house"/>
    <tag k="ref:GB:uprn" v="100031291211"/>
  </way>
  <way id="1303249658" version="5" timestamp="2025-09-21T23:28:17Z" changeset="172269123" uid="8857" user="philipcullen">
    <nd ref="12069648317"/>
    <nd ref="12069648315"/>
    <nd ref="12069648314"/>
    <nd ref="12069648316"/>
    <nd ref="12069648317"/>
    <tag k="addr:city" v="Worksop"/>
    <tag k="addr:housenumber" v="13"/>
    <tag k="addr:postcode" v="S81 9JS"/>
    <tag k="addr:street" v="Lawn Road"/>
    <tag k="building" v="house"/>
    <tag k="ref:GB:uprn" v="100031291214"/>
  </way>
  <way id="1303249659" version="5" timestamp="2025-09-21T23:28:17Z" changeset="172269123" uid="8857" user="philipcullen">
    <nd ref="12069648320"/>
    <nd ref="12069648317"/>
    <nd ref="12069648316"/>
    <nd ref="12069648319"/>
    <nd ref="12069648320"/>
    <tag k="addr:city" v="Worksop"/>
    <tag k="addr:housenumber" v="15"/>
    <tag k="addr:postcode" v="S81 9JS"/>
    <tag k="addr:street" v="Lawn Road"/>
    <tag k="building" v="house"/>
    <tag k="ref:GB:uprn" v="100031291215"/>
  </way>
  <way id="1303249660" version="5" timestamp="2025-09-21T23:28:17Z" changeset="172269123" uid="8857" user="philipcullen">
    <nd ref="12069648321"/>
    <nd ref="12069648320"/>
    <nd ref="12069648319"/>
    <nd ref="12069648318"/>
    <nd ref="12069648321"/>
    <tag k="addr:city" v="Worksop"/>
    <tag k="addr:housenumber" v="17"/>
    <tag k="addr:postcode" v="S81 9JS"/>
    <tag k="addr:street" v="Lawn Road"/>
    <tag k="building" v="house"/>
    <tag k="ref:GB:uprn" v="100031291216"/>
  </way>
  <way id="1303249661" version="5" timestamp="2025-09-21T23:28:17Z" changeset="172269123" uid="8857" user="philipcullen">
    <nd ref="12069648323"/>
    <nd ref="12069648328"/>
    <nd ref="12069648327"/>
    <nd ref="12069648322"/>
    <nd ref="12069648323"/>
    <tag k="addr:city" v="Worksop"/>
    <tag k="addr:housenumber" v="5"/>
    <tag k="addr:postcode" v="S81 9JS"/>
    <tag k="addr:street" v="Lawn Road"/>
    <tag k="building" v="house"/>
    <tag k="ref:GB:uprn" v="100031291210"/>
  </way>
  <way id="1303249662" version="5" timestamp="2025-09-21T23:28:17Z" changeset="172269123" uid="8857" user="philipcullen">
    <nd ref="12069648325"/>
    <nd ref="12069648323"/>
    <nd ref="12069648322"/>
    <nd ref="12069648324"/>
    <nd ref="12069648325"/>
    <tag k="addr:city" v="Worksop"/>
    <tag k="addr:housenumber" v="3"/>
    <tag k="addr:postcode" v="S81 9JS"/>
    <tag k="addr:street" v="Lawn Road"/>
    <tag k="building" v="house"/>
    <tag k="ref:GB:uprn" v="100031291209"/>
  </way>
  <way id="1303249663" version="5" timestamp="2025-09-21T23:28:17Z" changeset="172269123" uid="8857" user="philipcullen">
    <nd ref="12069648329"/>
    <nd ref="12069648325"/>
    <nd ref="12069648324"/>
    <nd ref="12069648326"/>
    <nd ref="12069648329"/>
    <tag k="addr:city" v="Worksop"/>
    <tag k="addr:housenumber" v="1"/>
    <tag k="addr:postcode" v="S81 9JS"/>
    <tag k="addr:street" v="Lawn Road"/>
    <tag k="building" v="house"/>
    <tag k="ref:GB:uprn" v="10023268777"/>
  </way>
  <way id="1303249673" version="4" timestamp="2025-09-21T23:28:17Z" changeset="172269123" uid="8857" user="philipcullen">
    <nd ref="12069661898"/>
    <nd ref="12069661902"/>
    <nd ref="12069661899"/>
    <nd ref="12069661772"/>
    <nd ref="12069661773"/>
    <nd ref="12069661897"/>
    <nd ref="12069661898"/>
    <tag k="addr:city" v="Worksop"/>
    <tag k="addr:housenumber" v="34"/>
    <tag k="addr:postcode" v="S81 9RA"/>
    <tag k="addr:street" v="Doncaster Road"/>
    <tag k="building" v="house"/>
    <tag k="ref:GB:uprn" v="200000663945"/>
  </way>
  <way id="1303249674" version="4" timestamp="2025-09-21T23:28:17Z" changeset="172269123" uid="8857" user="philipcullen">
    <nd ref="12069661859"/>
    <nd ref="12069661856"/>
    <nd ref="12069661855"/>
    <nd ref="12069661777"/>
    <nd ref="12069661778"/>
    <nd ref="12069661779"/>
    <nd ref="12069661858"/>
    <nd ref="12069661859"/>
    <tag k="addr:city" v="Worksop"/>
    <tag k="addr:housenumber" v="20"/>
    <tag k="addr:postcode" v="S81 9RA"/>
    <tag k="addr:street" v="Doncaster Road"/>
    <tag k="building" v="house"/>
    <tag k="ref:GB:uprn" v="200000663931"/>
  </way>
  <way id="1303249675" version="4" timestamp="2025-09-21T23:28:17Z" changeset="172269123" uid="8857" user="philipcullen">
    <nd ref="12069661860"/>
    <nd ref="12069661859"/>
    <nd ref="12069661858"/>
    <nd ref="12069661776"/>
    <nd ref="12069661775"/>
    <nd ref="12069661774"/>
    <nd ref="12069661857"/>
    <nd ref="12069661860"/>
    <tag k="addr:city" v="Worksop"/>
    <tag k="addr:housenumber" v="19"/>
    <tag k="addr:postcode" v="S81 9RA"/>
    <tag k="addr:street" v="Doncaster Road"/>
    <tag k="building" v="house"/>
    <tag k="ref:GB:uprn" v="200000663930"/>
  </way>
  <way id="1303249676" version="4" timestamp="2025-09-21T23:28:17Z" changeset="172269123" uid="8857" user="philipcullen">
    <nd ref="12069661854"/>
    <nd ref="12069661853"/>
    <nd ref="12069661852"/>
    <nd ref="12069661782"/>
    <nd ref="12069661780"/>
    <nd ref="12069661781"/>
    <nd ref="12069661851"/>
    <nd ref="12069661854"/>
    <tag k="addr:city" v="Worksop"/>
    <tag k="addr:housenumber" v="18"/>
    <tag k="addr:postcode" v="S81 9RA"/>
    <tag k="addr:street" v="Doncaster Road"/>
    <tag k="building" v="house"/>
    <tag k="ref:GB:uprn" v="200000663929"/>
  </way>
  <way id="1303249677" version="4" timestamp="2025-09-21T23:28:17Z" changeset="172269123" uid="8857" user="philipcullen">
    <nd ref="12069661811"/>
    <nd ref="12069661808"/>
    <nd ref="12069661807"/>
    <nd ref="12069661784"/>
    <nd ref="12069661783"/>
    <nd ref="12069661810"/>
    <nd ref="12069661811"/>
    <tag k="addr:city" v="Worksop"/>
    <tag k="addr:housenumber" v="10"/>
    <tag k="addr:postcode" v="S81 9RA"/>
    <tag k="addr:street" v="Doncaster Road"/>
    <tag k="building" v="house"/>
    <tag k="ref:GB:uprn" v="200000663921"/>
  </way>
  <way id="1303249678" version="4" timestamp="2025-09-21T23:28:17Z" changeset="172269123" uid="8857" user="philipcullen">
    <nd ref="12069661830"/>
    <nd ref="12069661829"/>
    <nd ref="12069661828"/>
    <nd ref="12069661791"/>
    <nd ref="12069661790"/>
    <nd ref="12069661789"/>
    <nd ref="12069661827"/>
    <nd ref="12069661830"/>
    <tag k="addr:city" v="Worksop"/>
    <tag k="addr:housenumber" v="7"/>
    <tag k="addr:postcode" v="S81 9RA"/>
    <tag k="addr:street" v="Doncaster Road"/>
    <tag k="building" v="house"/>
    <tag k="ref:GB:uprn" v="200000663918"/>
  </way>
  <way id="1303249679" version="4" timestamp="2025-09-21T23:28:17Z" changeset="172269123" uid="8857" user="philipcullen">
    <nd ref="12069661787"/>
    <nd ref="12069661828"/>
    <nd ref="12069661829"/>
    <nd ref="12069661826"/>
    <nd ref="12069661825"/>
    <nd ref="12069661788"/>
    <nd ref="12069661785"/>
    <nd ref="12069661786"/>
    <nd ref="12069661787"/>
    <tag k="addr:city" v="Worksop"/>
    <tag k="addr:housenumber" v="8"/>
    <tag k="addr:postcode" v="S81 9RA"/>
    <tag k="addr:street" v="Doncaster Road"/>
    <tag k="building" v="house"/>
    <tag k="ref:GB:uprn" v="200000663919"/>
  </way>
  <way id="1303249680" version="4" timestamp="2025-09-21T23:28:17Z" changeset="172269123" uid="8857" user="philipcullen">
    <nd ref="12069661823"/>
    <nd ref="12069661820"/>
    <nd ref="12069661819"/>
    <nd ref="12069661792"/>
    <nd ref="12069661793"/>
    <nd ref="12069661794"/>
    <nd ref="12069661822"/>
    <nd ref="12069661823"/>
    <tag k="addr:city" v="Worksop"/>
    <tag k="addr:housenumber" v="6"/>
    <tag k="addr:postcode" v="S81 9RA"/>
    <tag k="addr:street" v="Doncaster Road"/>
    <tag k="building" v="house"/>
    <tag k="ref:GB:uprn" v="200000663917"/>
  </way>
  <way id="1303249681" version="4" timestamp="2025-09-21T23:28:17Z" changeset="172269123" uid="8857" user="philipcullen">
    <nd ref="12069661824"/>
    <nd ref="12069661823"/>
    <nd ref="12069661822"/>
    <nd ref="12069661797"/>
    <nd ref="12069661795"/>
    <nd ref="12069661796"/>
    <nd ref="12069661821"/>
    <nd ref="12069661824"/>
    <tag k="addr:city" v="Worksop"/>
    <tag k="addr:housenumber" v="5"/>
    <tag k="addr:postcode" v="S81 9RA"/>
    <tag k="addr:street" v="Doncaster Road"/>
    <tag k="building" v="house"/>
    <tag k="ref:GB:uprn" v="200000663916"/>
  </way>
  <way id="1303249682" version="4" timestamp="2025-09-21T23:28:17Z" changeset="172269123" uid="8857" user="philipcullen">
    <nd ref="12069661818"/>
    <nd ref="12069661817"/>
    <nd ref="12069661816"/>
    <nd ref="12069661800"/>
    <nd ref="12069661798"/>
    <nd ref="12069661799"/>
    <nd ref="12069661815"/>
    <nd ref="12069661818"/>
    <tag k="addr:city" v="Worksop"/>
    <tag k="addr:housenumber" v="3"/>
    <tag k="addr:postcode" v="S81 9RA"/>
    <tag k="addr:street" v="Doncaster Road"/>
    <tag k="building" v="house"/>
    <tag k="ref:GB:uprn" v="200000663914"/>
  </way>
  <way id="1303249683" version="4" timestamp="2025-09-21T23:28:17Z" changeset="172269123" uid="8857" user="philipcullen">
    <nd ref="12069661805"/>
    <nd ref="12069661802"/>
    <nd ref="12069661801"/>
    <nd ref="12069661804"/>
    <nd ref="12069661805"/>
    <tag k="addr:city" v="Worksop"/>
    <tag k="addr:housenumber" v="2"/>
    <tag k="addr:postcode" v="S81 9RA"/>
    <tag k="addr:street" v="Doncaster Road"/>
    <tag k="building" v="house"/>
    <tag k="ref:GB:uprn" v="200000663913"/>
  </way>
  <way id="1303249684" version="4" timestamp="2025-09-21T23:28:17Z" changeset="172269123" uid="8857" user="philipcullen">
    <nd ref="12069661806"/>
    <nd ref="12069661805"/>
    <nd ref="12069661804"/>
    <nd ref="12069661803"/>
    <nd ref="12069661806"/>
    <tag k="addr:city" v="Worksop"/>
    <tag k="addr:housenumber" v="1"/>
    <tag k="addr:postcode" v="S81 9RA"/>
    <tag k="addr:street" v="Doncaster Road"/>
    <tag k="building" v="house"/>
    <tag k="ref:GB:uprn" v="200000663912"/>
  </way>
  <way id="1303249685" version="4" timestamp="2025-09-21T23:28:17Z" changeset="172269123" uid="8857" user="philipcullen">
    <nd ref="12069661812"/>
    <nd ref="12069661811"/>
    <nd ref="12069661810"/>
    <nd ref="12069661809"/>
    <nd ref="12069661812"/>
    <tag k="addr:city" v="Worksop"/>
    <tag k="addr:housenumber" v="9"/>
    <tag k="addr:postcode" v="S81 9RA"/>
    <tag k="addr:street" v="Doncaster Road"/>
    <tag k="building" v="house"/>
    <tag k="ref:GB:uprn" v="200000663920"/>
  </way>
  <way id="1303249686" version="4" timestamp="2025-09-21T23:28:17Z" changeset="172269123" uid="8857" user="philipcullen">
    <nd ref="12069661817"/>
    <nd ref="12069661814"/>
    <nd ref="12069661813"/>
    <nd ref="12069661816"/>
    <nd ref="12069661817"/>
    <tag k="addr:city" v="Worksop"/>
    <tag k="addr:housenumber" v="4"/>
    <tag k="addr:postcode" v="S81 9RA"/>
    <tag k="addr:street" v="Doncaster Road"/>
    <tag k="building" v="house"/>
    <tag k="ref:GB:uprn" v="200000663915"/>
  </way>
  <way id="1303249687" version="4" timestamp="2025-09-21T23:28:17Z" changeset="172269123" uid="8857" user="philipcullen">
    <nd ref="12069661835"/>
    <nd ref="12069661832"/>
    <nd ref="12069661831"/>
    <nd ref="12069661834"/>
    <nd ref="12069661835"/>
    <tag k="addr:city" v="Worksop"/>
    <tag k="addr:housenumber" v="12"/>
    <tag k="addr:postcode" v="S81 9RA"/>
    <tag k="addr:street" v="Doncaster Road"/>
    <tag k="building" v="house"/>
    <tag k="ref:GB:uprn" v="200000663923"/>
  </way>
  <way id="1303249688" version="4" timestamp="2025-09-21T23:28:17Z" changeset="172269123" uid="8857" user="philipcullen">
    <nd ref="12069661836"/>
    <nd ref="12069661835"/>
    <nd ref="12069661834"/>
    <nd ref="12069661833"/>
    <nd ref="12069661836"/>
    <tag k="addr:city" v="Worksop"/>
    <tag k="addr:housenumber" v="11"/>
    <tag k="addr:postcode" v="S81 9RA"/>
    <tag k="addr:street" v="Doncaster Road"/>
    <tag k="building" v="house"/>
    <tag k="ref:GB:uprn" v="200000663922"/>
  </way>
  <way id="1303249689" version="4" timestamp="2025-09-21T23:28:17Z" changeset="172269123" uid="8857" user="philipcullen">
    <nd ref="12069661841"/>
    <nd ref="12069661838"/>
    <nd ref="12069661837"/>
    <nd ref="12069661840"/>
    <nd ref="12069661841"/>
    <tag k="addr:city" v="Worksop"/>
    <tag k="addr:housenumber" v="14"/>
    <tag k="addr:postcode" v="S81 9RA"/>
    <tag k="addr:street" v="Doncaster Road"/>
    <tag k="building" v="house"/>
    <tag k="ref:GB:uprn" v="200000663925"/>
  </way>
  <way id="1303249690" version="4" timestamp="2025-09-21T23:28:17Z" changeset="172269123" uid="8857" user="philipcullen">
    <nd ref="12069661842"/>
    <nd ref="12069661841"/>
    <nd ref="12069661840"/>
    <nd ref="12069661839"/>
    <nd ref="12069661842"/>
    <tag k="addr:city" v="Worksop"/>
    <tag k="addr:housenumber" v="13"/>
    <tag k="addr:postcode" v="S81 9RA"/>
    <tag k="addr:street" v="Doncaster Road"/>
    <tag k="building" v="house"/>
    <tag k="ref:GB:uprn" v="200000663924"/>
  </way>
  <way id="1303249691" version="4" timestamp="2025-09-21T23:28:17Z" changeset="172269123" uid="8857" user="philipcullen">
    <nd ref="12069661847"/>
    <nd ref="12069661844"/>
    <nd ref="12069661843"/>
    <nd ref="12069661846"/>
    <nd ref="12069661847"/>
    <tag k="addr:city" v="Worksop"/>
    <tag k="addr:housenumber" v="16"/>
    <tag k="addr:postcode" v="S81 9RA"/>
    <tag k="addr:street" v="Doncaster Road"/>
    <tag k="building" v="house"/>
    <tag k="ref:GB:uprn" v="10013972709"/>
  </way>
  <way id="1303249692" version="4" timestamp="2025-09-21T23:28:17Z" changeset="172269123" uid="8857" user="philipcullen">
    <nd ref="12069661848"/>
    <nd ref="12069661847"/>
    <nd ref="12069661846"/>
    <nd ref="12069661845"/>
    <nd ref="12069661848"/>
    <tag k="addr:city" v="Worksop"/>
    <tag k="addr:housenumber" v="15"/>
    <tag k="addr:postcode" v="S81 9RA"/>
    <tag k="addr:street" v="Doncaster Road"/>
    <tag k="building" v="house"/>
    <tag k="ref:GB:uprn" v="200000663926"/>
  </way>
  <way id="1303249693" version="4" timestamp="2025-09-21T23:28:17Z" changeset="172269123" uid="8857" user="philipcullen">
    <nd ref="12069661850"/>
    <nd ref="12069661854"/>
    <nd ref="12069661851"/>
    <nd ref="12069661849"/>
    <nd ref="12069661850"/>
    <tag k="addr:city" v="Worksop"/>
    <tag k="addr:housenumber" v="17"/>
    <tag k="addr:postcode" v="S81 9RA"/>
    <tag k="addr:street" v="Doncaster Road"/>
    <tag k="building" v="house"/>
    <tag k="ref:GB:uprn" v="200001047782"/>
  </way>
  <way id="1303249694" version="4" timestamp="2025-09-21T23:28:17Z" changeset="172269123" uid="8857" user="philipcullen">
    <nd ref="12069661865"/>
    <nd ref="12069661862"/>
    <nd ref="12069661861"/>
    <nd ref="12069661864"/>
    <nd ref="12069661865"/>
    <tag k="addr:city" v="Worksop"/>
    <tag k="addr:housenumber" v="22"/>
    <tag k="addr:postcode" v="S81 9RA"/>
    <tag k="addr:street" v="Doncaster Road"/>
    <tag k="building" v="house"/>
    <tag k="ref:GB:uprn" v="200000663933"/>
  </way>
  <way id="1303249695" version="4" timestamp="2025-09-21T23:28:17Z" changeset="172269123" uid="8857" user="philipcullen">
    <nd ref="12069661866"/>
    <nd ref="12069661865"/>
    <nd ref="12069661864"/>
    <nd ref="12069661863"/>
    <nd ref="12069661866"/>
    <tag k="addr:city" v="Worksop"/>
    <tag k="addr:housenumber" v="21"/>
    <tag k="addr:postcode" v="S81 9RA"/>
    <tag k="addr:street" v="Doncaster Road"/>
    <tag k="building" v="house"/>
    <tag k="ref:GB:uprn" v="200000663932"/>
  </way>
  <way id="1303249696" version="4" timestamp="2025-09-21T23:28:17Z" changeset="172269123" uid="8857" user="philipcullen">
    <nd ref="12069661871"/>
    <nd ref="12069661868"/>
    <nd ref="12069661867"/>
    <nd ref="12069661870"/>
    <nd ref="12069661871"/>
    <tag k="addr:city" v="Worksop"/>
    <tag k="addr:housenumber" v="28"/>
    <tag k="addr:postcode" v="S81 9RA"/>
    <tag k="addr:street" v="Doncaster Road"/>
    <tag k="building" v="house"/>
    <tag k="ref:GB:uprn" v="200000663939"/>
  </way>
  <way id="1303249697" version="4" timestamp="2025-09-21T23:28:17Z" changeset="172269123" uid="8857" user="philipcullen">
    <nd ref="12069661872"/>
    <nd ref="12069661871"/>
    <nd ref="12069661870"/>
    <nd ref="12069661869"/>
    <nd ref="12069661872"/>
    <tag k="addr:city" v="Worksop"/>
    <tag k="addr:housenumber" v="27"/>
    <tag k="addr:postcode" v="S81 9RA"/>
    <tag k="addr:street" v="Doncaster Road"/>
    <tag k="building" v="house"/>
    <tag k="ref:GB:uprn" v="200000663938"/>
  </way>
  <way id="1303249698" version="4" timestamp="2025-09-21T23:28:17Z" changeset="172269123" uid="8857" user="philipcullen">
    <nd ref="12069661874"/>
    <nd ref="12069661878"/>
    <nd ref="12069661877"/>
    <nd ref="12069661873"/>
    <nd ref="12069661874"/>
    <tag k="addr:city" v="Worksop"/>
    <tag k="addr:housenumber" v="24"/>
    <tag k="addr:postcode" v="S81 9RA"/>
    <tag k="addr:street" v="Doncaster Road"/>
    <tag k="building" v="house"/>
    <tag k="ref:GB:uprn" v="200000663935"/>
  </way>
  <way id="1303249699" version="4" timestamp="2025-09-21T23:28:17Z" changeset="172269123" uid="8857" user="philipcullen">
    <nd ref="12069661875"/>
    <nd ref="12069661874"/>
    <nd ref="12069661873"/>
    <nd ref="12069661876"/>
    <nd ref="12069661875"/>
    <tag k="addr:city" v="Worksop"/>
    <tag k="addr:housenumber" v="23"/>
    <tag k="addr:postcode" v="S81 9RA"/>
    <tag k="addr:street" v="Doncaster Road"/>
    <tag k="building" v="house"/>
    <tag k="ref:GB:uprn" v="200000663934"/>
  </way>
  <way id="1303249700" version="4" timestamp="2025-09-21T23:28:17Z" changeset="172269123" uid="8857" user="philipcullen">
    <nd ref="12069661883"/>
    <nd ref="12069661880"/>
    <nd ref="12069661879"/>
    <nd ref="12069661882"/>
    <nd ref="12069661883"/>
    <tag k="addr:city" v="Worksop"/>
    <tag k="addr:housenumber" v="26"/>
    <tag k="addr:postcode" v="S81 9RA"/>
    <tag k="addr:street" v="Doncaster Road"/>
    <tag k="building" v="house"/>
    <tag k="ref:GB:uprn" v="200000663937"/>
  </way>
  <way id="1303249701" version="4" timestamp="2025-09-21T23:28:17Z" changeset="172269123" uid="8857" user="philipcullen">
    <nd ref="12069661884"/>
    <nd ref="12069661883"/>
    <nd ref="12069661882"/>
    <nd ref="12069661881"/>
    <nd ref="12069661884"/>
    <tag k="addr:city" v="Worksop"/>
    <tag k="addr:housenumber" v="25"/>
    <tag k="addr:postcode" v="S81 9RA"/>
    <tag k="addr:street" v="Doncaster Road"/>
    <tag k="building" v="house"/>
    <tag k="ref:GB:uprn" v="200000663936"/>
  </way>
  <way id="1303249702" version="4" timestamp="2025-09-21T23:28:17Z" changeset="172269123" uid="8857" user="philipcullen">
    <nd ref="12069661889"/>
    <nd ref="12069661886"/>
    <nd ref="12069661885"/>
    <nd ref="12069661888"/>
    <nd ref="12069661889"/>
    <tag k="addr:city" v="Worksop"/>
    <tag k="addr:housenumber" v="30"/>
    <tag k="addr:postcode" v="S81 9RA"/>
    <tag k="addr:street" v="Doncaster Road"/>
    <tag k="building" v="house"/>
    <tag k="ref:GB:uprn" v="200000663941"/>
  </way>
  <way id="1303249703" version="4" timestamp="2025-09-21T23:28:17Z" changeset="172269123" uid="8857" user="philipcullen">
    <nd ref="12069661890"/>
    <nd ref="12069661889"/>
    <nd ref="12069661888"/>
    <nd ref="12069661887"/>
    <nd ref="12069661890"/>
    <tag k="addr:city" v="Worksop"/>
    <tag k="addr:housenumber" v="29"/>
    <tag k="addr:postcode" v="S81 9RA"/>
    <tag k="addr:street" v="Doncaster Road"/>
    <tag k="building" v="house"/>
    <tag k="ref:GB:uprn" v="200000663940"/>
  </way>
  <way id="1303249704" version="4" timestamp="2025-09-21T23:28:17Z" changeset="172269123" uid="8857" user="philipcullen">
    <nd ref="12069661895"/>
    <nd ref="12069661892"/>
    <nd ref="12069661891"/>
    <nd ref="12069661894"/>
    <nd ref="12069661895"/>
    <tag k="addr:city" v="Worksop"/>
    <tag k="addr:housenumber" v="32"/>
    <tag k="addr:postcode" v="S81 9RA"/>
    <tag k="addr:street" v="Doncaster Road"/>
    <tag k="building" v="house"/>
    <tag k="ref:GB:uprn" v="200000663943"/>
  </way>
  <way id="1303249705" version="4" timestamp="2025-09-21T23:28:17Z" changeset="172269123" uid="8857" user="philipcullen">
    <nd ref="12069661896"/>
    <nd ref="12069661895"/>
    <nd ref="12069661894"/>
    <nd ref="12069661893"/>
    <nd ref="12069661896"/>
    <tag k="addr:city" v="Worksop"/>
    <tag k="addr:housenumber" v="31"/>
    <tag k="addr:postcode" v="S81 9RA"/>
    <tag k="addr:street" v="Doncaster Road"/>
    <tag k="building" v="house"/>
    <tag k="ref:GB:uprn" v="200000663942"/>
  </way>
  <way id="1303249706" version="4" timestamp="2025-09-21T23:28:17Z" changeset="172269123" uid="8857" user="philipcullen">
    <nd ref="12069661901"/>
    <nd ref="12069661898"/>
    <nd ref="12069661897"/>
    <nd ref="12069661900"/>
    <nd ref="12069661901"/>
    <tag k="addr:city" v="Worksop"/>
    <tag k="addr:housenumber" v="33"/>
    <tag k="addr:postcode" v="S81 9RA"/>
    <tag k="addr:street" v="Doncaster Road"/>
    <tag k="building" v="house"/>
    <tag k="ref:GB:uprn" v="200000663944"/>
  </way>
  <way id="1303249708" version="4" timestamp="2025-09-21T23:28:17Z" changeset="172269123" uid="8857" user="philipcullen">
    <nd ref="12069661908"/>
    <nd ref="12069661907"/>
    <nd ref="12069661906"/>
    <nd ref="12069661905"/>
    <nd ref="12069661908"/>
    <tag k="addr:city" v="Worksop"/>
    <tag k="addr:housenumber" v="10"/>
    <tag k="addr:postcode" v="S81 9FG"/>
    <tag k="addr:street" v="Poppy Field Way"/>
    <tag k="building" v="house"/>
    <tag k="ref:GB:uprn" v="10093193256"/>
  </way>
  <way id="1303249709" version="4" timestamp="2025-09-21T23:28:17Z" changeset="172269123" uid="8857" user="philipcullen">
    <nd ref="12069661910"/>
    <nd ref="12069661913"/>
    <nd ref="12069661912"/>
    <nd ref="12069661909"/>
    <nd ref="12069661910"/>
    <tag k="addr:city" v="Worksop"/>
    <tag k="addr:housenumber" v="6"/>
    <tag k="addr:postcode" v="S81 9FG"/>
    <tag k="addr:street" v="Poppy Field Way"/>
    <tag k="building" v="house"/>
    <tag k="ref:GB:uprn" v="10093193258"/>
  </way>
  <way id="1303249710" version="4" timestamp="2025-09-21T23:28:17Z" changeset="172269123" uid="8857" user="philipcullen">
    <nd ref="12069661914"/>
    <nd ref="12069661910"/>
    <nd ref="12069661909"/>
    <nd ref="12069661911"/>
    <nd ref="12069661914"/>
    <tag k="addr:city" v="Worksop"/>
    <tag k="addr:housenumber" v="8"/>
    <tag k="addr:postcode" v="S81 9FG"/>
    <tag k="addr:street" v="Poppy Field Way"/>
    <tag k="building" v="house"/>
    <tag k="ref:GB:uprn" v="10093193257"/>
  </way>
  <way id="1303249711" version="4" timestamp="2025-09-21T23:28:17Z" changeset="172269123" uid="8857" user="philipcullen">
    <nd ref="12069661918"/>
    <nd ref="12069661915"/>
    <nd ref="12069661916"/>
    <nd ref="12069661917"/>
    <nd ref="12069661918"/>
    <tag k="addr:city" v="Worksop"/>
    <tag k="addr:housenumber" v="4"/>
    <tag k="addr:postcode" v="S81 9FG"/>
    <tag k="addr:street" v="Poppy Field Way"/>
    <tag k="building" v="house"/>
    <tag k="ref:GB:uprn" v="10093193259"/>
  </way>
  <way id="1303249712" version="4" timestamp="2025-09-21T23:28:17Z" changeset="172269123" uid="8857" user="philipcullen">
    <nd ref="12069661925"/>
    <nd ref="12069661922"/>
    <nd ref="12069661921"/>
    <nd ref="12069661920"/>
    <nd ref="12069661919"/>
    <nd ref="12069661923"/>
    <nd ref="12069661924"/>
    <nd ref="12069661925"/>
    <tag k="addr:city" v="Worksop"/>
    <tag k="addr:housenumber" v="2"/>
    <tag k="addr:postcode" v="S81 9FG"/>
    <tag k="addr:street" v="Poppy Field Way"/>
    <tag k="building" v="house"/>
    <tag k="ref:GB:uprn" v="10093193260"/>
  </way>
  <way id="1303249713" version="4" timestamp="2025-09-21T23:28:17Z" changeset="172269123" uid="8857" user="philipcullen">
    <nd ref="12069661929"/>
    <nd ref="12069661926"/>
    <nd ref="12069661927"/>
    <nd ref="12069661928"/>
    <nd ref="12069661929"/>
    <tag k="addr:city" v="Worksop"/>
    <tag k="addr:housenumber" v="12"/>
    <tag k="addr:postcode" v="S81 9FG"/>
    <tag k="addr:street" v="Poppy Field Way"/>
    <tag k="building" v="house"/>
    <tag k="ref:GB:uprn" v="10093193329"/>
  </way>
  <way id="1303249714" version="4" timestamp="2025-09-21T23:28:17Z" changeset="172269123" uid="8857" user="philipcullen">
    <nd ref="12069661933"/>
    <nd ref="12069661932"/>
    <nd ref="12069661931"/>
    <nd ref="12069661930"/>
    <nd ref="12069661933"/>
    <tag k="addr:city" v="Worksop"/>
    <tag k="addr:housenumber" v="26"/>
    <tag k="addr:postcode" v="S81 9FG"/>
    <tag k="addr:street" v="Poppy Field Way"/>
    <tag k="building" v="house"/>
    <tag k="ref:GB:uprn" v="10093193278"/>
  </way>
  <way id="1303249715" version="4" timestamp="2025-09-21T23:28:17Z" changeset="172269123" uid="8857" user="philipcullen">
    <nd ref="12069661937"/>
    <nd ref="12069661936"/>
    <nd ref="12069661935"/>
    <nd ref="12069661934"/>
    <nd ref="12069661937"/>
    <tag k="addr:city" v="Worksop"/>
    <tag k="addr:housenumber" v="24"/>
    <tag k="addr:postcode" v="S81 9FG"/>
    <tag k="addr:street" v="Poppy Field Way"/>
    <tag k="building" v="house"/>
    <tag k="ref:GB:uprn" v="10093193277"/>
  </way>
  <way id="1303249716" version="4" timestamp="2025-09-21T23:28:17Z" changeset="172269123" uid="8857" user="philipcullen">
    <nd ref="12069661941"/>
    <nd ref="12069661938"/>
    <nd ref="12069661939"/>
    <nd ref="12069661940"/>
    <nd ref="12069661941"/>
    <tag k="addr:city" v="Worksop"/>
    <tag k="addr:housenumber" v="22"/>
    <tag k="addr:postcode" v="S81 9FG"/>
    <tag k="addr:street" v="Poppy Field Way"/>
    <tag k="building" v="house"/>
    <tag k="ref:GB:uprn" v="10093193276"/>
  </way>
  <way id="1303249717" version="4" timestamp="2025-09-21T23:28:17Z" changeset="172269123" uid="8857" user="philipcullen">
    <nd ref="12069661945"/>
    <nd ref="12069661944"/>
    <nd ref="12069661943"/>
    <nd ref="12069661942"/>
    <nd ref="12069661945"/>
    <tag k="addr:city" v="Worksop"/>
    <tag k="addr:housenumber" v="20"/>
    <tag k="addr:postcode" v="S81 9FG"/>
    <tag k="addr:street" v="Poppy Field Way"/>
    <tag k="building" v="house"/>
    <tag k="ref:GB:uprn" v="10093193275"/>
  </way>
  <way id="1303249718" version="4" timestamp="2025-09-21T23:28:17Z" changeset="172269123" uid="8857" user="philipcullen">
    <nd ref="12069661952"/>
    <nd ref="12069661951"/>
    <nd ref="12069661950"/>
    <nd ref="12069661949"/>
    <nd ref="12069661948"/>
    <nd ref="12069661947"/>
    <nd ref="12069661946"/>
    <nd ref="12069661952"/>
    <tag k="addr:city" v="Worksop"/>
    <tag k="addr:housenumber" v="18"/>
    <tag k="addr:postcode" v="S81 9FG"/>
    <tag k="addr:street" v="Poppy Field Way"/>
    <tag k="building" v="house"/>
    <tag k="ref:GB:uprn" v="10093193274"/>
  </way>
  <way id="1303249719" version="4" timestamp="2025-09-21T23:28:17Z" changeset="172269123" uid="8857" user="philipcullen">
    <nd ref="12069661959"/>
    <nd ref="12069661955"/>
    <nd ref="12069661954"/>
    <nd ref="12069661953"/>
    <nd ref="12069661958"/>
    <nd ref="12069661957"/>
    <nd ref="12069661956"/>
    <nd ref="12069661959"/>
    <tag k="addr:city" v="Worksop"/>
    <tag k="addr:housenumber" v="16"/>
    <tag k="addr:postcode" v="S81 9FG"/>
    <tag k="addr:street" v="Poppy Field Way"/>
    <tag k="building" v="house"/>
    <tag k="ref:GB:uprn" v="10093193273"/>
  </way>
  <way id="1303249720" version="4" timestamp="2025-09-21T23:28:17Z" changeset="172269123" uid="8857" user="philipcullen">
    <nd ref="12069661963"/>
    <nd ref="12069661962"/>
    <nd ref="12069661961"/>
    <nd ref="12069661960"/>
    <nd ref="12069661963"/>
    <tag k="addr:city" v="Worksop"/>
    <tag k="addr:housenumber" v="14"/>
    <tag k="addr:postcode" v="S81 9FG"/>
    <tag k="addr:street" v="Poppy Field Way"/>
    <tag k="building" v="house"/>
    <tag k="ref:GB:uprn" v="10093193272"/>
  </way>
  <way id="1303249721" version="4" timestamp="2025-09-21T23:28:17Z" changeset="172269123" uid="8857" user="philipcullen">
    <nd ref="12069661975"/>
    <nd ref="12069661974"/>
    <nd ref="12069661966"/>
    <nd ref="12069661965"/>
    <nd ref="12069661964"/>
    <nd ref="12069661967"/>
    <nd ref="12069661973"/>
    <nd ref="12069661972"/>
    <nd ref="12069661975"/>
    <tag k="addr:city" v="Worksop"/>
    <tag k="addr:housenumber" v="4"/>
    <tag k="addr:postcode" v="S81 9FD"/>
    <tag k="addr:street" v="Redholme Close"/>
    <tag k="building" v="house"/>
    <tag k="ref:GB:uprn" v="10090591551"/>
  </way>
  <way id="1303249722" version="4" timestamp="2025-09-21T23:28:17Z" changeset="172269123" uid="8857" user="philipcullen">
    <nd ref="12069661971"/>
    <nd ref="12069661970"/>
    <nd ref="12069661969"/>
    <nd ref="12069661968"/>
    <nd ref="12069661971"/>
    <tag k="addr:city" v="Worksop"/>
    <tag k="addr:housenumber" v="5"/>
    <tag k="addr:postcode" v="S81 9FD"/>
    <tag k="addr:street" v="Redholme Close"/>
    <tag k="building" v="house"/>
    <tag k="ref:GB:uprn" v="10090591552"/>
  </way>
  <way id="1303249723" version="4" timestamp="2025-09-21T23:28:17Z" changeset="172269123" uid="8857" user="philipcullen">
    <nd ref="12069661979"/>
    <nd ref="12069661978"/>
    <nd ref="12069661977"/>
    <nd ref="12069661976"/>
    <nd ref="12069661979"/>
    <tag k="addr:city" v="Worksop"/>
    <tag k="addr:housenumber" v="3"/>
    <tag k="addr:postcode" v="S81 9FD"/>
    <tag k="addr:street" v="Redholme Close"/>
    <tag k="building" v="house"/>
    <tag k="ref:GB:uprn" v="10090591550"/>
  </way>
  <way id="1303249724" version="4" timestamp="2025-09-21T23:28:17Z" changeset="172269123" uid="8857" user="philipcullen">
    <nd ref="12069661983"/>
    <nd ref="12069661982"/>
    <nd ref="12069661981"/>
    <nd ref="12069661980"/>
    <nd ref="12069661983"/>
    <tag k="addr:city" v="Worksop"/>
    <tag k="addr:housenumber" v="2"/>
    <tag k="addr:postcode" v="S81 9FD"/>
    <tag k="addr:street" v="Redholme Close"/>
    <tag k="building" v="house"/>
    <tag k="ref:GB:uprn" v="10090591549"/>
  </way>
  <way id="1303249725" version="4" timestamp="2025-09-21T23:28:17Z" changeset="172269123" uid="8857" user="philipcullen">
    <nd ref="12069661987"/>
    <nd ref="12069661986"/>
    <nd ref="12069661985"/>
    <nd ref="12069661984"/>
    <nd ref="12069661987"/>
    <tag k="addr:city" v="Worksop"/>
    <tag k="addr:housenumber" v="1"/>
    <tag k="addr:postcode" v="S81 9FD"/>
    <tag k="addr:street" v="Redholme Close"/>
    <tag k="building" v="house"/>
    <tag k="ref:GB:uprn" v="10090591548"/>
  </way>
  <way id="1303249726" version="1" timestamp="2024-07-23T10:40:55Z" changeset="154300604" uid="12616743" user="BassetlawMapper">
    <nd ref="12069661994"/>
    <nd ref="12069661993"/>
    <nd ref="12069661992"/>
    <nd ref="12069661991"/>
    <nd ref="12069661990"/>
    <nd ref="12069661989"/>
    <nd ref="12069661988"/>
    <tag k="highway" v="residential"/>
    <tag k="name" v="Redholme Close"/>
  </way>
  <way id="1303249730" version="4" timestamp="2025-09-21T23:28:17Z" changeset="172269123" uid="8857" user="philipcullen">
    <nd ref="12069662037"/>
    <nd ref="12069662034"/>
    <nd ref="12069662033"/>
    <nd ref="12069662036"/>
    <nd ref="12069662037"/>
    <tag k="addr:city" v="Worksop"/>
    <tag k="addr:housenumber" v="51"/>
    <tag k="addr:postcode" v="S81 9FG"/>
    <tag k="addr:street" v="Poppy Field Way"/>
    <tag k="building" v="house"/>
    <tag k="ref:GB:uprn" v="10093193290"/>
  </way>
  <way id="1303249731" version="4" timestamp="2025-09-21T23:28:17Z" changeset="172269123" uid="8857" user="philipcullen">
    <nd ref="12069662038"/>
    <nd ref="12069662037"/>
    <nd ref="12069662036"/>
    <nd ref="12069662035"/>
    <nd ref="12069662038"/>
    <tag k="addr:city" v="Worksop"/>
    <tag k="addr:housenumber" v="49"/>
    <tag k="addr:postcode" v="S81 9FG"/>
    <tag k="addr:street" v="Poppy Field Way"/>
    <tag k="building" v="house"/>
    <tag k="ref:GB:uprn" v="10093193291"/>
  </way>
  <way id="1303249732" version="4" timestamp="2025-09-21T23:28:17Z" changeset="172269123" uid="8857" user="philipcullen">
    <nd ref="12069662040"/>
    <nd ref="12069662043"/>
    <nd ref="12069662042"/>
    <nd ref="12069662039"/>
    <nd ref="12069662040"/>
    <tag k="addr:city" v="Worksop"/>
    <tag k="addr:housenumber" v="47"/>
    <tag k="addr:postcode" v="S81 9FG"/>
    <tag k="addr:street" v="Poppy Field Way"/>
    <tag k="building" v="house"/>
    <tag k="ref:GB:uprn" v="10093193292"/>
  </way>
  <way id="1303249733" version="4" timestamp="2025-09-21T23:28:17Z" changeset="172269123" uid="8857" user="philipcullen">
    <nd ref="12069662044"/>
    <nd ref="12069662040"/>
    <nd ref="12069662039"/>
    <nd ref="12069662041"/>
    <nd ref="12069662044"/>
    <tag k="addr:city" v="Worksop"/>
    <tag k="addr:housenumber" v="45"/>
    <tag k="addr:postcode" v="S81 9FG"/>
    <tag k="addr:street" v="Poppy Field Way"/>
    <tag k="building" v="house"/>
    <tag k="ref:GB:uprn" v="10093193293"/>
  </way>
  <way id="1303249739" version="4" timestamp="2025-09-21T23:28:17Z" changeset="172269123" uid="8857" user="philipcullen">
    <nd ref="12069662072"/>
    <nd ref="12069662068"/>
    <nd ref="12069662067"/>
    <nd ref="12069662069"/>
    <nd ref="12069662072"/>
    <tag k="addr:city" v="Worksop"/>
    <tag k="addr:housenumber" v="43"/>
    <tag k="addr:postcode" v="S81 9FG"/>
    <tag k="addr:street" v="Poppy Field Way"/>
    <tag k="building" v="house"/>
    <tag k="ref:GB:uprn" v="10093193358"/>
  </way>
  <way id="1303249740" version="4" timestamp="2025-09-21T23:28:17Z" changeset="172269123" uid="8857" user="philipcullen">
    <nd ref="12069662079"/>
    <nd ref="12069662076"/>
    <nd ref="12069662073"/>
    <nd ref="12069662074"/>
    <nd ref="12069662075"/>
    <nd ref="12069662077"/>
    <nd ref="12069662078"/>
    <nd ref="12069662079"/>
    <tag k="addr:city" v="Worksop"/>
    <tag k="addr:housenumber" v="41"/>
    <tag k="addr:postcode" v="S81 9FG"/>
    <tag k="addr:street" v="Poppy Field Way"/>
    <tag k="building" v="house"/>
    <tag k="ref:GB:uprn" v="10093193357"/>
  </way>
  <way id="1303249741" version="4" timestamp="2025-09-21T23:28:17Z" changeset="172269123" uid="8857" user="philipcullen">
    <nd ref="12069662090"/>
    <nd ref="12069662087"/>
    <nd ref="12069662086"/>
    <nd ref="12069662089"/>
    <nd ref="12069662090"/>
    <tag k="addr:city" v="Worksop"/>
    <tag k="addr:housenumber" v="39"/>
    <tag k="addr:postcode" v="S81 9FG"/>
    <tag k="addr:street" v="Poppy Field Way"/>
    <tag k="building" v="house"/>
    <tag k="ref:GB:uprn" v="10093193356"/>
  </way>
  <way id="1303249742" version="4" timestamp="2025-09-21T23:28:17Z" changeset="172269123" uid="8857" user="philipcullen">
    <nd ref="12069662091"/>
    <nd ref="12069662090"/>
    <nd ref="12069662089"/>
    <nd ref="12069662088"/>
    <nd ref="12069662091"/>
    <tag k="addr:city" v="Worksop"/>
    <tag k="addr:housenumber" v="37"/>
    <tag k="addr:postcode" v="S81 9FG"/>
    <tag k="addr:street" v="Poppy Field Way"/>
    <tag k="building" v="house"/>
    <tag k="ref:GB:uprn" v="10093193355"/>
  </way>
  <way id="1303249743" version="4" timestamp="2025-09-21T23:28:17Z" changeset="172269123" uid="8857" user="philipcullen">
    <nd ref="12069662096"/>
    <nd ref="12069662093"/>
    <nd ref="12069662092"/>
    <nd ref="12069662095"/>
    <nd ref="12069662096"/>
    <tag k="addr:city" v="Worksop"/>
    <tag k="addr:housenumber" v="35"/>
    <tag k="addr:postcode" v="S81 9FG"/>
    <tag k="addr:street" v="Poppy Field Way"/>
    <tag k="building" v="house"/>
    <tag k="ref:GB:uprn" v="10093193354"/>
  </way>
  <way id="1303249744" version="4" timestamp="2025-09-21T23:28:17Z" changeset="172269123" uid="8857" user="philipcullen">
    <nd ref="12069662097"/>
    <nd ref="12069662096"/>
    <nd ref="12069662095"/>
    <nd ref="12069662094"/>
    <nd ref="12069662097"/>
    <tag k="addr:city" v="Worksop"/>
    <tag k="addr:housenumber" v="33"/>
    <tag k="addr:postcode" v="S81 9FG"/>
    <tag k="addr:street" v="Poppy Field Way"/>
    <tag k="building" v="house"/>
    <tag k="ref:GB:uprn" v="10093193353"/>
  </way>
  <way id="1303249745" version="4" timestamp="2025-09-21T23:28:17Z" changeset="172269123" uid="8857" user="philipcullen">
    <nd ref="12069662099"/>
    <nd ref="12069662100"/>
    <nd ref="12069662101"/>
    <nd ref="12069662098"/>
    <nd ref="12069662099"/>
    <tag k="addr:city" v="Worksop"/>
    <tag k="addr:housenumber" v="31"/>
    <tag k="addr:postcode" v="S81 9FG"/>
    <tag k="addr:street" v="Poppy Field Way"/>
    <tag k="building" v="house"/>
    <tag k="ref:GB:uprn" v="10093193352"/>
  </way>
  <way id="1303249746" version="4" timestamp="2025-09-21T23:28:17Z" changeset="172269123" uid="8857" user="philipcullen">
    <nd ref="12069662103"/>
    <nd ref="12069662099"/>
    <nd ref="12069662098"/>
    <nd ref="12069662102"/>
    <nd ref="12069662103"/>
    <tag k="addr:city" v="Worksop"/>
    <tag k="addr:housenumber" v="29"/>
    <tag k="addr:postcode" v="S81 9FG"/>
    <tag k="addr:street" v="Poppy Field Way"/>
    <tag k="building" v="house"/>
    <tag k="ref:GB:uprn" v="10093193351"/>
  </way>
  <way id="1303249747" version="4" timestamp="2025-09-21T23:28:17Z" changeset="172269123" uid="8857" user="philipcullen">
    <nd ref="12069662111"/>
    <nd ref="12069662110"/>
    <nd ref="12069662109"/>
    <nd ref="12069662108"/>
    <nd ref="12069662107"/>
    <nd ref="12069662106"/>
    <nd ref="12069662105"/>
    <nd ref="12069662104"/>
    <nd ref="12069662111"/>
    <tag k="addr:city" v="Worksop"/>
    <tag k="addr:housenumber" v="27"/>
    <tag k="addr:postcode" v="S81 9FG"/>
    <tag k="addr:street" v="Poppy Field Way"/>
    <tag k="building" v="house"/>
    <tag k="ref:GB:uprn" v="10093193350"/>
  </way>
  <way id="1303249748" version="4" timestamp="2025-09-21T23:28:17Z" changeset="172269123" uid="8857" user="philipcullen">
    <nd ref="12069662119"/>
    <nd ref="12069662118"/>
    <nd ref="12069662117"/>
    <nd ref="12069662115"/>
    <nd ref="12069662112"/>
    <nd ref="12069662113"/>
    <nd ref="12069662114"/>
    <nd ref="12069662116"/>
    <nd ref="12069662119"/>
    <tag k="addr:city" v="Worksop"/>
    <tag k="addr:housenumber" v="25"/>
    <tag k="addr:postcode" v="S81 9FG"/>
    <tag k="addr:street" v="Poppy Field Way"/>
    <tag k="building" v="house"/>
    <tag k="ref:GB:uprn" v="10093193349"/>
  </way>
  <way id="1303249749" version="4" timestamp="2025-09-21T23:28:17Z" changeset="172269123" uid="8857" user="philipcullen">
    <nd ref="12069662123"/>
    <nd ref="12069662124"/>
    <nd ref="12069662121"/>
    <nd ref="12069662120"/>
    <nd ref="12069662123"/>
    <tag k="addr:city" v="Worksop"/>
    <tag k="addr:housenumber" v="23"/>
    <tag k="addr:postcode" v="S81 9FG"/>
    <tag k="addr:street" v="Poppy Field Way"/>
    <tag k="building" v="house"/>
    <tag k="ref:GB:uprn" v="10093193348"/>
  </way>
  <way id="1303249751" version="4" timestamp="2025-09-21T23:28:17Z" changeset="172269123" uid="8857" user="philipcullen">
    <nd ref="12069662129"/>
    <nd ref="12069662128"/>
    <nd ref="12069662127"/>
    <nd ref="12069662126"/>
    <nd ref="12069662129"/>
    <tag k="addr:city" v="Worksop"/>
    <tag k="addr:housenumber" v="21"/>
    <tag k="addr:postcode" v="S81 9FG"/>
    <tag k="addr:street" v="Poppy Field Way"/>
    <tag k="building" v="house"/>
    <tag k="ref:GB:uprn" v="10093193346"/>
  </way>
  <way id="1303249752" version="4" timestamp="2025-09-21T23:28:17Z" changeset="172269123" uid="8857" user="philipcullen">
    <nd ref="12069662133"/>
    <nd ref="12069662130"/>
    <nd ref="12069662131"/>
    <nd ref="12069662132"/>
    <nd ref="12069662133"/>
    <tag k="addr:city" v="Worksop"/>
    <tag k="addr:housenumber" v="19"/>
    <tag k="addr:postcode" v="S81 9FG"/>
    <tag k="addr:street" v="Poppy Field Way"/>
    <tag k="building" v="house"/>
    <tag k="ref:GB:uprn" v="10093193345"/>
  </way>
  <way id="1303249753" version="4" timestamp="2025-09-21T23:28:17Z" changeset="172269123" uid="8857" user="philipcullen">
    <nd ref="12069662138"/>
    <nd ref="12069662139"/>
    <nd ref="12069662140"/>
    <nd ref="12069662137"/>
    <nd ref="12069662136"/>
    <nd ref="12069662135"/>
    <nd ref="12069662134"/>
    <nd ref="12069662138"/>
    <tag k="addr:city" v="Worksop"/>
    <tag k="addr:housenumber" v="15"/>
    <tag k="addr:postcode" v="S81 9FG"/>
    <tag k="addr:street" v="Poppy Field Way"/>
    <tag k="building" v="house"/>
    <tag k="ref:GB:uprn" v="10093193334"/>
  </way>
  <way id="1303249754" version="4" timestamp="2025-09-21T23:28:17Z" changeset="172269123" uid="8857" user="philipcullen">
    <nd ref="12069662144"/>
    <nd ref="12069662143"/>
    <nd ref="12069662142"/>
    <nd ref="12069662141"/>
    <nd ref="12069662144"/>
    <tag k="addr:city" v="Worksop"/>
    <tag k="addr:housenumber" v="13"/>
    <tag k="addr:postcode" v="S81 9FG"/>
    <tag k="addr:street" v="Poppy Field Way"/>
    <tag k="building" v="house"/>
    <tag k="ref:GB:uprn" v="10093193333"/>
  </way>
  <way id="1303249755" version="4" timestamp="2025-09-21T23:28:17Z" changeset="172269123" uid="8857" user="philipcullen">
    <nd ref="12069662148"/>
    <nd ref="12069662147"/>
    <nd ref="12069662146"/>
    <nd ref="12069662145"/>
    <nd ref="12069662148"/>
    <tag k="addr:city" v="Worksop"/>
    <tag k="addr:housenumber" v="11"/>
    <tag k="addr:postcode" v="S81 9FG"/>
    <tag k="addr:street" v="Poppy Field Way"/>
    <tag k="building" v="house"/>
    <tag k="ref:GB:uprn" v="10093193332"/>
  </way>
  <way id="1303249756" version="4" timestamp="2025-09-21T23:28:17Z" changeset="172269123" uid="8857" user="philipcullen">
    <nd ref="12069662152"/>
    <nd ref="12069662151"/>
    <nd ref="12069662150"/>
    <nd ref="12069662149"/>
    <nd ref="12069662152"/>
    <tag k="addr:city" v="Worksop"/>
    <tag k="addr:housenumber" v="9"/>
    <tag k="addr:postcode" v="S81 9FG"/>
    <tag k="addr:street" v="Poppy Field Way"/>
    <tag k="building" v="house"/>
    <tag k="ref:GB:uprn" v="10093193330"/>
  </way>
  <way id="1303249757" version="4" timestamp="2025-09-21T23:28:17Z" changeset="172269123" uid="8857" user="philipcullen">
    <nd ref="12069662156"/>
    <nd ref="12069662155"/>
    <nd ref="12069662154"/>
    <nd ref="12069662153"/>
    <nd ref="12069662156"/>
    <tag k="addr:city" v="Worksop"/>
    <tag k="addr:housenumber" v="7"/>
    <tag k="addr:postcode" v="S81 9FG"/>
    <tag k="addr:street" v="Poppy Field Way"/>
    <tag k="building" v="house"/>
    <tag k="ref:GB:uprn" v="10093193331"/>
  </way>
  <way id="1303249758" version="4" timestamp="2025-09-21T23:28:17Z" changeset="172269123" uid="8857" user="philipcullen">
    <nd ref="12069662158"/>
    <nd ref="12069662163"/>
    <nd ref="12069662162"/>
    <nd ref="12069662157"/>
    <nd ref="12069662158"/>
    <tag k="addr:city" v="Worksop"/>
    <tag k="addr:housenumber" v="5"/>
    <tag k="addr:postcode" v="S81 9FG"/>
    <tag k="addr:street" v="Poppy Field Way"/>
    <tag k="building" v="house"/>
    <tag k="ref:GB:uprn" v="10093193261"/>
  </way>
  <way id="1303249759" version="4" timestamp="2025-09-21T23:28:17Z" changeset="172269123" uid="8857" user="philipcullen">
    <nd ref="12069662160"/>
    <nd ref="12069662158"/>
    <nd ref="12069662157"/>
    <nd ref="12069662159"/>
    <nd ref="12069662160"/>
    <tag k="addr:city" v="Worksop"/>
    <tag k="addr:housenumber" v="3"/>
    <tag k="addr:postcode" v="S81 9FG"/>
    <tag k="addr:street" v="Poppy Field Way"/>
    <tag k="building" v="house"/>
    <tag k="ref:GB:uprn" v="10093193262"/>
  </way>
  <way id="1303249760" version="4" timestamp="2025-09-21T23:28:17Z" changeset="172269123" uid="8857" user="philipcullen">
    <nd ref="12069662164"/>
    <nd ref="12069662160"/>
    <nd ref="12069662159"/>
    <nd ref="12069662161"/>
    <nd ref="12069662164"/>
    <tag k="addr:city" v="Worksop"/>
    <tag k="addr:housenumber" v="1"/>
    <tag k="addr:postcode" v="S81 9FG"/>
    <tag k="addr:street" v="Poppy Field Way"/>
    <tag k="building" v="house"/>
    <tag k="ref:GB:uprn" v="10093193263"/>
  </way>
  <way id="1303249761" version="4" timestamp="2025-09-21T23:28:17Z" changeset="172269123" uid="8857" user="philipcullen">
    <nd ref="12069662168"/>
    <nd ref="12069662167"/>
    <nd ref="12069662166"/>
    <nd ref="12069662165"/>
    <nd ref="12069662168"/>
    <tag k="addr:city" v="Worksop"/>
    <tag k="addr:housenumber" v="14"/>
    <tag k="addr:postcode" v="S81 9FF"/>
    <tag k="addr:street" v="Harebell Grove"/>
    <tag k="building" v="house"/>
    <tag k="ref:GB:uprn" v="10093193344"/>
  </way>
  <way id="1303249762" version="4" timestamp="2025-09-21T23:28:17Z" changeset="172269123" uid="8857" user="philipcullen">
    <nd ref="12069662172"/>
    <nd ref="12069662169"/>
    <nd ref="12069662170"/>
    <nd ref="12069662171"/>
    <nd ref="12069662172"/>
    <tag k="addr:city" v="Worksop"/>
    <tag k="addr:housenumber" v="12"/>
    <tag k="addr:postcode" v="S81 9FF"/>
    <tag k="addr:street" v="Harebell Grove"/>
    <tag k="building" v="house"/>
    <tag k="ref:GB:uprn" v="10093193343"/>
  </way>
  <way id="1303249763" version="4" timestamp="2025-09-21T23:28:17Z" changeset="172269123" uid="8857" user="philipcullen">
    <nd ref="12069662176"/>
    <nd ref="12069662173"/>
    <nd ref="12069662174"/>
    <nd ref="12069662175"/>
    <nd ref="12069662176"/>
    <tag k="addr:city" v="Worksop"/>
    <tag k="addr:housenumber" v="10"/>
    <tag k="addr:postcode" v="S81 9FF"/>
    <tag k="addr:street" v="Harebell Grove"/>
    <tag k="building" v="house"/>
    <tag k="ref:GB:uprn" v="10093193342"/>
  </way>
  <way id="1303249764" version="4" timestamp="2025-09-21T23:28:17Z" changeset="172269123" uid="8857" user="philipcullen">
    <nd ref="12069662183"/>
    <nd ref="12069662186"/>
    <nd ref="12069662177"/>
    <nd ref="12069662178"/>
    <nd ref="12069662179"/>
    <nd ref="12069662185"/>
    <nd ref="12069662184"/>
    <nd ref="12069662182"/>
    <nd ref="12069662181"/>
    <nd ref="12069662180"/>
    <nd ref="12069662183"/>
    <tag k="addr:city" v="Worksop"/>
    <tag k="addr:housenumber" v="8"/>
    <tag k="addr:postcode" v="S81 9FF"/>
    <tag k="addr:street" v="Harebell Grove"/>
    <tag k="building" v="house"/>
    <tag k="ref:GB:uprn" v="10093193341"/>
  </way>
  <way id="1303249765" version="4" timestamp="2025-09-21T23:28:17Z" changeset="172269123" uid="8857" user="philipcullen">
    <nd ref="12069662190"/>
    <nd ref="12069662187"/>
    <nd ref="12069662188"/>
    <nd ref="12069662189"/>
    <nd ref="12069662190"/>
    <tag k="addr:city" v="Worksop"/>
    <tag k="addr:housenumber" v="6"/>
    <tag k="addr:postcode" v="S81 9FF"/>
    <tag k="addr:street" v="Harebell Grove"/>
    <tag k="building" v="house"/>
    <tag k="ref:GB:uprn" v="10093193340"/>
  </way>
  <way id="1303249766" version="4" timestamp="2025-09-21T23:28:17Z" changeset="172269123" uid="8857" user="philipcullen">
    <nd ref="12069662194"/>
    <nd ref="12069662191"/>
    <nd ref="12069662192"/>
    <nd ref="12069662193"/>
    <nd ref="12069662194"/>
    <tag k="addr:city" v="Worksop"/>
    <tag k="addr:housenumber" v="4"/>
    <tag k="addr:postcode" v="S81 9FF"/>
    <tag k="addr:street" v="Harebell Grove"/>
    <tag k="building" v="house"/>
    <tag k="ref:GB:uprn" v="10093193339"/>
  </way>
  <way id="1303249767" version="4" timestamp="2025-09-21T23:28:17Z" changeset="172269123" uid="8857" user="philipcullen">
    <nd ref="12069662196"/>
    <nd ref="12069662200"/>
    <nd ref="12069662197"/>
    <nd ref="12069662195"/>
    <nd ref="12069662196"/>
    <tag k="addr:city" v="Worksop"/>
    <tag k="addr:housenumber" v="2"/>
    <tag k="addr:postcode" v="S81 9FF"/>
    <tag k="addr:street" v="Harebell Grove"/>
    <tag k="building" v="house"/>
    <tag k="ref:GB:uprn" v="10093193338"/>
  </way>
  <way id="1303249768" version="4" timestamp="2025-09-21T23:28:17Z" changeset="172269123" uid="8857" user="philipcullen">
    <nd ref="12069662199"/>
    <nd ref="12069662196"/>
    <nd ref="12069662195"/>
    <nd ref="12069662198"/>
    <nd ref="12069662199"/>
    <tag k="addr:city" v="Worksop"/>
    <tag k="addr:housenumber" v="17"/>
    <tag k="addr:postcode" v="S81 9FG"/>
    <tag k="addr:street" v="Poppy Field Way"/>
    <tag k="building" v="house"/>
    <tag k="ref:GB:uprn" v="10093193337"/>
  </way>
  <way id="1303249769" version="4" timestamp="2025-09-21T23:28:17Z" changeset="172269123" uid="8857" user="philipcullen">
    <nd ref="12069662204"/>
    <nd ref="12069662203"/>
    <nd ref="12069662202"/>
    <nd ref="12069662201"/>
    <nd ref="12069662204"/>
    <tag k="addr:city" v="Worksop"/>
    <tag k="addr:housenumber" v="11"/>
    <tag k="addr:postcode" v="S81 9FF"/>
    <tag k="addr:street" v="Harebell Grove"/>
    <tag k="building" v="house"/>
    <tag k="ref:GB:uprn" v="10093193264"/>
  </way>
  <way id="1303249770" version="4" timestamp="2025-09-21T23:28:17Z" changeset="172269123" uid="8857" user="philipcullen">
    <nd ref="12069662208"/>
    <nd ref="12069662205"/>
    <nd ref="12069662206"/>
    <nd ref="12069662207"/>
    <nd ref="12069662208"/>
    <tag k="addr:city" v="Worksop"/>
    <tag k="addr:housenumber" v="9"/>
    <tag k="addr:postcode" v="S81 9FF"/>
    <tag k="addr:street" v="Harebell Grove"/>
    <tag k="building" v="house"/>
    <tag k="ref:GB:uprn" v="10093193265"/>
  </way>
  <way id="1303249771" version="4" timestamp="2025-09-21T23:28:17Z" changeset="172269123" uid="8857" user="philipcullen">
    <nd ref="12069662218"/>
    <nd ref="12069662219"/>
    <nd ref="12069662215"/>
    <nd ref="12069662213"/>
    <nd ref="12069662210"/>
    <nd ref="12069662211"/>
    <nd ref="12069662212"/>
    <nd ref="12069662214"/>
    <nd ref="12069662218"/>
    <tag k="addr:city" v="Worksop"/>
    <tag k="addr:housenumber" v="7"/>
    <tag k="addr:postcode" v="S81 9FF"/>
    <tag k="addr:street" v="Harebell Grove"/>
    <tag k="building" v="house"/>
    <tag k="ref:GB:uprn" v="10093193266"/>
  </way>
  <way id="1303249772" version="4" timestamp="2025-09-21T23:28:17Z" changeset="172269123" uid="8857" user="philipcullen">
    <nd ref="12069662219"/>
    <nd ref="12069662218"/>
    <nd ref="12069662217"/>
    <nd ref="12069662216"/>
    <nd ref="12069662219"/>
    <tag k="addr:city" v="Worksop"/>
    <tag k="addr:housenumber" v="5"/>
    <tag k="addr:postcode" v="S81 9FF"/>
    <tag k="addr:street" v="Harebell Grove"/>
    <tag k="building" v="house"/>
    <tag k="ref:GB:uprn" v="10093193267"/>
  </way>
  <way id="1303249773" version="4" timestamp="2025-09-21T23:28:17Z" changeset="172269123" uid="8857" user="philipcullen">
    <nd ref="12069662223"/>
    <nd ref="12069662222"/>
    <nd ref="12069662221"/>
    <nd ref="12069662220"/>
    <nd ref="12069662223"/>
    <tag k="addr:city" v="Worksop"/>
    <tag k="addr:housenumber" v="3"/>
    <tag k="addr:postcode" v="S81 9FF"/>
    <tag k="addr:street" v="Harebell Grove"/>
    <tag k="building" v="house"/>
    <tag k="ref:GB:uprn" v="10093193336"/>
  </way>
  <way id="1303249774" version="4" timestamp="2025-09-21T23:28:17Z" changeset="172269123" uid="8857" user="philipcullen">
    <nd ref="12069662227"/>
    <nd ref="12069662226"/>
    <nd ref="12069662225"/>
    <nd ref="12069662224"/>
    <nd ref="12069662227"/>
    <tag k="addr:city" v="Worksop"/>
    <tag k="addr:housenumber" v="1"/>
    <tag k="addr:postcode" v="S81 9FF"/>
    <tag k="addr:street" v="Harebell Grove"/>
    <tag k="building" v="house"/>
    <tag k="ref:GB:uprn" v="10093193335"/>
  </way>
  <way id="1303249775" version="4" timestamp="2025-09-21T23:28:17Z" changeset="172269123" uid="8857" user="philipcullen">
    <nd ref="12069662234"/>
    <nd ref="12069662233"/>
    <nd ref="12069662232"/>
    <nd ref="12069662228"/>
    <nd ref="12069662229"/>
    <nd ref="12069662230"/>
    <nd ref="12069662231"/>
    <nd ref="12069662234"/>
    <tag k="addr:city" v="Worksop"/>
    <tag k="addr:housenumber" v="3"/>
    <tag k="addr:postcode" v="S81 9FA"/>
    <tag k="addr:street" v="Cowslip Drive"/>
    <tag k="building" v="house"/>
    <tag k="ref:GB:uprn" v="10093193270"/>
  </way>
  <way id="1303249776" version="4" timestamp="2025-09-21T23:28:17Z" changeset="172269123" uid="8857" user="philipcullen">
    <nd ref="12069662236"/>
    <nd ref="12069662240"/>
    <nd ref="12069662237"/>
    <nd ref="12069662235"/>
    <nd ref="12069662236"/>
    <tag k="addr:city" v="Worksop"/>
    <tag k="addr:housenumber" v="5"/>
    <tag k="addr:postcode" v="S81 9FA"/>
    <tag k="addr:street" v="Cowslip Drive"/>
    <tag k="building" v="house"/>
    <tag k="ref:GB:uprn" v="10093193269"/>
  </way>
  <way id="1303249777" version="4" timestamp="2025-09-21T23:28:17Z" changeset="172269123" uid="8857" user="philipcullen">
    <nd ref="12069662240"/>
    <nd ref="12069662239"/>
    <nd ref="12069662238"/>
    <nd ref="12069662237"/>
    <nd ref="12069662240"/>
    <tag k="addr:city" v="Worksop"/>
    <tag k="addr:housenumber" v="7"/>
    <tag k="addr:postcode" v="S81 9FA"/>
    <tag k="addr:street" v="Cowslip Drive"/>
    <tag k="building" v="house"/>
    <tag k="ref:GB:uprn" v="10093193268"/>
  </way>
  <way id="1303249778" version="4" timestamp="2025-09-21T23:28:17Z" changeset="172269123" uid="8857" user="philipcullen">
    <nd ref="12069662247"/>
    <nd ref="12069662244"/>
    <nd ref="12069662242"/>
    <nd ref="12069662241"/>
    <nd ref="12069662243"/>
    <nd ref="12069662245"/>
    <nd ref="12069662246"/>
    <nd ref="12069662247"/>
    <tag k="addr:city" v="Worksop"/>
    <tag k="addr:housenumber" v="1"/>
    <tag k="addr:postcode" v="S81 9FA"/>
    <tag k="addr:street" v="Cowslip Drive"/>
    <tag k="building" v="house"/>
    <tag k="ref:GB:uprn" v="10093193271"/>
  </way>
  <way id="1303249779" version="4" timestamp="2025-09-21T23:28:17Z" changeset="172269123" uid="8857" user="philipcullen">
    <nd ref="12069662249"/>
    <nd ref="12069662256"/>
    <nd ref="12069662255"/>
    <nd ref="12069662248"/>
    <nd ref="12069662249"/>
    <tag k="addr:city" v="Worksop"/>
    <tag k="addr:housenumber" v="14"/>
    <tag k="addr:postcode" v="S81 9FA"/>
    <tag k="addr:street" v="Cowslip Drive"/>
    <tag k="building" v="house"/>
    <tag k="ref:GB:uprn" v="10093193322"/>
  </way>
  <way id="1303249780" version="4" timestamp="2025-09-21T23:28:17Z" changeset="172269123" uid="8857" user="philipcullen">
    <nd ref="12069662251"/>
    <nd ref="12069662249"/>
    <nd ref="12069662248"/>
    <nd ref="12069662250"/>
    <nd ref="12069662251"/>
    <tag k="addr:city" v="Worksop"/>
    <tag k="addr:housenumber" v="12"/>
    <tag k="addr:postcode" v="S81 9FA"/>
    <tag k="addr:street" v="Cowslip Drive"/>
    <tag k="building" v="house"/>
    <tag k="ref:GB:uprn" v="10093193323"/>
  </way>
  <way id="1303249781" version="4" timestamp="2025-09-21T23:28:17Z" changeset="172269123" uid="8857" user="philipcullen">
    <nd ref="12069662253"/>
    <nd ref="12069662251"/>
    <nd ref="12069662250"/>
    <nd ref="12069662252"/>
    <nd ref="12069662253"/>
    <tag k="addr:city" v="Worksop"/>
    <tag k="addr:housenumber" v="10"/>
    <tag k="addr:postcode" v="S81 9FA"/>
    <tag k="addr:street" v="Cowslip Drive"/>
    <tag k="building" v="house"/>
    <tag k="ref:GB:uprn" v="10093193324"/>
  </way>
  <way id="1303249782" version="4" timestamp="2025-09-21T23:28:17Z" changeset="172269123" uid="8857" user="philipcullen">
    <nd ref="12069662257"/>
    <nd ref="12069662253"/>
    <nd ref="12069662252"/>
    <nd ref="12069662254"/>
    <nd ref="12069662257"/>
    <tag k="addr:city" v="Worksop"/>
    <tag k="addr:housenumber" v="8"/>
    <tag k="addr:postcode" v="S81 9FA"/>
    <tag k="addr:street" v="Cowslip Drive"/>
    <tag k="building" v="house"/>
    <tag k="ref:GB:uprn" v="10093193325"/>
  </way>
  <way id="1303249783" version="4" timestamp="2025-09-21T23:28:17Z" changeset="172269123" uid="8857" user="philipcullen">
    <nd ref="12069662259"/>
    <nd ref="12069662264"/>
    <nd ref="12069662263"/>
    <nd ref="12069662258"/>
    <nd ref="12069662259"/>
    <tag k="addr:city" v="Worksop"/>
    <tag k="addr:housenumber" v="6"/>
    <tag k="addr:postcode" v="S81 9FA"/>
    <tag k="addr:street" v="Cowslip Drive"/>
    <tag k="building" v="house"/>
    <tag k="ref:GB:uprn" v="10093193326"/>
  </way>
  <way id="1303249784" version="4" timestamp="2025-09-21T23:28:17Z" changeset="172269123" uid="8857" user="philipcullen">
    <nd ref="12069662261"/>
    <nd ref="12069662259"/>
    <nd ref="12069662258"/>
    <nd ref="12069662260"/>
    <nd ref="12069662261"/>
    <tag k="addr:city" v="Worksop"/>
    <tag k="addr:housenumber" v="4"/>
    <tag k="addr:postcode" v="S81 9FA"/>
    <tag k="addr:street" v="Cowslip Drive"/>
    <tag k="building" v="house"/>
    <tag k="ref:GB:uprn" v="10093193327"/>
  </way>
  <way id="1303249785" version="4" timestamp="2025-09-21T23:28:17Z" changeset="172269123" uid="8857" user="philipcullen">
    <nd ref="12069662265"/>
    <nd ref="12069662261"/>
    <nd ref="12069662260"/>
    <nd ref="12069662262"/>
    <nd ref="12069662265"/>
    <tag k="addr:city" v="Worksop"/>
    <tag k="addr:housenumber" v="2"/>
    <tag k="addr:postcode" v="S81 9FA"/>
    <tag k="addr:street" v="Cowslip Drive"/>
    <tag k="building" v="house"/>
    <tag k="ref:GB:uprn" v="10093193328"/>
  </way>
  <way id="1303294279" version="4" timestamp="2025-09-21T23:28:17Z" changeset="172269123" uid="8857" user="philipcullen">
    <nd ref="12070042314"/>
    <nd ref="12070042312"/>
    <nd ref="12070042313"/>
    <nd ref="12070042338"/>
    <nd ref="12070042342"/>
    <nd ref="12070042339"/>
    <nd ref="12070042315"/>
    <nd ref="12070042314"/>
    <tag k="addr:city" v="Worksop"/>
    <tag k="addr:housenumber" v="32"/>
    <tag k="addr:postcode" v="S81 9JP"/>
    <tag k="addr:street" v="Northumberland Avenue"/>
    <tag k="building" v="house"/>
    <tag k="ref:GB:uprn" v="100031294057"/>
  </way>
  <way id="1303294280" version="4" timestamp="2025-09-21T23:28:17Z" changeset="172269123" uid="8857" user="philipcullen">
    <nd ref="12070042322"/>
    <nd ref="12070042305"/>
    <nd ref="12070042300"/>
    <nd ref="12070042301"/>
    <nd ref="12070042320"/>
    <nd ref="12070042321"/>
    <nd ref="12070042325"/>
    <nd ref="12070042322"/>
    <tag k="addr:city" v="Worksop"/>
    <tag k="addr:housenumber" v="44"/>
    <tag k="addr:postcode" v="S81 9JP"/>
    <tag k="addr:street" v="Northumberland Avenue"/>
    <tag k="building" v="house"/>
    <tag k="ref:GB:uprn" v="100031294069"/>
  </way>
  <way id="1303294281" version="4" timestamp="2025-09-21T23:28:17Z" changeset="172269123" uid="8857" user="philipcullen">
    <nd ref="12070042324"/>
    <nd ref="12070042303"/>
    <nd ref="12070042302"/>
    <nd ref="12070042323"/>
    <nd ref="12070042304"/>
    <nd ref="12070042305"/>
    <nd ref="12070042322"/>
    <nd ref="12070042325"/>
    <nd ref="12070042324"/>
    <tag k="addr:city" v="Worksop"/>
    <tag k="addr:housenumber" v="46"/>
    <tag k="addr:postcode" v="S81 9JP"/>
    <tag k="addr:street" v="Northumberland Avenue"/>
    <tag k="building" v="house"/>
    <tag k="ref:GB:uprn" v="100031294071"/>
  </way>
  <way id="1303294282" version="4" timestamp="2025-09-21T23:28:17Z" changeset="172269123" uid="8857" user="philipcullen">
    <nd ref="12070042328"/>
    <nd ref="12070042306"/>
    <nd ref="12070042307"/>
    <nd ref="12070042308"/>
    <nd ref="12070042326"/>
    <nd ref="12070042327"/>
    <nd ref="12070042331"/>
    <nd ref="12070042328"/>
    <tag k="addr:city" v="Worksop"/>
    <tag k="addr:housenumber" v="40"/>
    <tag k="addr:postcode" v="S81 9JP"/>
    <tag k="addr:street" v="Northumberland Avenue"/>
    <tag k="building" v="house"/>
    <tag k="ref:GB:uprn" v="100031294065"/>
  </way>
  <way id="1303294283" version="4" timestamp="2025-09-21T23:28:17Z" changeset="172269123" uid="8857" user="philipcullen">
    <nd ref="12070042331"/>
    <nd ref="12070042330"/>
    <nd ref="12070042329"/>
    <nd ref="12070042328"/>
    <nd ref="12070042331"/>
    <tag k="addr:city" v="Worksop"/>
    <tag k="addr:housenumber" v="42"/>
    <tag k="addr:postcode" v="S81 9JP"/>
    <tag k="addr:street" v="Northumberland Avenue"/>
    <tag k="building" v="house"/>
    <tag k="ref:GB:uprn" v="100031294067"/>
  </way>
  <way id="1303294284" version="4" timestamp="2025-09-21T23:28:17Z" changeset="172269123" uid="8857" user="philipcullen">
    <nd ref="12070042334"/>
    <nd ref="12070042309"/>
    <nd ref="12070042310"/>
    <nd ref="12070042311"/>
    <nd ref="12070042332"/>
    <nd ref="12070042333"/>
    <nd ref="12070042337"/>
    <nd ref="12070042334"/>
    <tag k="addr:city" v="Worksop"/>
    <tag k="addr:housenumber" v="36"/>
    <tag k="addr:postcode" v="S81 9JP"/>
    <tag k="addr:street" v="Northumberland Avenue"/>
    <tag k="building" v="house"/>
    <tag k="ref:GB:uprn" v="100031294061"/>
  </way>
  <way id="1303294285" version="4" timestamp="2025-09-21T23:28:17Z" changeset="172269123" uid="8857" user="philipcullen">
    <nd ref="12070042337"/>
    <nd ref="12070042336"/>
    <nd ref="12070042335"/>
    <nd ref="12070042334"/>
    <nd ref="12070042337"/>
    <tag k="addr:city" v="Worksop"/>
    <tag k="addr:housenumber" v="38"/>
    <tag k="addr:postcode" v="S81 9JP"/>
    <tag k="addr:street" v="Northumberland Avenue"/>
    <tag k="building" v="house"/>
    <tag k="ref:GB:uprn" v="100031294063"/>
  </way>
  <way id="1303294286" version="4" timestamp="2025-09-21T23:28:17Z" changeset="172269123" uid="8857" user="philipcullen">
    <nd ref="12070042342"/>
    <nd ref="12070042341"/>
    <nd ref="12070042340"/>
    <nd ref="12070042339"/>
    <nd ref="12070042342"/>
    <tag k="addr:city" v="Worksop"/>
    <tag k="addr:housenumber" v="34"/>
    <tag k="addr:postcode" v="S81 9JP"/>
    <tag k="addr:street" v="Northumberland Avenue"/>
    <tag k="building" v="house"/>
    <tag k="ref:GB:uprn" v="100031294059"/>
  </way>
  <way id="1303294287" version="4" timestamp="2025-09-21T23:28:17Z" changeset="172269123" uid="8857" user="philipcullen">
    <nd ref="12070042345"/>
    <nd ref="12070042316"/>
    <nd ref="12070042317"/>
    <nd ref="12070042343"/>
    <nd ref="12070042344"/>
    <nd ref="12070042348"/>
    <nd ref="12070042345"/>
    <tag k="addr:city" v="Worksop"/>
    <tag k="addr:housenumber" v="30"/>
    <tag k="addr:postcode" v="S81 9JP"/>
    <tag k="addr:street" v="Northumberland Avenue"/>
    <tag k="building" v="house"/>
    <tag k="ref:GB:uprn" v="100031294055"/>
  </way>
  <way id="1303294288" version="4" timestamp="2025-09-21T23:28:17Z" changeset="172269123" uid="8857" user="philipcullen">
    <nd ref="12070042343"/>
    <nd ref="12070042317"/>
    <nd ref="12070042318"/>
    <nd ref="12070042319"/>
    <nd ref="12070042346"/>
    <nd ref="12070042347"/>
    <nd ref="12070042344"/>
    <nd ref="12070042343"/>
    <tag k="addr:city" v="Worksop"/>
    <tag k="addr:housenumber" v="28"/>
    <tag k="addr:postcode" v="S81 9JP"/>
    <tag k="addr:street" v="Northumberland Avenue"/>
    <tag k="building" v="house"/>
    <tag k="ref:GB:uprn" v="100031294053"/>
  </way>
  <way id="1303294289" version="4" timestamp="2025-09-21T23:28:17Z" changeset="172269123" uid="8857" user="philipcullen">
    <nd ref="12070042352"/>
    <nd ref="12070042351"/>
    <nd ref="12070042350"/>
    <nd ref="12070042349"/>
    <nd ref="12070042352"/>
    <tag k="addr:city" v="Worksop"/>
    <tag k="addr:housenumber" v="26"/>
    <tag k="addr:postcode" v="S81 9JP"/>
    <tag k="addr:street" v="Northumberland Avenue"/>
    <tag k="building" v="house"/>
    <tag k="ref:GB:uprn" v="100031294051"/>
  </way>
  <way id="1303294290" version="4" timestamp="2025-09-21T23:28:17Z" changeset="172269123" uid="8857" user="philipcullen">
    <nd ref="12070042354"/>
    <nd ref="12070042358"/>
    <nd ref="12070042357"/>
    <nd ref="12070042353"/>
    <nd ref="12070042354"/>
    <tag k="addr:city" v="Worksop"/>
    <tag k="addr:housenumber" v="24"/>
    <tag k="addr:postcode" v="S81 9JP"/>
    <tag k="addr:street" v="Northumberland Avenue"/>
    <tag k="building" v="house"/>
    <tag k="ref:GB:uprn" v="100031294049"/>
  </way>
  <way id="1303294291" version="4" timestamp="2025-09-21T23:28:17Z" changeset="172269123" uid="8857" user="philipcullen">
    <nd ref="12070042355"/>
    <nd ref="12070042354"/>
    <nd ref="12070042353"/>
    <nd ref="12070042356"/>
    <nd ref="12070042355"/>
    <tag k="addr:city" v="Worksop"/>
    <tag k="addr:housenumber" v="22"/>
    <tag k="addr:postcode" v="S81 9JP"/>
    <tag k="addr:street" v="Northumberland Avenue"/>
    <tag k="building" v="house"/>
    <tag k="ref:GB:uprn" v="100031294047"/>
  </way>
  <way id="1303294292" version="4" timestamp="2025-09-21T23:28:17Z" changeset="172269123" uid="8857" user="philipcullen">
    <nd ref="12070042362"/>
    <nd ref="12070042361"/>
    <nd ref="12070042360"/>
    <nd ref="12070042359"/>
    <nd ref="12070042362"/>
    <tag k="addr:city" v="Worksop"/>
    <tag k="addr:housenumber" v="20"/>
    <tag k="addr:postcode" v="S81 9JP"/>
    <tag k="addr:street" v="Northumberland Avenue"/>
    <tag k="building" v="house"/>
    <tag k="ref:GB:uprn" v="100031294045"/>
  </way>
  <way id="1303294293" version="4" timestamp="2025-09-21T23:28:17Z" changeset="172269123" uid="8857" user="philipcullen">
    <nd ref="12070067782"/>
    <nd ref="12070067785"/>
    <nd ref="12070067772"/>
    <nd ref="12070067773"/>
    <nd ref="12070067774"/>
    <nd ref="12070067784"/>
    <nd ref="12070067783"/>
    <nd ref="12070042368"/>
    <nd ref="12070042367"/>
    <nd ref="12070042366"/>
    <nd ref="12070067782"/>
    <tag k="addr:city" v="Worksop"/>
    <tag k="addr:housenumber" v="16"/>
    <tag k="addr:postcode" v="S81 9JP"/>
    <tag k="addr:street" v="Northumberland Avenue"/>
    <tag k="building" v="house"/>
    <tag k="ref:GB:uprn" v="100031294041"/>
  </way>
  <way id="1303294294" version="4" timestamp="2025-09-21T23:28:17Z" changeset="172269123" uid="8857" user="philipcullen">
    <nd ref="12070067789"/>
    <nd ref="12070067775"/>
    <nd ref="12070067776"/>
    <nd ref="12070067777"/>
    <nd ref="12070067788"/>
    <nd ref="12070067787"/>
    <nd ref="12070067786"/>
    <nd ref="12070067789"/>
    <tag k="addr:city" v="Worksop"/>
    <tag k="addr:housenumber" v="14"/>
    <tag k="addr:postcode" v="S81 9JP"/>
    <tag k="addr:street" v="Northumberland Avenue"/>
    <tag k="building" v="house"/>
    <tag k="ref:GB:uprn" v="100031294039"/>
  </way>
  <way id="1303294295" version="4" timestamp="2025-09-21T23:28:17Z" changeset="172269123" uid="8857" user="philipcullen">
    <nd ref="12070067771"/>
    <nd ref="12070067780"/>
    <nd ref="12070067779"/>
    <nd ref="12070042365"/>
    <nd ref="12070042364"/>
    <nd ref="12070042363"/>
    <nd ref="12070067778"/>
    <nd ref="12070067781"/>
    <nd ref="12070067769"/>
    <nd ref="12070067770"/>
    <nd ref="12070067771"/>
    <tag k="addr:city" v="Worksop"/>
    <tag k="addr:housenumber" v="18"/>
    <tag k="addr:postcode" v="S81 9JP"/>
    <tag k="addr:street" v="Northumberland Avenue"/>
    <tag k="building" v="house"/>
    <tag k="ref:GB:uprn" v="100031294043"/>
  </way>
  <way id="1303294296" version="4" timestamp="2025-09-21T23:28:17Z" changeset="172269123" uid="8857" user="philipcullen">
    <nd ref="12070067793"/>
    <nd ref="12070067792"/>
    <nd ref="12070067791"/>
    <nd ref="12070067790"/>
    <nd ref="12070067793"/>
    <tag k="addr:city" v="Worksop"/>
    <tag k="addr:housenumber" v="12"/>
    <tag k="addr:postcode" v="S81 9JP"/>
    <tag k="addr:street" v="Northumberland Avenue"/>
    <tag k="building" v="house"/>
    <tag k="ref:GB:uprn" v="100031294037"/>
  </way>
  <way id="1303294297" version="4" timestamp="2025-09-21T23:28:17Z" changeset="172269123" uid="8857" user="philipcullen">
    <nd ref="12070067795"/>
    <nd ref="12070067798"/>
    <nd ref="12070067797"/>
    <nd ref="12070067794"/>
    <nd ref="12070067795"/>
    <tag k="addr:city" v="Worksop"/>
    <tag k="addr:housenumber" v="8"/>
    <tag k="addr:postcode" v="S81 9JP"/>
    <tag k="addr:street" v="Northumberland Avenue"/>
    <tag k="building" v="house"/>
    <tag k="ref:GB:uprn" v="100031294033"/>
  </way>
  <way id="1303294298" version="4" timestamp="2025-09-21T23:28:17Z" changeset="172269123" uid="8857" user="philipcullen">
    <nd ref="12070067799"/>
    <nd ref="12070067795"/>
    <nd ref="12070067794"/>
    <nd ref="12070067796"/>
    <nd ref="12070067799"/>
    <tag k="addr:city" v="Worksop"/>
    <tag k="addr:housenumber" v="10"/>
    <tag k="addr:postcode" v="S81 9JP"/>
    <tag k="addr:street" v="Northumberland Avenue"/>
    <tag k="building" v="house"/>
    <tag k="ref:GB:uprn" v="100031294035"/>
  </way>
  <way id="1303294300" version="4" timestamp="2025-09-21T23:28:17Z" changeset="172269123" uid="8857" user="philipcullen">
    <nd ref="12070067878"/>
    <nd ref="12070067882"/>
    <nd ref="12070067881"/>
    <nd ref="12070067880"/>
    <nd ref="12070067879"/>
    <nd ref="12070067877"/>
    <nd ref="12070067878"/>
    <tag k="addr:city" v="Worksop"/>
    <tag k="addr:housenumber" v="23"/>
    <tag k="addr:postcode" v="S81 9JP"/>
    <tag k="addr:street" v="Northumberland Avenue"/>
    <tag k="building" v="house"/>
    <tag k="ref:GB:uprn" v="100031294048"/>
  </way>
  <way id="1303294302" version="4" timestamp="2025-09-21T23:28:17Z" changeset="172269123" uid="8857" user="philipcullen">
    <nd ref="12070067818"/>
    <nd ref="12070067812"/>
    <nd ref="12070067813"/>
    <nd ref="12070067809"/>
    <nd ref="12070067810"/>
    <nd ref="12070067811"/>
    <nd ref="12070067816"/>
    <nd ref="12070067814"/>
    <nd ref="12070067815"/>
    <nd ref="12070067820"/>
    <nd ref="12070067818"/>
    <tag k="addr:city" v="Worksop"/>
    <tag k="addr:housenumber" v="6"/>
    <tag k="addr:postcode" v="S81 9JP"/>
    <tag k="addr:street" v="Northumberland Avenue"/>
    <tag k="building" v="house"/>
    <tag k="ref:GB:uprn" v="100031294031"/>
  </way>
  <way id="1303294303" version="4" timestamp="2025-09-21T23:28:17Z" changeset="172269123" uid="8857" user="philipcullen">
    <nd ref="12070067820"/>
    <nd ref="12070067819"/>
    <nd ref="12070067827"/>
    <nd ref="12070067817"/>
    <nd ref="12070067818"/>
    <nd ref="12070067820"/>
    <tag k="addr:city" v="Worksop"/>
    <tag k="addr:housenumber" v="4"/>
    <tag k="addr:postcode" v="S81 9JP"/>
    <tag k="addr:street" v="Northumberland Avenue"/>
    <tag k="building" v="house"/>
    <tag k="ref:GB:uprn" v="100031294029"/>
  </way>
  <way id="1303294304" version="4" timestamp="2025-09-21T23:28:17Z" changeset="172269123" uid="8857" user="philipcullen">
    <nd ref="12070067827"/>
    <nd ref="12070067819"/>
    <nd ref="12070067826"/>
    <nd ref="12070067825"/>
    <nd ref="12070067821"/>
    <nd ref="12070067822"/>
    <nd ref="12070067823"/>
    <nd ref="12070067824"/>
    <nd ref="12070067827"/>
    <tag k="addr:city" v="Worksop"/>
    <tag k="addr:housenumber" v="2"/>
    <tag k="addr:postcode" v="S81 9JP"/>
    <tag k="addr:street" v="Northumberland Avenue"/>
    <tag k="building" v="house"/>
    <tag k="ref:GB:uprn" v="100031294027"/>
  </way>
  <way id="1303294307" version="4" timestamp="2025-09-21T23:28:17Z" changeset="172269123" uid="8857" user="philipcullen">
    <nd ref="12070067840"/>
    <nd ref="12070067844"/>
    <nd ref="12070067841"/>
    <nd ref="12070067839"/>
    <nd ref="12070067840"/>
    <tag k="addr:city" v="Worksop"/>
    <tag k="addr:housenumber" v="1"/>
    <tag k="addr:postcode" v="S81 9JP"/>
    <tag k="addr:street" v="Northumberland Avenue"/>
    <tag k="building" v="house"/>
    <tag k="ref:GB:uprn" v="100031294026"/>
  </way>
  <way id="1303294308" version="4" timestamp="2025-09-21T23:28:17Z" changeset="172269123" uid="8857" user="philipcullen">
    <nd ref="12070067844"/>
    <nd ref="12070067843"/>
    <nd ref="12070067842"/>
    <nd ref="12070067841"/>
    <nd ref="12070067844"/>
    <tag k="addr:city" v="Worksop"/>
    <tag k="addr:housenumber" v="3"/>
    <tag k="addr:postcode" v="S81 9JP"/>
    <tag k="addr:street" v="Northumberland Avenue"/>
    <tag k="building" v="house"/>
    <tag k="ref:GB:uprn" v="100031294028"/>
  </way>
  <way id="1303294310" version="4" timestamp="2025-09-21T23:28:17Z" changeset="172269123" uid="8857" user="philipcullen">
    <nd ref="12070067852"/>
    <nd ref="12070067856"/>
    <nd ref="12070067853"/>
    <nd ref="12070067851"/>
    <nd ref="12070067852"/>
    <tag k="addr:city" v="Worksop"/>
    <tag k="addr:housenumber" v="5"/>
    <tag k="addr:postcode" v="S81 9JP"/>
    <tag k="addr:street" v="Northumberland Avenue"/>
    <tag k="building" v="house"/>
    <tag k="ref:GB:uprn" v="100031294030"/>
  </way>
  <way id="1303294311" version="4" timestamp="2025-09-21T23:28:17Z" changeset="172269123" uid="8857" user="philipcullen">
    <nd ref="12070067856"/>
    <nd ref="12070067855"/>
    <nd ref="12070067854"/>
    <nd ref="12070067853"/>
    <nd ref="12070067856"/>
    <tag k="addr:city" v="Worksop"/>
    <tag k="addr:housenumber" v="7"/>
    <tag k="addr:postcode" v="S81 9JP"/>
    <tag k="addr:street" v="Northumberland Avenue"/>
    <tag k="building" v="house"/>
    <tag k="ref:GB:uprn" v="100031294032"/>
  </way>
  <way id="1303294312" version="1" timestamp="2024-07-23T14:46:01Z" changeset="154311006" uid="12616743" user="BassetlawMapper">
    <nd ref="12070067858"/>
    <nd ref="12070067862"/>
    <nd ref="12070067859"/>
    <nd ref="12070067857"/>
    <nd ref="12070067858"/>
    <tag k="addr:housenumber" v="9"/>
    <tag k="addr:street" v="Northumberland Avenue"/>
    <tag k="building" v="house"/>
  </way>
  <way id="1303294313" version="4" timestamp="2025-09-21T23:28:17Z" changeset="172269123" uid="8857" user="philipcullen">
    <nd ref="12070067862"/>
    <nd ref="12070067861"/>
    <nd ref="12070067860"/>
    <nd ref="12070067859"/>
    <nd ref="12070067862"/>
    <tag k="addr:city" v="Worksop"/>
    <tag k="addr:housenumber" v="11"/>
    <tag k="addr:postcode" v="S81 9JP"/>
    <tag k="addr:street" v="Northumberland Avenue"/>
    <tag k="building" v="house"/>
    <tag k="ref:GB:uprn" v="100031294036"/>
  </way>
  <way id="1303294314" version="4" timestamp="2025-09-21T23:28:17Z" changeset="172269123" uid="8857" user="philipcullen">
    <nd ref="12070067864"/>
    <nd ref="12070067866"/>
    <nd ref="12070067865"/>
    <nd ref="12070067863"/>
    <nd ref="12070067806"/>
    <nd ref="12070067864"/>
    <tag k="addr:city" v="Worksop"/>
    <tag k="addr:housenumber" v="13"/>
    <tag k="addr:postcode" v="S81 9JP"/>
    <tag k="addr:street" v="Northumberland Avenue"/>
    <tag k="building" v="house"/>
    <tag k="ref:GB:uprn" v="100031294038"/>
  </way>
  <way id="1303294315" version="4" timestamp="2025-09-21T23:28:17Z" changeset="172269123" uid="8857" user="philipcullen">
    <nd ref="12070067866"/>
    <nd ref="12070067870"/>
    <nd ref="12070067867"/>
    <nd ref="12070067865"/>
    <nd ref="12070067866"/>
    <tag k="addr:city" v="Worksop"/>
    <tag k="addr:housenumber" v="15"/>
    <tag k="addr:postcode" v="S81 9JP"/>
    <tag k="addr:street" v="Northumberland Avenue"/>
    <tag k="building" v="house"/>
    <tag k="ref:GB:uprn" v="100031294040"/>
  </way>
  <way id="1303294316" version="4" timestamp="2025-09-21T23:28:17Z" changeset="172269123" uid="8857" user="philipcullen">
    <nd ref="12070067870"/>
    <nd ref="12070067869"/>
    <nd ref="12070067868"/>
    <nd ref="12070067867"/>
    <nd ref="12070067870"/>
    <tag k="addr:city" v="Worksop"/>
    <tag k="addr:housenumber" v="17"/>
    <tag k="addr:postcode" v="S81 9JP"/>
    <tag k="addr:street" v="Northumberland Avenue"/>
    <tag k="building" v="house"/>
    <tag k="ref:GB:uprn" v="100031294042"/>
  </way>
  <way id="1303294317" version="4" timestamp="2025-09-21T23:28:17Z" changeset="172269123" uid="8857" user="philipcullen">
    <nd ref="12070067872"/>
    <nd ref="12070067876"/>
    <nd ref="12070067873"/>
    <nd ref="12070067871"/>
    <nd ref="12070067805"/>
    <nd ref="12070067872"/>
    <tag k="addr:city" v="Worksop"/>
    <tag k="addr:housenumber" v="21"/>
    <tag k="addr:postcode" v="S81 9JP"/>
    <tag k="addr:street" v="Northumberland Avenue"/>
    <tag k="building" v="house"/>
    <tag k="ref:GB:uprn" v="100031294046"/>
  </way>
  <way id="1303294318" version="4" timestamp="2025-09-21T23:28:17Z" changeset="172269123" uid="8857" user="philipcullen">
    <nd ref="12070067876"/>
    <nd ref="12070067875"/>
    <nd ref="12070067874"/>
    <nd ref="12070067873"/>
    <nd ref="12070067876"/>
    <tag k="addr:city" v="Worksop"/>
    <tag k="addr:housenumber" v="19"/>
    <tag k="addr:postcode" v="S81 9JP"/>
    <tag k="addr:street" v="Northumberland Avenue"/>
    <tag k="building" v="house"/>
    <tag k="ref:GB:uprn" v="100031294044"/>
  </way>
  <way id="1303294321" version="4" timestamp="2025-09-21T23:28:17Z" changeset="172269123" uid="8857" user="philipcullen">
    <nd ref="12070067904"/>
    <nd ref="12070067903"/>
    <nd ref="12070067902"/>
    <nd ref="12070067901"/>
    <nd ref="12070067899"/>
    <nd ref="12070067900"/>
    <nd ref="12070067904"/>
    <tag k="addr:city" v="Worksop"/>
    <tag k="addr:housenumber" v="25"/>
    <tag k="addr:postcode" v="S81 9JP"/>
    <tag k="addr:street" v="Northumberland Avenue"/>
    <tag k="building" v="house"/>
    <tag k="ref:GB:uprn" v="100031294050"/>
  </way>
  <way id="1303294322" version="4" timestamp="2025-09-21T23:28:17Z" changeset="172269123" uid="8857" user="philipcullen">
    <nd ref="12070067906"/>
    <nd ref="12070067910"/>
    <nd ref="12070067907"/>
    <nd ref="12070067905"/>
    <nd ref="12070067906"/>
    <tag k="addr:city" v="Worksop"/>
    <tag k="addr:housenumber" v="27"/>
    <tag k="addr:postcode" v="S81 9JP"/>
    <tag k="addr:street" v="Northumberland Avenue"/>
    <tag k="building" v="house"/>
    <tag k="ref:GB:uprn" v="100031294052"/>
  </way>
  <way id="1303294323" version="4" timestamp="2025-09-21T23:28:17Z" changeset="172269123" uid="8857" user="philipcullen">
    <nd ref="12070067910"/>
    <nd ref="12070067909"/>
    <nd ref="12070067908"/>
    <nd ref="12070067907"/>
    <nd ref="12070067910"/>
    <tag k="addr:city" v="Worksop"/>
    <tag k="addr:housenumber" v="29"/>
    <tag k="addr:postcode" v="S81 9JP"/>
    <tag k="addr:street" v="Northumberland Avenue"/>
    <tag k="building" v="house"/>
    <tag k="ref:GB:uprn" v="100031294054"/>
  </way>
  <way id="1303294324" version="4" timestamp="2025-09-21T23:28:17Z" changeset="172269123" uid="8857" user="philipcullen">
    <nd ref="12070067912"/>
    <nd ref="12070067916"/>
    <nd ref="12070067913"/>
    <nd ref="12070067911"/>
    <nd ref="12070067912"/>
    <tag k="addr:city" v="Worksop"/>
    <tag k="addr:housenumber" v="31"/>
    <tag k="addr:postcode" v="S81 9JP"/>
    <tag k="addr:street" v="Northumberland Avenue"/>
    <tag k="building" v="house"/>
    <tag k="ref:GB:uprn" v="100031294056"/>
  </way>
  <way id="1303294325" version="4" timestamp="2025-09-21T23:28:17Z" changeset="172269123" uid="8857" user="philipcullen">
    <nd ref="12070067916"/>
    <nd ref="12070067915"/>
    <nd ref="12070067914"/>
    <nd ref="12070067913"/>
    <nd ref="12070067916"/>
    <tag k="addr:city" v="Worksop"/>
    <tag k="addr:housenumber" v="33"/>
    <tag k="addr:postcode" v="S81 9JP"/>
    <tag k="addr:street" v="Northumberland Avenue"/>
    <tag k="building" v="house"/>
    <tag k="ref:GB:uprn" v="100031294058"/>
  </way>
  <way id="1303294327" version="4" timestamp="2025-09-21T23:28:17Z" changeset="172269123" uid="8857" user="philipcullen">
    <nd ref="12070067934"/>
    <nd ref="12070067933"/>
    <nd ref="12070067924"/>
    <nd ref="12070067925"/>
    <nd ref="12070067926"/>
    <nd ref="12070067932"/>
    <nd ref="12070067931"/>
    <nd ref="12070067934"/>
    <tag k="addr:city" v="Worksop"/>
    <tag k="addr:housenumber" v="65"/>
    <tag k="addr:postcode" v="S81 9JP"/>
    <tag k="addr:street" v="Northumberland Avenue"/>
    <tag k="building" v="house"/>
    <tag k="ref:GB:uprn" v="100032188446"/>
  </way>
  <way id="1303294328" version="4" timestamp="2025-09-21T23:28:17Z" changeset="172269123" uid="8857" user="philipcullen">
    <nd ref="12070067923"/>
    <nd ref="12070067928"/>
    <nd ref="12070067927"/>
    <nd ref="12070067930"/>
    <nd ref="12070067929"/>
    <nd ref="12070067921"/>
    <nd ref="12070067922"/>
    <nd ref="12070067923"/>
    <tag k="addr:city" v="Worksop"/>
    <tag k="addr:housenumber" v="67"/>
    <tag k="addr:postcode" v="S81 9JP"/>
    <tag k="addr:street" v="Northumberland Avenue"/>
    <tag k="building" v="house"/>
    <tag k="ref:GB:uprn" v="100031294081"/>
  </way>
  <way id="1303294335" version="4" timestamp="2025-09-21T23:28:17Z" changeset="172269123" uid="8857" user="philipcullen">
    <nd ref="12070067962"/>
    <nd ref="12070067959"/>
    <nd ref="12070067958"/>
    <nd ref="12070067961"/>
    <nd ref="12070067962"/>
    <tag k="addr:city" v="Worksop"/>
    <tag k="addr:housenumber" v="39"/>
    <tag k="addr:postcode" v="S81 9JP"/>
    <tag k="addr:street" v="Northumberland Avenue"/>
    <tag k="building" v="house"/>
    <tag k="ref:GB:uprn" v="100031294064"/>
  </way>
  <way id="1303294336" version="4" timestamp="2025-09-21T23:28:17Z" changeset="172269123" uid="8857" user="philipcullen">
    <nd ref="12070067963"/>
    <nd ref="12070067962"/>
    <nd ref="12070067961"/>
    <nd ref="12070067960"/>
    <nd ref="12070067963"/>
    <tag k="addr:city" v="Worksop"/>
    <tag k="addr:housenumber" v="37"/>
    <tag k="addr:postcode" v="S81 9JP"/>
    <tag k="addr:street" v="Northumberland Avenue"/>
    <tag k="building" v="house"/>
    <tag k="ref:GB:uprn" v="100031294062"/>
  </way>
  <way id="1303294337" version="4" timestamp="2025-09-21T23:28:17Z" changeset="172269123" uid="8857" user="philipcullen">
    <nd ref="12070067965"/>
    <nd ref="12070067969"/>
    <nd ref="12070067966"/>
    <nd ref="12070067964"/>
    <nd ref="12070067965"/>
    <tag k="addr:city" v="Worksop"/>
    <tag k="addr:housenumber" v="59"/>
    <tag k="addr:postcode" v="S81 9JP"/>
    <tag k="addr:street" v="Northumberland Avenue"/>
    <tag k="building" v="house"/>
    <tag k="ref:GB:uprn" v="100031294078"/>
  </way>
  <way id="1303294338" version="4" timestamp="2025-09-21T23:28:17Z" changeset="172269123" uid="8857" user="philipcullen">
    <nd ref="12070067969"/>
    <nd ref="12070067968"/>
    <nd ref="12070067967"/>
    <nd ref="12070067966"/>
    <nd ref="12070067969"/>
    <tag k="addr:city" v="Worksop"/>
    <tag k="addr:housenumber" v="57"/>
    <tag k="addr:postcode" v="S81 9JP"/>
    <tag k="addr:street" v="Northumberland Avenue"/>
    <tag k="building" v="house"/>
    <tag k="ref:GB:uprn" v="100031294077"/>
  </way>
  <way id="1303294339" version="4" timestamp="2025-09-21T23:28:17Z" changeset="172269123" uid="8857" user="philipcullen">
    <nd ref="12070067971"/>
    <nd ref="12070067975"/>
    <nd ref="12070067972"/>
    <nd ref="12070067970"/>
    <nd ref="12070067971"/>
    <tag k="addr:city" v="Worksop"/>
    <tag k="addr:housenumber" v="41"/>
    <tag k="addr:postcode" v="S81 9JP"/>
    <tag k="addr:street" v="Northumberland Avenue"/>
    <tag k="building" v="house"/>
    <tag k="ref:GB:uprn" v="100031294066"/>
  </way>
  <way id="1303294340" version="4" timestamp="2025-09-21T23:28:17Z" changeset="172269123" uid="8857" user="philipcullen">
    <nd ref="12070067975"/>
    <nd ref="12070067974"/>
    <nd ref="12070067973"/>
    <nd ref="12070067972"/>
    <nd ref="12070067975"/>
    <tag k="addr:city" v="Worksop"/>
    <tag k="addr:housenumber" v="43"/>
    <tag k="addr:postcode" v="S81 9JP"/>
    <tag k="addr:street" v="Northumberland Avenue"/>
    <tag k="building" v="house"/>
    <tag k="ref:GB:uprn" v="100031294068"/>
  </way>
  <way id="1303294341" version="4" timestamp="2025-09-21T23:28:17Z" changeset="172269123" uid="8857" user="philipcullen">
    <nd ref="12070067977"/>
    <nd ref="12070067983"/>
    <nd ref="12070067978"/>
    <nd ref="12070067976"/>
    <nd ref="12070067977"/>
    <tag k="addr:city" v="Worksop"/>
    <tag k="addr:housenumber" v="45"/>
    <tag k="addr:postcode" v="S81 9JP"/>
    <tag k="addr:street" v="Northumberland Avenue"/>
    <tag k="building" v="house"/>
    <tag k="ref:GB:uprn" v="100031294070"/>
  </way>
  <way id="1303294342" version="4" timestamp="2025-09-21T23:28:17Z" changeset="172269123" uid="8857" user="philipcullen">
    <nd ref="12070067983"/>
    <nd ref="12070067982"/>
    <nd ref="12070067979"/>
    <nd ref="12070067978"/>
    <nd ref="12070067983"/>
    <tag k="addr:city" v="Worksop"/>
    <tag k="addr:housenumber" v="47"/>
    <tag k="addr:postcode" v="S81 9JP"/>
    <tag k="addr:street" v="Northumberland Avenue"/>
    <tag k="building" v="house"/>
    <tag k="ref:GB:uprn" v="100031294072"/>
  </way>
  <way id="1303294343" version="4" timestamp="2025-09-21T23:28:17Z" changeset="172269123" uid="8857" user="philipcullen">
    <nd ref="12070067982"/>
    <nd ref="12070067981"/>
    <nd ref="12070067980"/>
    <nd ref="12070067979"/>
    <nd ref="12070067982"/>
    <tag k="addr:city" v="Worksop"/>
    <tag k="addr:housenumber" v="49"/>
    <tag k="addr:postcode" v="S81 9JP"/>
    <tag k="addr:street" v="Northumberland Avenue"/>
    <tag k="building" v="house"/>
    <tag k="ref:GB:uprn" v="100031294073"/>
  </way>
  <way id="1303294344" version="4" timestamp="2025-09-21T23:28:17Z" changeset="172269123" uid="8857" user="philipcullen">
    <nd ref="12070067985"/>
    <nd ref="12070067991"/>
    <nd ref="12070067986"/>
    <nd ref="12070067984"/>
    <nd ref="12070067985"/>
    <tag k="addr:city" v="Worksop"/>
    <tag k="addr:housenumber" v="55"/>
    <tag k="addr:postcode" v="S81 9JP"/>
    <tag k="addr:street" v="Northumberland Avenue"/>
    <tag k="building" v="house"/>
    <tag k="ref:GB:uprn" v="100031294076"/>
  </way>
  <way id="1303294345" version="4" timestamp="2025-09-21T23:28:17Z" changeset="172269123" uid="8857" user="philipcullen">
    <nd ref="12070067991"/>
    <nd ref="12070067990"/>
    <nd ref="12070067987"/>
    <nd ref="12070067986"/>
    <nd ref="12070067991"/>
    <tag k="addr:city" v="Worksop"/>
    <tag k="addr:housenumber" v="53"/>
    <tag k="addr:postcode" v="S81 9JP"/>
    <tag k="addr:street" v="Northumberland Avenue"/>
    <tag k="building" v="house"/>
    <tag k="ref:GB:uprn" v="100031294075"/>
  </way>
  <way id="1303294346" version="4" timestamp="2025-09-21T23:28:17Z" changeset="172269123" uid="8857" user="philipcullen">
    <nd ref="12070067990"/>
    <nd ref="12070067989"/>
    <nd ref="12070067988"/>
    <nd ref="12070067987"/>
    <nd ref="12070067990"/>
    <tag k="addr:city" v="Worksop"/>
    <tag k="addr:housenumber" v="51"/>
    <tag k="addr:postcode" v="S81 9JP"/>
    <tag k="addr:street" v="Northumberland Avenue"/>
    <tag k="building" v="house"/>
    <tag k="ref:GB:uprn" v="100031294074"/>
  </way>
  <way id="1303294347" version="4" timestamp="2025-09-21T23:28:17Z" changeset="172269123" uid="8857" user="philipcullen">
    <nd ref="12070067996"/>
    <nd ref="12070067993"/>
    <nd ref="12070067992"/>
    <nd ref="12070067995"/>
    <nd ref="12070067996"/>
    <tag k="addr:city" v="Worksop"/>
    <tag k="addr:housenumber" v="85"/>
    <tag k="addr:postcode" v="S81 9JP"/>
    <tag k="addr:street" v="Northumberland Avenue"/>
    <tag k="building" v="house"/>
    <tag k="ref:GB:uprn" v="100031294090"/>
  </way>
  <way id="1303294348" version="4" timestamp="2025-09-21T23:28:17Z" changeset="172269123" uid="8857" user="philipcullen">
    <nd ref="12070067997"/>
    <nd ref="12070067996"/>
    <nd ref="12070067995"/>
    <nd ref="12070067994"/>
    <nd ref="12070067997"/>
    <tag k="addr:city" v="Worksop"/>
    <tag k="addr:housenumber" v="83"/>
    <tag k="addr:postcode" v="S81 9JP"/>
    <tag k="addr:street" v="Northumberland Avenue"/>
    <tag k="building" v="house"/>
    <tag k="ref:GB:uprn" v="100031294089"/>
  </way>
  <way id="1303294349" version="1" timestamp="2024-07-23T14:46:01Z" changeset="154311006" uid="12616743" user="BassetlawMapper">
    <nd ref="12070068002"/>
    <nd ref="12070067999"/>
    <nd ref="12070067947"/>
    <nd ref="12070067998"/>
    <nd ref="12070068001"/>
    <nd ref="12070068002"/>
    <tag k="addr:housenumber" v="81"/>
    <tag k="addr:street" v="Northumberland Avenue"/>
    <tag k="building" v="house"/>
  </way>
  <way id="1303294350" version="4" timestamp="2025-09-21T23:28:17Z" changeset="172269123" uid="8857" user="philipcullen">
    <nd ref="12070068003"/>
    <nd ref="12070068002"/>
    <nd ref="12070068001"/>
    <nd ref="12070068000"/>
    <nd ref="12070068003"/>
    <tag k="addr:city" v="Worksop"/>
    <tag k="addr:housenumber" v="79"/>
    <tag k="addr:postcode" v="S81 9JP"/>
    <tag k="addr:street" v="Northumberland Avenue"/>
    <tag k="building" v="house"/>
    <tag k="ref:GB:uprn" v="100031294087"/>
  </way>
  <way id="1303294351" version="4" timestamp="2025-09-21T23:28:17Z" changeset="172269123" uid="8857" user="philipcullen">
    <nd ref="12070068005"/>
    <nd ref="12070068009"/>
    <nd ref="12070068006"/>
    <nd ref="12070068004"/>
    <nd ref="12070068005"/>
    <tag k="addr:city" v="Worksop"/>
    <tag k="addr:housenumber" v="63"/>
    <tag k="addr:postcode" v="S81 9JP"/>
    <tag k="addr:street" v="Northumberland Avenue"/>
    <tag k="building" v="house"/>
    <tag k="ref:GB:uprn" v="100031294080"/>
  </way>
  <way id="1303294352" version="4" timestamp="2025-09-21T23:28:17Z" changeset="172269123" uid="8857" user="philipcullen">
    <nd ref="12070068009"/>
    <nd ref="12070068008"/>
    <nd ref="12070068007"/>
    <nd ref="12070068006"/>
    <nd ref="12070068009"/>
    <tag k="addr:city" v="Worksop"/>
    <tag k="addr:housenumber" v="61"/>
    <tag k="addr:postcode" v="S81 9JP"/>
    <tag k="addr:street" v="Northumberland Avenue"/>
    <tag k="building" v="house"/>
    <tag k="ref:GB:uprn" v="100031294079"/>
  </way>
  <way id="1303294353" version="4" timestamp="2025-09-21T23:28:17Z" changeset="172269123" uid="8857" user="philipcullen">
    <nd ref="12070068011"/>
    <nd ref="12070068015"/>
    <nd ref="12070068012"/>
    <nd ref="12070068010"/>
    <nd ref="12070068011"/>
    <tag k="addr:city" v="Worksop"/>
    <tag k="addr:housenumber" v="75"/>
    <tag k="addr:postcode" v="S81 9JP"/>
    <tag k="addr:street" v="Northumberland Avenue"/>
    <tag k="building" v="house"/>
    <tag k="ref:GB:uprn" v="100031294085"/>
  </way>
  <way id="1303294354" version="4" timestamp="2025-09-21T23:28:17Z" changeset="172269123" uid="8857" user="philipcullen">
    <nd ref="12070068015"/>
    <nd ref="12070068014"/>
    <nd ref="12070068013"/>
    <nd ref="12070068012"/>
    <nd ref="12070068015"/>
    <tag k="addr:city" v="Worksop"/>
    <tag k="addr:housenumber" v="77"/>
    <tag k="addr:postcode" v="S81 9JP"/>
    <tag k="addr:street" v="Northumberland Avenue"/>
    <tag k="building" v="house"/>
    <tag k="ref:GB:uprn" v="100031294086"/>
  </way>
  <way id="1303294355" version="4" timestamp="2025-09-21T23:28:17Z" changeset="172269123" uid="8857" user="philipcullen">
    <nd ref="12070068017"/>
    <nd ref="12070068019"/>
    <nd ref="12070068018"/>
    <nd ref="12070068016"/>
    <nd ref="12070067955"/>
    <nd ref="12070068017"/>
    <tag k="addr:city" v="Worksop"/>
    <tag k="addr:housenumber" v="69"/>
    <tag k="addr:postcode" v="S81 9JP"/>
    <tag k="addr:street" v="Northumberland Avenue"/>
    <tag k="building" v="house"/>
    <tag k="ref:GB:uprn" v="100031294082"/>
  </way>
  <way id="1303294356" version="4" timestamp="2025-09-21T23:28:17Z" changeset="172269123" uid="8857" user="philipcullen">
    <nd ref="12070068019"/>
    <nd ref="12070068023"/>
    <nd ref="12070068020"/>
    <nd ref="12070068018"/>
    <nd ref="12070068019"/>
    <tag k="addr:city" v="Worksop"/>
    <tag k="addr:housenumber" v="71"/>
    <tag k="addr:postcode" v="S81 9JP"/>
    <tag k="addr:street" v="Northumberland Avenue"/>
    <tag k="building" v="house"/>
    <tag k="ref:GB:uprn" v="100031294083"/>
  </way>
  <way id="1303294357" version="4" timestamp="2025-09-21T23:28:17Z" changeset="172269123" uid="8857" user="philipcullen">
    <nd ref="12070068023"/>
    <nd ref="12070068022"/>
    <nd ref="12070068021"/>
    <nd ref="12070068020"/>
    <nd ref="12070068023"/>
    <tag k="addr:city" v="Worksop"/>
    <tag k="addr:housenumber" v="73"/>
    <tag k="addr:postcode" v="S81 9JP"/>
    <tag k="addr:street" v="Northumberland Avenue"/>
    <tag k="building" v="house"/>
    <tag k="ref:GB:uprn" v="100031294084"/>
  </way>
  <way id="1303294360" version="4" timestamp="2025-09-21T23:28:17Z" changeset="172269123" uid="8857" user="philipcullen">
    <nd ref="12070068066"/>
    <nd ref="12070068065"/>
    <nd ref="12070067948"/>
    <nd ref="12070068064"/>
    <nd ref="12070068060"/>
    <nd ref="12070068061"/>
    <nd ref="12070068062"/>
    <nd ref="12070068063"/>
    <nd ref="12070068066"/>
    <tag k="addr:city" v="Worksop"/>
    <tag k="addr:housenumber" v="99"/>
    <tag k="addr:postcode" v="S81 9JP"/>
    <tag k="addr:street" v="Northumberland Avenue"/>
    <tag k="building" v="house"/>
    <tag k="ref:GB:uprn" v="100031294097"/>
  </way>
  <way id="1303294361" version="4" timestamp="2025-09-21T23:28:17Z" changeset="172269123" uid="8857" user="philipcullen">
    <nd ref="12070068071"/>
    <nd ref="12070068068"/>
    <nd ref="12070068067"/>
    <nd ref="12070068070"/>
    <nd ref="12070068071"/>
    <tag k="addr:city" v="Worksop"/>
    <tag k="addr:housenumber" v="95"/>
    <tag k="addr:postcode" v="S81 9JP"/>
    <tag k="addr:street" v="Northumberland Avenue"/>
    <tag k="building" v="house"/>
    <tag k="ref:GB:uprn" v="100031294095"/>
  </way>
  <way id="1303294362" version="4" timestamp="2025-09-21T23:28:17Z" changeset="172269123" uid="8857" user="philipcullen">
    <nd ref="12070068072"/>
    <nd ref="12070068071"/>
    <nd ref="12070068070"/>
    <nd ref="12070068069"/>
    <nd ref="12070068072"/>
    <tag k="addr:city" v="Worksop"/>
    <tag k="addr:housenumber" v="97"/>
    <tag k="addr:postcode" v="S81 9JP"/>
    <tag k="addr:street" v="Northumberland Avenue"/>
    <tag k="building" v="house"/>
    <tag k="ref:GB:uprn" v="100031294096"/>
  </way>
  <way id="1303294363" version="4" timestamp="2025-09-21T23:28:17Z" changeset="172269123" uid="8857" user="philipcullen">
    <nd ref="12070068074"/>
    <nd ref="12070068078"/>
    <nd ref="12070068075"/>
    <nd ref="12070068073"/>
    <nd ref="12070068074"/>
    <tag k="addr:city" v="Worksop"/>
    <tag k="addr:housenumber" v="103"/>
    <tag k="addr:postcode" v="S81 9JP"/>
    <tag k="addr:street" v="Northumberland Avenue"/>
    <tag k="building" v="house"/>
    <tag k="ref:GB:uprn" v="100031294099"/>
  </way>
  <way id="1303294364" version="4" timestamp="2025-09-21T23:28:17Z" changeset="172269123" uid="8857" user="philipcullen">
    <nd ref="12070068078"/>
    <nd ref="12070068077"/>
    <nd ref="12070068076"/>
    <nd ref="12070068075"/>
    <nd ref="12070068078"/>
    <tag k="addr:city" v="Worksop"/>
    <tag k="addr:housenumber" v="101"/>
    <tag k="addr:postcode" v="S81 9JP"/>
    <tag k="addr:street" v="Northumberland Avenue"/>
    <tag k="building" v="house"/>
    <tag k="ref:GB:uprn" v="100031294098"/>
  </way>
  <way id="1303294365" version="4" timestamp="2025-09-21T23:28:17Z" changeset="172269123" uid="8857" user="philipcullen">
    <nd ref="12070068080"/>
    <nd ref="12070068084"/>
    <nd ref="12070068081"/>
    <nd ref="12070068079"/>
    <nd ref="12070068080"/>
    <tag k="addr:city" v="Worksop"/>
    <tag k="addr:housenumber" v="93"/>
    <tag k="addr:postcode" v="S81 9JP"/>
    <tag k="addr:street" v="Northumberland Avenue"/>
    <tag k="building" v="house"/>
    <tag k="ref:GB:uprn" v="100031294094"/>
  </way>
  <way id="1303294366" version="4" timestamp="2025-09-21T23:28:17Z" changeset="172269123" uid="8857" user="philipcullen">
    <nd ref="12070068084"/>
    <nd ref="12070068083"/>
    <nd ref="12070068082"/>
    <nd ref="12070068081"/>
    <nd ref="12070068084"/>
    <tag k="addr:city" v="Worksop"/>
    <tag k="addr:housenumber" v="91"/>
    <tag k="addr:postcode" v="S81 9JP"/>
    <tag k="addr:street" v="Northumberland Avenue"/>
    <tag k="building" v="house"/>
    <tag k="ref:GB:uprn" v="100031294093"/>
  </way>
  <way id="1303294367" version="4" timestamp="2025-09-21T23:28:17Z" changeset="172269123" uid="8857" user="philipcullen">
    <nd ref="12070068086"/>
    <nd ref="12070068090"/>
    <nd ref="12070068087"/>
    <nd ref="12070068085"/>
    <nd ref="12070068086"/>
    <tag k="addr:city" v="Worksop"/>
    <tag k="addr:housenumber" v="89"/>
    <tag k="addr:postcode" v="S81 9JP"/>
    <tag k="addr:street" v="Northumberland Avenue"/>
    <tag k="building" v="house"/>
    <tag k="ref:GB:uprn" v="100031294092"/>
  </way>
  <way id="1303294368" version="4" timestamp="2025-09-21T23:28:17Z" changeset="172269123" uid="8857" user="philipcullen">
    <nd ref="12070068090"/>
    <nd ref="12070068089"/>
    <nd ref="12070068088"/>
    <nd ref="12070068087"/>
    <nd ref="12070068090"/>
    <tag k="addr:city" v="Worksop"/>
    <tag k="addr:housenumber" v="87"/>
    <tag k="addr:postcode" v="S81 9JP"/>
    <tag k="addr:street" v="Northumberland Avenue"/>
    <tag k="building" v="house"/>
    <tag k="ref:GB:uprn" v="100031294091"/>
  </way>
  <way id="1303294370" version="4" timestamp="2025-09-21T23:28:17Z" changeset="172269123" uid="8857" user="philipcullen">
    <nd ref="12070068105"/>
    <nd ref="12070068103"/>
    <nd ref="12070068102"/>
    <nd ref="12070068104"/>
    <nd ref="12070068105"/>
    <tag k="addr:city" v="Worksop"/>
    <tag k="addr:housenumber" v="109"/>
    <tag k="addr:postcode" v="S81 9JP"/>
    <tag k="addr:street" v="Northumberland Avenue"/>
    <tag k="building" v="house"/>
    <tag k="ref:GB:uprn" v="100031294102"/>
  </way>
  <way id="1303294371" version="4" timestamp="2025-09-21T23:28:17Z" changeset="172269123" uid="8857" user="philipcullen">
    <nd ref="12070068108"/>
    <nd ref="12070068105"/>
    <nd ref="12070068104"/>
    <nd ref="12070068107"/>
    <nd ref="12070068108"/>
    <tag k="addr:city" v="Worksop"/>
    <tag k="addr:housenumber" v="107"/>
    <tag k="addr:postcode" v="S81 9JP"/>
    <tag k="addr:street" v="Northumberland Avenue"/>
    <tag k="building" v="house"/>
    <tag k="ref:GB:uprn" v="100031294101"/>
  </way>
  <way id="1303294372" version="4" timestamp="2025-09-21T23:28:17Z" changeset="172269123" uid="8857" user="philipcullen">
    <nd ref="12070068109"/>
    <nd ref="12070068108"/>
    <nd ref="12070068107"/>
    <nd ref="12070068106"/>
    <nd ref="12070068109"/>
    <tag k="addr:city" v="Worksop"/>
    <tag k="addr:housenumber" v="105"/>
    <tag k="addr:postcode" v="S81 9JP"/>
    <tag k="addr:street" v="Northumberland Avenue"/>
    <tag k="building" v="house"/>
    <tag k="ref:GB:uprn" v="100031294100"/>
  </way>
  <way id="1303294373" version="4" timestamp="2025-09-21T23:28:17Z" changeset="172269123" uid="8857" user="philipcullen">
    <nd ref="12070068111"/>
    <nd ref="12070068115"/>
    <nd ref="12070068112"/>
    <nd ref="12070068110"/>
    <nd ref="12070068111"/>
    <tag k="addr:city" v="Worksop"/>
    <tag k="addr:housenumber" v="113"/>
    <tag k="addr:postcode" v="S81 9JP"/>
    <tag k="addr:street" v="Northumberland Avenue"/>
    <tag k="building" v="house"/>
    <tag k="ref:GB:uprn" v="100031294104"/>
  </way>
  <way id="1303294374" version="4" timestamp="2025-09-21T23:28:17Z" changeset="172269123" uid="8857" user="philipcullen">
    <nd ref="12070068115"/>
    <nd ref="12070068114"/>
    <nd ref="12070068113"/>
    <nd ref="12070068112"/>
    <nd ref="12070068115"/>
    <tag k="addr:city" v="Worksop"/>
    <tag k="addr:housenumber" v="111"/>
    <tag k="addr:postcode" v="S81 9JP"/>
    <tag k="addr:street" v="Northumberland Avenue"/>
    <tag k="building" v="house"/>
    <tag k="ref:GB:uprn" v="100031294103"/>
  </way>
  <way id="1303294375" version="4" timestamp="2025-09-21T23:28:17Z" changeset="172269123" uid="8857" user="philipcullen">
    <nd ref="12070068117"/>
    <nd ref="12070068121"/>
    <nd ref="12070068118"/>
    <nd ref="12070068116"/>
    <nd ref="12070068092"/>
    <nd ref="12070068117"/>
    <tag k="addr:city" v="Worksop"/>
    <tag k="addr:housenumber" v="117"/>
    <tag k="addr:postcode" v="S81 9JP"/>
    <tag k="addr:street" v="Northumberland Avenue"/>
    <tag k="building" v="house"/>
    <tag k="ref:GB:uprn" v="100031294106"/>
  </way>
  <way id="1303294376" version="4" timestamp="2025-09-21T23:28:17Z" changeset="172269123" uid="8857" user="philipcullen">
    <nd ref="12070068121"/>
    <nd ref="12070068120"/>
    <nd ref="12070068119"/>
    <nd ref="12070068118"/>
    <nd ref="12070068121"/>
    <tag k="addr:city" v="Worksop"/>
    <tag k="addr:housenumber" v="115"/>
    <tag k="addr:postcode" v="S81 9JP"/>
    <tag k="addr:street" v="Northumberland Avenue"/>
    <tag k="building" v="house"/>
    <tag k="ref:GB:uprn" v="100031294105"/>
  </way>
  <way id="1318428231" version="1" timestamp="2024-09-26T13:39:37Z" changeset="157129597" uid="10370720" user="okwithmydecay">
    <nd ref="737898014"/>
    <nd ref="12201856303"/>
    <tag k="highway" v="residential"/>
    <tag k="lit" v="yes"/>
    <tag k="name" v="Kingston Road"/>
    <tag k="sidewalk" v="no"/>
    <tag k="source" v="OS OpenData StreetView"/>
    <tag k="surface" v="paved"/>
  </way>
  <way id="1395009199" version="3" timestamp="2025-09-21T23:28:17Z" changeset="172269123" uid="8857" user="philipcullen">
    <nd ref="12912801980"/>
    <nd ref="12912801981"/>
    <nd ref="12912801982"/>
    <nd ref="12912801983"/>
    <nd ref="12912801980"/>
    <tag k="addr:city" v="Worksop"/>
    <tag k="addr:housename" v="Holbeck"/>
    <tag k="addr:housenumber" v="2"/>
    <tag k="addr:postcode" v="S81 9JU"/>
    <tag k="addr:street" v="Doncaster Road"/>
    <tag k="building" v="house"/>
    <tag k="name" v="2"/>
    <tag k="ref:GB:uprn" v="10023266958"/>
  </way>
  <way id="1395009200" version="3" timestamp="2025-09-21T23:28:17Z" changeset="172269123" uid="8857" user="philipcullen">
    <nd ref="12912801984"/>
    <nd ref="12912801985"/>
    <nd ref="12912801986"/>
    <nd ref="12912801987"/>
    <nd ref="12912801984"/>
    <tag k="addr:city" v="Worksop"/>
    <tag k="addr:housenumber" v="4"/>
    <tag k="addr:postcode" v="S81 9JU"/>
    <tag k="addr:street" v="Doncaster Road"/>
    <tag k="building" v="house"/>
    <tag k="name" v="4"/>
    <tag k="ref:GB:uprn" v="10023266960"/>
  </way>
  <way id="1395009201" version="3" timestamp="2025-09-21T23:28:17Z" changeset="172269123" uid="8857" user="philipcullen">
    <nd ref="12912801988"/>
    <nd ref="12912801989"/>
    <nd ref="12912801990"/>
    <nd ref="12912801991"/>
    <nd ref="12912801992"/>
    <nd ref="12912801993"/>
    <nd ref="12912801994"/>
    <nd ref="12912801995"/>
    <nd ref="12912801988"/>
    <tag k="addr:city" v="Worksop"/>
    <tag k="addr:housenumber" v="6"/>
    <tag k="addr:postcode" v="S81 9JU"/>
    <tag k="addr:street" v="Doncaster Road"/>
    <tag k="building" v="house"/>
    <tag k="name" v="6"/>
    <tag k="ref:GB:uprn" v="10013973186"/>
  </way>
  <way id="1395009202" version="3" timestamp="2025-09-21T23:28:17Z" changeset="172269123" uid="8857" user="philipcullen">
    <nd ref="12912801996"/>
    <nd ref="12912801997"/>
    <nd ref="12912801998"/>
    <nd ref="12912801999"/>
    <nd ref="12912801996"/>
    <tag k="addr:city" v="Worksop"/>
    <tag k="addr:housename" v="Sunleigh"/>
    <tag k="addr:housenumber" v="22"/>
    <tag k="addr:postcode" v="S81 9JU"/>
    <tag k="addr:street" v="Doncaster Road"/>
    <tag k="building" v="house"/>
    <tag k="name" v="Sunleigh, 22"/>
    <tag k="ref:GB:uprn" v="10013973148"/>
  </way>
  <way id="1395009203" version="4" timestamp="2025-09-21T23:28:17Z" changeset="172269123" uid="8857" user="philipcullen">
    <nd ref="12912802000"/>
    <nd ref="12912818501"/>
    <nd ref="12912818502"/>
    <nd ref="12912826039"/>
    <nd ref="12912818503"/>
    <nd ref="12912802000"/>
    <tag k="addr:city" v="Worksop"/>
    <tag k="addr:housenumber" v="24"/>
    <tag k="addr:postcode" v="S81 9JU"/>
    <tag k="addr:street" v="Doncaster Road"/>
    <tag k="building" v="house"/>
    <tag k="name" v="24"/>
    <tag k="ref:GB:uprn" v="10013973146"/>
  </way>
  <way id="1395010242" version="3" timestamp="2025-09-21T23:28:17Z" changeset="172269123" uid="8857" user="philipcullen">
    <nd ref="12912821659"/>
    <nd ref="12912821660"/>
    <nd ref="12912821661"/>
    <nd ref="12912821662"/>
    <nd ref="12912821659"/>
    <tag k="addr:city" v="Worksop"/>
    <tag k="addr:housenumber" v="8"/>
    <tag k="addr:postcode" v="S81 9JU"/>
    <tag k="addr:street" v="Doncaster Road"/>
    <tag k="building" v="house"/>
    <tag k="name" v="8"/>
    <tag k="ref:GB:uprn" v="10023266962"/>
  </way>
  <way id="1395010243" version="4" timestamp="2025-09-21T23:28:17Z" changeset="172269123" uid="8857" user="philipcullen">
    <nd ref="12912821662"/>
    <nd ref="12912821661"/>
    <nd ref="12912821664"/>
    <nd ref="13160883655"/>
    <nd ref="13160883656"/>
    <nd ref="12912821665"/>
    <nd ref="12912821666"/>
    <nd ref="12912821662"/>
    <tag k="addr:city" v="Worksop"/>
    <tag k="addr:housenumber" v="10"/>
    <tag k="addr:postcode" v="S81 9JU"/>
    <tag k="addr:street" v="Doncaster Road"/>
    <tag k="building" v="house"/>
    <tag k="name" v="10"/>
    <tag k="ref:GB:uprn" v="10013973147"/>
  </way>
  <way id="1395010244" version="3" timestamp="2025-09-21T23:28:17Z" changeset="172269123" uid="8857" user="philipcullen">
    <nd ref="12912821667"/>
    <nd ref="12912821668"/>
    <nd ref="12912821669"/>
    <nd ref="12912821670"/>
    <nd ref="12912821667"/>
    <tag k="addr:city" v="Worksop"/>
    <tag k="addr:housenumber" v="12"/>
    <tag k="addr:postcode" v="S81 9JU"/>
    <tag k="addr:street" v="Doncaster Road"/>
    <tag k="building" v="house"/>
    <tag k="name" v="12"/>
    <tag k="ref:GB:uprn" v="10013973167"/>
  </way>
  <way id="1395012178" version="3" timestamp="2025-09-21T23:28:17Z" changeset="172269123" uid="8857" user="philipcullen">
    <nd ref="12912826025"/>
    <nd ref="12912826026"/>
    <nd ref="12912821670"/>
    <nd ref="12912821669"/>
    <nd ref="12912826025"/>
    <tag k="addr:city" v="Worksop"/>
    <tag k="addr:housenumber" v="14"/>
    <tag k="addr:postcode" v="S81 9JU"/>
    <tag k="addr:street" v="Doncaster Road"/>
    <tag k="building" v="house"/>
    <tag k="name" v="14"/>
    <tag k="ref:GB:uprn" v="10023266964"/>
  </way>
  <way id="1395012179" version="3" timestamp="2025-09-21T23:28:17Z" changeset="172269123" uid="8857" user="philipcullen">
    <nd ref="12912826027"/>
    <nd ref="12912826028"/>
    <nd ref="12912826029"/>
    <nd ref="12912826030"/>
    <nd ref="12912826027"/>
    <tag k="addr:city" v="Worksop"/>
    <tag k="addr:housenumber" v="16"/>
    <tag k="addr:postcode" v="S81 9JU"/>
    <tag k="addr:street" v="Doncaster Road"/>
    <tag k="building" v="house"/>
    <tag k="name" v="16"/>
    <tag k="ref:GB:uprn" v="10013973187"/>
  </way>
  <way id="1395012180" version="4" timestamp="2025-09-21T23:28:17Z" changeset="172269123" uid="8857" user="philipcullen">
    <nd ref="12912826029"/>
    <nd ref="12912826032"/>
    <nd ref="12912826033"/>
    <nd ref="12912826030"/>
    <nd ref="12912826029"/>
    <tag k="addr:city" v="Worksop"/>
    <tag k="addr:housenumber" v="18"/>
    <tag k="addr:postcode" v="S81 9JU"/>
    <tag k="addr:street" v="Doncaster Road"/>
    <tag k="building" v="house"/>
    <tag k="name" v="18"/>
    <tag k="ref:GB:uprn" v="10013973185"/>
  </way>
  <way id="1395012181" version="4" timestamp="2025-09-21T23:28:17Z" changeset="172269123" uid="8857" user="philipcullen">
    <nd ref="12912801996"/>
    <nd ref="12912801997"/>
    <nd ref="12912826037"/>
    <nd ref="12912826038"/>
    <nd ref="12912801996"/>
    <tag k="addr:city" v="Worksop"/>
    <tag k="addr:housenumber" v="20"/>
    <tag k="addr:postcode" v="S81 9JU"/>
    <tag k="addr:street" v="Doncaster Road"/>
    <tag k="building" v="house"/>
    <tag k="name" v="20"/>
    <tag k="ref:GB:uprn" v="10013973170"/>
  </way>
  <way id="1395012182" version="4" timestamp="2025-09-21T23:28:17Z" changeset="172269123" uid="8857" user="philipcullen">
    <nd ref="12912826039"/>
    <nd ref="12912818503"/>
    <nd ref="12912826041"/>
    <nd ref="12912826042"/>
    <nd ref="12912826039"/>
    <tag k="addr:city" v="Worksop"/>
    <tag k="addr:housenumber" v="26"/>
    <tag k="addr:postcode" v="S81 9JU"/>
    <tag k="addr:street" v="Doncaster Road"/>
    <tag k="building" v="house"/>
    <tag k="name" v="26"/>
    <tag k="ref:GB:uprn" v="10090212276"/>
  </way>
  <way id="1395013037" version="1" timestamp="2025-06-13T15:27:32Z" changeset="167580535" uid="22999870" user="Ben Hanson">
    <nd ref="612902931"/>
    <nd ref="175860853"/>
    <nd ref="737893219"/>
    <nd ref="175860859"/>
    <nd ref="175860865"/>
    <nd ref="1796473969"/>
    <nd ref="175860869"/>
    <nd ref="1796473970"/>
    <nd ref="1796473789"/>
    <nd ref="754505498"/>
    <nd ref="7849250388"/>
    <nd ref="175860871"/>
    <tag k="highway" v="primary"/>
    <tag k="lit" v="yes"/>
    <tag k="maxspeed" v="30 mph"/>
    <tag k="name" v="Doncaster Road"/>
    <tag k="ref" v="A60"/>
  </way>

</osm>
