<?xml version="1.0" encoding="UTF-8"?>
<osm version="0.6" generator="Overpass API 0.7.62.8 e802775f">
<note>The data included in this document is from www.openstreetmap.org. The data is made available under ODbL.</note>
<meta osm_base="2025-10-22T20:43:04Z" areas="2025-10-22T12:59:44Z"/>

  <node id="42448845" lat="57.1622360" lon="-2.0796852" version="4" timestamp="2015-10-10T09:09:25Z" changeset="34545552" uid="605122" user="neiljp"/>
  <node id="42448870" lat="57.1744336" lon="-2.0913320" version="8" timestamp="2024-09-05T19:43:29Z" changeset="156246333" uid="16951803" user="Vas111"/>
  <node id="51934458" lat="57.1762889" lon="-2.0901783" version="4" timestamp="2022-09-24T21:34:26Z" changeset="126597721" uid="4988361" user="FlawOfAverages"/>
  <node id="60217083" lat="57.1712210" lon="-2.0947184" version="8" timestamp="2023-02-01T10:51:59Z" changeset="131957875" uid="16951803" user="Vas111">
    <tag k="highway" v="traffic_signals"/>
    <tag k="traffic_signals" v="traffic_lights"/>
    <tag k="traffic_signals:direction" v="both"/>
  </node>
  <node id="60217551" lat="57.1667521" lon="-2.0968896" version="7" timestamp="2024-09-15T16:40:25Z" changeset="156655742" uid="16951803" user="Vas111"/>
  <node id="60218259" lat="57.1742051" lon="-2.0915749" version="5" timestamp="2022-07-08T22:03:16Z" changeset="123382894" uid="11115677" user="soilinvestigator83"/>
  <node id="60219015" lat="57.1684709" lon="-2.0951245" version="3" timestamp="2020-06-05T03:49:14Z" changeset="86217197" uid="10259484" user="calibase"/>
  <node id="1426552976" lat="57.1652568" lon="-2.0974653" version="4" timestamp="2020-06-15T02:32:27Z" changeset="86640155" uid="10259484" user="calibase"/>
  <node id="1426552983" lat="57.1645481" lon="-2.0970057" version="5" timestamp="2022-10-21T16:28:28Z" changeset="127893230" uid="4988361" user="FlawOfAverages">
    <tag k="cycleway" v="asl"/>
    <tag k="direction" v="forward"/>
    <tag k="source" v="survey"/>
  </node>
  <node id="1496291532" lat="57.1669651" lon="-2.0970498" version="5" timestamp="2024-09-15T16:40:25Z" changeset="156655742" uid="16951803" user="Vas111"/>
  <node id="1498844064" lat="57.1614378" lon="-2.0952935" version="4" timestamp="2020-06-11T20:55:57Z" changeset="86533976" uid="10259484" user="calibase"/>
  <node id="3205493553" lat="57.1626564" lon="-2.0968263" version="4" timestamp="2020-06-10T19:36:12Z" changeset="86479972" uid="10259484" user="calibase"/>
  <node id="3330581526" lat="57.1610176" lon="-2.0870465" version="3" timestamp="2020-06-19T12:46:41Z" changeset="86878201" uid="10259484" user="calibase"/>
  <node id="3330581529" lat="57.1620500" lon="-2.0872423" version="2" timestamp="2018-08-28T19:20:40Z" changeset="62082247" uid="2110168" user="TheEditor101"/>
  <node id="6233216333" lat="57.1699269" lon="-2.0954144" version="2" timestamp="2022-07-08T22:03:16Z" changeset="123382894" uid="11115677" user="soilinvestigator83"/>
  <node id="6270361007" lat="57.1672538" lon="-2.0967866" version="2" timestamp="2020-06-15T02:32:27Z" changeset="86640155" uid="10259484" user="calibase"/>
  <node id="6270361052" lat="57.1686007" lon="-2.0960985" version="6" timestamp="2022-07-08T22:03:16Z" changeset="123382894" uid="11115677" user="soilinvestigator83"/>
  <node id="7593798940" lat="57.1721646" lon="-2.0938912" version="1" timestamp="2020-06-05T00:45:51Z" changeset="86213717" uid="10259484" user="calibase"/>
  <node id="7596303126" lat="57.1729005" lon="-2.0930564" version="3" timestamp="2022-07-08T22:03:16Z" changeset="123382894" uid="11115677" user="soilinvestigator83"/>
  <node id="7596303470" lat="57.1676521" lon="-2.0965805" version="1" timestamp="2020-06-05T18:04:42Z" changeset="86256904" uid="10259484" user="calibase"/>
  <node id="9875411859" lat="57.1704240" lon="-2.0951595" version="1" timestamp="2022-07-08T22:03:16Z" changeset="123382894" uid="11115677" user="soilinvestigator83"/>
  <node id="12498976294" lat="57.1724320" lon="-2.0935882" version="1" timestamp="2025-01-13T20:23:30Z" changeset="161323885" uid="16951803" user="Vas111"/>
  <node id="12498976297" lat="57.1629810" lon="-2.0969083" version="1" timestamp="2025-01-13T20:23:30Z" changeset="161323885" uid="16951803" user="Vas111"/>
  <way id="4677818" version="17" timestamp="2025-04-01T02:59:30Z" changeset="164354862" uid="10232346" user="lottie1040">
    <nd ref="29708058"/>
    <nd ref="11195502897"/>
    <nd ref="29708059"/>
    <nd ref="11195502898"/>
    <nd ref="11195502899"/>
    <nd ref="29708060"/>
    <tag k="abutters" v="residential"/>
    <tag k="cycleway:both" v="no"/>
    <tag k="highway" v="residential"/>
    <tag k="lane_markings" v="no"/>
    <tag k="lanes" v="2"/>
    <tag k="lit" v="yes"/>
    <tag k="maxspeed" v="30 mph"/>
    <tag k="maxspeed:type" v="GB:nsl_restricted"/>
    <tag k="name" v="School Avenue"/>
    <tag k="parking:right" v="yes"/>
    <tag k="parking:right:orientation" v="parallel"/>
    <tag k="sidewalk" v="both"/>
    <tag k="sidewalk:both:surface" v="asphalt"/>
    <tag k="source:width" v="ARCore"/>
    <tag k="surface" v="asphalt"/>
    <tag k="width" v="5.2"/>
  </way>
  <way id="4677819" version="30" timestamp="2025-04-01T02:59:30Z" changeset="164354862" uid="10232346" user="lottie1040">
    <nd ref="29708053"/>
    <nd ref="3538620207"/>
    <nd ref="3538620206"/>
    <nd ref="2281920150"/>
    <nd ref="6780162358"/>
    <nd ref="3538620208"/>
    <nd ref="3538620209"/>
    <nd ref="8341984386"/>
    <nd ref="1496291740"/>
    <nd ref="8341984376"/>
    <nd ref="8341984385"/>
    <nd ref="8341984398"/>
    <nd ref="8341984392"/>
    <nd ref="2772207659"/>
    <nd ref="29708058"/>
    <nd ref="6780120397"/>
    <tag k="abutters" v="residential"/>
    <tag k="highway" v="residential"/>
    <tag k="lanes" v="2"/>
    <tag k="lit" v="yes"/>
    <tag k="maxspeed" v="30 mph"/>
    <tag k="maxspeed:advisory" v="20 mph"/>
    <tag k="maxspeed:type" v="GB:nsl_restricted"/>
    <tag k="name" v="Regent Walk"/>
    <tag k="parking:right" v="yes"/>
    <tag k="parking:right:orientation" v="parallel"/>
    <tag k="sidewalk" v="both"/>
    <tag k="sidewalk:both:surface" v="asphalt"/>
    <tag k="surface" v="asphalt"/>
  </way>
  <way id="4677822" version="10" timestamp="2025-04-01T02:59:30Z" changeset="164354862" uid="10232346" user="lottie1040">
    <nd ref="29708070"/>
    <nd ref="29708075"/>
    <tag k="abutters" v="residential"/>
    <tag k="highway" v="residential"/>
    <tag k="lanes" v="2"/>
    <tag k="lit" v="yes"/>
    <tag k="maxspeed" v="20 mph"/>
    <tag k="maxspeed:type" v="GB:zone20"/>
    <tag k="name" v="School Terrace"/>
    <tag k="parking:both" v="yes"/>
    <tag k="parking:both:orientation" v="parallel"/>
    <tag k="sidewalk" v="both"/>
    <tag k="sidewalk:both:surface" v="asphalt"/>
    <tag k="surface" v="asphalt"/>
  </way>
  <way id="4677823" version="21" timestamp="2025-04-01T02:59:30Z" changeset="164354862" uid="10232346" user="lottie1040">
    <nd ref="1426552976"/>
    <nd ref="1426552967"/>
    <nd ref="1426552934"/>
    <nd ref="1426552958"/>
    <nd ref="6784729397"/>
    <nd ref="1426552936"/>
    <nd ref="6784338585"/>
    <nd ref="6784338602"/>
    <nd ref="6784338630"/>
    <nd ref="29708078"/>
    <nd ref="6784338639"/>
    <nd ref="6784338675"/>
    <nd ref="29708077"/>
    <nd ref="6784338666"/>
    <nd ref="6784338682"/>
    <nd ref="6784338691"/>
    <nd ref="6784338692"/>
    <nd ref="6784338700"/>
    <nd ref="6784338712"/>
    <nd ref="6784338702"/>
    <nd ref="29708059"/>
    <nd ref="29708076"/>
    <nd ref="29708068"/>
    <nd ref="6780120539"/>
    <nd ref="7596497990"/>
    <nd ref="6780120540"/>
    <nd ref="7596497991"/>
    <nd ref="7596469679"/>
    <nd ref="29708109"/>
    <nd ref="7596469678"/>
    <nd ref="11195502916"/>
    <nd ref="29708069"/>
    <tag k="cycleway:both" v="no"/>
    <tag k="highway" v="residential"/>
    <tag k="lane_markings" v="no"/>
    <tag k="lanes" v="2"/>
    <tag k="lit" v="yes"/>
    <tag k="maxspeed" v="30 mph"/>
    <tag k="maxspeed:type" v="GB:nsl_restricted"/>
    <tag k="name" v="School Drive"/>
    <tag k="parking:right" v="yes"/>
    <tag k="parking:right:orientation" v="parallel"/>
    <tag k="sidewalk" v="both"/>
    <tag k="sidewalk:both:surface" v="asphalt"/>
    <tag k="source:width" v="ARCore"/>
    <tag k="surface" v="asphalt"/>
    <tag k="width" v="5.5"/>
  </way>
  <way id="4677824" version="15" timestamp="2024-09-10T19:19:21Z" changeset="156454873" uid="16951803" user="Vas111">
    <nd ref="29708077"/>
    <nd ref="29708079"/>
    <nd ref="6780239236"/>
    <nd ref="29708080"/>
    <nd ref="5507174334"/>
    <nd ref="29708107"/>
    <nd ref="6780239237"/>
    <nd ref="29708108"/>
    <nd ref="29708078"/>
    <tag k="abutters" v="residential"/>
    <tag k="cycleway:both" v="no"/>
    <tag k="highway" v="residential"/>
    <tag k="lane_markings" v="no"/>
    <tag k="lanes" v="2"/>
    <tag k="lit" v="yes"/>
    <tag k="maxspeed" v="30 mph"/>
    <tag k="maxspeed:type" v="GB:nsl_restricted"/>
    <tag k="name" v="School Drive"/>
    <tag k="sidewalk" v="right"/>
    <tag k="sidewalk:right:surface" v="asphalt"/>
    <tag k="source:width" v="ARCore"/>
    <tag k="surface" v="asphalt"/>
    <tag k="width" v="5.5"/>
  </way>
  <way id="4677825" version="19" timestamp="2025-04-01T02:59:30Z" changeset="164354862" uid="10232346" user="lottie1040">
    <nd ref="7596469679"/>
    <nd ref="6780120538"/>
    <nd ref="1496291671"/>
    <nd ref="7596497985"/>
    <nd ref="1496291557"/>
    <nd ref="7596497986"/>
    <nd ref="1496291530"/>
    <nd ref="1496291602"/>
    <nd ref="7596497987"/>
    <nd ref="7275529927"/>
    <nd ref="1496291684"/>
    <nd ref="7596497988"/>
    <nd ref="7620857403"/>
    <nd ref="29708068"/>
    <tag k="abutters" v="residential"/>
    <tag k="cycleway:both" v="no"/>
    <tag k="highway" v="residential"/>
    <tag k="lane_markings" v="no"/>
    <tag k="lanes" v="2"/>
    <tag k="lit" v="yes"/>
    <tag k="maxspeed" v="30 mph"/>
    <tag k="maxspeed:type" v="GB:nsl_restricted"/>
    <tag k="name" v="School Drive"/>
    <tag k="parking:left" v="yes"/>
    <tag k="parking:left:orientation" v="parallel"/>
    <tag k="sidewalk" v="left"/>
    <tag k="sidewalk:left:surface" v="asphalt"/>
    <tag k="source:width" v="ARCore"/>
    <tag k="surface" v="asphalt"/>
    <tag k="width" v="5.5"/>
  </way>
  <way id="4677826" version="18" timestamp="2025-04-01T02:59:30Z" changeset="164354862" uid="10232346" user="lottie1040">
    <nd ref="7596469678"/>
    <nd ref="7596469680"/>
    <nd ref="29708112"/>
    <nd ref="7596469681"/>
    <nd ref="6779912783"/>
    <nd ref="7596469682"/>
    <nd ref="29708113"/>
    <nd ref="7596469683"/>
    <nd ref="7596469684"/>
    <nd ref="6779912782"/>
    <nd ref="6779912781"/>
    <nd ref="29708114"/>
    <tag k="abutters" v="residential"/>
    <tag k="cycleway:both" v="no"/>
    <tag k="highway" v="residential"/>
    <tag k="lane_markings" v="no"/>
    <tag k="lanes" v="1"/>
    <tag k="lit" v="yes"/>
    <tag k="maxspeed" v="30 mph"/>
    <tag k="maxspeed:type" v="GB:nsl_restricted"/>
    <tag k="name" v="School Place"/>
    <tag k="oneway" v="no"/>
    <tag k="parking:right" v="yes"/>
    <tag k="parking:right:orientation" v="perpendicular"/>
    <tag k="sidewalk" v="left"/>
    <tag k="sidewalk:left:surface" v="asphalt"/>
    <tag k="source:width" v="ARCore"/>
    <tag k="surface" v="asphalt"/>
    <tag k="width" v="3.6"/>
  </way>
  <way id="4677828" version="11" timestamp="2024-09-10T19:19:21Z" changeset="156454873" uid="16951803" user="Vas111">
    <nd ref="29708071"/>
    <nd ref="11195502910"/>
    <nd ref="29708116"/>
    <nd ref="6780265309"/>
    <nd ref="8505558016"/>
    <nd ref="8505588917"/>
    <nd ref="8505588918"/>
    <nd ref="8505588919"/>
    <nd ref="8505588921"/>
    <nd ref="8505588920"/>
    <tag k="abutters" v="residential"/>
    <tag k="highway" v="residential"/>
    <tag k="lanes" v="2"/>
    <tag k="lit" v="yes"/>
    <tag k="maxspeed" v="20 mph"/>
    <tag k="maxspeed:type" v="GB:zone20"/>
    <tag k="name" v="School Walk"/>
    <tag k="sidewalk:left" v="separate"/>
    <tag k="sidewalk:right" v="no"/>
    <tag k="surface" v="asphalt"/>
  </way>
  <way id="4677838" version="10" timestamp="2024-07-09T13:17:45Z" changeset="153744637" uid="16951803" user="Vas111">
    <nd ref="1498844066"/>
    <nd ref="7624409709"/>
    <nd ref="6773550316"/>
    <nd ref="6773550317"/>
    <nd ref="6773550318"/>
    <nd ref="7624409714"/>
    <nd ref="6773550319"/>
    <nd ref="7624409705"/>
    <nd ref="7624409708"/>
    <nd ref="7624409706"/>
    <nd ref="7624409707"/>
    <tag k="access" v="private"/>
    <tag k="highway" v="residential"/>
    <tag k="lane_markings" v="no"/>
    <tag k="lit" v="yes"/>
    <tag k="maxspeed" v="30 mph"/>
    <tag k="maxspeed:type" v="GB:nsl_restricted"/>
    <tag k="name" v="Linksfield Gardens"/>
    <tag k="surface" v="asphalt"/>
  </way>
  <way id="5671671" version="50" timestamp="2025-01-13T20:23:30Z" changeset="161323885" uid="16951803" user="Vas111">
    <nd ref="42448870"/>
    <nd ref="2359030770"/>
    <nd ref="51930805"/>
    <nd ref="924638730"/>
    <tag k="cycleway:right" v="no"/>
    <tag k="highway" v="primary"/>
    <tag k="lanes" v="2"/>
    <tag k="lit" v="yes"/>
    <tag k="maxspeed" v="30 mph"/>
    <tag k="maxspeed:type" v="GB:nsl_restricted"/>
    <tag k="name" v="King Street"/>
    <tag k="name:en" v="King Street"/>
    <tag k="old_ref" v="A92"/>
    <tag k="oneway" v="yes"/>
    <tag k="parking:both" v="no"/>
    <tag k="parking:both:restriction" v="no_parking"/>
    <tag k="ref" v="A956"/>
    <tag k="sidewalk" v="left"/>
    <tag k="sidewalk:left:surface" v="asphalt"/>
    <tag k="smoothness" v="good"/>
    <tag k="source:ref" v="OS_OpenData_StreetView"/>
    <tag k="surface" v="asphalt"/>
    <tag k="wikidata" v="Q6412074"/>
  </way>
  <way id="6225986" version="45" timestamp="2025-01-13T20:23:30Z" changeset="161323885" uid="16951803" user="Vas111">
    <nd ref="51935105"/>
    <nd ref="6233216338"/>
    <nd ref="42448870"/>
    <tag k="cycleway" v="no"/>
    <tag k="highway" v="primary"/>
    <tag k="lanes" v="1"/>
    <tag k="lit" v="yes"/>
    <tag k="maxspeed" v="30 mph"/>
    <tag k="maxspeed:type" v="GB:nsl_restricted"/>
    <tag k="name" v="King Street"/>
    <tag k="name:en" v="King Street"/>
    <tag k="old_ref" v="A92"/>
    <tag k="oneway" v="yes"/>
    <tag k="parking:both" v="no"/>
    <tag k="parking:both:restriction" v="no_parking"/>
    <tag k="ref" v="A956"/>
    <tag k="sidewalk" v="no"/>
    <tag k="smoothness" v="good"/>
    <tag k="source:ref" v="OS_OpenData_StreetView"/>
    <tag k="surface" v="asphalt"/>
    <tag k="wikidata" v="Q6412074"/>
  </way>
  <way id="6226028" version="25" timestamp="2025-09-26T11:30:25Z" changeset="172480701" uid="16951803" user="Vas111">
    <nd ref="51934458"/>
    <nd ref="5425710913"/>
    <nd ref="5425710912"/>
    <nd ref="5425710910"/>
    <nd ref="5425710909"/>
    <nd ref="51935105"/>
    <tag k="bridge" v="yes"/>
    <tag k="bridge:name" v="Bridge of Don"/>
    <tag k="bridge:name:en" v="Bridge of Don"/>
    <tag k="bridge:name:sco" v="Brig o' Don"/>
    <tag k="cycleway:left" v="no"/>
    <tag k="highway" v="primary"/>
    <tag k="lanes" v="2"/>
    <tag k="layer" v="1"/>
    <tag k="lit" v="yes"/>
    <tag k="maxspeed" v="30 mph"/>
    <tag k="maxspeed:type" v="GB:nsl_restricted"/>
    <tag k="maxweight:signed" v="no"/>
    <tag k="name" v="Ellon Road"/>
    <tag k="old_ref" v="A92"/>
    <tag k="oneway" v="yes"/>
    <tag k="parking:both" v="no"/>
    <tag k="parking:both:restriction" v="no_parking"/>
    <tag k="ref" v="A956"/>
    <tag k="shoulder" v="no"/>
    <tag k="sidewalk" v="left"/>
    <tag k="sidewalk:left:surface" v="paving_stones"/>
    <tag k="smoothness" v="good"/>
    <tag k="source:ref" v="OS_OpenData_StreetView"/>
    <tag k="surface" v="asphalt"/>
    <tag k="turn:lanes" v="left|through"/>
    <tag k="turn:psv:lanes" v="left;through|through"/>
  </way>
  <way id="6226103" version="20" timestamp="2024-12-06T18:06:14Z" changeset="160004493" uid="16951803" user="Vas111">
    <nd ref="51935105"/>
    <nd ref="1426543812"/>
    <nd ref="1426543817"/>
    <nd ref="51936691"/>
    <nd ref="5425710908"/>
    <nd ref="51936692"/>
    <nd ref="51936694"/>
    <tag k="cycleway:left" v="no"/>
    <tag k="highway" v="tertiary"/>
    <tag k="lane_markings" v="no"/>
    <tag k="lit" v="yes"/>
    <tag k="maxspeed" v="30 mph"/>
    <tag k="maxspeed:type" v="GB:nsl_restricted"/>
    <tag k="maxwidth" v="2.1"/>
    <tag k="name" v="Esplanade"/>
    <tag k="oneway" v="yes"/>
    <tag k="parking:both" v="no"/>
    <tag k="parking:both:restriction" v="no_parking"/>
    <tag k="sidewalk" v="left"/>
    <tag k="sidewalk:left:surface" v="paving_stones"/>
    <tag k="smoothness" v="good"/>
    <tag k="surface" v="asphalt"/>
    <tag k="width" v="6"/>
  </way>
  <way id="6226106" version="18" timestamp="2024-10-01T17:35:06Z" changeset="157350215" uid="16951803" user="Vas111">
    <nd ref="51936694"/>
    <nd ref="12158432416"/>
    <nd ref="7644347850"/>
    <nd ref="51936774"/>
    <nd ref="5592672541"/>
    <nd ref="51936776"/>
    <nd ref="12158432417"/>
    <nd ref="3780611831"/>
    <tag k="cycleway" v="no"/>
    <tag k="highway" v="tertiary_link"/>
    <tag k="lanes" v="1"/>
    <tag k="lit" v="yes"/>
    <tag k="maxspeed" v="30 mph"/>
    <tag k="maxspeed:type" v="GB:nsl_restricted"/>
    <tag k="oneway" v="yes"/>
    <tag k="parking:both" v="no"/>
    <tag k="parking:both:restriction" v="no_parking"/>
    <tag k="sidewalk" v="no"/>
    <tag k="smoothness" v="good"/>
    <tag k="surface" v="asphalt"/>
    <tag k="turn" v="reverse"/>
    <tag k="width" v="6"/>
  </way>
  <way id="8053482" version="22" timestamp="2025-06-27T20:00:16Z" changeset="168202771" uid="16951803" user="Vas111">
    <nd ref="60217083"/>
    <nd ref="9464513943"/>
    <nd ref="6196529540"/>
    <nd ref="60217084"/>
    <nd ref="6196529539"/>
    <nd ref="6196529538"/>
    <nd ref="60217085"/>
    <nd ref="60216766"/>
    <tag k="check_date" v="2025-06-26"/>
    <tag k="cycleway" v="no"/>
    <tag k="highway" v="residential"/>
    <tag k="lanes" v="2"/>
    <tag k="lit" v="yes"/>
    <tag k="maxspeed" v="20 mph"/>
    <tag k="maxspeed:type" v="GB:zone20"/>
    <tag k="name" v="Don Street"/>
    <tag k="name:en" v="Don Street"/>
    <tag k="name:gd" v="Sràid Don"/>
    <tag k="name:sco" v="Don Street"/>
    <tag k="parking:both" v="no"/>
    <tag k="parking:both:restriction" v="no_parking"/>
    <tag k="sidewalk" v="both"/>
    <tag k="sidewalk:both:surface" v="asphalt"/>
    <tag k="smoothness" v="good"/>
    <tag k="surface" v="asphalt"/>
  </way>
  <way id="8053583" version="41" timestamp="2025-01-13T20:23:30Z" changeset="161323885" uid="16951803" user="Vas111">
    <nd ref="6270361007"/>
    <nd ref="3676191556"/>
    <nd ref="1426552990"/>
    <tag k="cycleway:left" v="no"/>
    <tag k="hazard" v="school_zone"/>
    <tag k="highway" v="primary"/>
    <tag k="lanes" v="2"/>
    <tag k="lit" v="yes"/>
    <tag k="maxspeed" v="30 mph"/>
    <tag k="maxspeed:conditional" v="20 mph @ flashing"/>
    <tag k="maxspeed:type" v="GB:nsl_restricted"/>
    <tag k="name" v="King Street"/>
    <tag k="name:en" v="King Street"/>
    <tag k="oneway" v="yes"/>
    <tag k="parking:both" v="no"/>
    <tag k="parking:both:restriction" v="no_stopping"/>
    <tag k="ref" v="A956"/>
    <tag k="sidewalk" v="left"/>
    <tag k="sidewalk:left:surface" v="paving_stones"/>
    <tag k="surface" v="asphalt"/>
    <tag k="turn:lanes" v="left;through|through;right"/>
    <tag k="wikidata" v="Q6412074"/>
  </way>
  <way id="8053585" version="16" timestamp="2025-01-08T12:21:49Z" changeset="161131503" uid="4988361" user="FlawOfAverages">
    <nd ref="60217548"/>
    <nd ref="3676191552"/>
    <tag k="cycleway:left" v="no"/>
    <tag k="highway" v="tertiary"/>
    <tag k="highway_authority_ref" v="C158C"/>
    <tag k="lanes" v="2"/>
    <tag k="lit" v="yes"/>
    <tag k="maxspeed" v="20 mph"/>
    <tag k="maxspeed:type" v="GB:zone20"/>
    <tag k="name" v="School Road"/>
    <tag k="oneway" v="yes"/>
    <tag k="parking:both" v="no"/>
    <tag k="parking:both:restriction" v="no_stopping"/>
    <tag k="sidewalk:left" v="separate"/>
    <tag k="sidewalk:left:surface" v="paving_stones"/>
    <tag k="sidewalk:right" v="no"/>
    <tag k="smoothness" v="excellent"/>
    <tag k="surface" v="asphalt"/>
  </way>
  <way id="8053586" version="16" timestamp="2025-01-08T12:21:56Z" changeset="161131503" uid="4988361" user="FlawOfAverages">
    <nd ref="60217784"/>
    <nd ref="3676191548"/>
    <nd ref="293989514"/>
    <tag k="cycleway:left" v="no"/>
    <tag k="highway" v="tertiary"/>
    <tag k="highway_authority_ref" v="C158C"/>
    <tag k="lanes" v="2"/>
    <tag k="lit" v="yes"/>
    <tag k="maxspeed" v="20 mph"/>
    <tag k="maxspeed:type" v="GB:zone20"/>
    <tag k="name" v="School Road"/>
    <tag k="oneway" v="yes"/>
    <tag k="parking:both" v="no"/>
    <tag k="parking:both:restriction" v="no_stopping"/>
    <tag k="sidewalk:left" v="separate"/>
    <tag k="sidewalk:left:surface" v="paving_stones"/>
    <tag k="sidewalk:right" v="no"/>
    <tag k="smoothness" v="excellent"/>
    <tag k="surface" v="asphalt"/>
  </way>
  <way id="8053588" version="42" timestamp="2025-01-13T20:23:30Z" changeset="161323885" uid="16951803" user="Vas111">
    <nd ref="60217551"/>
    <nd ref="3676191544"/>
    <nd ref="5438725016"/>
    <tag k="cycleway:left" v="no"/>
    <tag k="highway" v="primary"/>
    <tag k="lanes" v="2"/>
    <tag k="lit" v="yes"/>
    <tag k="maxspeed" v="30 mph"/>
    <tag k="maxspeed:type" v="GB:nsl_restricted"/>
    <tag k="name" v="King Street"/>
    <tag k="name:en" v="King Street"/>
    <tag k="oneway" v="yes"/>
    <tag k="parking:both" v="no"/>
    <tag k="parking:both:restriction" v="no_stopping"/>
    <tag k="ref" v="A956"/>
    <tag k="sidewalk" v="left"/>
    <tag k="sidewalk:left:surface" v="paving_stones"/>
    <tag k="surface" v="asphalt"/>
    <tag k="width" v="6"/>
    <tag k="wikidata" v="Q6412074"/>
  </way>
  <way id="8053653" version="23" timestamp="2024-10-01T17:35:06Z" changeset="157350215" uid="16951803" user="Vas111">
    <nd ref="11537009385"/>
    <nd ref="3780611832"/>
    <nd ref="3780611831"/>
    <nd ref="8307729311"/>
    <nd ref="3780611829"/>
    <tag k="cycleway:left" v="no"/>
    <tag k="highway" v="tertiary"/>
    <tag k="lanes" v="2"/>
    <tag k="lit" v="yes"/>
    <tag k="maxspeed" v="30 mph"/>
    <tag k="maxspeed:type" v="GB:nsl_restricted"/>
    <tag k="maxwidth" v="2.1"/>
    <tag k="name" v="Esplanade"/>
    <tag k="oneway" v="yes"/>
    <tag k="parking:left" v="street_side"/>
    <tag k="parking:left:capacity" v="4"/>
    <tag k="parking:left:markings" v="yes"/>
    <tag k="parking:left:orientation" v="parallel"/>
    <tag k="parking:right" v="no"/>
    <tag k="parking:right:restriction" v="no_parking"/>
    <tag k="sidewalk" v="left"/>
    <tag k="sidewalk:left:surface" v="asphalt"/>
    <tag k="smoothness" v="good"/>
    <tag k="surface" v="asphalt"/>
    <tag k="turn:lanes" v="left;right|right"/>
  </way>
  <way id="8053707" version="21" timestamp="2024-12-26T01:29:13Z" changeset="160620864" uid="16951803" user="Vas111">
    <nd ref="60218942"/>
    <nd ref="60218941"/>
    <nd ref="60218940"/>
    <nd ref="7593847095"/>
    <nd ref="7593847096"/>
    <nd ref="7593847097"/>
    <nd ref="60218939"/>
    <nd ref="7593847098"/>
    <nd ref="7593847099"/>
    <nd ref="7593847291"/>
    <nd ref="7593847101"/>
    <nd ref="60218938"/>
    <nd ref="3282365764"/>
    <nd ref="7593847100"/>
    <nd ref="7593847113"/>
    <nd ref="60218937"/>
    <nd ref="3536436113"/>
    <nd ref="7593847102"/>
    <nd ref="60218936"/>
    <nd ref="3536436108"/>
    <tag k="highway" v="residential"/>
    <tag k="lanes" v="2"/>
    <tag k="layer" v="1"/>
    <tag k="lit" v="yes"/>
    <tag k="maxspeed" v="20 mph"/>
    <tag k="maxspeed:type" v="GB:zone20"/>
    <tag k="name" v="Seaton Crescent"/>
    <tag k="parking:left" v="no"/>
    <tag k="parking:left:reason" v="narrow"/>
    <tag k="parking:right" v="lane"/>
    <tag k="parking:right:orientation" v="parallel"/>
    <tag k="surface" v="asphalt"/>
  </way>
  <way id="8053715" version="18" timestamp="2024-12-10T14:31:08Z" changeset="160131879" uid="16951803" user="Vas111">
    <nd ref="29708060"/>
    <nd ref="7620857290"/>
    <nd ref="7616730044"/>
    <nd ref="7594012186"/>
    <nd ref="60219018"/>
    <nd ref="60218984"/>
    <nd ref="60219061"/>
    <tag k="highway" v="residential"/>
    <tag k="lanes" v="2"/>
    <tag k="lit" v="yes"/>
    <tag k="maxspeed" v="20 mph"/>
    <tag k="maxspeed:type" v="GB:zone20"/>
    <tag k="name" v="Seaton Avenue"/>
    <tag k="sidewalk" v="both"/>
    <tag k="sidewalk:both:surface" v="asphalt"/>
    <tag k="source:width" v="ARCore"/>
    <tag k="surface" v="asphalt"/>
    <tag k="width" v="6.1"/>
  </way>
  <way id="8053723" version="18" timestamp="2024-12-10T14:31:08Z" changeset="160131879" uid="16951803" user="Vas111">
    <nd ref="60218959"/>
    <nd ref="7617133486"/>
    <nd ref="7596560060"/>
    <nd ref="7595646946"/>
    <nd ref="60218947"/>
    <nd ref="60218984"/>
    <tag k="highway" v="residential"/>
    <tag k="lanes" v="2"/>
    <tag k="lit" v="yes"/>
    <tag k="maxspeed" v="20 mph"/>
    <tag k="maxspeed:type" v="GB:zone20"/>
    <tag k="name" v="Seaton Drive"/>
    <tag k="sidewalk" v="both"/>
    <tag k="sidewalk:both:surface" v="asphalt"/>
    <tag k="surface" v="asphalt"/>
  </way>
  <way id="8053725" version="15" timestamp="2024-12-10T14:44:13Z" changeset="160132348" uid="16951803" user="Vas111">
    <nd ref="60219018"/>
    <nd ref="11195502900"/>
    <nd ref="60219039"/>
    <tag k="highway" v="residential"/>
    <tag k="lane_markings" v="no"/>
    <tag k="lit" v="yes"/>
    <tag k="maxspeed" v="20 mph"/>
    <tag k="maxspeed:type" v="GB:zone20"/>
    <tag k="name" v="Seaton Gardens"/>
    <tag k="parking:both" v="street_side"/>
    <tag k="parking:both:access" v="private"/>
    <tag k="parking:both:orientation" v="perpendicular"/>
    <tag k="sidewalk" v="both"/>
    <tag k="sidewalk:both:surface" v="asphalt"/>
    <tag k="surface" v="asphalt"/>
  </way>
  <way id="8053728" version="11" timestamp="2024-12-10T14:31:08Z" changeset="160131879" uid="16951803" user="Vas111">
    <nd ref="60218945"/>
    <nd ref="11195502901"/>
    <nd ref="60219091"/>
    <tag k="highway" v="residential"/>
    <tag k="lanes" v="2"/>
    <tag k="lit" v="yes"/>
    <tag k="maxspeed" v="20 mph"/>
    <tag k="maxspeed:type" v="GB:zone20"/>
    <tag k="name" v="Seaton Road"/>
    <tag k="sidewalk" v="both"/>
    <tag k="sidewalk:left:surface" v="asphalt"/>
    <tag k="sidewalk:right:surface" v="paving_stones"/>
    <tag k="surface" v="asphalt"/>
  </way>
  <way id="8053746" version="17" timestamp="2024-12-10T14:31:08Z" changeset="160131879" uid="16951803" user="Vas111">
    <nd ref="7593798982"/>
    <nd ref="7596303330"/>
    <nd ref="7595646961"/>
    <nd ref="7593798984"/>
    <nd ref="60219137"/>
    <nd ref="7596303332"/>
    <nd ref="60219091"/>
    <nd ref="11195502902"/>
    <nd ref="60218943"/>
    <tag k="highway" v="residential"/>
    <tag k="lanes" v="2"/>
    <tag k="lit" v="yes"/>
    <tag k="maxspeed" v="20 mph"/>
    <tag k="maxspeed:type" v="GB:zone20"/>
    <tag k="name" v="Seaton Place East"/>
    <tag k="sidewalk" v="both"/>
    <tag k="sidewalk:left:surface" v="paving_stones"/>
    <tag k="sidewalk:right:surface" v="asphalt"/>
    <tag k="surface" v="asphalt"/>
  </way>
  <way id="8053777" version="13" timestamp="2024-12-10T14:31:08Z" changeset="160131879" uid="16951803" user="Vas111">
    <nd ref="60219015"/>
    <nd ref="60219146"/>
    <nd ref="7593847279"/>
    <nd ref="7593847278"/>
    <nd ref="60219147"/>
    <tag k="highway" v="residential"/>
    <tag k="lanes" v="2"/>
    <tag k="lit" v="yes"/>
    <tag k="maxspeed" v="20 mph"/>
    <tag k="maxspeed:type" v="GB:zone20"/>
    <tag k="name" v="Seaton Walk"/>
    <tag k="sidewalk" v="right"/>
    <tag k="sidewalk:right:surface" v="asphalt"/>
    <tag k="surface" v="asphalt"/>
  </way>
  <way id="8053779" version="15" timestamp="2024-12-10T14:31:08Z" changeset="160131879" uid="16951803" user="Vas111">
    <nd ref="60219146"/>
    <nd ref="7596303435"/>
    <nd ref="60219149"/>
    <nd ref="7593847272"/>
    <nd ref="7593847273"/>
    <nd ref="7593847274"/>
    <nd ref="7593847275"/>
    <nd ref="7593847276"/>
    <nd ref="7593847277"/>
    <nd ref="2972128850"/>
    <nd ref="60219150"/>
    <tag k="highway" v="residential"/>
    <tag k="lanes" v="2"/>
    <tag k="lit" v="yes"/>
    <tag k="maxspeed" v="20 mph"/>
    <tag k="maxspeed:type" v="GB:zone20"/>
    <tag k="name" v="Seaton Walk"/>
    <tag k="sidewalk" v="left"/>
    <tag k="sidewalk:left:surface" v="asphalt"/>
    <tag k="surface" v="asphalt"/>
  </way>
  <way id="26799287" version="17" timestamp="2024-12-10T14:31:08Z" changeset="160131879" uid="16951803" user="Vas111">
    <nd ref="60218984"/>
    <nd ref="7593972782"/>
    <nd ref="7593972783"/>
    <nd ref="7593972784"/>
    <nd ref="7594012185"/>
    <nd ref="60219015"/>
    <tag k="highway" v="residential"/>
    <tag k="lanes" v="2"/>
    <tag k="lit" v="yes"/>
    <tag k="maxspeed" v="20 mph"/>
    <tag k="maxspeed:type" v="GB:zone20"/>
    <tag k="name" v="Seaton Drive"/>
    <tag k="sidewalk" v="both"/>
    <tag k="sidewalk:both:surface" v="asphalt"/>
    <tag k="surface" v="asphalt"/>
  </way>
  <way id="26799338" version="15" timestamp="2024-12-18T01:46:32Z" changeset="160329626" uid="16951803" user="Vas111">
    <nd ref="60218948"/>
    <nd ref="60218947"/>
    <nd ref="60218946"/>
    <nd ref="7593798994"/>
    <nd ref="60218945"/>
    <nd ref="7593798995"/>
    <nd ref="7593798986"/>
    <nd ref="7593798987"/>
    <nd ref="7593798988"/>
    <nd ref="7593798989"/>
    <nd ref="60218944"/>
    <nd ref="7593798990"/>
    <nd ref="7593798991"/>
    <nd ref="7593798992"/>
    <nd ref="7593798993"/>
    <nd ref="60218943"/>
    <tag k="highway" v="residential"/>
    <tag k="lanes" v="2"/>
    <tag k="lit" v="yes"/>
    <tag k="maxspeed" v="20 mph"/>
    <tag k="maxspeed:type" v="GB:zone20"/>
    <tag k="name" v="Seaton Road"/>
    <tag k="parking:left" v="street_side"/>
    <tag k="parking:left:orientation" v="diagonal"/>
    <tag k="parking:right" v="lane"/>
    <tag k="parking:right:orientation" v="parallel"/>
    <tag k="sidewalk" v="both"/>
    <tag k="sidewalk:both:surface" v="asphalt"/>
    <tag k="surface" v="asphalt"/>
  </way>
  <way id="26799372" version="16" timestamp="2024-12-18T01:46:32Z" changeset="160329626" uid="16951803" user="Vas111">
    <nd ref="60218942"/>
    <nd ref="60218943"/>
    <tag k="highway" v="residential"/>
    <tag k="lanes" v="2"/>
    <tag k="lit" v="yes"/>
    <tag k="maxspeed" v="20 mph"/>
    <tag k="maxspeed:type" v="GB:zone20"/>
    <tag k="name" v="Seaton Place East"/>
    <tag k="parking:left" v="lane"/>
    <tag k="parking:left:orientation" v="parallel"/>
    <tag k="parking:right" v="no"/>
    <tag k="parking:right:reason" v="narrow"/>
    <tag k="sidewalk" v="left"/>
    <tag k="sidewalk:left:surface" v="asphalt"/>
    <tag k="surface" v="asphalt"/>
  </way>
  <way id="129265240" version="45" timestamp="2025-01-13T20:23:30Z" changeset="161323885" uid="16951803" user="Vas111">
    <nd ref="42448870"/>
    <nd ref="6115775390"/>
    <nd ref="12158432456"/>
    <nd ref="12158432457"/>
    <nd ref="60218259"/>
    <tag k="cycleway:both" v="no"/>
    <tag k="highway" v="primary"/>
    <tag k="lanes" v="4"/>
    <tag k="lit" v="yes"/>
    <tag k="maxspeed" v="30 mph"/>
    <tag k="maxspeed:type" v="GB:nsl_restricted"/>
    <tag k="name" v="King Street"/>
    <tag k="name:en" v="King Street"/>
    <tag k="old_ref" v="A92"/>
    <tag k="parking:both" v="no"/>
    <tag k="parking:both:restriction" v="loading_only"/>
    <tag k="parking:both:restriction:conditional" v="no_parking @ (Mo-Sa 07:30-09:30, 16:00-18:00)"/>
    <tag k="ref" v="A956"/>
    <tag k="sidewalk" v="both"/>
    <tag k="sidewalk:both:surface" v="asphalt"/>
    <tag k="smoothness" v="good"/>
    <tag k="source:align" v="bing, gps (averaged)"/>
    <tag k="source:ref" v="OS_OpenData_StreetView"/>
    <tag k="surface" v="asphalt"/>
    <tag k="wikidata" v="Q6412074"/>
  </way>
  <way id="129400062" version="19" timestamp="2024-12-25T23:19:22Z" changeset="160619179" uid="16951803" user="Vas111">
    <nd ref="29708057"/>
    <nd ref="8505558015"/>
    <nd ref="8505558014"/>
    <nd ref="8505558013"/>
    <nd ref="7593847158"/>
    <nd ref="29708071"/>
    <nd ref="7617003357"/>
    <nd ref="1496291668"/>
    <nd ref="11195502912"/>
    <nd ref="60218933"/>
    <tag k="abutters" v="residential"/>
    <tag k="highway" v="tertiary"/>
    <tag k="highway_authority_ref" v="C158C"/>
    <tag k="lanes" v="2"/>
    <tag k="lit" v="yes"/>
    <tag k="maxspeed" v="20 mph"/>
    <tag k="maxspeed:type" v="GB:zone20"/>
    <tag k="name" v="School Road"/>
    <tag k="parking:both" v="no"/>
    <tag k="parking:both:restriction" v="no_parking"/>
    <tag k="sidewalk:left" v="yes"/>
    <tag k="sidewalk:right" v="separate"/>
    <tag k="smoothness" v="excellent"/>
    <tag k="source:maxspeed" v="survey"/>
    <tag k="surface" v="asphalt"/>
  </way>
  <way id="210374590" version="14" timestamp="2024-03-21T12:51:56Z" changeset="148961940" uid="4988361" user="FlawOfAverages">
    <nd ref="5863944968"/>
    <nd ref="5864128915"/>
    <nd ref="5863944938"/>
    <nd ref="5863944966"/>
    <nd ref="5863944965"/>
    <nd ref="5863944962"/>
    <nd ref="5863944963"/>
    <nd ref="5863944960"/>
    <nd ref="5863944959"/>
    <nd ref="5863944948"/>
    <nd ref="5863944947"/>
    <nd ref="5863944946"/>
    <nd ref="5863944945"/>
    <nd ref="5863944944"/>
    <nd ref="5863944943"/>
    <nd ref="5863944942"/>
    <nd ref="5863944941"/>
    <nd ref="5863944940"/>
    <nd ref="5863944939"/>
    <nd ref="5863944933"/>
    <nd ref="5863944949"/>
    <nd ref="5863944934"/>
    <nd ref="5863944973"/>
    <nd ref="5863944977"/>
    <nd ref="5863944974"/>
    <nd ref="7627655026"/>
    <nd ref="5863944979"/>
    <nd ref="5863944975"/>
    <nd ref="5863944970"/>
    <nd ref="5863944964"/>
    <nd ref="5863944969"/>
    <nd ref="5863944978"/>
    <nd ref="5863944968"/>
    <tag k="access" v="customers"/>
    <tag k="addr:city" v="Aberdeen"/>
    <tag k="addr:postcode" v="AB24 5RU"/>
    <tag k="addr:street" v="Linksfield Road"/>
    <tag k="building" v="sports_centre"/>
    <tag k="fixme" v="Heights estimated as multiples of average person (~1.6m). When updating in future, remember the eastern parts go to a lower ground level and so are &quot;taller&quot;."/>
    <tag k="leisure" v="sports_centre"/>
    <tag k="name" v="Aberdeen Sports Village"/>
    <tag k="opening_hours" v="Mo-Fr 06:30-22:30; Sa-Su 08:30-17:00; PH off"/>
    <tag k="phone" v="+441224438900"/>
    <tag k="website" v="https://aberdeensportsvillage.com/"/>
    <tag k="wheelchair" v="yes"/>
    <tag k="wikidata" v="Q106098876"/>
    <tag k="wikipedia" v="en:Aberdeen Sports Village"/>
  </way>
  <way id="270262072" version="50" timestamp="2025-01-13T20:23:30Z" changeset="161323885" uid="16951803" user="Vas111">
    <nd ref="7593798940"/>
    <nd ref="2506055615"/>
    <nd ref="42448872"/>
    <nd ref="7593798937"/>
    <nd ref="9875411857"/>
    <nd ref="60217398"/>
    <nd ref="9875411858"/>
    <nd ref="9464513945"/>
    <nd ref="60217083"/>
    <tag k="cycleway:both" v="no"/>
    <tag k="highway" v="primary"/>
    <tag k="lanes" v="4"/>
    <tag k="lit" v="yes"/>
    <tag k="maxspeed" v="30 mph"/>
    <tag k="maxspeed:type" v="GB:nsl_restricted"/>
    <tag k="name" v="King Street"/>
    <tag k="name:en" v="King Street"/>
    <tag k="old_ref" v="A92"/>
    <tag k="parking:both" v="lane"/>
    <tag k="parking:both:orientation" v="parallel"/>
    <tag k="parking:both:restriction:conditional" v="no_parking @ (Mo-Sa 07:30-09:30, 16:00-18:00); loading_only @ (Mo-Sa 07:00-19:00)"/>
    <tag k="psv:lanes:backward:conditional" v="designated|yes @ (Mo-Sa 07:30-09:30, 16:00-18:00)"/>
    <tag k="ref" v="A956"/>
    <tag k="sidewalk" v="both"/>
    <tag k="sidewalk:both:surface" v="asphalt"/>
    <tag k="smoothness" v="good"/>
    <tag k="surface" v="asphalt"/>
    <tag k="wikidata" v="Q6412074"/>
  </way>
  <way id="272244669" version="8" timestamp="2024-11-27T11:26:33Z" changeset="159654642" uid="16951803" user="Vas111">
    <nd ref="2772023351"/>
    <nd ref="2772023349"/>
    <nd ref="2772023338"/>
    <nd ref="2772023340"/>
    <nd ref="7618607736"/>
    <nd ref="2772023345"/>
    <nd ref="2772023347"/>
    <nd ref="2772023356"/>
    <nd ref="2772023353"/>
    <nd ref="2772023351"/>
    <tag k="addr:city" v="Aberdeen"/>
    <tag k="addr:postcode" v="AB24 1WE"/>
    <tag k="addr:street" v="Seaton Crescent"/>
    <tag k="building" v="apartments"/>
    <tag k="building:levels" v="19"/>
    <tag k="name" v="Aulton Court"/>
    <tag k="source" v="bing;survey"/>
    <tag k="wikidata" v="Q107588636"/>
  </way>
  <way id="272244670" version="7" timestamp="2024-09-03T16:59:48Z" changeset="156151642" uid="13666626" user="RedAuburn">
    <nd ref="2772023278"/>
    <nd ref="3548393314"/>
    <nd ref="2772023274"/>
    <nd ref="2772023254"/>
    <nd ref="2772023258"/>
    <nd ref="2772023261"/>
    <nd ref="3548393313"/>
    <nd ref="2772023264"/>
    <nd ref="2772023292"/>
    <nd ref="2772023288"/>
    <nd ref="2772023278"/>
    <tag k="addr:city" v="Aberdeen"/>
    <tag k="addr:postcode" v="AB24 1WA"/>
    <tag k="addr:street" v="Bayview Court"/>
    <tag k="building" v="apartments"/>
    <tag k="building:levels" v="19"/>
    <tag k="name" v="Bayview Court"/>
    <tag k="source" v="bing;survey"/>
    <tag k="wikidata" v="Q107588638"/>
  </way>
  <way id="272244671" version="6" timestamp="2024-09-03T16:59:44Z" changeset="156151642" uid="13666626" user="RedAuburn">
    <nd ref="2772023317"/>
    <nd ref="2772023315"/>
    <nd ref="2772023298"/>
    <nd ref="2772023300"/>
    <nd ref="2772023307"/>
    <nd ref="2772023309"/>
    <nd ref="7618607751"/>
    <nd ref="2772023327"/>
    <nd ref="2772023325"/>
    <nd ref="2772023317"/>
    <tag k="addr:postcode" v="AB24 1WG"/>
    <tag k="addr:street" v="Northsea Court"/>
    <tag k="building" v="apartments"/>
    <tag k="building:levels" v="19"/>
    <tag k="name" v="Northsea Court"/>
    <tag k="source" v="bing;survey"/>
    <tag k="wikidata" v="Q107588637"/>
  </way>
  <way id="272244673" version="6" timestamp="2024-09-03T16:59:44Z" changeset="156151642" uid="13666626" user="RedAuburn">
    <nd ref="2772023320"/>
    <nd ref="2772023319"/>
    <nd ref="2772023303"/>
    <nd ref="7596566762"/>
    <nd ref="2772023311"/>
    <nd ref="2772023313"/>
    <nd ref="7621317830"/>
    <nd ref="2772023329"/>
    <nd ref="2772023323"/>
    <nd ref="2772023320"/>
    <tag k="building" v="apartments"/>
    <tag k="building:levels" v="10"/>
    <tag k="name" v="Seaton House"/>
    <tag k="source" v="bing;survey"/>
    <tag k="wikidata" v="Q107588629"/>
  </way>
  <way id="272244674" version="5" timestamp="2024-09-03T16:59:43Z" changeset="156151642" uid="13666626" user="RedAuburn">
    <nd ref="2772023336"/>
    <nd ref="2772023334"/>
    <nd ref="2772023330"/>
    <nd ref="2772023331"/>
    <nd ref="2772023332"/>
    <nd ref="2772023333"/>
    <nd ref="2772023343"/>
    <nd ref="2772023341"/>
    <nd ref="2772023336"/>
    <tag k="addr:housename" v="Donview House"/>
    <tag k="building" v="apartments"/>
    <tag k="building:levels" v="10"/>
    <tag k="name" v="Donview House"/>
    <tag k="source" v="bing;survey"/>
    <tag k="wikidata" v="Q107588628"/>
  </way>
  <way id="272266740" version="16" timestamp="2024-09-15T17:36:36Z" changeset="156657948" uid="16951803" user="Vas111">
    <nd ref="3330581526"/>
    <nd ref="3330581528"/>
    <nd ref="7627785941"/>
    <nd ref="3330581529"/>
    <tag k="cycleway:both" v="no"/>
    <tag k="highway" v="tertiary"/>
    <tag k="highway_authority_ref" v="C158C"/>
    <tag k="lanes" v="2"/>
    <tag k="lit" v="yes"/>
    <tag k="maxspeed" v="30 mph"/>
    <tag k="maxspeed:type" v="GB:nsl_restricted"/>
    <tag k="name" v="Golf Road"/>
    <tag k="sidewalk" v="both"/>
    <tag k="sidewalk:both:surface" v="asphalt"/>
    <tag k="surface" v="asphalt"/>
    <tag k="width" v="9"/>
  </way>
  <way id="272266743" version="20" timestamp="2024-10-28T10:42:37Z" changeset="158449434" uid="16951803" user="Vas111">
    <nd ref="3330581529"/>
    <nd ref="7630358184"/>
    <nd ref="1432653469"/>
    <nd ref="7026428961"/>
    <nd ref="29708052"/>
    <nd ref="7596402042"/>
    <nd ref="7596402043"/>
    <nd ref="1432653465"/>
    <nd ref="2281920151"/>
    <nd ref="8285114143"/>
    <nd ref="29708053"/>
    <tag k="cycleway:both" v="no"/>
    <tag k="highway" v="tertiary"/>
    <tag k="highway_authority_ref" v="C158C"/>
    <tag k="lanes" v="2"/>
    <tag k="lit" v="yes"/>
    <tag k="maxspeed" v="30 mph"/>
    <tag k="maxspeed:type" v="GB:nsl_restricted"/>
    <tag k="name" v="Golf Road"/>
    <tag k="sidewalk" v="both"/>
    <tag k="sidewalk:both:surface" v="asphalt"/>
    <tag k="surface" v="asphalt"/>
    <tag k="width" v="9"/>
  </way>
  <way id="272268021" version="10" timestamp="2024-09-03T16:59:46Z" changeset="156151642" uid="13666626" user="RedAuburn">
    <nd ref="2772254372"/>
    <nd ref="3538591490"/>
    <nd ref="2772254370"/>
    <nd ref="2772254344"/>
    <nd ref="2772254346"/>
    <nd ref="2772254357"/>
    <nd ref="3538591487"/>
    <nd ref="2772254359"/>
    <nd ref="7621317887"/>
    <nd ref="7621317889"/>
    <nd ref="2772254390"/>
    <nd ref="2772254388"/>
    <nd ref="7620493798"/>
    <nd ref="7621317883"/>
    <nd ref="2772254372"/>
    <tag k="addr:city" v="Aberdeen"/>
    <tag k="addr:housenumber" v="1-111"/>
    <tag k="addr:postcode" v="AB24 1SZ"/>
    <tag k="addr:street" v="Regent Court"/>
    <tag k="building" v="apartments"/>
    <tag k="building:levels" v="19"/>
    <tag k="height" v="54"/>
    <tag k="name" v="Regent Court"/>
    <tag k="roof:shape" v="flat"/>
    <tag k="source" v="survey"/>
    <tag k="source:name" v="survey"/>
    <tag k="source:shape" v="bing"/>
    <tag k="wikidata" v="Q107588633"/>
  </way>
  <way id="272268022" version="11" timestamp="2024-09-03T16:59:47Z" changeset="156151642" uid="13666626" user="RedAuburn">
    <nd ref="2772254366"/>
    <nd ref="3538591489"/>
    <nd ref="2772254365"/>
    <nd ref="8373652413"/>
    <nd ref="2772254340"/>
    <nd ref="2772254342"/>
    <nd ref="7621317877"/>
    <nd ref="2772254353"/>
    <nd ref="3538591486"/>
    <nd ref="2772254355"/>
    <nd ref="7621317879"/>
    <nd ref="2772254380"/>
    <nd ref="2772254378"/>
    <nd ref="7620493795"/>
    <nd ref="7621317875"/>
    <nd ref="2772254366"/>
    <tag k="addr:city" v="Aberdeen"/>
    <tag k="addr:housenumber" v="1-111"/>
    <tag k="addr:postcode" v="AB24 1RF"/>
    <tag k="addr:street" v="Promenade Court"/>
    <tag k="building" v="apartments"/>
    <tag k="building:levels" v="19"/>
    <tag k="height" v="54"/>
    <tag k="name" v="Promenade Court"/>
    <tag k="roof:shape" v="flat"/>
    <tag k="source" v="survey"/>
    <tag k="source:name" v="survey"/>
    <tag k="source:shape" v="bing"/>
    <tag k="wikidata" v="Q107588634"/>
  </way>
  <way id="272268023" version="10" timestamp="2024-09-03T16:59:46Z" changeset="156151642" uid="13666626" user="RedAuburn">
    <nd ref="2772254376"/>
    <nd ref="3538591491"/>
    <nd ref="2772254374"/>
    <nd ref="2772254348"/>
    <nd ref="2772254351"/>
    <nd ref="7621317893"/>
    <nd ref="2772254361"/>
    <nd ref="3538591488"/>
    <nd ref="2772254363"/>
    <nd ref="7621317897"/>
    <nd ref="2772254394"/>
    <nd ref="2772254392"/>
    <nd ref="7620489078"/>
    <nd ref="7621317891"/>
    <nd ref="2772254376"/>
    <tag k="addr:city" v="Aberdeen"/>
    <tag k="addr:housenumber" v="1-111"/>
    <tag k="addr:postcode" v="AB24 1UG"/>
    <tag k="addr:street" v="Linksfield Court"/>
    <tag k="building" v="apartments"/>
    <tag k="building:levels" v="19"/>
    <tag k="height" v="54"/>
    <tag k="name" v="Linksfield Court"/>
    <tag k="roof:shape" v="flat"/>
    <tag k="source" v="survey"/>
    <tag k="source:name" v="survey"/>
    <tag k="source:shape" v="bing"/>
    <tag k="wikidata" v="Q107588632"/>
  </way>
  <way id="288908725" version="11" timestamp="2025-01-22T01:42:13Z" changeset="161620357" uid="16951803" user="Vas111">
    <nd ref="2924632801"/>
    <nd ref="2924632901"/>
    <nd ref="11234825125"/>
    <nd ref="7624446139"/>
    <nd ref="2924633001"/>
    <nd ref="2924633101"/>
    <nd ref="7624446140"/>
    <nd ref="11234825124"/>
    <nd ref="2924632801"/>
    <tag k="amenity" v="fuel"/>
    <tag k="brand" v="Esso"/>
    <tag k="brand:wikidata" v="Q867662"/>
    <tag k="brand:wikipedia" v="en:Esso"/>
    <tag k="building" v="roof"/>
    <tag k="check_date" v="2023-06-24"/>
    <tag k="compressed_air" v="yes"/>
    <tag k="contact:website" v="https://www.esso.co.uk/en-gb/find-station/esso-aberdeen-essotescopittodrieexpress-100201184"/>
    <tag k="fuel:diesel" v="yes"/>
    <tag k="fuel:octane_95" v="yes"/>
    <tag k="layer" v="1"/>
    <tag k="name" v="Esso"/>
    <tag k="opening_hours" v="Mo-Su 06:00-24:00; PH off"/>
    <tag k="operator" v="Tesco"/>
    <tag k="self_service" v="yes"/>
    <tag k="source" v="survey"/>
  </way>
  <way id="293671488" version="13" timestamp="2024-03-21T12:51:46Z" changeset="148961940" uid="4988361" user="FlawOfAverages">
    <nd ref="5863944933"/>
    <nd ref="5863944949"/>
    <nd ref="5863944934"/>
    <nd ref="5864128919"/>
    <nd ref="5863944918"/>
    <nd ref="5863944920"/>
    <nd ref="5863944931"/>
    <nd ref="5863944930"/>
    <nd ref="5863944929"/>
    <nd ref="5863944928"/>
    <nd ref="5863944927"/>
    <nd ref="5863944926"/>
    <nd ref="5863944919"/>
    <nd ref="5863944915"/>
    <nd ref="5864128910"/>
    <nd ref="2972690598"/>
    <nd ref="5864128908"/>
    <nd ref="5864128909"/>
    <nd ref="5863944916"/>
    <nd ref="2972690592"/>
    <nd ref="2972690593"/>
    <nd ref="2972690594"/>
    <nd ref="5863944917"/>
    <nd ref="5864128918"/>
    <nd ref="5863944933"/>
    <tag k="access" v="yes"/>
    <tag k="addr:city" v="Aberdeen"/>
    <tag k="addr:postcode" v="AB24 1SX"/>
    <tag k="addr:street" v="Regent Walk"/>
    <tag k="building" v="sports_centre"/>
    <tag k="covered" v="yes"/>
    <tag k="fee" v="yes"/>
    <tag k="fixme" v="Heights estimated as multiples of average person (~1.6m)"/>
    <tag k="leisure" v="sports_centre"/>
    <tag k="length" v="50m;25m"/>
    <tag k="name" v="Aberdeen Sports Village - Aquatics Centre"/>
    <tag k="opening_hours" v="Mo-Fr 06:30-22:30; Sa-Su 08:30-17:00; PH off"/>
    <tag k="phone" v="+441224438900"/>
    <tag k="sport" v="swimming"/>
    <tag k="website" v="https://aberdeensportsvillage.com/"/>
    <tag k="wheelchair" v="yes"/>
  </way>
  <way id="293673585" version="5" timestamp="2020-06-17T04:14:54Z" changeset="86748612" uid="10259484" user="calibase">
    <nd ref="2972708679"/>
    <nd ref="2972708680"/>
    <nd ref="2972708681"/>
    <nd ref="2972708682"/>
    <nd ref="2972708683"/>
    <nd ref="2972708684"/>
    <nd ref="2972708679"/>
    <tag k="addr:city" v="Aberdeen"/>
    <tag k="addr:postcode" v="AB24 1RG"/>
    <tag k="addr:street" v="Golf Road"/>
    <tag k="building" v="yes"/>
    <tag k="club" v="sport"/>
    <tag k="name" v="East End Social Club"/>
    <tag k="sport" v="soccer"/>
  </way>
  <way id="293673596" version="2" timestamp="2020-06-16T05:22:55Z" changeset="86698134" uid="10259484" user="calibase">
    <nd ref="2972708833"/>
    <nd ref="2972708834"/>
    <nd ref="2972708835"/>
    <nd ref="2972708836"/>
    <nd ref="2972708837"/>
    <nd ref="2972708838"/>
    <nd ref="2972708839"/>
    <nd ref="2972708840"/>
    <nd ref="2972708833"/>
    <tag k="addr:city" v="Aberdeen"/>
    <tag k="addr:housenumber" v="165"/>
    <tag k="addr:postcode" v="AB24 5RE"/>
    <tag k="addr:street" v="Linksfield Road"/>
    <tag k="amenity" v="childcare"/>
    <tag k="building" v="yes"/>
    <tag k="name" v="Linksfield Residential Service"/>
    <tag k="operator" v="Barnardo's"/>
  </way>
  <way id="293729708" version="6" timestamp="2023-06-24T14:01:38Z" changeset="137722863" uid="16518908" user="Mapandy">
    <nd ref="2973196080"/>
    <nd ref="7623526922"/>
    <nd ref="2973196081"/>
    <nd ref="2973196077"/>
    <nd ref="2973196076"/>
    <nd ref="2973196080"/>
    <tag k="addr:city" v="Aberdeen"/>
    <tag k="addr:housenumber" v="526-528"/>
    <tag k="addr:postcode" v="AB24 5RS"/>
    <tag k="addr:street" v="King Street"/>
    <tag k="amenity" v="doctors"/>
    <tag k="building" v="yes"/>
    <tag k="check_date" v="2023-06-24"/>
    <tag k="check_date:opening_hours" v="2022-10-18"/>
    <tag k="contact:website" v="http://www.nhsgrampian.org/nhsgrampian/gra_display.jsp?pContentID=4953&amp;p_applic=CCC&amp;p_service=Content.show&amp;"/>
    <tag k="healthcare" v="doctor"/>
    <tag k="name" v="Old Machar Medical Practice"/>
    <tag k="opening_hours" v="Mo-Th 08:15-18:00; Fr 08:15-17:45"/>
    <tag k="source" v="survey;gps;Bing"/>
  </way>
  <way id="298198027" version="8" timestamp="2023-06-01T11:56:52Z" changeset="136827926" uid="4988361" user="FlawOfAverages">
    <nd ref="3020984120"/>
    <nd ref="3020984121"/>
    <nd ref="3020984122"/>
    <nd ref="3020984123"/>
    <nd ref="3020984124"/>
    <nd ref="3020984120"/>
    <tag k="addr:city" v="Aberdeen"/>
    <tag k="addr:housenumber" v="606"/>
    <tag k="addr:postcode" v="AB24 1SN"/>
    <tag k="addr:street" v="King Street"/>
    <tag k="alt_name" v="J G Ross Bakers"/>
    <tag k="building" v="retail"/>
    <tag k="building:levels" v="1"/>
    <tag k="fhrs:authority" v="Aberdeen City"/>
    <tag k="fhrs:id" v="593329"/>
    <tag k="fhrs:local_authority_id" v="EHDC8072"/>
    <tag k="fhrs:localauthoritybusinessID" v="EHDC2679"/>
    <tag k="name" v="J.G. Ross"/>
    <tag k="roof:levels" v="0"/>
    <tag k="roof:shape" v="flat"/>
    <tag k="shop" v="bakery"/>
    <tag k="source" v="bing;survey"/>
    <tag k="source:addr" v="fhrs"/>
    <tag k="source:alt_name" v="fhrs"/>
  </way>
  <way id="326399135" version="18" timestamp="2024-12-18T01:46:32Z" changeset="160329626" uid="16951803" user="Vas111">
    <nd ref="29708054"/>
    <nd ref="6780161353"/>
    <nd ref="1496291753"/>
    <nd ref="1496291623"/>
    <nd ref="8505558011"/>
    <nd ref="1496291717"/>
    <nd ref="1496291543"/>
    <nd ref="7276295806"/>
    <nd ref="1496291793"/>
    <nd ref="1496291752"/>
    <nd ref="1496291741"/>
    <nd ref="1496291638"/>
    <nd ref="8505558012"/>
    <nd ref="6780161351"/>
    <nd ref="6780265290"/>
    <nd ref="29708057"/>
    <tag k="highway" v="tertiary"/>
    <tag k="highway_authority_ref" v="C158C"/>
    <tag k="lanes" v="2"/>
    <tag k="lit" v="yes"/>
    <tag k="maxspeed" v="20 mph"/>
    <tag k="maxspeed:type" v="GB:zone20"/>
    <tag k="name" v="Golf Road"/>
    <tag k="parking:left" v="lane"/>
    <tag k="parking:left:orientation" v="parallel"/>
    <tag k="parking:right" v="no"/>
    <tag k="sidewalk:left" v="separate"/>
    <tag k="sidewalk:right" v="yes"/>
    <tag k="surface" v="asphalt"/>
  </way>
  <way id="326399138" version="16" timestamp="2024-12-25T23:19:22Z" changeset="160619179" uid="16951803" user="Vas111">
    <nd ref="60218933"/>
    <nd ref="29708069"/>
    <nd ref="7275822731"/>
    <nd ref="60218956"/>
    <tag k="abutters" v="residential"/>
    <tag k="cycleway:both" v="no"/>
    <tag k="highway" v="tertiary"/>
    <tag k="highway_authority_ref" v="C158C"/>
    <tag k="lanes" v="2"/>
    <tag k="lit" v="yes"/>
    <tag k="maxspeed" v="20 mph"/>
    <tag k="maxspeed:type" v="GB:zone20"/>
    <tag k="name" v="School Road"/>
    <tag k="parking:left" v="no"/>
    <tag k="parking:left:restriction" v="no_parking"/>
    <tag k="parking:right" v="street_side"/>
    <tag k="parking:right:orientation" v="parallel"/>
    <tag k="sidewalk" v="both"/>
    <tag k="sidewalk:both:surface" v="asphalt"/>
    <tag k="smoothness" v="excellent"/>
    <tag k="source:maxspeed" v="survey"/>
    <tag k="surface" v="asphalt"/>
  </way>
  <way id="326476531" version="11" timestamp="2024-04-25T19:14:09Z" changeset="150510870" uid="16951803" user="Vas111">
    <nd ref="1426552983"/>
    <nd ref="9846787816"/>
    <nd ref="9786905853"/>
    <tag k="abutters" v="residential"/>
    <tag k="cycleway:both" v="track"/>
    <tag k="cycleway:both:surface" v="asphalt"/>
    <tag k="highway" v="residential"/>
    <tag k="lanes" v="2"/>
    <tag k="lit" v="yes"/>
    <tag k="maxspeed" v="30 mph"/>
    <tag k="maxspeed:advisory" v="20 mph"/>
    <tag k="maxspeed:type" v="GB:nsl_restricted"/>
    <tag k="name" v="Regent Walk"/>
    <tag k="sidewalk" v="both"/>
    <tag k="sidewalk:both:surface" v="asphalt"/>
    <tag k="source:cycleway" v="survey"/>
    <tag k="surface" v="asphalt"/>
  </way>
  <way id="326476532" version="17" timestamp="2024-04-25T19:14:09Z" changeset="150510870" uid="16951803" user="Vas111">
    <nd ref="3021027088"/>
    <nd ref="76812424"/>
    <nd ref="7620489007"/>
    <nd ref="6778980389"/>
    <nd ref="7623526941"/>
    <nd ref="1426552938"/>
    <nd ref="1426552983"/>
    <tag k="abutters" v="residential"/>
    <tag k="cycleway:both" v="track"/>
    <tag k="cycleway:both:surface" v="asphalt"/>
    <tag k="highway" v="residential"/>
    <tag k="lanes" v="2"/>
    <tag k="lit" v="yes"/>
    <tag k="maxspeed" v="30 mph"/>
    <tag k="maxspeed:advisory" v="20 mph"/>
    <tag k="maxspeed:type" v="GB:nsl_restricted"/>
    <tag k="name" v="Regent Walk"/>
    <tag k="note:cycleway" v="position of start/end may be off slightly due to new build"/>
    <tag k="sidewalk" v="both"/>
    <tag k="sidewalk:both:surface" v="asphalt"/>
    <tag k="source:cycleway" v="survey"/>
    <tag k="source:width" v="ARCore"/>
    <tag k="surface" v="asphalt"/>
    <tag k="width" v="6.9"/>
  </way>
  <way id="665878805" version="38" timestamp="2025-01-13T20:23:30Z" changeset="161323885" uid="16951803" user="Vas111">
    <nd ref="6233216333"/>
    <nd ref="11246113410"/>
    <nd ref="9875411860"/>
    <nd ref="9875411862"/>
    <nd ref="11246113417"/>
    <nd ref="2972128854"/>
    <nd ref="6233216332"/>
    <tag k="cycleway:both" v="no"/>
    <tag k="highway" v="primary"/>
    <tag k="lanes" v="4"/>
    <tag k="lit" v="yes"/>
    <tag k="maxspeed" v="30 mph"/>
    <tag k="maxspeed:type" v="GB:nsl_restricted"/>
    <tag k="name" v="King Street"/>
    <tag k="name:en" v="King Street"/>
    <tag k="old_ref" v="A92"/>
    <tag k="parking:both" v="lane"/>
    <tag k="parking:both:orientation" v="parallel"/>
    <tag k="parking:both:restriction:conditional" v="no_parking @ (Mo-Sa 07:30-09:30, 16:00-18:00); loading_only @ (Mo-Sa 07:00-19:00)"/>
    <tag k="ref" v="A956"/>
    <tag k="sidewalk" v="both"/>
    <tag k="sidewalk:both:surface" v="paving_stones"/>
    <tag k="surface" v="asphalt"/>
    <tag k="wikidata" v="Q6412074"/>
  </way>
  <way id="665878806" version="39" timestamp="2025-01-13T20:23:30Z" changeset="161323885" uid="16951803" user="Vas111">
    <nd ref="7596303470"/>
    <nd ref="8403356305"/>
    <nd ref="7596303468"/>
    <nd ref="6270361007"/>
    <tag k="cycleway:both" v="no"/>
    <tag k="hazard" v="school_zone"/>
    <tag k="highway" v="primary"/>
    <tag k="lanes" v="4"/>
    <tag k="lit" v="yes"/>
    <tag k="maxspeed" v="30 mph"/>
    <tag k="maxspeed:conditional" v="20 mph @ flashing"/>
    <tag k="maxspeed:type" v="GB:nsl_restricted"/>
    <tag k="name" v="King Street"/>
    <tag k="name:en" v="King Street"/>
    <tag k="old_ref" v="A92"/>
    <tag k="parking:both" v="lane"/>
    <tag k="parking:both:orientation" v="parallel"/>
    <tag k="parking:both:restriction:conditional" v="no_parking @ (Mo-Sa 07:30-09:30, 16:00-18:00); loading_only @ (Mo-Sa 07:00-19:00)"/>
    <tag k="ref" v="A956"/>
    <tag k="sidewalk" v="both"/>
    <tag k="sidewalk:both:surface" v="paving_stones"/>
    <tag k="surface" v="asphalt"/>
    <tag k="turn:lanes:forward" v="left;through|through;right"/>
    <tag k="wikidata" v="Q6412074"/>
  </way>
  <way id="665878810" version="45" timestamp="2025-01-13T20:23:30Z" changeset="161323885" uid="16951803" user="Vas111">
    <nd ref="3205493553"/>
    <nd ref="6824856395"/>
    <nd ref="17391684"/>
    <nd ref="7627655001"/>
    <nd ref="7627654999"/>
    <nd ref="7609998173"/>
    <nd ref="3220843569"/>
    <nd ref="11195038633"/>
    <nd ref="6270362480"/>
    <nd ref="17391685"/>
    <tag k="abutters" v="mixed"/>
    <tag k="cycleway:left" v="lane"/>
    <tag k="cycleway:left:lane" v="advisory"/>
    <tag k="cycleway:right" v="share_busway"/>
    <tag k="highway" v="primary"/>
    <tag k="lanes" v="3"/>
    <tag k="lanes:backward" v="2"/>
    <tag k="lanes:forward" v="1"/>
    <tag k="lit" v="yes"/>
    <tag k="maxspeed" v="30 mph"/>
    <tag k="maxspeed:type" v="GB:nsl_restricted"/>
    <tag k="name" v="King Street"/>
    <tag k="name:en" v="King Street"/>
    <tag k="old_ref" v="A92"/>
    <tag k="parking:both" v="lane"/>
    <tag k="parking:both:orientation" v="parallel"/>
    <tag k="parking:both:restriction:conditional" v="no_parking @ (Mo-Sa 07:30-09:30, 16:00-18:00); loading_only @ (Mo-Sa 07:00-19:00)"/>
    <tag k="psv:lanes:backward:conditional" v="designated|yes @ (Mo-Sa 07:30-09:30, 16:00-18:00)"/>
    <tag k="ref" v="A956"/>
    <tag k="sidewalk" v="both"/>
    <tag k="sidewalk:both:surface" v="paving_stones"/>
    <tag k="surface" v="asphalt"/>
    <tag k="width" v="11"/>
    <tag k="wikidata" v="Q6412074"/>
  </way>
  <way id="722098550" version="4" timestamp="2021-05-13T13:06:37Z" changeset="104639138" uid="4988361" user="FlawOfAverages">
    <nd ref="6773550298"/>
    <nd ref="6773550299"/>
    <nd ref="6773550300"/>
    <nd ref="6773550301"/>
    <nd ref="6773550298"/>
    <tag k="addr:city" v="Aberdeen"/>
    <tag k="addr:housenumber" v="36-46"/>
    <tag k="addr:postcode" v="AB24 5PF"/>
    <tag k="addr:street" v="Linksfield Gardens"/>
    <tag k="building" v="apartments"/>
    <tag k="building:levels" v="3"/>
    <tag k="roof:levels" v="1"/>
    <tag k="roof:shape" v="double_saltbox"/>
  </way>
  <way id="722098551" version="6" timestamp="2021-05-13T13:06:41Z" changeset="104639138" uid="4988361" user="FlawOfAverages">
    <nd ref="6773550299"/>
    <nd ref="6773550300"/>
    <nd ref="6773550302"/>
    <nd ref="6773550303"/>
    <nd ref="6773550299"/>
    <tag k="addr:city" v="Aberdeen"/>
    <tag k="addr:housenumber" v="25-35"/>
    <tag k="addr:postcode" v="AB24 5PF"/>
    <tag k="addr:street" v="Linksfield Gardens"/>
    <tag k="building" v="apartments"/>
    <tag k="building:levels" v="3"/>
    <tag k="roof:levels" v="1"/>
    <tag k="roof:shape" v="double_saltbox"/>
  </way>
  <way id="722098552" version="4" timestamp="2021-03-28T15:17:55Z" changeset="101876333" uid="4988361" user="FlawOfAverages">
    <nd ref="6773550304"/>
    <nd ref="6773550305"/>
    <nd ref="6773550306"/>
    <nd ref="6773550307"/>
    <nd ref="6773550304"/>
    <tag k="addr:city" v="Aberdeen"/>
    <tag k="addr:housenumber" v="7-12"/>
    <tag k="addr:postcode" v="AB24 5PF"/>
    <tag k="addr:street" v="Linksfield Gardens"/>
    <tag k="building" v="apartments"/>
    <tag k="building:levels" v="2"/>
    <tag k="roof:levels" v="1"/>
    <tag k="roof:shape" v="double_saltbox"/>
  </way>
  <way id="722098553" version="5" timestamp="2021-03-28T15:17:58Z" changeset="101876333" uid="4988361" user="FlawOfAverages">
    <nd ref="6773550304"/>
    <nd ref="6773550307"/>
    <nd ref="7624449731"/>
    <nd ref="6773550308"/>
    <nd ref="6773550309"/>
    <nd ref="6773550304"/>
    <tag k="addr:city" v="Aberdeen"/>
    <tag k="addr:housenumber" v="14-24"/>
    <tag k="addr:postcode" v="AB24 5PF"/>
    <tag k="addr:street" v="Linksfield Gardens"/>
    <tag k="building" v="apartments"/>
    <tag k="building:levels" v="3"/>
    <tag k="roof:levels" v="1"/>
    <tag k="roof:shape" v="double_saltbox"/>
  </way>
  <way id="722098554" version="4" timestamp="2021-03-28T15:17:30Z" changeset="101876333" uid="4988361" user="FlawOfAverages">
    <nd ref="6773550310"/>
    <nd ref="6773550311"/>
    <nd ref="6773550312"/>
    <nd ref="6773550313"/>
    <nd ref="6773550310"/>
    <tag k="addr:city" v="Aberdeen"/>
    <tag k="addr:housenumber" v="1-6"/>
    <tag k="addr:postcode" v="AB24 5PF"/>
    <tag k="addr:street" v="Linksfield Gardens"/>
    <tag k="building" v="apartments"/>
    <tag k="building:levels" v="2"/>
    <tag k="roof:levels" v="1"/>
    <tag k="roof:shape" v="double_saltbox"/>
  </way>
  <way id="722098555" version="6" timestamp="2024-07-09T13:17:45Z" changeset="153744637" uid="16951803" user="Vas111">
    <nd ref="1498844066"/>
    <nd ref="6773550320"/>
    <nd ref="7624409710"/>
    <nd ref="7624409711"/>
    <nd ref="7624409712"/>
    <nd ref="7624409713"/>
    <tag k="access" v="private"/>
    <tag k="highway" v="residential"/>
    <tag k="lane_markings" v="no"/>
    <tag k="lit" v="yes"/>
    <tag k="maxspeed" v="30 mph"/>
    <tag k="maxspeed:type" v="GB:nsl_restricted"/>
    <tag k="name" v="Linksfield Gardens"/>
    <tag k="surface" v="asphalt"/>
  </way>
  <way id="722098556" version="4" timestamp="2021-06-29T11:56:51Z" changeset="107146686" uid="4988361" user="FlawOfAverages">
    <nd ref="6773550321"/>
    <nd ref="6773550322"/>
    <nd ref="6773550323"/>
    <nd ref="6780339896"/>
    <nd ref="6773550321"/>
    <tag k="addr:city" v="Aberdeen"/>
    <tag k="addr:housenumber" v="47-57"/>
    <tag k="addr:postcode" v="AB24 5PF"/>
    <tag k="addr:street" v="Linksfield Gardens"/>
    <tag k="building" v="apartments"/>
    <tag k="building:levels" v="3"/>
    <tag k="roof:levels" v="1"/>
    <tag k="roof:shape" v="double_saltbox"/>
  </way>
  <way id="722098557" version="4" timestamp="2021-03-28T15:17:03Z" changeset="101876333" uid="4988361" user="FlawOfAverages">
    <nd ref="6773550325"/>
    <nd ref="6773550326"/>
    <nd ref="6773550329"/>
    <nd ref="6773550327"/>
    <nd ref="6773550328"/>
    <nd ref="6773550325"/>
    <tag k="addr:city" v="Aberdeen"/>
    <tag k="addr:housenumber" v="58-68"/>
    <tag k="addr:postcode" v="AB24 5PF"/>
    <tag k="addr:street" v="Linksfield Gardens"/>
    <tag k="building" v="apartments"/>
    <tag k="building:levels" v="3"/>
    <tag k="roof:levels" v="1"/>
    <tag k="roof:shape" v="double_saltbox"/>
  </way>
  <way id="722098558" version="4" timestamp="2021-03-28T15:16:48Z" changeset="101876333" uid="4988361" user="FlawOfAverages">
    <nd ref="6773550329"/>
    <nd ref="6773550330"/>
    <nd ref="6773550333"/>
    <nd ref="6773550331"/>
    <nd ref="6773550332"/>
    <nd ref="6773550327"/>
    <nd ref="6773550329"/>
    <tag k="addr:city" v="Aberdeen"/>
    <tag k="addr:housenumber" v="69-74"/>
    <tag k="addr:postcode" v="AB24 5PF"/>
    <tag k="addr:street" v="Linksfield Gardens"/>
    <tag k="building" v="apartments"/>
    <tag k="building:levels" v="2"/>
    <tag k="roof:levels" v="1"/>
    <tag k="roof:shape" v="double_saltbox"/>
  </way>
  <way id="722098559" version="4" timestamp="2021-03-28T15:16:51Z" changeset="101876333" uid="4988361" user="FlawOfAverages">
    <nd ref="6773550333"/>
    <nd ref="6773550334"/>
    <nd ref="6773550335"/>
    <nd ref="6773550336"/>
    <nd ref="6773550330"/>
    <nd ref="6773550333"/>
    <tag k="addr:city" v="Aberdeen"/>
    <tag k="addr:housenumber" v="75-80"/>
    <tag k="addr:postcode" v="AB24 5PF"/>
    <tag k="addr:street" v="Linksfield Gardens"/>
    <tag k="building" v="apartments"/>
    <tag k="building:levels" v="2"/>
    <tag k="roof:levels" v="1"/>
    <tag k="roof:shape" v="double_saltbox"/>
  </way>
  <way id="722098560" version="2" timestamp="2021-05-13T14:24:14Z" changeset="104642943" uid="4988361" user="FlawOfAverages">
    <nd ref="6773550337"/>
    <nd ref="6773550338"/>
    <nd ref="6773550339"/>
    <nd ref="6773550340"/>
    <nd ref="6773550337"/>
    <tag k="addr:city" v="Aberdeen"/>
    <tag k="addr:housenumber" v="494"/>
    <tag k="addr:postcode" v="AB24 5ST"/>
    <tag k="addr:street" v="King Street"/>
    <tag k="building" v="house"/>
    <tag k="building:levels" v="1"/>
  </way>
  <way id="722098561" version="2" timestamp="2021-05-13T14:24:10Z" changeset="104642943" uid="4988361" user="FlawOfAverages">
    <nd ref="6773550339"/>
    <nd ref="6773550341"/>
    <nd ref="6773550342"/>
    <nd ref="6773550338"/>
    <nd ref="6773550339"/>
    <tag k="addr:city" v="Aberdeen"/>
    <tag k="addr:housenumber" v="492"/>
    <tag k="addr:postcode" v="AB24 5ST"/>
    <tag k="addr:street" v="King Street"/>
    <tag k="building" v="house"/>
    <tag k="building:levels" v="1"/>
  </way>
  <way id="722098562" version="3" timestamp="2021-03-19T13:00:00Z" changeset="101330470" uid="4988361" user="FlawOfAverages">
    <nd ref="6773550343"/>
    <nd ref="6773550344"/>
    <nd ref="6773550345"/>
    <nd ref="6773550346"/>
    <nd ref="6773550343"/>
    <tag k="addr:city" v="Aberdeen"/>
    <tag k="addr:housenumber" v="490"/>
    <tag k="addr:postcode" v="AB24 5ST"/>
    <tag k="addr:street" v="King Street"/>
    <tag k="building" v="house"/>
    <tag k="building:levels" v="1"/>
    <tag k="roof:levels" v="1"/>
    <tag k="roof:shape" v="gabled"/>
  </way>
  <way id="722098563" version="3" timestamp="2021-03-19T13:00:05Z" changeset="101330470" uid="4988361" user="FlawOfAverages">
    <nd ref="6773550347"/>
    <nd ref="6773550355"/>
    <nd ref="6773550348"/>
    <nd ref="6773550349"/>
    <nd ref="6773550350"/>
    <nd ref="6773550351"/>
    <nd ref="6773550352"/>
    <nd ref="6773550353"/>
    <nd ref="6773550354"/>
    <nd ref="6773550347"/>
    <tag k="addr:city" v="Aberdeen"/>
    <tag k="addr:housenumber" v="496"/>
    <tag k="addr:postcode" v="AB24 5ST"/>
    <tag k="addr:street" v="King Street"/>
    <tag k="building" v="house"/>
    <tag k="building:levels" v="2"/>
    <tag k="roof:levels" v="1"/>
    <tag k="roof:shape" v="gabled"/>
  </way>
  <way id="722098564" version="7" timestamp="2024-10-11T15:19:46Z" changeset="157761802" uid="4988361" user="FlawOfAverages">
    <nd ref="6773550355"/>
    <nd ref="6773550356"/>
    <nd ref="6773550357"/>
    <nd ref="7624446134"/>
    <nd ref="6773550348"/>
    <nd ref="6773550355"/>
    <tag k="addr:city" v="Aberdeen"/>
    <tag k="addr:housename" v="HQ Barbers"/>
    <tag k="addr:housenumber" v="498"/>
    <tag k="addr:postcode" v="AB24 5ST"/>
    <tag k="addr:street" v="King Street"/>
    <tag k="building" v="retail"/>
    <tag k="building:levels" v="2"/>
    <tag k="roof:levels" v="1"/>
    <tag k="roof:shape" v="gabled"/>
    <tag k="shop" v="hairdresser"/>
  </way>
  <way id="722098565" version="7" timestamp="2024-03-21T16:32:51Z" changeset="148972899" uid="4988361" user="FlawOfAverages">
    <nd ref="6773550357"/>
    <nd ref="6773550358"/>
    <nd ref="7260876044"/>
    <nd ref="6773550359"/>
    <nd ref="6773550360"/>
    <nd ref="6773550356"/>
    <nd ref="6773550357"/>
    <tag k="addr:city" v="Aberdeen"/>
    <tag k="addr:housename" v="The Bobbin"/>
    <tag k="addr:housenumber" v="500"/>
    <tag k="addr:postcode" v="AB24 5ST"/>
    <tag k="addr:street" v="King Street"/>
    <tag k="amenity" v="pub"/>
    <tag k="building" v="retail"/>
    <tag k="check_date" v="2023-06-24"/>
    <tag k="fhrs:authority" v="Aberdeen City"/>
    <tag k="fhrs:id" v="592464"/>
    <tag k="fhrs:local_authority_id" v="EHDC10905"/>
    <tag k="name" v="The Bobbin"/>
    <tag k="operator" v="Stonegate"/>
    <tag k="operator:wikidata" v="Q7619176"/>
    <tag k="website" v="https://www.crafted-social.co.uk/bobbin-aberdeen"/>
  </way>
  <way id="722673841" version="4" timestamp="2023-11-22T13:32:27Z" changeset="144326023" uid="4988361" user="FlawOfAverages">
    <nd ref="6778971010"/>
    <nd ref="6778971011"/>
    <nd ref="6784601264"/>
    <nd ref="6778971012"/>
    <nd ref="6778971014"/>
    <nd ref="6778971013"/>
    <nd ref="6778971010"/>
    <tag k="addr:city" v="Aberdeen"/>
    <tag k="addr:housenumber" v="41"/>
    <tag k="addr:postcode" v="AB24 1SX"/>
    <tag k="addr:street" v="Regent Walk"/>
    <tag k="building" v="apartments"/>
    <tag k="building:levels" v="3"/>
    <tag k="roof:levels" v="0"/>
    <tag k="roof:shape" v="gabled"/>
  </way>
  <way id="722673842" version="6" timestamp="2023-11-22T13:32:24Z" changeset="144326023" uid="4988361" user="FlawOfAverages">
    <nd ref="6778971014"/>
    <nd ref="6784601266"/>
    <nd ref="6778971015"/>
    <nd ref="6778971016"/>
    <nd ref="6778971017"/>
    <nd ref="6784601274"/>
    <nd ref="6778971019"/>
    <nd ref="6780552407"/>
    <nd ref="6778971020"/>
    <nd ref="6778971013"/>
    <nd ref="6778971014"/>
    <tag k="addr:city" v="Aberdeen"/>
    <tag k="addr:housenumber" v="43"/>
    <tag k="addr:postcode" v="AB24 1SX"/>
    <tag k="addr:street" v="Regent Walk"/>
    <tag k="building" v="apartments"/>
    <tag k="building:levels" v="3"/>
    <tag k="roof:levels" v="0"/>
    <tag k="roof:shape" v="gabled"/>
  </way>
  <way id="722673843" version="4" timestamp="2023-11-22T13:32:22Z" changeset="144326023" uid="4988361" user="FlawOfAverages">
    <nd ref="6778971016"/>
    <nd ref="6778971015"/>
    <nd ref="6784601247"/>
    <nd ref="6784601272"/>
    <nd ref="3021027090"/>
    <nd ref="6778971022"/>
    <nd ref="6778971023"/>
    <nd ref="3021027103"/>
    <nd ref="6778971016"/>
    <tag k="addr:city" v="Aberdeen"/>
    <tag k="addr:housenumber" v="45"/>
    <tag k="addr:postcode" v="AB24 1SX"/>
    <tag k="addr:street" v="Regent Walk"/>
    <tag k="building" v="apartments"/>
    <tag k="building:levels" v="3"/>
    <tag k="roof:levels" v="0"/>
    <tag k="roof:shape" v="gabled"/>
  </way>
  <way id="722673844" version="4" timestamp="2023-11-22T13:32:19Z" changeset="144326023" uid="4988361" user="FlawOfAverages">
    <nd ref="6778971023"/>
    <nd ref="6778971024"/>
    <nd ref="6778971025"/>
    <nd ref="6778971026"/>
    <nd ref="6778971027"/>
    <nd ref="6778971028"/>
    <nd ref="6778971030"/>
    <nd ref="6778971029"/>
    <nd ref="6784601268"/>
    <nd ref="6784601240"/>
    <nd ref="6778971022"/>
    <nd ref="6778971023"/>
    <tag k="addr:city" v="Aberdeen"/>
    <tag k="addr:housenumber" v="47"/>
    <tag k="addr:postcode" v="AB24 1SX"/>
    <tag k="addr:street" v="Regent Walk"/>
    <tag k="building" v="apartments"/>
    <tag k="building:levels" v="3"/>
    <tag k="roof:levels" v="0"/>
    <tag k="roof:shape" v="gabled"/>
  </way>
  <way id="722673845" version="4" timestamp="2023-11-22T13:32:17Z" changeset="144326023" uid="4988361" user="FlawOfAverages">
    <nd ref="6778971030"/>
    <nd ref="6778971031"/>
    <nd ref="6778971032"/>
    <nd ref="6784601270"/>
    <nd ref="6778971033"/>
    <nd ref="6778971029"/>
    <nd ref="6778971030"/>
    <tag k="addr:city" v="Aberdeen"/>
    <tag k="addr:housenumber" v="49"/>
    <tag k="addr:postcode" v="AB24 1SX"/>
    <tag k="addr:street" v="Regent Walk"/>
    <tag k="building" v="apartments"/>
    <tag k="building:levels" v="3"/>
    <tag k="roof:levels" v="0"/>
    <tag k="roof:shape" v="gabled"/>
  </way>
  <way id="722673846" version="4" timestamp="2023-11-22T13:32:56Z" changeset="144326023" uid="4988361" user="FlawOfAverages">
    <nd ref="6778971034"/>
    <nd ref="6778971035"/>
    <nd ref="6778971036"/>
    <nd ref="6784729425"/>
    <nd ref="6778971037"/>
    <nd ref="6784729416"/>
    <nd ref="6784729414"/>
    <nd ref="6778971038"/>
    <nd ref="6784729418"/>
    <nd ref="6778971039"/>
    <nd ref="6778971040"/>
    <nd ref="6778971041"/>
    <nd ref="6778971034"/>
    <tag k="addr:city" v="Aberdeen"/>
    <tag k="addr:housenumber" v="1"/>
    <tag k="addr:postcode" v="AB24 1SX"/>
    <tag k="addr:street" v="Regent Walk"/>
    <tag k="building" v="house"/>
    <tag k="building:levels" v="2"/>
    <tag k="roof:levels" v="0"/>
    <tag k="roof:shape" v="gabled"/>
  </way>
  <way id="722813740" version="4" timestamp="2023-11-22T13:32:42Z" changeset="144326023" uid="4988361" user="FlawOfAverages">
    <nd ref="6780018280"/>
    <nd ref="6784601236"/>
    <nd ref="6780018281"/>
    <nd ref="6784601229"/>
    <nd ref="6780018282"/>
    <nd ref="6784601231"/>
    <nd ref="6780018283"/>
    <nd ref="6780018280"/>
    <tag k="addr:city" v="Aberdeen"/>
    <tag k="addr:housenumber" v="51-57"/>
    <tag k="addr:postcode" v="AB24 1SX"/>
    <tag k="addr:street" v="Regent Walk"/>
    <tag k="building" v="apartments"/>
    <tag k="building:levels" v="2"/>
    <tag k="roof:levels" v="0"/>
    <tag k="roof:shape" v="hipped"/>
  </way>
  <way id="722813741" version="4" timestamp="2023-11-22T13:32:35Z" changeset="144326023" uid="4988361" user="FlawOfAverages">
    <nd ref="6780018284"/>
    <nd ref="6784601227"/>
    <nd ref="6780120385"/>
    <nd ref="6784601297"/>
    <nd ref="6784601220"/>
    <nd ref="6780120386"/>
    <nd ref="6784601222"/>
    <nd ref="6780120387"/>
    <nd ref="6780018284"/>
    <tag k="addr:city" v="Aberdeen"/>
    <tag k="addr:housenumber" v="59-65"/>
    <tag k="addr:postcode" v="AB24 1SX"/>
    <tag k="addr:street" v="Regent Walk"/>
    <tag k="building" v="apartments"/>
    <tag k="building:levels" v="2"/>
    <tag k="roof:levels" v="0"/>
    <tag k="roof:shape" v="hipped"/>
  </way>
  <way id="722813742" version="4" timestamp="2023-11-22T13:32:38Z" changeset="144326023" uid="4988361" user="FlawOfAverages">
    <nd ref="6780120388"/>
    <nd ref="6784601214"/>
    <nd ref="6780120389"/>
    <nd ref="6784601207"/>
    <nd ref="6780120390"/>
    <nd ref="6784601209"/>
    <nd ref="6780120391"/>
    <nd ref="6780120388"/>
    <tag k="addr:city" v="Aberdeen"/>
    <tag k="addr:housenumber" v="67-73"/>
    <tag k="addr:postcode" v="AB24 1SX"/>
    <tag k="addr:street" v="Regent Walk"/>
    <tag k="building" v="apartments"/>
    <tag k="building:levels" v="2"/>
    <tag k="roof:levels" v="0"/>
    <tag k="roof:shape" v="hipped"/>
  </way>
  <way id="722813743" version="4" timestamp="2023-11-22T13:32:46Z" changeset="144326023" uid="4988361" user="FlawOfAverages">
    <nd ref="6780120392"/>
    <nd ref="6784587474"/>
    <nd ref="6780120393"/>
    <nd ref="6784587463"/>
    <nd ref="6784587467"/>
    <nd ref="6780120394"/>
    <nd ref="6784587469"/>
    <nd ref="6780120395"/>
    <nd ref="6780120392"/>
    <tag k="addr:city" v="Aberdeen"/>
    <tag k="addr:housenumber" v="75-81"/>
    <tag k="addr:postcode" v="AB24 1SX"/>
    <tag k="addr:street" v="Regent Walk"/>
    <tag k="building" v="apartments"/>
    <tag k="building:levels" v="2"/>
    <tag k="roof:levels" v="0"/>
    <tag k="roof:shape" v="hipped"/>
  </way>
  <way id="722813744" version="3" timestamp="2024-02-22T13:25:51Z" changeset="147773630" uid="4988361" user="FlawOfAverages">
    <nd ref="6780120398"/>
    <nd ref="6780120399"/>
    <nd ref="6780120400"/>
    <nd ref="6780120401"/>
    <nd ref="6780120398"/>
    <tag k="addr:city" v="Aberdeen"/>
    <tag k="addr:housenumber" v="83-89"/>
    <tag k="addr:postcode" v="AB24 1SX"/>
    <tag k="addr:street" v="Regent Walk"/>
    <tag k="building" v="apartments"/>
    <tag k="building:levels" v="2"/>
    <tag k="roof:levels" v="0"/>
    <tag k="roof:shape" v="hipped"/>
  </way>
  <way id="722813745" version="3" timestamp="2024-02-22T13:25:51Z" changeset="147773630" uid="4988361" user="FlawOfAverages">
    <nd ref="6780120402"/>
    <nd ref="6780120403"/>
    <nd ref="6780120404"/>
    <nd ref="6780120405"/>
    <nd ref="6780120402"/>
    <tag k="addr:city" v="Aberdeen"/>
    <tag k="addr:housenumber" v="91-97"/>
    <tag k="addr:postcode" v="AB24 1SX"/>
    <tag k="addr:street" v="Regent Walk"/>
    <tag k="building" v="apartments"/>
    <tag k="building:levels" v="2"/>
    <tag k="roof:levels" v="0"/>
    <tag k="roof:shape" v="hipped"/>
  </way>
  <way id="722813746" version="3" timestamp="2024-02-22T13:25:51Z" changeset="147773630" uid="4988361" user="FlawOfAverages">
    <nd ref="6780120406"/>
    <nd ref="6780120407"/>
    <nd ref="6780120408"/>
    <nd ref="6780120409"/>
    <nd ref="6780120406"/>
    <tag k="addr:city" v="Aberdeen"/>
    <tag k="addr:housenumber" v="99-105"/>
    <tag k="addr:postcode" v="AB24 1SX"/>
    <tag k="addr:street" v="Regent Walk"/>
    <tag k="building" v="apartments"/>
    <tag k="building:levels" v="2"/>
    <tag k="roof:levels" v="0"/>
    <tag k="roof:shape" v="hipped"/>
  </way>
  <way id="722813749" version="10" timestamp="2023-07-22T16:36:50Z" changeset="138862421" uid="4988361" user="FlawOfAverages">
    <nd ref="6780120418"/>
    <nd ref="6780120419"/>
    <nd ref="6784143253"/>
    <nd ref="6784143254"/>
    <nd ref="6784143255"/>
    <nd ref="6784143252"/>
    <nd ref="6780120420"/>
    <nd ref="6784729421"/>
    <nd ref="6780120421"/>
    <nd ref="6784729412"/>
    <nd ref="6784729419"/>
    <nd ref="6780120422"/>
    <nd ref="6780120423"/>
    <nd ref="6780120428"/>
    <nd ref="6780120427"/>
    <nd ref="6784729410"/>
    <nd ref="6780120426"/>
    <nd ref="6780120425"/>
    <nd ref="6780120424"/>
    <nd ref="6784143257"/>
    <nd ref="6780120418"/>
    <tag k="addr:city" v="Aberdeen"/>
    <tag k="addr:housenumber" v="560"/>
    <tag k="addr:postcode" v="AB24 5SR"/>
    <tag k="addr:street" v="King Street"/>
    <tag k="building" v="hotel"/>
    <tag k="building:levels" v="1"/>
    <tag k="check_date" v="2023-06-24"/>
    <tag k="fhrs:authority" v="Aberdeen City"/>
    <tag k="fhrs:id" v="906446"/>
    <tag k="fhrs:local_authority_id" v="EHDC12087"/>
    <tag k="guest_house" v="bed_and_breakfast"/>
    <tag k="name" v="Brentwood Villa Bed and Breakfast"/>
    <tag k="roof:levels" v="1"/>
    <tag k="roof:shape" v="gabled"/>
    <tag k="source:addr" v="FHRS Open Data"/>
    <tag k="tourism" v="guest_house"/>
    <tag k="website" v="https://www.brentwoodvillabandb.com/"/>
  </way>
  <way id="722813750" version="5" timestamp="2023-07-22T16:36:51Z" changeset="138862421" uid="4988361" user="FlawOfAverages">
    <nd ref="6780120429"/>
    <nd ref="6784729427"/>
    <nd ref="6780120430"/>
    <nd ref="6780120431"/>
    <nd ref="6784143257"/>
    <nd ref="6780120418"/>
    <nd ref="6784143256"/>
    <nd ref="6784143258"/>
    <nd ref="6784143259"/>
    <nd ref="6780120432"/>
    <nd ref="6780120429"/>
    <tag k="addr:city" v="Aberdeen"/>
    <tag k="addr:housenumber" v="562"/>
    <tag k="addr:postcode" v="AB24 5SR"/>
    <tag k="addr:street" v="King Street"/>
    <tag k="building" v="house"/>
    <tag k="building:levels" v="2"/>
    <tag k="roof:levels" v="0"/>
    <tag k="roof:shape" v="gabled"/>
  </way>
  <way id="722813751" version="6" timestamp="2023-07-22T16:36:50Z" changeset="138862421" uid="4988361" user="FlawOfAverages">
    <nd ref="6780120429"/>
    <nd ref="6784729429"/>
    <nd ref="6780120433"/>
    <nd ref="6784143260"/>
    <nd ref="6784143262"/>
    <nd ref="6784143268"/>
    <nd ref="6780120434"/>
    <nd ref="6784143263"/>
    <nd ref="6784143261"/>
    <nd ref="6780120432"/>
    <nd ref="6780120429"/>
    <tag k="addr:city" v="Aberdeen"/>
    <tag k="addr:housenumber" v="564"/>
    <tag k="addr:postcode" v="AB24 5SR"/>
    <tag k="addr:street" v="King Street"/>
    <tag k="building" v="house"/>
    <tag k="building:levels" v="2"/>
    <tag k="roof:levels" v="0"/>
    <tag k="roof:shape" v="gabled"/>
  </way>
  <way id="722813752" version="3" timestamp="2023-07-22T16:36:51Z" changeset="138862421" uid="4988361" user="FlawOfAverages">
    <nd ref="6780120435"/>
    <nd ref="6780120436"/>
    <nd ref="6780120437"/>
    <nd ref="6780120438"/>
    <nd ref="6780120435"/>
    <tag k="addr:city" v="Aberdeen"/>
    <tag k="addr:housenumber" v="566"/>
    <tag k="addr:postcode" v="AB24 5SR"/>
    <tag k="addr:street" v="King Street"/>
    <tag k="building" v="house"/>
    <tag k="building:levels" v="1"/>
    <tag k="roof:levels" v="1"/>
    <tag k="roof:shape" v="hipped"/>
  </way>
  <way id="722813753" version="3" timestamp="2023-07-22T16:36:51Z" changeset="138862421" uid="4988361" user="FlawOfAverages">
    <nd ref="6780120436"/>
    <nd ref="6780120439"/>
    <nd ref="6780120440"/>
    <nd ref="6780120435"/>
    <nd ref="6780120436"/>
    <tag k="addr:city" v="Aberdeen"/>
    <tag k="addr:housenumber" v="568"/>
    <tag k="addr:postcode" v="AB24 5SR"/>
    <tag k="addr:street" v="King Street"/>
    <tag k="building" v="house"/>
    <tag k="building:levels" v="1"/>
    <tag k="roof:levels" v="1"/>
    <tag k="roof:shape" v="hipped"/>
  </way>
  <way id="722813754" version="3" timestamp="2023-11-04T14:33:02Z" changeset="143614246" uid="4988361" user="FlawOfAverages">
    <nd ref="6780120441"/>
    <nd ref="6780120442"/>
    <nd ref="6780120443"/>
    <nd ref="6780120444"/>
    <nd ref="6780120441"/>
    <tag k="addr:city" v="Aberdeen"/>
    <tag k="addr:housenumber" v="570"/>
    <tag k="addr:postcode" v="AB24 5SR"/>
    <tag k="addr:street" v="King Street"/>
    <tag k="building" v="house"/>
    <tag k="building:levels" v="1"/>
    <tag k="roof:levels" v="1"/>
    <tag k="roof:shape" v="hipped"/>
  </way>
  <way id="722813755" version="3" timestamp="2023-11-04T14:32:59Z" changeset="143614246" uid="4988361" user="FlawOfAverages">
    <nd ref="6780120441"/>
    <nd ref="6780120445"/>
    <nd ref="6780120446"/>
    <nd ref="6780120447"/>
    <nd ref="6780120448"/>
    <nd ref="6780120449"/>
    <nd ref="6780120444"/>
    <nd ref="6780120441"/>
    <tag k="addr:city" v="Aberdeen"/>
    <tag k="addr:housenumber" v="572"/>
    <tag k="addr:postcode" v="AB24 5SR"/>
    <tag k="addr:street" v="King Street"/>
    <tag k="building" v="house"/>
    <tag k="building:levels" v="1"/>
    <tag k="roof:levels" v="1"/>
    <tag k="roof:shape" v="hipped"/>
  </way>
  <way id="722813756" version="4" timestamp="2024-02-22T13:25:17Z" changeset="147773630" uid="4988361" user="FlawOfAverages">
    <nd ref="6780120450"/>
    <nd ref="6784729401"/>
    <nd ref="6780120451"/>
    <nd ref="6780120452"/>
    <nd ref="6780120453"/>
    <nd ref="6780120450"/>
    <tag k="addr:city" v="Aberdeen"/>
    <tag k="addr:housenumber" v="2A-2B"/>
    <tag k="addr:postcode" v="AB24 1TE"/>
    <tag k="addr:street" v="School Drive"/>
    <tag k="building" v="apartments"/>
    <tag k="building:levels" v="2"/>
    <tag k="roof:levels" v="0"/>
    <tag k="roof:shape" v="gabled"/>
  </way>
  <way id="722813757" version="4" timestamp="2024-02-22T13:25:18Z" changeset="147773630" uid="4988361" user="FlawOfAverages">
    <nd ref="6780120454"/>
    <nd ref="6784338592"/>
    <nd ref="6780120455"/>
    <nd ref="6780120456"/>
    <nd ref="6784338589"/>
    <nd ref="6780120457"/>
    <nd ref="6784329584"/>
    <nd ref="6780120454"/>
    <tag k="addr:city" v="Aberdeen"/>
    <tag k="addr:housenumber" v="2-8"/>
    <tag k="addr:postcode" v="AB24 1TE"/>
    <tag k="addr:street" v="School Drive"/>
    <tag k="building" v="apartments"/>
    <tag k="building:levels" v="2"/>
    <tag k="roof:levels" v="0"/>
    <tag k="roof:shape" v="hipped"/>
  </way>
  <way id="722813758" version="5" timestamp="2024-02-22T13:25:18Z" changeset="147773630" uid="4988361" user="FlawOfAverages">
    <nd ref="6780120458"/>
    <nd ref="6784338609"/>
    <nd ref="6780120459"/>
    <nd ref="6780120460"/>
    <nd ref="6784338606"/>
    <nd ref="6780120461"/>
    <nd ref="6784587448"/>
    <nd ref="6784338601"/>
    <nd ref="6784587445"/>
    <nd ref="6780120458"/>
    <tag k="addr:city" v="Aberdeen"/>
    <tag k="addr:housenumber" v="10-16"/>
    <tag k="addr:postcode" v="AB24 1TE"/>
    <tag k="addr:street" v="School Drive"/>
    <tag k="building" v="apartments"/>
    <tag k="building:levels" v="2"/>
    <tag k="roof:levels" v="0"/>
    <tag k="roof:shape" v="hipped"/>
  </way>
  <way id="722813759" version="5" timestamp="2024-02-22T13:25:18Z" changeset="147773630" uid="4988361" user="FlawOfAverages">
    <nd ref="6780120462"/>
    <nd ref="6784338638"/>
    <nd ref="6780120463"/>
    <nd ref="6780120464"/>
    <nd ref="6784601318"/>
    <nd ref="6784338635"/>
    <nd ref="6784601315"/>
    <nd ref="6780120465"/>
    <nd ref="6784338631"/>
    <nd ref="6780120462"/>
    <tag k="addr:city" v="Aberdeen"/>
    <tag k="addr:housenumber" v="18-24"/>
    <tag k="addr:postcode" v="AB24 1TE"/>
    <tag k="addr:street" v="School Drive"/>
    <tag k="building" v="apartments"/>
    <tag k="building:levels" v="2"/>
    <tag k="roof:levels" v="0"/>
    <tag k="roof:shape" v="hipped"/>
  </way>
  <way id="722813760" version="5" timestamp="2024-02-22T13:25:18Z" changeset="147773630" uid="4988361" user="FlawOfAverages">
    <nd ref="6780120466"/>
    <nd ref="6784601312"/>
    <nd ref="6784338647"/>
    <nd ref="6780120467"/>
    <nd ref="6780120468"/>
    <nd ref="6784338644"/>
    <nd ref="6780120469"/>
    <nd ref="6784338640"/>
    <nd ref="6780120466"/>
    <tag k="addr:city" v="Aberdeen"/>
    <tag k="addr:housenumber" v="26-32"/>
    <tag k="addr:postcode" v="AB24 1TE"/>
    <tag k="addr:street" v="School Drive"/>
    <tag k="building" v="apartments"/>
    <tag k="building:levels" v="2"/>
    <tag k="roof:levels" v="0"/>
    <tag k="roof:shape" v="hipped"/>
  </way>
  <way id="722813761" version="4" timestamp="2024-02-22T13:25:19Z" changeset="147773630" uid="4988361" user="FlawOfAverages">
    <nd ref="6780120470"/>
    <nd ref="6784338673"/>
    <nd ref="6780120471"/>
    <nd ref="6780120472"/>
    <nd ref="6784338668"/>
    <nd ref="6780120473"/>
    <nd ref="6784338667"/>
    <nd ref="6780120470"/>
    <tag k="addr:city" v="Aberdeen"/>
    <tag k="addr:housenumber" v="34-40"/>
    <tag k="addr:postcode" v="AB24 1TE"/>
    <tag k="addr:street" v="School Drive"/>
    <tag k="building" v="apartments"/>
    <tag k="building:levels" v="2"/>
    <tag k="roof:levels" v="0"/>
    <tag k="roof:shape" v="hipped"/>
  </way>
  <way id="722813762" version="5" timestamp="2024-02-22T13:25:19Z" changeset="147773630" uid="4988361" user="FlawOfAverages">
    <nd ref="6780120474"/>
    <nd ref="6784338689"/>
    <nd ref="6780120475"/>
    <nd ref="6780120476"/>
    <nd ref="6784338684"/>
    <nd ref="6780120477"/>
    <nd ref="6784587443"/>
    <nd ref="6784338683"/>
    <nd ref="6780120474"/>
    <tag k="addr:city" v="Aberdeen"/>
    <tag k="addr:housenumber" v="42-48"/>
    <tag k="addr:postcode" v="AB24 1TE"/>
    <tag k="addr:street" v="School Drive"/>
    <tag k="building" v="apartments"/>
    <tag k="building:levels" v="2"/>
    <tag k="roof:levels" v="0"/>
    <tag k="roof:shape" v="hipped"/>
  </way>
  <way id="722813763" version="4" timestamp="2024-02-22T13:25:19Z" changeset="147773630" uid="4988361" user="FlawOfAverages">
    <nd ref="6780120478"/>
    <nd ref="6784338698"/>
    <nd ref="6780120479"/>
    <nd ref="6780120480"/>
    <nd ref="6784338694"/>
    <nd ref="6780120481"/>
    <nd ref="6784338693"/>
    <nd ref="6780120478"/>
    <tag k="addr:city" v="Aberdeen"/>
    <tag k="addr:housenumber" v="50-56"/>
    <tag k="addr:postcode" v="AB24 1TE"/>
    <tag k="addr:street" v="School Drive"/>
    <tag k="building" v="apartments"/>
    <tag k="building:levels" v="2"/>
    <tag k="roof:levels" v="0"/>
    <tag k="roof:shape" v="hipped"/>
  </way>
  <way id="722813764" version="6" timestamp="2024-02-22T13:25:20Z" changeset="147773630" uid="4988361" user="FlawOfAverages">
    <nd ref="6780120482"/>
    <nd ref="6784338710"/>
    <nd ref="6780120483"/>
    <nd ref="6780120484"/>
    <nd ref="6784338706"/>
    <nd ref="6780120485"/>
    <nd ref="6784260634"/>
    <nd ref="6784338703"/>
    <nd ref="6780120482"/>
    <tag k="addr:city" v="Aberdeen"/>
    <tag k="addr:housenumber" v="58-64"/>
    <tag k="addr:postcode" v="AB24 1TE"/>
    <tag k="addr:street" v="School Drive"/>
    <tag k="building" v="apartments"/>
    <tag k="building:levels" v="2"/>
    <tag k="roof:levels" v="0"/>
    <tag k="roof:shape" v="hipped"/>
  </way>
  <way id="722813765" version="6" timestamp="2024-02-22T13:25:21Z" changeset="147773630" uid="4988361" user="FlawOfAverages">
    <nd ref="6780120486"/>
    <nd ref="6780580956"/>
    <nd ref="6780120487"/>
    <nd ref="6780580957"/>
    <nd ref="6784260629"/>
    <nd ref="6780580958"/>
    <nd ref="6784587433"/>
    <nd ref="6780580959"/>
    <nd ref="6784587435"/>
    <nd ref="6780120488"/>
    <nd ref="6784587428"/>
    <nd ref="6780120489"/>
    <nd ref="6784587429"/>
    <nd ref="6780120486"/>
    <tag k="addr:city" v="Aberdeen"/>
    <tag k="addr:housenumber" v="9-15"/>
    <tag k="addr:postcode" v="AB24 1SY"/>
    <tag k="addr:street" v="School Avenue"/>
    <tag k="building" v="apartments"/>
    <tag k="building:levels" v="2"/>
    <tag k="roof:levels" v="0"/>
    <tag k="roof:shape" v="hipped"/>
  </way>
  <way id="722813766" version="5" timestamp="2024-02-22T13:25:23Z" changeset="147773630" uid="4988361" user="FlawOfAverages">
    <nd ref="6780120490"/>
    <nd ref="6780120491"/>
    <nd ref="6784587456"/>
    <nd ref="6780120492"/>
    <nd ref="6784587450"/>
    <nd ref="6784260612"/>
    <nd ref="6784587441"/>
    <nd ref="6780120493"/>
    <nd ref="6784587451"/>
    <nd ref="6780120490"/>
    <tag k="addr:city" v="Aberdeen"/>
    <tag k="addr:housenumber" v="1-7"/>
    <tag k="addr:postcode" v="AB24 1SY"/>
    <tag k="addr:street" v="School Avenue"/>
    <tag k="building" v="apartments"/>
    <tag k="building:levels" v="2"/>
    <tag k="roof:levels" v="0"/>
    <tag k="roof:shape" v="hipped"/>
  </way>
  <way id="722813767" version="3" timestamp="2024-02-22T13:25:20Z" changeset="147773630" uid="4988361" user="FlawOfAverages">
    <nd ref="6780120494"/>
    <nd ref="6780120495"/>
    <nd ref="6780120496"/>
    <nd ref="6780120497"/>
    <nd ref="6780120494"/>
    <tag k="addr:city" v="Aberdeen"/>
    <tag k="addr:housenumber" v="10-16"/>
    <tag k="addr:postcode" v="AB24 1SY"/>
    <tag k="addr:street" v="School Avenue"/>
    <tag k="building" v="apartments"/>
    <tag k="building:levels" v="2"/>
    <tag k="roof:levels" v="0"/>
    <tag k="roof:shape" v="hipped"/>
  </way>
  <way id="722813768" version="3" timestamp="2024-02-22T13:25:20Z" changeset="147773630" uid="4988361" user="FlawOfAverages">
    <nd ref="6780120498"/>
    <nd ref="6780120499"/>
    <nd ref="6780120500"/>
    <nd ref="6780120501"/>
    <nd ref="6780120498"/>
    <tag k="addr:city" v="Aberdeen"/>
    <tag k="addr:housenumber" v="2-8"/>
    <tag k="addr:postcode" v="AB24 1SY"/>
    <tag k="addr:street" v="School Avenue"/>
    <tag k="building" v="apartments"/>
    <tag k="building:levels" v="2"/>
    <tag k="roof:levels" v="0"/>
    <tag k="roof:shape" v="hipped"/>
  </way>
  <way id="722813769" version="3" timestamp="2024-02-22T13:25:23Z" changeset="147773630" uid="4988361" user="FlawOfAverages">
    <nd ref="6780120502"/>
    <nd ref="6780120503"/>
    <nd ref="6780120504"/>
    <nd ref="6780120505"/>
    <nd ref="6780120502"/>
    <tag k="addr:city" v="Aberdeen"/>
    <tag k="addr:housenumber" v="66-72"/>
    <tag k="addr:postcode" v="AB24 1TA"/>
    <tag k="addr:street" v="School Drive"/>
    <tag k="building" v="apartments"/>
    <tag k="building:levels" v="2"/>
    <tag k="roof:levels" v="0"/>
    <tag k="roof:shape" v="hipped"/>
  </way>
  <way id="722813770" version="3" timestamp="2024-02-22T13:25:23Z" changeset="147773630" uid="4988361" user="FlawOfAverages">
    <nd ref="6780120506"/>
    <nd ref="6780120507"/>
    <nd ref="6780120508"/>
    <nd ref="6780120509"/>
    <nd ref="6780120506"/>
    <tag k="addr:city" v="Aberdeen"/>
    <tag k="addr:housenumber" v="74-80"/>
    <tag k="addr:postcode" v="AB24 1TA"/>
    <tag k="addr:street" v="School Drive"/>
    <tag k="building" v="apartments"/>
    <tag k="building:levels" v="2"/>
    <tag k="roof:levels" v="0"/>
    <tag k="roof:shape" v="hipped"/>
  </way>
  <way id="722813772" version="5" timestamp="2020-06-13T03:41:21Z" changeset="86589640" uid="10259484" user="calibase">
    <nd ref="6780120514"/>
    <nd ref="6780120515"/>
    <nd ref="6780120516"/>
    <nd ref="6780120517"/>
    <nd ref="6780120518"/>
    <nd ref="7616969861"/>
    <nd ref="6780120519"/>
    <nd ref="6780120520"/>
    <nd ref="6780120521"/>
    <nd ref="6780120514"/>
    <tag k="addr:city" v="Aberdeen"/>
    <tag k="addr:housenumber" v="86"/>
    <tag k="addr:postcode" v="AB24 1TA"/>
    <tag k="addr:street" v="School Drive"/>
    <tag k="amenity" v="social_facility"/>
    <tag k="building" v="yes"/>
    <tag k="social_facility" v="ambulatory_care"/>
  </way>
  <way id="722813773" version="5" timestamp="2020-06-13T03:41:21Z" changeset="86589640" uid="10259484" user="calibase">
    <nd ref="6780120522"/>
    <nd ref="7616969860"/>
    <nd ref="6780120523"/>
    <nd ref="6780120524"/>
    <nd ref="6780120525"/>
    <nd ref="6780120526"/>
    <nd ref="6780120527"/>
    <nd ref="6780120528"/>
    <nd ref="6780120529"/>
    <nd ref="7616969867"/>
    <nd ref="6780120522"/>
    <tag k="addr:city" v="Aberdeen"/>
    <tag k="addr:housenumber" v="88"/>
    <tag k="addr:postcode" v="AB24 1TA"/>
    <tag k="addr:street" v="School Drive"/>
    <tag k="amenity" v="social_facility"/>
    <tag k="building" v="yes"/>
    <tag k="social_facility" v="ambulatory_care"/>
  </way>
  <way id="722813776" version="3" timestamp="2024-02-22T13:25:24Z" changeset="147773630" uid="4988361" user="FlawOfAverages">
    <nd ref="6780120545"/>
    <nd ref="6780120546"/>
    <nd ref="6780120547"/>
    <nd ref="6780120548"/>
    <nd ref="6780120545"/>
    <tag k="addr:city" v="Aberdeen"/>
    <tag k="addr:housenumber" v="98-104"/>
    <tag k="addr:postcode" v="AB24 1TA"/>
    <tag k="addr:street" v="School Drive"/>
    <tag k="building" v="apartments"/>
    <tag k="building:levels" v="2"/>
    <tag k="roof:levels" v="0"/>
    <tag k="roof:shape" v="hipped"/>
  </way>
  <way id="722813777" version="3" timestamp="2024-02-22T13:25:24Z" changeset="147773630" uid="4988361" user="FlawOfAverages">
    <nd ref="6780120549"/>
    <nd ref="6780120550"/>
    <nd ref="6780120551"/>
    <nd ref="6780120552"/>
    <nd ref="6780120549"/>
    <tag k="addr:city" v="Aberdeen"/>
    <tag k="addr:housenumber" v="106-112"/>
    <tag k="addr:postcode" v="AB24 1TA"/>
    <tag k="addr:street" v="School Drive"/>
    <tag k="building" v="apartments"/>
    <tag k="building:levels" v="2"/>
    <tag k="roof:levels" v="0"/>
    <tag k="roof:shape" v="hipped"/>
  </way>
  <way id="722813778" version="3" timestamp="2024-02-22T13:25:24Z" changeset="147773630" uid="4988361" user="FlawOfAverages">
    <nd ref="6780120553"/>
    <nd ref="6780120554"/>
    <nd ref="6780120555"/>
    <nd ref="6780120556"/>
    <nd ref="6780120553"/>
    <tag k="addr:city" v="Aberdeen"/>
    <tag k="addr:housenumber" v="114-120"/>
    <tag k="addr:postcode" v="AB24 1TA"/>
    <tag k="addr:street" v="School Drive"/>
    <tag k="building" v="apartments"/>
    <tag k="building:levels" v="2"/>
    <tag k="roof:levels" v="0"/>
    <tag k="roof:shape" v="hipped"/>
  </way>
  <way id="722813779" version="3" timestamp="2024-02-22T13:25:25Z" changeset="147773630" uid="4988361" user="FlawOfAverages">
    <nd ref="6780120557"/>
    <nd ref="6780120558"/>
    <nd ref="6780120559"/>
    <nd ref="6780120560"/>
    <nd ref="6780120557"/>
    <tag k="addr:city" v="Aberdeen"/>
    <tag k="addr:housenumber" v="122-128"/>
    <tag k="addr:postcode" v="AB24 1TA"/>
    <tag k="addr:street" v="School Drive"/>
    <tag k="building" v="apartments"/>
    <tag k="building:levels" v="2"/>
    <tag k="roof:levels" v="0"/>
    <tag k="roof:shape" v="hipped"/>
  </way>
  <way id="722813780" version="3" timestamp="2024-02-22T13:25:25Z" changeset="147773630" uid="4988361" user="FlawOfAverages">
    <nd ref="6780120561"/>
    <nd ref="6780120562"/>
    <nd ref="6780120563"/>
    <nd ref="6780120564"/>
    <nd ref="6780120561"/>
    <tag k="addr:city" v="Aberdeen"/>
    <tag k="addr:housenumber" v="130-136"/>
    <tag k="addr:postcode" v="AB24 1TA"/>
    <tag k="addr:street" v="School Drive"/>
    <tag k="building" v="apartments"/>
    <tag k="building:levels" v="2"/>
    <tag k="roof:levels" v="0"/>
    <tag k="roof:shape" v="hipped"/>
  </way>
  <way id="722813781" version="3" timestamp="2024-02-22T13:25:25Z" changeset="147773630" uid="4988361" user="FlawOfAverages">
    <nd ref="6780120565"/>
    <nd ref="6780120566"/>
    <nd ref="6780120567"/>
    <nd ref="6780120568"/>
    <nd ref="6780120565"/>
    <tag k="addr:city" v="Aberdeen"/>
    <tag k="addr:housenumber" v="138-144"/>
    <tag k="addr:postcode" v="AB24 1TA"/>
    <tag k="addr:street" v="School Drive"/>
    <tag k="building" v="apartments"/>
    <tag k="building:levels" v="2"/>
    <tag k="roof:levels" v="0"/>
    <tag k="roof:shape" v="hipped"/>
  </way>
  <way id="722813782" version="3" timestamp="2024-02-22T13:25:25Z" changeset="147773630" uid="4988361" user="FlawOfAverages">
    <nd ref="6780120569"/>
    <nd ref="6780120570"/>
    <nd ref="6780120571"/>
    <nd ref="6780120572"/>
    <nd ref="6780120569"/>
    <tag k="addr:city" v="Aberdeen"/>
    <tag k="addr:housenumber" v="146-152"/>
    <tag k="addr:postcode" v="AB24 1TA"/>
    <tag k="addr:street" v="School Drive"/>
    <tag k="building" v="apartments"/>
    <tag k="building:levels" v="2"/>
    <tag k="roof:levels" v="0"/>
    <tag k="roof:shape" v="hipped"/>
  </way>
  <way id="722813783" version="3" timestamp="2024-02-22T13:25:25Z" changeset="147773630" uid="4988361" user="FlawOfAverages">
    <nd ref="6780120573"/>
    <nd ref="6780120574"/>
    <nd ref="6780120575"/>
    <nd ref="6780120576"/>
    <nd ref="6780120573"/>
    <tag k="addr:city" v="Aberdeen"/>
    <tag k="addr:housenumber" v="154-160"/>
    <tag k="addr:postcode" v="AB24 1TB"/>
    <tag k="addr:street" v="School Drive"/>
    <tag k="building" v="apartments"/>
    <tag k="building:levels" v="2"/>
    <tag k="roof:levels" v="0"/>
    <tag k="roof:shape" v="hipped"/>
  </way>
  <way id="722813784" version="3" timestamp="2024-02-22T13:25:26Z" changeset="147773630" uid="4988361" user="FlawOfAverages">
    <nd ref="6780120577"/>
    <nd ref="6780120578"/>
    <nd ref="6780120579"/>
    <nd ref="6780120580"/>
    <nd ref="6780120577"/>
    <tag k="addr:city" v="Aberdeen"/>
    <tag k="addr:housenumber" v="162-168"/>
    <tag k="addr:postcode" v="AB24 1TB"/>
    <tag k="addr:street" v="School Drive"/>
    <tag k="building" v="apartments"/>
    <tag k="building:levels" v="2"/>
    <tag k="roof:levels" v="0"/>
    <tag k="roof:shape" v="hipped"/>
  </way>
  <way id="722813785" version="3" timestamp="2024-02-22T13:25:26Z" changeset="147773630" uid="4988361" user="FlawOfAverages">
    <nd ref="6780120581"/>
    <nd ref="6780120582"/>
    <nd ref="6780120583"/>
    <nd ref="6780120584"/>
    <nd ref="6780120581"/>
    <tag k="addr:city" v="Aberdeen"/>
    <tag k="addr:housenumber" v="170-176"/>
    <tag k="addr:postcode" v="AB24 1TB"/>
    <tag k="addr:street" v="School Drive"/>
    <tag k="building" v="apartments"/>
    <tag k="building:levels" v="2"/>
    <tag k="roof:levels" v="0"/>
    <tag k="roof:shape" v="hipped"/>
  </way>
  <way id="722813786" version="3" timestamp="2024-02-22T13:25:27Z" changeset="147773630" uid="4988361" user="FlawOfAverages">
    <nd ref="6780120585"/>
    <nd ref="6780120586"/>
    <nd ref="6780120587"/>
    <nd ref="6780120588"/>
    <nd ref="6780120585"/>
    <tag k="addr:city" v="Aberdeen"/>
    <tag k="addr:housenumber" v="178-184"/>
    <tag k="addr:postcode" v="AB24 1TB"/>
    <tag k="addr:street" v="School Drive"/>
    <tag k="building" v="apartments"/>
    <tag k="building:levels" v="2"/>
    <tag k="roof:levels" v="0"/>
    <tag k="roof:shape" v="hipped"/>
  </way>
  <way id="722826163" version="3" timestamp="2023-06-27T15:44:59Z" changeset="137839889" uid="4988361" user="FlawOfAverages">
    <nd ref="6780161384"/>
    <nd ref="6780239185"/>
    <nd ref="6780239186"/>
    <nd ref="6780239187"/>
    <nd ref="6780161384"/>
    <tag k="addr:city" v="Aberdeen"/>
    <tag k="addr:housenumber" v="1-7"/>
    <tag k="addr:postcode" v="AB24 1TH"/>
    <tag k="addr:street" v="School Drive"/>
    <tag k="building" v="apartments"/>
    <tag k="building:levels" v="2"/>
    <tag k="roof:levels" v="0"/>
    <tag k="roof:shape" v="hipped"/>
  </way>
  <way id="722826164" version="3" timestamp="2023-06-27T15:45:02Z" changeset="137839889" uid="4988361" user="FlawOfAverages">
    <nd ref="6780239188"/>
    <nd ref="6780239189"/>
    <nd ref="6780239190"/>
    <nd ref="6780239191"/>
    <nd ref="6780239188"/>
    <tag k="addr:city" v="Aberdeen"/>
    <tag k="addr:housenumber" v="9-15"/>
    <tag k="addr:postcode" v="AB24 1TH"/>
    <tag k="addr:street" v="School Drive"/>
    <tag k="building" v="apartments"/>
    <tag k="building:levels" v="2"/>
    <tag k="roof:levels" v="0"/>
    <tag k="roof:shape" v="hipped"/>
  </way>
  <way id="722826165" version="3" timestamp="2023-06-27T15:45:08Z" changeset="137839889" uid="4988361" user="FlawOfAverages">
    <nd ref="6780239192"/>
    <nd ref="6780239193"/>
    <nd ref="6780239194"/>
    <nd ref="6780239195"/>
    <nd ref="6780239192"/>
    <tag k="addr:city" v="Aberdeen"/>
    <tag k="addr:housenumber" v="89-95"/>
    <tag k="addr:postcode" v="AB24 1TH"/>
    <tag k="addr:street" v="School Drive"/>
    <tag k="building" v="apartments"/>
    <tag k="building:levels" v="2"/>
    <tag k="roof:levels" v="0"/>
    <tag k="roof:shape" v="hipped"/>
  </way>
  <way id="722826166" version="3" timestamp="2023-06-27T15:45:10Z" changeset="137839889" uid="4988361" user="FlawOfAverages">
    <nd ref="6780239196"/>
    <nd ref="6780239197"/>
    <nd ref="6780239198"/>
    <nd ref="6780239199"/>
    <nd ref="6780239196"/>
    <tag k="addr:city" v="Aberdeen"/>
    <tag k="addr:housenumber" v="97-103"/>
    <tag k="addr:postcode" v="AB24 1TH"/>
    <tag k="addr:street" v="School Drive"/>
    <tag k="building" v="apartments"/>
    <tag k="building:levels" v="2"/>
    <tag k="roof:levels" v="0"/>
    <tag k="roof:shape" v="hipped"/>
  </way>
  <way id="722826167" version="3" timestamp="2023-06-27T15:44:37Z" changeset="137839889" uid="4988361" user="FlawOfAverages">
    <nd ref="6780239200"/>
    <nd ref="6780239201"/>
    <nd ref="6780239202"/>
    <nd ref="6780239203"/>
    <nd ref="6780239200"/>
    <tag k="addr:city" v="Aberdeen"/>
    <tag k="addr:housenumber" v="17-23"/>
    <tag k="addr:postcode" v="AB24 1TH"/>
    <tag k="addr:street" v="School Drive"/>
    <tag k="building" v="apartments"/>
    <tag k="building:levels" v="2"/>
    <tag k="roof:levels" v="0"/>
    <tag k="roof:shape" v="hipped"/>
  </way>
  <way id="722826168" version="3" timestamp="2023-06-27T15:44:41Z" changeset="137839889" uid="4988361" user="FlawOfAverages">
    <nd ref="6780239204"/>
    <nd ref="6780239205"/>
    <nd ref="6780239206"/>
    <nd ref="6780239207"/>
    <nd ref="6780239204"/>
    <tag k="addr:city" v="Aberdeen"/>
    <tag k="addr:housenumber" v="25-31"/>
    <tag k="addr:postcode" v="AB24 1TH"/>
    <tag k="addr:street" v="School Drive"/>
    <tag k="building" v="apartments"/>
    <tag k="building:levels" v="2"/>
    <tag k="roof:levels" v="0"/>
    <tag k="roof:shape" v="hipped"/>
  </way>
  <way id="722826169" version="3" timestamp="2023-06-27T15:44:45Z" changeset="137839889" uid="4988361" user="FlawOfAverages">
    <nd ref="6780239208"/>
    <nd ref="6780239209"/>
    <nd ref="6780239210"/>
    <nd ref="6780239211"/>
    <nd ref="6780239208"/>
    <tag k="addr:city" v="Aberdeen"/>
    <tag k="addr:housenumber" v="33-39"/>
    <tag k="addr:postcode" v="AB24 1TH"/>
    <tag k="addr:street" v="School Drive"/>
    <tag k="building" v="apartments"/>
    <tag k="building:levels" v="2"/>
    <tag k="roof:levels" v="0"/>
    <tag k="roof:shape" v="hipped"/>
  </way>
  <way id="722826170" version="3" timestamp="2023-06-27T15:44:47Z" changeset="137839889" uid="4988361" user="FlawOfAverages">
    <nd ref="6780239212"/>
    <nd ref="6780239213"/>
    <nd ref="6780239214"/>
    <nd ref="6780239215"/>
    <nd ref="6780239212"/>
    <tag k="addr:city" v="Aberdeen"/>
    <tag k="addr:housenumber" v="41-47"/>
    <tag k="addr:postcode" v="AB24 1TH"/>
    <tag k="addr:street" v="School Drive"/>
    <tag k="building" v="apartments"/>
    <tag k="building:levels" v="2"/>
    <tag k="roof:levels" v="0"/>
    <tag k="roof:shape" v="hipped"/>
  </way>
  <way id="722826171" version="3" timestamp="2023-06-27T15:44:54Z" changeset="137839889" uid="4988361" user="FlawOfAverages">
    <nd ref="6780239216"/>
    <nd ref="6780239217"/>
    <nd ref="6780239218"/>
    <nd ref="6780239219"/>
    <nd ref="6780239216"/>
    <tag k="addr:city" v="Aberdeen"/>
    <tag k="addr:housenumber" v="49-55"/>
    <tag k="addr:postcode" v="AB24 1TH"/>
    <tag k="addr:street" v="School Drive"/>
    <tag k="building" v="apartments"/>
    <tag k="building:levels" v="2"/>
    <tag k="roof:levels" v="0"/>
    <tag k="roof:shape" v="hipped"/>
  </way>
  <way id="722826172" version="3" timestamp="2023-06-27T15:44:50Z" changeset="137839889" uid="4988361" user="FlawOfAverages">
    <nd ref="6780239220"/>
    <nd ref="6780239221"/>
    <nd ref="6780239222"/>
    <nd ref="6780239223"/>
    <nd ref="6780239220"/>
    <tag k="addr:city" v="Aberdeen"/>
    <tag k="addr:housenumber" v="57-63"/>
    <tag k="addr:postcode" v="AB24 1TH"/>
    <tag k="addr:street" v="School Drive"/>
    <tag k="building" v="apartments"/>
    <tag k="building:levels" v="2"/>
    <tag k="roof:levels" v="0"/>
    <tag k="roof:shape" v="hipped"/>
  </way>
  <way id="722826173" version="3" timestamp="2023-06-27T15:44:52Z" changeset="137839889" uid="4988361" user="FlawOfAverages">
    <nd ref="6780239224"/>
    <nd ref="6780239225"/>
    <nd ref="6780239226"/>
    <nd ref="6780239227"/>
    <nd ref="6780239224"/>
    <tag k="addr:city" v="Aberdeen"/>
    <tag k="addr:housenumber" v="65-71"/>
    <tag k="addr:postcode" v="AB24 1TH"/>
    <tag k="addr:street" v="School Drive"/>
    <tag k="building" v="apartments"/>
    <tag k="building:levels" v="2"/>
    <tag k="roof:levels" v="0"/>
    <tag k="roof:shape" v="hipped"/>
  </way>
  <way id="722826174" version="3" timestamp="2023-06-27T15:44:39Z" changeset="137839889" uid="4988361" user="FlawOfAverages">
    <nd ref="6780239228"/>
    <nd ref="6780239229"/>
    <nd ref="6780239230"/>
    <nd ref="6780239231"/>
    <nd ref="6780239228"/>
    <tag k="addr:city" v="Aberdeen"/>
    <tag k="addr:housenumber" v="73-79"/>
    <tag k="addr:postcode" v="AB24 1TH"/>
    <tag k="addr:street" v="School Drive"/>
    <tag k="building" v="apartments"/>
    <tag k="building:levels" v="2"/>
    <tag k="roof:levels" v="0"/>
    <tag k="roof:shape" v="hipped"/>
  </way>
  <way id="722826175" version="3" timestamp="2023-06-27T15:44:43Z" changeset="137839889" uid="4988361" user="FlawOfAverages">
    <nd ref="6780239232"/>
    <nd ref="6780239233"/>
    <nd ref="6780239234"/>
    <nd ref="6780239235"/>
    <nd ref="6780239232"/>
    <tag k="addr:city" v="Aberdeen"/>
    <tag k="addr:housenumber" v="81-87"/>
    <tag k="addr:postcode" v="AB24 1TH"/>
    <tag k="addr:street" v="School Drive"/>
    <tag k="building" v="apartments"/>
    <tag k="building:levels" v="2"/>
    <tag k="roof:levels" v="0"/>
    <tag k="roof:shape" v="hipped"/>
  </way>
  <way id="722826178" version="3" timestamp="2023-06-27T15:08:54Z" changeset="137839889" uid="4988361" user="FlawOfAverages">
    <nd ref="6780239262"/>
    <nd ref="6780239263"/>
    <nd ref="6780239264"/>
    <nd ref="6780239265"/>
    <nd ref="6780239262"/>
    <tag k="addr:city" v="Aberdeen"/>
    <tag k="addr:housenumber" v="105-111"/>
    <tag k="addr:postcode" v="AB24 1TD"/>
    <tag k="addr:street" v="School Drive"/>
    <tag k="building" v="apartments"/>
    <tag k="building:levels" v="2"/>
    <tag k="roof:levels" v="0"/>
    <tag k="roof:shape" v="hipped"/>
  </way>
  <way id="722826179" version="3" timestamp="2023-06-27T15:08:56Z" changeset="137839889" uid="4988361" user="FlawOfAverages">
    <nd ref="6780239266"/>
    <nd ref="6780239267"/>
    <nd ref="6780239268"/>
    <nd ref="6780239269"/>
    <nd ref="6780239266"/>
    <tag k="addr:city" v="Aberdeen"/>
    <tag k="addr:housenumber" v="113-119"/>
    <tag k="addr:postcode" v="AB24 1TD"/>
    <tag k="addr:street" v="School Drive"/>
    <tag k="building" v="apartments"/>
    <tag k="building:levels" v="2"/>
    <tag k="roof:levels" v="0"/>
    <tag k="roof:shape" v="hipped"/>
  </way>
  <way id="722826180" version="3" timestamp="2023-06-27T15:08:58Z" changeset="137839889" uid="4988361" user="FlawOfAverages">
    <nd ref="6780239270"/>
    <nd ref="6780239271"/>
    <nd ref="6780239272"/>
    <nd ref="6780239273"/>
    <nd ref="6780239270"/>
    <tag k="addr:city" v="Aberdeen"/>
    <tag k="addr:housenumber" v="121-127"/>
    <tag k="addr:postcode" v="AB24 1TD"/>
    <tag k="addr:street" v="School Drive"/>
    <tag k="building" v="apartments"/>
    <tag k="building:levels" v="2"/>
    <tag k="roof:levels" v="0"/>
    <tag k="roof:shape" v="hipped"/>
  </way>
  <way id="722826181" version="3" timestamp="2023-06-27T15:09:00Z" changeset="137839889" uid="4988361" user="FlawOfAverages">
    <nd ref="6780239276"/>
    <nd ref="6780239277"/>
    <nd ref="6780239278"/>
    <nd ref="6780239279"/>
    <nd ref="6780239276"/>
    <tag k="addr:city" v="Aberdeen"/>
    <tag k="addr:housenumber" v="129-135"/>
    <tag k="addr:postcode" v="AB24 1TD"/>
    <tag k="addr:street" v="School Drive"/>
    <tag k="building" v="apartments"/>
    <tag k="building:levels" v="2"/>
    <tag k="roof:levels" v="0"/>
    <tag k="roof:shape" v="hipped"/>
  </way>
  <way id="722826182" version="3" timestamp="2023-06-27T15:09:05Z" changeset="137839889" uid="4988361" user="FlawOfAverages">
    <nd ref="6780239280"/>
    <nd ref="6780239281"/>
    <nd ref="6780239282"/>
    <nd ref="6780239283"/>
    <nd ref="6780239280"/>
    <tag k="addr:city" v="Aberdeen"/>
    <tag k="addr:housenumber" v="137-143"/>
    <tag k="addr:postcode" v="AB24 1TD"/>
    <tag k="addr:street" v="School Drive"/>
    <tag k="building" v="apartments"/>
    <tag k="building:levels" v="2"/>
    <tag k="roof:levels" v="0"/>
    <tag k="roof:shape" v="hipped"/>
  </way>
  <way id="722826183" version="3" timestamp="2023-06-27T15:09:03Z" changeset="137839889" uid="4988361" user="FlawOfAverages">
    <nd ref="6780239284"/>
    <nd ref="6780239285"/>
    <nd ref="6780239286"/>
    <nd ref="6780239287"/>
    <nd ref="6780239284"/>
    <tag k="addr:city" v="Aberdeen"/>
    <tag k="addr:housenumber" v="145-151"/>
    <tag k="addr:postcode" v="AB24 1TD"/>
    <tag k="addr:street" v="School Drive"/>
    <tag k="building" v="apartments"/>
    <tag k="building:levels" v="2"/>
    <tag k="roof:levels" v="0"/>
    <tag k="roof:shape" v="hipped"/>
  </way>
  <way id="722826184" version="3" timestamp="2023-06-27T15:09:07Z" changeset="137839889" uid="4988361" user="FlawOfAverages">
    <nd ref="6780239288"/>
    <nd ref="6780239289"/>
    <nd ref="6780239290"/>
    <nd ref="6780239291"/>
    <nd ref="6780239288"/>
    <tag k="addr:city" v="Aberdeen"/>
    <tag k="addr:housenumber" v="153-159"/>
    <tag k="addr:postcode" v="AB24 1TD"/>
    <tag k="addr:street" v="School Drive"/>
    <tag k="building" v="apartments"/>
    <tag k="building:levels" v="2"/>
    <tag k="roof:levels" v="0"/>
    <tag k="roof:shape" v="hipped"/>
  </way>
  <way id="722826185" version="3" timestamp="2023-06-27T15:09:09Z" changeset="137839889" uid="4988361" user="FlawOfAverages">
    <nd ref="6780239292"/>
    <nd ref="6780239293"/>
    <nd ref="6780239294"/>
    <nd ref="6780239295"/>
    <nd ref="6780239292"/>
    <tag k="addr:city" v="Aberdeen"/>
    <tag k="addr:housenumber" v="161-167"/>
    <tag k="addr:postcode" v="AB24 1TD"/>
    <tag k="addr:street" v="School Drive"/>
    <tag k="building" v="apartments"/>
    <tag k="building:levels" v="2"/>
    <tag k="roof:levels" v="0"/>
    <tag k="roof:shape" v="hipped"/>
  </way>
  <way id="722826186" version="3" timestamp="2024-02-22T13:25:27Z" changeset="147773630" uid="4988361" user="FlawOfAverages">
    <nd ref="6780239297"/>
    <nd ref="6780239298"/>
    <nd ref="6780239299"/>
    <nd ref="6780239300"/>
    <nd ref="6780239297"/>
    <tag k="addr:city" v="Aberdeen"/>
    <tag k="addr:housenumber" v="186-192"/>
    <tag k="addr:postcode" v="AB24 1TB"/>
    <tag k="addr:street" v="School Drive"/>
    <tag k="building" v="apartments"/>
    <tag k="building:levels" v="2"/>
    <tag k="roof:levels" v="0"/>
    <tag k="roof:shape" v="hipped"/>
  </way>
  <way id="722826187" version="3" timestamp="2024-02-22T13:25:27Z" changeset="147773630" uid="4988361" user="FlawOfAverages">
    <nd ref="6780239301"/>
    <nd ref="6780239302"/>
    <nd ref="6780239303"/>
    <nd ref="6780239304"/>
    <nd ref="6780239301"/>
    <tag k="addr:city" v="Aberdeen"/>
    <tag k="addr:housenumber" v="194-200"/>
    <tag k="addr:postcode" v="AB24 1TB"/>
    <tag k="addr:street" v="School Drive"/>
    <tag k="building" v="apartments"/>
    <tag k="building:levels" v="2"/>
    <tag k="roof:levels" v="0"/>
    <tag k="roof:shape" v="hipped"/>
  </way>
  <way id="722826188" version="3" timestamp="2024-02-22T13:25:26Z" changeset="147773630" uid="4988361" user="FlawOfAverages">
    <nd ref="6780239305"/>
    <nd ref="6780239306"/>
    <nd ref="6780239307"/>
    <nd ref="6780239308"/>
    <nd ref="6780239305"/>
    <tag k="addr:city" v="Aberdeen"/>
    <tag k="addr:housenumber" v="202-208"/>
    <tag k="addr:postcode" v="AB24 1TB"/>
    <tag k="addr:street" v="School Drive"/>
    <tag k="building" v="apartments"/>
    <tag k="building:levels" v="2"/>
    <tag k="roof:levels" v="0"/>
    <tag k="roof:shape" v="hipped"/>
  </way>
  <way id="722826189" version="3" timestamp="2024-02-22T13:25:26Z" changeset="147773630" uid="4988361" user="FlawOfAverages">
    <nd ref="6780239309"/>
    <nd ref="6780239310"/>
    <nd ref="6780239311"/>
    <nd ref="6780239312"/>
    <nd ref="6780239309"/>
    <tag k="addr:city" v="Aberdeen"/>
    <tag k="addr:housenumber" v="210-216"/>
    <tag k="addr:postcode" v="AB24 1TB"/>
    <tag k="addr:street" v="School Drive"/>
    <tag k="building" v="apartments"/>
    <tag k="building:levels" v="2"/>
    <tag k="roof:levels" v="0"/>
    <tag k="roof:shape" v="hipped"/>
  </way>
  <way id="722826190" version="3" timestamp="2024-02-22T13:25:30Z" changeset="147773630" uid="4988361" user="FlawOfAverages">
    <nd ref="6780239313"/>
    <nd ref="6780239314"/>
    <nd ref="6780239315"/>
    <nd ref="6780239316"/>
    <nd ref="6780239313"/>
    <tag k="addr:city" v="Aberdeen"/>
    <tag k="addr:housenumber" v="218-224"/>
    <tag k="addr:postcode" v="AB24 1TB"/>
    <tag k="addr:street" v="School Drive"/>
    <tag k="building" v="apartments"/>
    <tag k="building:levels" v="2"/>
    <tag k="roof:levels" v="0"/>
    <tag k="roof:shape" v="hipped"/>
  </way>
  <way id="722826191" version="3" timestamp="2024-02-22T13:25:30Z" changeset="147773630" uid="4988361" user="FlawOfAverages">
    <nd ref="6780239317"/>
    <nd ref="6780239318"/>
    <nd ref="6780239319"/>
    <nd ref="6780239320"/>
    <nd ref="6780239317"/>
    <tag k="addr:city" v="Aberdeen"/>
    <tag k="addr:housenumber" v="226-232"/>
    <tag k="addr:postcode" v="AB24 1TB"/>
    <tag k="addr:street" v="School Drive"/>
    <tag k="building" v="apartments"/>
    <tag k="building:levels" v="2"/>
    <tag k="roof:levels" v="0"/>
    <tag k="roof:shape" v="hipped"/>
  </way>
  <way id="722826192" version="3" timestamp="2024-02-22T13:25:30Z" changeset="147773630" uid="4988361" user="FlawOfAverages">
    <nd ref="6780239321"/>
    <nd ref="6780239322"/>
    <nd ref="6780239323"/>
    <nd ref="6780239324"/>
    <nd ref="6780239321"/>
    <tag k="addr:city" v="Aberdeen"/>
    <tag k="addr:housenumber" v="234-240"/>
    <tag k="addr:postcode" v="AB24 1TB"/>
    <tag k="addr:street" v="School Drive"/>
    <tag k="building" v="apartments"/>
    <tag k="building:levels" v="2"/>
    <tag k="roof:levels" v="0"/>
    <tag k="roof:shape" v="hipped"/>
  </way>
  <way id="722826193" version="3" timestamp="2024-02-22T13:25:29Z" changeset="147773630" uid="4988361" user="FlawOfAverages">
    <nd ref="6780239325"/>
    <nd ref="6780239326"/>
    <nd ref="6780239327"/>
    <nd ref="6780239328"/>
    <nd ref="6780239325"/>
    <tag k="addr:city" v="Aberdeen"/>
    <tag k="addr:housenumber" v="169-175"/>
    <tag k="addr:postcode" v="AB24 1TD"/>
    <tag k="addr:street" v="School Drive"/>
    <tag k="building" v="apartments"/>
    <tag k="building:levels" v="2"/>
    <tag k="roof:levels" v="0"/>
    <tag k="roof:shape" v="hipped"/>
  </way>
  <way id="722826194" version="3" timestamp="2024-02-22T13:25:30Z" changeset="147773630" uid="4988361" user="FlawOfAverages">
    <nd ref="6780239329"/>
    <nd ref="6780239330"/>
    <nd ref="6780239331"/>
    <nd ref="6780239332"/>
    <nd ref="6780239329"/>
    <tag k="addr:city" v="Aberdeen"/>
    <tag k="addr:housenumber" v="177-183"/>
    <tag k="addr:postcode" v="AB24 1TD"/>
    <tag k="addr:street" v="School Drive"/>
    <tag k="building" v="apartments"/>
    <tag k="building:levels" v="2"/>
    <tag k="roof:levels" v="0"/>
    <tag k="roof:shape" v="hipped"/>
  </way>
  <way id="722826195" version="3" timestamp="2023-06-27T15:09:42Z" changeset="137839889" uid="4988361" user="FlawOfAverages">
    <nd ref="6780239333"/>
    <nd ref="6780239334"/>
    <nd ref="6780239335"/>
    <nd ref="6780239336"/>
    <nd ref="6780239333"/>
    <tag k="addr:city" v="Aberdeen"/>
    <tag k="addr:housenumber" v="185-191"/>
    <tag k="addr:postcode" v="AB24 1TD"/>
    <tag k="addr:street" v="School Drive"/>
    <tag k="building" v="apartments"/>
    <tag k="building:levels" v="2"/>
    <tag k="roof:levels" v="0"/>
    <tag k="roof:shape" v="hipped"/>
  </way>
  <way id="722826196" version="3" timestamp="2023-06-27T15:09:38Z" changeset="137839889" uid="4988361" user="FlawOfAverages">
    <nd ref="6780239337"/>
    <nd ref="6780239338"/>
    <nd ref="6780239339"/>
    <nd ref="6780239340"/>
    <nd ref="6780239337"/>
    <tag k="addr:city" v="Aberdeen"/>
    <tag k="addr:housenumber" v="193-199"/>
    <tag k="addr:postcode" v="AB24 1TD"/>
    <tag k="addr:street" v="School Drive"/>
    <tag k="building" v="apartments"/>
    <tag k="building:levels" v="2"/>
    <tag k="roof:levels" v="0"/>
    <tag k="roof:shape" v="hipped"/>
  </way>
  <way id="722826200" version="3" timestamp="2024-02-22T13:25:27Z" changeset="147773630" uid="4988361" user="FlawOfAverages">
    <nd ref="6780239353"/>
    <nd ref="6780239354"/>
    <nd ref="6780239355"/>
    <nd ref="6780239356"/>
    <nd ref="6780239353"/>
    <tag k="addr:city" v="Aberdeen"/>
    <tag k="addr:housenumber" v="1"/>
    <tag k="addr:postcode" v="AB24 1XW"/>
    <tag k="addr:street" v="School Place"/>
    <tag k="building" v="house"/>
    <tag k="building:levels" v="1"/>
    <tag k="roof:levels" v="0"/>
    <tag k="roof:shape" v="gabled"/>
  </way>
  <way id="722826201" version="3" timestamp="2024-02-22T13:25:28Z" changeset="147773630" uid="4988361" user="FlawOfAverages">
    <nd ref="6780239356"/>
    <nd ref="6780239355"/>
    <nd ref="6780239357"/>
    <nd ref="6780239358"/>
    <nd ref="6780239356"/>
    <tag k="addr:city" v="Aberdeen"/>
    <tag k="addr:housenumber" v="3"/>
    <tag k="addr:postcode" v="AB24 1XW"/>
    <tag k="addr:street" v="School Place"/>
    <tag k="building" v="house"/>
    <tag k="building:levels" v="1"/>
    <tag k="roof:levels" v="0"/>
    <tag k="roof:shape" v="gabled"/>
  </way>
  <way id="722826202" version="3" timestamp="2024-02-22T13:25:27Z" changeset="147773630" uid="4988361" user="FlawOfAverages">
    <nd ref="6780239358"/>
    <nd ref="6780239357"/>
    <nd ref="6780239359"/>
    <nd ref="6780239360"/>
    <nd ref="6780239358"/>
    <tag k="addr:city" v="Aberdeen"/>
    <tag k="addr:housenumber" v="5"/>
    <tag k="addr:postcode" v="AB24 1XW"/>
    <tag k="addr:street" v="School Place"/>
    <tag k="building" v="house"/>
    <tag k="building:levels" v="1"/>
    <tag k="roof:levels" v="0"/>
    <tag k="roof:shape" v="gabled"/>
  </way>
  <way id="722826203" version="3" timestamp="2024-02-22T13:25:28Z" changeset="147773630" uid="4988361" user="FlawOfAverages">
    <nd ref="6780239360"/>
    <nd ref="6780239359"/>
    <nd ref="6780239361"/>
    <nd ref="6780239362"/>
    <nd ref="6780239360"/>
    <tag k="addr:city" v="Aberdeen"/>
    <tag k="addr:housenumber" v="7"/>
    <tag k="addr:postcode" v="AB24 1XW"/>
    <tag k="addr:street" v="School Place"/>
    <tag k="building" v="house"/>
    <tag k="building:levels" v="1"/>
    <tag k="roof:levels" v="0"/>
    <tag k="roof:shape" v="gabled"/>
  </way>
  <way id="722826204" version="3" timestamp="2024-02-22T13:25:28Z" changeset="147773630" uid="4988361" user="FlawOfAverages">
    <nd ref="6780239363"/>
    <nd ref="6780239364"/>
    <nd ref="6780239365"/>
    <nd ref="6780239366"/>
    <nd ref="6780239367"/>
    <nd ref="6780239368"/>
    <nd ref="6780239363"/>
    <tag k="addr:city" v="Aberdeen"/>
    <tag k="addr:housenumber" v="9"/>
    <tag k="addr:postcode" v="AB24 1XW"/>
    <tag k="addr:street" v="School Place"/>
    <tag k="building" v="house"/>
    <tag k="building:levels" v="1"/>
    <tag k="roof:levels" v="0"/>
    <tag k="roof:shape" v="gabled"/>
  </way>
  <way id="722826205" version="3" timestamp="2024-02-22T13:25:28Z" changeset="147773630" uid="4988361" user="FlawOfAverages">
    <nd ref="6780239368"/>
    <nd ref="6780239363"/>
    <nd ref="6780239369"/>
    <nd ref="6780239370"/>
    <nd ref="6780239368"/>
    <tag k="addr:city" v="Aberdeen"/>
    <tag k="addr:housenumber" v="11"/>
    <tag k="addr:postcode" v="AB24 1XW"/>
    <tag k="addr:street" v="School Place"/>
    <tag k="building" v="house"/>
    <tag k="building:levels" v="1"/>
    <tag k="roof:levels" v="0"/>
    <tag k="roof:shape" v="gabled"/>
  </way>
  <way id="722826206" version="3" timestamp="2024-02-22T13:25:29Z" changeset="147773630" uid="4988361" user="FlawOfAverages">
    <nd ref="6780239369"/>
    <nd ref="6780239371"/>
    <nd ref="6780239372"/>
    <nd ref="6780239370"/>
    <nd ref="6780239369"/>
    <tag k="addr:city" v="Aberdeen"/>
    <tag k="addr:housenumber" v="13"/>
    <tag k="addr:postcode" v="AB24 1XW"/>
    <tag k="addr:street" v="School Place"/>
    <tag k="building" v="house"/>
    <tag k="building:levels" v="1"/>
    <tag k="roof:levels" v="0"/>
    <tag k="roof:shape" v="gabled"/>
  </way>
  <way id="722826207" version="3" timestamp="2024-02-22T13:25:29Z" changeset="147773630" uid="4988361" user="FlawOfAverages">
    <nd ref="6780239371"/>
    <nd ref="6780239373"/>
    <nd ref="6780239374"/>
    <nd ref="6780239372"/>
    <nd ref="6780239371"/>
    <tag k="addr:city" v="Aberdeen"/>
    <tag k="addr:housenumber" v="15"/>
    <tag k="addr:postcode" v="AB24 1XW"/>
    <tag k="addr:street" v="School Place"/>
    <tag k="building" v="house"/>
    <tag k="building:levels" v="1"/>
    <tag k="roof:levels" v="0"/>
    <tag k="roof:shape" v="gabled"/>
  </way>
  <way id="722828519" version="3" timestamp="2024-02-22T13:25:30Z" changeset="147773630" uid="4988361" user="FlawOfAverages">
    <nd ref="6780265310"/>
    <nd ref="6780265311"/>
    <nd ref="6780265312"/>
    <nd ref="6780265313"/>
    <nd ref="6780265310"/>
    <tag k="addr:city" v="Aberdeen"/>
    <tag k="addr:housenumber" v="16-21"/>
    <tag k="addr:postcode" v="AB24 1XX"/>
    <tag k="addr:street" v="School Walk"/>
    <tag k="building" v="apartments"/>
    <tag k="building:levels" v="3"/>
    <tag k="roof:levels" v="0"/>
    <tag k="roof:shape" v="gabled"/>
  </way>
  <way id="722828520" version="3" timestamp="2024-02-22T13:25:30Z" changeset="147773630" uid="4988361" user="FlawOfAverages">
    <nd ref="6780265314"/>
    <nd ref="6780265315"/>
    <nd ref="6780265316"/>
    <nd ref="6780265317"/>
    <nd ref="6780265314"/>
    <tag k="addr:city" v="Aberdeen"/>
    <tag k="addr:housenumber" v="22-27"/>
    <tag k="addr:postcode" v="AB24 1XX"/>
    <tag k="addr:street" v="School Walk"/>
    <tag k="building" v="apartments"/>
    <tag k="building:levels" v="3"/>
    <tag k="roof:levels" v="0"/>
    <tag k="roof:shape" v="gabled"/>
  </way>
  <way id="722828521" version="2" timestamp="2022-05-26T12:10:18Z" changeset="121521396" uid="4988361" user="FlawOfAverages">
    <nd ref="6780265318"/>
    <nd ref="6780265319"/>
    <nd ref="6780265320"/>
    <nd ref="6780265321"/>
    <nd ref="6780265318"/>
    <tag k="addr:city" v="Aberdeen"/>
    <tag k="addr:housenumber" v="15"/>
    <tag k="addr:postcode" v="AB24 1XX"/>
    <tag k="addr:street" v="School Walk"/>
    <tag k="building" v="house"/>
    <tag k="building:levels" v="2"/>
    <tag k="roof:shape" v="gabled"/>
  </way>
  <way id="722828522" version="3" timestamp="2022-05-26T12:10:20Z" changeset="121521396" uid="4988361" user="FlawOfAverages">
    <nd ref="6780265321"/>
    <nd ref="6780265322"/>
    <nd ref="7617003305"/>
    <nd ref="6780265323"/>
    <nd ref="6780265320"/>
    <nd ref="6780265321"/>
    <tag k="addr:city" v="Aberdeen"/>
    <tag k="addr:housenumber" v="14"/>
    <tag k="addr:postcode" v="AB24 1XX"/>
    <tag k="addr:street" v="School Walk"/>
    <tag k="building" v="house"/>
    <tag k="building:levels" v="2"/>
    <tag k="roof:shape" v="gabled"/>
  </way>
  <way id="722828523" version="2" timestamp="2022-05-26T12:10:23Z" changeset="121521396" uid="4988361" user="FlawOfAverages">
    <nd ref="6780265324"/>
    <nd ref="6780265325"/>
    <nd ref="6780265326"/>
    <nd ref="6780265327"/>
    <nd ref="6780265324"/>
    <tag k="addr:city" v="Aberdeen"/>
    <tag k="addr:housenumber" v="13"/>
    <tag k="addr:postcode" v="AB24 1XX"/>
    <tag k="addr:street" v="School Walk"/>
    <tag k="building" v="house"/>
    <tag k="building:levels" v="1"/>
    <tag k="roof:shape" v="gabled"/>
  </way>
  <way id="722828524" version="2" timestamp="2022-05-26T12:10:31Z" changeset="121521396" uid="4988361" user="FlawOfAverages">
    <nd ref="6780265327"/>
    <nd ref="6780265328"/>
    <nd ref="6780265329"/>
    <nd ref="6780265330"/>
    <nd ref="6780265326"/>
    <nd ref="6780265327"/>
    <tag k="addr:city" v="Aberdeen"/>
    <tag k="addr:housenumber" v="12"/>
    <tag k="addr:postcode" v="AB24 1XX"/>
    <tag k="addr:street" v="School Walk"/>
    <tag k="building" v="house"/>
    <tag k="building:levels" v="2"/>
    <tag k="roof:shape" v="gabled"/>
  </way>
  <way id="722828525" version="2" timestamp="2022-05-26T12:10:25Z" changeset="121521396" uid="4988361" user="FlawOfAverages">
    <nd ref="6780265328"/>
    <nd ref="6780265329"/>
    <nd ref="6780265331"/>
    <nd ref="6780265332"/>
    <nd ref="6780265328"/>
    <tag k="addr:city" v="Aberdeen"/>
    <tag k="addr:housenumber" v="11"/>
    <tag k="addr:postcode" v="AB24 1XX"/>
    <tag k="addr:street" v="School Walk"/>
    <tag k="building" v="house"/>
    <tag k="building:levels" v="2"/>
    <tag k="roof:shape" v="gabled"/>
  </way>
  <way id="722828526" version="2" timestamp="2022-05-26T12:10:27Z" changeset="121521396" uid="4988361" user="FlawOfAverages">
    <nd ref="6780265332"/>
    <nd ref="6780265331"/>
    <nd ref="6780265333"/>
    <nd ref="6780265334"/>
    <nd ref="6780265332"/>
    <tag k="addr:city" v="Aberdeen"/>
    <tag k="addr:housenumber" v="10"/>
    <tag k="addr:postcode" v="AB24 1XX"/>
    <tag k="addr:street" v="School Walk"/>
    <tag k="building" v="house"/>
    <tag k="building:levels" v="2"/>
    <tag k="roof:shape" v="gabled"/>
  </way>
  <way id="722828528" version="3" timestamp="2024-02-22T13:25:32Z" changeset="147773630" uid="4988361" user="FlawOfAverages">
    <nd ref="6780265336"/>
    <nd ref="6780265337"/>
    <nd ref="6780265338"/>
    <nd ref="6780265339"/>
    <nd ref="6780265342"/>
    <nd ref="6780265336"/>
    <tag k="addr:city" v="Aberdeen"/>
    <tag k="addr:housenumber" v="8"/>
    <tag k="addr:postcode" v="AB24 1XX"/>
    <tag k="addr:street" v="School Walk"/>
    <tag k="building" v="house"/>
    <tag k="building:levels" v="2"/>
    <tag k="roof:levels" v="0"/>
    <tag k="roof:shape" v="gabled"/>
  </way>
  <way id="722828529" version="5" timestamp="2024-02-22T13:25:32Z" changeset="147773630" uid="4988361" user="FlawOfAverages">
    <nd ref="6780265337"/>
    <nd ref="7617003313"/>
    <nd ref="6780265340"/>
    <nd ref="7617003314"/>
    <nd ref="6780265338"/>
    <nd ref="6780265337"/>
    <tag k="addr:city" v="Aberdeen"/>
    <tag k="addr:housenumber" v="9"/>
    <tag k="addr:postcode" v="AB24 1XX"/>
    <tag k="addr:street" v="School Walk"/>
    <tag k="building" v="house"/>
    <tag k="building:levels" v="2"/>
    <tag k="roof:levels" v="0"/>
    <tag k="roof:shape" v="gabled"/>
  </way>
  <way id="722828530" version="3" timestamp="2024-02-22T13:25:31Z" changeset="147773630" uid="4988361" user="FlawOfAverages">
    <nd ref="6780265342"/>
    <nd ref="6780265343"/>
    <nd ref="6780265344"/>
    <nd ref="6780265345"/>
    <nd ref="6780265336"/>
    <nd ref="6780265342"/>
    <tag k="addr:city" v="Aberdeen"/>
    <tag k="addr:housenumber" v="7"/>
    <tag k="addr:postcode" v="AB24 1XX"/>
    <tag k="addr:street" v="School Walk"/>
    <tag k="building" v="house"/>
    <tag k="building:levels" v="2"/>
    <tag k="roof:levels" v="0"/>
    <tag k="roof:shape" v="gabled"/>
  </way>
  <way id="722828531" version="3" timestamp="2024-02-22T13:25:31Z" changeset="147773630" uid="4988361" user="FlawOfAverages">
    <nd ref="6780265344"/>
    <nd ref="6780265346"/>
    <nd ref="6780265347"/>
    <nd ref="6780265343"/>
    <nd ref="6780265344"/>
    <tag k="addr:city" v="Aberdeen"/>
    <tag k="addr:housenumber" v="6"/>
    <tag k="addr:postcode" v="AB24 1XX"/>
    <tag k="addr:street" v="School Walk"/>
    <tag k="building" v="house"/>
    <tag k="building:levels" v="2"/>
    <tag k="roof:levels" v="0"/>
    <tag k="roof:shape" v="gabled"/>
  </way>
  <way id="722828532" version="4" timestamp="2022-04-12T07:35:02Z" changeset="119608121" uid="4988361" user="FlawOfAverages">
    <nd ref="6780265348"/>
    <nd ref="6780265349"/>
    <nd ref="6780265350"/>
    <nd ref="7617003336"/>
    <nd ref="6780265351"/>
    <nd ref="6780265348"/>
    <tag k="addr:city" v="Aberdeen"/>
    <tag k="addr:housenumber" v="5"/>
    <tag k="addr:postcode" v="AB24 1XX"/>
    <tag k="addr:street" v="School Walk"/>
    <tag k="building" v="house"/>
    <tag k="building:levels" v="1"/>
    <tag k="roof:shape" v="gabled"/>
  </way>
  <way id="722828533" version="2" timestamp="2021-03-22T12:37:15Z" changeset="101504392" uid="4988361" user="FlawOfAverages">
    <nd ref="6780265348"/>
    <nd ref="6780265352"/>
    <nd ref="6780265353"/>
    <nd ref="6780265354"/>
    <nd ref="6780265349"/>
    <nd ref="6780265348"/>
    <tag k="addr:city" v="Aberdeen"/>
    <tag k="addr:housenumber" v="4"/>
    <tag k="addr:postcode" v="AB24 1XX"/>
    <tag k="addr:street" v="School Walk"/>
    <tag k="building" v="house"/>
    <tag k="building:levels" v="2"/>
    <tag k="roof:shape" v="gabled"/>
  </way>
  <way id="722828534" version="2" timestamp="2021-03-22T12:37:12Z" changeset="101504392" uid="4988361" user="FlawOfAverages">
    <nd ref="6780265353"/>
    <nd ref="6780265355"/>
    <nd ref="6780265357"/>
    <nd ref="6780265356"/>
    <nd ref="6780265352"/>
    <nd ref="6780265353"/>
    <tag k="addr:city" v="Aberdeen"/>
    <tag k="addr:housenumber" v="3"/>
    <tag k="addr:postcode" v="AB24 1XX"/>
    <tag k="addr:street" v="School Walk"/>
    <tag k="building" v="house"/>
    <tag k="building:levels" v="2"/>
    <tag k="roof:shape" v="gabled"/>
  </way>
  <way id="722828535" version="2" timestamp="2019-12-14T18:46:35Z" changeset="78414948" uid="10259484" user="calibase">
    <nd ref="6780265357"/>
    <nd ref="6780265355"/>
    <nd ref="6780265358"/>
    <nd ref="6780265359"/>
    <nd ref="6780265360"/>
    <nd ref="6780265361"/>
    <nd ref="7056943100"/>
    <nd ref="6780265362"/>
    <nd ref="6780265357"/>
    <tag k="addr:city" v="Aberdeen"/>
    <tag k="addr:housenumber" v="1"/>
    <tag k="addr:postcode" v="AB24 1XX"/>
    <tag k="addr:street" v="School Walk"/>
    <tag k="building" v="yes"/>
    <tag k="name" v="I &amp; P Hussein"/>
    <tag k="shop" v="convenience"/>
  </way>
  <way id="722835628" version="4" timestamp="2023-06-27T15:09:24Z" changeset="137839889" uid="4988361" user="FlawOfAverages">
    <nd ref="6780315515"/>
    <nd ref="8331919004"/>
    <nd ref="6780315516"/>
    <nd ref="6780315517"/>
    <nd ref="6780315518"/>
    <nd ref="6780315515"/>
    <tag k="addr:city" v="Aberdeen"/>
    <tag k="addr:housenumber" v="1-4"/>
    <tag k="addr:postcode" v="AB24 1TW"/>
    <tag k="addr:street" v="School Terrace"/>
    <tag k="building" v="apartments"/>
    <tag k="building:levels" v="2"/>
    <tag k="roof:levels" v="0"/>
    <tag k="roof:shape" v="hipped"/>
  </way>
  <way id="722835629" version="3" timestamp="2023-06-27T15:09:26Z" changeset="137839889" uid="4988361" user="FlawOfAverages">
    <nd ref="6780315519"/>
    <nd ref="6780315520"/>
    <nd ref="6780315521"/>
    <nd ref="6780315522"/>
    <nd ref="6780315519"/>
    <tag k="addr:city" v="Aberdeen"/>
    <tag k="addr:housenumber" v="5-8"/>
    <tag k="addr:postcode" v="AB24 1TW"/>
    <tag k="addr:street" v="School Terrace"/>
    <tag k="building" v="apartments"/>
    <tag k="building:levels" v="2"/>
    <tag k="roof:levels" v="0"/>
    <tag k="roof:shape" v="hipped"/>
  </way>
  <way id="722835630" version="3" timestamp="2023-06-27T15:09:22Z" changeset="137839889" uid="4988361" user="FlawOfAverages">
    <nd ref="6780315523"/>
    <nd ref="6780315524"/>
    <nd ref="6780315525"/>
    <nd ref="6780315526"/>
    <nd ref="6780315523"/>
    <tag k="addr:city" v="Aberdeen"/>
    <tag k="addr:housenumber" v="9-12"/>
    <tag k="addr:postcode" v="AB24 1TW"/>
    <tag k="addr:street" v="School Terrace"/>
    <tag k="building" v="apartments"/>
    <tag k="building:levels" v="2"/>
    <tag k="roof:levels" v="0"/>
    <tag k="roof:shape" v="hipped"/>
  </way>
  <way id="722835631" version="3" timestamp="2023-06-27T15:09:13Z" changeset="137839889" uid="4988361" user="FlawOfAverages">
    <nd ref="6780315527"/>
    <nd ref="6780315528"/>
    <nd ref="6780315529"/>
    <nd ref="6780315530"/>
    <nd ref="6780315527"/>
    <tag k="addr:city" v="Aberdeen"/>
    <tag k="addr:housenumber" v="13-16"/>
    <tag k="addr:postcode" v="AB24 1TW"/>
    <tag k="addr:street" v="School Terrace"/>
    <tag k="building" v="apartments"/>
    <tag k="building:levels" v="2"/>
    <tag k="roof:levels" v="0"/>
    <tag k="roof:shape" v="hipped"/>
  </way>
  <way id="722835632" version="3" timestamp="2023-06-27T15:09:17Z" changeset="137839889" uid="4988361" user="FlawOfAverages">
    <nd ref="6780315531"/>
    <nd ref="6780315532"/>
    <nd ref="6780315533"/>
    <nd ref="6780315534"/>
    <nd ref="6780315531"/>
    <tag k="addr:city" v="Aberdeen"/>
    <tag k="addr:housenumber" v="17-20"/>
    <tag k="addr:postcode" v="AB24 1TW"/>
    <tag k="addr:street" v="School Terrace"/>
    <tag k="building" v="apartments"/>
    <tag k="building:levels" v="2"/>
    <tag k="roof:levels" v="0"/>
    <tag k="roof:shape" v="hipped"/>
  </way>
  <way id="722835633" version="3" timestamp="2023-06-27T15:09:15Z" changeset="137839889" uid="4988361" user="FlawOfAverages">
    <nd ref="6780315535"/>
    <nd ref="6780315536"/>
    <nd ref="6780315537"/>
    <nd ref="6780315538"/>
    <nd ref="6780315535"/>
    <tag k="addr:city" v="Aberdeen"/>
    <tag k="addr:housenumber" v="21-24"/>
    <tag k="addr:postcode" v="AB24 1TW"/>
    <tag k="addr:street" v="School Terrace"/>
    <tag k="building" v="apartments"/>
    <tag k="building:levels" v="2"/>
    <tag k="roof:levels" v="0"/>
    <tag k="roof:shape" v="hipped"/>
  </way>
  <way id="722835634" version="3" timestamp="2023-06-27T15:09:20Z" changeset="137839889" uid="4988361" user="FlawOfAverages">
    <nd ref="6780315539"/>
    <nd ref="6780315540"/>
    <nd ref="6780315541"/>
    <nd ref="6780315542"/>
    <nd ref="6780315539"/>
    <tag k="addr:city" v="Aberdeen"/>
    <tag k="addr:housenumber" v="25-28"/>
    <tag k="addr:postcode" v="AB24 1TW"/>
    <tag k="addr:street" v="School Terrace"/>
    <tag k="building" v="apartments"/>
    <tag k="building:levels" v="2"/>
    <tag k="roof:levels" v="0"/>
    <tag k="roof:shape" v="hipped"/>
  </way>
  <way id="722838663" version="3" timestamp="2023-06-27T15:08:30Z" changeset="137839889" uid="4988361" user="FlawOfAverages">
    <nd ref="6780329012"/>
    <nd ref="6780329013"/>
    <nd ref="6780329014"/>
    <nd ref="6780329015"/>
    <nd ref="6780329012"/>
    <tag k="addr:city" v="Aberdeen"/>
    <tag k="addr:housenumber" v="10-16"/>
    <tag k="addr:postcode" v="AB24 1TY"/>
    <tag k="addr:street" v="School Road"/>
    <tag k="building" v="apartments"/>
    <tag k="building:levels" v="2"/>
    <tag k="roof:levels" v="0"/>
    <tag k="roof:shape" v="hipped"/>
  </way>
  <way id="722838664" version="3" timestamp="2023-06-27T15:08:32Z" changeset="137839889" uid="4988361" user="FlawOfAverages">
    <nd ref="6780329016"/>
    <nd ref="6780329017"/>
    <nd ref="6780329018"/>
    <nd ref="6780329019"/>
    <nd ref="6780329016"/>
    <tag k="addr:city" v="Aberdeen"/>
    <tag k="addr:housenumber" v="18-24"/>
    <tag k="addr:postcode" v="AB24 1TY"/>
    <tag k="addr:street" v="School Road"/>
    <tag k="building" v="apartments"/>
    <tag k="building:levels" v="2"/>
    <tag k="roof:levels" v="0"/>
    <tag k="roof:shape" v="hipped"/>
  </way>
  <way id="722838665" version="3" timestamp="2023-06-27T15:08:35Z" changeset="137839889" uid="4988361" user="FlawOfAverages">
    <nd ref="6780329020"/>
    <nd ref="6780329021"/>
    <nd ref="6780329022"/>
    <nd ref="6780329023"/>
    <nd ref="6780329020"/>
    <tag k="addr:city" v="Aberdeen"/>
    <tag k="addr:housenumber" v="26-32"/>
    <tag k="addr:postcode" v="AB24 1TY"/>
    <tag k="addr:street" v="School Road"/>
    <tag k="building" v="apartments"/>
    <tag k="building:levels" v="2"/>
    <tag k="roof:levels" v="0"/>
    <tag k="roof:shape" v="hipped"/>
  </way>
  <way id="722838666" version="3" timestamp="2023-06-27T15:08:37Z" changeset="137839889" uid="4988361" user="FlawOfAverages">
    <nd ref="6780329024"/>
    <nd ref="6780329025"/>
    <nd ref="6780329026"/>
    <nd ref="6780329027"/>
    <nd ref="6780329024"/>
    <tag k="addr:city" v="Aberdeen"/>
    <tag k="addr:housenumber" v="34-40"/>
    <tag k="addr:postcode" v="AB24 1TY"/>
    <tag k="addr:street" v="School Road"/>
    <tag k="building" v="apartments"/>
    <tag k="building:levels" v="2"/>
    <tag k="roof:levels" v="0"/>
    <tag k="roof:shape" v="hipped"/>
  </way>
  <way id="722838667" version="3" timestamp="2023-06-27T15:08:39Z" changeset="137839889" uid="4988361" user="FlawOfAverages">
    <nd ref="6780329028"/>
    <nd ref="6780329029"/>
    <nd ref="6780329030"/>
    <nd ref="6780329031"/>
    <nd ref="6780329028"/>
    <tag k="addr:city" v="Aberdeen"/>
    <tag k="addr:housenumber" v="42-48"/>
    <tag k="addr:postcode" v="AB24 1TY"/>
    <tag k="addr:street" v="School Road"/>
    <tag k="building" v="apartments"/>
    <tag k="building:levels" v="2"/>
    <tag k="roof:levels" v="0"/>
    <tag k="roof:shape" v="hipped"/>
  </way>
  <way id="722838668" version="3" timestamp="2023-06-27T15:08:42Z" changeset="137839889" uid="4988361" user="FlawOfAverages">
    <nd ref="6780329032"/>
    <nd ref="6780329033"/>
    <nd ref="6780329034"/>
    <nd ref="6780329035"/>
    <nd ref="6780329032"/>
    <tag k="addr:city" v="Aberdeen"/>
    <tag k="addr:housenumber" v="50-56"/>
    <tag k="addr:postcode" v="AB24 1TY"/>
    <tag k="addr:street" v="School Road"/>
    <tag k="building" v="apartments"/>
    <tag k="building:levels" v="2"/>
    <tag k="roof:levels" v="0"/>
    <tag k="roof:shape" v="hipped"/>
  </way>
  <way id="722838669" version="3" timestamp="2023-06-27T15:45:42Z" changeset="137839889" uid="4988361" user="FlawOfAverages">
    <nd ref="6780329036"/>
    <nd ref="6780329037"/>
    <nd ref="6780329038"/>
    <nd ref="6780329039"/>
    <nd ref="6780329036"/>
    <tag k="addr:city" v="Aberdeen"/>
    <tag k="addr:housenumber" v="58-64"/>
    <tag k="addr:postcode" v="AB24 1TU"/>
    <tag k="addr:street" v="School Road"/>
    <tag k="building" v="apartments"/>
    <tag k="building:levels" v="2"/>
    <tag k="roof:levels" v="0"/>
    <tag k="roof:shape" v="hipped"/>
  </way>
  <way id="722838670" version="3" timestamp="2023-06-27T15:09:29Z" changeset="137839889" uid="4988361" user="FlawOfAverages">
    <nd ref="6780329040"/>
    <nd ref="6780329041"/>
    <nd ref="6780329042"/>
    <nd ref="6780329043"/>
    <nd ref="6780329040"/>
    <tag k="addr:city" v="Aberdeen"/>
    <tag k="addr:housenumber" v="66-72"/>
    <tag k="addr:postcode" v="AB24 1TU"/>
    <tag k="addr:street" v="School Road"/>
    <tag k="building" v="apartments"/>
    <tag k="building:levels" v="2"/>
    <tag k="roof:levels" v="0"/>
    <tag k="roof:shape" v="hipped"/>
  </way>
  <way id="722838671" version="4" timestamp="2023-06-27T15:09:32Z" changeset="137839889" uid="4988361" user="FlawOfAverages">
    <nd ref="6780329044"/>
    <nd ref="6780329045"/>
    <nd ref="6780329046"/>
    <nd ref="6780329047"/>
    <nd ref="6780329044"/>
    <tag k="addr:city" v="Aberdeen"/>
    <tag k="addr:housenumber" v="74-80"/>
    <tag k="addr:postcode" v="AB24 1TU"/>
    <tag k="addr:street" v="School Road"/>
    <tag k="building" v="apartments"/>
    <tag k="building:levels" v="2"/>
    <tag k="roof:levels" v="0"/>
    <tag k="roof:shape" v="hipped"/>
  </way>
  <way id="722838672" version="3" timestamp="2023-06-27T15:09:34Z" changeset="137839889" uid="4988361" user="FlawOfAverages">
    <nd ref="6780329048"/>
    <nd ref="6780329049"/>
    <nd ref="6780329050"/>
    <nd ref="6780329051"/>
    <nd ref="6780329048"/>
    <tag k="addr:city" v="Aberdeen"/>
    <tag k="addr:housenumber" v="82-88"/>
    <tag k="addr:postcode" v="AB24 1TU"/>
    <tag k="addr:street" v="School Road"/>
    <tag k="building" v="apartments"/>
    <tag k="building:levels" v="2"/>
    <tag k="roof:levels" v="0"/>
    <tag k="roof:shape" v="hipped"/>
  </way>
  <way id="722838673" version="3" timestamp="2023-06-27T15:09:36Z" changeset="137839889" uid="4988361" user="FlawOfAverages">
    <nd ref="6780329052"/>
    <nd ref="6780329053"/>
    <nd ref="6780329054"/>
    <nd ref="6780329055"/>
    <nd ref="6780329052"/>
    <tag k="addr:city" v="Aberdeen"/>
    <tag k="addr:housenumber" v="90-96"/>
    <tag k="addr:postcode" v="AB24 1TU"/>
    <tag k="addr:street" v="School Road"/>
    <tag k="building" v="apartments"/>
    <tag k="building:levels" v="2"/>
    <tag k="roof:levels" v="0"/>
    <tag k="roof:shape" v="hipped"/>
  </way>
  <way id="722838674" version="3" timestamp="2024-09-16T12:05:36Z" changeset="156685346" uid="4988361" user="FlawOfAverages">
    <nd ref="6780329056"/>
    <nd ref="6780329057"/>
    <nd ref="6780329058"/>
    <nd ref="6780329059"/>
    <nd ref="6780329056"/>
    <tag k="addr:city" v="Aberdeen"/>
    <tag k="addr:housenumber" v="98-104"/>
    <tag k="addr:postcode" v="AB24 1TL"/>
    <tag k="addr:street" v="School Road"/>
    <tag k="building" v="apartments"/>
    <tag k="building:levels" v="2"/>
    <tag k="roof:levels" v="0"/>
    <tag k="roof:shape" v="hipped"/>
  </way>
  <way id="722838675" version="2" timestamp="2021-03-22T12:36:04Z" changeset="101504392" uid="4988361" user="FlawOfAverages">
    <nd ref="6780329060"/>
    <nd ref="6780329061"/>
    <nd ref="6780329062"/>
    <nd ref="6780329063"/>
    <nd ref="6780329060"/>
    <tag k="addr:city" v="Aberdeen"/>
    <tag k="addr:housenumber" v="106-116"/>
    <tag k="addr:postcode" v="AB24 1TL"/>
    <tag k="addr:street" v="School Road"/>
    <tag k="building" v="apartments"/>
    <tag k="building:levels" v="3"/>
    <tag k="roof:shape" v="hipped"/>
  </way>
  <way id="722838676" version="2" timestamp="2022-05-26T12:09:36Z" changeset="121521396" uid="4988361" user="FlawOfAverages">
    <nd ref="6780329066"/>
    <nd ref="6780329067"/>
    <nd ref="6780329068"/>
    <nd ref="6780329069"/>
    <nd ref="6780329066"/>
    <tag k="addr:city" v="Aberdeen"/>
    <tag k="addr:housenumber" v="118-128"/>
    <tag k="addr:postcode" v="AB24 1TL"/>
    <tag k="addr:street" v="School Road"/>
    <tag k="building" v="apartments"/>
    <tag k="building:levels" v="3"/>
    <tag k="roof:shape" v="gabled"/>
  </way>
  <way id="722838677" version="3" timestamp="2023-06-27T15:45:19Z" changeset="137839889" uid="4988361" user="FlawOfAverages">
    <nd ref="6780329070"/>
    <nd ref="6780329071"/>
    <nd ref="6780329072"/>
    <nd ref="6780329073"/>
    <nd ref="6780329070"/>
    <tag k="addr:city" v="Aberdeen"/>
    <tag k="addr:housenumber" v="17-23"/>
    <tag k="addr:postcode" v="AB24 1TJ"/>
    <tag k="addr:street" v="School Avenue"/>
    <tag k="building" v="apartments"/>
    <tag k="building:levels" v="2"/>
    <tag k="roof:levels" v="0"/>
    <tag k="roof:shape" v="hipped"/>
  </way>
  <way id="722838678" version="3" timestamp="2023-06-27T15:45:21Z" changeset="137839889" uid="4988361" user="FlawOfAverages">
    <nd ref="6780329074"/>
    <nd ref="6780329075"/>
    <nd ref="6780329076"/>
    <nd ref="6780329077"/>
    <nd ref="6780329074"/>
    <tag k="addr:city" v="Aberdeen"/>
    <tag k="addr:housenumber" v="25-31"/>
    <tag k="addr:postcode" v="AB24 1TJ"/>
    <tag k="addr:street" v="School Avenue"/>
    <tag k="building" v="apartments"/>
    <tag k="building:levels" v="2"/>
    <tag k="roof:levels" v="0"/>
    <tag k="roof:shape" v="hipped"/>
  </way>
  <way id="722838679" version="3" timestamp="2023-06-27T15:45:27Z" changeset="137839889" uid="4988361" user="FlawOfAverages">
    <nd ref="6780329078"/>
    <nd ref="6780329079"/>
    <nd ref="6780329080"/>
    <nd ref="6780329081"/>
    <nd ref="6780329078"/>
    <tag k="addr:city" v="Aberdeen"/>
    <tag k="addr:housenumber" v="33-39"/>
    <tag k="addr:postcode" v="AB24 1TJ"/>
    <tag k="addr:street" v="School Avenue"/>
    <tag k="building" v="apartments"/>
    <tag k="building:levels" v="2"/>
    <tag k="roof:levels" v="0"/>
    <tag k="roof:shape" v="hipped"/>
  </way>
  <way id="722838680" version="3" timestamp="2023-06-27T15:45:29Z" changeset="137839889" uid="4988361" user="FlawOfAverages">
    <nd ref="6780329082"/>
    <nd ref="6780329083"/>
    <nd ref="6780329084"/>
    <nd ref="6780338985"/>
    <nd ref="6780329082"/>
    <tag k="addr:city" v="Aberdeen"/>
    <tag k="addr:housenumber" v="41-47"/>
    <tag k="addr:postcode" v="AB24 1TJ"/>
    <tag k="addr:street" v="School Avenue"/>
    <tag k="building" v="apartments"/>
    <tag k="building:levels" v="2"/>
    <tag k="roof:levels" v="0"/>
    <tag k="roof:shape" v="hipped"/>
  </way>
  <way id="722838681" version="3" timestamp="2023-06-27T15:45:35Z" changeset="137839889" uid="4988361" user="FlawOfAverages">
    <nd ref="6780338986"/>
    <nd ref="6780338987"/>
    <nd ref="6780338988"/>
    <nd ref="6780338989"/>
    <nd ref="6780338986"/>
    <tag k="addr:city" v="Aberdeen"/>
    <tag k="addr:housenumber" v="49-55"/>
    <tag k="addr:postcode" v="AB24 1TJ"/>
    <tag k="addr:street" v="School Avenue"/>
    <tag k="building" v="apartments"/>
    <tag k="building:levels" v="2"/>
    <tag k="roof:levels" v="0"/>
    <tag k="roof:shape" v="hipped"/>
  </way>
  <way id="722838682" version="3" timestamp="2023-06-27T15:45:39Z" changeset="137839889" uid="4988361" user="FlawOfAverages">
    <nd ref="6780338990"/>
    <nd ref="6780338991"/>
    <nd ref="6780338992"/>
    <nd ref="6780338993"/>
    <nd ref="6780338990"/>
    <tag k="addr:city" v="Aberdeen"/>
    <tag k="addr:housenumber" v="57-63"/>
    <tag k="addr:postcode" v="AB24 1TJ"/>
    <tag k="addr:street" v="School Avenue"/>
    <tag k="building" v="apartments"/>
    <tag k="building:levels" v="2"/>
    <tag k="roof:levels" v="0"/>
    <tag k="roof:shape" v="hipped"/>
  </way>
  <way id="722838683" version="4" timestamp="2023-06-27T15:08:52Z" changeset="137839889" uid="4988361" user="FlawOfAverages">
    <nd ref="6780338994"/>
    <nd ref="7617097928"/>
    <nd ref="6780338995"/>
    <nd ref="6780338996"/>
    <nd ref="6780338997"/>
    <nd ref="6780338994"/>
    <tag k="addr:city" v="Aberdeen"/>
    <tag k="addr:housenumber" v="18-24"/>
    <tag k="addr:postcode" v="AB24 1TJ"/>
    <tag k="addr:street" v="School Avenue"/>
    <tag k="building" v="apartments"/>
    <tag k="building:levels" v="2"/>
    <tag k="roof:levels" v="0"/>
    <tag k="roof:shape" v="hipped"/>
  </way>
  <way id="722838684" version="3" timestamp="2023-06-27T15:45:24Z" changeset="137839889" uid="4988361" user="FlawOfAverages">
    <nd ref="6780338998"/>
    <nd ref="6780338999"/>
    <nd ref="6780339000"/>
    <nd ref="6780339001"/>
    <nd ref="6780338998"/>
    <tag k="addr:city" v="Aberdeen"/>
    <tag k="addr:housenumber" v="26-32"/>
    <tag k="addr:postcode" v="AB24 1TJ"/>
    <tag k="addr:street" v="School Avenue"/>
    <tag k="building" v="apartments"/>
    <tag k="building:levels" v="2"/>
    <tag k="roof:levels" v="0"/>
    <tag k="roof:shape" v="hipped"/>
  </way>
  <way id="722838685" version="3" timestamp="2023-06-27T15:45:33Z" changeset="137839889" uid="4988361" user="FlawOfAverages">
    <nd ref="6780339002"/>
    <nd ref="6780339003"/>
    <nd ref="6780339004"/>
    <nd ref="6780339005"/>
    <nd ref="6780339002"/>
    <tag k="addr:city" v="Aberdeen"/>
    <tag k="addr:housenumber" v="34-40"/>
    <tag k="addr:postcode" v="AB24 1TJ"/>
    <tag k="addr:street" v="School Avenue"/>
    <tag k="building" v="apartments"/>
    <tag k="building:levels" v="2"/>
    <tag k="roof:levels" v="0"/>
    <tag k="roof:shape" v="hipped"/>
  </way>
  <way id="722838686" version="3" timestamp="2023-06-27T15:45:31Z" changeset="137839889" uid="4988361" user="FlawOfAverages">
    <nd ref="6780339006"/>
    <nd ref="6780339007"/>
    <nd ref="6780339008"/>
    <nd ref="6780339009"/>
    <nd ref="6780339006"/>
    <tag k="addr:city" v="Aberdeen"/>
    <tag k="addr:housenumber" v="42-48"/>
    <tag k="addr:postcode" v="AB24 1TJ"/>
    <tag k="addr:street" v="School Avenue"/>
    <tag k="building" v="apartments"/>
    <tag k="building:levels" v="2"/>
    <tag k="roof:levels" v="0"/>
    <tag k="roof:shape" v="hipped"/>
  </way>
  <way id="722838687" version="3" timestamp="2023-06-27T15:45:37Z" changeset="137839889" uid="4988361" user="FlawOfAverages">
    <nd ref="6780339010"/>
    <nd ref="6780339011"/>
    <nd ref="6780339012"/>
    <nd ref="6780339013"/>
    <nd ref="6780339010"/>
    <tag k="addr:city" v="Aberdeen"/>
    <tag k="addr:housenumber" v="50-56"/>
    <tag k="addr:postcode" v="AB24 1TJ"/>
    <tag k="addr:street" v="School Avenue"/>
    <tag k="building" v="apartments"/>
    <tag k="building:levels" v="2"/>
    <tag k="roof:levels" v="0"/>
    <tag k="roof:shape" v="hipped"/>
  </way>
  <way id="722866486" version="7" timestamp="2024-09-03T16:59:45Z" changeset="156151642" uid="13666626" user="RedAuburn">
    <nd ref="6780552408"/>
    <nd ref="6780552409"/>
    <nd ref="6780552410"/>
    <nd ref="7624661222"/>
    <nd ref="6780552411"/>
    <nd ref="6780552412"/>
    <nd ref="6780552413"/>
    <nd ref="6780552414"/>
    <nd ref="7624661226"/>
    <nd ref="6780552415"/>
    <nd ref="6780552416"/>
    <nd ref="6780552417"/>
    <nd ref="6780552418"/>
    <nd ref="6780552419"/>
    <nd ref="6780552420"/>
    <nd ref="6780552421"/>
    <nd ref="6780552422"/>
    <nd ref="6780552423"/>
    <nd ref="6780552424"/>
    <nd ref="6780552425"/>
    <nd ref="6780552408"/>
    <tag k="addr:city" v="Aberdeen"/>
    <tag k="addr:housename" v="St Mary's Parish Church"/>
    <tag k="addr:postcode" v="AB24 5SS"/>
    <tag k="addr:street" v="King Street"/>
    <tag k="amenity" v="place_of_worship"/>
    <tag k="building" v="church"/>
    <tag k="check_date" v="2023-06-24"/>
    <tag k="denomination" v="church_of_scotland"/>
    <tag k="name" v="St Mary's Parish Church"/>
    <tag k="polling_station" v="yes"/>
    <tag k="religion" v="christian"/>
    <tag k="service_times" v="Sunday - 11:00-12:00"/>
    <tag k="wikidata" v="Q17769916"/>
  </way>
  <way id="722874218" version="3" timestamp="2023-11-04T14:32:53Z" changeset="143614246" uid="4988361" user="FlawOfAverages">
    <nd ref="6780580960"/>
    <nd ref="6780580961"/>
    <nd ref="6780580962"/>
    <nd ref="6780580963"/>
    <nd ref="6780580964"/>
    <nd ref="6780580965"/>
    <nd ref="6780580960"/>
    <tag k="addr:city" v="Aberdeen"/>
    <tag k="addr:housenumber" v="574"/>
    <tag k="addr:postcode" v="AB24 5SQ"/>
    <tag k="addr:street" v="King Street"/>
    <tag k="building" v="house"/>
    <tag k="building:levels" v="1"/>
    <tag k="roof:levels" v="1"/>
    <tag k="roof:shape" v="hipped"/>
  </way>
  <way id="722874219" version="3" timestamp="2023-11-04T14:32:51Z" changeset="143614246" uid="4988361" user="FlawOfAverages">
    <nd ref="6780580965"/>
    <nd ref="6780580966"/>
    <nd ref="6780580967"/>
    <nd ref="6780580960"/>
    <nd ref="6780580965"/>
    <tag k="addr:city" v="Aberdeen"/>
    <tag k="addr:housenumber" v="576"/>
    <tag k="addr:postcode" v="AB24 5SQ"/>
    <tag k="addr:street" v="King Street"/>
    <tag k="building" v="house"/>
    <tag k="building:levels" v="1"/>
    <tag k="roof:levels" v="1"/>
    <tag k="roof:shape" v="hipped"/>
  </way>
  <way id="722874220" version="3" timestamp="2023-11-04T14:32:46Z" changeset="143614246" uid="4988361" user="FlawOfAverages">
    <nd ref="6780580968"/>
    <nd ref="6780580969"/>
    <nd ref="6780580970"/>
    <nd ref="6780580971"/>
    <nd ref="6780580968"/>
    <tag k="addr:city" v="Aberdeen"/>
    <tag k="addr:housenumber" v="578"/>
    <tag k="addr:postcode" v="AB24 5SQ"/>
    <tag k="addr:street" v="King Street"/>
    <tag k="building" v="house"/>
    <tag k="building:levels" v="1"/>
    <tag k="roof:levels" v="1"/>
    <tag k="roof:shape" v="hipped"/>
  </way>
  <way id="722874221" version="3" timestamp="2023-11-04T14:32:43Z" changeset="143614246" uid="4988361" user="FlawOfAverages">
    <nd ref="6780580972"/>
    <nd ref="6780580973"/>
    <nd ref="6780580974"/>
    <nd ref="6780580975"/>
    <nd ref="6780580972"/>
    <tag k="addr:city" v="Aberdeen"/>
    <tag k="addr:housenumber" v="580"/>
    <tag k="addr:postcode" v="AB24 5SQ"/>
    <tag k="addr:street" v="King Street"/>
    <tag k="building" v="house"/>
    <tag k="building:levels" v="1"/>
    <tag k="roof:levels" v="1"/>
    <tag k="roof:shape" v="hipped"/>
  </way>
  <way id="722874222" version="3" timestamp="2023-11-04T14:32:41Z" changeset="143614246" uid="4988361" user="FlawOfAverages">
    <nd ref="6780580972"/>
    <nd ref="6780580976"/>
    <nd ref="6780580977"/>
    <nd ref="6780580978"/>
    <nd ref="6780580979"/>
    <nd ref="6780580980"/>
    <nd ref="6780580981"/>
    <nd ref="6780580982"/>
    <nd ref="6780580983"/>
    <nd ref="6780580984"/>
    <nd ref="6780623385"/>
    <nd ref="6780580973"/>
    <nd ref="6780580972"/>
    <tag k="addr:city" v="Aberdeen"/>
    <tag k="addr:housenumber" v="582"/>
    <tag k="addr:postcode" v="AB24 5SQ"/>
    <tag k="addr:street" v="King Street"/>
    <tag k="building" v="house"/>
    <tag k="building:levels" v="1"/>
    <tag k="roof:levels" v="1"/>
    <tag k="roof:shape" v="hipped"/>
  </way>
  <way id="722874223" version="3" timestamp="2023-12-02T13:37:17Z" changeset="144692105" uid="4988361" user="FlawOfAverages">
    <nd ref="6780623386"/>
    <nd ref="6780623387"/>
    <nd ref="6780623388"/>
    <nd ref="6780623389"/>
    <nd ref="6780623386"/>
    <tag k="addr:city" v="Aberdeen"/>
    <tag k="addr:housenumber" v="584"/>
    <tag k="addr:postcode" v="AB24 5SQ"/>
    <tag k="addr:street" v="King Street"/>
    <tag k="building" v="house"/>
    <tag k="building:levels" v="1"/>
    <tag k="roof:levels" v="1"/>
    <tag k="roof:shape" v="hipped"/>
  </way>
  <way id="722874224" version="3" timestamp="2023-12-02T13:37:15Z" changeset="144692105" uid="4988361" user="FlawOfAverages">
    <nd ref="6780623389"/>
    <nd ref="6780623390"/>
    <nd ref="6780623391"/>
    <nd ref="6780623386"/>
    <nd ref="6780623389"/>
    <tag k="addr:city" v="Aberdeen"/>
    <tag k="addr:housenumber" v="586"/>
    <tag k="addr:postcode" v="AB24 5SQ"/>
    <tag k="addr:street" v="King Street"/>
    <tag k="building" v="house"/>
    <tag k="building:levels" v="1"/>
    <tag k="roof:levels" v="1"/>
    <tag k="roof:shape" v="hipped"/>
  </way>
  <way id="722874225" version="3" timestamp="2023-12-02T13:37:12Z" changeset="144692105" uid="4988361" user="FlawOfAverages">
    <nd ref="6780623392"/>
    <nd ref="6780623393"/>
    <nd ref="6780623430"/>
    <nd ref="6780623394"/>
    <nd ref="6780623395"/>
    <nd ref="6780623392"/>
    <tag k="addr:city" v="Aberdeen"/>
    <tag k="addr:housenumber" v="594-596"/>
    <tag k="addr:postcode" v="AB24 5SQ"/>
    <tag k="addr:street" v="King Street"/>
    <tag k="building" v="apartments"/>
    <tag k="building:levels" v="2"/>
    <tag k="roof:levels" v="0"/>
    <tag k="roof:shape" v="gabled"/>
  </way>
  <way id="722874226" version="4" timestamp="2024-03-02T11:31:17Z" changeset="148127316" uid="4988361" user="FlawOfAverages">
    <nd ref="6780623396"/>
    <nd ref="7618561947"/>
    <nd ref="6780623397"/>
    <nd ref="6780623398"/>
    <nd ref="6780623399"/>
    <nd ref="6780623396"/>
    <tag k="addr:city" v="Aberdeen"/>
    <tag k="addr:housenumber" v="590-592"/>
    <tag k="addr:postcode" v="AB24 5SQ"/>
    <tag k="addr:street" v="King Street"/>
    <tag k="building" v="apartments"/>
    <tag k="building:levels" v="1"/>
    <tag k="roof:levels" v="1"/>
    <tag k="roof:shape" v="gabled"/>
  </way>
  <way id="722874227" version="3" timestamp="2023-12-02T13:36:43Z" changeset="144692105" uid="4988361" user="FlawOfAverages">
    <nd ref="6780623400"/>
    <nd ref="6780623414"/>
    <nd ref="6780623401"/>
    <nd ref="6780623402"/>
    <nd ref="6780623403"/>
    <nd ref="6780623400"/>
    <tag k="addr:city" v="Aberdeen"/>
    <tag k="addr:housenumber" v="598"/>
    <tag k="addr:postcode" v="AB24 5SQ"/>
    <tag k="addr:street" v="King Street"/>
    <tag k="building" v="house"/>
    <tag k="building:levels" v="2"/>
    <tag k="roof:levels" v="1"/>
    <tag k="roof:shape" v="gambrel"/>
  </way>
  <way id="722874228" version="8" timestamp="2023-02-14T12:55:03Z" changeset="132536210" uid="4988361" user="FlawOfAverages">
    <nd ref="6780623401"/>
    <nd ref="7618561926"/>
    <nd ref="7621183239"/>
    <nd ref="6780623404"/>
    <nd ref="6780623405"/>
    <nd ref="6780623406"/>
    <nd ref="6780623407"/>
    <nd ref="6780623408"/>
    <nd ref="6780623409"/>
    <nd ref="6780629176"/>
    <nd ref="6780623410"/>
    <nd ref="6780623411"/>
    <nd ref="6780629175"/>
    <nd ref="6780623412"/>
    <nd ref="6780623413"/>
    <nd ref="7618561901"/>
    <nd ref="6780623417"/>
    <nd ref="6780623416"/>
    <nd ref="6780623415"/>
    <nd ref="3548393312"/>
    <nd ref="6780623414"/>
    <nd ref="6780623401"/>
    <tag k="addr:city" v="Aberdeen"/>
    <tag k="addr:housenumber" v="600"/>
    <tag k="addr:postcode" v="AB24 5SX"/>
    <tag k="addr:street" v="King Street"/>
    <tag k="building" v="dormitory"/>
    <tag k="building:levels" v="7"/>
    <tag k="name" v="King Street Exchange"/>
    <tag k="roof:shape" v="flat"/>
  </way>
  <way id="722874229" version="5" timestamp="2023-02-14T12:55:09Z" changeset="132536210" uid="4988361" user="FlawOfAverages">
    <nd ref="6780623418"/>
    <nd ref="6780623419"/>
    <nd ref="6780623420"/>
    <nd ref="6780623429"/>
    <nd ref="6780623421"/>
    <nd ref="6780623422"/>
    <nd ref="6780623423"/>
    <nd ref="6780623424"/>
    <nd ref="6780623425"/>
    <nd ref="6780623426"/>
    <nd ref="6780623427"/>
    <nd ref="6780623428"/>
    <nd ref="6780623418"/>
    <tag k="addr:city" v="Aberdeen"/>
    <tag k="addr:housenumber" v="600"/>
    <tag k="addr:postcode" v="AB24 5SX"/>
    <tag k="addr:street" v="King Street"/>
    <tag k="building" v="dormitory"/>
    <tag k="building:levels" v="4"/>
    <tag k="name" v="King Street Exchange"/>
    <tag k="roof:shape" v="flat"/>
  </way>
  <way id="722874230" version="3" timestamp="2024-01-07T09:18:52Z" changeset="145982357" uid="4988361" user="FlawOfAverages">
    <nd ref="6780623430"/>
    <nd ref="6780623431"/>
    <nd ref="6780623432"/>
    <nd ref="6780623433"/>
    <nd ref="6780623394"/>
    <nd ref="6780623430"/>
    <tag k="addr:city" v="Aberdeen"/>
    <tag k="addr:housenumber" v="588"/>
    <tag k="addr:postcode" v="AB24 5SQ"/>
    <tag k="addr:street" v="King Street"/>
    <tag k="building" v="apartments"/>
    <tag k="building:levels" v="1"/>
    <tag k="roof:levels" v="1"/>
    <tag k="roof:shape" v="double_saltbox"/>
  </way>
  <way id="722877102" version="10" timestamp="2025-04-11T21:04:33Z" changeset="164833840" uid="16951803" user="Vas111">
    <nd ref="6780629155"/>
    <nd ref="6780629156"/>
    <nd ref="6780629157"/>
    <nd ref="6780629158"/>
    <nd ref="6780629159"/>
    <nd ref="6780629160"/>
    <nd ref="3548393315"/>
    <nd ref="12408487360"/>
    <nd ref="3548393316"/>
    <nd ref="6780629161"/>
    <nd ref="6780629162"/>
    <nd ref="6780629155"/>
    <tag k="addr:city" v="Aberdeen"/>
    <tag k="addr:housenumber" v="2"/>
    <tag k="addr:postcode" v="AB24 1TY"/>
    <tag k="addr:street" v="School Road"/>
    <tag k="building" v="retail"/>
    <tag k="building:levels" v="1"/>
    <tag k="name" v="Złoty"/>
    <tag k="opening_hours" v="Mo-Sa 09:00-22:00; Su 09:00-20:30"/>
    <tag k="payment:cards" v="yes"/>
    <tag k="payment:cash" v="yes"/>
    <tag k="payment:contactless" v="yes"/>
    <tag k="roof:levels" v="1"/>
    <tag k="roof:shape" v="flat"/>
    <tag k="shop" v="convenience"/>
    <tag k="toilets" v="no"/>
  </way>
  <way id="722881112" version="4" timestamp="2025-03-17T20:11:35Z" changeset="163748807" uid="16951803" user="Vas111">
    <nd ref="3020984121"/>
    <nd ref="3020984122"/>
    <nd ref="6780669907"/>
    <nd ref="6780669908"/>
    <nd ref="7596623284"/>
    <nd ref="3020984121"/>
    <tag k="addr:city" v="Aberdeen"/>
    <tag k="addr:housenumber" v="3"/>
    <tag k="addr:postcode" v="AB24 1TX"/>
    <tag k="addr:street" v="School Road"/>
    <tag k="amenity" v="restaurant"/>
    <tag k="building" v="retail"/>
    <tag k="cuisine" v="chinese"/>
    <tag k="delivery" v="yes"/>
    <tag k="name" v="Soy Cook Chinese"/>
    <tag k="opening_hours" v="Su-Th 16:30-22:30; Fr-Sa 16:30-23:00; Tu off"/>
    <tag k="takeaway" v="only"/>
  </way>
  <way id="722881113" version="4" timestamp="2024-09-16T12:10:29Z" changeset="156685598" uid="4988361" user="FlawOfAverages">
    <nd ref="6780669908"/>
    <nd ref="6780669909"/>
    <nd ref="6780669910"/>
    <nd ref="6780669907"/>
    <nd ref="6780669908"/>
    <tag k="addr:city" v="Aberdeen"/>
    <tag k="addr:housenumber" v="5"/>
    <tag k="addr:postcode" v="AB24 1TX"/>
    <tag k="addr:street" v="School Road"/>
    <tag k="amenity" v="fast_food"/>
    <tag k="building" v="retail"/>
    <tag k="cuisine" v="kebab"/>
  </way>
  <way id="722881114" version="6" timestamp="2024-09-16T12:11:09Z" changeset="156685346" uid="4988361" user="FlawOfAverages">
    <nd ref="6780669909"/>
    <nd ref="6780669911"/>
    <nd ref="6780669912"/>
    <nd ref="6780669910"/>
    <nd ref="6780669909"/>
    <tag k="addr:city" v="Aberdeen"/>
    <tag k="addr:housenumber" v="7"/>
    <tag k="addr:postcode" v="AB24 1TX"/>
    <tag k="addr:street" v="School Road"/>
    <tag k="building" v="retail"/>
    <tag k="building:levels" v="1"/>
    <tag k="name" v="C10 Convenience Store"/>
    <tag k="roof:levels" v="0"/>
    <tag k="roof:shape" v="flat"/>
    <tag k="shop" v="convenience"/>
  </way>
  <way id="722881115" version="6" timestamp="2024-09-16T12:10:55Z" changeset="156685610" uid="4988361" user="FlawOfAverages">
    <nd ref="6780669911"/>
    <nd ref="6780669913"/>
    <nd ref="6780669914"/>
    <nd ref="6780669912"/>
    <nd ref="6780669911"/>
    <tag k="addr:city" v="Aberdeen"/>
    <tag k="addr:housenumber" v="9"/>
    <tag k="addr:postcode" v="AB24 1TX"/>
    <tag k="addr:street" v="School Road"/>
    <tag k="building" v="retail"/>
    <tag k="building:levels" v="1"/>
    <tag k="roof:levels" v="0"/>
    <tag k="roof:shape" v="flat"/>
    <tag k="shop" v="hairdresser"/>
  </way>
  <way id="722881116" version="5" timestamp="2023-06-27T15:08:21Z" changeset="137839889" uid="4988361" user="FlawOfAverages">
    <nd ref="6780669913"/>
    <nd ref="6780669915"/>
    <nd ref="6780669916"/>
    <nd ref="6780669914"/>
    <nd ref="6780669913"/>
    <tag k="addr:city" v="Aberdeen"/>
    <tag k="addr:housenumber" v="11"/>
    <tag k="addr:postcode" v="AB24 1TX"/>
    <tag k="addr:street" v="School Road"/>
    <tag k="brand" v="William Hill"/>
    <tag k="brand:wikidata" v="Q4053147"/>
    <tag k="brand:wikipedia" v="en:William Hill (bookmaker)"/>
    <tag k="building" v="retail"/>
    <tag k="building:levels" v="1"/>
    <tag k="name" v="William Hill"/>
    <tag k="roof:levels" v="0"/>
    <tag k="roof:shape" v="flat"/>
    <tag k="shop" v="bookmaker"/>
  </way>
  <way id="722881117" version="4" timestamp="2022-05-08T08:28:54Z" changeset="120692905" uid="4988361" user="FlawOfAverages">
    <nd ref="6780669915"/>
    <nd ref="6780669917"/>
    <nd ref="6780669918"/>
    <nd ref="6780669916"/>
    <nd ref="6780669915"/>
    <tag k="addr:city" v="Aberdeen"/>
    <tag k="addr:housenumber" v="15"/>
    <tag k="addr:postcode" v="AB24 1TX"/>
    <tag k="addr:street" v="School Road"/>
    <tag k="amenity" v="fast_food"/>
    <tag k="building" v="yes"/>
    <tag k="cuisine" v="fish_and_chips"/>
    <tag k="fhrs:authority" v="Aberdeen City"/>
    <tag k="fhrs:id" v="1342227"/>
    <tag k="fhrs:local_authority_id" v="EHDC13847"/>
    <tag k="name" v="Seaton Chipper"/>
  </way>
  <way id="723020094" version="3" timestamp="2024-02-02T23:52:29Z" changeset="147004591" uid="4988361" user="FlawOfAverages">
    <nd ref="6781858763"/>
    <nd ref="6781858764"/>
    <nd ref="6781858765"/>
    <nd ref="6781858766"/>
    <nd ref="6781858763"/>
    <tag k="addr:city" v="Aberdeen"/>
    <tag k="addr:housenumber" v="17"/>
    <tag k="addr:postcode" v="AB24 1XA"/>
    <tag k="addr:street" v="Seaton Avenue"/>
    <tag k="building" v="apartments"/>
    <tag k="building:levels" v="3"/>
    <tag k="roof:levels" v="0"/>
    <tag k="roof:shape" v="hipped"/>
  </way>
  <way id="723020095" version="3" timestamp="2023-11-10T12:28:45Z" changeset="143860890" uid="4988361" user="FlawOfAverages">
    <nd ref="6781858767"/>
    <nd ref="6781858774"/>
    <nd ref="6781858768"/>
    <nd ref="6781858769"/>
    <nd ref="6781858770"/>
    <nd ref="6781858771"/>
    <nd ref="6781858772"/>
    <nd ref="6781858773"/>
    <nd ref="6781858767"/>
    <tag k="addr:city" v="Aberdeen"/>
    <tag k="addr:housenumber" v="9"/>
    <tag k="addr:postcode" v="AB24 1XA"/>
    <tag k="addr:street" v="Seaton Avenue"/>
    <tag k="building" v="apartments"/>
    <tag k="building:levels" v="3"/>
    <tag k="roof:levels" v="0"/>
    <tag k="roof:shape" v="side_hipped"/>
  </way>
  <way id="723020096" version="3" timestamp="2023-11-10T12:28:47Z" changeset="143860890" uid="4988361" user="FlawOfAverages">
    <nd ref="6781858774"/>
    <nd ref="6781858775"/>
    <nd ref="6781858776"/>
    <nd ref="6781858777"/>
    <nd ref="6781858778"/>
    <nd ref="6781858779"/>
    <nd ref="6781858780"/>
    <nd ref="6781858767"/>
    <nd ref="6781858774"/>
    <tag k="addr:city" v="Aberdeen"/>
    <tag k="addr:housenumber" v="11"/>
    <tag k="addr:postcode" v="AB24 1XA"/>
    <tag k="addr:street" v="Seaton Avenue"/>
    <tag k="building" v="apartments"/>
    <tag k="building:levels" v="3"/>
    <tag k="roof:levels" v="0"/>
    <tag k="roof:shape" v="gabled"/>
  </way>
  <way id="723020097" version="3" timestamp="2023-11-10T12:28:59Z" changeset="143860890" uid="4988361" user="FlawOfAverages">
    <nd ref="6781858779"/>
    <nd ref="6781858781"/>
    <nd ref="6781858782"/>
    <nd ref="6781858783"/>
    <nd ref="6781858784"/>
    <nd ref="6781860185"/>
    <nd ref="6781860186"/>
    <nd ref="6781858780"/>
    <nd ref="6781858779"/>
    <tag k="addr:city" v="Aberdeen"/>
    <tag k="addr:housenumber" v="13"/>
    <tag k="addr:postcode" v="AB24 1XA"/>
    <tag k="addr:street" v="Seaton Avenue"/>
    <tag k="building" v="apartments"/>
    <tag k="building:levels" v="3"/>
    <tag k="roof:levels" v="0"/>
    <tag k="roof:shape" v="gabled"/>
  </way>
  <way id="723020098" version="3" timestamp="2023-11-10T12:29:03Z" changeset="143860890" uid="4988361" user="FlawOfAverages">
    <nd ref="6781860185"/>
    <nd ref="6781860187"/>
    <nd ref="6781860188"/>
    <nd ref="6781860189"/>
    <nd ref="6781860190"/>
    <nd ref="6781860191"/>
    <nd ref="6781860192"/>
    <nd ref="6781860186"/>
    <nd ref="6781860185"/>
    <tag k="addr:city" v="Aberdeen"/>
    <tag k="addr:housenumber" v="15"/>
    <tag k="addr:postcode" v="AB24 1XA"/>
    <tag k="addr:street" v="Seaton Avenue"/>
    <tag k="building" v="apartments"/>
    <tag k="building:levels" v="3"/>
    <tag k="roof:levels" v="0"/>
    <tag k="roof:shape" v="side_hipped"/>
  </way>
  <way id="723020099" version="3" timestamp="2023-11-10T12:28:56Z" changeset="143860890" uid="4988361" user="FlawOfAverages">
    <nd ref="6781860193"/>
    <nd ref="6781860194"/>
    <nd ref="6781860195"/>
    <nd ref="6781860196"/>
    <nd ref="6781860197"/>
    <nd ref="6781860198"/>
    <nd ref="6781860199"/>
    <nd ref="6781860200"/>
    <nd ref="6781860193"/>
    <tag k="addr:city" v="Aberdeen"/>
    <tag k="addr:housenumber" v="22"/>
    <tag k="addr:postcode" v="AB24 1XA"/>
    <tag k="addr:street" v="Seaton Avenue"/>
    <tag k="building" v="apartments"/>
    <tag k="building:levels" v="3"/>
    <tag k="roof:levels" v="0"/>
    <tag k="roof:shape" v="side_hipped"/>
  </way>
  <way id="723020100" version="3" timestamp="2023-11-10T12:28:54Z" changeset="143860890" uid="4988361" user="FlawOfAverages">
    <nd ref="6781860200"/>
    <nd ref="6781860201"/>
    <nd ref="6781860202"/>
    <nd ref="6781860203"/>
    <nd ref="6781860204"/>
    <nd ref="6781860205"/>
    <nd ref="6781860206"/>
    <nd ref="6781860199"/>
    <nd ref="6781860200"/>
    <tag k="addr:city" v="Aberdeen"/>
    <tag k="addr:housenumber" v="20"/>
    <tag k="addr:postcode" v="AB24 1XA"/>
    <tag k="addr:street" v="Seaton Avenue"/>
    <tag k="building" v="apartments"/>
    <tag k="building:levels" v="3"/>
    <tag k="roof:levels" v="0"/>
    <tag k="roof:shape" v="gabled"/>
  </way>
  <way id="723020101" version="3" timestamp="2023-11-10T12:28:51Z" changeset="143860890" uid="4988361" user="FlawOfAverages">
    <nd ref="6781860201"/>
    <nd ref="6781860207"/>
    <nd ref="6781860208"/>
    <nd ref="6781860209"/>
    <nd ref="6781860210"/>
    <nd ref="6781860211"/>
    <nd ref="6781860212"/>
    <nd ref="6781860202"/>
    <nd ref="6781860201"/>
    <tag k="addr:city" v="Aberdeen"/>
    <tag k="addr:housenumber" v="18"/>
    <tag k="addr:postcode" v="AB24 1XA"/>
    <tag k="addr:street" v="Seaton Avenue"/>
    <tag k="building" v="apartments"/>
    <tag k="building:levels" v="3"/>
    <tag k="roof:levels" v="0"/>
    <tag k="roof:shape" v="gabled"/>
  </way>
  <way id="723020102" version="3" timestamp="2023-11-10T12:28:49Z" changeset="143860890" uid="4988361" user="FlawOfAverages">
    <nd ref="6781860207"/>
    <nd ref="6781860213"/>
    <nd ref="6781860214"/>
    <nd ref="6781860215"/>
    <nd ref="6781860216"/>
    <nd ref="6781860217"/>
    <nd ref="6781860218"/>
    <nd ref="6781860208"/>
    <nd ref="6781860207"/>
    <tag k="addr:city" v="Aberdeen"/>
    <tag k="addr:housenumber" v="16"/>
    <tag k="addr:postcode" v="AB24 1XA"/>
    <tag k="addr:street" v="Seaton Avenue"/>
    <tag k="building" v="apartments"/>
    <tag k="building:levels" v="3"/>
    <tag k="roof:levels" v="0"/>
    <tag k="roof:shape" v="side_hipped"/>
  </way>
  <way id="723020103" version="3" timestamp="2023-11-10T12:29:11Z" changeset="143860890" uid="4988361" user="FlawOfAverages">
    <nd ref="6781860219"/>
    <nd ref="6781860220"/>
    <nd ref="6781860221"/>
    <nd ref="6781860222"/>
    <nd ref="6781860223"/>
    <nd ref="6781860224"/>
    <nd ref="6781860225"/>
    <nd ref="6781860226"/>
    <nd ref="6781860219"/>
    <tag k="addr:city" v="Aberdeen"/>
    <tag k="addr:housenumber" v="7"/>
    <tag k="addr:postcode" v="AB24 1XB"/>
    <tag k="addr:street" v="Seaton Avenue"/>
    <tag k="building" v="apartments"/>
    <tag k="building:levels" v="3"/>
    <tag k="roof:levels" v="0"/>
    <tag k="roof:shape" v="side_hipped"/>
  </way>
  <way id="723020104" version="3" timestamp="2023-11-10T12:29:13Z" changeset="143860890" uid="4988361" user="FlawOfAverages">
    <nd ref="6781860224"/>
    <nd ref="6781860227"/>
    <nd ref="6781860228"/>
    <nd ref="6781860229"/>
    <nd ref="6781860230"/>
    <nd ref="6781860231"/>
    <nd ref="6781860232"/>
    <nd ref="6781860225"/>
    <nd ref="6781860224"/>
    <tag k="addr:city" v="Aberdeen"/>
    <tag k="addr:housenumber" v="5"/>
    <tag k="addr:postcode" v="AB24 1XB"/>
    <tag k="addr:street" v="Seaton Avenue"/>
    <tag k="building" v="apartments"/>
    <tag k="building:levels" v="3"/>
    <tag k="roof:levels" v="0"/>
    <tag k="roof:shape" v="side_hipped"/>
  </way>
  <way id="723020105" version="4" timestamp="2023-06-27T15:07:49Z" changeset="137839889" uid="4988361" user="FlawOfAverages">
    <nd ref="6781860233"/>
    <nd ref="6781860234"/>
    <nd ref="6781860235"/>
    <nd ref="6781860236"/>
    <nd ref="6781860237"/>
    <nd ref="6781860238"/>
    <nd ref="6781860239"/>
    <nd ref="6781860240"/>
    <nd ref="6781860233"/>
    <tag k="addr:city" v="Aberdeen"/>
    <tag k="addr:housenumber" v="3"/>
    <tag k="addr:postcode" v="AB24 1XB"/>
    <tag k="addr:street" v="Seaton Avenue"/>
    <tag k="building" v="apartments"/>
    <tag k="building:levels" v="3"/>
    <tag k="roof:levels" v="0"/>
    <tag k="roof:shape" v="side_hipped"/>
  </way>
  <way id="723020106" version="4" timestamp="2023-06-27T15:07:51Z" changeset="137839889" uid="4988361" user="FlawOfAverages">
    <nd ref="6781860238"/>
    <nd ref="6781860241"/>
    <nd ref="6781860242"/>
    <nd ref="6781860243"/>
    <nd ref="6781860244"/>
    <nd ref="6781860245"/>
    <nd ref="6781860246"/>
    <nd ref="6781860239"/>
    <nd ref="6781860238"/>
    <tag k="addr:city" v="Aberdeen"/>
    <tag k="addr:housenumber" v="1"/>
    <tag k="addr:postcode" v="AB24 1XB"/>
    <tag k="addr:street" v="Seaton Avenue"/>
    <tag k="building" v="apartments"/>
    <tag k="building:levels" v="3"/>
    <tag k="roof:levels" v="0"/>
    <tag k="roof:shape" v="side_hipped"/>
  </way>
  <way id="723020107" version="4" timestamp="2023-11-10T12:29:15Z" changeset="143860890" uid="4988361" user="FlawOfAverages">
    <nd ref="6781860247"/>
    <nd ref="6781860248"/>
    <nd ref="6781860249"/>
    <nd ref="6781860250"/>
    <nd ref="6781860251"/>
    <nd ref="6781860252"/>
    <nd ref="6781860253"/>
    <nd ref="6781860254"/>
    <nd ref="7616730007"/>
    <nd ref="6781860247"/>
    <tag k="addr:city" v="Aberdeen"/>
    <tag k="addr:housenumber" v="14"/>
    <tag k="addr:postcode" v="AB24 1XB"/>
    <tag k="addr:street" v="Seaton Avenue"/>
    <tag k="building" v="apartments"/>
    <tag k="building:levels" v="3"/>
    <tag k="roof:levels" v="0"/>
    <tag k="roof:shape" v="side_hipped"/>
  </way>
  <way id="723020108" version="3" timestamp="2023-11-10T12:29:18Z" changeset="143860890" uid="4988361" user="FlawOfAverages">
    <nd ref="6781860254"/>
    <nd ref="6781860255"/>
    <nd ref="6781860256"/>
    <nd ref="6781860257"/>
    <nd ref="6781860258"/>
    <nd ref="6781860259"/>
    <nd ref="6781860260"/>
    <nd ref="6781860253"/>
    <nd ref="6781860254"/>
    <tag k="addr:city" v="Aberdeen"/>
    <tag k="addr:housenumber" v="12"/>
    <tag k="addr:postcode" v="AB24 1XB"/>
    <tag k="addr:street" v="Seaton Avenue"/>
    <tag k="building" v="apartments"/>
    <tag k="building:levels" v="3"/>
    <tag k="roof:levels" v="0"/>
    <tag k="roof:shape" v="gabled"/>
  </way>
  <way id="723020109" version="3" timestamp="2023-11-10T12:29:20Z" changeset="143860890" uid="4988361" user="FlawOfAverages">
    <nd ref="6781860255"/>
    <nd ref="6781860261"/>
    <nd ref="6781860262"/>
    <nd ref="6781860263"/>
    <nd ref="6781860264"/>
    <nd ref="6781860265"/>
    <nd ref="6781860266"/>
    <nd ref="6781860256"/>
    <nd ref="6781860255"/>
    <tag k="addr:city" v="Aberdeen"/>
    <tag k="addr:housenumber" v="10"/>
    <tag k="addr:postcode" v="AB24 1XB"/>
    <tag k="addr:street" v="Seaton Avenue"/>
    <tag k="building" v="apartments"/>
    <tag k="building:levels" v="3"/>
    <tag k="roof:levels" v="0"/>
    <tag k="roof:shape" v="gabled"/>
  </way>
  <way id="723020110" version="3" timestamp="2023-11-10T12:24:23Z" changeset="143860890" uid="4988361" user="FlawOfAverages">
    <nd ref="6781860261"/>
    <nd ref="6781860267"/>
    <nd ref="6781860268"/>
    <nd ref="6781860269"/>
    <nd ref="6781860270"/>
    <nd ref="6781860271"/>
    <nd ref="6781860272"/>
    <nd ref="6781860262"/>
    <nd ref="6781860261"/>
    <tag k="addr:city" v="Aberdeen"/>
    <tag k="addr:housenumber" v="8"/>
    <tag k="addr:postcode" v="AB24 1XB"/>
    <tag k="addr:street" v="Seaton Avenue"/>
    <tag k="building" v="apartments"/>
    <tag k="building:levels" v="3"/>
    <tag k="roof:levels" v="0"/>
    <tag k="roof:shape" v="gabled"/>
  </way>
  <way id="723020111" version="3" timestamp="2023-11-10T12:24:20Z" changeset="143860890" uid="4988361" user="FlawOfAverages">
    <nd ref="6781860267"/>
    <nd ref="6781860273"/>
    <nd ref="6781860274"/>
    <nd ref="6781860275"/>
    <nd ref="6781860276"/>
    <nd ref="6781860277"/>
    <nd ref="6781860278"/>
    <nd ref="6781860268"/>
    <nd ref="6781860267"/>
    <tag k="addr:city" v="Aberdeen"/>
    <tag k="addr:housenumber" v="6"/>
    <tag k="addr:postcode" v="AB24 1XB"/>
    <tag k="addr:street" v="Seaton Avenue"/>
    <tag k="building" v="apartments"/>
    <tag k="building:levels" v="3"/>
    <tag k="roof:levels" v="0"/>
    <tag k="roof:shape" v="gabled"/>
  </way>
  <way id="723020112" version="3" timestamp="2023-11-10T12:24:17Z" changeset="143860890" uid="4988361" user="FlawOfAverages">
    <nd ref="6781860273"/>
    <nd ref="6781860279"/>
    <nd ref="6781860280"/>
    <nd ref="6781860281"/>
    <nd ref="6781860282"/>
    <nd ref="6781860283"/>
    <nd ref="6781860284"/>
    <nd ref="6781860274"/>
    <nd ref="6781860273"/>
    <tag k="addr:city" v="Aberdeen"/>
    <tag k="addr:housenumber" v="4"/>
    <tag k="addr:postcode" v="AB24 1XB"/>
    <tag k="addr:street" v="Seaton Avenue"/>
    <tag k="building" v="apartments"/>
    <tag k="building:levels" v="3"/>
    <tag k="roof:levels" v="0"/>
    <tag k="roof:shape" v="gabled"/>
  </way>
  <way id="723020113" version="4" timestamp="2023-11-10T12:24:12Z" changeset="143860890" uid="4988361" user="FlawOfAverages">
    <nd ref="6781860279"/>
    <nd ref="6781860285"/>
    <nd ref="7616697661"/>
    <nd ref="6781860286"/>
    <nd ref="6781860287"/>
    <nd ref="6781860288"/>
    <nd ref="6781860289"/>
    <nd ref="6781860290"/>
    <nd ref="6781860280"/>
    <nd ref="6781860279"/>
    <tag k="addr:city" v="Aberdeen"/>
    <tag k="addr:housenumber" v="2"/>
    <tag k="addr:postcode" v="AB24 1XB"/>
    <tag k="addr:street" v="Seaton Avenue"/>
    <tag k="building" v="apartments"/>
    <tag k="building:levels" v="3"/>
    <tag k="roof:levels" v="0"/>
    <tag k="roof:shape" v="side_hipped"/>
  </way>
  <way id="723020671" version="3" timestamp="2023-06-27T15:07:59Z" changeset="137839889" uid="4988361" user="FlawOfAverages">
    <nd ref="6781860623"/>
    <nd ref="6781860624"/>
    <nd ref="6781860625"/>
    <nd ref="6781860626"/>
    <nd ref="6781860627"/>
    <nd ref="6781860628"/>
    <nd ref="6781860629"/>
    <nd ref="6781860630"/>
    <nd ref="6781860623"/>
    <tag k="addr:city" v="Aberdeen"/>
    <tag k="addr:housenumber" v="4"/>
    <tag k="addr:postcode" v="AB24 1XD"/>
    <tag k="addr:street" v="Seaton Gardens"/>
    <tag k="building" v="apartments"/>
    <tag k="building:levels" v="3"/>
    <tag k="roof:levels" v="0"/>
    <tag k="roof:shape" v="hipped"/>
  </way>
  <way id="727648958" version="40" timestamp="2025-01-13T20:23:30Z" changeset="161323885" uid="16951803" user="Vas111">
    <nd ref="6270361052"/>
    <nd ref="8403356302"/>
    <nd ref="7621183280"/>
    <nd ref="7621183279"/>
    <nd ref="9035419543"/>
    <nd ref="7596303470"/>
    <tag k="cycleway:both" v="no"/>
    <tag k="hazard" v="school_zone"/>
    <tag k="highway" v="primary"/>
    <tag k="lanes" v="4"/>
    <tag k="lit" v="yes"/>
    <tag k="maxspeed" v="30 mph"/>
    <tag k="maxspeed:conditional" v="20 mph @ flashing"/>
    <tag k="maxspeed:type" v="GB:nsl_restricted"/>
    <tag k="name" v="King Street"/>
    <tag k="name:en" v="King Street"/>
    <tag k="old_ref" v="A92"/>
    <tag k="parking:both" v="lane"/>
    <tag k="parking:both:orientation" v="parallel"/>
    <tag k="parking:both:restriction:conditional" v="no_parking @ (Mo-Sa 07:30-09:30, 16:00-18:00); loading_only @ (Mo-Sa 07:00-19:00)"/>
    <tag k="psv:lanes:forward:conditional" v="designated|yes @ (Mo-Sa 07:30-09:30, 16:00-18:00)"/>
    <tag k="ref" v="A956"/>
    <tag k="sidewalk" v="both"/>
    <tag k="sidewalk:both:surface" v="paving_stones"/>
    <tag k="surface" v="asphalt"/>
    <tag k="wikidata" v="Q6412074"/>
  </way>
  <way id="777997217" version="4" timestamp="2023-07-22T16:49:43Z" changeset="138862421" uid="4988361" user="FlawOfAverages">
    <nd ref="7260876039"/>
    <nd ref="7260876040"/>
    <nd ref="7260876041"/>
    <nd ref="7624446090"/>
    <nd ref="7260876042"/>
    <nd ref="7260876039"/>
    <tag k="addr:city" v="Aberdeen"/>
    <tag k="addr:housenumber" v="510"/>
    <tag k="addr:postcode" v="AB24 5ST"/>
    <tag k="addr:street" v="King Street"/>
    <tag k="building" v="house"/>
    <tag k="building:levels" v="2"/>
    <tag k="roof:levels" v="1"/>
    <tag k="roof:shape" v="gambrel"/>
  </way>
  <way id="777997222" version="3" timestamp="2023-06-01T11:57:33Z" changeset="136827993" uid="4988361" user="FlawOfAverages">
    <nd ref="7260876057"/>
    <nd ref="7260876058"/>
    <nd ref="7260876059"/>
    <nd ref="7596623265"/>
    <nd ref="7260876060"/>
    <nd ref="7260876057"/>
    <tag k="addr:city" v="Aberdeen"/>
    <tag k="addr:housename" v="Webster's Pharmacy"/>
    <tag k="addr:housenumber" v="624"/>
    <tag k="addr:postcode" v="AB24 1SN"/>
    <tag k="addr:street" v="King Street"/>
    <tag k="amenity" v="pharmacy"/>
    <tag k="building" v="yes"/>
    <tag k="check_date" v="2023-06-01"/>
    <tag k="dispensing" v="yes"/>
    <tag k="healthcare" v="pharmacy"/>
    <tag k="name" v="Webster's Pharmacy"/>
  </way>
  <way id="779261206" version="3" timestamp="2020-06-14T21:37:06Z" changeset="86636117" uid="10259484" user="calibase">
    <nd ref="7276295595"/>
    <nd ref="7276295596"/>
    <nd ref="7276295597"/>
    <nd ref="7276295598"/>
    <nd ref="7620701671"/>
    <nd ref="7620701670"/>
    <nd ref="7620701669"/>
    <nd ref="7276295600"/>
    <nd ref="7620701591"/>
    <nd ref="7620493847"/>
    <nd ref="7620493845"/>
    <nd ref="7276295601"/>
    <nd ref="7276295602"/>
    <nd ref="7276295603"/>
    <nd ref="7276295604"/>
    <nd ref="7276295605"/>
    <nd ref="7276295606"/>
    <nd ref="7276295607"/>
    <nd ref="7276295608"/>
    <nd ref="7276295595"/>
    <tag k="addr:city" v="Aberdeen"/>
    <tag k="addr:postcode" v="AB24 1XL"/>
    <tag k="addr:street" v="East Seaton"/>
    <tag k="amenity" v="animal_shelter"/>
    <tag k="animal_shelter" v="cat;dog"/>
    <tag k="building" v="yes"/>
    <tag k="name" v="Mrs Murray's Home for Stray Dogs and Cats"/>
    <tag k="source" v="survey"/>
    <tag k="source:addr:postcode" v="survey"/>
    <tag k="source:shape" v="bing"/>
    <tag k="wheelchair:access" v="yes"/>
  </way>
  <way id="779261207" version="4" timestamp="2022-04-12T07:35:02Z" changeset="119608121" uid="4988361" user="FlawOfAverages">
    <nd ref="7276295628"/>
    <nd ref="7276295629"/>
    <nd ref="7620697168"/>
    <nd ref="7620697160"/>
    <nd ref="7276295630"/>
    <nd ref="7276295631"/>
    <nd ref="7276295658"/>
    <nd ref="7276295628"/>
    <tag k="addr:city" v="Aberdeen"/>
    <tag k="addr:country" v="GB"/>
    <tag k="addr:postcode" v="AB24 1WE"/>
    <tag k="addr:street" v="School Road"/>
    <tag k="building" v="pavilion"/>
    <tag k="name" v="Raymond Kelly Pavilion"/>
    <tag k="sport" v="soccer"/>
  </way>
  <way id="779264402" version="6" timestamp="2024-09-03T16:59:43Z" changeset="156151642" uid="13666626" user="RedAuburn">
    <nd ref="7276322897"/>
    <nd ref="7276322898"/>
    <nd ref="7276322899"/>
    <nd ref="7276322900"/>
    <nd ref="7276322901"/>
    <nd ref="7276322902"/>
    <nd ref="7276322903"/>
    <nd ref="7276322904"/>
    <nd ref="7276322897"/>
    <tag k="addr:city" v="Aberdeen"/>
    <tag k="addr:postcode" v="AB24 1WD"/>
    <tag k="addr:street" v="Beachview Court"/>
    <tag k="building" v="apartments"/>
    <tag k="building:levels" v="19"/>
    <tag k="name" v="Beachview Court"/>
    <tag k="wikidata" v="Q107588635"/>
  </way>
  <way id="808957243" version="7" timestamp="2024-09-28T16:01:32Z" changeset="157217815" uid="9088405" user="TheUKHighStreet">
    <nd ref="7564246834"/>
    <nd ref="7564246835"/>
    <nd ref="6115775281"/>
    <nd ref="7564246837"/>
    <nd ref="7564246834"/>
    <tag k="addr:city" v="Aberdeen"/>
    <tag k="addr:housenumber" v="792"/>
    <tag k="addr:postcode" v="AB24 1XN"/>
    <tag k="addr:street" v="King Street"/>
    <tag k="building" v="retail"/>
    <tag k="building:levels" v="1"/>
    <tag k="name" v="Park &amp; Shop"/>
    <tag k="operator" v="Park Garage Group"/>
    <tag k="roof:levels" v="0"/>
    <tag k="roof:shape" v="hipped"/>
    <tag k="shop" v="convenience"/>
  </way>
  <way id="812994372" version="3" timestamp="2024-09-03T16:59:42Z" changeset="156151642" uid="13666626" user="RedAuburn">
    <nd ref="7593798952"/>
    <nd ref="7593798953"/>
    <nd ref="7593798954"/>
    <nd ref="7593798955"/>
    <nd ref="7593798952"/>
    <tag k="addr:city" v="Aberdeen"/>
    <tag k="addr:postcode" v="AB24 1XT"/>
    <tag k="addr:street" v="Inverdon Court"/>
    <tag k="building" v="apartments"/>
    <tag k="building:levels" v="17"/>
    <tag k="name" v="Inverdon Court"/>
    <tag k="wikidata" v="Q107588626"/>
  </way>
  <way id="812994373" version="4" timestamp="2024-09-03T16:59:42Z" changeset="156151642" uid="13666626" user="RedAuburn">
    <nd ref="7593798956"/>
    <nd ref="7618260597"/>
    <nd ref="7618260595"/>
    <nd ref="7593798957"/>
    <nd ref="7593798958"/>
    <nd ref="7593798959"/>
    <nd ref="7593798956"/>
    <tag k="addr:city" v="Aberdeen"/>
    <tag k="addr:postcode" v="AB24 1XU"/>
    <tag k="addr:street" v="Lord Hay's Court"/>
    <tag k="building" v="apartments"/>
    <tag k="building:levels" v="17"/>
    <tag k="name" v="Lord Hay's Court"/>
    <tag k="wikidata" v="Q107588627"/>
  </way>
  <way id="812994374" version="4" timestamp="2024-09-03T16:59:41Z" changeset="156151642" uid="13666626" user="RedAuburn">
    <nd ref="7593798960"/>
    <nd ref="7596273630"/>
    <nd ref="7593798961"/>
    <nd ref="7593798962"/>
    <nd ref="7593798963"/>
    <nd ref="7593798960"/>
    <tag k="addr:city" v="Aberdeen"/>
    <tag k="addr:postcode" v="AB24 1XG"/>
    <tag k="addr:street" v="St Ninian's Court"/>
    <tag k="building" v="apartments"/>
    <tag k="building:levels" v="17"/>
    <tag k="name" v="St Ninian's Court"/>
    <tag k="wikidata" v="Q107588625"/>
  </way>
  <way id="812994375" version="4" timestamp="2024-09-03T16:59:41Z" changeset="156151642" uid="13666626" user="RedAuburn">
    <nd ref="7593798964"/>
    <nd ref="7618260586"/>
    <nd ref="7593798965"/>
    <nd ref="7593798966"/>
    <nd ref="7618230963"/>
    <nd ref="7593798967"/>
    <nd ref="7593798964"/>
    <tag k="addr:city" v="Aberdeen"/>
    <tag k="addr:postcode" v="AB24 1XF"/>
    <tag k="addr:street" v="Balgownie Court"/>
    <tag k="building" v="apartments"/>
    <tag k="building:levels" v="17"/>
    <tag k="name" v="Balgownie Court"/>
    <tag k="wikidata" v="Q107588624"/>
  </way>
  <way id="812994376" version="3" timestamp="2024-07-10T09:08:00Z" changeset="153774435" uid="9451067" user="b-jazz-bot">
    <nd ref="7593798968"/>
    <nd ref="7593798969"/>
    <nd ref="7593798970"/>
    <nd ref="7593798971"/>
    <nd ref="7593798972"/>
    <nd ref="7593798973"/>
    <nd ref="7593798974"/>
    <nd ref="7593798975"/>
    <nd ref="7593798976"/>
    <nd ref="7593798977"/>
    <nd ref="7593798978"/>
    <nd ref="7593798979"/>
    <nd ref="7593798980"/>
    <nd ref="7593798981"/>
    <nd ref="7593798968"/>
    <tag k="addr:city" v="Aberdeen"/>
    <tag k="addr:postcode" v="AB24 1YA"/>
    <tag k="addr:street" v="St Ninian's Place"/>
    <tag k="amenity" v="place_of_worship"/>
    <tag k="building" v="yes"/>
    <tag k="name" v="Aberdeen Gurudwara"/>
    <tag k="religion" v="sikh"/>
    <tag k="website" v="https://aberdeengurudwara.com/"/>
  </way>
  <way id="812999285" version="11" timestamp="2024-12-10T14:31:08Z" changeset="160131879" uid="16951803" user="Vas111">
    <nd ref="60219137"/>
    <nd ref="7593847271"/>
    <nd ref="7593847270"/>
    <nd ref="7593847264"/>
    <nd ref="2972133469"/>
    <nd ref="7593847269"/>
    <nd ref="7593847268"/>
    <nd ref="60219140"/>
    <nd ref="7593847267"/>
    <nd ref="7593847266"/>
    <nd ref="7593847265"/>
    <tag k="highway" v="residential"/>
    <tag k="lanes" v="2"/>
    <tag k="lit" v="yes"/>
    <tag k="maxspeed" v="20 mph"/>
    <tag k="maxspeed:type" v="GB:zone20"/>
    <tag k="name" v="Seaton Walk"/>
    <tag k="sidewalk" v="left"/>
    <tag k="sidewalk:left:surface" v="asphalt"/>
    <tag k="surface" v="asphalt"/>
  </way>
  <way id="813020752" version="4" timestamp="2023-06-27T15:07:37Z" changeset="137839889" uid="4988361" user="FlawOfAverages">
    <nd ref="7593972710"/>
    <nd ref="7593972711"/>
    <nd ref="7593972712"/>
    <nd ref="7593972713"/>
    <nd ref="7593972714"/>
    <nd ref="7593972715"/>
    <nd ref="7593972716"/>
    <nd ref="7593972717"/>
    <nd ref="7593972710"/>
    <tag k="addr:city" v="Aberdeen"/>
    <tag k="addr:housenumber" v="25"/>
    <tag k="addr:postcode" v="AB24 1TX"/>
    <tag k="addr:street" v="School Road"/>
    <tag k="building" v="apartments"/>
    <tag k="building:levels" v="3"/>
    <tag k="roof:levels" v="0"/>
    <tag k="roof:shape" v="side_hipped"/>
  </way>
  <way id="813020753" version="3" timestamp="2023-06-27T15:07:35Z" changeset="137839889" uid="4988361" user="FlawOfAverages">
    <nd ref="7593972718"/>
    <nd ref="7593972710"/>
    <nd ref="7593972717"/>
    <nd ref="7593972719"/>
    <nd ref="7593972720"/>
    <nd ref="7593972721"/>
    <nd ref="7593972722"/>
    <nd ref="7593972723"/>
    <nd ref="7593972718"/>
    <tag k="addr:city" v="Aberdeen"/>
    <tag k="addr:housenumber" v="23"/>
    <tag k="addr:postcode" v="AB24 1TX"/>
    <tag k="addr:street" v="School Road"/>
    <tag k="building" v="apartments"/>
    <tag k="building:levels" v="3"/>
    <tag k="roof:levels" v="0"/>
    <tag k="roof:shape" v="gabled"/>
  </way>
  <way id="813020754" version="4" timestamp="2023-06-27T15:07:33Z" changeset="137839889" uid="4988361" user="FlawOfAverages">
    <nd ref="7593972724"/>
    <nd ref="7616485609"/>
    <nd ref="7593972718"/>
    <nd ref="7593972723"/>
    <nd ref="7593972725"/>
    <nd ref="7593972726"/>
    <nd ref="7593972727"/>
    <nd ref="7593972728"/>
    <nd ref="7593972729"/>
    <nd ref="7593972724"/>
    <tag k="addr:city" v="Aberdeen"/>
    <tag k="addr:housenumber" v="21"/>
    <tag k="addr:postcode" v="AB24 1TX"/>
    <tag k="addr:street" v="School Road"/>
    <tag k="building" v="apartments"/>
    <tag k="building:levels" v="3"/>
    <tag k="roof:levels" v="0"/>
    <tag k="roof:shape" v="gabled"/>
  </way>
  <way id="813020755" version="3" timestamp="2023-06-27T15:07:30Z" changeset="137839889" uid="4988361" user="FlawOfAverages">
    <nd ref="7593972730"/>
    <nd ref="7593972724"/>
    <nd ref="7593972729"/>
    <nd ref="7593972731"/>
    <nd ref="7593972732"/>
    <nd ref="7593972733"/>
    <nd ref="7593972734"/>
    <nd ref="7593972735"/>
    <nd ref="7593972730"/>
    <tag k="addr:city" v="Aberdeen"/>
    <tag k="addr:housenumber" v="19"/>
    <tag k="addr:postcode" v="AB24 1TX"/>
    <tag k="addr:street" v="School Road"/>
    <tag k="building" v="apartments"/>
    <tag k="building:levels" v="3"/>
    <tag k="roof:levels" v="0"/>
    <tag k="roof:shape" v="gabled"/>
  </way>
  <way id="813020756" version="6" timestamp="2023-06-27T15:07:25Z" changeset="137839889" uid="4988361" user="FlawOfAverages">
    <nd ref="7593972736"/>
    <nd ref="7593972730"/>
    <nd ref="7593972735"/>
    <nd ref="7593972737"/>
    <nd ref="7593972738"/>
    <nd ref="7593972739"/>
    <nd ref="7593972740"/>
    <nd ref="7616485564"/>
    <nd ref="7593972741"/>
    <nd ref="7616889295"/>
    <nd ref="7616485563"/>
    <nd ref="7593972736"/>
    <tag k="addr:city" v="Aberdeen"/>
    <tag k="addr:housenumber" v="17"/>
    <tag k="addr:postcode" v="AB24 1TX"/>
    <tag k="addr:street" v="School Road"/>
    <tag k="building" v="apartments"/>
    <tag k="building:levels" v="3"/>
    <tag k="roof:levels" v="0"/>
    <tag k="roof:shape" v="side_hipped"/>
  </way>
  <way id="813020757" version="3" timestamp="2023-06-27T15:08:06Z" changeset="137839889" uid="4988361" user="FlawOfAverages">
    <nd ref="7593972744"/>
    <nd ref="7593972742"/>
    <nd ref="7593972743"/>
    <nd ref="7593972745"/>
    <nd ref="7593972746"/>
    <nd ref="7593972747"/>
    <nd ref="7593972748"/>
    <nd ref="7593972749"/>
    <nd ref="7593972744"/>
    <tag k="addr:city" v="Aberdeen"/>
    <tag k="addr:housenumber" v="7"/>
    <tag k="addr:postcode" v="AB24 1XD"/>
    <tag k="addr:street" v="Seaton Gardens"/>
    <tag k="building" v="apartments"/>
    <tag k="building:levels" v="3"/>
    <tag k="roof:levels" v="0"/>
    <tag k="roof:shape" v="side_hipped"/>
  </way>
  <way id="813020758" version="3" timestamp="2023-06-27T15:08:03Z" changeset="137839889" uid="4988361" user="FlawOfAverages">
    <nd ref="7593972750"/>
    <nd ref="7593972744"/>
    <nd ref="7593972749"/>
    <nd ref="7593972751"/>
    <nd ref="7593972752"/>
    <nd ref="7593972753"/>
    <nd ref="7593972754"/>
    <nd ref="7593972755"/>
    <nd ref="7593972750"/>
    <tag k="addr:city" v="Aberdeen"/>
    <tag k="addr:housenumber" v="6"/>
    <tag k="addr:postcode" v="AB24 1XD"/>
    <tag k="addr:street" v="Seaton Gardens"/>
    <tag k="building" v="apartments"/>
    <tag k="building:levels" v="3"/>
    <tag k="roof:levels" v="0"/>
    <tag k="roof:shape" v="gabled"/>
  </way>
  <way id="813020759" version="3" timestamp="2023-06-27T15:08:01Z" changeset="137839889" uid="4988361" user="FlawOfAverages">
    <nd ref="7593972756"/>
    <nd ref="7593972750"/>
    <nd ref="7593972755"/>
    <nd ref="7593972757"/>
    <nd ref="7593972758"/>
    <nd ref="7593972759"/>
    <nd ref="7593972760"/>
    <nd ref="7593972761"/>
    <nd ref="7593972756"/>
    <tag k="addr:city" v="Aberdeen"/>
    <tag k="addr:housenumber" v="5"/>
    <tag k="addr:postcode" v="AB24 1XD"/>
    <tag k="addr:street" v="Seaton Gardens"/>
    <tag k="building" v="apartments"/>
    <tag k="building:levels" v="3"/>
    <tag k="roof:levels" v="0"/>
    <tag k="roof:shape" v="side_hipped"/>
  </way>
  <way id="813020760" version="3" timestamp="2023-06-27T15:07:42Z" changeset="137839889" uid="4988361" user="FlawOfAverages">
    <nd ref="7593972762"/>
    <nd ref="7593972763"/>
    <nd ref="7593972764"/>
    <nd ref="7593972765"/>
    <nd ref="7593972766"/>
    <nd ref="7593972767"/>
    <nd ref="7593972768"/>
    <nd ref="7593972769"/>
    <nd ref="7593972762"/>
    <tag k="addr:city" v="Aberdeen"/>
    <tag k="addr:housenumber" v="3"/>
    <tag k="addr:postcode" v="AB24 1XD"/>
    <tag k="addr:street" v="Seaton Gardens"/>
    <tag k="building" v="apartments"/>
    <tag k="building:levels" v="3"/>
    <tag k="roof:levels" v="0"/>
    <tag k="roof:shape" v="side_hipped"/>
  </way>
  <way id="813020761" version="3" timestamp="2023-06-27T15:07:44Z" changeset="137839889" uid="4988361" user="FlawOfAverages">
    <nd ref="7593972770"/>
    <nd ref="7593972762"/>
    <nd ref="7593972769"/>
    <nd ref="7593972771"/>
    <nd ref="7593972772"/>
    <nd ref="7593972773"/>
    <nd ref="7593972774"/>
    <nd ref="7593972775"/>
    <nd ref="7593972770"/>
    <tag k="addr:city" v="Aberdeen"/>
    <tag k="addr:housenumber" v="2"/>
    <tag k="addr:postcode" v="AB24 1XD"/>
    <tag k="addr:street" v="Seaton Gardens"/>
    <tag k="building" v="apartments"/>
    <tag k="building:levels" v="3"/>
    <tag k="roof:levels" v="0"/>
    <tag k="roof:shape" v="gabled"/>
  </way>
  <way id="813020762" version="3" timestamp="2023-06-27T15:07:46Z" changeset="137839889" uid="4988361" user="FlawOfAverages">
    <nd ref="7593972776"/>
    <nd ref="7593972770"/>
    <nd ref="7593972775"/>
    <nd ref="7593972777"/>
    <nd ref="7593972778"/>
    <nd ref="7593972779"/>
    <nd ref="7593972780"/>
    <nd ref="7593972781"/>
    <nd ref="7593972776"/>
    <tag k="addr:city" v="Aberdeen"/>
    <tag k="addr:housenumber" v="1"/>
    <tag k="addr:postcode" v="AB24 1XD"/>
    <tag k="addr:street" v="Seaton Gardens"/>
    <tag k="building" v="apartments"/>
    <tag k="building:levels" v="3"/>
    <tag k="roof:levels" v="0"/>
    <tag k="roof:shape" v="side_hipped"/>
  </way>
  <way id="813020763" version="3" timestamp="2023-11-10T12:25:29Z" changeset="143860890" uid="4988361" user="FlawOfAverages">
    <nd ref="7594012187"/>
    <nd ref="7594012188"/>
    <nd ref="7594012189"/>
    <nd ref="7594012190"/>
    <nd ref="7594012191"/>
    <nd ref="7594012192"/>
    <nd ref="7594012193"/>
    <nd ref="7594012194"/>
    <nd ref="7594012187"/>
    <tag k="addr:city" v="Aberdeen"/>
    <tag k="addr:housenumber" v="37"/>
    <tag k="addr:postcode" v="AB24 1TN"/>
    <tag k="addr:street" v="School Road"/>
    <tag k="building" v="apartments"/>
    <tag k="building:levels" v="3"/>
    <tag k="roof:levels" v="0"/>
    <tag k="roof:shape" v="side_hipped"/>
  </way>
  <way id="813020764" version="3" timestamp="2023-11-10T12:25:32Z" changeset="143860890" uid="4988361" user="FlawOfAverages">
    <nd ref="7594012195"/>
    <nd ref="7594012187"/>
    <nd ref="7594012194"/>
    <nd ref="7594012196"/>
    <nd ref="7594012197"/>
    <nd ref="7594012198"/>
    <nd ref="7594012199"/>
    <nd ref="7594012200"/>
    <nd ref="7594012195"/>
    <tag k="addr:city" v="Aberdeen"/>
    <tag k="addr:housenumber" v="35"/>
    <tag k="addr:postcode" v="AB24 1TN"/>
    <tag k="addr:street" v="School Road"/>
    <tag k="building" v="apartments"/>
    <tag k="building:levels" v="3"/>
    <tag k="roof:levels" v="0"/>
    <tag k="roof:shape" v="gabled"/>
  </way>
  <way id="813020765" version="3" timestamp="2023-11-10T12:25:24Z" changeset="143860890" uid="4988361" user="FlawOfAverages">
    <nd ref="7594012201"/>
    <nd ref="7594012195"/>
    <nd ref="7594012200"/>
    <nd ref="7594012202"/>
    <nd ref="7594012203"/>
    <nd ref="7594012204"/>
    <nd ref="7594012205"/>
    <nd ref="7594012206"/>
    <nd ref="7594012201"/>
    <tag k="addr:city" v="Aberdeen"/>
    <tag k="addr:housenumber" v="33"/>
    <tag k="addr:postcode" v="AB24 1TN"/>
    <tag k="addr:street" v="School Road"/>
    <tag k="building" v="apartments"/>
    <tag k="building:levels" v="3"/>
    <tag k="roof:levels" v="0"/>
    <tag k="roof:shape" v="gabled"/>
  </way>
  <way id="813020766" version="4" timestamp="2023-11-10T12:25:26Z" changeset="143860890" uid="4988361" user="FlawOfAverages">
    <nd ref="7594012207"/>
    <nd ref="7594012201"/>
    <nd ref="7594012206"/>
    <nd ref="7594012208"/>
    <nd ref="7594012209"/>
    <nd ref="7594012210"/>
    <nd ref="7594012211"/>
    <nd ref="7594012212"/>
    <nd ref="7594012207"/>
    <tag k="addr:city" v="Aberdeen"/>
    <tag k="addr:housenumber" v="31"/>
    <tag k="addr:postcode" v="AB24 1TN"/>
    <tag k="addr:street" v="School Road"/>
    <tag k="building" v="apartments"/>
    <tag k="building:levels" v="3"/>
    <tag k="roof:levels" v="0"/>
    <tag k="roof:shape" v="side_hipped"/>
  </way>
  <way id="813020767" version="3" timestamp="2023-11-10T12:24:51Z" changeset="143860890" uid="4988361" user="FlawOfAverages">
    <nd ref="7594012213"/>
    <nd ref="7594012214"/>
    <nd ref="7594012215"/>
    <nd ref="7594012216"/>
    <nd ref="7594012217"/>
    <nd ref="7594012218"/>
    <nd ref="7594012219"/>
    <nd ref="7594012220"/>
    <nd ref="7594012213"/>
    <tag k="addr:city" v="Aberdeen"/>
    <tag k="addr:housenumber" v="29"/>
    <tag k="addr:postcode" v="AB24 1TT"/>
    <tag k="addr:street" v="School Road"/>
    <tag k="building" v="apartments"/>
    <tag k="building:levels" v="3"/>
    <tag k="roof:levels" v="0"/>
    <tag k="roof:shape" v="side_hipped"/>
  </way>
  <way id="813020768" version="4" timestamp="2023-11-10T12:24:49Z" changeset="143860890" uid="4988361" user="FlawOfAverages">
    <nd ref="7594012221"/>
    <nd ref="7594012213"/>
    <nd ref="7594012220"/>
    <nd ref="7594012222"/>
    <nd ref="7594012223"/>
    <nd ref="7594012224"/>
    <nd ref="7594012225"/>
    <nd ref="7594012226"/>
    <nd ref="7616697664"/>
    <nd ref="7594012221"/>
    <tag k="addr:city" v="Aberdeen"/>
    <tag k="addr:housenumber" v="27"/>
    <tag k="addr:postcode" v="AB24 1TT"/>
    <tag k="addr:street" v="School Road"/>
    <tag k="building" v="apartments"/>
    <tag k="building:levels" v="3"/>
    <tag k="roof:levels" v="0"/>
    <tag k="roof:shape" v="side_hipped"/>
  </way>
  <way id="813020769" version="4" timestamp="2023-11-10T12:28:38Z" changeset="143860890" uid="4988361" user="FlawOfAverages">
    <nd ref="7594012227"/>
    <nd ref="7594012228"/>
    <nd ref="7594012229"/>
    <nd ref="7594012230"/>
    <nd ref="7594012231"/>
    <nd ref="7594012232"/>
    <nd ref="7594012233"/>
    <nd ref="7594012234"/>
    <nd ref="7594012227"/>
    <tag k="addr:city" v="Aberdeen"/>
    <tag k="addr:housenumber" v="8"/>
    <tag k="addr:postcode" v="AB24 1UX"/>
    <tag k="addr:street" v="Seaton Drive"/>
    <tag k="building" v="apartments"/>
    <tag k="building:levels" v="3"/>
    <tag k="roof:levels" v="0"/>
    <tag k="roof:shape" v="side_hipped"/>
  </way>
  <way id="813020770" version="4" timestamp="2023-11-10T12:28:36Z" changeset="143860890" uid="4988361" user="FlawOfAverages">
    <nd ref="7594012235"/>
    <nd ref="7594012227"/>
    <nd ref="7594012234"/>
    <nd ref="7594012236"/>
    <nd ref="7594012237"/>
    <nd ref="7594012238"/>
    <nd ref="7594012239"/>
    <nd ref="7616485682"/>
    <nd ref="7594012240"/>
    <nd ref="7594012235"/>
    <tag k="addr:city" v="Aberdeen"/>
    <tag k="addr:housenumber" v="10"/>
    <tag k="addr:postcode" v="AB24 1UX"/>
    <tag k="addr:street" v="Seaton Drive"/>
    <tag k="building" v="apartments"/>
    <tag k="building:levels" v="3"/>
    <tag k="roof:levels" v="0"/>
    <tag k="roof:shape" v="gabled"/>
  </way>
  <way id="813020771" version="3" timestamp="2023-11-10T12:28:34Z" changeset="143860890" uid="4988361" user="FlawOfAverages">
    <nd ref="7594012241"/>
    <nd ref="7594012235"/>
    <nd ref="7594012240"/>
    <nd ref="7594012242"/>
    <nd ref="7594012243"/>
    <nd ref="7594012244"/>
    <nd ref="7594012245"/>
    <nd ref="7594012246"/>
    <nd ref="7594012241"/>
    <tag k="addr:city" v="Aberdeen"/>
    <tag k="addr:housenumber" v="12"/>
    <tag k="addr:postcode" v="AB24 1UX"/>
    <tag k="addr:street" v="Seaton Drive"/>
    <tag k="building" v="apartments"/>
    <tag k="building:levels" v="3"/>
    <tag k="roof:levels" v="0"/>
    <tag k="roof:shape" v="gabled"/>
  </way>
  <way id="813020772" version="4" timestamp="2023-11-10T12:28:31Z" changeset="143860890" uid="4988361" user="FlawOfAverages">
    <nd ref="7594012247"/>
    <nd ref="7621183315"/>
    <nd ref="7621183317"/>
    <nd ref="7594012241"/>
    <nd ref="7594012246"/>
    <nd ref="7594012248"/>
    <nd ref="7594012249"/>
    <nd ref="7594012250"/>
    <nd ref="7594012251"/>
    <nd ref="7594012252"/>
    <nd ref="7594012247"/>
    <tag k="addr:city" v="Aberdeen"/>
    <tag k="addr:housenumber" v="14"/>
    <tag k="addr:postcode" v="AB24 1UX"/>
    <tag k="addr:street" v="Seaton Drive"/>
    <tag k="building" v="apartments"/>
    <tag k="building:levels" v="3"/>
    <tag k="roof:levels" v="0"/>
    <tag k="roof:shape" v="side_hipped"/>
  </way>
  <way id="813020773" version="3" timestamp="2023-11-10T12:26:15Z" changeset="143860890" uid="4988361" user="FlawOfAverages">
    <nd ref="7594012253"/>
    <nd ref="7594012254"/>
    <nd ref="7594012255"/>
    <nd ref="7594012256"/>
    <nd ref="7594012257"/>
    <nd ref="7594012258"/>
    <nd ref="7594012259"/>
    <nd ref="7594012260"/>
    <nd ref="7594012253"/>
    <tag k="addr:city" v="Aberdeen"/>
    <tag k="addr:housenumber" v="12"/>
    <tag k="addr:postcode" v="AB24 1TP"/>
    <tag k="addr:street" v="Seaton Road"/>
    <tag k="building" v="apartments"/>
    <tag k="building:levels" v="3"/>
    <tag k="roof:levels" v="0"/>
    <tag k="roof:shape" v="gabled"/>
  </way>
  <way id="813020774" version="3" timestamp="2023-11-10T12:26:09Z" changeset="143860890" uid="4988361" user="FlawOfAverages">
    <nd ref="7594012261"/>
    <nd ref="7594012262"/>
    <nd ref="7594012263"/>
    <nd ref="7594012264"/>
    <nd ref="7594012265"/>
    <nd ref="7594012266"/>
    <nd ref="7594012267"/>
    <nd ref="7594012268"/>
    <nd ref="7594012261"/>
    <tag k="addr:city" v="Aberdeen"/>
    <tag k="addr:housenumber" v="8"/>
    <tag k="addr:postcode" v="AB24 1TP"/>
    <tag k="addr:street" v="Seaton Road"/>
    <tag k="building" v="apartments"/>
    <tag k="building:levels" v="3"/>
    <tag k="roof:levels" v="0"/>
    <tag k="roof:shape" v="gabled"/>
  </way>
  <way id="813020775" version="3" timestamp="2023-11-10T12:26:12Z" changeset="143860890" uid="4988361" user="FlawOfAverages">
    <nd ref="7594012254"/>
    <nd ref="7594012261"/>
    <nd ref="7594012268"/>
    <nd ref="7594012269"/>
    <nd ref="7594012270"/>
    <nd ref="7594012271"/>
    <nd ref="7594012272"/>
    <nd ref="7594012255"/>
    <nd ref="7594012254"/>
    <tag k="addr:city" v="Aberdeen"/>
    <tag k="addr:housenumber" v="10"/>
    <tag k="addr:postcode" v="AB24 1TP"/>
    <tag k="addr:street" v="Seaton Road"/>
    <tag k="building" v="apartments"/>
    <tag k="building:levels" v="3"/>
    <tag k="roof:levels" v="0"/>
    <tag k="roof:shape" v="gabled"/>
  </way>
  <way id="813020776" version="3" timestamp="2023-11-10T12:26:07Z" changeset="143860890" uid="4988361" user="FlawOfAverages">
    <nd ref="7594012262"/>
    <nd ref="7594012291"/>
    <nd ref="7594012296"/>
    <nd ref="7594012273"/>
    <nd ref="7594012274"/>
    <nd ref="7594012275"/>
    <nd ref="7594012276"/>
    <nd ref="7594012263"/>
    <nd ref="7594012262"/>
    <tag k="addr:city" v="Aberdeen"/>
    <tag k="addr:housenumber" v="6"/>
    <tag k="addr:postcode" v="AB24 1TP"/>
    <tag k="addr:street" v="Seaton Road"/>
    <tag k="building" v="apartments"/>
    <tag k="building:levels" v="3"/>
    <tag k="roof:levels" v="0"/>
    <tag k="roof:shape" v="gabled"/>
  </way>
  <way id="813020777" version="3" timestamp="2023-11-10T12:27:03Z" changeset="143860890" uid="4988361" user="FlawOfAverages">
    <nd ref="7594012277"/>
    <nd ref="7594012253"/>
    <nd ref="7594012260"/>
    <nd ref="7594012278"/>
    <nd ref="7594012279"/>
    <nd ref="7594012280"/>
    <nd ref="7594012281"/>
    <nd ref="7594012282"/>
    <nd ref="7594012277"/>
    <tag k="addr:city" v="Aberdeen"/>
    <tag k="addr:housenumber" v="14"/>
    <tag k="addr:postcode" v="AB24 1TP"/>
    <tag k="addr:street" v="Seaton Road"/>
    <tag k="building" v="apartments"/>
    <tag k="building:levels" v="3"/>
    <tag k="roof:levels" v="0"/>
    <tag k="roof:shape" v="side_hipped"/>
  </way>
  <way id="813020778" version="3" timestamp="2023-11-10T12:25:47Z" changeset="143860890" uid="4988361" user="FlawOfAverages">
    <nd ref="7594012283"/>
    <nd ref="7594012284"/>
    <nd ref="7594012285"/>
    <nd ref="7594012286"/>
    <nd ref="7594012287"/>
    <nd ref="7594012288"/>
    <nd ref="7594012289"/>
    <nd ref="7594012290"/>
    <nd ref="7594012283"/>
    <tag k="addr:city" v="Aberdeen"/>
    <tag k="addr:housenumber" v="2"/>
    <tag k="addr:postcode" v="AB24 1TP"/>
    <tag k="addr:street" v="Seaton Road"/>
    <tag k="building" v="apartments"/>
    <tag k="building:levels" v="3"/>
    <tag k="roof:levels" v="0"/>
    <tag k="roof:shape" v="side_hipped"/>
  </way>
  <way id="813020779" version="3" timestamp="2023-11-10T12:25:49Z" changeset="143860890" uid="4988361" user="FlawOfAverages">
    <nd ref="7594012291"/>
    <nd ref="7594012283"/>
    <nd ref="7594012290"/>
    <nd ref="7594012292"/>
    <nd ref="7594012293"/>
    <nd ref="7594012294"/>
    <nd ref="7594012295"/>
    <nd ref="7594012296"/>
    <nd ref="7594012291"/>
    <tag k="addr:city" v="Aberdeen"/>
    <tag k="addr:housenumber" v="4"/>
    <tag k="addr:postcode" v="AB24 1TP"/>
    <tag k="addr:street" v="Seaton Road"/>
    <tag k="building" v="apartments"/>
    <tag k="building:levels" v="3"/>
    <tag k="roof:levels" v="0"/>
    <tag k="roof:shape" v="gabled"/>
  </way>
  <way id="813020781" version="3" timestamp="2023-11-10T12:26:35Z" changeset="143860890" uid="4988361" user="FlawOfAverages">
    <nd ref="7594012305"/>
    <nd ref="7594012306"/>
    <nd ref="7594012307"/>
    <nd ref="7594012308"/>
    <nd ref="7594012309"/>
    <nd ref="7594012310"/>
    <nd ref="7594012311"/>
    <nd ref="7594012312"/>
    <nd ref="7594012305"/>
    <tag k="addr:city" v="Aberdeen"/>
    <tag k="addr:housenumber" v="13"/>
    <tag k="addr:postcode" v="AB24 1TS"/>
    <tag k="addr:street" v="Seaton Road"/>
    <tag k="building" v="apartments"/>
    <tag k="building:levels" v="3"/>
    <tag k="roof:levels" v="0"/>
    <tag k="roof:shape" v="side_hipped"/>
  </way>
  <way id="813020782" version="3" timestamp="2023-11-10T12:26:30Z" changeset="143860890" uid="4988361" user="FlawOfAverages">
    <nd ref="7594012313"/>
    <nd ref="7594012314"/>
    <nd ref="7594012315"/>
    <nd ref="7594012316"/>
    <nd ref="7594012317"/>
    <nd ref="7594012318"/>
    <nd ref="7594012319"/>
    <nd ref="7594012320"/>
    <nd ref="7594012313"/>
    <tag k="addr:city" v="Aberdeen"/>
    <tag k="addr:housenumber" v="9"/>
    <tag k="addr:postcode" v="AB24 1TS"/>
    <tag k="addr:street" v="Seaton Road"/>
    <tag k="building" v="apartments"/>
    <tag k="building:levels" v="3"/>
    <tag k="roof:levels" v="0"/>
    <tag k="roof:shape" v="gabled"/>
  </way>
  <way id="813020783" version="3" timestamp="2023-11-10T12:26:33Z" changeset="143860890" uid="4988361" user="FlawOfAverages">
    <nd ref="7594012314"/>
    <nd ref="7594012305"/>
    <nd ref="7594012312"/>
    <nd ref="7594012321"/>
    <nd ref="7594012322"/>
    <nd ref="7594012323"/>
    <nd ref="7594012324"/>
    <nd ref="7594012315"/>
    <nd ref="7594012314"/>
    <tag k="addr:city" v="Aberdeen"/>
    <tag k="addr:housenumber" v="11"/>
    <tag k="addr:postcode" v="AB24 1TS"/>
    <tag k="addr:street" v="Seaton Road"/>
    <tag k="building" v="apartments"/>
    <tag k="building:levels" v="3"/>
    <tag k="roof:levels" v="0"/>
    <tag k="roof:shape" v="gabled"/>
  </way>
  <way id="813020784" version="3" timestamp="2023-11-10T12:26:27Z" changeset="143860890" uid="4988361" user="FlawOfAverages">
    <nd ref="7594012325"/>
    <nd ref="7594012313"/>
    <nd ref="7594012320"/>
    <nd ref="7594012326"/>
    <nd ref="7594012327"/>
    <nd ref="7594012328"/>
    <nd ref="7594012329"/>
    <nd ref="7594012330"/>
    <nd ref="7594012325"/>
    <tag k="addr:city" v="Aberdeen"/>
    <tag k="addr:housenumber" v="7"/>
    <tag k="addr:postcode" v="AB24 1TS"/>
    <tag k="addr:street" v="Seaton Road"/>
    <tag k="building" v="apartments"/>
    <tag k="building:levels" v="3"/>
    <tag k="roof:levels" v="0"/>
    <tag k="roof:shape" v="gabled"/>
  </way>
  <way id="813020785" version="3" timestamp="2023-11-10T12:26:24Z" changeset="143860890" uid="4988361" user="FlawOfAverages">
    <nd ref="7594012331"/>
    <nd ref="7594012325"/>
    <nd ref="7594012330"/>
    <nd ref="7594012332"/>
    <nd ref="7594012333"/>
    <nd ref="7594012334"/>
    <nd ref="7594012335"/>
    <nd ref="7594012336"/>
    <nd ref="7594012331"/>
    <tag k="addr:city" v="Aberdeen"/>
    <tag k="addr:housenumber" v="5"/>
    <tag k="addr:postcode" v="AB24 1TS"/>
    <tag k="addr:street" v="Seaton Road"/>
    <tag k="building" v="apartments"/>
    <tag k="building:levels" v="3"/>
    <tag k="roof:levels" v="0"/>
    <tag k="roof:shape" v="gabled"/>
  </way>
  <way id="813020786" version="3" timestamp="2023-11-10T12:26:04Z" changeset="143860890" uid="4988361" user="FlawOfAverages">
    <nd ref="7594012337"/>
    <nd ref="7594012331"/>
    <nd ref="7594012336"/>
    <nd ref="7594012338"/>
    <nd ref="7594012339"/>
    <nd ref="7594012340"/>
    <nd ref="7594012341"/>
    <nd ref="7594012342"/>
    <nd ref="7594012337"/>
    <tag k="addr:city" v="Aberdeen"/>
    <tag k="addr:housenumber" v="3"/>
    <tag k="addr:postcode" v="AB24 1TS"/>
    <tag k="addr:street" v="Seaton Road"/>
    <tag k="building" v="apartments"/>
    <tag k="building:levels" v="3"/>
    <tag k="roof:levels" v="0"/>
    <tag k="roof:shape" v="gabled"/>
  </way>
  <way id="813020787" version="3" timestamp="2023-11-10T12:26:01Z" changeset="143860890" uid="4988361" user="FlawOfAverages">
    <nd ref="7594012343"/>
    <nd ref="7594012337"/>
    <nd ref="7594012342"/>
    <nd ref="7594012344"/>
    <nd ref="7594012345"/>
    <nd ref="7594012346"/>
    <nd ref="7594012347"/>
    <nd ref="7594012348"/>
    <nd ref="7594012343"/>
    <tag k="addr:city" v="Aberdeen"/>
    <tag k="addr:housenumber" v="1"/>
    <tag k="addr:postcode" v="AB24 1TS"/>
    <tag k="addr:street" v="Seaton Road"/>
    <tag k="building" v="apartments"/>
    <tag k="building:levels" v="3"/>
    <tag k="roof:levels" v="0"/>
    <tag k="roof:shape" v="side_hipped"/>
  </way>
  <way id="813020788" version="3" timestamp="2023-11-10T12:28:17Z" changeset="143860890" uid="4988361" user="FlawOfAverages">
    <nd ref="7594012349"/>
    <nd ref="7594012350"/>
    <nd ref="7594012351"/>
    <nd ref="7594012352"/>
    <nd ref="7594012353"/>
    <nd ref="7594012354"/>
    <nd ref="7594012355"/>
    <nd ref="7594012356"/>
    <nd ref="7594012349"/>
    <tag k="addr:city" v="Aberdeen"/>
    <tag k="addr:housenumber" v="18"/>
    <tag k="addr:postcode" v="AB24 1UT"/>
    <tag k="addr:street" v="Seaton Drive"/>
    <tag k="building" v="apartments"/>
    <tag k="building:levels" v="3"/>
    <tag k="roof:levels" v="0"/>
    <tag k="roof:shape" v="side_hipped"/>
  </way>
  <way id="813020789" version="3" timestamp="2023-11-10T12:28:14Z" changeset="143860890" uid="4988361" user="FlawOfAverages">
    <nd ref="7594012350"/>
    <nd ref="7594012357"/>
    <nd ref="7594012358"/>
    <nd ref="7594012359"/>
    <nd ref="7594012360"/>
    <nd ref="7594012361"/>
    <nd ref="7594012362"/>
    <nd ref="7594012351"/>
    <nd ref="7594012350"/>
    <tag k="addr:city" v="Aberdeen"/>
    <tag k="addr:housenumber" v="16"/>
    <tag k="addr:postcode" v="AB24 1UT"/>
    <tag k="addr:street" v="Seaton Drive"/>
    <tag k="building" v="apartments"/>
    <tag k="building:levels" v="3"/>
    <tag k="roof:levels" v="0"/>
    <tag k="roof:shape" v="side_hipped"/>
  </way>
  <way id="813020790" version="3" timestamp="2024-01-31T23:51:13Z" changeset="146925462" uid="4988361" user="FlawOfAverages">
    <nd ref="7594012363"/>
    <nd ref="7594012365"/>
    <nd ref="7594012366"/>
    <nd ref="7594012367"/>
    <nd ref="7594012368"/>
    <nd ref="7594012369"/>
    <nd ref="7594012370"/>
    <nd ref="7594012364"/>
    <nd ref="7594012363"/>
    <tag k="addr:city" v="Aberdeen"/>
    <tag k="addr:housenumber" v="20"/>
    <tag k="addr:postcode" v="AB24 1US"/>
    <tag k="addr:street" v="Seaton Drive"/>
    <tag k="building" v="apartments"/>
    <tag k="building:levels" v="3"/>
    <tag k="roof:levels" v="0"/>
    <tag k="roof:shape" v="hipped"/>
  </way>
  <way id="813157376" version="3" timestamp="2024-01-25T13:26:30Z" changeset="146673598" uid="4988361" user="FlawOfAverages">
    <nd ref="7595547039"/>
    <nd ref="7595547040"/>
    <nd ref="7595547041"/>
    <nd ref="7595547042"/>
    <nd ref="7595547043"/>
    <nd ref="7595547044"/>
    <nd ref="7595547045"/>
    <nd ref="7595547046"/>
    <nd ref="7595547039"/>
    <tag k="addr:city" v="Aberdeen"/>
    <tag k="addr:housenumber" v="21"/>
    <tag k="addr:postcode" v="AB24 1TR"/>
    <tag k="addr:street" v="Seaton Road"/>
    <tag k="building" v="apartments"/>
    <tag k="building:levels" v="3"/>
    <tag k="roof:levels" v="0"/>
    <tag k="roof:shape" v="side_hipped"/>
  </way>
  <way id="813157377" version="3" timestamp="2024-01-25T13:26:33Z" changeset="146673598" uid="4988361" user="FlawOfAverages">
    <nd ref="7595547047"/>
    <nd ref="7595547039"/>
    <nd ref="7595547046"/>
    <nd ref="7595547048"/>
    <nd ref="7595547049"/>
    <nd ref="7595547050"/>
    <nd ref="7595547051"/>
    <nd ref="7595547052"/>
    <nd ref="7595547047"/>
    <tag k="addr:city" v="Aberdeen"/>
    <tag k="addr:housenumber" v="19"/>
    <tag k="addr:postcode" v="AB24 1TR"/>
    <tag k="addr:street" v="Seaton Road"/>
    <tag k="building" v="apartments"/>
    <tag k="building:levels" v="3"/>
    <tag k="roof:levels" v="0"/>
    <tag k="roof:shape" v="gabled"/>
  </way>
  <way id="813157378" version="3" timestamp="2024-01-25T13:26:36Z" changeset="146673598" uid="4988361" user="FlawOfAverages">
    <nd ref="7595547053"/>
    <nd ref="7595547047"/>
    <nd ref="7595547052"/>
    <nd ref="7595547054"/>
    <nd ref="7595547055"/>
    <nd ref="7595547056"/>
    <nd ref="7595547057"/>
    <nd ref="7595547058"/>
    <nd ref="7595547053"/>
    <tag k="addr:city" v="Aberdeen"/>
    <tag k="addr:housenumber" v="17"/>
    <tag k="addr:postcode" v="AB24 1TR"/>
    <tag k="addr:street" v="Seaton Road"/>
    <tag k="building" v="apartments"/>
    <tag k="building:levels" v="3"/>
    <tag k="roof:levels" v="0"/>
    <tag k="roof:shape" v="gabled"/>
  </way>
  <way id="813157379" version="3" timestamp="2024-01-25T13:26:40Z" changeset="146673598" uid="4988361" user="FlawOfAverages">
    <nd ref="7595547059"/>
    <nd ref="7595547053"/>
    <nd ref="7595547058"/>
    <nd ref="7595547060"/>
    <nd ref="7595547061"/>
    <nd ref="7595547062"/>
    <nd ref="7595547063"/>
    <nd ref="7595547064"/>
    <nd ref="7595547059"/>
    <tag k="addr:city" v="Aberdeen"/>
    <tag k="addr:housenumber" v="15"/>
    <tag k="addr:postcode" v="AB24 1TR"/>
    <tag k="addr:street" v="Seaton Road"/>
    <tag k="building" v="apartments"/>
    <tag k="building:levels" v="3"/>
    <tag k="roof:levels" v="0"/>
    <tag k="roof:shape" v="side_hipped"/>
  </way>
  <way id="813157380" version="3" timestamp="2023-11-10T12:27:43Z" changeset="143860890" uid="4988361" user="FlawOfAverages">
    <nd ref="7595547065"/>
    <nd ref="7595547066"/>
    <nd ref="7595547067"/>
    <nd ref="7595547068"/>
    <nd ref="7595547069"/>
    <nd ref="7595547070"/>
    <nd ref="7595547071"/>
    <nd ref="7595547072"/>
    <nd ref="7595547065"/>
    <tag k="addr:city" v="Aberdeen"/>
    <tag k="addr:housenumber" v="20"/>
    <tag k="addr:postcode" v="AB24 1TQ"/>
    <tag k="addr:street" v="Seaton Road"/>
    <tag k="building" v="apartments"/>
    <tag k="building:levels" v="3"/>
    <tag k="roof:levels" v="0"/>
    <tag k="roof:shape" v="side_hipped"/>
  </way>
  <way id="813157381" version="3" timestamp="2023-11-10T12:27:40Z" changeset="143860890" uid="4988361" user="FlawOfAverages">
    <nd ref="7595547066"/>
    <nd ref="7595547073"/>
    <nd ref="7595547074"/>
    <nd ref="7595547075"/>
    <nd ref="7595547076"/>
    <nd ref="7595547077"/>
    <nd ref="7595547078"/>
    <nd ref="7595547067"/>
    <nd ref="7595547066"/>
    <tag k="addr:city" v="Aberdeen"/>
    <tag k="addr:housenumber" v="18"/>
    <tag k="addr:postcode" v="AB24 1TQ"/>
    <tag k="addr:street" v="Seaton Road"/>
    <tag k="building" v="apartments"/>
    <tag k="building:levels" v="3"/>
    <tag k="roof:levels" v="0"/>
    <tag k="roof:shape" v="gabled"/>
  </way>
  <way id="813157382" version="4" timestamp="2023-11-10T12:27:38Z" changeset="143860890" uid="4988361" user="FlawOfAverages">
    <nd ref="7595547073"/>
    <nd ref="7595547079"/>
    <nd ref="7617133490"/>
    <nd ref="7595547080"/>
    <nd ref="7595547081"/>
    <nd ref="7595547082"/>
    <nd ref="7595547083"/>
    <nd ref="7595547084"/>
    <nd ref="7595547074"/>
    <nd ref="7595547073"/>
    <tag k="addr:city" v="Aberdeen"/>
    <tag k="addr:housenumber" v="16"/>
    <tag k="addr:postcode" v="AB24 1TQ"/>
    <tag k="addr:street" v="Seaton Road"/>
    <tag k="building" v="apartments"/>
    <tag k="building:levels" v="3"/>
    <tag k="roof:levels" v="0"/>
    <tag k="roof:shape" v="side_hipped"/>
  </way>
  <way id="813157383" version="3" timestamp="2023-11-10T12:27:51Z" changeset="143860890" uid="4988361" user="FlawOfAverages">
    <nd ref="7595563385"/>
    <nd ref="7595563386"/>
    <nd ref="7595563387"/>
    <nd ref="7595563388"/>
    <nd ref="7595563389"/>
    <nd ref="7595563390"/>
    <nd ref="7595563391"/>
    <nd ref="7595563392"/>
    <nd ref="7595563385"/>
    <tag k="addr:city" v="Aberdeen"/>
    <tag k="addr:housenumber" v="32"/>
    <tag k="addr:postcode" v="AB24 1XJ"/>
    <tag k="addr:street" v="Seaton Place East"/>
    <tag k="building" v="apartments"/>
    <tag k="building:levels" v="3"/>
    <tag k="roof:levels" v="0"/>
    <tag k="roof:shape" v="side_hipped"/>
  </way>
  <way id="813157384" version="3" timestamp="2023-11-10T12:27:48Z" changeset="143860890" uid="4988361" user="FlawOfAverages">
    <nd ref="7595563386"/>
    <nd ref="7595563393"/>
    <nd ref="7595563394"/>
    <nd ref="7595563395"/>
    <nd ref="7595563396"/>
    <nd ref="7595563397"/>
    <nd ref="7595563398"/>
    <nd ref="7595563387"/>
    <nd ref="7595563386"/>
    <tag k="addr:city" v="Aberdeen"/>
    <tag k="addr:housenumber" v="30"/>
    <tag k="addr:postcode" v="AB24 1XJ"/>
    <tag k="addr:street" v="Seaton Place East"/>
    <tag k="building" v="apartments"/>
    <tag k="building:levels" v="3"/>
    <tag k="roof:levels" v="0"/>
    <tag k="roof:shape" v="gabled"/>
  </way>
  <way id="813157385" version="3" timestamp="2023-11-10T12:27:46Z" changeset="143860890" uid="4988361" user="FlawOfAverages">
    <nd ref="7595563393"/>
    <nd ref="7595563399"/>
    <nd ref="7595563400"/>
    <nd ref="7595563401"/>
    <nd ref="7595563402"/>
    <nd ref="7595563403"/>
    <nd ref="7595563404"/>
    <nd ref="7595563394"/>
    <nd ref="7595563393"/>
    <tag k="addr:city" v="Aberdeen"/>
    <tag k="addr:housenumber" v="28"/>
    <tag k="addr:postcode" v="AB24 1XJ"/>
    <tag k="addr:street" v="Seaton Place East"/>
    <tag k="building" v="apartments"/>
    <tag k="building:levels" v="3"/>
    <tag k="roof:levels" v="0"/>
    <tag k="roof:shape" v="side_hipped"/>
  </way>
  <way id="813157386" version="3" timestamp="2023-11-10T12:27:35Z" changeset="143860890" uid="4988361" user="FlawOfAverages">
    <nd ref="7595563405"/>
    <nd ref="7595563406"/>
    <nd ref="7595563407"/>
    <nd ref="7595563408"/>
    <nd ref="7595563409"/>
    <nd ref="7595563410"/>
    <nd ref="7595563411"/>
    <nd ref="7595563412"/>
    <nd ref="7595563405"/>
    <tag k="addr:city" v="Aberdeen"/>
    <tag k="addr:housenumber" v="19"/>
    <tag k="addr:postcode" v="AB24 1UR"/>
    <tag k="addr:street" v="Seaton Drive"/>
    <tag k="building" v="apartments"/>
    <tag k="building:levels" v="3"/>
    <tag k="roof:levels" v="0"/>
    <tag k="roof:shape" v="hipped"/>
  </way>
  <way id="813157387" version="3" timestamp="2023-11-10T12:28:07Z" changeset="143860890" uid="4988361" user="FlawOfAverages">
    <nd ref="7595563413"/>
    <nd ref="7595563414"/>
    <nd ref="7595563415"/>
    <nd ref="7595563416"/>
    <nd ref="7595563413"/>
    <tag k="addr:city" v="Aberdeen"/>
    <tag k="addr:housenumber" v="17"/>
    <tag k="addr:postcode" v="AB24 1UQ"/>
    <tag k="addr:street" v="Seaton Drive"/>
    <tag k="building" v="apartments"/>
    <tag k="building:levels" v="3"/>
    <tag k="roof:levels" v="0"/>
    <tag k="roof:shape" v="side_hipped"/>
  </way>
  <way id="813157388" version="3" timestamp="2023-11-10T12:28:12Z" changeset="143860890" uid="4988361" user="FlawOfAverages">
    <nd ref="7595563417"/>
    <nd ref="7595563413"/>
    <nd ref="7595563416"/>
    <nd ref="7595563418"/>
    <nd ref="7595563417"/>
    <tag k="addr:city" v="Aberdeen"/>
    <tag k="addr:housenumber" v="15"/>
    <tag k="addr:postcode" v="AB24 1UQ"/>
    <tag k="addr:street" v="Seaton Drive"/>
    <tag k="building" v="apartments"/>
    <tag k="building:levels" v="3"/>
    <tag k="roof:levels" v="0"/>
    <tag k="roof:shape" v="side_hipped"/>
  </way>
  <way id="813157389" version="3" timestamp="2023-11-10T12:28:27Z" changeset="143860890" uid="4988361" user="FlawOfAverages">
    <nd ref="7595563419"/>
    <nd ref="7595563423"/>
    <nd ref="7595563426"/>
    <nd ref="7595563420"/>
    <nd ref="7595563419"/>
    <tag k="addr:city" v="Aberdeen"/>
    <tag k="addr:housenumber" v="11"/>
    <tag k="addr:postcode" v="AB24 1UP"/>
    <tag k="addr:street" v="Seaton Drive"/>
    <tag k="building" v="apartments"/>
    <tag k="building:levels" v="3"/>
    <tag k="roof:levels" v="0"/>
    <tag k="roof:shape" v="gabled"/>
  </way>
  <way id="813157390" version="4" timestamp="2023-11-10T12:29:29Z" changeset="143860890" uid="4988361" user="FlawOfAverages">
    <nd ref="7595563421"/>
    <nd ref="7595563419"/>
    <nd ref="7595563420"/>
    <nd ref="7595563422"/>
    <nd ref="7595563421"/>
    <tag k="addr:city" v="Aberdeen"/>
    <tag k="addr:housenumber" v="9"/>
    <tag k="addr:postcode" v="AB24 1UP"/>
    <tag k="addr:street" v="Seaton Drive"/>
    <tag k="building" v="apartments"/>
    <tag k="building:levels" v="3"/>
    <tag k="roof:levels" v="0"/>
    <tag k="roof:shape" v="side_hipped"/>
  </way>
  <way id="813157391" version="4" timestamp="2023-11-10T12:28:24Z" changeset="143860890" uid="4988361" user="FlawOfAverages">
    <nd ref="7595563423"/>
    <nd ref="7595563424"/>
    <nd ref="7595563425"/>
    <nd ref="7595563426"/>
    <nd ref="7595563423"/>
    <tag k="addr:city" v="Aberdeen"/>
    <tag k="addr:housenumber" v="13"/>
    <tag k="addr:postcode" v="AB24 1UP"/>
    <tag k="addr:street" v="Seaton Drive"/>
    <tag k="building" v="apartments"/>
    <tag k="building:levels" v="3"/>
    <tag k="roof:levels" v="0"/>
    <tag k="roof:shape" v="side_hipped"/>
  </way>
  <way id="813157392" version="1" timestamp="2020-06-05T12:32:53Z" changeset="86245203" uid="10259484" user="calibase">
    <nd ref="7595563427"/>
    <nd ref="7595563428"/>
    <nd ref="7595563429"/>
    <nd ref="7595563430"/>
    <nd ref="7595563431"/>
    <nd ref="7595563432"/>
    <nd ref="7595563433"/>
    <nd ref="7595563434"/>
    <nd ref="7595563427"/>
    <tag k="addr:city" v="Aberdeen"/>
    <tag k="addr:housenumber" v="26"/>
    <tag k="addr:postcode" v="AB24 1XH"/>
    <tag k="addr:street" v="Seaton Place East"/>
    <tag k="building" v="apartments"/>
    <tag k="building:levels" v="3"/>
  </way>
  <way id="813157393" version="3" timestamp="2024-01-25T13:25:40Z" changeset="146673598" uid="4988361" user="FlawOfAverages">
    <nd ref="7595563428"/>
    <nd ref="7595563435"/>
    <nd ref="7595563436"/>
    <nd ref="7595563437"/>
    <nd ref="7595563438"/>
    <nd ref="7595563439"/>
    <nd ref="7595563440"/>
    <nd ref="7595563429"/>
    <nd ref="7595563428"/>
    <tag k="addr:city" v="Aberdeen"/>
    <tag k="addr:housenumber" v="24"/>
    <tag k="addr:postcode" v="AB24 1XH"/>
    <tag k="addr:street" v="Seaton Place East"/>
    <tag k="building" v="apartments"/>
    <tag k="building:levels" v="3"/>
    <tag k="roof:levels" v="0"/>
    <tag k="roof:shape" v="gabled"/>
  </way>
  <way id="813157394" version="1" timestamp="2020-06-05T12:32:53Z" changeset="86245203" uid="10259484" user="calibase">
    <nd ref="7595563441"/>
    <nd ref="7595563442"/>
    <nd ref="7595563443"/>
    <nd ref="7595563444"/>
    <nd ref="7595563445"/>
    <nd ref="7595563446"/>
    <nd ref="7595563447"/>
    <nd ref="7595563448"/>
    <nd ref="7595563441"/>
    <tag k="addr:city" v="Aberdeen"/>
    <tag k="addr:housenumber" v="20"/>
    <tag k="addr:postcode" v="AB24 1XH"/>
    <tag k="addr:street" v="Seaton Place East"/>
    <tag k="building" v="apartments"/>
    <tag k="building:levels" v="3"/>
  </way>
  <way id="813157395" version="3" timestamp="2024-01-25T13:25:37Z" changeset="146673598" uid="4988361" user="FlawOfAverages">
    <nd ref="7595563435"/>
    <nd ref="7595563441"/>
    <nd ref="7595563448"/>
    <nd ref="7595563449"/>
    <nd ref="7595563450"/>
    <nd ref="7595563451"/>
    <nd ref="7595563452"/>
    <nd ref="7595563436"/>
    <nd ref="7595563435"/>
    <tag k="addr:city" v="Aberdeen"/>
    <tag k="addr:housenumber" v="22"/>
    <tag k="addr:postcode" v="AB24 1XH"/>
    <tag k="addr:street" v="Seaton Place East"/>
    <tag k="building" v="apartments"/>
    <tag k="building:levels" v="3"/>
    <tag k="roof:levels" v="0"/>
    <tag k="roof:shape" v="gabled"/>
  </way>
  <way id="813157396" version="3" timestamp="2024-01-25T13:25:13Z" changeset="146673598" uid="4988361" user="FlawOfAverages">
    <nd ref="7595563453"/>
    <nd ref="7595563454"/>
    <nd ref="7595563455"/>
    <nd ref="7595563456"/>
    <nd ref="7595563453"/>
    <tag k="addr:city" v="Aberdeen"/>
    <tag k="addr:housenumber" v="16"/>
    <tag k="addr:postcode" v="AB24 1XH"/>
    <tag k="addr:street" v="Seaton Place East"/>
    <tag k="building" v="apartments"/>
    <tag k="building:levels" v="3"/>
    <tag k="roof:levels" v="0"/>
    <tag k="roof:shape" v="gabled"/>
  </way>
  <way id="813157397" version="3" timestamp="2024-01-25T13:24:32Z" changeset="146673598" uid="4988361" user="FlawOfAverages">
    <nd ref="7595563457"/>
    <nd ref="7595563458"/>
    <nd ref="7595563460"/>
    <nd ref="7595563459"/>
    <nd ref="7595563457"/>
    <tag k="addr:city" v="Aberdeen"/>
    <tag k="addr:housenumber" v="8"/>
    <tag k="addr:postcode" v="AB24 1XE"/>
    <tag k="addr:street" v="Seaton Place East"/>
    <tag k="building" v="apartments"/>
    <tag k="building:levels" v="3"/>
    <tag k="roof:levels" v="0"/>
    <tag k="roof:shape" v="side_hipped"/>
  </way>
  <way id="813157398" version="5" timestamp="2024-01-25T13:24:43Z" changeset="146673598" uid="4988361" user="FlawOfAverages">
    <nd ref="7595563459"/>
    <nd ref="7595563460"/>
    <nd ref="7618304662"/>
    <nd ref="7595646962"/>
    <nd ref="7595563462"/>
    <nd ref="7595563461"/>
    <nd ref="7595646960"/>
    <nd ref="7618304656"/>
    <nd ref="7595563459"/>
    <tag k="addr:city" v="Aberdeen"/>
    <tag k="addr:housenumber" v="10"/>
    <tag k="addr:postcode" v="AB24 1XE"/>
    <tag k="addr:street" v="Seaton Place East"/>
    <tag k="building" v="apartments"/>
    <tag k="building:levels" v="4"/>
    <tag k="roof:levels" v="0"/>
    <tag k="roof:shape" v="gabled"/>
  </way>
  <way id="813157399" version="3" timestamp="2024-01-25T13:24:50Z" changeset="146673598" uid="4988361" user="FlawOfAverages">
    <nd ref="7595563461"/>
    <nd ref="7595563462"/>
    <nd ref="7595563464"/>
    <nd ref="7595563463"/>
    <nd ref="7595563461"/>
    <tag k="addr:city" v="Aberdeen"/>
    <tag k="addr:housenumber" v="12"/>
    <tag k="addr:postcode" v="AB24 1XE"/>
    <tag k="addr:street" v="Seaton Place East"/>
    <tag k="building" v="apartments"/>
    <tag k="building:levels" v="4"/>
    <tag k="roof:levels" v="0"/>
    <tag k="roof:shape" v="side_hipped"/>
  </way>
  <way id="813157400" version="3" timestamp="2024-01-25T13:25:01Z" changeset="146673598" uid="4988361" user="FlawOfAverages">
    <nd ref="7595563463"/>
    <nd ref="7595563464"/>
    <nd ref="7595563467"/>
    <nd ref="7595563468"/>
    <nd ref="7595563469"/>
    <nd ref="7595563470"/>
    <nd ref="7595563465"/>
    <nd ref="7595563466"/>
    <nd ref="7595563463"/>
    <tag k="addr:city" v="Aberdeen"/>
    <tag k="addr:housenumber" v="14"/>
    <tag k="addr:postcode" v="AB24 1XE"/>
    <tag k="addr:street" v="Seaton Place East"/>
    <tag k="building" v="apartments"/>
    <tag k="building:levels" v="3"/>
    <tag k="roof:levels" v="0"/>
    <tag k="roof:shape" v="gabled"/>
  </way>
  <way id="813157401" version="4" timestamp="2024-01-25T13:22:27Z" changeset="146673598" uid="4988361" user="FlawOfAverages">
    <nd ref="7595563471"/>
    <nd ref="7595563472"/>
    <nd ref="7595563473"/>
    <nd ref="7595563474"/>
    <nd ref="7595563475"/>
    <nd ref="7595563476"/>
    <nd ref="7595563518"/>
    <nd ref="7595563477"/>
    <nd ref="7617212092"/>
    <nd ref="7595563478"/>
    <nd ref="7595563479"/>
    <nd ref="7595563480"/>
    <nd ref="7595563481"/>
    <nd ref="7595563482"/>
    <nd ref="7595563471"/>
    <tag k="addr:city" v="Aberdeen"/>
    <tag k="addr:housenumber" v="14-19"/>
    <tag k="addr:postcode" v="AB24 1SG"/>
    <tag k="addr:street" v="Seaton Walk"/>
    <tag k="building" v="apartments"/>
    <tag k="building:levels" v="3"/>
    <tag k="roof:levels" v="0"/>
    <tag k="roof:shape" v="gabled"/>
  </way>
  <way id="813157402" version="3" timestamp="2024-01-25T13:22:31Z" changeset="146673598" uid="4988361" user="FlawOfAverages">
    <nd ref="7595563505"/>
    <nd ref="7595563483"/>
    <nd ref="7595563484"/>
    <nd ref="7595563485"/>
    <nd ref="7595563486"/>
    <nd ref="7595563487"/>
    <nd ref="7595563488"/>
    <nd ref="7595563489"/>
    <nd ref="7595563490"/>
    <nd ref="7595563491"/>
    <nd ref="7595563492"/>
    <nd ref="7595563493"/>
    <nd ref="7595563499"/>
    <nd ref="7595563505"/>
    <tag k="addr:city" v="Aberdeen"/>
    <tag k="addr:housenumber" v="10-13"/>
    <tag k="addr:postcode" v="AB24 1SG"/>
    <tag k="addr:street" v="Seaton Walk"/>
    <tag k="building" v="apartments"/>
    <tag k="building:levels" v="2"/>
    <tag k="roof:levels" v="0"/>
    <tag k="roof:shape" v="gabled"/>
  </way>
  <way id="813157403" version="4" timestamp="2024-01-25T13:22:35Z" changeset="146673598" uid="4988361" user="FlawOfAverages">
    <nd ref="7595563511"/>
    <nd ref="7595563494"/>
    <nd ref="7595563495"/>
    <nd ref="7595563496"/>
    <nd ref="7595563497"/>
    <nd ref="10728964954"/>
    <nd ref="7595563498"/>
    <nd ref="7595563505"/>
    <nd ref="7595563499"/>
    <nd ref="10728964955"/>
    <nd ref="7595563500"/>
    <nd ref="7595563501"/>
    <nd ref="7595563502"/>
    <nd ref="7595563503"/>
    <nd ref="7595563504"/>
    <nd ref="7595563512"/>
    <nd ref="7595563511"/>
    <tag k="addr:city" v="Aberdeen"/>
    <tag k="addr:housenumber" v="5-9"/>
    <tag k="addr:postcode" v="AB24 1SG"/>
    <tag k="addr:street" v="Seaton Walk"/>
    <tag k="building" v="apartments"/>
    <tag k="building:levels" v="3"/>
    <tag k="roof:levels" v="0"/>
    <tag k="roof:shape" v="gabled"/>
  </way>
  <way id="813157404" version="3" timestamp="2023-06-01T11:59:18Z" changeset="136827926" uid="4988361" user="FlawOfAverages">
    <nd ref="7595563506"/>
    <nd ref="7595563507"/>
    <nd ref="7595563508"/>
    <nd ref="7595563509"/>
    <nd ref="7595563510"/>
    <nd ref="7595563511"/>
    <nd ref="7595563512"/>
    <nd ref="7595563513"/>
    <nd ref="7595563514"/>
    <nd ref="7595563515"/>
    <nd ref="7595563516"/>
    <nd ref="7595563517"/>
    <nd ref="7595563506"/>
    <tag k="addr:city" v="Aberdeen"/>
    <tag k="addr:housenumber" v="1-4"/>
    <tag k="addr:postcode" v="AB24 1SG"/>
    <tag k="addr:street" v="Seaton Walk"/>
    <tag k="building" v="apartments"/>
    <tag k="building:levels" v="2"/>
    <tag k="roof:levels" v="0"/>
    <tag k="roof:shape" v="gabled"/>
  </way>
  <way id="813157405" version="3" timestamp="2024-01-25T13:22:15Z" changeset="146673598" uid="4988361" user="FlawOfAverages">
    <nd ref="7595563518"/>
    <nd ref="7595563476"/>
    <nd ref="7595563519"/>
    <nd ref="7595563520"/>
    <nd ref="7595563521"/>
    <nd ref="7595563522"/>
    <nd ref="7595563540"/>
    <nd ref="7595563539"/>
    <nd ref="7595563523"/>
    <nd ref="7595563524"/>
    <nd ref="7595563525"/>
    <nd ref="7595563526"/>
    <nd ref="7595563527"/>
    <nd ref="7595563528"/>
    <nd ref="7595563518"/>
    <tag k="addr:city" v="Aberdeen"/>
    <tag k="addr:housenumber" v="20-23"/>
    <tag k="addr:postcode" v="AB24 1SG"/>
    <tag k="addr:street" v="Seaton Walk"/>
    <tag k="building" v="apartments"/>
    <tag k="building:levels" v="4"/>
    <tag k="roof:levels" v="0"/>
    <tag k="roof:shape" v="gabled"/>
  </way>
  <way id="813157406" version="3" timestamp="2024-01-25T13:21:59Z" changeset="146673598" uid="4988361" user="FlawOfAverages">
    <nd ref="7595563529"/>
    <nd ref="7595563530"/>
    <nd ref="7595563531"/>
    <nd ref="7595563532"/>
    <nd ref="7595563533"/>
    <nd ref="7595563546"/>
    <nd ref="7595563544"/>
    <nd ref="7595563534"/>
    <nd ref="7595563535"/>
    <nd ref="7595563536"/>
    <nd ref="7595563537"/>
    <nd ref="7595563538"/>
    <nd ref="7595563539"/>
    <nd ref="7595563540"/>
    <nd ref="7595563529"/>
    <tag k="addr:city" v="Aberdeen"/>
    <tag k="addr:housenumber" v="24-29"/>
    <tag k="addr:postcode" v="AB24 1SG"/>
    <tag k="addr:street" v="Seaton Walk"/>
    <tag k="building" v="apartments"/>
    <tag k="building:levels" v="3"/>
    <tag k="roof:levels" v="0"/>
    <tag k="roof:shape" v="gabled"/>
  </way>
  <way id="813157407" version="3" timestamp="2024-01-25T13:22:04Z" changeset="146673598" uid="4988361" user="FlawOfAverages">
    <nd ref="7595563541"/>
    <nd ref="7595563557"/>
    <nd ref="7595563558"/>
    <nd ref="7595563542"/>
    <nd ref="7595563543"/>
    <nd ref="7595563546"/>
    <nd ref="7595563544"/>
    <nd ref="7595563545"/>
    <nd ref="7595563541"/>
    <tag k="addr:city" v="Aberdeen"/>
    <tag k="addr:housenumber" v="30-40"/>
    <tag k="addr:postcode" v="AB24 1SH"/>
    <tag k="addr:street" v="Seaton Walk"/>
    <tag k="building" v="apartments"/>
    <tag k="building:levels" v="4"/>
    <tag k="roof:levels" v="0"/>
    <tag k="roof:shape" v="gabled"/>
  </way>
  <way id="813157408" version="3" timestamp="2024-01-25T13:21:47Z" changeset="146673598" uid="4988361" user="FlawOfAverages">
    <nd ref="7595563547"/>
    <nd ref="7595563548"/>
    <nd ref="7595563549"/>
    <nd ref="7595563550"/>
    <nd ref="7595563551"/>
    <nd ref="7595563552"/>
    <nd ref="7595563559"/>
    <nd ref="7595563571"/>
    <nd ref="7595563553"/>
    <nd ref="7595563554"/>
    <nd ref="7595563555"/>
    <nd ref="7595563556"/>
    <nd ref="7595563557"/>
    <nd ref="7595563558"/>
    <nd ref="7595563547"/>
    <tag k="addr:city" v="Aberdeen"/>
    <tag k="addr:housenumber" v="41-46"/>
    <tag k="addr:postcode" v="AB24 1SH"/>
    <tag k="addr:street" v="Seaton Walk"/>
    <tag k="building" v="apartments"/>
    <tag k="building:levels" v="3"/>
    <tag k="roof:levels" v="0"/>
    <tag k="roof:shape" v="gabled"/>
  </way>
  <way id="813157409" version="3" timestamp="2024-01-25T13:21:41Z" changeset="146673598" uid="4988361" user="FlawOfAverages">
    <nd ref="7595563559"/>
    <nd ref="7595563560"/>
    <nd ref="7595563561"/>
    <nd ref="7595563562"/>
    <nd ref="7595563563"/>
    <nd ref="7595563564"/>
    <nd ref="7595563572"/>
    <nd ref="7595563565"/>
    <nd ref="7595563566"/>
    <nd ref="7595563567"/>
    <nd ref="7595563568"/>
    <nd ref="7595563569"/>
    <nd ref="7595563570"/>
    <nd ref="7595563571"/>
    <nd ref="7595563559"/>
    <tag k="addr:city" v="Aberdeen"/>
    <tag k="addr:housenumber" v="47-54"/>
    <tag k="addr:postcode" v="AB24 1SH"/>
    <tag k="addr:street" v="Seaton Walk"/>
    <tag k="building" v="apartments"/>
    <tag k="building:levels" v="4"/>
    <tag k="roof:levels" v="0"/>
    <tag k="roof:shape" v="gabled"/>
  </way>
  <way id="813157410" version="4" timestamp="2023-06-01T11:59:52Z" changeset="136827926" uid="4988361" user="FlawOfAverages">
    <nd ref="7595563572"/>
    <nd ref="7595563573"/>
    <nd ref="7621183354"/>
    <nd ref="7621183349"/>
    <nd ref="7595563574"/>
    <nd ref="7595563575"/>
    <nd ref="7621183346"/>
    <nd ref="7595563576"/>
    <nd ref="7595563565"/>
    <nd ref="7595563572"/>
    <tag k="addr:city" v="Aberdeen"/>
    <tag k="addr:housenumber" v="55-62"/>
    <tag k="addr:postcode" v="AB24 1SH"/>
    <tag k="addr:street" v="Seaton Walk"/>
    <tag k="building" v="apartments"/>
    <tag k="building:levels" v="3"/>
    <tag k="roof:levels" v="0"/>
    <tag k="roof:shape" v="hipped"/>
  </way>
  <way id="813164708" version="4" timestamp="2021-09-16T18:07:02Z" changeset="111303625" uid="4988361" user="FlawOfAverages">
    <nd ref="7595646929"/>
    <nd ref="7595646930"/>
    <nd ref="7595646931"/>
    <nd ref="7595646932"/>
    <nd ref="7595646933"/>
    <nd ref="7595646934"/>
    <nd ref="7595646929"/>
    <tag k="addr:city" v="Aberdeen"/>
    <tag k="addr:housenumber" v="680"/>
    <tag k="addr:postcode" v="AB24 1SL"/>
    <tag k="addr:street" v="King Street"/>
    <tag k="building" v="office"/>
    <tag k="building:levels" v="3"/>
    <tag k="name" v="Langstane Housing Association"/>
    <tag k="office" v="property_management"/>
    <tag k="roof:shape" v="flat"/>
  </way>
  <way id="813235338" version="3" timestamp="2024-03-31T15:58:36Z" changeset="149397179" uid="4988361" user="FlawOfAverages">
    <nd ref="7596303195"/>
    <nd ref="9660182436"/>
    <nd ref="9660182437"/>
    <nd ref="9660182438"/>
    <nd ref="9660182439"/>
    <nd ref="7596303196"/>
    <nd ref="7596303197"/>
    <nd ref="7596303198"/>
    <nd ref="9660182433"/>
    <nd ref="9660182434"/>
    <nd ref="9660182435"/>
    <nd ref="9660182432"/>
    <nd ref="7596303199"/>
    <nd ref="7596303200"/>
    <nd ref="7596303201"/>
    <nd ref="7596303202"/>
    <nd ref="7596303195"/>
    <tag k="addr:city" v="Aberdeen"/>
    <tag k="addr:housenumber" v="696"/>
    <tag k="addr:postcode" v="AB24 1SJ"/>
    <tag k="addr:street" v="King Street"/>
    <tag k="amenity" v="place_of_worship"/>
    <tag k="building" v="church"/>
    <tag k="email" v="stniniansaberdeen@gmail.com"/>
    <tag k="name" v="St Ninian's Church"/>
    <tag k="religion" v="christian"/>
    <tag k="website" v="https://stniniansaberdeen.aodiocese.org.uk/"/>
  </way>
  <way id="813235339" version="2" timestamp="2022-04-12T07:35:02Z" changeset="119608121" uid="4988361" user="FlawOfAverages">
    <nd ref="7596303203"/>
    <nd ref="7596303204"/>
    <nd ref="7596303205"/>
    <nd ref="7596303206"/>
    <nd ref="7596303207"/>
    <nd ref="7596303208"/>
    <nd ref="7596303209"/>
    <nd ref="7596303210"/>
    <nd ref="7596303211"/>
    <nd ref="7596303212"/>
    <nd ref="7596303213"/>
    <nd ref="7596303214"/>
    <nd ref="7596303215"/>
    <nd ref="7596303216"/>
    <nd ref="7596303217"/>
    <nd ref="7596303218"/>
    <nd ref="7596303219"/>
    <nd ref="7596303220"/>
    <nd ref="7596303221"/>
    <nd ref="7596303222"/>
    <nd ref="7596303223"/>
    <nd ref="7596303224"/>
    <nd ref="7596303225"/>
    <nd ref="7596303226"/>
    <nd ref="7596303227"/>
    <nd ref="7596303229"/>
    <nd ref="7596303230"/>
    <nd ref="7596303231"/>
    <nd ref="7596303232"/>
    <nd ref="7596303233"/>
    <nd ref="7596303234"/>
    <nd ref="7596303235"/>
    <nd ref="7596303236"/>
    <nd ref="7596303237"/>
    <nd ref="7596303238"/>
    <nd ref="7596303239"/>
    <nd ref="7596303240"/>
    <nd ref="7596303241"/>
    <nd ref="7596303242"/>
    <nd ref="7596303243"/>
    <nd ref="7596303244"/>
    <nd ref="7596303245"/>
    <nd ref="7596303246"/>
    <nd ref="7596303247"/>
    <nd ref="7596303248"/>
    <nd ref="7596303249"/>
    <nd ref="7596303250"/>
    <nd ref="7596303251"/>
    <nd ref="7596303252"/>
    <nd ref="7596303253"/>
    <nd ref="7596303254"/>
    <nd ref="7596303255"/>
    <nd ref="7596303256"/>
    <nd ref="7596303257"/>
    <nd ref="7596303258"/>
    <nd ref="7596303259"/>
    <nd ref="7596303260"/>
    <nd ref="7596303261"/>
    <nd ref="7596303262"/>
    <nd ref="7596303263"/>
    <nd ref="7596303264"/>
    <nd ref="7596303265"/>
    <nd ref="7596303266"/>
    <nd ref="7596303267"/>
    <nd ref="7596303268"/>
    <nd ref="7596303269"/>
    <nd ref="7596303270"/>
    <nd ref="7596303271"/>
    <nd ref="7596303272"/>
    <nd ref="7596303273"/>
    <nd ref="7596303203"/>
    <tag k="addr:city" v="Aberdeen"/>
    <tag k="addr:country" v="GB"/>
    <tag k="addr:postcode" v="AB24 1SJ"/>
    <tag k="addr:street" v="King Street"/>
    <tag k="building" v="apartments"/>
    <tag k="building:levels" v="3"/>
    <tag k="name" v="Livingstone Court"/>
  </way>
  <way id="813235341" version="4" timestamp="2023-06-01T12:00:56Z" changeset="136827926" uid="4988361" user="FlawOfAverages">
    <nd ref="7596303278"/>
    <nd ref="7596303279"/>
    <nd ref="7596303280"/>
    <nd ref="7596303281"/>
    <nd ref="7618260738"/>
    <nd ref="7596303278"/>
    <tag k="addr:city" v="Aberdeen"/>
    <tag k="addr:housenumber" v="694"/>
    <tag k="addr:postcode" v="AB24 1SJ"/>
    <tag k="addr:street" v="King Street"/>
    <tag k="building" v="house"/>
    <tag k="building:levels" v="1"/>
    <tag k="roof:levels" v="1"/>
    <tag k="roof:shape" v="gabled"/>
  </way>
  <way id="813235342" version="7" timestamp="2023-06-01T12:00:53Z" changeset="136827926" uid="4988361" user="FlawOfAverages">
    <nd ref="7596303279"/>
    <nd ref="7596303282"/>
    <nd ref="7596303283"/>
    <nd ref="7596303284"/>
    <nd ref="7596303285"/>
    <nd ref="7596303286"/>
    <nd ref="7596303287"/>
    <nd ref="7596303280"/>
    <nd ref="7596303279"/>
    <tag k="abandoned:building" v="pub"/>
    <tag k="addr:city" v="Aberdeen"/>
    <tag k="addr:housenumber" v="692"/>
    <tag k="addr:postcode" v="AB24 1SJ"/>
    <tag k="addr:street" v="King Street"/>
    <tag k="building" v="retail"/>
    <tag k="building:levels" v="1"/>
    <tag k="roof:levels" v="0"/>
    <tag k="roof:shape" v="gabled"/>
  </way>
  <way id="813235343" version="1" timestamp="2020-06-05T18:04:42Z" changeset="86256904" uid="10259484" user="calibase">
    <nd ref="7596303288"/>
    <nd ref="7596303289"/>
    <nd ref="7596303290"/>
    <nd ref="7596303291"/>
    <nd ref="7596303292"/>
    <nd ref="7596303293"/>
    <nd ref="7596303294"/>
    <nd ref="7596303295"/>
    <nd ref="7596303296"/>
    <nd ref="7596303288"/>
    <tag k="addr:city" v="Aberdeen"/>
    <tag k="addr:housenumber" v="5-7"/>
    <tag k="addr:postcode" v="AB24 1XE"/>
    <tag k="addr:street" v="Seaton Place East"/>
    <tag k="building" v="apartments"/>
    <tag k="building:levels" v="2"/>
  </way>
  <way id="813235344" version="1" timestamp="2020-06-05T18:04:42Z" changeset="86256904" uid="10259484" user="calibase">
    <nd ref="7596303288"/>
    <nd ref="7596303296"/>
    <nd ref="7596303295"/>
    <nd ref="7596303297"/>
    <nd ref="7596303298"/>
    <nd ref="7596303288"/>
    <tag k="addr:city" v="Aberdeen"/>
    <tag k="addr:housenumber" v="1-3"/>
    <tag k="addr:postcode" v="AB24 1XE"/>
    <tag k="addr:street" v="Seaton Place East"/>
    <tag k="building" v="apartments"/>
    <tag k="building:levels" v="2"/>
  </way>
  <way id="813235346" version="1" timestamp="2020-06-05T18:04:42Z" changeset="86256904" uid="10259484" user="calibase">
    <nd ref="7596303308"/>
    <nd ref="7596303309"/>
    <nd ref="7596303310"/>
    <nd ref="7596303311"/>
    <nd ref="7596303312"/>
    <nd ref="7596303313"/>
    <nd ref="7596303314"/>
    <nd ref="7596303315"/>
    <nd ref="7596303308"/>
    <tag k="addr:city" v="Aberdeen"/>
    <tag k="addr:housenumber" v="682"/>
    <tag k="addr:postcode" v="AB24 1SL"/>
    <tag k="addr:street" v="King Street"/>
    <tag k="building" v="apartments"/>
    <tag k="building:levels" v="4"/>
  </way>
  <way id="813235347" version="1" timestamp="2020-06-05T18:04:42Z" changeset="86256904" uid="10259484" user="calibase">
    <nd ref="7596303312"/>
    <nd ref="7596303316"/>
    <nd ref="7596303317"/>
    <nd ref="7596303318"/>
    <nd ref="7596303319"/>
    <nd ref="7596303311"/>
    <nd ref="7596303312"/>
    <tag k="addr:city" v="Aberdeen"/>
    <tag k="addr:housenumber" v="684"/>
    <tag k="addr:postcode" v="AB24 1SL"/>
    <tag k="addr:street" v="King Street"/>
    <tag k="building" v="apartments"/>
    <tag k="building:levels" v="3"/>
  </way>
  <way id="813235348" version="1" timestamp="2020-06-05T18:04:42Z" changeset="86256904" uid="10259484" user="calibase">
    <nd ref="7596303317"/>
    <nd ref="7596303320"/>
    <nd ref="7596303321"/>
    <nd ref="7596303322"/>
    <nd ref="7596303323"/>
    <nd ref="7596303324"/>
    <nd ref="7596303325"/>
    <nd ref="7596303318"/>
    <nd ref="7596303317"/>
    <tag k="addr:city" v="Aberdeen"/>
    <tag k="addr:housenumber" v="686"/>
    <tag k="addr:postcode" v="AB24 1SL"/>
    <tag k="addr:street" v="King Street"/>
    <tag k="building" v="apartments"/>
    <tag k="building:levels" v="4"/>
  </way>
  <way id="813235357" version="3" timestamp="2023-06-01T11:59:13Z" changeset="136827926" uid="4988361" user="FlawOfAverages">
    <nd ref="7596303436"/>
    <nd ref="7596303438"/>
    <nd ref="7596303441"/>
    <nd ref="7596303437"/>
    <nd ref="7596303436"/>
    <tag k="addr:city" v="Aberdeen"/>
    <tag k="addr:housenumber" v="660"/>
    <tag k="addr:postcode" v="AB24 1SL"/>
    <tag k="addr:street" v="King Street"/>
    <tag k="building" v="house"/>
    <tag k="building:levels" v="1"/>
    <tag k="roof:levels" v="1"/>
    <tag k="roof:shape" v="hipped"/>
  </way>
  <way id="813235358" version="3" timestamp="2023-06-01T11:59:06Z" changeset="136827926" uid="4988361" user="FlawOfAverages">
    <nd ref="7596303438"/>
    <nd ref="7596303439"/>
    <nd ref="7596303440"/>
    <nd ref="7596303441"/>
    <nd ref="7596303438"/>
    <tag k="addr:city" v="Aberdeen"/>
    <tag k="addr:housenumber" v="658"/>
    <tag k="addr:postcode" v="AB24 1SL"/>
    <tag k="addr:street" v="King Street"/>
    <tag k="building" v="house"/>
    <tag k="building:levels" v="1"/>
    <tag k="roof:levels" v="1"/>
    <tag k="roof:shape" v="hipped"/>
  </way>
  <way id="813235359" version="3" timestamp="2023-06-01T11:59:02Z" changeset="136827926" uid="4988361" user="FlawOfAverages">
    <nd ref="7596303442"/>
    <nd ref="7596303443"/>
    <nd ref="7596303444"/>
    <nd ref="7596303445"/>
    <nd ref="7596303446"/>
    <nd ref="7596303447"/>
    <nd ref="7596303448"/>
    <nd ref="7596303449"/>
    <nd ref="7596303450"/>
    <nd ref="7596303451"/>
    <nd ref="7596303442"/>
    <tag k="addr:city" v="Aberdeen"/>
    <tag k="addr:housenumber" v="656"/>
    <tag k="addr:postcode" v="AB24 1SL"/>
    <tag k="addr:street" v="King Street"/>
    <tag k="building" v="house"/>
    <tag k="building:levels" v="1"/>
    <tag k="roof:levels" v="0"/>
    <tag k="roof:shape" v="hipped"/>
  </way>
  <way id="813235360" version="3" timestamp="2023-11-10T12:30:30Z" changeset="143860890" uid="4988361" user="FlawOfAverages">
    <nd ref="7596303452"/>
    <nd ref="7595646943"/>
    <nd ref="7596303453"/>
    <nd ref="7596303454"/>
    <nd ref="7596303455"/>
    <nd ref="7596303456"/>
    <nd ref="7596303457"/>
    <nd ref="7596303458"/>
    <nd ref="7596303452"/>
    <tag k="addr:city" v="Aberdeen"/>
    <tag k="addr:housenumber" v="654"/>
    <tag k="addr:postcode" v="AB24 1SL"/>
    <tag k="addr:street" v="King Street"/>
    <tag k="building" v="apartments"/>
    <tag k="building:levels" v="2"/>
    <tag k="roof:levels" v="1"/>
    <tag k="roof:shape" v="double_saltbox"/>
  </way>
  <way id="813267241" version="5" timestamp="2023-06-01T11:58:34Z" changeset="136827926" uid="4988361" user="FlawOfAverages">
    <nd ref="7596623239"/>
    <nd ref="7596623240"/>
    <nd ref="7596623241"/>
    <nd ref="7596623242"/>
    <nd ref="7596623239"/>
    <tag k="addr:city" v="Aberdeen"/>
    <tag k="addr:housenumber" v="642-644"/>
    <tag k="addr:postcode" v="AB24 1SN"/>
    <tag k="addr:street" v="King Street"/>
    <tag k="building" v="apartments"/>
    <tag k="building:levels" v="2"/>
    <tag k="roof:levels" v="1"/>
    <tag k="roof:shape" v="gabled"/>
  </way>
  <way id="813267242" version="3" timestamp="2023-06-01T11:58:22Z" changeset="136827926" uid="4988361" user="FlawOfAverages">
    <nd ref="7596623243"/>
    <nd ref="7596623244"/>
    <nd ref="7596623245"/>
    <nd ref="7596623246"/>
    <nd ref="7596623243"/>
    <tag k="addr:city" v="Aberdeen"/>
    <tag k="addr:housenumber" v="638-640"/>
    <tag k="addr:postcode" v="AB24 1SN"/>
    <tag k="addr:street" v="King Street"/>
    <tag k="building" v="apartments"/>
    <tag k="building:levels" v="1"/>
    <tag k="roof:levels" v="1"/>
    <tag k="roof:shape" v="gabled"/>
  </way>
  <way id="813267243" version="3" timestamp="2023-06-01T11:57:59Z" changeset="136827926" uid="4988361" user="FlawOfAverages">
    <nd ref="7596623247"/>
    <nd ref="7596623248"/>
    <nd ref="7596623249"/>
    <nd ref="7596623250"/>
    <nd ref="7596623251"/>
    <nd ref="7596623252"/>
    <nd ref="7596623253"/>
    <nd ref="7596623254"/>
    <nd ref="7596623247"/>
    <tag k="addr:city" v="Aberdeen"/>
    <tag k="addr:housenumber" v="636"/>
    <tag k="addr:postcode" v="AB24 1SN"/>
    <tag k="addr:street" v="King Street"/>
    <tag k="building" v="apartments"/>
    <tag k="building:levels" v="1"/>
    <tag k="roof:levels" v="1"/>
    <tag k="roof:shape" v="gabled"/>
  </way>
  <way id="813267244" version="3" timestamp="2023-06-01T11:57:54Z" changeset="136827926" uid="4988361" user="FlawOfAverages">
    <nd ref="7596623255"/>
    <nd ref="7596623256"/>
    <nd ref="7596623257"/>
    <nd ref="7596623258"/>
    <nd ref="7596623255"/>
    <tag k="addr:city" v="Aberdeen"/>
    <tag k="addr:housenumber" v="632"/>
    <tag k="addr:postcode" v="AB24 1SN"/>
    <tag k="addr:street" v="King Street"/>
    <tag k="building" v="house"/>
    <tag k="building:levels" v="1"/>
    <tag k="roof:levels" v="1"/>
    <tag k="roof:shape" v="hipped"/>
  </way>
  <way id="813267245" version="3" timestamp="2023-06-01T11:57:48Z" changeset="136827926" uid="4988361" user="FlawOfAverages">
    <nd ref="7596623262"/>
    <nd ref="7596623259"/>
    <nd ref="7596623260"/>
    <nd ref="7596623263"/>
    <nd ref="7596623262"/>
    <tag k="addr:city" v="Aberdeen"/>
    <tag k="addr:housenumber" v="630"/>
    <tag k="addr:postcode" v="AB24 1SN"/>
    <tag k="addr:street" v="King Street"/>
    <tag k="building" v="house"/>
    <tag k="building:levels" v="1"/>
    <tag k="roof:levels" v="1"/>
    <tag k="roof:shape" v="hipped"/>
  </way>
  <way id="813267246" version="4" timestamp="2023-06-01T11:57:44Z" changeset="136827926" uid="4988361" user="FlawOfAverages">
    <nd ref="7596623261"/>
    <nd ref="7596623262"/>
    <nd ref="7596623263"/>
    <nd ref="7596623264"/>
    <nd ref="7621183275"/>
    <nd ref="7621183274"/>
    <nd ref="7596623261"/>
    <tag k="addr:city" v="Aberdeen"/>
    <tag k="addr:housenumber" v="628"/>
    <tag k="addr:postcode" v="AB24 1SN"/>
    <tag k="addr:street" v="King Street"/>
    <tag k="building" v="house"/>
    <tag k="building:levels" v="1"/>
    <tag k="roof:levels" v="1"/>
    <tag k="roof:shape" v="hipped"/>
  </way>
  <way id="813267247" version="4" timestamp="2023-06-01T11:57:40Z" changeset="136827926" uid="4988361" user="FlawOfAverages">
    <nd ref="7596623266"/>
    <nd ref="7596623267"/>
    <nd ref="7596623268"/>
    <nd ref="7596623269"/>
    <nd ref="7596623264"/>
    <nd ref="7621183275"/>
    <nd ref="7596623266"/>
    <tag k="addr:city" v="Aberdeen"/>
    <tag k="addr:housenumber" v="626"/>
    <tag k="addr:postcode" v="AB24 1SN"/>
    <tag k="addr:street" v="King Street"/>
    <tag k="building" v="house"/>
    <tag k="building:levels" v="1"/>
    <tag k="roof:levels" v="1"/>
    <tag k="roof:shape" v="gabled"/>
  </way>
  <way id="813267248" version="3" timestamp="2023-06-01T11:57:28Z" changeset="136827926" uid="4988361" user="FlawOfAverages">
    <nd ref="7596623270"/>
    <nd ref="7596623271"/>
    <nd ref="7596623273"/>
    <nd ref="7596623272"/>
    <nd ref="7596623270"/>
    <tag k="addr:city" v="Aberdeen"/>
    <tag k="addr:housenumber" v="620"/>
    <tag k="addr:postcode" v="AB24 1SN"/>
    <tag k="addr:street" v="King Street"/>
    <tag k="building" v="house"/>
    <tag k="building:levels" v="1"/>
    <tag k="roof:levels" v="1"/>
    <tag k="roof:shape" v="side_hipped"/>
  </way>
  <way id="813267249" version="3" timestamp="2023-06-01T11:57:21Z" changeset="136827926" uid="4988361" user="FlawOfAverages">
    <nd ref="7596623272"/>
    <nd ref="7596623273"/>
    <nd ref="7596623274"/>
    <nd ref="7596623275"/>
    <nd ref="7596623272"/>
    <tag k="addr:city" v="Aberdeen"/>
    <tag k="addr:housenumber" v="618"/>
    <tag k="addr:postcode" v="AB24 1SN"/>
    <tag k="addr:street" v="King Street"/>
    <tag k="building" v="house"/>
    <tag k="building:levels" v="1"/>
    <tag k="roof:levels" v="1"/>
    <tag k="roof:shape" v="side_hipped"/>
  </way>
  <way id="813267250" version="3" timestamp="2023-06-01T11:57:01Z" changeset="136827926" uid="4988361" user="FlawOfAverages">
    <nd ref="7596623276"/>
    <nd ref="7596623277"/>
    <nd ref="7596623279"/>
    <nd ref="7596623278"/>
    <nd ref="7596623276"/>
    <tag k="addr:city" v="Aberdeen"/>
    <tag k="addr:housenumber" v="614"/>
    <tag k="addr:postcode" v="AB24 1SN"/>
    <tag k="addr:street" v="King Street"/>
    <tag k="building" v="house"/>
    <tag k="building:levels" v="2"/>
    <tag k="roof:levels" v="1"/>
    <tag k="roof:shape" v="gabled"/>
  </way>
  <way id="813267251" version="3" timestamp="2023-06-01T11:56:57Z" changeset="136827926" uid="4988361" user="FlawOfAverages">
    <nd ref="7596623278"/>
    <nd ref="7596623279"/>
    <nd ref="7596623280"/>
    <nd ref="7596623281"/>
    <nd ref="7596623278"/>
    <tag k="addr:city" v="Aberdeen"/>
    <tag k="addr:housenumber" v="612"/>
    <tag k="addr:postcode" v="AB24 1SN"/>
    <tag k="addr:street" v="King Street"/>
    <tag k="building" v="house"/>
    <tag k="building:levels" v="2"/>
    <tag k="roof:levels" v="1"/>
    <tag k="roof:shape" v="gabled"/>
  </way>
  <way id="813267252" version="3" timestamp="2023-06-01T11:56:53Z" changeset="136827926" uid="4988361" user="FlawOfAverages">
    <nd ref="3020984120"/>
    <nd ref="7596623282"/>
    <nd ref="7596623283"/>
    <nd ref="7596623284"/>
    <nd ref="3020984121"/>
    <nd ref="3020984120"/>
    <tag k="addr:city" v="Aberdeen"/>
    <tag k="addr:housenumber" v="608-610"/>
    <tag k="addr:postcode" v="AB24 1SN"/>
    <tag k="addr:street" v="King Street"/>
    <tag k="building" v="apartments"/>
    <tag k="building:levels" v="2"/>
    <tag k="roof:levels" v="0"/>
    <tag k="roof:shape" v="gabled"/>
  </way>
  <way id="813374729" version="3" timestamp="2023-06-01T12:00:06Z" changeset="136827926" uid="4988361" user="FlawOfAverages">
    <nd ref="7597688127"/>
    <nd ref="7597688128"/>
    <nd ref="7597688129"/>
    <nd ref="7597688130"/>
    <nd ref="7597688131"/>
    <nd ref="7597688132"/>
    <nd ref="7597688133"/>
    <nd ref="7597688134"/>
    <nd ref="7597688135"/>
    <nd ref="7597688136"/>
    <nd ref="7597688137"/>
    <nd ref="7597688138"/>
    <nd ref="7597688139"/>
    <nd ref="7597688140"/>
    <nd ref="7597688141"/>
    <nd ref="7597688142"/>
    <nd ref="7597688127"/>
    <tag k="addr:city" v="Aberdeen"/>
    <tag k="addr:housenumber" v="6"/>
    <tag k="addr:postcode" v="AB24 1XE"/>
    <tag k="addr:street" v="Seaton Place East"/>
    <tag k="building" v="apartments"/>
    <tag k="building:levels" v="3"/>
    <tag k="roof:levels" v="0"/>
    <tag k="roof:shape" v="gabled"/>
  </way>
  <way id="815576496" version="2" timestamp="2025-04-01T02:59:30Z" changeset="164354862" uid="10232346" user="lottie1040">
    <nd ref="7616949003"/>
    <nd ref="7616949004"/>
    <nd ref="7616949005"/>
    <nd ref="7616949035"/>
    <nd ref="7616949041"/>
    <nd ref="7616949003"/>
    <tag k="addr:city" v="Aberdeen"/>
    <tag k="addr:housenumber" v="84"/>
    <tag k="addr:postcode" v="AB24 1TA"/>
    <tag k="addr:street" v="School Drive"/>
    <tag k="amenity" v="social_facility"/>
    <tag k="building" v="yes"/>
    <tag k="name" v="Leonard Cheshire Disability"/>
    <tag k="operator" v="Leonard Cheshire Disability"/>
    <tag k="operator:type" v="charitable"/>
    <tag k="operator:wikidata" v="Q6525177"/>
    <tag k="social_facility" v="ambulatory_care"/>
  </way>
  <way id="815576497" version="3" timestamp="2024-02-22T13:25:23Z" changeset="147773630" uid="4988361" user="FlawOfAverages">
    <nd ref="7616949006"/>
    <nd ref="7616949007"/>
    <nd ref="7616949008"/>
    <nd ref="7616949009"/>
    <nd ref="7616949006"/>
    <tag k="addr:city" v="Aberdeen"/>
    <tag k="addr:housenumber" v="90-96"/>
    <tag k="addr:postcode" v="AB24 1TA"/>
    <tag k="addr:street" v="School Drive"/>
    <tag k="building" v="apartments"/>
    <tag k="building:levels" v="2"/>
    <tag k="roof:levels" v="0"/>
    <tag k="roof:shape" v="hipped"/>
  </way>
  <way id="815683566" version="3" timestamp="2023-12-02T13:36:18Z" changeset="144692105" uid="4988361" user="FlawOfAverages">
    <nd ref="7618003351"/>
    <nd ref="7618003352"/>
    <nd ref="7618003353"/>
    <nd ref="7618003354"/>
    <nd ref="7618003351"/>
    <tag k="addr:city" v="Aberdeen"/>
    <tag k="addr:housenumber" v="616"/>
    <tag k="addr:postcode" v="AB24 1SN"/>
    <tag k="addr:street" v="King Street"/>
    <tag k="building" v="house"/>
    <tag k="building:levels" v="2"/>
    <tag k="roof:levels" v="0"/>
    <tag k="roof:shape" v="gabled"/>
  </way>
  <way id="815722370" version="2" timestamp="2021-03-27T15:21:20Z" changeset="101840609" uid="4988361" user="FlawOfAverages">
    <nd ref="7618334896"/>
    <nd ref="7618334898"/>
    <nd ref="7618334899"/>
    <nd ref="7618334900"/>
    <nd ref="7618334896"/>
    <tag k="abandoned" v="yes"/>
    <tag k="addr:city" v="Aberdeen"/>
    <tag k="addr:housenumber" v="2"/>
    <tag k="addr:postcode" v="AB24 1UX"/>
    <tag k="addr:street" v="Seaton Drive"/>
    <tag k="building" v="yes"/>
  </way>
  <way id="815743641" version="3" timestamp="2023-06-27T15:45:04Z" changeset="137839889" uid="4988361" user="FlawOfAverages">
    <nd ref="7618561915"/>
    <nd ref="7618561916"/>
    <nd ref="7618561917"/>
    <nd ref="7618561918"/>
    <nd ref="7618561919"/>
    <nd ref="7618561920"/>
    <nd ref="7618561915"/>
    <tag k="addr:city" v="Aberdeen"/>
    <tag k="addr:housenumber" v="1A"/>
    <tag k="addr:postcode" v="AB24 1TH"/>
    <tag k="addr:street" v="School Drive"/>
    <tag k="building" v="house"/>
    <tag k="building:levels" v="2"/>
    <tag k="roof:levels" v="0"/>
    <tag k="roof:shape" v="hipped"/>
  </way>
  <way id="815943287" version="10" timestamp="2025-04-10T11:35:01Z" changeset="164764147" uid="4988361" user="FlawOfAverages">
    <nd ref="6780120397"/>
    <nd ref="7620489034"/>
    <nd ref="6784601208"/>
    <nd ref="6780120396"/>
    <nd ref="6784143244"/>
    <nd ref="6784601271"/>
    <nd ref="5864128912"/>
    <nd ref="3477535894"/>
    <nd ref="5864128887"/>
    <nd ref="3021027088"/>
    <tag k="abutters" v="residential"/>
    <tag k="cycleway:both" v="no"/>
    <tag k="highway" v="residential"/>
    <tag k="lanes" v="2"/>
    <tag k="lit" v="yes"/>
    <tag k="maxspeed" v="30 mph"/>
    <tag k="maxspeed:advisory" v="20 mph"/>
    <tag k="maxspeed:type" v="GB:nsl_restricted"/>
    <tag k="name" v="Regent Walk"/>
    <tag k="parking:right" v="yes"/>
    <tag k="parking:right:orientation" v="parallel"/>
    <tag k="sidewalk" v="both"/>
    <tag k="sidewalk:both:surface" v="asphalt"/>
    <tag k="source:width" v="ARCore"/>
    <tag k="surface" v="asphalt"/>
    <tag k="width" v="7.4"/>
  </way>
  <way id="815988789" version="11" timestamp="2024-12-25T23:19:22Z" changeset="160619179" uid="16951803" user="Vas111">
    <nd ref="60218948"/>
    <nd ref="6780315543"/>
    <nd ref="29708060"/>
    <nd ref="1426552927"/>
    <nd ref="60217784"/>
    <tag k="abutters" v="residential"/>
    <tag k="cycleway:both" v="no"/>
    <tag k="highway" v="tertiary"/>
    <tag k="highway_authority_ref" v="C158C"/>
    <tag k="lanes" v="2"/>
    <tag k="lit" v="yes"/>
    <tag k="maxspeed" v="20 mph"/>
    <tag k="maxspeed:type" v="GB:zone20"/>
    <tag k="name" v="School Road"/>
    <tag k="parking:both" v="lane"/>
    <tag k="parking:both:markings" v="yes"/>
    <tag k="parking:both:orientation" v="parallel"/>
    <tag k="sidewalk" v="both"/>
    <tag k="sidewalk:both:surface" v="asphalt"/>
    <tag k="smoothness" v="excellent"/>
    <tag k="source:maxspeed" v="survey"/>
    <tag k="surface" v="asphalt"/>
  </way>
  <way id="816053465" version="11" timestamp="2025-04-01T02:59:30Z" changeset="164354862" uid="10232346" user="lottie1040">
    <nd ref="60218959"/>
    <nd ref="7276300870"/>
    <nd ref="7276300871"/>
    <nd ref="7276300872"/>
    <nd ref="7276300873"/>
    <nd ref="7593847310"/>
    <nd ref="7276300874"/>
    <nd ref="7276300880"/>
    <nd ref="7593847292"/>
    <nd ref="7593847289"/>
    <nd ref="60218942"/>
    <tag k="highway" v="residential"/>
    <tag k="lanes" v="2"/>
    <tag k="lit" v="yes"/>
    <tag k="maxspeed" v="20 mph"/>
    <tag k="maxspeed:type" v="GB:zone20"/>
    <tag k="name" v="Seaton Drive"/>
    <tag k="parking:both" v="yes"/>
    <tag k="parking:both:orientation" v="perpendicular"/>
    <tag k="sidewalk" v="both"/>
    <tag k="sidewalk:both:surface" v="asphalt"/>
    <tag k="source:width" v="ARCore"/>
    <tag k="surface" v="asphalt"/>
    <tag k="width" v="5.5"/>
  </way>
  <way id="816268198" version="3" timestamp="2023-07-22T16:36:51Z" changeset="138862421" uid="4988361" user="FlawOfAverages">
    <nd ref="2973196080"/>
    <nd ref="7623526920"/>
    <nd ref="7623526921"/>
    <nd ref="7623526922"/>
    <nd ref="2973196080"/>
    <tag k="addr:city" v="Aberdeen"/>
    <tag k="addr:housenumber" v="530"/>
    <tag k="addr:postcode" v="AB24 5SS"/>
    <tag k="addr:street" v="King Street"/>
    <tag k="building" v="house"/>
    <tag k="building:levels" v="2"/>
    <tag k="roof:levels" v="0"/>
    <tag k="roof:shape" v="gabled"/>
  </way>
  <way id="816268204" version="3" timestamp="2023-07-22T16:36:51Z" changeset="138862421" uid="4988361" user="FlawOfAverages">
    <nd ref="7623526934"/>
    <nd ref="7623526936"/>
    <nd ref="7623526939"/>
    <nd ref="7623526935"/>
    <nd ref="7623526934"/>
    <tag k="addr:city" v="Aberdeen"/>
    <tag k="addr:housenumber" v="532"/>
    <tag k="addr:postcode" v="AB24 5SS"/>
    <tag k="addr:street" v="King Street"/>
    <tag k="building" v="house"/>
    <tag k="building:levels" v="2"/>
    <tag k="roof:levels" v="0"/>
    <tag k="roof:shape" v="gabled"/>
  </way>
  <way id="816268205" version="3" timestamp="2023-07-22T16:36:51Z" changeset="138862421" uid="4988361" user="FlawOfAverages">
    <nd ref="7623526936"/>
    <nd ref="7623526937"/>
    <nd ref="7623526938"/>
    <nd ref="7623526939"/>
    <nd ref="7623526936"/>
    <tag k="addr:city" v="Aberdeen"/>
    <tag k="addr:housenumber" v="534"/>
    <tag k="addr:postcode" v="AB24 5SS"/>
    <tag k="addr:street" v="King Street"/>
    <tag k="building" v="house"/>
    <tag k="building:levels" v="2"/>
    <tag k="roof:levels" v="0"/>
    <tag k="roof:shape" v="gabled"/>
  </way>
  <way id="816382841" version="3" timestamp="2023-11-22T13:19:40Z" changeset="144326023" uid="4988361" user="FlawOfAverages">
    <nd ref="7624661262"/>
    <nd ref="7624661263"/>
    <nd ref="7624661264"/>
    <nd ref="7624661265"/>
    <nd ref="7624661266"/>
    <nd ref="7624661267"/>
    <nd ref="7624661268"/>
    <nd ref="7624661269"/>
    <nd ref="7624661262"/>
    <tag k="addr:city" v="Aberdeen"/>
    <tag k="addr:housenumber" v="163"/>
    <tag k="addr:postcode" v="AB24 5RE"/>
    <tag k="addr:street" v="Linksfield Road"/>
    <tag k="building" v="apartments"/>
    <tag k="building:levels" v="3"/>
    <tag k="roof:levels" v="0"/>
    <tag k="roof:shape" v="hipped"/>
  </way>
  <way id="816693104" version="1" timestamp="2020-06-17T00:21:30Z" changeset="86744382" uid="10259484" user="calibase">
    <nd ref="7627655052"/>
    <nd ref="7627655053"/>
    <nd ref="7627655054"/>
    <nd ref="7627655055"/>
    <nd ref="7627655056"/>
    <nd ref="7627655057"/>
    <nd ref="7627655058"/>
    <nd ref="7627655059"/>
    <nd ref="7627655060"/>
    <nd ref="7627655061"/>
    <nd ref="7627655062"/>
    <nd ref="7627655063"/>
    <nd ref="7627655052"/>
    <tag k="addr:city" v="Aberdeen"/>
    <tag k="addr:housenumber" v="44-55"/>
    <tag k="addr:postcode" v="AB24 5RG"/>
    <tag k="addr:street" v="Links View"/>
    <tag k="building" v="apartments"/>
    <tag k="building:levels" v="4"/>
  </way>
  <way id="816693105" version="1" timestamp="2020-06-17T00:21:30Z" changeset="86744382" uid="10259484" user="calibase">
    <nd ref="7627655065"/>
    <nd ref="7627655066"/>
    <nd ref="7627655067"/>
    <nd ref="7627655068"/>
    <nd ref="7627655065"/>
    <tag k="addr:city" v="Aberdeen"/>
    <tag k="addr:housenumber" v="20-27"/>
    <tag k="addr:postcode" v="AB24 5RG"/>
    <tag k="addr:street" v="Links View"/>
    <tag k="building" v="apartments"/>
    <tag k="building:levels" v="4"/>
  </way>
  <way id="816693106" version="1" timestamp="2020-06-17T00:21:30Z" changeset="86744382" uid="10259484" user="calibase">
    <nd ref="7627655069"/>
    <nd ref="7627655066"/>
    <nd ref="7627655065"/>
    <nd ref="7627655070"/>
    <nd ref="7627655069"/>
    <tag k="addr:city" v="Aberdeen"/>
    <tag k="addr:housenumber" v="28-35"/>
    <tag k="addr:postcode" v="AB24 5RG"/>
    <tag k="addr:street" v="Links View"/>
    <tag k="building" v="apartments"/>
    <tag k="building:levels" v="4"/>
  </way>
  <way id="816693107" version="1" timestamp="2020-06-17T00:21:30Z" changeset="86744382" uid="10259484" user="calibase">
    <nd ref="7627655071"/>
    <nd ref="7627655069"/>
    <nd ref="7627655070"/>
    <nd ref="7627655072"/>
    <nd ref="7627655071"/>
    <tag k="addr:city" v="Aberdeen"/>
    <tag k="addr:housenumber" v="36-43"/>
    <tag k="addr:postcode" v="AB24 5RG"/>
    <tag k="addr:street" v="Links View"/>
    <tag k="building" v="apartments"/>
    <tag k="building:levels" v="4"/>
  </way>
  <way id="816693108" version="1" timestamp="2020-06-17T00:21:30Z" changeset="86744382" uid="10259484" user="calibase">
    <nd ref="7627655078"/>
    <nd ref="7627655077"/>
    <nd ref="7627655073"/>
    <nd ref="7627655074"/>
    <nd ref="7627655078"/>
    <tag k="addr:city" v="Aberdeen"/>
    <tag k="addr:housenumber" v="14-19"/>
    <tag k="addr:postcode" v="AB24 5RG"/>
    <tag k="addr:street" v="Links View"/>
    <tag k="building" v="apartments"/>
    <tag k="building:levels" v="3"/>
  </way>
  <way id="816693109" version="3" timestamp="2023-11-22T13:18:37Z" changeset="144326023" uid="4988361" user="FlawOfAverages">
    <nd ref="7627655075"/>
    <nd ref="7627655076"/>
    <nd ref="7627655077"/>
    <nd ref="7627655078"/>
    <nd ref="7627655075"/>
    <tag k="addr:city" v="Aberdeen"/>
    <tag k="addr:housenumber" v="7-12"/>
    <tag k="addr:postcode" v="AB24 5RG"/>
    <tag k="addr:street" v="Links View"/>
    <tag k="building" v="apartments"/>
    <tag k="building:levels" v="3"/>
    <tag k="roof:levels" v="0"/>
    <tag k="roof:shape" v="gabled"/>
  </way>
  <way id="816693110" version="1" timestamp="2020-06-17T00:21:30Z" changeset="86744382" uid="10259484" user="calibase">
    <nd ref="7627655079"/>
    <nd ref="7627655080"/>
    <nd ref="7627655076"/>
    <nd ref="7627655075"/>
    <nd ref="7627655079"/>
    <tag k="addr:city" v="Aberdeen"/>
    <tag k="addr:housenumber" v="1-6"/>
    <tag k="addr:postcode" v="AB24 5RG"/>
    <tag k="addr:street" v="Links View"/>
    <tag k="building" v="apartments"/>
    <tag k="building:levels" v="3"/>
  </way>
  <way id="816693111" version="3" timestamp="2023-11-22T13:18:21Z" changeset="144326023" uid="4988361" user="FlawOfAverages">
    <nd ref="7627662986"/>
    <nd ref="7627662985"/>
    <nd ref="7627655081"/>
    <nd ref="7627655082"/>
    <nd ref="7627662986"/>
    <tag k="addr:city" v="Aberdeen"/>
    <tag k="addr:housenumber" v="140-145"/>
    <tag k="addr:postcode" v="AB24 5RL"/>
    <tag k="addr:street" v="Links View"/>
    <tag k="building" v="apartments"/>
    <tag k="building:levels" v="3"/>
    <tag k="roof:levels" v="0"/>
    <tag k="roof:shape" v="gabled"/>
  </way>
  <way id="816693112" version="3" timestamp="2023-11-22T13:18:25Z" changeset="144326023" uid="4988361" user="FlawOfAverages">
    <nd ref="7627655083"/>
    <nd ref="7627655084"/>
    <nd ref="7627662985"/>
    <nd ref="7627662986"/>
    <nd ref="7627655083"/>
    <tag k="addr:city" v="Aberdeen"/>
    <tag k="addr:housenumber" v="134-139"/>
    <tag k="addr:postcode" v="AB24 5RL"/>
    <tag k="addr:street" v="Links View"/>
    <tag k="building" v="apartments"/>
    <tag k="building:levels" v="3"/>
    <tag k="roof:levels" v="0"/>
    <tag k="roof:shape" v="gabled"/>
  </way>
  <way id="816693113" version="3" timestamp="2023-11-22T13:18:28Z" changeset="144326023" uid="4988361" user="FlawOfAverages">
    <nd ref="7627662987"/>
    <nd ref="7627662988"/>
    <nd ref="7627655084"/>
    <nd ref="7627655083"/>
    <nd ref="7627662987"/>
    <tag k="addr:city" v="Aberdeen"/>
    <tag k="addr:housenumber" v="128-133"/>
    <tag k="addr:postcode" v="AB24 5RL"/>
    <tag k="addr:street" v="Links View"/>
    <tag k="building" v="apartments"/>
    <tag k="building:levels" v="3"/>
    <tag k="roof:levels" v="0"/>
    <tag k="roof:shape" v="gabled"/>
  </way>
  <way id="816693114" version="1" timestamp="2020-06-17T00:21:30Z" changeset="86744382" uid="10259484" user="calibase">
    <nd ref="7627662989"/>
    <nd ref="7627662990"/>
    <nd ref="7627662991"/>
    <nd ref="7627662992"/>
    <nd ref="7627662989"/>
    <tag k="addr:city" v="Aberdeen"/>
    <tag k="addr:housenumber" v="72-79"/>
    <tag k="addr:postcode" v="AB24 5RL"/>
    <tag k="addr:street" v="Links View"/>
    <tag k="building" v="apartments"/>
    <tag k="building:levels" v="4"/>
  </way>
  <way id="816693115" version="1" timestamp="2020-06-17T00:21:30Z" changeset="86744382" uid="10259484" user="calibase">
    <nd ref="7627662993"/>
    <nd ref="7627662994"/>
    <nd ref="7627662995"/>
    <nd ref="7627662996"/>
    <nd ref="7627662993"/>
    <tag k="addr:city" v="Aberdeen"/>
    <tag k="addr:housenumber" v="56-63"/>
    <tag k="addr:postcode" v="AB24 5RL"/>
    <tag k="addr:street" v="Links View"/>
    <tag k="building" v="apartments"/>
    <tag k="building:levels" v="4"/>
  </way>
  <way id="816693116" version="1" timestamp="2020-06-17T00:21:30Z" changeset="86744382" uid="10259484" user="calibase">
    <nd ref="7627662994"/>
    <nd ref="7627662990"/>
    <nd ref="7627662989"/>
    <nd ref="7627662995"/>
    <nd ref="7627662994"/>
    <tag k="addr:city" v="Aberdeen"/>
    <tag k="addr:housenumber" v="64-71"/>
    <tag k="addr:postcode" v="AB24 5RL"/>
    <tag k="addr:street" v="Links View"/>
    <tag k="building" v="apartments"/>
    <tag k="building:levels" v="4"/>
  </way>
  <way id="816693117" version="1" timestamp="2020-06-17T00:21:30Z" changeset="86744382" uid="10259484" user="calibase">
    <nd ref="7627662997"/>
    <nd ref="7627662998"/>
    <nd ref="7627662999"/>
    <nd ref="7627663000"/>
    <nd ref="7627662997"/>
    <tag k="addr:city" v="Aberdeen"/>
    <tag k="addr:housenumber" v="120-127"/>
    <tag k="addr:postcode" v="AB24 5RL"/>
    <tag k="addr:street" v="Links View"/>
    <tag k="building" v="apartments"/>
    <tag k="building:levels" v="4"/>
  </way>
  <way id="816693118" version="1" timestamp="2020-06-17T00:21:30Z" changeset="86744382" uid="10259484" user="calibase">
    <nd ref="7627663001"/>
    <nd ref="7627662998"/>
    <nd ref="7627662997"/>
    <nd ref="7627663002"/>
    <nd ref="7627663005"/>
    <nd ref="7627663001"/>
    <tag k="addr:city" v="Aberdeen"/>
    <tag k="addr:housenumber" v="112-119"/>
    <tag k="addr:postcode" v="AB24 5RL"/>
    <tag k="addr:street" v="Links View"/>
    <tag k="building" v="apartments"/>
    <tag k="building:levels" v="4"/>
  </way>
  <way id="816693119" version="1" timestamp="2020-06-17T00:21:30Z" changeset="86744382" uid="10259484" user="calibase">
    <nd ref="7627663003"/>
    <nd ref="7627663005"/>
    <nd ref="7627663002"/>
    <nd ref="7627663004"/>
    <nd ref="7627663003"/>
    <tag k="addr:city" v="Aberdeen"/>
    <tag k="addr:housenumber" v="104-111"/>
    <tag k="addr:postcode" v="AB24 5RL"/>
    <tag k="addr:street" v="Links View"/>
    <tag k="building" v="apartments"/>
    <tag k="building:levels" v="4"/>
  </way>
  <way id="816693120" version="1" timestamp="2020-06-17T00:21:30Z" changeset="86744382" uid="10259484" user="calibase">
    <nd ref="7627663006"/>
    <nd ref="7627663007"/>
    <nd ref="7627663008"/>
    <nd ref="7627663009"/>
    <nd ref="7627663006"/>
    <tag k="addr:city" v="Aberdeen"/>
    <tag k="addr:housenumber" v="80-87"/>
    <tag k="addr:postcode" v="AB24 5RL"/>
    <tag k="addr:street" v="Links View"/>
    <tag k="building" v="apartments"/>
    <tag k="building:levels" v="4"/>
  </way>
  <way id="816693121" version="2" timestamp="2021-02-08T05:14:53Z" changeset="98879392" uid="10259484" user="calibase">
    <nd ref="7627663009"/>
    <nd ref="7627663010"/>
    <nd ref="7627663011"/>
    <nd ref="7627663012"/>
    <nd ref="7627663013"/>
    <nd ref="7627663014"/>
    <nd ref="7627663015"/>
    <nd ref="7627663008"/>
    <nd ref="7627663009"/>
    <tag k="addr:city" v="Aberdeen"/>
    <tag k="addr:housenumber" v="88-103"/>
    <tag k="addr:postcode" v="AB24 5RL"/>
    <tag k="addr:street" v="Links View"/>
    <tag k="building" v="apartments"/>
    <tag k="building:levels" v="4"/>
  </way>
  <way id="896309413" version="5" timestamp="2021-10-04T18:40:41Z" changeset="112090875" uid="242345" user="confusedbuffalo">
    <nd ref="8331919000"/>
    <nd ref="8331919001"/>
    <nd ref="8331919002"/>
    <nd ref="8331919003"/>
    <nd ref="8331919000"/>
    <tag k="addr:city" v="Aberdeen"/>
    <tag k="addr:postcode" v="AB24 1TU"/>
    <tag k="addr:street" v="School Road"/>
    <tag k="amenity" v="place_of_worship"/>
    <tag k="building" v="yes"/>
    <tag k="denomination" v="pentecostal"/>
    <tag k="name" v="Seaton Community Church"/>
    <tag k="religion" v="christian"/>
  </way>
  <way id="904813223" version="11" timestamp="2024-12-25T23:19:22Z" changeset="160619179" uid="16951803" user="Vas111">
    <nd ref="60218956"/>
    <nd ref="29708070"/>
    <nd ref="60218948"/>
    <tag k="abutters" v="residential"/>
    <tag k="cycleway:both" v="no"/>
    <tag k="highway" v="tertiary"/>
    <tag k="highway_authority_ref" v="C158C"/>
    <tag k="lanes" v="2"/>
    <tag k="lit" v="yes"/>
    <tag k="maxspeed" v="20 mph"/>
    <tag k="maxspeed:type" v="GB:zone20"/>
    <tag k="name" v="School Road"/>
    <tag k="parking:both" v="lane"/>
    <tag k="parking:both:markings" v="yes"/>
    <tag k="parking:both:orientation" v="parallel"/>
    <tag k="sidewalk" v="both"/>
    <tag k="sidewalk:both:surface" v="asphalt"/>
    <tag k="smoothness" v="excellent"/>
    <tag k="source:maxspeed" v="survey"/>
    <tag k="surface" v="asphalt"/>
  </way>
  <way id="904856132" version="39" timestamp="2025-01-13T20:23:30Z" changeset="161323885" uid="16951803" user="Vas111">
    <nd ref="60217083"/>
    <nd ref="7593798931"/>
    <nd ref="9464513944"/>
    <nd ref="42448876"/>
    <nd ref="9875411859"/>
    <tag k="cycleway:left" v="no"/>
    <tag k="cycleway:right" v="share_busway"/>
    <tag k="highway" v="primary"/>
    <tag k="lanes" v="4"/>
    <tag k="lit" v="yes"/>
    <tag k="maxspeed" v="30 mph"/>
    <tag k="maxspeed:type" v="GB:nsl_restricted"/>
    <tag k="name" v="King Street"/>
    <tag k="name:en" v="King Street"/>
    <tag k="old_ref" v="A92"/>
    <tag k="parking:both" v="lane"/>
    <tag k="parking:both:orientation" v="parallel"/>
    <tag k="parking:both:restriction:conditional" v="no_parking @ (Mo-Sa 07:30-09:30, 16:00-18:00); loading_only @ (Mo-Sa 07:00-19:00)"/>
    <tag k="psv:lanes:backward:conditional" v="designated|yes @ (Mo-Sa 07:30-09:30, 16:00-18:00)"/>
    <tag k="ref" v="A956"/>
    <tag k="sidewalk" v="both"/>
    <tag k="sidewalk:both:surface" v="paving_stones"/>
    <tag k="surface" v="asphalt"/>
    <tag k="wikidata" v="Q6412074"/>
  </way>
  <way id="915678424" version="3" timestamp="2024-02-22T13:25:48Z" changeset="147773630" uid="4988361" user="FlawOfAverages">
    <nd ref="8505557989"/>
    <nd ref="8505557990"/>
    <nd ref="8505557991"/>
    <nd ref="8505557992"/>
    <nd ref="8505557993"/>
    <nd ref="8505557994"/>
    <nd ref="8505557995"/>
    <nd ref="8505557996"/>
    <nd ref="8505557989"/>
    <tag k="addr:city" v="Aberdeen"/>
    <tag k="addr:housenumber" v="110-126"/>
    <tag k="addr:postcode" v="AB24 1RG"/>
    <tag k="addr:street" v="Golf Road"/>
    <tag k="building" v="apartments"/>
    <tag k="building:flats" v="9"/>
    <tag k="building:levels" v="5"/>
    <tag k="roof:levels" v="0"/>
    <tag k="roof:shape" v="skillion"/>
    <tag k="source:geometry" v="bing"/>
  </way>
  <way id="915678425" version="3" timestamp="2024-02-22T13:25:48Z" changeset="147773630" uid="4988361" user="FlawOfAverages">
    <nd ref="8505557997"/>
    <nd ref="8505557998"/>
    <nd ref="8505557999"/>
    <nd ref="8505558000"/>
    <nd ref="8505558001"/>
    <nd ref="8505558002"/>
    <nd ref="8505558003"/>
    <nd ref="8505558004"/>
    <nd ref="8505557997"/>
    <tag k="addr:city" v="Aberdeen"/>
    <tag k="addr:housenumber" v="90-108"/>
    <tag k="addr:postcode" v="AB24 1RG"/>
    <tag k="addr:street" v="Golf Road"/>
    <tag k="building" v="apartments"/>
    <tag k="building:flats" v="9"/>
    <tag k="building:levels" v="5"/>
    <tag k="roof:levels" v="0"/>
    <tag k="roof:shape" v="skillion"/>
    <tag k="source:geometry" v="bing"/>
  </way>
  <way id="1208186559" version="4" timestamp="2024-10-14T12:04:25Z" changeset="157873883" uid="16951803" user="Vas111">
    <nd ref="3330581529"/>
    <nd ref="11195038616"/>
    <nd ref="7192248796"/>
    <nd ref="7192248795"/>
    <nd ref="7624661277"/>
    <nd ref="7624661283"/>
    <nd ref="7192248794"/>
    <nd ref="7627655038"/>
    <nd ref="7627655043"/>
    <nd ref="7192248793"/>
    <nd ref="29708861"/>
    <nd ref="7192248792"/>
    <nd ref="7627655047"/>
    <nd ref="29708854"/>
    <tag k="abutters" v="residential"/>
    <tag k="highway" v="residential"/>
    <tag k="lanes" v="2"/>
    <tag k="lit" v="yes"/>
    <tag k="maxspeed" v="20 mph"/>
    <tag k="maxspeed:type" v="GB:zone20"/>
    <tag k="name" v="Linksfield Road"/>
    <tag k="parking:left" v="lane"/>
    <tag k="parking:left:orientation" v="parallel"/>
    <tag k="parking:right" v="no"/>
    <tag k="parking:right:restriction" v="no_parking"/>
    <tag k="sidewalk" v="both"/>
    <tag k="sidewalk:left:surface" v="asphalt"/>
    <tag k="sidewalk:right:surface" v="paving_stones"/>
    <tag k="surface" v="asphalt"/>
  </way>
  <way id="1208242345" version="3" timestamp="2024-12-10T14:31:08Z" changeset="160131879" uid="16951803" user="Vas111">
    <nd ref="60219015"/>
    <nd ref="6781803158"/>
    <nd ref="7595646935"/>
    <nd ref="6270361052"/>
    <tag k="highway" v="residential"/>
    <tag k="lanes" v="2"/>
    <tag k="lit" v="yes"/>
    <tag k="maxspeed" v="20 mph"/>
    <tag k="maxspeed:type" v="GB:zone20"/>
    <tag k="name" v="Seaton Drive"/>
    <tag k="oneway" v="yes"/>
    <tag k="sidewalk" v="both"/>
    <tag k="sidewalk:both:surface" v="asphalt"/>
    <tag k="surface" v="asphalt"/>
  </way>
  <way id="1210323175" version="5" timestamp="2024-10-01T17:35:06Z" changeset="157350215" uid="16951803" user="Vas111">
    <nd ref="42448845"/>
    <nd ref="1432631900"/>
    <nd ref="1432632001"/>
    <nd ref="1432632005"/>
    <nd ref="1432631912"/>
    <nd ref="42448846"/>
    <nd ref="1432632008"/>
    <nd ref="42448847"/>
    <nd ref="1432631992"/>
    <nd ref="1241101278"/>
    <nd ref="1241101259"/>
    <nd ref="1432631887"/>
    <nd ref="1241101353"/>
    <nd ref="1432631956"/>
    <nd ref="42448849"/>
    <nd ref="1432631932"/>
    <nd ref="42448851"/>
    <nd ref="1432631941"/>
    <nd ref="42448853"/>
    <nd ref="1432631924"/>
    <nd ref="1432631989"/>
    <tag k="highway" v="tertiary"/>
    <tag k="lanes" v="2"/>
    <tag k="lit" v="no"/>
    <tag k="maxspeed" v="30 mph"/>
    <tag k="maxspeed:type" v="sign"/>
    <tag k="maxwidth" v="2.1"/>
    <tag k="name" v="Esplanade"/>
    <tag k="parking:both" v="lane"/>
    <tag k="parking:both:orientation" v="parallel"/>
    <tag k="sidewalk:left" v="no"/>
    <tag k="sidewalk:right" v="separate"/>
    <tag k="source:shape" v="bing"/>
    <tag k="surface" v="asphalt"/>
    <tag k="width" v="13"/>
  </way>
  <way id="1234286310" version="6" timestamp="2025-01-22T01:42:13Z" changeset="161620357" uid="16951803" user="Vas111">
    <nd ref="7260876050"/>
    <nd ref="11455536283"/>
    <nd ref="11455536281"/>
    <nd ref="11455536285"/>
    <nd ref="11455536286"/>
    <nd ref="7260876045"/>
    <nd ref="7260876050"/>
    <tag k="addr:city" v="Aberdeen"/>
    <tag k="addr:housenumber" v="504"/>
    <tag k="addr:postcode" v="AB24 5ST"/>
    <tag k="addr:street" v="King Street"/>
    <tag k="brand" v="Co-op Food"/>
    <tag k="brand:wikidata" v="Q3277439"/>
    <tag k="building" v="retail"/>
    <tag k="building:levels" v="1"/>
    <tag k="check_date" v="2024-07-15"/>
    <tag k="check_date:opening_hours" v="2024-07-15"/>
    <tag k="name" v="Co-op Food"/>
    <tag k="opening_hours" v="Mo-Su 07:00-22:00; PH off"/>
    <tag k="operator" v="The Co-operative Group"/>
    <tag k="operator:wikidata" v="Q117202"/>
    <tag k="roof:levels" v="0"/>
    <tag k="roof:shape" v="flat"/>
    <tag k="shop" v="supermarket"/>
    <tag k="website" v="https://www.coop.co.uk/store-finder/AB24-5ST/504-king-street"/>
    <tag k="wheelchair" v="yes"/>
  </way>
  <way id="1241654708" version="5" timestamp="2024-10-03T18:09:39Z" changeset="157431409" uid="16951803" user="Vas111">
    <nd ref="1432631989"/>
    <nd ref="42448855"/>
    <nd ref="1432631934"/>
    <nd ref="42448856"/>
    <nd ref="1432631952"/>
    <nd ref="1241101283"/>
    <nd ref="1432631977"/>
    <nd ref="42448858"/>
    <nd ref="1432631926"/>
    <nd ref="42448860"/>
    <nd ref="1432631915"/>
    <nd ref="1432632006"/>
    <nd ref="42448861"/>
    <nd ref="1432631998"/>
    <nd ref="42448862"/>
    <nd ref="1432631895"/>
    <nd ref="3780611828"/>
    <tag k="highway" v="tertiary"/>
    <tag k="lanes" v="2"/>
    <tag k="lit" v="no"/>
    <tag k="maxspeed" v="30 mph"/>
    <tag k="maxspeed:type" v="sign"/>
    <tag k="maxwidth" v="2.1"/>
    <tag k="name" v="Esplanade"/>
    <tag k="parking:left" v="no"/>
    <tag k="parking:left:restriction" v="no_parking"/>
    <tag k="parking:right" v="lane"/>
    <tag k="parking:right:orientation" v="parallel"/>
    <tag k="sidewalk:left" v="no"/>
    <tag k="sidewalk:right" v="separate"/>
    <tag k="smoothness" v="good"/>
    <tag k="source:shape" v="bing"/>
    <tag k="surface" v="asphalt"/>
    <tag k="width" v="17"/>
  </way>
  <way id="1241654709" version="9" timestamp="2024-10-01T17:35:06Z" changeset="157350215" uid="16951803" user="Vas111">
    <nd ref="3780611829"/>
    <nd ref="1426552932"/>
    <nd ref="12158432458"/>
    <nd ref="1426552957"/>
    <nd ref="1426552940"/>
    <nd ref="42448870"/>
    <tag k="cycleway:left" v="no"/>
    <tag k="highway" v="tertiary"/>
    <tag k="lanes" v="2"/>
    <tag k="lit" v="yes"/>
    <tag k="maxspeed" v="30 mph"/>
    <tag k="maxspeed:type" v="GB:nsl_restricted"/>
    <tag k="maxwidth" v="2.1"/>
    <tag k="name" v="Esplanade"/>
    <tag k="oneway" v="yes"/>
    <tag k="parking:both" v="no"/>
    <tag k="parking:both:restriction" v="no_parking"/>
    <tag k="sidewalk" v="left"/>
    <tag k="sidewalk:left:surface" v="asphalt"/>
    <tag k="smoothness" v="good"/>
    <tag k="surface" v="asphalt"/>
    <tag k="turn:lanes" v="left;right|right"/>
  </way>
  <way id="1241654710" version="10" timestamp="2024-10-01T17:35:06Z" changeset="157350215" uid="16951803" user="Vas111">
    <nd ref="3780611833"/>
    <nd ref="3780611834"/>
    <nd ref="3780611836"/>
    <nd ref="3780611835"/>
    <nd ref="11537009385"/>
    <tag k="cycleway:left" v="no"/>
    <tag k="highway" v="tertiary"/>
    <tag k="lanes" v="2"/>
    <tag k="lit" v="yes"/>
    <tag k="maxspeed" v="30 mph"/>
    <tag k="maxspeed:type" v="GB:nsl_restricted"/>
    <tag k="maxwidth" v="2.1"/>
    <tag k="name" v="Esplanade"/>
    <tag k="oneway" v="yes"/>
    <tag k="parking:both" v="no"/>
    <tag k="parking:both:restriction" v="no_parking"/>
    <tag k="sidewalk" v="left"/>
    <tag k="smoothness" v="good"/>
    <tag k="surface" v="asphalt"/>
    <tag k="turn:lanes" v="left;right|right"/>
  </way>
  <way id="1241654711" version="5" timestamp="2024-12-06T18:06:14Z" changeset="160004493" uid="16951803" user="Vas111">
    <nd ref="51936694"/>
    <nd ref="472009217"/>
    <nd ref="3780611837"/>
    <nd ref="3780611833"/>
    <tag k="highway" v="tertiary"/>
    <tag k="lane_markings" v="no"/>
    <tag k="lit" v="yes"/>
    <tag k="maxspeed" v="30 mph"/>
    <tag k="maxspeed:type" v="GB:nsl_restricted"/>
    <tag k="maxwidth" v="2.1"/>
    <tag k="name" v="Esplanade"/>
    <tag k="oneway" v="yes"/>
    <tag k="parking:both" v="no"/>
    <tag k="parking:both:restriction" v="no_parking"/>
    <tag k="sidewalk:left" v="separate"/>
    <tag k="sidewalk:right" v="no"/>
    <tag k="smoothness" v="intermediate"/>
    <tag k="surface" v="asphalt"/>
    <tag k="width" v="6"/>
  </way>
  <way id="1241654712" version="4" timestamp="2025-01-13T20:23:30Z" changeset="161323885" uid="16951803" user="Vas111">
    <nd ref="60218259"/>
    <nd ref="7596303139"/>
    <nd ref="7596303133"/>
    <nd ref="7596303131"/>
    <tag k="cycleway:left:conditional" v="share_busway @ (Mo-Sa 07:30-09:30, 16:00-18:00)"/>
    <tag k="cycleway:right" v="no"/>
    <tag k="highway" v="primary"/>
    <tag k="lanes" v="4"/>
    <tag k="lanes:psv:backward" v="1"/>
    <tag k="lit" v="yes"/>
    <tag k="maxspeed" v="30 mph"/>
    <tag k="maxspeed:type" v="GB:nsl_restricted"/>
    <tag k="name" v="King Street"/>
    <tag k="name:en" v="King Street"/>
    <tag k="old_ref" v="A92"/>
    <tag k="parking:both" v="no"/>
    <tag k="parking:both:restriction" v="loading_only"/>
    <tag k="parking:both:restriction:conditional" v="no_parking @ (Mo-Sa 07:30-09:30, 16:00-18:00)"/>
    <tag k="psv:lanes:backward:conditional" v="designated @ (Mo-Sa 07:30-09:30, 16:00-18:00)|"/>
    <tag k="ref" v="A956"/>
    <tag k="sidewalk" v="both"/>
    <tag k="sidewalk:both:surface" v="asphalt"/>
    <tag k="smoothness" v="good"/>
    <tag k="surface" v="asphalt"/>
    <tag k="turn:lanes:forward" v="left;through|through"/>
    <tag k="wikidata" v="Q6412074"/>
  </way>
  <way id="1300237586" version="1" timestamp="2024-07-09T13:17:45Z" changeset="153744637" uid="16951803" user="Vas111">
    <nd ref="1498844064"/>
    <nd ref="11195038631"/>
    <nd ref="2973195816"/>
    <nd ref="1498844066"/>
    <tag k="access" v="private"/>
    <tag k="highway" v="residential"/>
    <tag k="lane_markings" v="no"/>
    <tag k="lit" v="yes"/>
    <tag k="maxspeed" v="30 mph"/>
    <tag k="maxspeed:type" v="GB:nsl_restricted"/>
    <tag k="name" v="Linksfield Gardens"/>
    <tag k="sidewalk" v="both"/>
    <tag k="surface" v="asphalt"/>
  </way>
  <way id="1319935516" version="1" timestamp="2024-10-01T17:35:06Z" changeset="157350215" uid="16951803" user="Vas111">
    <nd ref="3780611828"/>
    <nd ref="8307845247"/>
    <nd ref="3780611830"/>
    <nd ref="8307845255"/>
    <nd ref="3780611833"/>
    <tag k="highway" v="tertiary"/>
    <tag k="lanes" v="2"/>
    <tag k="lit" v="no"/>
    <tag k="maxspeed" v="30 mph"/>
    <tag k="maxspeed:type" v="sign"/>
    <tag k="maxwidth" v="2.1"/>
    <tag k="name" v="Esplanade"/>
    <tag k="parking:both:orientation" v="parallel"/>
    <tag k="parking:left" v="lane"/>
    <tag k="parking:right" v="street_side"/>
    <tag k="sidewalk:left" v="no"/>
    <tag k="sidewalk:right" v="separate"/>
    <tag k="smoothness" v="good"/>
    <tag k="source:shape" v="bing"/>
    <tag k="surface" v="asphalt"/>
    <tag k="width" v="17"/>
  </way>
  <way id="1328764193" version="2" timestamp="2024-12-18T01:46:32Z" changeset="160329626" uid="16951803" user="Vas111">
    <nd ref="29708053"/>
    <nd ref="6780704270"/>
    <nd ref="6780161344"/>
    <nd ref="6780161346"/>
    <nd ref="6780161348"/>
    <nd ref="7275555622"/>
    <nd ref="6780161350"/>
    <nd ref="29708054"/>
    <tag k="highway" v="tertiary"/>
    <tag k="highway_authority_ref" v="C158C"/>
    <tag k="lanes" v="2"/>
    <tag k="lit" v="yes"/>
    <tag k="maxspeed" v="20 mph"/>
    <tag k="maxspeed:type" v="GB:zone20"/>
    <tag k="name" v="Golf Road"/>
    <tag k="parking:left" v="street_side"/>
    <tag k="parking:left:orientation" v="perpendicular"/>
    <tag k="parking:right" v="no"/>
    <tag k="parking:right:restriction" v="no_parking"/>
    <tag k="sidewalk:left" v="separate"/>
    <tag k="sidewalk:right" v="yes"/>
    <tag k="surface" v="asphalt"/>
  </way>
  <way id="1328764194" version="5" timestamp="2025-04-14T11:52:38Z" changeset="164935461" uid="4988361" user="FlawOfAverages">
    <nd ref="3536436108"/>
    <nd ref="7596560038"/>
    <nd ref="7275798469"/>
    <nd ref="7593847105"/>
    <nd ref="60218950"/>
    <nd ref="7275798463"/>
    <nd ref="7593847104"/>
    <nd ref="7593847103"/>
    <nd ref="7275822694"/>
    <nd ref="7275798479"/>
    <nd ref="11195502920"/>
    <nd ref="11195502913"/>
    <nd ref="60218933"/>
    <tag k="highway" v="residential"/>
    <tag k="lanes" v="2"/>
    <tag k="layer" v="1"/>
    <tag k="lit" v="yes"/>
    <tag k="maxspeed" v="20 mph"/>
    <tag k="maxspeed:type" v="GB:zone20"/>
    <tag k="name" v="Seaton Crescent"/>
    <tag k="parking:left" v="no"/>
    <tag k="parking:left:reason" v="narrow"/>
    <tag k="parking:right" v="lane"/>
    <tag k="parking:right:orientation" v="parallel"/>
    <tag k="sidewalk" v="both"/>
    <tag k="sidewalk:both:surface" v="asphalt"/>
    <tag k="surface" v="asphalt"/>
  </way>
  <way id="1340573005" version="2" timestamp="2025-01-13T20:23:30Z" changeset="161323885" uid="16951803" user="Vas111">
    <nd ref="9875411859"/>
    <nd ref="11246113418"/>
    <nd ref="6233216333"/>
    <tag k="cycleway:both" v="no"/>
    <tag k="highway" v="primary"/>
    <tag k="lanes" v="4"/>
    <tag k="lit" v="yes"/>
    <tag k="maxspeed" v="30 mph"/>
    <tag k="maxspeed:type" v="GB:nsl_restricted"/>
    <tag k="name" v="King Street"/>
    <tag k="name:en" v="King Street"/>
    <tag k="old_ref" v="A92"/>
    <tag k="parking:both" v="lane"/>
    <tag k="parking:both:orientation" v="parallel"/>
    <tag k="parking:both:restriction:conditional" v="no_parking @ (Mo-Sa 07:30-09:30, 16:00-18:00); loading_only @ (Mo-Sa 07:00-19:00)"/>
    <tag k="psv:lanes:backward:conditional" v="designated|yes @ (Mo-Sa 07:30-09:30, 16:00-18:00)"/>
    <tag k="ref" v="A956"/>
    <tag k="sidewalk" v="both"/>
    <tag k="sidewalk:both:surface" v="paving_stones"/>
    <tag k="surface" v="asphalt"/>
    <tag k="wikidata" v="Q6412074"/>
  </way>
  <way id="1343269086" version="3" timestamp="2025-01-08T12:21:52Z" changeset="161131503" uid="4988361" user="FlawOfAverages">
    <nd ref="3676191552"/>
    <nd ref="60217784"/>
    <tag k="cycleway:left" v="no"/>
    <tag k="highway" v="tertiary"/>
    <tag k="highway_authority_ref" v="C158C"/>
    <tag k="lanes" v="2"/>
    <tag k="lit" v="yes"/>
    <tag k="maxspeed" v="20 mph"/>
    <tag k="maxspeed:type" v="GB:zone20"/>
    <tag k="name" v="School Road"/>
    <tag k="oneway" v="yes"/>
    <tag k="parking:left" v="street_side"/>
    <tag k="parking:left:orientation" v="parallel"/>
    <tag k="parking:left:restriction" v="no_parking"/>
    <tag k="parking:right" v="no"/>
    <tag k="parking:right:restriction" v="no_stopping"/>
    <tag k="sidewalk:left" v="separate"/>
    <tag k="sidewalk:left:surface" v="paving_stones"/>
    <tag k="sidewalk:right" v="no"/>
    <tag k="smoothness" v="excellent"/>
    <tag k="surface" v="asphalt"/>
  </way>
  <way id="1351005209" version="1" timestamp="2025-01-13T20:23:30Z" changeset="161323885" uid="16951803" user="Vas111">
    <nd ref="7596303126"/>
    <nd ref="1311981504"/>
    <nd ref="7593797819"/>
    <nd ref="12498976294"/>
    <tag k="cycleway:both" v="no"/>
    <tag k="highway" v="primary"/>
    <tag k="lanes" v="4"/>
    <tag k="lit" v="yes"/>
    <tag k="maxspeed" v="30 mph"/>
    <tag k="maxspeed:type" v="GB:nsl_restricted"/>
    <tag k="name" v="King Street"/>
    <tag k="name:en" v="King Street"/>
    <tag k="old_ref" v="A92"/>
    <tag k="parking:both" v="no"/>
    <tag k="parking:both:restriction" v="no_stopping"/>
    <tag k="psv:lanes:backward:conditional" v="designated|yes @ (Mo-Sa 07:30-09:30, 16:00-18:00)"/>
    <tag k="ref" v="A956"/>
    <tag k="sidewalk" v="both"/>
    <tag k="sidewalk:both:surface" v="asphalt"/>
    <tag k="smoothness" v="good"/>
    <tag k="surface" v="asphalt"/>
    <tag k="wikidata" v="Q6412074"/>
  </way>
  <way id="1351005210" version="1" timestamp="2025-01-13T20:23:30Z" changeset="161323885" uid="16951803" user="Vas111">
    <nd ref="12498976294"/>
    <nd ref="60217328"/>
    <nd ref="7593798940"/>
    <tag k="cycleway:both" v="no"/>
    <tag k="highway" v="primary"/>
    <tag k="lanes" v="4"/>
    <tag k="lit" v="yes"/>
    <tag k="maxspeed" v="30 mph"/>
    <tag k="maxspeed:type" v="GB:nsl_restricted"/>
    <tag k="name" v="King Street"/>
    <tag k="name:en" v="King Street"/>
    <tag k="old_ref" v="A92"/>
    <tag k="parking:left" v="lane"/>
    <tag k="parking:left:orientation" v="parallel"/>
    <tag k="parking:left:restriction:conditional" v="no_parking @ (Mo-Sa 07:30-09:30, 16:00-18:00); loading_only @ (Mo-Sa 07:00-19:00)"/>
    <tag k="parking:right" v="no"/>
    <tag k="parking:right:restriction" v="loading_only"/>
    <tag k="parking:right:restriction:conditional" v="no_parking @ (Mo-Sa 07:30-09:30, 16:00-18:00)"/>
    <tag k="psv:lanes:backward:conditional" v="designated|yes @ (Mo-Sa 07:30-09:30, 16:00-18:00)"/>
    <tag k="ref" v="A956"/>
    <tag k="sidewalk" v="both"/>
    <tag k="sidewalk:both:surface" v="asphalt"/>
    <tag k="smoothness" v="good"/>
    <tag k="surface" v="asphalt"/>
    <tag k="wikidata" v="Q6412074"/>
  </way>
  <way id="1351005214" version="1" timestamp="2025-01-13T20:23:30Z" changeset="161323885" uid="16951803" user="Vas111">
    <nd ref="12498976297"/>
    <nd ref="7026428972"/>
    <nd ref="3220881781"/>
    <tag k="abutters" v="mixed"/>
    <tag k="cycleway:left" v="lane"/>
    <tag k="cycleway:left:lane" v="advisory"/>
    <tag k="cycleway:right" v="share_busway"/>
    <tag k="highway" v="primary"/>
    <tag k="lanes" v="3"/>
    <tag k="lanes:backward" v="2"/>
    <tag k="lanes:forward" v="1"/>
    <tag k="lit" v="yes"/>
    <tag k="maxspeed" v="30 mph"/>
    <tag k="maxspeed:type" v="GB:nsl_restricted"/>
    <tag k="name" v="King Street"/>
    <tag k="name:en" v="King Street"/>
    <tag k="old_ref" v="A92"/>
    <tag k="parking:both" v="lane"/>
    <tag k="parking:both:orientation" v="parallel"/>
    <tag k="parking:both:restriction:conditional" v="no_parking @ (Mo-Sa 07:30-09:30, 16:00-18:00); loading_only @ (Mo-Sa 07:00-19:00)"/>
    <tag k="psv:lanes:backward:conditional" v="designated|yes @ (Mo-Sa 07:30-09:30, 16:00-18:00)"/>
    <tag k="ref" v="A956"/>
    <tag k="sidewalk" v="both"/>
    <tag k="sidewalk:both:surface" v="paving_stones"/>
    <tag k="surface" v="asphalt"/>
    <tag k="width" v="11"/>
    <tag k="wikidata" v="Q6412074"/>
  </way>
  <way id="1389010064" version="1" timestamp="2025-05-23T13:14:06Z" changeset="166656074" uid="16951803" user="Vas111">
    <nd ref="1496291532"/>
    <nd ref="11145872033"/>
    <nd ref="60217547"/>
    <nd ref="11145872034"/>
    <nd ref="1496291544"/>
    <nd ref="11145872035"/>
    <nd ref="293989466"/>
    <nd ref="11145872036"/>
    <nd ref="1426552990"/>
    <tag k="cycleway:left" v="no"/>
    <tag k="highway" v="primary"/>
    <tag k="junction" v="roundabout"/>
    <tag k="lane_markings" v="no"/>
    <tag k="lanes" v="2"/>
    <tag k="lit" v="yes"/>
    <tag k="maxspeed" v="30 mph"/>
    <tag k="maxspeed:type" v="GB:nsl_restricted"/>
    <tag k="name" v="Seaton Roundabout"/>
    <tag k="name:en" v="Seaton Roundabout"/>
    <tag k="parking:both" v="no"/>
    <tag k="parking:both:restriction" v="no_parking"/>
    <tag k="ref" v="A956"/>
    <tag k="sidewalk:left" v="separate"/>
    <tag k="sidewalk:right" v="no"/>
    <tag k="smoothness" v="excellent"/>
    <tag k="surface" v="asphalt"/>
    <tag k="width" v="12"/>
  </way>
  <way id="1389010065" version="1" timestamp="2025-05-23T13:14:06Z" changeset="166656074" uid="16951803" user="Vas111">
    <nd ref="1426552990"/>
    <nd ref="11145872039"/>
    <nd ref="60217548"/>
    <tag k="cycleway:left" v="no"/>
    <tag k="highway" v="primary"/>
    <tag k="junction" v="roundabout"/>
    <tag k="lane_markings" v="no"/>
    <tag k="lanes" v="2"/>
    <tag k="lit" v="yes"/>
    <tag k="maxspeed" v="30 mph"/>
    <tag k="maxspeed:type" v="GB:nsl_restricted"/>
    <tag k="name" v="Seaton Roundabout"/>
    <tag k="name:en" v="Seaton Roundabout"/>
    <tag k="parking:both" v="no"/>
    <tag k="parking:both:restriction" v="no_parking"/>
    <tag k="ref" v="A956"/>
    <tag k="sidewalk:left" v="separate"/>
    <tag k="sidewalk:right" v="no"/>
    <tag k="smoothness" v="excellent"/>
    <tag k="surface" v="asphalt"/>
    <tag k="width" v="12"/>
  </way>
  <way id="1389010066" version="1" timestamp="2025-05-23T13:14:06Z" changeset="166656074" uid="16951803" user="Vas111">
    <nd ref="60217548"/>
    <nd ref="60217549"/>
    <nd ref="293989513"/>
    <nd ref="11145872029"/>
    <nd ref="60217550"/>
    <nd ref="11145872028"/>
    <nd ref="293989514"/>
    <tag k="cycleway:left" v="no"/>
    <tag k="highway" v="primary"/>
    <tag k="junction" v="roundabout"/>
    <tag k="lane_markings" v="no"/>
    <tag k="lanes" v="2"/>
    <tag k="lit" v="yes"/>
    <tag k="maxspeed" v="30 mph"/>
    <tag k="maxspeed:type" v="GB:nsl_restricted"/>
    <tag k="name" v="Seaton Roundabout"/>
    <tag k="name:en" v="Seaton Roundabout"/>
    <tag k="parking:both" v="no"/>
    <tag k="parking:both:restriction" v="no_parking"/>
    <tag k="ref" v="A956"/>
    <tag k="sidewalk:left" v="separate"/>
    <tag k="sidewalk:right" v="no"/>
    <tag k="smoothness" v="excellent"/>
    <tag k="surface" v="asphalt"/>
    <tag k="width" v="12"/>
  </way>
  <way id="1389010067" version="1" timestamp="2025-05-23T13:14:06Z" changeset="166656074" uid="16951803" user="Vas111">
    <nd ref="293989514"/>
    <nd ref="11145872027"/>
    <nd ref="60217551"/>
    <tag k="cycleway:left" v="no"/>
    <tag k="highway" v="primary"/>
    <tag k="junction" v="roundabout"/>
    <tag k="lane_markings" v="no"/>
    <tag k="lanes" v="2"/>
    <tag k="lit" v="yes"/>
    <tag k="maxspeed" v="30 mph"/>
    <tag k="maxspeed:type" v="GB:nsl_restricted"/>
    <tag k="name" v="Seaton Roundabout"/>
    <tag k="name:en" v="Seaton Roundabout"/>
    <tag k="parking:both" v="no"/>
    <tag k="parking:both:restriction" v="no_parking"/>
    <tag k="ref" v="A956"/>
    <tag k="sidewalk:left" v="separate"/>
    <tag k="sidewalk:right" v="no"/>
    <tag k="smoothness" v="excellent"/>
    <tag k="surface" v="asphalt"/>
    <tag k="width" v="12"/>
  </way>
  <way id="1389010068" version="1" timestamp="2025-05-23T13:14:06Z" changeset="166656074" uid="16951803" user="Vas111">
    <nd ref="60217551"/>
    <nd ref="11145872026"/>
    <nd ref="293989515"/>
    <nd ref="11145872025"/>
    <nd ref="60217552"/>
    <nd ref="11145872024"/>
    <nd ref="11145872022"/>
    <nd ref="11145872023"/>
    <nd ref="1426552997"/>
    <tag k="cycleway:left" v="no"/>
    <tag k="highway" v="primary"/>
    <tag k="junction" v="roundabout"/>
    <tag k="lane_markings" v="no"/>
    <tag k="lanes" v="2"/>
    <tag k="lit" v="yes"/>
    <tag k="maxspeed" v="30 mph"/>
    <tag k="maxspeed:type" v="GB:nsl_restricted"/>
    <tag k="name" v="Seaton Roundabout"/>
    <tag k="name:en" v="Seaton Roundabout"/>
    <tag k="parking:both" v="no"/>
    <tag k="parking:both:restriction" v="no_parking"/>
    <tag k="ref" v="A956"/>
    <tag k="sidewalk:left" v="separate"/>
    <tag k="sidewalk:right" v="no"/>
    <tag k="smoothness" v="excellent"/>
    <tag k="surface" v="asphalt"/>
    <tag k="width" v="12"/>
  </way>
  <relation id="16412302" version="2" timestamp="2025-01-22T01:42:13Z" changeset="161620357" uid="16951803" user="Vas111">
    <member type="way" ref="245086605" role="outer"/>
    <member type="way" ref="1212634742" role="outer"/>
    <tag k="addr:city" v="Aberdeen"/>
    <tag k="addr:housenumber" v="472-480"/>
    <tag k="addr:postcode" v="AB24 3DF"/>
    <tag k="addr:street" v="King Street"/>
    <tag k="brand" v="Tesco Express"/>
    <tag k="brand:wikidata" v="Q98456772"/>
    <tag k="brand:wikipedia" v="en:Tesco"/>
    <tag k="building" v="retail"/>
    <tag k="building:levels" v="1"/>
    <tag k="check_date" v="2023-06-24"/>
    <tag k="contact:website" v="https://www.tesco.com/store-locator/aberdeen/472-king-st"/>
    <tag k="fhrs:authority" v="Aberdeen City"/>
    <tag k="fhrs:id" v="593264"/>
    <tag k="fhrs:local_authority_id" v="EHDC7537"/>
    <tag k="layer" v="1"/>
    <tag k="name" v="Tesco Express"/>
    <tag k="opening_hours" v="Mo-Su 06:00-24:00; PH off"/>
    <tag k="organic" v="yes"/>
    <tag k="roof:shape" v="flat"/>
    <tag k="shop" v="convenience"/>
    <tag k="source" v="knowledge"/>
    <tag k="source:addr" v="fhrs"/>
    <tag k="stroller" v="yes"/>
    <tag k="toilets" v="no"/>
    <tag k="type" v="multipolygon"/>
    <tag k="wheelchair" v="yes"/>
  </relation>

</osm>
