admin_level,id,name,Number of open links,Bigraph built in,Bigraph loaded in,Number of nodes,Number of edges,Number of boundaries,Number of streets,Number of buildings,Number of junctions,Added agent in,leave_building,move_across_linked_streets,enter_building starting in street,enter_building_from_street,leave_street,enter_building_from_boundary,enter_building starting in boundary,enter_street,Maximum resident set size (kbytes),Number of outer names
6,180837,Cambridgeshire,,,0.980334,210768,103274,242,16190,69754,38396,3.300398,3.332664,5.496360,1280.267060,5.111962,3.173379,4.480161,1239.277079,15.322394,1213812,225
6,180837,Cambridgeshire,,,1.271613,210768,103274,242,16190,69754,38396,3.283207,3.641199,6.614608,14.108982,4.297685,2.810405,195.412567,6.209578,4.258486,1234784,225
6,180837,Cambridgeshire,,,0.965132,210768,103274,242,16190,69754,38396,3.272517,3.389221,6.611502,4.959028,3.998794,3.295330,205.347735,8.340222,4.541924,1236768,225
6,180837,Cambridgeshire,,,0.985520,210768,103274,242,16190,69754,38396,3.323528,3.667412,6.554841,293.568657,4.535536,2.967377,226.264458,5.936624,3.836201,1214644,225
6,180837,Cambridgeshire,,,0.905296,210768,103274,242,16190,69754,38396,3.180863,3.452780,6.681293,102.803578,4.340272,3.971267,217.477214,11.199906,3.867844,1230212,225
6,180837,Cambridgeshire,,,1.172744,210768,103274,242,16190,69754,38396,4.011191,3.542066,6.778565,44.877522,4.605412,3.440904,10.071859,611.405906,3.685328,1234432,225
6,180837,Cambridgeshire,,,0.936530,210768,103274,242,16190,69754,38396,3.152752,3.546680,6.524836,10.773622,4.628274,3.229500,215.944426,6.118497,3.764008,1240500,225
6,180837,Cambridgeshire,,,0.964110,210768,103274,242,16190,69754,38396,3.070801,3.420355,6.224004,166.775237,3.923597,3.258176,259.897211,13.142204,3.318203,1216548,225
